<?xml version='1.0' encoding='UTF-8'?>
<gpx version="1.1" creator="https://www.komoot.de" xmlns="http://www.topografix.com/GPX/1/1" xmlns:xsi="http://www.w3.org/2001/XMLSchema-instance" xsi:schemaLocation="http://www.topografix.com/GPX/1/1 http://www.topografix.com/GPX/1/1/gpx.xsd">
  <metadata>
    <name>KLLKTV-Camp 2026: Prolog (Alternative)</name>
    <author>
      <link href="https://www.komoot.de">
        <text>komoot</text>
        <type>text/html</type>
      </link>
    </author>
  </metadata>
  <wpt lat="38.764055" lon="-0.062706">
    <name>Pass El Portet</name>
    <sym>Flag, Blue</sym>
  </wpt>
  <wpt lat="38.744265" lon="-0.018815">
    <name>Aussichtsreiche Strecke zwischen Xaló und Parcent</name>
    <sym>Flag, Blue</sym>
  </wpt>
  <wpt lat="38.740038" lon="-0.012499">
    <name>Velosol Cycling Café</name>
    <sym>Restaurant</sym>
  </wpt>
  <trk>
    <name>KLLKTV-Camp 2026: Prolog</name>
    <type>racebike</type>
    <trkseg>
      <trkpt lat="38.775641" lon="-0.129538">
        <ele>563.169428</ele>
        <time>2026-03-21T11:42:37.733Z</time>
      </trkpt>
      <trkpt lat="38.775641" lon="-0.129438">
        <ele>563.169428</ele>
        <time>2026-03-21T11:42:38.432Z</time>
      </trkpt>
      <trkpt lat="38.775622" lon="-0.129374">
        <ele>563.169428</ele>
        <time>2026-03-21T11:42:38.907Z</time>
      </trkpt>
      <trkpt lat="38.775581" lon="-0.129261">
        <ele>563.169428</ele>
        <time>2026-03-21T11:42:39.764Z</time>
      </trkpt>
      <trkpt lat="38.775538" lon="-0.129169">
        <ele>563.169428</ele>
        <time>2026-03-21T11:42:40.491Z</time>
      </trkpt>
      <trkpt lat="38.775293" lon="-0.129014">
        <ele>563.169428</ele>
        <time>2026-03-21T11:42:42.839Z</time>
      </trkpt>
      <trkpt lat="38.774961" lon="-0.128984">
        <ele>562.971503</ele>
        <time>2026-03-21T11:42:45.657Z</time>
      </trkpt>
      <trkpt lat="38.774588" lon="-0.128853">
        <ele>558.905631</ele>
        <time>2026-03-21T11:42:48.892Z</time>
      </trkpt>
      <trkpt lat="38.774534" lon="-0.128782">
        <ele>558.092623</ele>
        <time>2026-03-21T11:42:49.532Z</time>
      </trkpt>
      <trkpt lat="38.774527" lon="-0.128712">
        <ele>557.514168</ele>
        <time>2026-03-21T11:42:49.997Z</time>
      </trkpt>
      <trkpt lat="38.774631" lon="-0.128483">
        <ele>555.341926</ele>
        <time>2026-03-21T11:42:51.733Z</time>
      </trkpt>
      <trkpt lat="38.774627" lon="-0.128419">
        <ele>554.815668</ele>
        <time>2026-03-21T11:42:52.157Z</time>
      </trkpt>
      <trkpt lat="38.774599" lon="-0.128378">
        <ele>554.368912</ele>
        <time>2026-03-21T11:42:52.515Z</time>
      </trkpt>
      <trkpt lat="38.774528" lon="-0.128360">
        <ele>553.608013</ele>
        <time>2026-03-21T11:42:53.132Z</time>
      </trkpt>
      <trkpt lat="38.774273" lon="-0.128385">
        <ele>550.919254</ele>
        <time>2026-03-21T11:42:55.310Z</time>
      </trkpt>
      <trkpt lat="38.773986" lon="-0.128188">
        <ele>547.496998</ele>
        <time>2026-03-21T11:42:58.132Z</time>
      </trkpt>
      <trkpt lat="38.773469" lon="-0.127884">
        <ele>542.651275</ele>
        <time>2026-03-21T11:43:03.193Z</time>
      </trkpt>
      <trkpt lat="38.773497" lon="-0.127459">
        <ele>540.600806</ele>
        <time>2026-03-21T11:43:06.236Z</time>
      </trkpt>
      <trkpt lat="38.773333" lon="-0.127457">
        <ele>539.589470</ele>
        <time>2026-03-21T11:43:07.757Z</time>
      </trkpt>
      <trkpt lat="38.773358" lon="-0.126686">
        <ele>535.879677</ele>
        <time>2026-03-21T11:43:13.333Z</time>
      </trkpt>
      <trkpt lat="38.773300" lon="-0.126693">
        <ele>535.520446</ele>
        <time>2026-03-21T11:43:14.122Z</time>
      </trkpt>
      <trkpt lat="38.773044" lon="-0.126573">
        <ele>533.839734</ele>
        <time>2026-03-21T11:43:17.685Z</time>
      </trkpt>
      <trkpt lat="38.773065" lon="-0.126454">
        <ele>533.253166</ele>
        <time>2026-03-21T11:43:18.940Z</time>
      </trkpt>
      <trkpt lat="38.773076" lon="-0.126365">
        <ele>532.953705</ele>
        <time>2026-03-21T11:43:19.588Z</time>
      </trkpt>
      <trkpt lat="38.772966" lon="-0.126323">
        <ele>532.517757</ele>
        <time>2026-03-21T11:43:20.650Z</time>
      </trkpt>
      <trkpt lat="38.772968" lon="-0.126298">
        <ele>532.443334</ele>
        <time>2026-03-21T11:43:20.828Z</time>
      </trkpt>
      <trkpt lat="38.772835" lon="-0.126203">
        <ele>531.865089</ele>
        <time>2026-03-21T11:43:22.242Z</time>
      </trkpt>
      <trkpt lat="38.772677" lon="-0.126131">
        <ele>531.228185</ele>
        <time>2026-03-21T11:43:23.859Z</time>
      </trkpt>
      <trkpt lat="38.772661" lon="-0.125946">
        <ele>530.676965</ele>
        <time>2026-03-21T11:43:25.292Z</time>
      </trkpt>
      <trkpt lat="38.772651" lon="-0.125869">
        <ele>530.445795</ele>
        <time>2026-03-21T11:43:25.925Z</time>
      </trkpt>
      <trkpt lat="38.772625" lon="-0.125663">
        <ele>529.827804</ele>
        <time>2026-03-21T11:43:27.576Z</time>
      </trkpt>
      <trkpt lat="38.772492" lon="-0.125554">
        <ele>529.228292</ele>
        <time>2026-03-21T11:43:29.233Z</time>
      </trkpt>
      <trkpt lat="38.772274" lon="-0.125237">
        <ele>527.976506</ele>
        <time>2026-03-21T11:43:32.795Z</time>
      </trkpt>
      <trkpt lat="38.772044" lon="-0.124770">
        <ele>526.340690</ele>
        <time>2026-03-21T11:43:37.246Z</time>
      </trkpt>
      <trkpt lat="38.771889" lon="-0.124373">
        <ele>524.795850</ele>
        <time>2026-03-21T11:43:40.624Z</time>
      </trkpt>
      <trkpt lat="38.771797" lon="-0.124012">
        <ele>523.473716</ele>
        <time>2026-03-21T11:43:43.471Z</time>
      </trkpt>
      <trkpt lat="38.771629" lon="-0.123076">
        <ele>520.130112</ele>
        <time>2026-03-21T11:43:50.506Z</time>
      </trkpt>
      <trkpt lat="38.771433" lon="-0.122471">
        <ele>517.958404</ele>
        <time>2026-03-21T11:43:55.318Z</time>
      </trkpt>
      <trkpt lat="38.771365" lon="-0.122381">
        <ele>517.626449</ele>
        <time>2026-03-21T11:43:56.249Z</time>
      </trkpt>
      <trkpt lat="38.771286" lon="-0.122334">
        <ele>517.330597</ele>
        <time>2026-03-21T11:43:57.093Z</time>
      </trkpt>
      <trkpt lat="38.770801" lon="-0.122240">
        <ele>515.664210</ele>
        <time>2026-03-21T11:44:01.902Z</time>
      </trkpt>
      <trkpt lat="38.770715" lon="-0.122178">
        <ele>515.329054</ele>
        <time>2026-03-21T11:44:02.907Z</time>
      </trkpt>
      <trkpt lat="38.770655" lon="-0.122063">
        <ele>514.962540</ele>
        <time>2026-03-21T11:44:04.025Z</time>
      </trkpt>
      <trkpt lat="38.770648" lon="-0.121981">
        <ele>514.744047</ele>
        <time>2026-03-21T11:44:04.690Z</time>
      </trkpt>
      <trkpt lat="38.770678" lon="-0.121879">
        <ele>514.455293</ele>
        <time>2026-03-21T11:44:05.588Z</time>
      </trkpt>
      <trkpt lat="38.771087" lon="-0.121141">
        <ele>511.991959</ele>
        <time>2026-03-21T11:44:13.277Z</time>
      </trkpt>
      <trkpt lat="38.771167" lon="-0.120932">
        <ele>511.083821</ele>
        <time>2026-03-21T11:44:15.195Z</time>
      </trkpt>
      <trkpt lat="38.771191" lon="-0.120783">
        <ele>510.490383</ele>
        <time>2026-03-21T11:44:16.400Z</time>
      </trkpt>
      <trkpt lat="38.771177" lon="-0.120691">
        <ele>510.124772</ele>
        <time>2026-03-21T11:44:17.111Z</time>
      </trkpt>
      <trkpt lat="38.771131" lon="-0.120597">
        <ele>509.691892</ele>
        <time>2026-03-21T11:44:17.943Z</time>
      </trkpt>
      <trkpt lat="38.770793" lon="-0.120186">
        <ele>507.361837</ele>
        <time>2026-03-21T11:44:22.305Z</time>
      </trkpt>
      <trkpt lat="38.770711" lon="-0.120041">
        <ele>506.663158</ele>
        <time>2026-03-21T11:44:23.591Z</time>
      </trkpt>
      <trkpt lat="38.770664" lon="-0.119804">
        <ele>505.709313</ele>
        <time>2026-03-21T11:44:25.323Z</time>
      </trkpt>
      <trkpt lat="38.770666" lon="-0.119695">
        <ele>505.284045</ele>
        <time>2026-03-21T11:44:26.096Z</time>
      </trkpt>
      <trkpt lat="38.770697" lon="-0.119596">
        <ele>504.867920</ele>
        <time>2026-03-21T11:44:26.846Z</time>
      </trkpt>
      <trkpt lat="38.770799" lon="-0.119494">
        <ele>504.220871</ele>
        <time>2026-03-21T11:44:28.019Z</time>
      </trkpt>
      <trkpt lat="38.771490" lon="-0.119174">
        <ele>501.000271</ele>
        <time>2026-03-21T11:44:34.716Z</time>
      </trkpt>
      <trkpt lat="38.771593" lon="-0.119071">
        <ele>500.458965</ele>
        <time>2026-03-21T11:44:35.923Z</time>
      </trkpt>
      <trkpt lat="38.771631" lon="-0.118981">
        <ele>500.128238</ele>
        <time>2026-03-21T11:44:36.660Z</time>
      </trkpt>
      <trkpt lat="38.771622" lon="-0.118902">
        <ele>499.870252</ele>
        <time>2026-03-21T11:44:37.242Z</time>
      </trkpt>
      <trkpt lat="38.771569" lon="-0.118818">
        <ele>499.521071</ele>
        <time>2026-03-21T11:44:38.037Z</time>
      </trkpt>
      <trkpt lat="38.771406" lon="-0.118663">
        <ele>498.680088</ele>
        <time>2026-03-21T11:44:40.027Z</time>
      </trkpt>
      <trkpt lat="38.771384" lon="-0.118515">
        <ele>498.193236</ele>
        <time>2026-03-21T11:44:41.292Z</time>
      </trkpt>
      <trkpt lat="38.771438" lon="-0.118398">
        <ele>497.753890</ele>
        <time>2026-03-21T11:44:42.547Z</time>
      </trkpt>
      <trkpt lat="38.771660" lon="-0.118144">
        <ele>496.520914</ele>
        <time>2026-03-21T11:44:46.091Z</time>
      </trkpt>
      <trkpt lat="38.771769" lon="-0.117971">
        <ele>495.802172</ele>
        <time>2026-03-21T11:44:48.274Z</time>
      </trkpt>
      <trkpt lat="38.771837" lon="-0.117813">
        <ele>494.891665</ele>
        <time>2026-03-21T11:44:49.899Z</time>
      </trkpt>
      <trkpt lat="38.771862" lon="-0.117682">
        <ele>494.183007</ele>
        <time>2026-03-21T11:44:51.007Z</time>
      </trkpt>
      <trkpt lat="38.771789" lon="-0.117228">
        <ele>491.747268</ele>
        <time>2026-03-21T11:44:54.581Z</time>
      </trkpt>
      <trkpt lat="38.771802" lon="-0.117079">
        <ele>490.959463</ele>
        <time>2026-03-21T11:44:55.665Z</time>
      </trkpt>
      <trkpt lat="38.771845" lon="-0.116968">
        <ele>490.308185</ele>
        <time>2026-03-21T11:44:56.540Z</time>
      </trkpt>
      <trkpt lat="38.772061" lon="-0.116672">
        <ele>488.177873</ele>
        <time>2026-03-21T11:44:59.331Z</time>
      </trkpt>
      <trkpt lat="38.772153" lon="-0.116430">
        <ele>486.763178</ele>
        <time>2026-03-21T11:45:01.167Z</time>
      </trkpt>
      <trkpt lat="38.772205" lon="-0.116356">
        <ele>486.239719</ele>
        <time>2026-03-21T11:45:01.843Z</time>
      </trkpt>
      <trkpt lat="38.772391" lon="-0.116191">
        <ele>484.715556</ele>
        <time>2026-03-21T11:45:03.788Z</time>
      </trkpt>
      <trkpt lat="38.772545" lon="-0.116094">
        <ele>483.536235</ele>
        <time>2026-03-21T11:45:05.241Z</time>
      </trkpt>
      <trkpt lat="38.772699" lon="-0.116027">
        <ele>482.022676</ele>
        <time>2026-03-21T11:45:06.626Z</time>
      </trkpt>
      <trkpt lat="38.773285" lon="-0.115883">
        <ele>476.469313</ele>
        <time>2026-03-21T11:45:11.700Z</time>
      </trkpt>
      <trkpt lat="38.773986" lon="-0.115715">
        <ele>469.831874</ele>
        <time>2026-03-21T11:45:17.910Z</time>
      </trkpt>
      <trkpt lat="38.774121" lon="-0.115660">
        <ele>468.513509</ele>
        <time>2026-03-21T11:45:19.168Z</time>
      </trkpt>
      <trkpt lat="38.774550" lon="-0.115395">
        <ele>465.358084</ele>
        <time>2026-03-21T11:45:23.459Z</time>
      </trkpt>
      <trkpt lat="38.774787" lon="-0.115175">
        <ele>463.877639</ele>
        <time>2026-03-21T11:45:26.139Z</time>
      </trkpt>
      <trkpt lat="38.775099" lon="-0.114736">
        <ele>461.534049</ele>
        <time>2026-03-21T11:45:30.532Z</time>
      </trkpt>
      <trkpt lat="38.775771" lon="-0.114252">
        <ele>457.680473</ele>
        <time>2026-03-21T11:45:38.063Z</time>
      </trkpt>
      <trkpt lat="38.775929" lon="-0.114059">
        <ele>456.935197</ele>
        <time>2026-03-21T11:45:40.193Z</time>
      </trkpt>
      <trkpt lat="38.776155" lon="-0.113716">
        <ele>455.739256</ele>
        <time>2026-03-21T11:45:43.983Z</time>
      </trkpt>
      <trkpt lat="38.776330" lon="-0.113350">
        <ele>454.595889</ele>
        <time>2026-03-21T11:45:48.228Z</time>
      </trkpt>
      <trkpt lat="38.776357" lon="-0.113283">
        <ele>454.395041</ele>
        <time>2026-03-21T11:45:48.858Z</time>
      </trkpt>
      <trkpt lat="38.776437" lon="-0.113081">
        <ele>453.791686</ele>
        <time>2026-03-21T11:45:50.688Z</time>
      </trkpt>
      <trkpt lat="38.776588" lon="-0.112842">
        <ele>452.972469</ele>
        <time>2026-03-21T11:45:52.986Z</time>
      </trkpt>
      <trkpt lat="38.776728" lon="-0.112512">
        <ele>451.971993</ele>
        <time>2026-03-21T11:45:55.688Z</time>
      </trkpt>
      <trkpt lat="38.776833" lon="-0.112343">
        <ele>451.313396</ele>
        <time>2026-03-21T11:45:57.221Z</time>
      </trkpt>
      <trkpt lat="38.777253" lon="-0.111913">
        <ele>448.832847</ele>
        <time>2026-03-21T11:46:02.374Z</time>
      </trkpt>
      <trkpt lat="38.777360" lon="-0.111858">
        <ele>448.300751</ele>
        <time>2026-03-21T11:46:03.545Z</time>
      </trkpt>
      <trkpt lat="38.777808" lon="-0.111631">
        <ele>446.077279</ele>
        <time>2026-03-21T11:46:08.048Z</time>
      </trkpt>
      <trkpt lat="38.777873" lon="-0.111574">
        <ele>445.713825</ele>
        <time>2026-03-21T11:46:08.760Z</time>
      </trkpt>
      <trkpt lat="38.777975" lon="-0.111410">
        <ele>444.958856</ele>
        <time>2026-03-21T11:46:10.257Z</time>
      </trkpt>
      <trkpt lat="38.778074" lon="-0.111185">
        <ele>444.029119</ele>
        <time>2026-03-21T11:46:12.216Z</time>
      </trkpt>
      <trkpt lat="38.778176" lon="-0.110579">
        <ele>441.514379</ele>
        <time>2026-03-21T11:46:17.369Z</time>
      </trkpt>
      <trkpt lat="38.778308" lon="-0.110142">
        <ele>439.515582</ele>
        <time>2026-03-21T11:46:21.058Z</time>
      </trkpt>
      <trkpt lat="38.778322" lon="-0.110050">
        <ele>439.115801</ele>
        <time>2026-03-21T11:46:21.759Z</time>
      </trkpt>
      <trkpt lat="38.778318" lon="-0.110008">
        <ele>438.935342</ele>
        <time>2026-03-21T11:46:22.063Z</time>
      </trkpt>
      <trkpt lat="38.778273" lon="-0.109877">
        <ele>438.324798</ele>
        <time>2026-03-21T11:46:23.098Z</time>
      </trkpt>
      <trkpt lat="38.778164" lon="-0.109730">
        <ele>437.459544</ele>
        <time>2026-03-21T11:46:24.533Z</time>
      </trkpt>
      <trkpt lat="38.778108" lon="-0.109582">
        <ele>436.757909</ele>
        <time>2026-03-21T11:46:25.688Z</time>
      </trkpt>
      <trkpt lat="38.778108" lon="-0.109449">
        <ele>436.190670</ele>
        <time>2026-03-21T11:46:26.627Z</time>
      </trkpt>
      <trkpt lat="38.778305" lon="-0.108905">
        <ele>433.632431</ele>
        <time>2026-03-21T11:46:30.813Z</time>
      </trkpt>
      <trkpt lat="38.778380" lon="-0.108781">
        <ele>432.763608</ele>
        <time>2026-03-21T11:46:31.904Z</time>
      </trkpt>
      <trkpt lat="38.778490" lon="-0.108670">
        <ele>431.708282</ele>
        <time>2026-03-21T11:46:33.144Z</time>
      </trkpt>
      <trkpt lat="38.778703" lon="-0.108589">
        <ele>430.033091</ele>
        <time>2026-03-21T11:46:35.081Z</time>
      </trkpt>
      <trkpt lat="38.778772" lon="-0.108568">
        <ele>429.498362</ele>
        <time>2026-03-21T11:46:35.701Z</time>
      </trkpt>
      <trkpt lat="38.779706" lon="-0.108190">
        <ele>422.113456</ele>
        <time>2026-03-21T11:46:44.371Z</time>
      </trkpt>
      <trkpt lat="38.779882" lon="-0.108078">
        <ele>420.632024</ele>
        <time>2026-03-21T11:46:46.135Z</time>
      </trkpt>
      <trkpt lat="38.779990" lon="-0.107898">
        <ele>419.500228</ele>
        <time>2026-03-21T11:46:47.736Z</time>
      </trkpt>
      <trkpt lat="38.780223" lon="-0.107261">
        <ele>416.697100</ele>
        <time>2026-03-21T11:46:52.772Z</time>
      </trkpt>
      <trkpt lat="38.780337" lon="-0.107020">
        <ele>415.574085</ele>
        <time>2026-03-21T11:46:54.841Z</time>
      </trkpt>
      <trkpt lat="38.780605" lon="-0.106680">
        <ele>413.647867</ele>
        <time>2026-03-21T11:46:58.461Z</time>
      </trkpt>
      <trkpt lat="38.781325" lon="-0.106090">
        <ele>409.166894</ele>
        <time>2026-03-21T11:47:06.892Z</time>
      </trkpt>
      <trkpt lat="38.781524" lon="-0.105955">
        <ele>407.925613</ele>
        <time>2026-03-21T11:47:09.001Z</time>
      </trkpt>
      <trkpt lat="38.782039" lon="-0.105719">
        <ele>404.910142</ele>
        <time>2026-03-21T11:47:14.073Z</time>
      </trkpt>
      <trkpt lat="38.782247" lon="-0.105719">
        <ele>403.763225</ele>
        <time>2026-03-21T11:47:16.043Z</time>
      </trkpt>
      <trkpt lat="38.782515" lon="-0.105807">
        <ele>402.237824</ele>
        <time>2026-03-21T11:47:18.642Z</time>
      </trkpt>
      <trkpt lat="38.782705" lon="-0.105774">
        <ele>401.180601</ele>
        <time>2026-03-21T11:47:20.397Z</time>
      </trkpt>
      <trkpt lat="38.782839" lon="-0.105667">
        <ele>399.846932</ele>
        <time>2026-03-21T11:47:21.805Z</time>
      </trkpt>
      <trkpt lat="38.782940" lon="-0.105523">
        <ele>398.255250</ele>
        <time>2026-03-21T11:47:23.134Z</time>
      </trkpt>
      <trkpt lat="38.782984" lon="-0.105375">
        <ele>396.953716</ele>
        <time>2026-03-21T11:47:24.206Z</time>
      </trkpt>
      <trkpt lat="38.782983" lon="-0.105236">
        <ele>395.811526</ele>
        <time>2026-03-21T11:47:25.142Z</time>
      </trkpt>
      <trkpt lat="38.782873" lon="-0.104702">
        <ele>391.273114</ele>
        <time>2026-03-21T11:47:28.831Z</time>
      </trkpt>
      <trkpt lat="38.782822" lon="-0.104348">
        <ele>388.315086</ele>
        <time>2026-03-21T11:47:31.226Z</time>
      </trkpt>
      <trkpt lat="38.782742" lon="-0.103797">
        <ele>383.709731</ele>
        <time>2026-03-21T11:47:34.908Z</time>
      </trkpt>
      <trkpt lat="38.782635" lon="-0.103566">
        <ele>381.572552</ele>
        <time>2026-03-21T11:47:36.655Z</time>
      </trkpt>
      <trkpt lat="38.782487" lon="-0.103513">
        <ele>380.273335</ele>
        <time>2026-03-21T11:47:37.938Z</time>
      </trkpt>
      <trkpt lat="38.781955" lon="-0.103550">
        <ele>375.768551</ele>
        <time>2026-03-21T11:47:42.400Z</time>
      </trkpt>
      <trkpt lat="38.781399" lon="-0.103759">
        <ele>370.869772</ele>
        <time>2026-03-21T11:47:47.565Z</time>
      </trkpt>
      <trkpt lat="38.780967" lon="-0.104007">
        <ele>366.868036</ele>
        <time>2026-03-21T11:47:52.178Z</time>
      </trkpt>
      <trkpt lat="38.780788" lon="-0.104159">
        <ele>366.217671</ele>
        <time>2026-03-21T11:47:54.565Z</time>
      </trkpt>
      <trkpt lat="38.780544" lon="-0.104372">
        <ele>365.540558</ele>
        <time>2026-03-21T11:47:58.035Z</time>
      </trkpt>
      <trkpt lat="38.779596" lon="-0.105043">
        <ele>363.056517</ele>
        <time>2026-03-21T11:48:11.124Z</time>
      </trkpt>
      <trkpt lat="38.779493" lon="-0.105043">
        <ele>362.820212</ele>
        <time>2026-03-21T11:48:12.137Z</time>
      </trkpt>
      <trkpt lat="38.779403" lon="-0.104966">
        <ele>362.572020</ele>
        <time>2026-03-21T11:48:13.201Z</time>
      </trkpt>
      <trkpt lat="38.779348" lon="-0.104880">
        <ele>362.187601</ele>
        <time>2026-03-21T11:48:14.053Z</time>
      </trkpt>
      <trkpt lat="38.779162" lon="-0.104342">
        <ele>359.848995</ele>
        <time>2026-03-21T11:48:18.369Z</time>
      </trkpt>
      <trkpt lat="38.779150" lon="-0.104215">
        <ele>359.340651</ele>
        <time>2026-03-21T11:48:19.283Z</time>
      </trkpt>
      <trkpt lat="38.779316" lon="-0.103907">
        <ele>357.852760</ele>
        <time>2026-03-21T11:48:21.966Z</time>
      </trkpt>
      <trkpt lat="38.779598" lon="-0.103384">
        <ele>355.325891</ele>
        <time>2026-03-21T11:48:26.453Z</time>
      </trkpt>
      <trkpt lat="38.779648" lon="-0.103338">
        <ele>355.012259</ele>
        <time>2026-03-21T11:48:27.027Z</time>
      </trkpt>
      <trkpt lat="38.780046" lon="-0.102589">
        <ele>351.791293</ele>
        <time>2026-03-21T11:48:33.795Z</time>
      </trkpt>
      <trkpt lat="38.780070" lon="-0.102477">
        <ele>351.420069</ele>
        <time>2026-03-21T11:48:34.690Z</time>
      </trkpt>
      <trkpt lat="38.780215" lon="-0.102450">
        <ele>350.819379</ele>
        <time>2026-03-21T11:48:36.155Z</time>
      </trkpt>
      <trkpt lat="38.780814" lon="-0.101738">
        <ele>347.471461</ele>
        <time>2026-03-21T11:48:44.323Z</time>
      </trkpt>
      <trkpt lat="38.781113" lon="-0.101376">
        <ele>345.591843</ele>
        <time>2026-03-21T11:48:48.349Z</time>
      </trkpt>
      <trkpt lat="38.781163" lon="-0.101313">
        <ele>345.021403</ele>
        <time>2026-03-21T11:48:49.019Z</time>
      </trkpt>
      <trkpt lat="38.781352" lon="-0.101021">
        <ele>342.613301</ele>
        <time>2026-03-21T11:48:51.838Z</time>
      </trkpt>
      <trkpt lat="38.781389" lon="-0.100812">
        <ele>341.253454</ele>
        <time>2026-03-21T11:48:53.379Z</time>
      </trkpt>
      <trkpt lat="38.781327" lon="-0.100438">
        <ele>338.827403</ele>
        <time>2026-03-21T11:48:56.045Z</time>
      </trkpt>
      <trkpt lat="38.781156" lon="-0.099806">
        <ele>334.582755</ele>
        <time>2026-03-21T11:49:00.560Z</time>
      </trkpt>
      <trkpt lat="38.781158" lon="-0.099656">
        <ele>333.630880</ele>
        <time>2026-03-21T11:49:01.560Z</time>
      </trkpt>
      <trkpt lat="38.781188" lon="-0.099413">
        <ele>332.069853</ele>
        <time>2026-03-21T11:49:03.185Z</time>
      </trkpt>
      <trkpt lat="38.781177" lon="-0.098788">
        <ele>326.926513</ele>
        <time>2026-03-21T11:49:07.282Z</time>
      </trkpt>
      <trkpt lat="38.781227" lon="-0.098556">
        <ele>324.844580</ele>
        <time>2026-03-21T11:49:08.859Z</time>
      </trkpt>
      <trkpt lat="38.781379" lon="-0.098310">
        <ele>322.129509</ele>
        <time>2026-03-21T11:49:10.912Z</time>
      </trkpt>
      <trkpt lat="38.781400" lon="-0.098224">
        <ele>321.350024</ele>
        <time>2026-03-21T11:49:11.499Z</time>
      </trkpt>
      <trkpt lat="38.781397" lon="-0.098039">
        <ele>319.749547</ele>
        <time>2026-03-21T11:49:12.718Z</time>
      </trkpt>
      <trkpt lat="38.781320" lon="-0.097880">
        <ele>318.130528</ele>
        <time>2026-03-21T11:49:13.948Z</time>
      </trkpt>
      <trkpt lat="38.781251" lon="-0.097854">
        <ele>317.332596</ele>
        <time>2026-03-21T11:49:14.558Z</time>
      </trkpt>
      <trkpt lat="38.781120" lon="-0.097868">
        <ele>315.874057</ele>
        <time>2026-03-21T11:49:15.690Z</time>
      </trkpt>
      <trkpt lat="38.780316" lon="-0.098093">
        <ele>309.165757</ele>
        <time>2026-03-21T11:49:22.892Z</time>
      </trkpt>
      <trkpt lat="38.780102" lon="-0.098288">
        <ele>307.772706</ele>
        <time>2026-03-21T11:49:25.372Z</time>
      </trkpt>
      <trkpt lat="38.779713" lon="-0.098743">
        <ele>304.978949</ele>
        <time>2026-03-21T11:49:30.578Z</time>
      </trkpt>
      <trkpt lat="38.779601" lon="-0.098821">
        <ele>304.302623</ele>
        <time>2026-03-21T11:49:31.864Z</time>
      </trkpt>
      <trkpt lat="38.779522" lon="-0.098824">
        <ele>303.883190</ele>
        <time>2026-03-21T11:49:32.654Z</time>
      </trkpt>
      <trkpt lat="38.779447" lon="-0.098771">
        <ele>303.428769</ele>
        <time>2026-03-21T11:49:33.507Z</time>
      </trkpt>
      <trkpt lat="38.779362" lon="-0.098606">
        <ele>302.610566</ele>
        <time>2026-03-21T11:49:35.037Z</time>
      </trkpt>
      <trkpt lat="38.779333" lon="-0.098255">
        <ele>300.948195</ele>
        <time>2026-03-21T11:49:37.747Z</time>
      </trkpt>
      <trkpt lat="38.779358" lon="-0.097991">
        <ele>299.526106</ele>
        <time>2026-03-21T11:49:39.739Z</time>
      </trkpt>
      <trkpt lat="38.779388" lon="-0.097868">
        <ele>298.836937</ele>
        <time>2026-03-21T11:49:40.708Z</time>
      </trkpt>
      <trkpt lat="38.779465" lon="-0.097711">
        <ele>297.845070</ele>
        <time>2026-03-21T11:49:42.091Z</time>
      </trkpt>
      <trkpt lat="38.779831" lon="-0.097234">
        <ele>294.266107</ele>
        <time>2026-03-21T11:49:46.826Z</time>
      </trkpt>
      <trkpt lat="38.779945" lon="-0.097044">
        <ele>292.984022</ele>
        <time>2026-03-21T11:49:48.453Z</time>
      </trkpt>
      <trkpt lat="38.780024" lon="-0.096744">
        <ele>291.290765</ele>
        <time>2026-03-21T11:49:50.596Z</time>
      </trkpt>
      <trkpt lat="38.780069" lon="-0.096267">
        <ele>288.684705</ele>
        <time>2026-03-21T11:49:53.833Z</time>
      </trkpt>
      <trkpt lat="38.780094" lon="-0.096177">
        <ele>288.149781</ele>
        <time>2026-03-21T11:49:54.476Z</time>
      </trkpt>
      <trkpt lat="38.780160" lon="-0.096074">
        <ele>287.403296</ele>
        <time>2026-03-21T11:49:55.367Z</time>
      </trkpt>
      <trkpt lat="38.780511" lon="-0.095823">
        <ele>284.517175</ele>
        <time>2026-03-21T11:49:58.821Z</time>
      </trkpt>
      <trkpt lat="38.780706" lon="-0.095637">
        <ele>282.771948</ele>
        <time>2026-03-21T11:50:00.930Z</time>
      </trkpt>
      <trkpt lat="38.781283" lon="-0.094685">
        <ele>276.455526</ele>
        <time>2026-03-21T11:50:09.721Z</time>
      </trkpt>
      <trkpt lat="38.781391" lon="-0.094509">
        <ele>276.166870</ele>
        <time>2026-03-21T11:50:11.627Z</time>
      </trkpt>
      <trkpt lat="38.781558" lon="-0.094152">
        <ele>275.630321</ele>
        <time>2026-03-21T11:50:15.283Z</time>
      </trkpt>
      <trkpt lat="38.781914" lon="-0.093474">
        <ele>274.576852</ele>
        <time>2026-03-21T11:50:24.405Z</time>
      </trkpt>
      <trkpt lat="38.782196" lon="-0.092850">
        <ele>273.647338</ele>
        <time>2026-03-21T11:50:31.767Z</time>
      </trkpt>
      <trkpt lat="38.782474" lon="-0.091408">
        <ele>270.055571</ele>
        <time>2026-03-21T11:50:43.688Z</time>
      </trkpt>
      <trkpt lat="38.782611" lon="-0.090902">
        <ele>268.749046</ele>
        <time>2026-03-21T11:50:47.917Z</time>
      </trkpt>
      <trkpt lat="38.782629" lon="-0.090712">
        <ele>268.282202</ele>
        <time>2026-03-21T11:50:49.394Z</time>
      </trkpt>
      <trkpt lat="38.782597" lon="-0.090414">
        <ele>266.973464</ele>
        <time>2026-03-21T11:50:51.634Z</time>
      </trkpt>
      <trkpt lat="38.782654" lon="-0.090155">
        <ele>265.450769</ele>
        <time>2026-03-21T11:50:53.581Z</time>
      </trkpt>
      <trkpt lat="38.782796" lon="-0.089913">
        <ele>263.736986</ele>
        <time>2026-03-21T11:50:55.721Z</time>
      </trkpt>
      <trkpt lat="38.783054" lon="-0.089601">
        <ele>261.163486</ele>
        <time>2026-03-21T11:50:58.892Z</time>
      </trkpt>
      <trkpt lat="38.783513" lon="-0.088645">
        <ele>254.785922</ele>
        <time>2026-03-21T11:51:06.525Z</time>
      </trkpt>
      <trkpt lat="38.783562" lon="-0.088492">
        <ele>253.653045</ele>
        <time>2026-03-21T11:51:07.642Z</time>
      </trkpt>
      <trkpt lat="38.783608" lon="-0.088145">
        <ele>251.242349</ele>
        <time>2026-03-21T11:51:10.030Z</time>
      </trkpt>
      <trkpt lat="38.784103" lon="-0.086825">
        <ele>241.210088</ele>
        <time>2026-03-21T11:51:20.045Z</time>
      </trkpt>
      <trkpt lat="38.784603" lon="-0.086161">
        <ele>233.890019</ele>
        <time>2026-03-21T11:51:26.315Z</time>
      </trkpt>
      <trkpt lat="38.784764" lon="-0.085846">
        <ele>230.703434</ele>
        <time>2026-03-21T11:51:28.815Z</time>
      </trkpt>
      <trkpt lat="38.784827" lon="-0.085791">
        <ele>229.876410</ele>
        <time>2026-03-21T11:51:29.463Z</time>
      </trkpt>
      <trkpt lat="38.784883" lon="-0.085804">
        <ele>229.258787</ele>
        <time>2026-03-21T11:51:29.940Z</time>
      </trkpt>
      <trkpt lat="38.784926" lon="-0.085704">
        <ele>228.292634</ele>
        <time>2026-03-21T11:51:30.698Z</time>
      </trkpt>
      <trkpt lat="38.785311" lon="-0.085221">
        <ele>222.448496</ele>
        <time>2026-03-21T11:51:35.249Z</time>
      </trkpt>
      <trkpt lat="38.785404" lon="-0.085069">
        <ele>220.813821</ele>
        <time>2026-03-21T11:51:36.535Z</time>
      </trkpt>
      <trkpt lat="38.785533" lon="-0.084764">
        <ele>218.279785</ele>
        <time>2026-03-21T11:51:38.825Z</time>
      </trkpt>
      <trkpt lat="38.785597" lon="-0.084448">
        <ele>216.159637</ele>
        <time>2026-03-21T11:51:40.971Z</time>
      </trkpt>
      <trkpt lat="38.785613" lon="-0.084242">
        <ele>214.815307</ele>
        <time>2026-03-21T11:51:42.349Z</time>
      </trkpt>
      <trkpt lat="38.785629" lon="-0.083914">
        <ele>212.681202</ele>
        <time>2026-03-21T11:51:44.571Z</time>
      </trkpt>
      <trkpt lat="38.785615" lon="-0.083634">
        <ele>210.859225</ele>
        <time>2026-03-21T11:51:46.507Z</time>
      </trkpt>
      <trkpt lat="38.785492" lon="-0.083138">
        <ele>207.479276</ele>
        <time>2026-03-21T11:51:50.183Z</time>
      </trkpt>
      <trkpt lat="38.785328" lon="-0.082751">
        <ele>204.619689</ele>
        <time>2026-03-21T11:51:53.402Z</time>
      </trkpt>
      <trkpt lat="38.785238" lon="-0.082593">
        <ele>203.678816</ele>
        <time>2026-03-21T11:51:54.859Z</time>
      </trkpt>
      <trkpt lat="38.784979" lon="-0.082211">
        <ele>201.244615</ele>
        <time>2026-03-21T11:51:58.683Z</time>
      </trkpt>
      <trkpt lat="38.784764" lon="-0.082017">
        <ele>199.623310</ele>
        <time>2026-03-21T11:52:01.229Z</time>
      </trkpt>
      <trkpt lat="38.784503" lon="-0.081504">
        <ele>196.677925</ele>
        <time>2026-03-21T11:52:05.576Z</time>
      </trkpt>
      <trkpt lat="38.784110" lon="-0.081104">
        <ele>193.583627</ele>
        <time>2026-03-21T11:52:10.012Z</time>
      </trkpt>
      <trkpt lat="38.783984" lon="-0.080944">
        <ele>192.234256</ele>
        <time>2026-03-21T11:52:11.561Z</time>
      </trkpt>
      <trkpt lat="38.783811" lon="-0.080583">
        <ele>189.694560</ele>
        <time>2026-03-21T11:52:14.453Z</time>
      </trkpt>
      <trkpt lat="38.783705" lon="-0.080446">
        <ele>188.537699</ele>
        <time>2026-03-21T11:52:15.765Z</time>
      </trkpt>
      <trkpt lat="38.783108" lon="-0.080014">
        <ele>183.267875</ele>
        <time>2026-03-21T11:52:21.790Z</time>
      </trkpt>
      <trkpt lat="38.782947" lon="-0.079975">
        <ele>182.008171</ele>
        <time>2026-03-21T11:52:23.272Z</time>
      </trkpt>
      <trkpt lat="38.782647" lon="-0.080020">
        <ele>179.689480</ele>
        <time>2026-03-21T11:52:26.032Z</time>
      </trkpt>
      <trkpt lat="38.782370" lon="-0.079941">
        <ele>178.080245</ele>
        <time>2026-03-21T11:52:28.647Z</time>
      </trkpt>
      <trkpt lat="38.782196" lon="-0.079837">
        <ele>176.991630</ele>
        <time>2026-03-21T11:52:30.412Z</time>
      </trkpt>
      <trkpt lat="38.781822" lon="-0.079538">
        <ele>174.492485</ele>
        <time>2026-03-21T11:52:34.446Z</time>
      </trkpt>
      <trkpt lat="38.781432" lon="-0.079287">
        <ele>172.018030</ele>
        <time>2026-03-21T11:52:38.418Z</time>
      </trkpt>
      <trkpt lat="38.780719" lon="-0.078947">
        <ele>169.065173</ele>
        <time>2026-03-21T11:52:45.606Z</time>
      </trkpt>
      <trkpt lat="38.780499" lon="-0.078895">
        <ele>168.758408</ele>
        <time>2026-03-21T11:52:48.149Z</time>
      </trkpt>
      <trkpt lat="38.780258" lon="-0.078987">
        <ele>168.413600</ele>
        <time>2026-03-21T11:52:52.336Z</time>
      </trkpt>
      <trkpt lat="38.779945" lon="-0.079214">
        <ele>167.920533</ele>
        <time>2026-03-21T11:52:58.616Z</time>
      </trkpt>
      <trkpt lat="38.779707" lon="-0.079543">
        <ele>167.440727</ele>
        <time>2026-03-21T11:53:04.783Z</time>
      </trkpt>
      <trkpt lat="38.779608" lon="-0.079629">
        <ele>167.276767</ele>
        <time>2026-03-21T11:53:06.688Z</time>
      </trkpt>
      <trkpt lat="38.779526" lon="-0.079625">
        <ele>167.164239</ele>
        <time>2026-03-21T11:53:07.974Z</time>
      </trkpt>
      <trkpt lat="38.779445" lon="-0.079548">
        <ele>167.013209</ele>
        <time>2026-03-21T11:53:09.408Z</time>
      </trkpt>
      <trkpt lat="38.779424" lon="-0.079476">
        <ele>166.775161</ele>
        <time>2026-03-21T11:53:10.191Z</time>
      </trkpt>
      <trkpt lat="38.779429" lon="-0.079390">
        <ele>166.508116</ele>
        <time>2026-03-21T11:53:11.091Z</time>
      </trkpt>
      <trkpt lat="38.779456" lon="-0.079334">
        <ele>166.304222</ele>
        <time>2026-03-21T11:53:11.770Z</time>
      </trkpt>
      <trkpt lat="38.780241" lon="-0.078644">
        <ele>162.524252</ele>
        <time>2026-03-21T11:53:21.035Z</time>
      </trkpt>
      <trkpt lat="38.780497" lon="-0.078297">
        <ele>161.044862</ele>
        <time>2026-03-21T11:53:24.366Z</time>
      </trkpt>
      <trkpt lat="38.780734" lon="-0.077909">
        <ele>159.615913</ele>
        <time>2026-03-21T11:53:27.915Z</time>
      </trkpt>
      <trkpt lat="38.780797" lon="-0.077736">
        <ele>159.180439</ele>
        <time>2026-03-21T11:53:29.346Z</time>
      </trkpt>
      <trkpt lat="38.780923" lon="-0.077440">
        <ele>158.411290</ele>
        <time>2026-03-21T11:53:31.976Z</time>
      </trkpt>
      <trkpt lat="38.781051" lon="-0.077272">
        <ele>157.875540</ele>
        <time>2026-03-21T11:53:33.826Z</time>
      </trkpt>
      <trkpt lat="38.781164" lon="-0.077055">
        <ele>157.280387</ele>
        <time>2026-03-21T11:53:35.894Z</time>
      </trkpt>
      <trkpt lat="38.781244" lon="-0.076359">
        <ele>155.675925</ele>
        <time>2026-03-21T11:53:41.905Z</time>
      </trkpt>
      <trkpt lat="38.781493" lon="-0.075063">
        <ele>154.494758</ele>
        <time>2026-03-21T11:53:54.241Z</time>
      </trkpt>
      <trkpt lat="38.781434" lon="-0.074084">
        <ele>154.347255</ele>
        <time>2026-03-21T11:54:04.961Z</time>
      </trkpt>
      <trkpt lat="38.781406" lon="-0.073926">
        <ele>154.322915</ele>
        <time>2026-03-21T11:54:07.377Z</time>
      </trkpt>
      <trkpt lat="38.781325" lon="-0.073814">
        <ele>154.299965</ele>
        <time>2026-03-21T11:54:09.810Z</time>
      </trkpt>
      <trkpt lat="38.781258" lon="-0.073774">
        <ele>154.285725</ele>
        <time>2026-03-21T11:54:11.379Z</time>
      </trkpt>
      <trkpt lat="38.781099" lon="-0.073739">
        <ele>154.533581</ele>
        <time>2026-03-21T11:54:14.992Z</time>
      </trkpt>
      <trkpt lat="38.780825" lon="-0.073728">
        <ele>155.073007</ele>
        <time>2026-03-21T11:54:21.325Z</time>
      </trkpt>
      <trkpt lat="38.780674" lon="-0.073639">
        <ele>155.399999</ele>
        <time>2026-03-21T11:54:25.275Z</time>
      </trkpt>
      <trkpt lat="38.780593" lon="-0.073452">
        <ele>155.728156</ele>
        <time>2026-03-21T11:54:29.359Z</time>
      </trkpt>
      <trkpt lat="38.780557" lon="-0.072922">
        <ele>156.544232</ele>
        <time>2026-03-21T11:54:39.867Z</time>
      </trkpt>
      <trkpt lat="38.780514" lon="-0.072792">
        <ele>156.760855</ele>
        <time>2026-03-21T11:54:42.542Z</time>
      </trkpt>
      <trkpt lat="38.780416" lon="-0.072677">
        <ele>157.022208</ele>
        <time>2026-03-21T11:54:45.682Z</time>
      </trkpt>
      <trkpt lat="38.780161" lon="-0.072483">
        <ele>157.605592</ele>
        <time>2026-03-21T11:54:52.287Z</time>
      </trkpt>
      <trkpt lat="38.780072" lon="-0.072320">
        <ele>157.880683</ele>
        <time>2026-03-21T11:54:55.463Z</time>
      </trkpt>
      <trkpt lat="38.780050" lon="-0.071995">
        <ele>158.217095</ele>
        <time>2026-03-21T11:55:00.563Z</time>
      </trkpt>
      <trkpt lat="38.780154" lon="-0.071293">
        <ele>158.953976</ele>
        <time>2026-03-21T11:55:12.334Z</time>
      </trkpt>
      <trkpt lat="38.780124" lon="-0.071048">
        <ele>159.209725</ele>
        <time>2026-03-21T11:55:16.713Z</time>
      </trkpt>
      <trkpt lat="38.779985" lon="-0.070851">
        <ele>159.483735</ele>
        <time>2026-03-21T11:55:21.203Z</time>
      </trkpt>
      <trkpt lat="38.779436" lon="-0.070225">
        <ele>160.025120</ele>
        <time>2026-03-21T11:55:33.836Z</time>
      </trkpt>
      <trkpt lat="38.779372" lon="-0.070085">
        <ele>159.912597</ele>
        <time>2026-03-21T11:55:35.981Z</time>
      </trkpt>
      <trkpt lat="38.779396" lon="-0.069932">
        <ele>159.804392</ele>
        <time>2026-03-21T11:55:38.086Z</time>
      </trkpt>
      <trkpt lat="38.779697" lon="-0.069562">
        <ele>159.433620</ele>
        <time>2026-03-21T11:55:44.879Z</time>
      </trkpt>
      <trkpt lat="38.779746" lon="-0.069400">
        <ele>159.313144</ele>
        <time>2026-03-21T11:55:46.749Z</time>
      </trkpt>
      <trkpt lat="38.779692" lon="-0.068142">
        <ele>158.442827</ele>
        <time>2026-03-21T11:55:57.139Z</time>
      </trkpt>
      <trkpt lat="38.779688" lon="-0.068099">
        <ele>158.413408</ele>
        <time>2026-03-21T11:55:57.494Z</time>
      </trkpt>
      <trkpt lat="38.779620" lon="-0.067890">
        <ele>158.259555</ele>
        <time>2026-03-21T11:55:59.310Z</time>
      </trkpt>
      <trkpt lat="38.779392" lon="-0.067560">
        <ele>157.959994</ele>
        <time>2026-03-21T11:56:02.917Z</time>
      </trkpt>
      <trkpt lat="38.779114" lon="-0.067184">
        <ele>157.607945</ele>
        <time>2026-03-21T11:56:07.563Z</time>
      </trkpt>
      <trkpt lat="38.779078" lon="-0.067137">
        <ele>157.563182</ele>
        <time>2026-03-21T11:56:08.200Z</time>
      </trkpt>
      <trkpt lat="38.778793" lon="-0.066923">
        <ele>157.275397</ele>
        <time>2026-03-21T11:56:13.139Z</time>
      </trkpt>
      <trkpt lat="38.778687" lon="-0.066890">
        <ele>157.180342</ele>
        <time>2026-03-21T11:56:15.163Z</time>
      </trkpt>
      <trkpt lat="38.778640" lon="-0.066877">
        <ele>157.138443</ele>
        <time>2026-03-21T11:56:16.162Z</time>
      </trkpt>
      <trkpt lat="38.778567" lon="-0.066799">
        <ele>157.055649</ele>
        <time>2026-03-21T11:56:18.137Z</time>
      </trkpt>
      <trkpt lat="38.778556" lon="-0.066770">
        <ele>157.033739</ele>
        <time>2026-03-21T11:56:18.703Z</time>
      </trkpt>
      <trkpt lat="38.778469" lon="-0.066665">
        <ele>157.516297</ele>
        <time>2026-03-21T11:56:21.507Z</time>
      </trkpt>
      <trkpt lat="38.778266" lon="-0.066593">
        <ele>158.394869</ele>
        <time>2026-03-21T11:56:27.231Z</time>
      </trkpt>
      <trkpt lat="38.778024" lon="-0.066445">
        <ele>159.513214</ele>
        <time>2026-03-21T11:56:35.631Z</time>
      </trkpt>
      <trkpt lat="38.777864" lon="-0.066291">
        <ele>160.347636</ele>
        <time>2026-03-21T11:56:42.558Z</time>
      </trkpt>
      <trkpt lat="38.777751" lon="-0.066123">
        <ele>161.069207</ele>
        <time>2026-03-21T11:56:48.807Z</time>
      </trkpt>
      <trkpt lat="38.777609" lon="-0.065949">
        <ele>161.888381</ele>
        <time>2026-03-21T11:56:56.047Z</time>
      </trkpt>
      <trkpt lat="38.777418" lon="-0.065714">
        <ele>162.992382</ele>
        <time>2026-03-21T11:57:05.917Z</time>
      </trkpt>
      <trkpt lat="38.775970" lon="-0.063932">
        <ele>171.267924</ele>
        <time>2026-03-21T11:58:13.129Z</time>
      </trkpt>
      <trkpt lat="38.775541" lon="-0.063517">
        <ele>172.414296</ele>
        <time>2026-03-21T11:58:24.581Z</time>
      </trkpt>
      <trkpt lat="38.774502" lon="-0.062679">
        <ele>173.988292</ele>
        <time>2026-03-21T11:58:45.364Z</time>
      </trkpt>
      <trkpt lat="38.774333" lon="-0.062538">
        <ele>174.253924</ele>
        <time>2026-03-21T11:58:49.468Z</time>
      </trkpt>
      <trkpt lat="38.774224" lon="-0.062439">
        <ele>174.580680</ele>
        <time>2026-03-21T11:58:52.349Z</time>
      </trkpt>
      <trkpt lat="38.774192" lon="-0.062413">
        <ele>174.673354</ele>
        <time>2026-03-21T11:58:53.256Z</time>
      </trkpt>
      <trkpt lat="38.773778" lon="-0.062091">
        <ele>175.857875</ele>
        <time>2026-03-21T11:59:04.293Z</time>
      </trkpt>
      <trkpt lat="38.773194" lon="-0.061862">
        <ele>177.351918</ele>
        <time>2026-03-21T11:59:18.756Z</time>
      </trkpt>
      <trkpt lat="38.772530" lon="-0.061702">
        <ele>179.627112</ele>
        <time>2026-03-21T11:59:36.950Z</time>
      </trkpt>
      <trkpt lat="38.772312" lon="-0.061723">
        <ele>181.072890</ele>
        <time>2026-03-21T11:59:44.052Z</time>
      </trkpt>
      <trkpt lat="38.771920" lon="-0.061996">
        <ele>184.022828</ele>
        <time>2026-03-21T12:00:01.369Z</time>
      </trkpt>
      <trkpt lat="38.771717" lon="-0.062100">
        <ele>185.468476</ele>
        <time>2026-03-21T12:00:11.525Z</time>
      </trkpt>
      <trkpt lat="38.771549" lon="-0.062090">
        <ele>186.580721</ele>
        <time>2026-03-21T12:00:19.826Z</time>
      </trkpt>
      <trkpt lat="38.771371" lon="-0.062042">
        <ele>187.783638</ele>
        <time>2026-03-21T12:00:29.112Z</time>
      </trkpt>
      <trkpt lat="38.771141" lon="-0.062005">
        <ele>189.316633</ele>
        <time>2026-03-21T12:00:41.568Z</time>
      </trkpt>
      <trkpt lat="38.770471" lon="-0.062010">
        <ele>193.932002</ele>
        <time>2026-03-21T12:01:13.208Z</time>
      </trkpt>
      <trkpt lat="38.770051" lon="-0.061930">
        <ele>196.901177</ele>
        <time>2026-03-21T12:01:27.071Z</time>
      </trkpt>
      <trkpt lat="38.769760" lon="-0.061828">
        <ele>199.010695</ele>
        <time>2026-03-21T12:01:38.344Z</time>
      </trkpt>
      <trkpt lat="38.769365" lon="-0.061469">
        <ele>202.396022</ele>
        <time>2026-03-21T12:01:59.432Z</time>
      </trkpt>
      <trkpt lat="38.769198" lon="-0.061358">
        <ele>203.827350</ele>
        <time>2026-03-21T12:02:08.494Z</time>
      </trkpt>
      <trkpt lat="38.769111" lon="-0.061357">
        <ele>204.553560</ele>
        <time>2026-03-21T12:02:12.938Z</time>
      </trkpt>
      <trkpt lat="38.768551" lon="-0.061513">
        <ele>209.336809</ele>
        <time>2026-03-21T12:02:42.629Z</time>
      </trkpt>
      <trkpt lat="38.768241" lon="-0.061661">
        <ele>212.097801</ele>
        <time>2026-03-21T12:03:01.346Z</time>
      </trkpt>
      <trkpt lat="38.768111" lon="-0.061655">
        <ele>213.183601</ele>
        <time>2026-03-21T12:03:08.803Z</time>
      </trkpt>
      <trkpt lat="38.768059" lon="-0.061609">
        <ele>213.710868</ele>
        <time>2026-03-21T12:03:12.377Z</time>
      </trkpt>
      <trkpt lat="38.767986" lon="-0.061468">
        <ele>214.812373</ele>
        <time>2026-03-21T12:03:19.471Z</time>
      </trkpt>
      <trkpt lat="38.767972" lon="-0.061372">
        <ele>215.447974</ele>
        <time>2026-03-21T12:03:23.259Z</time>
      </trkpt>
      <trkpt lat="38.768021" lon="-0.061084">
        <ele>217.366378</ele>
        <time>2026-03-21T12:03:33.864Z</time>
      </trkpt>
      <trkpt lat="38.768009" lon="-0.060981">
        <ele>218.044142</ele>
        <time>2026-03-21T12:03:37.002Z</time>
      </trkpt>
      <trkpt lat="38.767933" lon="-0.060779">
        <ele>218.507274</ele>
        <time>2026-03-21T12:03:43.126Z</time>
      </trkpt>
      <trkpt lat="38.767842" lon="-0.060626">
        <ele>218.854366</ele>
        <time>2026-03-21T12:03:47.580Z</time>
      </trkpt>
      <trkpt lat="38.767643" lon="-0.060286">
        <ele>219.621186</ele>
        <time>2026-03-21T12:03:55.474Z</time>
      </trkpt>
      <trkpt lat="38.767567" lon="-0.060118">
        <ele>219.971518</ele>
        <time>2026-03-21T12:03:58.647Z</time>
      </trkpt>
      <trkpt lat="38.767534" lon="-0.059923">
        <ele>220.331429</ele>
        <time>2026-03-21T12:04:01.578Z</time>
      </trkpt>
      <trkpt lat="38.767516" lon="-0.059209">
        <ele>221.619945</ele>
        <time>2026-03-21T12:04:10.711Z</time>
      </trkpt>
      <trkpt lat="38.767492" lon="-0.058662">
        <ele>222.943838</ele>
        <time>2026-03-21T12:04:17.603Z</time>
      </trkpt>
      <trkpt lat="38.767503" lon="-0.058474">
        <ele>223.638354</ele>
        <time>2026-03-21T12:04:20.219Z</time>
      </trkpt>
      <trkpt lat="38.767638" lon="-0.057621">
        <ele>226.844781</ele>
        <time>2026-03-21T12:04:37.649Z</time>
      </trkpt>
      <trkpt lat="38.767720" lon="-0.056902">
        <ele>229.521667</ele>
        <time>2026-03-21T12:05:00.719Z</time>
      </trkpt>
      <trkpt lat="38.767711" lon="-0.056806">
        <ele>229.877865</ele>
        <time>2026-03-21T12:05:04.343Z</time>
      </trkpt>
      <trkpt lat="38.767638" lon="-0.056678">
        <ele>230.462081</ele>
        <time>2026-03-21T12:05:10.578Z</time>
      </trkpt>
      <trkpt lat="38.767552" lon="-0.056641">
        <ele>231.001026</ele>
        <time>2026-03-21T12:05:15.476Z</time>
      </trkpt>
      <trkpt lat="38.767502" lon="-0.056674">
        <ele>231.542292</ele>
        <time>2026-03-21T12:05:18.507Z</time>
      </trkpt>
      <trkpt lat="38.767472" lon="-0.056743">
        <ele>232.135211</ele>
        <time>2026-03-21T12:05:22.033Z</time>
      </trkpt>
      <trkpt lat="38.767431" lon="-0.057184">
        <ele>235.468374</ele>
        <time>2026-03-21T12:05:42.905Z</time>
      </trkpt>
      <trkpt lat="38.767016" lon="-0.058368">
        <ele>245.210947</ele>
        <time>2026-03-21T12:06:43.191Z</time>
      </trkpt>
      <trkpt lat="38.766941" lon="-0.058812">
        <ele>248.323553</ele>
        <time>2026-03-21T12:06:59.665Z</time>
      </trkpt>
      <trkpt lat="38.766934" lon="-0.059459">
        <ele>250.423559</ele>
        <time>2026-03-21T12:07:18.377Z</time>
      </trkpt>
      <trkpt lat="38.767015" lon="-0.061036">
        <ele>255.552720</ele>
        <time>2026-03-21T12:07:50.249Z</time>
      </trkpt>
      <trkpt lat="38.767001" lon="-0.061201">
        <ele>255.816022</ele>
        <time>2026-03-21T12:07:53.451Z</time>
      </trkpt>
      <trkpt lat="38.766915" lon="-0.061363">
        <ele>256.106863</ele>
        <time>2026-03-21T12:07:57.249Z</time>
      </trkpt>
      <trkpt lat="38.766834" lon="-0.061454">
        <ele>256.311813</ele>
        <time>2026-03-21T12:07:59.955Z</time>
      </trkpt>
      <trkpt lat="38.766496" lon="-0.061735">
        <ele>257.078461</ele>
        <time>2026-03-21T12:08:10.269Z</time>
      </trkpt>
      <trkpt lat="38.766293" lon="-0.061871">
        <ele>257.514368</ele>
        <time>2026-03-21T12:08:16.259Z</time>
      </trkpt>
      <trkpt lat="38.765068" lon="-0.062727">
        <ele>257.939436</ele>
        <time>2026-03-21T12:08:42.359Z</time>
      </trkpt>
      <trkpt lat="38.764881" lon="-0.062750">
        <ele>257.610858</ele>
        <time>2026-03-21T12:08:44.410Z</time>
      </trkpt>
      <trkpt lat="38.764496" lon="-0.062739">
        <ele>256.937298</ele>
        <time>2026-03-21T12:08:48.417Z</time>
      </trkpt>
      <trkpt lat="38.764477" lon="-0.062739">
        <ele>256.904065</ele>
        <time>2026-03-21T12:08:48.617Z</time>
      </trkpt>
      <trkpt lat="38.764054" lon="-0.062733">
        <ele>256.164162</ele>
        <time>2026-03-21T12:08:52.818Z</time>
      </trkpt>
      <trkpt lat="38.763970" lon="-0.062732">
        <ele>256.017233</ele>
        <time>2026-03-21T12:08:53.642Z</time>
      </trkpt>
      <trkpt lat="38.763779" lon="-0.062767">
        <ele>255.491452</ele>
        <time>2026-03-21T12:08:55.514Z</time>
      </trkpt>
      <trkpt lat="38.763690" lon="-0.062827">
        <ele>255.133287</ele>
        <time>2026-03-21T12:08:56.489Z</time>
      </trkpt>
      <trkpt lat="38.763450" lon="-0.063082">
        <ele>254.023088</ele>
        <time>2026-03-21T12:08:59.506Z</time>
      </trkpt>
      <trkpt lat="38.763299" lon="-0.063173">
        <ele>253.428774</ele>
        <time>2026-03-21T12:09:01.119Z</time>
      </trkpt>
      <trkpt lat="38.762880" lon="-0.063250">
        <ele>251.920982</ele>
        <time>2026-03-21T12:09:05.267Z</time>
      </trkpt>
      <trkpt lat="38.762236" lon="-0.063271">
        <ele>249.626206</ele>
        <time>2026-03-21T12:09:11.825Z</time>
      </trkpt>
      <trkpt lat="38.760702" lon="-0.063036">
        <ele>246.050506</ele>
        <time>2026-03-21T12:09:28.303Z</time>
      </trkpt>
      <trkpt lat="38.759498" lon="-0.062550">
        <ele>244.026329</ele>
        <time>2026-03-21T12:09:42.609Z</time>
      </trkpt>
      <trkpt lat="38.757517" lon="-0.061692">
        <ele>240.787000</ele>
        <time>2026-03-21T12:10:08.114Z</time>
      </trkpt>
      <trkpt lat="38.757373" lon="-0.061634">
        <ele>240.537358</ele>
        <time>2026-03-21T12:10:09.802Z</time>
      </trkpt>
      <trkpt lat="38.756621" lon="-0.061322">
        <ele>238.983909</ele>
        <time>2026-03-21T12:10:17.826Z</time>
      </trkpt>
      <trkpt lat="38.756195" lon="-0.061190">
        <ele>237.986043</ele>
        <time>2026-03-21T12:10:22.149Z</time>
      </trkpt>
      <trkpt lat="38.756085" lon="-0.061204">
        <ele>237.734356</ele>
        <time>2026-03-21T12:10:23.257Z</time>
      </trkpt>
      <trkpt lat="38.755713" lon="-0.061440">
        <ele>236.789371</ele>
        <time>2026-03-21T12:10:27.575Z</time>
      </trkpt>
      <trkpt lat="38.754966" lon="-0.061927">
        <ele>236.999240</ele>
        <time>2026-03-21T12:10:38.943Z</time>
      </trkpt>
      <trkpt lat="38.754835" lon="-0.062043">
        <ele>237.483043</ele>
        <time>2026-03-21T12:10:42.588Z</time>
      </trkpt>
      <trkpt lat="38.754727" lon="-0.062215">
        <ele>238.006380</ele>
        <time>2026-03-21T12:10:47.229Z</time>
      </trkpt>
      <trkpt lat="38.754629" lon="-0.062411">
        <ele>238.558159</ele>
        <time>2026-03-21T12:10:52.486Z</time>
      </trkpt>
      <trkpt lat="38.754426" lon="-0.062942">
        <ele>239.959667</ele>
        <time>2026-03-21T12:11:06.695Z</time>
      </trkpt>
      <trkpt lat="38.754355" lon="-0.063052">
        <ele>240.298069</ele>
        <time>2026-03-21T12:11:10.356Z</time>
      </trkpt>
      <trkpt lat="38.753921" lon="-0.064056">
        <ele>244.531838</ele>
        <time>2026-03-21T12:11:45.631Z</time>
      </trkpt>
      <trkpt lat="38.753842" lon="-0.064146">
        <ele>245.128474</ele>
        <time>2026-03-21T12:11:50.190Z</time>
      </trkpt>
      <trkpt lat="38.753794" lon="-0.064159">
        <ele>245.405461</ele>
        <time>2026-03-21T12:11:52.272Z</time>
      </trkpt>
      <trkpt lat="38.753709" lon="-0.064166">
        <ele>245.886359</ele>
        <time>2026-03-21T12:11:55.948Z</time>
      </trkpt>
      <trkpt lat="38.753132" lon="-0.063984">
        <ele>249.241210</ele>
        <time>2026-03-21T12:12:19.285Z</time>
      </trkpt>
      <trkpt lat="38.753014" lon="-0.063916">
        <ele>249.971623</ele>
        <time>2026-03-21T12:12:23.918Z</time>
      </trkpt>
      <trkpt lat="38.752931" lon="-0.063823">
        <ele>250.593940</ele>
        <time>2026-03-21T12:12:27.703Z</time>
      </trkpt>
      <trkpt lat="38.752774" lon="-0.063536">
        <ele>251.729805</ele>
        <time>2026-03-21T12:12:36.892Z</time>
      </trkpt>
      <trkpt lat="38.752500" lon="-0.063164">
        <ele>252.720743</ele>
        <time>2026-03-21T12:12:48.445Z</time>
      </trkpt>
      <trkpt lat="38.752352" lon="-0.062690">
        <ele>253.709531</ele>
        <time>2026-03-21T12:12:57.583Z</time>
      </trkpt>
      <trkpt lat="38.752270" lon="-0.062565">
        <ele>254.025861</ele>
        <time>2026-03-21T12:13:00.221Z</time>
      </trkpt>
      <trkpt lat="38.752155" lon="-0.062556">
        <ele>254.311968</ele>
        <time>2026-03-21T12:13:02.622Z</time>
      </trkpt>
      <trkpt lat="38.752062" lon="-0.062614">
        <ele>254.568778</ele>
        <time>2026-03-21T12:13:04.578Z</time>
      </trkpt>
      <trkpt lat="38.751261" lon="-0.063318">
        <ele>256.545576</ele>
        <time>2026-03-21T12:13:24.405Z</time>
      </trkpt>
      <trkpt lat="38.750965" lon="-0.063573">
        <ele>257.082457</ele>
        <time>2026-03-21T12:13:32.078Z</time>
      </trkpt>
      <trkpt lat="38.749036" lon="-0.065299">
        <ele>260.581978</ele>
        <time>2026-03-21T12:14:21.047Z</time>
      </trkpt>
      <trkpt lat="38.748882" lon="-0.065493">
        <ele>260.900335</ele>
        <time>2026-03-21T12:14:25.703Z</time>
      </trkpt>
      <trkpt lat="38.748717" lon="-0.065778">
        <ele>261.300059</ele>
        <time>2026-03-21T12:14:31.435Z</time>
      </trkpt>
      <trkpt lat="38.748577" lon="-0.066030">
        <ele>261.613978</ele>
        <time>2026-03-21T12:14:36.267Z</time>
      </trkpt>
      <trkpt lat="38.748472" lon="-0.066199">
        <ele>261.833207</ele>
        <time>2026-03-21T12:14:39.581Z</time>
      </trkpt>
      <trkpt lat="38.748255" lon="-0.066672">
        <ele>262.389994</ele>
        <time>2026-03-21T12:14:48.484Z</time>
      </trkpt>
      <trkpt lat="38.748104" lon="-0.067267">
        <ele>263.024848</ele>
        <time>2026-03-21T12:14:58.752Z</time>
      </trkpt>
      <trkpt lat="38.748112" lon="-0.067475">
        <ele>263.236145</ele>
        <time>2026-03-21T12:15:01.777Z</time>
      </trkpt>
      <trkpt lat="38.748259" lon="-0.068432">
        <ele>263.870833</ele>
        <time>2026-03-21T12:15:15.555Z</time>
      </trkpt>
      <trkpt lat="38.748288" lon="-0.068722">
        <ele>264.005322</ele>
        <time>2026-03-21T12:15:19.811Z</time>
      </trkpt>
      <trkpt lat="38.748292" lon="-0.069671">
        <ele>264.441860</ele>
        <time>2026-03-21T12:15:31.612Z</time>
      </trkpt>
      <trkpt lat="38.748239" lon="-0.069851">
        <ele>264.530363</ele>
        <time>2026-03-21T12:15:33.711Z</time>
      </trkpt>
      <trkpt lat="38.748070" lon="-0.070126">
        <ele>264.788147</ele>
        <time>2026-03-21T12:15:37.890Z</time>
      </trkpt>
      <trkpt lat="38.747648" lon="-0.070761">
        <ele>265.857828</ele>
        <time>2026-03-21T12:15:50.183Z</time>
      </trkpt>
      <trkpt lat="38.747574" lon="-0.070868">
        <ele>266.041193</ele>
        <time>2026-03-21T12:15:52.619Z</time>
      </trkpt>
      <trkpt lat="38.747382" lon="-0.071066">
        <ele>266.446270</ele>
        <time>2026-03-21T12:15:57.994Z</time>
      </trkpt>
      <trkpt lat="38.747264" lon="-0.071059">
        <ele>266.640471</ele>
        <time>2026-03-21T12:16:00.596Z</time>
      </trkpt>
      <trkpt lat="38.747113" lon="-0.070936">
        <ele>266.934577</ele>
        <time>2026-03-21T12:16:04.830Z</time>
      </trkpt>
      <trkpt lat="38.747043" lon="-0.070879">
        <ele>267.070904</ele>
        <time>2026-03-21T12:16:06.828Z</time>
      </trkpt>
      <trkpt lat="38.746730" lon="-0.070619">
        <ele>267.745662</ele>
        <time>2026-03-21T12:16:16.718Z</time>
      </trkpt>
      <trkpt lat="38.746632" lon="-0.070494">
        <ele>268.128983</ele>
        <time>2026-03-21T12:16:20.624Z</time>
      </trkpt>
      <trkpt lat="38.746550" lon="-0.070300">
        <ele>268.606209</ele>
        <time>2026-03-21T12:16:25.328Z</time>
      </trkpt>
      <trkpt lat="38.745939" lon="-0.068425">
        <ele>272.631350</ele>
        <time>2026-03-21T12:17:07.282Z</time>
      </trkpt>
      <trkpt lat="38.745815" lon="-0.068215">
        <ele>272.698491</ele>
        <time>2026-03-21T12:17:11.950Z</time>
      </trkpt>
      <trkpt lat="38.745320" lon="-0.067615">
        <ele>272.921123</ele>
        <time>2026-03-21T12:17:23.736Z</time>
      </trkpt>
      <trkpt lat="38.745191" lon="-0.067604">
        <ele>272.963377</ele>
        <time>2026-03-21T12:17:25.545Z</time>
      </trkpt>
      <trkpt lat="38.745097" lon="-0.067627">
        <ele>272.994653</ele>
        <time>2026-03-21T12:17:26.825Z</time>
      </trkpt>
      <trkpt lat="38.744907" lon="-0.067827">
        <ele>273.074998</ele>
        <time>2026-03-21T12:17:30.068Z</time>
      </trkpt>
      <trkpt lat="38.744612" lon="-0.068119">
        <ele>272.906425</ele>
        <time>2026-03-21T12:17:34.450Z</time>
      </trkpt>
      <trkpt lat="38.744166" lon="-0.067583">
        <ele>270.957475</ele>
        <time>2026-03-21T12:17:40.871Z</time>
      </trkpt>
      <trkpt lat="38.743938" lon="-0.067163">
        <ele>269.685010</ele>
        <time>2026-03-21T12:17:44.900Z</time>
      </trkpt>
      <trkpt lat="38.743712" lon="-0.066498">
        <ele>267.881216</ele>
        <time>2026-03-21T12:17:50.445Z</time>
      </trkpt>
      <trkpt lat="38.743698" lon="-0.066458">
        <ele>267.772193</ele>
        <time>2026-03-21T12:17:50.777Z</time>
      </trkpt>
      <trkpt lat="38.743436" lon="-0.065603">
        <ele>264.640980</ele>
        <time>2026-03-21T12:17:57.558Z</time>
      </trkpt>
      <trkpt lat="38.743363" lon="-0.064550">
        <ele>260.868972</ele>
        <time>2026-03-21T12:18:05.369Z</time>
      </trkpt>
      <trkpt lat="38.743366" lon="-0.064255">
        <ele>259.816296</ele>
        <time>2026-03-21T12:18:07.601Z</time>
      </trkpt>
      <trkpt lat="38.743456" lon="-0.063731">
        <ele>258.048133</ele>
        <time>2026-03-21T12:18:11.673Z</time>
      </trkpt>
      <trkpt lat="38.743497" lon="-0.063531">
        <ele>257.392991</ele>
        <time>2026-03-21T12:18:13.221Z</time>
      </trkpt>
      <trkpt lat="38.743626" lon="-0.062841">
        <ele>255.145076</ele>
        <time>2026-03-21T12:18:18.575Z</time>
      </trkpt>
      <trkpt lat="38.743713" lon="-0.062331">
        <ele>253.491152</ele>
        <time>2026-03-21T12:18:22.527Z</time>
      </trkpt>
      <trkpt lat="38.743784" lon="-0.062064">
        <ele>252.597459</ele>
        <time>2026-03-21T12:18:24.690Z</time>
      </trkpt>
      <trkpt lat="38.744031" lon="-0.061348">
        <ele>250.718660</ele>
        <time>2026-03-21T12:18:30.795Z</time>
      </trkpt>
      <trkpt lat="38.744169" lon="-0.060967">
        <ele>249.836554</ele>
        <time>2026-03-21T12:18:34.150Z</time>
      </trkpt>
      <trkpt lat="38.744275" lon="-0.060576">
        <ele>248.967329</ele>
        <time>2026-03-21T12:18:37.487Z</time>
      </trkpt>
      <trkpt lat="38.744278" lon="-0.060427">
        <ele>248.654348</ele>
        <time>2026-03-21T12:18:38.695Z</time>
      </trkpt>
      <trkpt lat="38.744251" lon="-0.060272">
        <ele>248.320852</ele>
        <time>2026-03-21T12:18:40.004Z</time>
      </trkpt>
      <trkpt lat="38.744197" lon="-0.060054">
        <ele>247.840553</ele>
        <time>2026-03-21T12:18:41.910Z</time>
      </trkpt>
      <trkpt lat="38.744148" lon="-0.059788">
        <ele>247.266625</ele>
        <time>2026-03-21T12:18:44.293Z</time>
      </trkpt>
      <trkpt lat="38.744152" lon="-0.059671">
        <ele>247.053996</ele>
        <time>2026-03-21T12:18:45.361Z</time>
      </trkpt>
      <trkpt lat="38.744189" lon="-0.059477">
        <ele>247.002828</ele>
        <time>2026-03-21T12:18:47.213Z</time>
      </trkpt>
      <trkpt lat="38.744327" lon="-0.059063">
        <ele>246.887479</ele>
        <time>2026-03-21T12:18:51.589Z</time>
      </trkpt>
      <trkpt lat="38.744245" lon="-0.059014">
        <ele>246.857761</ele>
        <time>2026-03-21T12:18:52.779Z</time>
      </trkpt>
      <trkpt lat="38.743898" lon="-0.059327">
        <ele>246.718394</ele>
        <time>2026-03-21T12:18:58.236Z</time>
      </trkpt>
      <trkpt lat="38.743836" lon="-0.059319">
        <ele>246.697925</ele>
        <time>2026-03-21T12:18:59.177Z</time>
      </trkpt>
      <trkpt lat="38.743667" lon="-0.059221">
        <ele>246.636996</ele>
        <time>2026-03-21T12:19:02.093Z</time>
      </trkpt>
      <trkpt lat="38.743634" lon="-0.059166">
        <ele>246.619218</ele>
        <time>2026-03-21T12:19:03.009Z</time>
      </trkpt>
      <trkpt lat="38.743672" lon="-0.058217">
        <ele>246.634987</ele>
        <time>2026-03-21T12:19:16.703Z</time>
      </trkpt>
      <trkpt lat="38.743439" lon="-0.056512">
        <ele>247.440683</ele>
        <time>2026-03-21T12:19:40.713Z</time>
      </trkpt>
      <trkpt lat="38.743004" lon="-0.054944">
        <ele>246.605291</ele>
        <time>2026-03-21T12:19:59.211Z</time>
      </trkpt>
      <trkpt lat="38.742987" lon="-0.054877">
        <ele>246.559763</ele>
        <time>2026-03-21T12:19:59.849Z</time>
      </trkpt>
      <trkpt lat="38.742647" lon="-0.054100">
        <ele>245.840573</ele>
        <time>2026-03-21T12:20:07.558Z</time>
      </trkpt>
      <trkpt lat="38.742599" lon="-0.053900">
        <ele>245.415666</ele>
        <time>2026-03-21T12:20:09.269Z</time>
      </trkpt>
      <trkpt lat="38.742162" lon="-0.053148">
        <ele>243.511441</ele>
        <time>2026-03-21T12:20:16.777Z</time>
      </trkpt>
      <trkpt lat="38.741933" lon="-0.052680">
        <ele>242.389596</ele>
        <time>2026-03-21T12:20:21.221Z</time>
      </trkpt>
      <trkpt lat="38.741520" lon="-0.052236">
        <ele>241.130916</ele>
        <time>2026-03-21T12:20:26.869Z</time>
      </trkpt>
      <trkpt lat="38.741352" lon="-0.051998">
        <ele>240.725680</ele>
        <time>2026-03-21T12:20:29.560Z</time>
      </trkpt>
      <trkpt lat="38.741120" lon="-0.051515">
        <ele>240.009572</ele>
        <time>2026-03-21T12:20:34.545Z</time>
      </trkpt>
      <trkpt lat="38.740823" lon="-0.051134">
        <ele>239.329545</ele>
        <time>2026-03-21T12:20:39.555Z</time>
      </trkpt>
      <trkpt lat="38.740779" lon="-0.050998">
        <ele>239.143667</ele>
        <time>2026-03-21T12:20:40.908Z</time>
      </trkpt>
      <trkpt lat="38.740789" lon="-0.050853">
        <ele>238.959898</ele>
        <time>2026-03-21T12:20:42.254Z</time>
      </trkpt>
      <trkpt lat="38.740743" lon="-0.050664">
        <ele>238.709948</ele>
        <time>2026-03-21T12:20:44.114Z</time>
      </trkpt>
      <trkpt lat="38.740677" lon="-0.050502">
        <ele>238.479213</ele>
        <time>2026-03-21T12:20:45.830Z</time>
      </trkpt>
      <trkpt lat="38.740438" lon="-0.050096">
        <ele>238.141351</ele>
        <time>2026-03-21T12:20:50.723Z</time>
      </trkpt>
      <trkpt lat="38.740390" lon="-0.050125">
        <ele>238.097608</ele>
        <time>2026-03-21T12:20:51.639Z</time>
      </trkpt>
      <trkpt lat="38.740294" lon="-0.049978">
        <ele>237.974332</ele>
        <time>2026-03-21T12:20:53.558Z</time>
      </trkpt>
      <trkpt lat="38.740220" lon="-0.049787">
        <ele>237.837203</ele>
        <time>2026-03-21T12:20:55.731Z</time>
      </trkpt>
      <trkpt lat="38.740155" lon="-0.049480">
        <ele>237.632659</ele>
        <time>2026-03-21T12:20:59.071Z</time>
      </trkpt>
      <trkpt lat="38.740104" lon="-0.049075">
        <ele>237.368872</ele>
        <time>2026-03-21T12:21:03.316Z</time>
      </trkpt>
      <trkpt lat="38.740126" lon="-0.048869">
        <ele>237.235178</ele>
        <time>2026-03-21T12:21:05.374Z</time>
      </trkpt>
      <trkpt lat="38.740712" lon="-0.048230">
        <ele>235.707944</ele>
        <time>2026-03-21T12:21:14.754Z</time>
      </trkpt>
      <trkpt lat="38.740780" lon="-0.048108">
        <ele>235.380969</ele>
        <time>2026-03-21T12:21:16.057Z</time>
      </trkpt>
      <trkpt lat="38.740866" lon="-0.047686">
        <ele>234.429873</ele>
        <time>2026-03-21T12:21:19.662Z</time>
      </trkpt>
      <trkpt lat="38.740981" lon="-0.047454">
        <ele>233.830463</ele>
        <time>2026-03-21T12:21:21.839Z</time>
      </trkpt>
      <trkpt lat="38.740797" lon="-0.046785">
        <ele>232.283619</ele>
        <time>2026-03-21T12:21:29.537Z</time>
      </trkpt>
      <trkpt lat="38.740753" lon="-0.046302">
        <ele>231.195725</ele>
        <time>2026-03-21T12:21:34.713Z</time>
      </trkpt>
      <trkpt lat="38.740583" lon="-0.045864">
        <ele>230.088306</ele>
        <time>2026-03-21T12:21:39.955Z</time>
      </trkpt>
      <trkpt lat="38.740409" lon="-0.045639">
        <ele>229.371101</ele>
        <time>2026-03-21T12:21:43.512Z</time>
      </trkpt>
      <trkpt lat="38.740341" lon="-0.045515">
        <ele>229.027985</ele>
        <time>2026-03-21T12:21:45.269Z</time>
      </trkpt>
      <trkpt lat="38.740303" lon="-0.045364">
        <ele>228.668832</ele>
        <time>2026-03-21T12:21:47.162Z</time>
      </trkpt>
      <trkpt lat="38.740291" lon="-0.045252">
        <ele>228.412928</ele>
        <time>2026-03-21T12:21:48.548Z</time>
      </trkpt>
      <trkpt lat="38.740444" lon="-0.044821">
        <ele>227.341027</ele>
        <time>2026-03-21T12:21:54.680Z</time>
      </trkpt>
      <trkpt lat="38.740386" lon="-0.044356">
        <ele>226.566380</ele>
        <time>2026-03-21T12:22:01.076Z</time>
      </trkpt>
      <trkpt lat="38.740417" lon="-0.044295">
        <ele>226.507989</ele>
        <time>2026-03-21T12:22:02.065Z</time>
      </trkpt>
      <trkpt lat="38.740766" lon="-0.043592">
        <ele>225.839659</ele>
        <time>2026-03-21T12:22:13.644Z</time>
      </trkpt>
      <trkpt lat="38.740926" lon="-0.043246">
        <ele>225.517060</ele>
        <time>2026-03-21T12:22:19.188Z</time>
      </trkpt>
      <trkpt lat="38.740942" lon="-0.043169">
        <ele>225.453151</ele>
        <time>2026-03-21T12:22:20.262Z</time>
      </trkpt>
      <trkpt lat="38.740929" lon="-0.042780">
        <ele>225.140883</ele>
        <time>2026-03-21T12:22:25.394Z</time>
      </trkpt>
      <trkpt lat="38.740948" lon="-0.042519">
        <ele>224.930649</ele>
        <time>2026-03-21T12:22:28.881Z</time>
      </trkpt>
      <trkpt lat="38.740888" lon="-0.042155">
        <ele>224.376974</ele>
        <time>2026-03-21T12:22:33.803Z</time>
      </trkpt>
      <trkpt lat="38.740872" lon="-0.041586">
        <ele>223.443571</ele>
        <time>2026-03-21T12:22:41.137Z</time>
      </trkpt>
      <trkpt lat="38.740891" lon="-0.041411">
        <ele>223.153916</ele>
        <time>2026-03-21T12:22:43.389Z</time>
      </trkpt>
      <trkpt lat="38.741027" lon="-0.040895">
        <ele>222.261016</ele>
        <time>2026-03-21T12:22:50.175Z</time>
      </trkpt>
      <trkpt lat="38.741276" lon="-0.040010">
        <ele>220.232014</ele>
        <time>2026-03-21T12:23:01.078Z</time>
      </trkpt>
      <trkpt lat="38.741370" lon="-0.039977">
        <ele>219.763262</ele>
        <time>2026-03-21T12:23:02.461Z</time>
      </trkpt>
      <trkpt lat="38.742469" lon="-0.039963">
        <ele>214.477177</ele>
        <time>2026-03-21T12:23:17.246Z</time>
      </trkpt>
      <trkpt lat="38.742966" lon="-0.039593">
        <ele>211.867319</ele>
        <time>2026-03-21T12:23:24.787Z</time>
      </trkpt>
      <trkpt lat="38.743017" lon="-0.039542">
        <ele>211.621767</ele>
        <time>2026-03-21T12:23:25.647Z</time>
      </trkpt>
      <trkpt lat="38.743083" lon="-0.039405">
        <ele>211.144946</ele>
        <time>2026-03-21T12:23:27.333Z</time>
      </trkpt>
      <trkpt lat="38.743315" lon="-0.039229">
        <ele>210.121519</ele>
        <time>2026-03-21T12:23:31.002Z</time>
      </trkpt>
      <trkpt lat="38.743476" lon="-0.038991">
        <ele>209.188630</ele>
        <time>2026-03-21T12:23:34.408Z</time>
      </trkpt>
      <trkpt lat="38.743550" lon="-0.038860">
        <ele>208.709673</ele>
        <time>2026-03-21T12:23:36.193Z</time>
      </trkpt>
      <trkpt lat="38.743635" lon="-0.038531">
        <ele>207.683410</ele>
        <time>2026-03-21T12:23:40.096Z</time>
      </trkpt>
      <trkpt lat="38.743892" lon="-0.038038">
        <ele>205.927537</ele>
        <time>2026-03-21T12:23:47.042Z</time>
      </trkpt>
      <trkpt lat="38.743695" lon="-0.037994">
        <ele>205.678589</ele>
        <time>2026-03-21T12:23:49.241Z</time>
      </trkpt>
      <trkpt lat="38.743624" lon="-0.037948">
        <ele>205.720083</ele>
        <time>2026-03-21T12:23:50.155Z</time>
      </trkpt>
      <trkpt lat="38.743527" lon="-0.037549">
        <ele>205.890110</ele>
        <time>2026-03-21T12:23:54.109Z</time>
      </trkpt>
      <trkpt lat="38.743227" lon="-0.037058">
        <ele>206.143857</ele>
        <time>2026-03-21T12:24:02.797Z</time>
      </trkpt>
      <trkpt lat="38.743056" lon="-0.036637">
        <ele>206.336966</ele>
        <time>2026-03-21T12:24:10.841Z</time>
      </trkpt>
      <trkpt lat="38.743018" lon="-0.036593">
        <ele>206.363674</ele>
        <time>2026-03-21T12:24:12.053Z</time>
      </trkpt>
      <trkpt lat="38.742390" lon="-0.036647">
        <ele>206.831058</ele>
        <time>2026-03-21T12:24:27.119Z</time>
      </trkpt>
      <trkpt lat="38.742350" lon="-0.036562">
        <ele>206.912494</ele>
        <time>2026-03-21T12:24:29.022Z</time>
      </trkpt>
      <trkpt lat="38.742332" lon="-0.036274">
        <ele>207.149506</ele>
        <time>2026-03-21T12:24:34.882Z</time>
      </trkpt>
      <trkpt lat="38.742475" lon="-0.035379">
        <ele>207.898946</ele>
        <time>2026-03-21T12:24:50.497Z</time>
      </trkpt>
      <trkpt lat="38.742432" lon="-0.034913">
        <ele>208.283884</ele>
        <time>2026-03-21T12:24:55.043Z</time>
      </trkpt>
      <trkpt lat="38.742435" lon="-0.034726">
        <ele>208.437318</ele>
        <time>2026-03-21T12:24:56.754Z</time>
      </trkpt>
      <trkpt lat="38.742603" lon="-0.034013">
        <ele>207.880353</ele>
        <time>2026-03-21T12:25:03.527Z</time>
      </trkpt>
      <trkpt lat="38.742581" lon="-0.033727">
        <ele>207.658305</ele>
        <time>2026-03-21T12:25:06.080Z</time>
      </trkpt>
      <trkpt lat="38.742461" lon="-0.033510">
        <ele>207.452777</ele>
        <time>2026-03-21T12:25:08.432Z</time>
      </trkpt>
      <trkpt lat="38.742494" lon="-0.033361">
        <ele>207.333102</ele>
        <time>2026-03-21T12:25:09.805Z</time>
      </trkpt>
      <trkpt lat="38.742612" lon="-0.033295">
        <ele>207.205571</ele>
        <time>2026-03-21T12:25:11.275Z</time>
      </trkpt>
      <trkpt lat="38.742671" lon="-0.033218">
        <ele>207.122172</ele>
        <time>2026-03-21T12:25:12.269Z</time>
      </trkpt>
      <trkpt lat="38.742821" lon="-0.032817">
        <ele>206.778554</ele>
        <time>2026-03-21T12:25:16.708Z</time>
      </trkpt>
      <trkpt lat="38.743058" lon="-0.032106">
        <ele>206.568274</ele>
        <time>2026-03-21T12:25:26.831Z</time>
      </trkpt>
      <trkpt lat="38.743068" lon="-0.031925">
        <ele>206.540225</ele>
        <time>2026-03-21T12:25:29.109Z</time>
      </trkpt>
      <trkpt lat="38.742976" lon="-0.031457">
        <ele>206.465619</ele>
        <time>2026-03-21T12:25:34.744Z</time>
      </trkpt>
      <trkpt lat="38.742858" lon="-0.031226">
        <ele>206.422934</ele>
        <time>2026-03-21T12:25:37.803Z</time>
      </trkpt>
      <trkpt lat="38.742806" lon="-0.030998">
        <ele>206.386213</ele>
        <time>2026-03-21T12:25:40.400Z</time>
      </trkpt>
      <trkpt lat="38.742967" lon="-0.030412">
        <ele>206.125297</ele>
        <time>2026-03-21T12:25:46.959Z</time>
      </trkpt>
      <trkpt lat="38.743288" lon="-0.029834">
        <ele>205.035538</ele>
        <time>2026-03-21T12:25:53.397Z</time>
      </trkpt>
      <trkpt lat="38.743340" lon="-0.029025">
        <ele>203.788837</ele>
        <time>2026-03-21T12:26:00.242Z</time>
      </trkpt>
      <trkpt lat="38.743347" lon="-0.028473">
        <ele>202.940945</ele>
        <time>2026-03-21T12:26:04.767Z</time>
      </trkpt>
      <trkpt lat="38.743454" lon="-0.028007">
        <ele>201.861046</ele>
        <time>2026-03-21T12:26:08.622Z</time>
      </trkpt>
      <trkpt lat="38.743531" lon="-0.027767">
        <ele>201.229866</ele>
        <time>2026-03-21T12:26:10.649Z</time>
      </trkpt>
      <trkpt lat="38.743564" lon="-0.027733">
        <ele>201.097851</ele>
        <time>2026-03-21T12:26:11.257Z</time>
      </trkpt>
      <trkpt lat="38.743908" lon="-0.027618">
        <ele>199.989270</ele>
        <time>2026-03-21T12:26:16.354Z</time>
      </trkpt>
      <trkpt lat="38.744079" lon="-0.027512">
        <ele>199.396978</ele>
        <time>2026-03-21T12:26:19.088Z</time>
      </trkpt>
      <trkpt lat="38.744167" lon="-0.027534">
        <ele>199.117394</ele>
        <time>2026-03-21T12:26:20.384Z</time>
      </trkpt>
      <trkpt lat="38.744301" lon="-0.027660">
        <ele>198.599205</ele>
        <time>2026-03-21T12:26:22.788Z</time>
      </trkpt>
      <trkpt lat="38.744579" lon="-0.027675">
        <ele>197.731533</ele>
        <time>2026-03-21T12:26:26.828Z</time>
      </trkpt>
      <trkpt lat="38.744654" lon="-0.027621">
        <ele>197.463302</ele>
        <time>2026-03-21T12:26:28.093Z</time>
      </trkpt>
      <trkpt lat="38.744611" lon="-0.027473">
        <ele>197.117150</ele>
        <time>2026-03-21T12:26:29.907Z</time>
      </trkpt>
      <trkpt lat="38.744441" lon="-0.027104">
        <ele>196.576599</ele>
        <time>2026-03-21T12:26:34.976Z</time>
      </trkpt>
      <trkpt lat="38.744210" lon="-0.026788">
        <ele>196.030330</ele>
        <time>2026-03-21T12:26:40.292Z</time>
      </trkpt>
      <trkpt lat="38.744103" lon="-0.026264">
        <ele>195.347130</ele>
        <time>2026-03-21T12:26:47.959Z</time>
      </trkpt>
      <trkpt lat="38.743853" lon="-0.025490">
        <ele>194.290474</ele>
        <time>2026-03-21T12:26:59.185Z</time>
      </trkpt>
      <trkpt lat="38.743793" lon="-0.025365">
        <ele>194.125066</ele>
        <time>2026-03-21T12:27:01.048Z</time>
      </trkpt>
      <trkpt lat="38.743699" lon="-0.025277">
        <ele>193.962620</ele>
        <time>2026-03-21T12:27:02.961Z</time>
      </trkpt>
      <trkpt lat="38.743610" lon="-0.025165">
        <ele>193.788567</ele>
        <time>2026-03-21T12:27:04.974Z</time>
      </trkpt>
      <trkpt lat="38.743542" lon="-0.024988">
        <ele>193.573783</ele>
        <time>2026-03-21T12:27:07.481Z</time>
      </trkpt>
      <trkpt lat="38.743540" lon="-0.024447">
        <ele>192.984856</ele>
        <time>2026-03-21T12:27:14.507Z</time>
      </trkpt>
      <trkpt lat="38.743477" lon="-0.024090">
        <ele>192.586410</ele>
        <time>2026-03-21T12:27:19.392Z</time>
      </trkpt>
      <trkpt lat="38.743418" lon="-0.023752">
        <ele>192.209368</ele>
        <time>2026-03-21T12:27:23.736Z</time>
      </trkpt>
      <trkpt lat="38.743383" lon="-0.023251">
        <ele>191.674655</ele>
        <time>2026-03-21T12:27:30.119Z</time>
      </trkpt>
      <trkpt lat="38.743407" lon="-0.022922">
        <ele>191.374827</ele>
        <time>2026-03-21T12:27:34.483Z</time>
      </trkpt>
      <trkpt lat="38.743475" lon="-0.022645">
        <ele>191.111329</ele>
        <time>2026-03-21T12:27:38.481Z</time>
      </trkpt>
      <trkpt lat="38.743639" lon="-0.022198">
        <ele>190.663101</ele>
        <time>2026-03-21T12:27:45.343Z</time>
      </trkpt>
      <trkpt lat="38.744089" lon="-0.021767">
        <ele>190.009644</ele>
        <time>2026-03-21T12:27:55.022Z</time>
      </trkpt>
      <trkpt lat="38.744386" lon="-0.021250">
        <ele>189.466861</ele>
        <time>2026-03-21T12:28:03.336Z</time>
      </trkpt>
      <trkpt lat="38.744471" lon="-0.021045">
        <ele>189.294434</ele>
        <time>2026-03-21T12:28:06.348Z</time>
      </trkpt>
      <trkpt lat="38.744583" lon="-0.020637">
        <ele>188.973199</ele>
        <time>2026-03-21T12:28:12.010Z</time>
      </trkpt>
      <trkpt lat="38.744620" lon="-0.020219">
        <ele>188.660765</ele>
        <time>2026-03-21T12:28:17.578Z</time>
      </trkpt>
      <trkpt lat="38.744588" lon="-0.019693">
        <ele>188.268928</ele>
        <time>2026-03-21T12:28:24.851Z</time>
      </trkpt>
      <trkpt lat="38.744528" lon="-0.019456">
        <ele>188.083872</ele>
        <time>2026-03-21T12:28:28.427Z</time>
      </trkpt>
      <trkpt lat="38.744416" lon="-0.019153">
        <ele>187.913411</ele>
        <time>2026-03-21T12:28:33.311Z</time>
      </trkpt>
      <trkpt lat="38.744340" lon="-0.019114">
        <ele>187.897345</ele>
        <time>2026-03-21T12:28:34.920Z</time>
      </trkpt>
      <trkpt lat="38.744243" lon="-0.018827">
        <ele>187.849468</ele>
        <time>2026-03-21T12:28:38.471Z</time>
      </trkpt>
      <trkpt lat="38.744129" lon="-0.018487">
        <ele>187.792821</ele>
        <time>2026-03-21T12:28:42.802Z</time>
      </trkpt>
      <trkpt lat="38.743808" lon="-0.017414">
        <ele>187.616914</ele>
        <time>2026-03-21T12:28:56.555Z</time>
      </trkpt>
      <trkpt lat="38.743593" lon="-0.016573">
        <ele>187.068316</ele>
        <time>2026-03-21T12:29:05.129Z</time>
      </trkpt>
      <trkpt lat="38.743440" lon="-0.015728">
        <ele>186.383520</ele>
        <time>2026-03-21T12:29:13.180Z</time>
      </trkpt>
      <trkpt lat="38.743375" lon="-0.015520">
        <ele>186.206632</ele>
        <time>2026-03-21T12:29:15.206Z</time>
      </trkpt>
      <trkpt lat="38.743263" lon="-0.015291">
        <ele>185.993253</ele>
        <time>2026-03-21T12:29:17.713Z</time>
      </trkpt>
      <trkpt lat="38.742885" lon="-0.014734">
        <ele>186.058266</ele>
        <time>2026-03-21T12:29:24.580Z</time>
      </trkpt>
      <trkpt lat="38.742779" lon="-0.014506">
        <ele>186.236638</ele>
        <time>2026-03-21T12:29:27.555Z</time>
      </trkpt>
      <trkpt lat="38.742650" lon="-0.014176">
        <ele>186.484695</ele>
        <time>2026-03-21T12:29:32.464Z</time>
      </trkpt>
      <trkpt lat="38.742640" lon="-0.014140">
        <ele>186.510376</ele>
        <time>2026-03-21T12:29:33.025Z</time>
      </trkpt>
      <trkpt lat="38.742585" lon="-0.014058">
        <ele>186.583054</ele>
        <time>2026-03-21T12:29:34.596Z</time>
      </trkpt>
      <trkpt lat="38.742416" lon="-0.013677">
        <ele>186.877599</ele>
        <time>2026-03-21T12:29:41.451Z</time>
      </trkpt>
      <trkpt lat="38.742249" lon="-0.013289">
        <ele>187.175406</ele>
        <time>2026-03-21T12:29:49.499Z</time>
      </trkpt>
      <trkpt lat="38.742210" lon="-0.013100">
        <ele>187.306787</ele>
        <time>2026-03-21T12:29:53.400Z</time>
      </trkpt>
      <trkpt lat="38.741712" lon="-0.013226">
        <ele>188.573554</ele>
        <time>2026-03-21T12:30:07.239Z</time>
      </trkpt>
      <trkpt lat="38.741647" lon="-0.013243">
        <ele>188.739924</ele>
        <time>2026-03-21T12:30:09.065Z</time>
      </trkpt>
      <trkpt lat="38.741305" lon="-0.013323">
        <ele>189.611778</ele>
        <time>2026-03-21T12:30:18.780Z</time>
      </trkpt>
      <trkpt lat="38.740769" lon="-0.013455">
        <ele>190.980577</ele>
        <time>2026-03-21T12:30:32.825Z</time>
      </trkpt>
      <trkpt lat="38.740670" lon="-0.013452">
        <ele>191.228927</ele>
        <time>2026-03-21T12:30:35.216Z</time>
      </trkpt>
      <trkpt lat="38.740611" lon="-0.013421">
        <ele>191.388836</ele>
        <time>2026-03-21T12:30:36.667Z</time>
      </trkpt>
      <trkpt lat="38.740513" lon="-0.013318">
        <ele>191.706638</ele>
        <time>2026-03-21T12:30:39.461Z</time>
      </trkpt>
      <trkpt lat="38.740406" lon="-0.013106">
        <ele>191.775126</ele>
        <time>2026-03-21T12:30:43.481Z</time>
      </trkpt>
      <trkpt lat="38.740228" lon="-0.012726">
        <ele>191.670748</ele>
        <time>2026-03-21T12:30:49.718Z</time>
      </trkpt>
      <trkpt lat="38.740097" lon="-0.012453">
        <ele>191.595270</ele>
        <time>2026-03-21T12:30:53.844Z</time>
      </trkpt>
      <trkpt lat="38.740228" lon="-0.012726">
        <ele>191.519793</ele>
        <time>2026-03-21T12:30:57.211Z</time>
      </trkpt>
      <trkpt lat="38.740406" lon="-0.013106">
        <ele>191.415415</ele>
        <time>2026-03-21T12:31:01.563Z</time>
      </trkpt>
      <trkpt lat="38.740513" lon="-0.013318">
        <ele>191.355953</ele>
        <time>2026-03-21T12:31:03.849Z</time>
      </trkpt>
      <trkpt lat="38.740611" lon="-0.013421">
        <ele>191.317696</ele>
        <time>2026-03-21T12:31:05.267Z</time>
      </trkpt>
      <trkpt lat="38.740670" lon="-0.013452">
        <ele>191.298446</ele>
        <time>2026-03-21T12:31:05.964Z</time>
      </trkpt>
      <trkpt lat="38.740769" lon="-0.013455">
        <ele>191.192173</ele>
        <time>2026-03-21T12:31:07.038Z</time>
      </trkpt>
      <trkpt lat="38.741305" lon="-0.013323">
        <ele>189.671104</ele>
        <time>2026-03-21T12:31:12.723Z</time>
      </trkpt>
      <trkpt lat="38.741647" lon="-0.013243">
        <ele>188.702262</ele>
        <time>2026-03-21T12:31:16.229Z</time>
      </trkpt>
      <trkpt lat="38.741712" lon="-0.013226">
        <ele>188.517385</ele>
        <time>2026-03-21T12:31:16.897Z</time>
      </trkpt>
      <trkpt lat="38.742210" lon="-0.013100">
        <ele>187.102759</ele>
        <time>2026-03-21T12:31:21.897Z</time>
      </trkpt>
      <trkpt lat="38.742249" lon="-0.013289">
        <ele>186.677801</ele>
        <time>2026-03-21T12:31:23.459Z</time>
      </trkpt>
      <trkpt lat="38.742416" lon="-0.013677">
        <ele>186.196173</ele>
        <time>2026-03-21T12:31:27.185Z</time>
      </trkpt>
      <trkpt lat="38.742506" lon="-0.013818">
        <ele>186.146499</ele>
        <time>2026-03-21T12:31:28.838Z</time>
      </trkpt>
      <trkpt lat="38.742639" lon="-0.013867">
        <ele>186.098126</ele>
        <time>2026-03-21T12:31:30.469Z</time>
      </trkpt>
      <trkpt lat="38.742667" lon="-0.013852">
        <ele>186.087519</ele>
        <time>2026-03-21T12:31:30.810Z</time>
      </trkpt>
      <trkpt lat="38.742739" lon="-0.013855">
        <ele>186.062338</ele>
        <time>2026-03-21T12:31:31.696Z</time>
      </trkpt>
      <trkpt lat="38.742798" lon="-0.013909">
        <ele>186.036998</ele>
        <time>2026-03-21T12:31:32.583Z</time>
      </trkpt>
      <trkpt lat="38.742822" lon="-0.013987">
        <ele>186.014137</ele>
        <time>2026-03-21T12:31:33.412Z</time>
      </trkpt>
      <trkpt lat="38.742811" lon="-0.014070">
        <ele>185.991184</ele>
        <time>2026-03-21T12:31:34.287Z</time>
      </trkpt>
      <trkpt lat="38.742756" lon="-0.014269">
        <ele>185.933623</ele>
        <time>2026-03-21T12:31:36.459Z</time>
      </trkpt>
      <trkpt lat="38.742779" lon="-0.014506">
        <ele>185.868510</ele>
        <time>2026-03-21T12:31:39.070Z</time>
      </trkpt>
      <trkpt lat="38.742885" lon="-0.014734">
        <ele>185.796143</ele>
        <time>2026-03-21T12:31:42.540Z</time>
      </trkpt>
      <trkpt lat="38.743263" lon="-0.015291">
        <ele>185.770759</ele>
        <time>2026-03-21T12:31:54.920Z</time>
      </trkpt>
      <trkpt lat="38.743375" lon="-0.015520">
        <ele>186.008091</ele>
        <time>2026-03-21T12:31:59.637Z</time>
      </trkpt>
      <trkpt lat="38.743440" lon="-0.015728">
        <ele>186.204836</ele>
        <time>2026-03-21T12:32:03.298Z</time>
      </trkpt>
      <trkpt lat="38.743593" lon="-0.016573">
        <ele>186.966506</ele>
        <time>2026-03-21T12:32:16.621Z</time>
      </trkpt>
      <trkpt lat="38.743808" lon="-0.017414">
        <ele>187.676370</ele>
        <time>2026-03-21T12:32:29.303Z</time>
      </trkpt>
      <trkpt lat="38.744129" lon="-0.018487">
        <ele>187.860654</ele>
        <time>2026-03-21T12:32:42.543Z</time>
      </trkpt>
      <trkpt lat="38.744243" lon="-0.018827">
        <ele>187.919999</ele>
        <time>2026-03-21T12:32:47.029Z</time>
      </trkpt>
      <trkpt lat="38.744340" lon="-0.019114">
        <ele>187.970156</ele>
        <time>2026-03-21T12:32:50.922Z</time>
      </trkpt>
      <trkpt lat="38.744355" lon="-0.019158">
        <ele>187.977856</ele>
        <time>2026-03-21T12:32:51.474Z</time>
      </trkpt>
      <trkpt lat="38.744471" lon="-0.019539">
        <ele>188.088790</ele>
        <time>2026-03-21T12:32:56.226Z</time>
      </trkpt>
      <trkpt lat="38.744484" lon="-0.019739">
        <ele>188.239677</ele>
        <time>2026-03-21T12:32:58.484Z</time>
      </trkpt>
      <trkpt lat="38.744455" lon="-0.020182">
        <ele>188.573909</ele>
        <time>2026-03-21T12:33:04.209Z</time>
      </trkpt>
      <trkpt lat="38.744472" lon="-0.020336">
        <ele>188.690844</ele>
        <time>2026-03-21T12:33:06.369Z</time>
      </trkpt>
      <trkpt lat="38.744538" lon="-0.020428">
        <ele>188.784822</ele>
        <time>2026-03-21T12:33:08.149Z</time>
      </trkpt>
      <trkpt lat="38.744977" lon="-0.020620">
        <ele>189.231940</ele>
        <time>2026-03-21T12:33:17.584Z</time>
      </trkpt>
      <trkpt lat="38.745081" lon="-0.020720">
        <ele>189.357250</ele>
        <time>2026-03-21T12:33:20.247Z</time>
      </trkpt>
      <trkpt lat="38.745095" lon="-0.021041">
        <ele>189.598962</ele>
        <time>2026-03-21T12:33:25.385Z</time>
      </trkpt>
      <trkpt lat="38.745090" lon="-0.021450">
        <ele>190.014693</ele>
        <time>2026-03-21T12:33:31.915Z</time>
      </trkpt>
      <trkpt lat="38.745120" lon="-0.021608">
        <ele>190.230405</ele>
        <time>2026-03-21T12:33:34.576Z</time>
      </trkpt>
      <trkpt lat="38.745303" lon="-0.022161">
        <ele>191.027269</ele>
        <time>2026-03-21T12:33:45.160Z</time>
      </trkpt>
      <trkpt lat="38.745642" lon="-0.022978">
        <ele>192.254858</ele>
        <time>2026-03-21T12:34:01.089Z</time>
      </trkpt>
      <trkpt lat="38.745989" lon="-0.023764">
        <ele>193.328179</ele>
        <time>2026-03-21T12:34:15.718Z</time>
      </trkpt>
      <trkpt lat="38.746298" lon="-0.024494">
        <ele>194.211364</ele>
        <time>2026-03-21T12:34:30.132Z</time>
      </trkpt>
      <trkpt lat="38.746336" lon="-0.024631">
        <ele>194.365978</ele>
        <time>2026-03-21T12:34:32.486Z</time>
      </trkpt>
      <trkpt lat="38.746358" lon="-0.024709">
        <ele>194.454175</ele>
        <time>2026-03-21T12:34:33.813Z</time>
      </trkpt>
      <trkpt lat="38.746503" lon="-0.025469">
        <ele>195.287279</ele>
        <time>2026-03-21T12:34:44.933Z</time>
      </trkpt>
      <trkpt lat="38.746746" lon="-0.027059">
        <ele>197.211353</ele>
        <time>2026-03-21T12:35:07.535Z</time>
      </trkpt>
      <trkpt lat="38.746752" lon="-0.027091">
        <ele>197.250436</ele>
        <time>2026-03-21T12:35:08.101Z</time>
      </trkpt>
      <trkpt lat="38.746892" lon="-0.027743">
        <ele>198.089871</ele>
        <time>2026-03-21T12:35:21.622Z</time>
      </trkpt>
      <trkpt lat="38.747191" lon="-0.028491">
        <ele>200.029645</ele>
        <time>2026-03-21T12:35:41.091Z</time>
      </trkpt>
      <trkpt lat="38.747346" lon="-0.028937">
        <ele>201.156493</ele>
        <time>2026-03-21T12:35:52.492Z</time>
      </trkpt>
      <trkpt lat="38.747434" lon="-0.029897">
        <ele>203.349333</ele>
        <time>2026-03-21T12:36:12.073Z</time>
      </trkpt>
      <trkpt lat="38.747548" lon="-0.030428">
        <ele>203.656654</ele>
        <time>2026-03-21T12:36:20.509Z</time>
      </trkpt>
      <trkpt lat="38.747737" lon="-0.031108">
        <ele>204.059471</ele>
        <time>2026-03-21T12:36:29.494Z</time>
      </trkpt>
      <trkpt lat="38.747978" lon="-0.031999">
        <ele>204.585702</ele>
        <time>2026-03-21T12:36:40.015Z</time>
      </trkpt>
      <trkpt lat="38.747983" lon="-0.032432">
        <ele>205.435088</ele>
        <time>2026-03-21T12:36:45.596Z</time>
      </trkpt>
      <trkpt lat="38.747946" lon="-0.033030">
        <ele>206.770865</ele>
        <time>2026-03-21T12:36:56.076Z</time>
      </trkpt>
      <trkpt lat="38.747950" lon="-0.033415">
        <ele>207.628237</ele>
        <time>2026-03-21T12:37:04.517Z</time>
      </trkpt>
      <trkpt lat="38.747986" lon="-0.033625">
        <ele>208.107016</ele>
        <time>2026-03-21T12:37:09.557Z</time>
      </trkpt>
      <trkpt lat="38.748085" lon="-0.033881">
        <ele>208.743293</ele>
        <time>2026-03-21T12:37:16.787Z</time>
      </trkpt>
      <trkpt lat="38.748422" lon="-0.034373">
        <ele>210.327187</ele>
        <time>2026-03-21T12:37:34.576Z</time>
      </trkpt>
      <trkpt lat="38.748882" lon="-0.035250">
        <ele>213.350589</ele>
        <time>2026-03-21T12:38:01.959Z</time>
      </trkpt>
      <trkpt lat="38.749436" lon="-0.036324">
        <ele>216.739345</ele>
        <time>2026-03-21T12:38:27.537Z</time>
      </trkpt>
      <trkpt lat="38.749522" lon="-0.036547">
        <ele>217.141230</ele>
        <time>2026-03-21T12:38:31.811Z</time>
      </trkpt>
      <trkpt lat="38.749599" lon="-0.036891">
        <ele>217.719383</ele>
        <time>2026-03-21T12:38:37.894Z</time>
      </trkpt>
      <trkpt lat="38.749683" lon="-0.037517">
        <ele>218.745516</ele>
        <time>2026-03-21T12:38:48.678Z</time>
      </trkpt>
      <trkpt lat="38.749685" lon="-0.037531">
        <ele>218.768509</ele>
        <time>2026-03-21T12:38:48.917Z</time>
      </trkpt>
      <trkpt lat="38.749731" lon="-0.037718">
        <ele>219.085269</ele>
        <time>2026-03-21T12:38:52.239Z</time>
      </trkpt>
      <trkpt lat="38.749737" lon="-0.037740">
        <ele>219.122919</ele>
        <time>2026-03-21T12:38:52.637Z</time>
      </trkpt>
      <trkpt lat="38.749870" lon="-0.037992">
        <ele>219.614471</ele>
        <time>2026-03-21T12:38:57.760Z</time>
      </trkpt>
      <trkpt lat="38.749926" lon="-0.038063">
        <ele>219.777599</ele>
        <time>2026-03-21T12:38:59.417Z</time>
      </trkpt>
      <trkpt lat="38.750048" lon="-0.038179">
        <ele>220.099468</ele>
        <time>2026-03-21T12:39:02.682Z</time>
      </trkpt>
      <trkpt lat="38.750532" lon="-0.038523">
        <ele>222.111432</ele>
        <time>2026-03-21T12:39:17.094Z</time>
      </trkpt>
      <trkpt lat="38.750816" lon="-0.038826">
        <ele>223.454677</ele>
        <time>2026-03-21T12:39:29.557Z</time>
      </trkpt>
      <trkpt lat="38.751015" lon="-0.039170">
        <ele>224.669119</ele>
        <time>2026-03-21T12:39:41.099Z</time>
      </trkpt>
      <trkpt lat="38.751092" lon="-0.039440">
        <ele>225.484270</ele>
        <time>2026-03-21T12:39:48.412Z</time>
      </trkpt>
      <trkpt lat="38.751163" lon="-0.040068">
        <ele>226.717535</ele>
        <time>2026-03-21T12:40:03.512Z</time>
      </trkpt>
      <trkpt lat="38.751259" lon="-0.040326">
        <ele>226.834539</ele>
        <time>2026-03-21T12:40:09.599Z</time>
      </trkpt>
      <trkpt lat="38.751527" lon="-0.040782">
        <ele>227.068247</ele>
        <time>2026-03-21T12:40:18.943Z</time>
      </trkpt>
      <trkpt lat="38.751744" lon="-0.041150">
        <ele>227.257080</ele>
        <time>2026-03-21T12:40:23.698Z</time>
      </trkpt>
      <trkpt lat="38.751832" lon="-0.041345">
        <ele>227.349293</ele>
        <time>2026-03-21T12:40:25.639Z</time>
      </trkpt>
      <trkpt lat="38.752023" lon="-0.041757">
        <ele>227.545470</ele>
        <time>2026-03-21T12:40:29.575Z</time>
      </trkpt>
      <trkpt lat="38.751967" lon="-0.041798">
        <ele>227.570806</ele>
        <time>2026-03-21T12:40:30.283Z</time>
      </trkpt>
      <trkpt lat="38.751936" lon="-0.041821">
        <ele>227.577559</ele>
        <time>2026-03-21T12:40:30.670Z</time>
      </trkpt>
      <trkpt lat="38.751307" lon="-0.042277">
        <ele>227.713787</ele>
        <time>2026-03-21T12:40:38.973Z</time>
      </trkpt>
      <trkpt lat="38.751249" lon="-0.042319">
        <ele>227.726345</ele>
        <time>2026-03-21T12:40:39.843Z</time>
      </trkpt>
      <trkpt lat="38.751334" lon="-0.042481">
        <ele>227.755053</ele>
        <time>2026-03-21T12:40:42.185Z</time>
      </trkpt>
      <trkpt lat="38.751610" lon="-0.042856">
        <ele>227.830866</ele>
        <time>2026-03-21T12:40:50.001Z</time>
      </trkpt>
      <trkpt lat="38.751755" lon="-0.043053">
        <ele>227.870695</ele>
        <time>2026-03-21T12:40:54.802Z</time>
      </trkpt>
      <trkpt lat="38.751889" lon="-0.043249">
        <ele>227.973293</ele>
        <time>2026-03-21T12:40:59.968Z</time>
      </trkpt>
      <trkpt lat="38.752071" lon="-0.043579">
        <ele>229.017602</ele>
        <time>2026-03-21T12:41:08.907Z</time>
      </trkpt>
      <trkpt lat="38.752188" lon="-0.044138">
        <ele>230.513031</ele>
        <time>2026-03-21T12:41:21.838Z</time>
      </trkpt>
      <trkpt lat="38.752346" lon="-0.044973">
        <ele>232.733056</ele>
        <time>2026-03-21T12:41:40.955Z</time>
      </trkpt>
      <trkpt lat="38.752400" lon="-0.045117">
        <ele>233.145895</ele>
        <time>2026-03-21T12:41:44.591Z</time>
      </trkpt>
      <trkpt lat="38.752445" lon="-0.045191">
        <ele>233.388348</ele>
        <time>2026-03-21T12:41:46.700Z</time>
      </trkpt>
      <trkpt lat="38.752599" lon="-0.045355">
        <ele>234.119875</ele>
        <time>2026-03-21T12:41:52.629Z</time>
      </trkpt>
      <trkpt lat="38.752928" lon="-0.045578">
        <ele>235.802224</ele>
        <time>2026-03-21T12:42:03.759Z</time>
      </trkpt>
      <trkpt lat="38.753794" lon="-0.046114">
        <ele>240.149431</ele>
        <time>2026-03-21T12:42:34.438Z</time>
      </trkpt>
      <trkpt lat="38.753947" lon="-0.046248">
        <ele>240.987048</ele>
        <time>2026-03-21T12:42:41.499Z</time>
      </trkpt>
      <trkpt lat="38.754014" lon="-0.046357">
        <ele>241.476348</ele>
        <time>2026-03-21T12:42:45.632Z</time>
      </trkpt>
      <trkpt lat="38.754067" lon="-0.046530">
        <ele>242.170319</ele>
        <time>2026-03-21T12:42:51.229Z</time>
      </trkpt>
      <trkpt lat="38.754063" lon="-0.046920">
        <ele>243.936121</ele>
        <time>2026-03-21T12:43:03.001Z</time>
      </trkpt>
      <trkpt lat="38.754041" lon="-0.047379">
        <ele>246.018077</ele>
        <time>2026-03-21T12:43:16.435Z</time>
      </trkpt>
      <trkpt lat="38.754137" lon="-0.047911">
        <ele>248.490244</ele>
        <time>2026-03-21T12:43:32.117Z</time>
      </trkpt>
      <trkpt lat="38.754264" lon="-0.048372">
        <ele>250.703730</ele>
        <time>2026-03-21T12:43:47.665Z</time>
      </trkpt>
      <trkpt lat="38.754281" lon="-0.048682">
        <ele>252.110657</ele>
        <time>2026-03-21T12:43:57.831Z</time>
      </trkpt>
      <trkpt lat="38.754232" lon="-0.049150">
        <ele>253.584403</ele>
        <time>2026-03-21T12:44:12.226Z</time>
      </trkpt>
      <trkpt lat="38.754213" lon="-0.049304">
        <ele>254.031460</ele>
        <time>2026-03-21T12:44:16.991Z</time>
      </trkpt>
      <trkpt lat="38.754197" lon="-0.049419">
        <ele>254.366407</ele>
        <time>2026-03-21T12:44:19.925Z</time>
      </trkpt>
      <trkpt lat="38.754188" lon="-0.049585">
        <ele>254.843529</ele>
        <time>2026-03-21T12:44:23.800Z</time>
      </trkpt>
      <trkpt lat="38.754218" lon="-0.049920">
        <ele>255.810390</ele>
        <time>2026-03-21T12:44:30.887Z</time>
      </trkpt>
      <trkpt lat="38.754278" lon="-0.050161">
        <ele>256.535771</ele>
        <time>2026-03-21T12:44:36.374Z</time>
      </trkpt>
      <trkpt lat="38.754365" lon="-0.050377">
        <ele>257.232839</ele>
        <time>2026-03-21T12:44:41.910Z</time>
      </trkpt>
      <trkpt lat="38.754492" lon="-0.050571">
        <ele>257.959107</ele>
        <time>2026-03-21T12:44:48.027Z</time>
      </trkpt>
      <trkpt lat="38.754690" lon="-0.050819">
        <ele>258.976771</ele>
        <time>2026-03-21T12:44:55.869Z</time>
      </trkpt>
      <trkpt lat="38.754780" lon="-0.050894">
        <ele>258.769140</ele>
        <time>2026-03-21T12:44:58.614Z</time>
      </trkpt>
      <trkpt lat="38.755621" lon="-0.051369">
        <ele>255.803837</ele>
        <time>2026-03-21T12:45:08.856Z</time>
      </trkpt>
      <trkpt lat="38.755670" lon="-0.051460">
        <ele>255.525567</ele>
        <time>2026-03-21T12:45:09.680Z</time>
      </trkpt>
      <trkpt lat="38.755686" lon="-0.051558">
        <ele>255.273620</ele>
        <time>2026-03-21T12:45:10.433Z</time>
      </trkpt>
      <trkpt lat="38.755675" lon="-0.051658">
        <ele>255.019496</ele>
        <time>2026-03-21T12:45:11.182Z</time>
      </trkpt>
      <trkpt lat="38.755476" lon="-0.052054">
        <ele>253.834050</ele>
        <time>2026-03-21T12:45:14.557Z</time>
      </trkpt>
      <trkpt lat="38.755336" lon="-0.052403">
        <ele>252.288649</ele>
        <time>2026-03-21T12:45:17.259Z</time>
      </trkpt>
      <trkpt lat="38.755245" lon="-0.052844">
        <ele>249.541252</ele>
        <time>2026-03-21T12:45:20.315Z</time>
      </trkpt>
      <trkpt lat="38.755177" lon="-0.054235">
        <ele>241.147298</ele>
        <time>2026-03-21T12:45:29.836Z</time>
      </trkpt>
      <trkpt lat="38.755187" lon="-0.054809">
        <ele>238.863988</ele>
        <time>2026-03-21T12:45:34.002Z</time>
      </trkpt>
      <trkpt lat="38.755051" lon="-0.055314">
        <ele>237.914355</ele>
        <time>2026-03-21T12:45:38.119Z</time>
      </trkpt>
      <trkpt lat="38.755011" lon="-0.055510">
        <ele>237.554242</ele>
        <time>2026-03-21T12:45:39.828Z</time>
      </trkpt>
      <trkpt lat="38.754999" lon="-0.055711">
        <ele>237.195927</ele>
        <time>2026-03-21T12:45:41.626Z</time>
      </trkpt>
      <trkpt lat="38.755020" lon="-0.055902">
        <ele>236.853075</ele>
        <time>2026-03-21T12:45:43.423Z</time>
      </trkpt>
      <trkpt lat="38.755070" lon="-0.056075">
        <ele>236.525136</ele>
        <time>2026-03-21T12:45:45.213Z</time>
      </trkpt>
      <trkpt lat="38.755144" lon="-0.056220">
        <ele>236.217120</ele>
        <time>2026-03-21T12:45:46.966Z</time>
      </trkpt>
      <trkpt lat="38.755508" lon="-0.056701">
        <ele>235.354196</ele>
        <time>2026-03-21T12:45:54.764Z</time>
      </trkpt>
      <trkpt lat="38.755598" lon="-0.056854">
        <ele>235.499190</ele>
        <time>2026-03-21T12:45:57.422Z</time>
      </trkpt>
      <trkpt lat="38.755893" lon="-0.057790">
        <ele>236.262982</ele>
        <time>2026-03-21T12:46:13.228Z</time>
      </trkpt>
      <trkpt lat="38.755942" lon="-0.057924">
        <ele>236.374954</ele>
        <time>2026-03-21T12:46:15.364Z</time>
      </trkpt>
      <trkpt lat="38.756368" lon="-0.058864">
        <ele>237.341274</ele>
        <time>2026-03-21T12:46:31.237Z</time>
      </trkpt>
      <trkpt lat="38.756955" lon="-0.060415">
        <ele>239.600697</ele>
        <time>2026-03-21T12:46:59.834Z</time>
      </trkpt>
      <trkpt lat="38.757322" lon="-0.061286">
        <ele>241.360604</ele>
        <time>2026-03-21T12:47:18.907Z</time>
      </trkpt>
      <trkpt lat="38.757363" lon="-0.061357">
        <ele>241.537636</ele>
        <time>2026-03-21T12:47:20.672Z</time>
      </trkpt>
      <trkpt lat="38.757480" lon="-0.061565">
        <ele>242.051545</ele>
        <time>2026-03-21T12:47:25.813Z</time>
      </trkpt>
      <trkpt lat="38.757517" lon="-0.061692">
        <ele>242.323208</ele>
        <time>2026-03-21T12:47:28.578Z</time>
      </trkpt>
      <trkpt lat="38.757613" lon="-0.061969">
        <ele>242.930610</ele>
        <time>2026-03-21T12:47:36.083Z</time>
      </trkpt>
      <trkpt lat="38.757761" lon="-0.062298">
        <ele>243.691688</ele>
        <time>2026-03-21T12:47:45.619Z</time>
      </trkpt>
      <trkpt lat="38.757881" lon="-0.062586">
        <ele>244.345996</ele>
        <time>2026-03-21T12:47:53.872Z</time>
      </trkpt>
      <trkpt lat="38.758208" lon="-0.063726">
        <ele>246.184969</ele>
        <time>2026-03-21T12:48:21.234Z</time>
      </trkpt>
      <trkpt lat="38.758308" lon="-0.064054">
        <ele>246.693916</ele>
        <time>2026-03-21T12:48:28.272Z</time>
      </trkpt>
      <trkpt lat="38.758566" lon="-0.064722">
        <ele>247.771190</ele>
        <time>2026-03-21T12:48:43.236Z</time>
      </trkpt>
      <trkpt lat="38.758737" lon="-0.065058">
        <ele>248.384632</ele>
        <time>2026-03-21T12:48:51.321Z</time>
      </trkpt>
      <trkpt lat="38.758908" lon="-0.065222">
        <ele>248.816121</ele>
        <time>2026-03-21T12:48:56.938Z</time>
      </trkpt>
      <trkpt lat="38.758987" lon="-0.065298">
        <ele>249.015685</ele>
        <time>2026-03-21T12:48:59.012Z</time>
      </trkpt>
      <trkpt lat="38.759102" lon="-0.065515">
        <ele>249.429112</ele>
        <time>2026-03-21T12:49:03.517Z</time>
      </trkpt>
      <trkpt lat="38.759192" lon="-0.065851">
        <ele>249.988924</ele>
        <time>2026-03-21T12:49:09.879Z</time>
      </trkpt>
      <trkpt lat="38.759206" lon="-0.067065">
        <ele>251.955535</ele>
        <time>2026-03-21T12:49:33.519Z</time>
      </trkpt>
      <trkpt lat="38.759247" lon="-0.067426">
        <ele>252.636939</ele>
        <time>2026-03-21T12:49:40.492Z</time>
      </trkpt>
      <trkpt lat="38.759371" lon="-0.067980">
        <ele>253.713505</ele>
        <time>2026-03-21T12:49:51.196Z</time>
      </trkpt>
      <trkpt lat="38.759398" lon="-0.068187">
        <ele>254.105519</ele>
        <time>2026-03-21T12:49:55.050Z</time>
      </trkpt>
      <trkpt lat="38.759496" lon="-0.068378">
        <ele>254.532578</ele>
        <time>2026-03-21T12:49:59.405Z</time>
      </trkpt>
      <trkpt lat="38.759638" lon="-0.068579">
        <ele>255.039178</ele>
        <time>2026-03-21T12:50:04.621Z</time>
      </trkpt>
      <trkpt lat="38.759776" lon="-0.069198">
        <ele>256.238390</ele>
        <time>2026-03-21T12:50:17.007Z</time>
      </trkpt>
      <trkpt lat="38.759831" lon="-0.069334">
        <ele>256.521593</ele>
        <time>2026-03-21T12:50:19.917Z</time>
      </trkpt>
      <trkpt lat="38.760028" lon="-0.069650">
        <ele>257.269473</ele>
        <time>2026-03-21T12:50:27.514Z</time>
      </trkpt>
      <trkpt lat="38.760867" lon="-0.070951">
        <ele>260.311319</ele>
        <time>2026-03-21T12:50:59.855Z</time>
      </trkpt>
      <trkpt lat="38.760977" lon="-0.071118">
        <ele>260.559220</ele>
        <time>2026-03-21T12:51:03.930Z</time>
      </trkpt>
      <trkpt lat="38.761168" lon="-0.071276">
        <ele>260.889762</ele>
        <time>2026-03-21T12:51:08.956Z</time>
      </trkpt>
      <trkpt lat="38.761203" lon="-0.071333">
        <ele>260.972035</ele>
        <time>2026-03-21T12:51:10.159Z</time>
      </trkpt>
      <trkpt lat="38.761239" lon="-0.071524">
        <ele>261.194866</ele>
        <time>2026-03-21T12:51:13.242Z</time>
      </trkpt>
      <trkpt lat="38.761331" lon="-0.071807">
        <ele>261.542560</ele>
        <time>2026-03-21T12:51:17.762Z</time>
      </trkpt>
      <trkpt lat="38.761456" lon="-0.072162">
        <ele>261.984269</ele>
        <time>2026-03-21T12:51:23.466Z</time>
      </trkpt>
      <trkpt lat="38.761502" lon="-0.072229">
        <ele>262.085500</ele>
        <time>2026-03-21T12:51:24.854Z</time>
      </trkpt>
      <trkpt lat="38.761598" lon="-0.072907">
        <ele>262.895294</ele>
        <time>2026-03-21T12:51:35.265Z</time>
      </trkpt>
      <trkpt lat="38.761697" lon="-0.073257">
        <ele>263.501110</ele>
        <time>2026-03-21T12:51:41.167Z</time>
      </trkpt>
      <trkpt lat="38.762099" lon="-0.074039">
        <ele>265.025175</ele>
        <time>2026-03-21T12:51:55.855Z</time>
      </trkpt>
      <trkpt lat="38.762282" lon="-0.074337">
        <ele>265.642382</ele>
        <time>2026-03-21T12:52:02.771Z</time>
      </trkpt>
      <trkpt lat="38.762369" lon="-0.074587">
        <ele>266.087839</ele>
        <time>2026-03-21T12:52:07.978Z</time>
      </trkpt>
      <trkpt lat="38.762314" lon="-0.075136">
        <ele>267.371253</ele>
        <time>2026-03-21T12:52:21.583Z</time>
      </trkpt>
      <trkpt lat="38.762310" lon="-0.075576">
        <ele>268.719441</ele>
        <time>2026-03-21T12:52:33.264Z</time>
      </trkpt>
      <trkpt lat="38.762276" lon="-0.075820">
        <ele>269.478865</ele>
        <time>2026-03-21T12:52:39.269Z</time>
      </trkpt>
      <trkpt lat="38.762172" lon="-0.076127">
        <ele>270.504404</ele>
        <time>2026-03-21T12:52:47.795Z</time>
      </trkpt>
      <trkpt lat="38.761944" lon="-0.076543">
        <ele>272.062325</ele>
        <time>2026-03-21T12:53:00.366Z</time>
      </trkpt>
      <trkpt lat="38.761885" lon="-0.076799">
        <ele>272.880220</ele>
        <time>2026-03-21T12:53:06.782Z</time>
      </trkpt>
      <trkpt lat="38.761849" lon="-0.077122">
        <ele>273.745403</ele>
        <time>2026-03-21T12:53:14.529Z</time>
      </trkpt>
      <trkpt lat="38.761797" lon="-0.077426">
        <ele>274.200983</ele>
        <time>2026-03-21T12:53:21.481Z</time>
      </trkpt>
      <trkpt lat="38.761718" lon="-0.077701">
        <ele>274.629982</ele>
        <time>2026-03-21T12:53:26.504Z</time>
      </trkpt>
      <trkpt lat="38.761552" lon="-0.078168">
        <ele>275.381263</ele>
        <time>2026-03-21T12:53:33.711Z</time>
      </trkpt>
      <trkpt lat="38.761417" lon="-0.078455">
        <ele>275.871901</ele>
        <time>2026-03-21T12:53:38.614Z</time>
      </trkpt>
      <trkpt lat="38.761330" lon="-0.078583">
        <ele>276.120459</ele>
        <time>2026-03-21T12:53:41.211Z</time>
      </trkpt>
      <trkpt lat="38.761125" lon="-0.078918">
        <ele>276.743818</ele>
        <time>2026-03-21T12:53:47.846Z</time>
      </trkpt>
      <trkpt lat="38.761051" lon="-0.079135">
        <ele>277.113560</ele>
        <time>2026-03-21T12:53:51.813Z</time>
      </trkpt>
      <trkpt lat="38.761027" lon="-0.079281">
        <ele>277.386905</ele>
        <time>2026-03-21T12:53:54.423Z</time>
      </trkpt>
      <trkpt lat="38.761023" lon="-0.079422">
        <ele>277.645382</ele>
        <time>2026-03-21T12:53:56.925Z</time>
      </trkpt>
      <trkpt lat="38.761129" lon="-0.080246">
        <ele>279.175321</ele>
        <time>2026-03-21T12:54:12.471Z</time>
      </trkpt>
      <trkpt lat="38.761170" lon="-0.080590">
        <ele>279.812833</ele>
        <time>2026-03-21T12:54:19.404Z</time>
      </trkpt>
      <trkpt lat="38.761204" lon="-0.080831">
        <ele>280.261503</ele>
        <time>2026-03-21T12:54:24.451Z</time>
      </trkpt>
      <trkpt lat="38.761250" lon="-0.080995">
        <ele>280.580789</ele>
        <time>2026-03-21T12:54:27.968Z</time>
      </trkpt>
      <trkpt lat="38.761621" lon="-0.081611">
        <ele>282.329181</ele>
        <time>2026-03-21T12:54:43.300Z</time>
      </trkpt>
      <trkpt lat="38.761644" lon="-0.081729">
        <ele>282.643879</ele>
        <time>2026-03-21T12:54:45.632Z</time>
      </trkpt>
      <trkpt lat="38.761618" lon="-0.081888">
        <ele>283.064213</ele>
        <time>2026-03-21T12:54:48.950Z</time>
      </trkpt>
      <trkpt lat="38.761651" lon="-0.081922">
        <ele>283.204670</ele>
        <time>2026-03-21T12:54:50.333Z</time>
      </trkpt>
      <trkpt lat="38.761692" lon="-0.081921">
        <ele>283.340738</ele>
        <time>2026-03-21T12:54:51.703Z</time>
      </trkpt>
      <trkpt lat="38.761872" lon="-0.081800">
        <ele>284.015075</ele>
        <time>2026-03-21T12:54:58.787Z</time>
      </trkpt>
      <trkpt lat="38.762392" lon="-0.081270">
        <ele>286.219041</ele>
        <time>2026-03-21T12:55:22.805Z</time>
      </trkpt>
      <trkpt lat="38.762733" lon="-0.081586">
        <ele>287.501148</ele>
        <time>2026-03-21T12:55:34.682Z</time>
      </trkpt>
      <trkpt lat="38.763131" lon="-0.081616">
        <ele>288.467405</ele>
        <time>2026-03-21T12:55:45.584Z</time>
      </trkpt>
      <trkpt lat="38.763455" lon="-0.081751">
        <ele>289.293055</ele>
        <time>2026-03-21T12:55:54.714Z</time>
      </trkpt>
      <trkpt lat="38.763895" lon="-0.081888">
        <ele>290.390416</ele>
        <time>2026-03-21T12:56:05.385Z</time>
      </trkpt>
      <trkpt lat="38.764452" lon="-0.082009">
        <ele>291.675885</ele>
        <time>2026-03-21T12:56:16.073Z</time>
      </trkpt>
      <trkpt lat="38.765083" lon="-0.082104">
        <ele>292.595157</ele>
        <time>2026-03-21T12:56:29.815Z</time>
      </trkpt>
      <trkpt lat="38.765429" lon="-0.082290">
        <ele>293.137988</ele>
        <time>2026-03-21T12:56:38.372Z</time>
      </trkpt>
      <trkpt lat="38.765670" lon="-0.082440">
        <ele>293.525588</ele>
        <time>2026-03-21T12:56:44.203Z</time>
      </trkpt>
      <trkpt lat="38.766044" lon="-0.082780">
        <ele>294.178575</ele>
        <time>2026-03-21T12:56:52.649Z</time>
      </trkpt>
      <trkpt lat="38.766474" lon="-0.082988">
        <ele>294.644849</ele>
        <time>2026-03-21T12:57:00.979Z</time>
      </trkpt>
      <trkpt lat="38.766731" lon="-0.083061">
        <ele>294.911918</ele>
        <time>2026-03-21T12:57:05.616Z</time>
      </trkpt>
      <trkpt lat="38.766872" lon="-0.083024">
        <ele>295.057940</ele>
        <time>2026-03-21T12:57:07.974Z</time>
      </trkpt>
      <trkpt lat="38.768139" lon="-0.082333">
        <ele>297.486018</ele>
        <time>2026-03-21T12:57:34.400Z</time>
      </trkpt>
      <trkpt lat="38.768218" lon="-0.082339">
        <ele>297.740414</ele>
        <time>2026-03-21T12:57:36.385Z</time>
      </trkpt>
      <trkpt lat="38.768289" lon="-0.082407">
        <ele>298.025261</ele>
        <time>2026-03-21T12:57:38.670Z</time>
      </trkpt>
      <trkpt lat="38.768329" lon="-0.082498">
        <ele>298.287087</ele>
        <time>2026-03-21T12:57:40.874Z</time>
      </trkpt>
      <trkpt lat="38.768279" lon="-0.082790">
        <ele>299.036382</ele>
        <time>2026-03-21T12:57:47.491Z</time>
      </trkpt>
      <trkpt lat="38.768288" lon="-0.082880">
        <ele>299.263801</ele>
        <time>2026-03-21T12:57:49.581Z</time>
      </trkpt>
      <trkpt lat="38.768323" lon="-0.082940">
        <ele>299.451612</ele>
        <time>2026-03-21T12:57:51.328Z</time>
      </trkpt>
      <trkpt lat="38.768628" lon="-0.083144">
        <ele>300.557364</ele>
        <time>2026-03-21T12:58:02.302Z</time>
      </trkpt>
      <trkpt lat="38.768696" lon="-0.083247">
        <ele>300.895631</ele>
        <time>2026-03-21T12:58:05.872Z</time>
      </trkpt>
      <trkpt lat="38.768723" lon="-0.083355">
        <ele>301.179890</ele>
        <time>2026-03-21T12:58:08.935Z</time>
      </trkpt>
      <trkpt lat="38.768718" lon="-0.083454">
        <ele>301.428537</ele>
        <time>2026-03-21T12:58:11.667Z</time>
      </trkpt>
      <trkpt lat="38.768647" lon="-0.083660">
        <ele>302.014725</ele>
        <time>2026-03-21T12:58:18.015Z</time>
      </trkpt>
      <trkpt lat="38.768523" lon="-0.084134">
        <ele>303.384995</ele>
        <time>2026-03-21T12:58:32.343Z</time>
      </trkpt>
      <trkpt lat="38.768268" lon="-0.085253">
        <ele>306.580163</ele>
        <time>2026-03-21T12:59:00.752Z</time>
      </trkpt>
      <trkpt lat="38.768293" lon="-0.085338">
        <ele>306.829148</ele>
        <time>2026-03-21T12:59:02.591Z</time>
      </trkpt>
      <trkpt lat="38.768436" lon="-0.085398">
        <ele>307.358031</ele>
        <time>2026-03-21T12:59:06.149Z</time>
      </trkpt>
      <trkpt lat="38.768556" lon="-0.085412">
        <ele>307.781592</ele>
        <time>2026-03-21T12:59:08.629Z</time>
      </trkpt>
      <trkpt lat="38.768802" lon="-0.085230">
        <ele>307.931734</ele>
        <time>2026-03-21T12:59:13.436Z</time>
      </trkpt>
      <trkpt lat="38.768976" lon="-0.085187">
        <ele>307.795835</ele>
        <time>2026-03-21T12:59:15.853Z</time>
      </trkpt>
      <trkpt lat="38.769217" lon="-0.085169">
        <ele>307.610694</ele>
        <time>2026-03-21T12:59:18.754Z</time>
      </trkpt>
      <trkpt lat="38.769470" lon="-0.085170">
        <ele>307.416662</ele>
        <time>2026-03-21T12:59:21.586Z</time>
      </trkpt>
      <trkpt lat="38.769783" lon="-0.085276">
        <ele>307.168388</ele>
        <time>2026-03-21T12:59:25.101Z</time>
      </trkpt>
      <trkpt lat="38.769909" lon="-0.085337">
        <ele>307.065101</ele>
        <time>2026-03-21T12:59:26.604Z</time>
      </trkpt>
      <trkpt lat="38.770329" lon="-0.085463">
        <ele>306.734300</ele>
        <time>2026-03-21T12:59:31.453Z</time>
      </trkpt>
      <trkpt lat="38.771278" lon="-0.085680">
        <ele>309.175287</ele>
        <time>2026-03-21T12:59:46.007Z</time>
      </trkpt>
      <trkpt lat="38.771416" lon="-0.085842">
        <ele>309.675183</ele>
        <time>2026-03-21T12:59:51.520Z</time>
      </trkpt>
      <trkpt lat="38.771569" lon="-0.086145">
        <ele>310.427277</ele>
        <time>2026-03-21T13:00:01.033Z</time>
      </trkpt>
      <trkpt lat="38.771704" lon="-0.086578">
        <ele>311.398831</ele>
        <time>2026-03-21T13:00:15.514Z</time>
      </trkpt>
      <trkpt lat="38.771720" lon="-0.086752">
        <ele>312.097157</ele>
        <time>2026-03-21T13:00:21.634Z</time>
      </trkpt>
      <trkpt lat="38.771698" lon="-0.086983">
        <ele>313.219917</ele>
        <time>2026-03-21T13:00:30.374Z</time>
      </trkpt>
      <trkpt lat="38.771515" lon="-0.087800">
        <ele>317.321045</ele>
        <time>2026-03-21T13:01:02.231Z</time>
      </trkpt>
      <trkpt lat="38.771251" lon="-0.088068">
        <ele>319.404481</ele>
        <time>2026-03-21T13:01:15.206Z</time>
      </trkpt>
      <trkpt lat="38.771231" lon="-0.088142">
        <ele>319.782345</ele>
        <time>2026-03-21T13:01:17.367Z</time>
      </trkpt>
      <trkpt lat="38.771241" lon="-0.088312">
        <ele>320.604859</ele>
        <time>2026-03-21T13:01:21.826Z</time>
      </trkpt>
      <trkpt lat="38.771362" lon="-0.089025">
        <ele>323.189293</ele>
        <time>2026-03-21T13:01:39.908Z</time>
      </trkpt>
      <trkpt lat="38.771339" lon="-0.089097">
        <ele>323.327991</ele>
        <time>2026-03-21T13:01:41.650Z</time>
      </trkpt>
      <trkpt lat="38.771114" lon="-0.089454">
        <ele>324.146279</ele>
        <time>2026-03-21T13:01:49.831Z</time>
      </trkpt>
      <trkpt lat="38.771098" lon="-0.089525">
        <ele>324.278021</ele>
        <time>2026-03-21T13:01:50.866Z</time>
      </trkpt>
      <trkpt lat="38.771103" lon="-0.089690">
        <ele>324.572363</ele>
        <time>2026-03-21T13:01:53.160Z</time>
      </trkpt>
      <trkpt lat="38.771170" lon="-0.089905">
        <ele>324.985090</ele>
        <time>2026-03-21T13:01:56.369Z</time>
      </trkpt>
      <trkpt lat="38.771174" lon="-0.090031">
        <ele>325.209877</ele>
        <time>2026-03-21T13:01:58.149Z</time>
      </trkpt>
      <trkpt lat="38.771058" lon="-0.090689">
        <ele>326.412402</ele>
        <time>2026-03-21T13:02:08.943Z</time>
      </trkpt>
      <trkpt lat="38.771062" lon="-0.090901">
        <ele>326.814503</ele>
        <time>2026-03-21T13:02:13.119Z</time>
      </trkpt>
      <trkpt lat="38.771114" lon="-0.090967">
        <ele>327.089720</ele>
        <time>2026-03-21T13:02:15.070Z</time>
      </trkpt>
      <trkpt lat="38.771372" lon="-0.091145">
        <ele>328.191833</ele>
        <time>2026-03-21T13:02:22.836Z</time>
      </trkpt>
      <trkpt lat="38.771489" lon="-0.091357">
        <ele>328.953666</ele>
        <time>2026-03-21T13:02:28.382Z</time>
      </trkpt>
      <trkpt lat="38.771714" lon="-0.092448">
        <ele>332.263703</ele>
        <time>2026-03-21T13:02:56.968Z</time>
      </trkpt>
      <trkpt lat="38.771811" lon="-0.092814">
        <ele>333.397532</ele>
        <time>2026-03-21T13:03:06.229Z</time>
      </trkpt>
      <trkpt lat="38.771926" lon="-0.093103">
        <ele>334.451789</ele>
        <time>2026-03-21T13:03:14.032Z</time>
      </trkpt>
      <trkpt lat="38.772053" lon="-0.093199">
        <ele>335.074943</ele>
        <time>2026-03-21T13:03:18.963Z</time>
      </trkpt>
      <trkpt lat="38.772189" lon="-0.093205">
        <ele>335.650187</ele>
        <time>2026-03-21T13:03:23.747Z</time>
      </trkpt>
      <trkpt lat="38.772447" lon="-0.093057">
        <ele>336.844919</ele>
        <time>2026-03-21T13:03:34.211Z</time>
      </trkpt>
      <trkpt lat="38.772630" lon="-0.092901">
        <ele>337.773770</ele>
        <time>2026-03-21T13:03:41.519Z</time>
      </trkpt>
      <trkpt lat="38.772713" lon="-0.092898">
        <ele>338.124770</ele>
        <time>2026-03-21T13:03:43.892Z</time>
      </trkpt>
      <trkpt lat="38.772856" lon="-0.092998">
        <ele>338.813268</ele>
        <time>2026-03-21T13:03:48.279Z</time>
      </trkpt>
      <trkpt lat="38.773226" lon="-0.093263">
        <ele>340.604663</ele>
        <time>2026-03-21T13:03:59.218Z</time>
      </trkpt>
      <trkpt lat="38.773342" lon="-0.093345">
        <ele>341.179625</ele>
        <time>2026-03-21T13:04:03.061Z</time>
      </trkpt>
      <trkpt lat="38.773415" lon="-0.093307">
        <ele>341.633220</ele>
        <time>2026-03-21T13:04:05.417Z</time>
      </trkpt>
      <trkpt lat="38.773558" lon="-0.092915">
        <ele>343.575906</ele>
        <time>2026-03-21T13:04:17.724Z</time>
      </trkpt>
      <trkpt lat="38.773677" lon="-0.092719">
        <ele>344.691014</ele>
        <time>2026-03-21T13:04:25.739Z</time>
      </trkpt>
      <trkpt lat="38.773875" lon="-0.092492">
        <ele>346.220012</ele>
        <time>2026-03-21T13:04:35.876Z</time>
      </trkpt>
      <trkpt lat="38.774235" lon="-0.092205">
        <ele>348.660459</ele>
        <time>2026-03-21T13:04:50.788Z</time>
      </trkpt>
      <trkpt lat="38.774409" lon="-0.092137">
        <ele>349.707740</ele>
        <time>2026-03-21T13:04:57.879Z</time>
      </trkpt>
      <trkpt lat="38.774543" lon="-0.092172">
        <ele>350.495086</ele>
        <time>2026-03-21T13:05:03.631Z</time>
      </trkpt>
      <trkpt lat="38.774615" lon="-0.092279">
        <ele>351.129534</ele>
        <time>2026-03-21T13:05:08.565Z</time>
      </trkpt>
      <trkpt lat="38.774663" lon="-0.092461">
        <ele>352.161685</ele>
        <time>2026-03-21T13:05:15.565Z</time>
      </trkpt>
      <trkpt lat="38.774654" lon="-0.092612">
        <ele>353.066266</ele>
        <time>2026-03-21T13:05:21.231Z</time>
      </trkpt>
      <trkpt lat="38.774534" lon="-0.093167">
        <ele>356.506511</ele>
        <time>2026-03-21T13:05:43.229Z</time>
      </trkpt>
      <trkpt lat="38.774545" lon="-0.093351">
        <ele>357.608804</ele>
        <time>2026-03-21T13:05:50.178Z</time>
      </trkpt>
      <trkpt lat="38.774619" lon="-0.093483">
        <ele>358.579947</ele>
        <time>2026-03-21T13:05:56.224Z</time>
      </trkpt>
      <trkpt lat="38.775201" lon="-0.093969">
        <ele>363.900733</ele>
        <time>2026-03-21T13:06:27.828Z</time>
      </trkpt>
      <trkpt lat="38.775227" lon="-0.094030">
        <ele>364.315993</ele>
        <time>2026-03-21T13:06:30.139Z</time>
      </trkpt>
      <trkpt lat="38.775224" lon="-0.094111">
        <ele>364.800362</ele>
        <time>2026-03-21T13:06:32.915Z</time>
      </trkpt>
      <trkpt lat="38.775020" lon="-0.094556">
        <ele>367.906522</ele>
        <time>2026-03-21T13:06:50.024Z</time>
      </trkpt>
      <trkpt lat="38.774945" lon="-0.094619">
        <ele>368.599326</ele>
        <time>2026-03-21T13:06:53.861Z</time>
      </trkpt>
      <trkpt lat="38.774549" lon="-0.094724">
        <ele>371.724223</ele>
        <time>2026-03-21T13:07:11.147Z</time>
      </trkpt>
      <trkpt lat="38.774463" lon="-0.094813">
        <ele>372.578148</ele>
        <time>2026-03-21T13:07:15.783Z</time>
      </trkpt>
      <trkpt lat="38.774436" lon="-0.095361">
        <ele>375.886273</ele>
        <time>2026-03-21T13:07:34.517Z</time>
      </trkpt>
      <trkpt lat="38.774454" lon="-0.095780">
        <ele>378.414454</ele>
        <time>2026-03-21T13:07:50.810Z</time>
      </trkpt>
      <trkpt lat="38.774402" lon="-0.095881">
        <ele>379.143663</ele>
        <time>2026-03-21T13:07:55.780Z</time>
      </trkpt>
      <trkpt lat="38.774142" lon="-0.096047">
        <ele>381.825200</ele>
        <time>2026-03-21T13:08:11.724Z</time>
      </trkpt>
      <trkpt lat="38.774032" lon="-0.096158">
        <ele>383.118896</ele>
        <time>2026-03-21T13:08:19.691Z</time>
      </trkpt>
      <trkpt lat="38.774001" lon="-0.096227">
        <ele>383.692786</ele>
        <time>2026-03-21T13:08:23.272Z</time>
      </trkpt>
      <trkpt lat="38.774059" lon="-0.096753">
        <ele>387.521023</ele>
        <time>2026-03-21T13:08:47.270Z</time>
      </trkpt>
      <trkpt lat="38.774228" lon="-0.097413">
        <ele>392.527137</ele>
        <time>2026-03-21T13:09:16.509Z</time>
      </trkpt>
      <trkpt lat="38.774409" lon="-0.097819">
        <ele>395.815642</ele>
        <time>2026-03-21T13:09:34.905Z</time>
      </trkpt>
      <trkpt lat="38.774649" lon="-0.098385">
        <ele>397.100517</ele>
        <time>2026-03-21T13:09:54.443Z</time>
      </trkpt>
      <trkpt lat="38.774734" lon="-0.098594">
        <ele>397.570610</ele>
        <time>2026-03-21T13:10:00.754Z</time>
      </trkpt>
      <trkpt lat="38.774751" lon="-0.099077">
        <ele>398.534795</ele>
        <time>2026-03-21T13:10:11.216Z</time>
      </trkpt>
      <trkpt lat="38.774782" lon="-0.099283">
        <ele>398.953185</ele>
        <time>2026-03-21T13:10:15.175Z</time>
      </trkpt>
      <trkpt lat="38.774904" lon="-0.099640">
        <ele>399.730510</ele>
        <time>2026-03-21T13:10:21.815Z</time>
      </trkpt>
      <trkpt lat="38.775090" lon="-0.100037">
        <ele>400.279859</ele>
        <time>2026-03-21T13:10:27.675Z</time>
      </trkpt>
      <trkpt lat="38.775151" lon="-0.100398">
        <ele>399.991490</ele>
        <time>2026-03-21T13:10:31.808Z</time>
      </trkpt>
      <trkpt lat="38.775135" lon="-0.100672">
        <ele>399.776985</ele>
        <time>2026-03-21T13:10:34.876Z</time>
      </trkpt>
      <trkpt lat="38.775134" lon="-0.101088">
        <ele>399.452221</ele>
        <time>2026-03-21T13:10:39.682Z</time>
      </trkpt>
      <trkpt lat="38.775244" lon="-0.101537">
        <ele>399.084796</ele>
        <time>2026-03-21T13:10:46.726Z</time>
      </trkpt>
      <trkpt lat="38.775257" lon="-0.101832">
        <ele>398.854128</ele>
        <time>2026-03-21T13:10:53.290Z</time>
      </trkpt>
      <trkpt lat="38.775180" lon="-0.102303">
        <ele>398.796002</ele>
        <time>2026-03-21T13:11:03.446Z</time>
      </trkpt>
      <trkpt lat="38.774989" lon="-0.102670">
        <ele>399.487235</ele>
        <time>2026-03-21T13:11:09.742Z</time>
      </trkpt>
      <trkpt lat="38.774929" lon="-0.102816">
        <ele>399.745774</ele>
        <time>2026-03-21T13:11:11.915Z</time>
      </trkpt>
      <trkpt lat="38.774878" lon="-0.103024">
        <ele>400.087341</ele>
        <time>2026-03-21T13:11:15.443Z</time>
      </trkpt>
      <trkpt lat="38.774811" lon="-0.103377">
        <ele>400.656468</ele>
        <time>2026-03-21T13:11:23.619Z</time>
      </trkpt>
      <trkpt lat="38.774839" lon="-0.103471">
        <ele>400.814101</ele>
        <time>2026-03-21T13:11:26.135Z</time>
      </trkpt>
      <trkpt lat="38.775238" lon="-0.103635">
        <ele>401.655980</ele>
        <time>2026-03-21T13:11:40.803Z</time>
      </trkpt>
      <trkpt lat="38.775276" lon="-0.103729">
        <ele>401.821850</ele>
        <time>2026-03-21T13:11:43.739Z</time>
      </trkpt>
      <trkpt lat="38.775285" lon="-0.103813">
        <ele>401.954672</ele>
        <time>2026-03-21T13:11:45.647Z</time>
      </trkpt>
      <trkpt lat="38.775285" lon="-0.104036">
        <ele>402.449563</ele>
        <time>2026-03-21T13:11:50.392Z</time>
      </trkpt>
      <trkpt lat="38.775326" lon="-0.104281">
        <ele>403.381790</ele>
        <time>2026-03-21T13:11:55.737Z</time>
      </trkpt>
      <trkpt lat="38.775326" lon="-0.104450">
        <ele>404.010515</ele>
        <time>2026-03-21T13:11:59.484Z</time>
      </trkpt>
      <trkpt lat="38.775185" lon="-0.105210">
        <ele>406.916876</ele>
        <time>2026-03-21T13:12:23.127Z</time>
      </trkpt>
      <trkpt lat="38.775045" lon="-0.105751">
        <ele>409.037528</ele>
        <time>2026-03-21T13:12:42.083Z</time>
      </trkpt>
      <trkpt lat="38.775036" lon="-0.105860">
        <ele>409.445306</ele>
        <time>2026-03-21T13:12:45.063Z</time>
      </trkpt>
      <trkpt lat="38.775064" lon="-0.106118">
        <ele>410.414393</ele>
        <time>2026-03-21T13:12:51.479Z</time>
      </trkpt>
      <trkpt lat="38.775139" lon="-0.106582">
        <ele>411.417427</ele>
        <time>2026-03-21T13:13:01.183Z</time>
      </trkpt>
      <trkpt lat="38.775218" lon="-0.106751">
        <ele>411.751504</ele>
        <time>2026-03-21T13:13:04.193Z</time>
      </trkpt>
      <trkpt lat="38.775325" lon="-0.106842">
        <ele>412.030691</ele>
        <time>2026-03-21T13:13:06.448Z</time>
      </trkpt>
      <trkpt lat="38.775650" lon="-0.107015">
        <ele>412.795895</ele>
        <time>2026-03-21T13:13:11.548Z</time>
      </trkpt>
      <trkpt lat="38.775998" lon="-0.107354">
        <ele>413.746173</ele>
        <time>2026-03-21T13:13:19.611Z</time>
      </trkpt>
      <trkpt lat="38.776175" lon="-0.107424">
        <ele>414.148965</ele>
        <time>2026-03-21T13:13:24.183Z</time>
      </trkpt>
      <trkpt lat="38.776558" lon="-0.107339">
        <ele>415.543138</ele>
        <time>2026-03-21T13:13:35.297Z</time>
      </trkpt>
      <trkpt lat="38.776667" lon="-0.107363">
        <ele>416.221339</ele>
        <time>2026-03-21T13:13:38.797Z</time>
      </trkpt>
      <trkpt lat="38.777020" lon="-0.107588">
        <ele>418.638579</ele>
        <time>2026-03-21T13:13:51.767Z</time>
      </trkpt>
      <trkpt lat="38.777754" lon="-0.108141">
        <ele>423.858683</ele>
        <time>2026-03-21T13:14:26.402Z</time>
      </trkpt>
      <trkpt lat="38.778274" lon="-0.108377">
        <ele>427.692307</ele>
        <time>2026-03-21T13:14:56.053Z</time>
      </trkpt>
      <trkpt lat="38.778368" lon="-0.108474">
        <ele>428.651866</ele>
        <time>2026-03-21T13:15:02.624Z</time>
      </trkpt>
      <trkpt lat="38.778370" lon="-0.108577">
        <ele>429.290728</ele>
        <time>2026-03-21T13:15:07.043Z</time>
      </trkpt>
      <trkpt lat="38.778287" lon="-0.108816">
        <ele>430.913070</ele>
        <time>2026-03-21T13:15:17.438Z</time>
      </trkpt>
      <trkpt lat="38.778305" lon="-0.108905">
        <ele>431.483195</ele>
        <time>2026-03-21T13:15:20.963Z</time>
      </trkpt>
      <trkpt lat="38.778108" lon="-0.109449">
        <ele>435.202509</ele>
        <time>2026-03-21T13:15:44.412Z</time>
      </trkpt>
      <trkpt lat="38.778108" lon="-0.109582">
        <ele>436.027194</ele>
        <time>2026-03-21T13:15:49.629Z</time>
      </trkpt>
      <trkpt lat="38.778164" lon="-0.109730">
        <ele>437.047272</ele>
        <time>2026-03-21T13:15:56.167Z</time>
      </trkpt>
      <trkpt lat="38.778273" lon="-0.109877">
        <ele>438.305229</ele>
        <time>2026-03-21T13:16:03.762Z</time>
      </trkpt>
      <trkpt lat="38.778318" lon="-0.110008">
        <ele>439.192872</ele>
        <time>2026-03-21T13:16:08.213Z</time>
      </trkpt>
      <trkpt lat="38.778322" lon="-0.110050">
        <ele>439.455234</ele>
        <time>2026-03-21T13:16:09.476Z</time>
      </trkpt>
      <trkpt lat="38.778308" lon="-0.110142">
        <ele>440.033079</ele>
        <time>2026-03-21T13:16:11.946Z</time>
      </trkpt>
      <trkpt lat="38.778176" lon="-0.110579">
        <ele>441.681133</ele>
        <time>2026-03-21T13:16:22.226Z</time>
      </trkpt>
      <trkpt lat="38.778074" lon="-0.111185">
        <ele>443.861269</ele>
        <time>2026-03-21T13:16:33.946Z</time>
      </trkpt>
      <trkpt lat="38.777975" lon="-0.111410">
        <ele>444.769821</ele>
        <time>2026-03-21T13:16:40.321Z</time>
      </trkpt>
      <trkpt lat="38.777873" lon="-0.111574">
        <ele>445.507588</ele>
        <time>2026-03-21T13:16:46.619Z</time>
      </trkpt>
      <trkpt lat="38.777808" lon="-0.111631">
        <ele>445.862760</ele>
        <time>2026-03-21T13:16:50.004Z</time>
      </trkpt>
      <trkpt lat="38.777360" lon="-0.111858">
        <ele>448.035569</ele>
        <time>2026-03-21T13:17:07.361Z</time>
      </trkpt>
      <trkpt lat="38.777253" lon="-0.111913">
        <ele>448.527357</ele>
        <time>2026-03-21T13:17:10.550Z</time>
      </trkpt>
      <trkpt lat="38.776833" lon="-0.112343">
        <ele>450.786164</ele>
        <time>2026-03-21T13:17:28.185Z</time>
      </trkpt>
      <trkpt lat="38.776728" lon="-0.112512">
        <ele>451.494324</ele>
        <time>2026-03-21T13:17:34.874Z</time>
      </trkpt>
      <trkpt lat="38.776588" lon="-0.112842">
        <ele>452.725463</ele>
        <time>2026-03-21T13:17:46.124Z</time>
      </trkpt>
      <trkpt lat="38.776437" lon="-0.113081">
        <ele>453.733553</ele>
        <time>2026-03-21T13:17:53.905Z</time>
      </trkpt>
      <trkpt lat="38.776357" lon="-0.113283">
        <ele>454.476013</ele>
        <time>2026-03-21T13:17:58.530Z</time>
      </trkpt>
      <trkpt lat="38.776330" lon="-0.113350">
        <ele>454.723167</ele>
        <time>2026-03-21T13:17:59.905Z</time>
      </trkpt>
      <trkpt lat="38.776155" lon="-0.113716">
        <ele>456.089548</ele>
        <time>2026-03-21T13:18:05.907Z</time>
      </trkpt>
      <trkpt lat="38.775929" lon="-0.114059">
        <ele>457.421537</ele>
        <time>2026-03-21T13:18:14.134Z</time>
      </trkpt>
      <trkpt lat="38.775771" lon="-0.114252">
        <ele>458.251596</ele>
        <time>2026-03-21T13:18:20.884Z</time>
      </trkpt>
      <trkpt lat="38.775099" lon="-0.114736">
        <ele>461.183635</ele>
        <time>2026-03-21T13:18:44.685Z</time>
      </trkpt>
      <trkpt lat="38.774787" lon="-0.115175">
        <ele>463.357886</ele>
        <time>2026-03-21T13:19:00.395Z</time>
      </trkpt>
      <trkpt lat="38.774550" lon="-0.115395">
        <ele>465.617492</ele>
        <time>2026-03-21T13:19:11.810Z</time>
      </trkpt>
      <trkpt lat="38.774121" lon="-0.115660">
        <ele>469.295213</ele>
        <time>2026-03-21T13:19:31.900Z</time>
      </trkpt>
      <trkpt lat="38.773986" lon="-0.115715">
        <ele>470.389257</ele>
        <time>2026-03-21T13:19:38.407Z</time>
      </trkpt>
      <trkpt lat="38.773285" lon="-0.115883">
        <ele>475.897326</ele>
        <time>2026-03-21T13:20:14.782Z</time>
      </trkpt>
      <trkpt lat="38.772699" lon="-0.116027">
        <ele>481.239973</ele>
        <time>2026-03-21T13:20:50.456Z</time>
      </trkpt>
      <trkpt lat="38.772545" lon="-0.116094">
        <ele>482.722677</ele>
        <time>2026-03-21T13:21:00.494Z</time>
      </trkpt>
      <trkpt lat="38.772391" lon="-0.116191">
        <ele>484.286975</ele>
        <time>2026-03-21T13:21:10.984Z</time>
      </trkpt>
      <trkpt lat="38.772205" lon="-0.116356">
        <ele>486.348960</ele>
        <time>2026-03-21T13:21:23.530Z</time>
      </trkpt>
      <trkpt lat="38.772153" lon="-0.116430">
        <ele>487.057128</ele>
        <time>2026-03-21T13:21:27.487Z</time>
      </trkpt>
      <trkpt lat="38.772061" lon="-0.116672">
        <ele>488.971018</ele>
        <time>2026-03-21T13:21:37.997Z</time>
      </trkpt>
      <trkpt lat="38.771845" lon="-0.116968">
        <ele>491.853040</ele>
        <time>2026-03-21T13:21:52.729Z</time>
      </trkpt>
      <trkpt lat="38.771802" lon="-0.117079">
        <ele>492.734129</ele>
        <time>2026-03-21T13:21:56.688Z</time>
      </trkpt>
      <trkpt lat="38.771789" lon="-0.117228">
        <ele>493.221853</ele>
        <time>2026-03-21T13:22:01.165Z</time>
      </trkpt>
      <trkpt lat="38.771862" lon="-0.117682">
        <ele>494.538578</ele>
        <time>2026-03-21T13:22:11.836Z</time>
      </trkpt>
      <trkpt lat="38.771837" lon="-0.117813">
        <ele>494.921668</ele>
        <time>2026-03-21T13:22:14.476Z</time>
      </trkpt>
      <trkpt lat="38.771769" lon="-0.117971">
        <ele>495.434306</ele>
        <time>2026-03-21T13:22:17.374Z</time>
      </trkpt>
      <trkpt lat="38.771660" lon="-0.118144">
        <ele>496.066117</ele>
        <time>2026-03-21T13:22:20.512Z</time>
      </trkpt>
      <trkpt lat="38.771438" lon="-0.118398">
        <ele>497.149966</ele>
        <time>2026-03-21T13:22:26.325Z</time>
      </trkpt>
      <trkpt lat="38.771384" lon="-0.118515">
        <ele>497.536173</ele>
        <time>2026-03-21T13:22:28.436Z</time>
      </trkpt>
      <trkpt lat="38.771406" lon="-0.118663">
        <ele>497.964142</ele>
        <time>2026-03-21T13:22:31.226Z</time>
      </trkpt>
      <trkpt lat="38.771569" lon="-0.118818">
        <ele>498.703409</ele>
        <time>2026-03-21T13:22:37.441Z</time>
      </trkpt>
      <trkpt lat="38.771622" lon="-0.118902">
        <ele>499.010357</ele>
        <time>2026-03-21T13:22:40.364Z</time>
      </trkpt>
      <trkpt lat="38.771631" lon="-0.118981">
        <ele>499.237139</ele>
        <time>2026-03-21T13:22:42.591Z</time>
      </trkpt>
      <trkpt lat="38.771593" lon="-0.119071">
        <ele>499.602232</ele>
        <time>2026-03-21T13:22:45.685Z</time>
      </trkpt>
      <trkpt lat="38.771490" lon="-0.119174">
        <ele>500.335035</ele>
        <time>2026-03-21T13:22:50.451Z</time>
      </trkpt>
      <trkpt lat="38.770799" lon="-0.119494">
        <ele>504.457090</ele>
        <time>2026-03-21T13:23:19.918Z</time>
      </trkpt>
      <trkpt lat="38.770697" lon="-0.119596">
        <ele>505.182781</ele>
        <time>2026-03-21T13:23:25.282Z</time>
      </trkpt>
      <trkpt lat="38.770666" lon="-0.119695">
        <ele>505.649483</ele>
        <time>2026-03-21T13:23:28.895Z</time>
      </trkpt>
      <trkpt lat="38.770664" lon="-0.119804">
        <ele>506.126439</ele>
        <time>2026-03-21T13:23:32.203Z</time>
      </trkpt>
      <trkpt lat="38.770711" lon="-0.120041">
        <ele>507.196216</ele>
        <time>2026-03-21T13:23:39.969Z</time>
      </trkpt>
      <trkpt lat="38.770793" lon="-0.120186">
        <ele>507.979814</ele>
        <time>2026-03-21T13:23:45.339Z</time>
      </trkpt>
      <trkpt lat="38.771131" lon="-0.120597">
        <ele>510.143818</ele>
        <time>2026-03-21T13:24:01.882Z</time>
      </trkpt>
      <trkpt lat="38.771177" lon="-0.120691">
        <ele>510.432999</ele>
        <time>2026-03-21T13:24:04.685Z</time>
      </trkpt>
      <trkpt lat="38.771191" lon="-0.120783">
        <ele>510.677242</ele>
        <time>2026-03-21T13:24:06.994Z</time>
      </trkpt>
      <trkpt lat="38.771167" lon="-0.120932">
        <ele>511.073683</ele>
        <time>2026-03-21T13:24:10.260Z</time>
      </trkpt>
      <trkpt lat="38.771087" lon="-0.121141">
        <ele>511.680356</ele>
        <time>2026-03-21T13:24:14.802Z</time>
      </trkpt>
      <trkpt lat="38.770678" lon="-0.121879">
        <ele>514.039649</ele>
        <time>2026-03-21T13:24:31.190Z</time>
      </trkpt>
      <trkpt lat="38.770648" lon="-0.121981">
        <ele>514.323710</ele>
        <time>2026-03-21T13:24:33.283Z</time>
      </trkpt>
      <trkpt lat="38.770655" lon="-0.122063">
        <ele>514.538651</ele>
        <time>2026-03-21T13:24:34.951Z</time>
      </trkpt>
      <trkpt lat="38.770715" lon="-0.122178">
        <ele>514.899207</ele>
        <time>2026-03-21T13:24:37.782Z</time>
      </trkpt>
      <trkpt lat="38.770801" lon="-0.122240">
        <ele>515.228916</ele>
        <time>2026-03-21T13:24:40.473Z</time>
      </trkpt>
      <trkpt lat="38.771286" lon="-0.122334">
        <ele>517.332018</ele>
        <time>2026-03-21T13:24:55.358Z</time>
      </trkpt>
      <trkpt lat="38.771365" lon="-0.122381">
        <ele>517.721232</ele>
        <time>2026-03-21T13:24:58.188Z</time>
      </trkpt>
      <trkpt lat="38.771433" lon="-0.122471">
        <ele>518.157943</ele>
        <time>2026-03-21T13:25:01.432Z</time>
      </trkpt>
      <trkpt lat="38.771629" lon="-0.123076">
        <ele>520.440849</ele>
        <time>2026-03-21T13:25:19.280Z</time>
      </trkpt>
      <trkpt lat="38.771797" lon="-0.124012">
        <ele>523.739310</ele>
        <time>2026-03-21T13:25:45.713Z</time>
      </trkpt>
      <trkpt lat="38.771889" lon="-0.124373">
        <ele>524.812314</ele>
        <time>2026-03-21T13:25:55.369Z</time>
      </trkpt>
      <trkpt lat="38.772044" lon="-0.124770">
        <ele>526.066696</ele>
        <time>2026-03-21T13:26:06.035Z</time>
      </trkpt>
      <trkpt lat="38.772274" lon="-0.125237">
        <ele>527.627262</ele>
        <time>2026-03-21T13:26:17.379Z</time>
      </trkpt>
      <trkpt lat="38.772492" lon="-0.125554">
        <ele>528.821464</ele>
        <time>2026-03-21T13:26:25.131Z</time>
      </trkpt>
      <trkpt lat="38.772625" lon="-0.125663">
        <ele>529.393398</ele>
        <time>2026-03-21T13:26:29.170Z</time>
      </trkpt>
      <trkpt lat="38.772651" lon="-0.125869">
        <ele>529.982960</ele>
        <time>2026-03-21T13:26:33.629Z</time>
      </trkpt>
      <trkpt lat="38.772661" lon="-0.125946">
        <ele>530.271347</ele>
        <time>2026-03-21T13:26:35.229Z</time>
      </trkpt>
      <trkpt lat="38.772677" lon="-0.126131">
        <ele>531.029318</ele>
        <time>2026-03-21T13:26:39.550Z</time>
      </trkpt>
      <trkpt lat="38.772835" lon="-0.126203">
        <ele>531.905110</ele>
        <time>2026-03-21T13:26:45.078Z</time>
      </trkpt>
      <trkpt lat="38.772968" lon="-0.126298">
        <ele>532.700242</ele>
        <time>2026-03-21T13:26:50.561Z</time>
      </trkpt>
      <trkpt lat="38.772966" lon="-0.126323">
        <ele>532.802580</ele>
        <time>2026-03-21T13:26:51.292Z</time>
      </trkpt>
      <trkpt lat="38.773076" lon="-0.126365">
        <ele>533.402042</ele>
        <time>2026-03-21T13:26:55.678Z</time>
      </trkpt>
      <trkpt lat="38.773065" lon="-0.126454">
        <ele>533.768987</ele>
        <time>2026-03-21T13:26:58.364Z</time>
      </trkpt>
      <trkpt lat="38.773044" lon="-0.126573">
        <ele>534.265830</ele>
        <time>2026-03-21T13:27:02.443Z</time>
      </trkpt>
      <trkpt lat="38.773300" lon="-0.126693">
        <ele>535.689448</ele>
        <time>2026-03-21T13:27:14.581Z</time>
      </trkpt>
      <trkpt lat="38.773358" lon="-0.126686">
        <ele>535.993729</ele>
        <time>2026-03-21T13:27:17.060Z</time>
      </trkpt>
      <trkpt lat="38.773333" lon="-0.127457">
        <ele>539.136047</ele>
        <time>2026-03-21T13:27:39.445Z</time>
      </trkpt>
      <trkpt lat="38.773497" lon="-0.127459">
        <ele>540.351265</ele>
        <time>2026-03-21T13:27:45.639Z</time>
      </trkpt>
      <trkpt lat="38.773469" lon="-0.127884">
        <ele>543.223875</ele>
        <time>2026-03-21T13:27:58.736Z</time>
      </trkpt>
      <trkpt lat="38.773986" lon="-0.128188">
        <ele>548.137094</ele>
        <time>2026-03-21T13:28:24.272Z</time>
      </trkpt>
      <trkpt lat="38.774273" lon="-0.128385">
        <ele>550.949130</ele>
        <time>2026-03-21T13:28:41.538Z</time>
      </trkpt>
      <trkpt lat="38.774528" lon="-0.128360">
        <ele>553.158459</ele>
        <time>2026-03-21T13:28:56.328Z</time>
      </trkpt>
      <trkpt lat="38.774599" lon="-0.128378">
        <ele>553.783682</ele>
        <time>2026-03-21T13:29:00.713Z</time>
      </trkpt>
      <trkpt lat="38.774627" lon="-0.128419">
        <ele>554.150778</ele>
        <time>2026-03-21T13:29:03.305Z</time>
      </trkpt>
      <trkpt lat="38.774631" lon="-0.128483">
        <ele>554.583199</ele>
        <time>2026-03-21T13:29:06.435Z</time>
      </trkpt>
      <trkpt lat="38.774527" lon="-0.128712">
        <ele>554.982534</ele>
        <time>2026-03-21T13:29:19.859Z</time>
      </trkpt>
      <trkpt lat="38.774534" lon="-0.128782">
        <ele>554.982534</ele>
        <time>2026-03-21T13:29:23.606Z</time>
      </trkpt>
      <trkpt lat="38.774588" lon="-0.128853">
        <ele>554.982534</ele>
        <time>2026-03-21T13:29:28.910Z</time>
      </trkpt>
      <trkpt lat="38.774961" lon="-0.128984">
        <ele>554.982534</ele>
        <time>2026-03-21T13:29:55.966Z</time>
      </trkpt>
      <trkpt lat="38.775293" lon="-0.129014">
        <ele>554.982534</ele>
        <time>2026-03-21T13:30:16.792Z</time>
      </trkpt>
      <trkpt lat="38.775538" lon="-0.129169">
        <ele>554.982534</ele>
        <time>2026-03-21T13:30:31.897Z</time>
      </trkpt>
      <trkpt lat="38.775581" lon="-0.129261">
        <ele>554.982534</ele>
        <time>2026-03-21T13:30:36.183Z</time>
      </trkpt>
      <trkpt lat="38.775622" lon="-0.129374">
        <ele>554.982534</ele>
        <time>2026-03-21T13:30:40.790Z</time>
      </trkpt>
      <trkpt lat="38.775641" lon="-0.129438">
        <ele>554.982534</ele>
        <time>2026-03-21T13:30:43.180Z</time>
      </trkpt>
      <trkpt lat="38.775641" lon="-0.129538">
        <ele>554.982534</ele>
        <time>2026-03-21T13:30:46.586Z</time>
      </trkpt>
    </trkseg>
  </trk>
</gpx>