<?xml version='1.0' encoding='UTF-8'?>
<gpx version="1.1" creator="https://www.komoot.de" xmlns="http://www.topografix.com/GPX/1/1" xmlns:xsi="http://www.w3.org/2001/XMLSchema-instance" xsi:schemaLocation="http://www.topografix.com/GPX/1/1 http://www.topografix.com/GPX/1/1/gpx.xsd">
  <metadata>
    <name>KLLKTV-Camp 2026: Zitronen-Pass, Xilibre und Tollos</name>
    <author>
      <link href="https://www.komoot.de">
        <text>komoot</text>
        <type>text/html</type>
      </link>
    </author>
  </metadata>
  <wpt lat="38.775205" lon="-0.129528">
    <name>Hotel Alahuar Aussichtspunkt</name>
    <sym>Flag, Blue</sym>
  </wpt>
  <wpt lat="38.783640" lon="0.015055">
    <name>Lemon Pass (Llosa de Camacho Straße)</name>
    <sym>Flag, Blue</sym>
  </wpt>
  <wpt lat="38.875594" lon="-0.170301">
    <name>Restaurante Nautilus</name>
    <sym>Restaurant</sym>
  </wpt>
  <wpt lat="38.835923" lon="-0.139180">
    <name>Malerische Abfahrt auf perfekter Strasse</name>
    <sym>Flag, Blue</sym>
  </wpt>
  <wpt lat="38.830394" lon="-0.177036">
    <name>El Xillibre</name>
    <sym>Flag, Blue</sym>
  </wpt>
  <wpt lat="38.794293" lon="-0.253628">
    <name>Trinkwasserquelle</name>
    <sym>Picnic Area</sym>
  </wpt>
  <wpt lat="38.762972" lon="-0.268077">
    <name>Port de Tollos</name>
    <sym>Flag, Blue</sym>
  </wpt>
  <wpt lat="38.731407" lon="-0.245996">
    <name>Bar La Font</name>
    <sym>Restaurant</sym>
  </wpt>
  <trk>
    <name>KLLKTV-Camp 2026: Über den Zitronen-Pass ans Meer und Xilibre und Tollos am Nachmittag (Tag 2)</name>
    <type>racebike</type>
    <trkseg>
      <trkpt lat="38.775191" lon="-0.129513">
        <ele>564.689533</ele>
        <time>2026-02-23T12:26:50.319Z</time>
      </trkpt>
      <trkpt lat="38.775227" lon="-0.129457">
        <ele>564.689533</ele>
        <time>2026-02-23T12:26:50.871Z</time>
      </trkpt>
      <trkpt lat="38.775581" lon="-0.129261">
        <ele>564.689533</ele>
        <time>2026-02-23T12:26:54.451Z</time>
      </trkpt>
      <trkpt lat="38.775538" lon="-0.129169">
        <ele>564.689533</ele>
        <time>2026-02-23T12:26:55.190Z</time>
      </trkpt>
      <trkpt lat="38.775293" lon="-0.129014">
        <ele>564.689533</ele>
        <time>2026-02-23T12:26:57.578Z</time>
      </trkpt>
      <trkpt lat="38.774961" lon="-0.128984">
        <ele>562.273615</ele>
        <time>2026-02-23T12:27:00.429Z</time>
      </trkpt>
      <trkpt lat="38.774588" lon="-0.128853">
        <ele>558.254468</ele>
        <time>2026-02-23T12:27:03.689Z</time>
      </trkpt>
      <trkpt lat="38.774534" lon="-0.128782">
        <ele>557.450803</ele>
        <time>2026-02-23T12:27:04.329Z</time>
      </trkpt>
      <trkpt lat="38.774527" lon="-0.128712">
        <ele>556.878996</ele>
        <time>2026-02-23T12:27:04.793Z</time>
      </trkpt>
      <trkpt lat="38.774631" lon="-0.128483">
        <ele>554.731717</ele>
        <time>2026-02-23T12:27:06.529Z</time>
      </trkpt>
      <trkpt lat="38.774627" lon="-0.128419">
        <ele>554.211507</ele>
        <time>2026-02-23T12:27:06.954Z</time>
      </trkpt>
      <trkpt lat="38.774599" lon="-0.128378">
        <ele>553.769884</ele>
        <time>2026-02-23T12:27:07.312Z</time>
      </trkpt>
      <trkpt lat="38.774528" lon="-0.128360">
        <ele>553.017730</ele>
        <time>2026-02-23T12:27:07.929Z</time>
      </trkpt>
      <trkpt lat="38.774273" lon="-0.128385">
        <ele>550.359870</ele>
        <time>2026-02-23T12:27:10.107Z</time>
      </trkpt>
      <trkpt lat="38.773986" lon="-0.128188">
        <ele>546.976942</ele>
        <time>2026-02-23T12:27:12.928Z</time>
      </trkpt>
      <trkpt lat="38.773469" lon="-0.127884">
        <ele>542.905876</ele>
        <time>2026-02-23T12:27:17.989Z</time>
      </trkpt>
      <trkpt lat="38.773497" lon="-0.127459">
        <ele>540.739451</ele>
        <time>2026-02-23T12:27:21.034Z</time>
      </trkpt>
      <trkpt lat="38.773333" lon="-0.127457">
        <ele>539.670923</ele>
        <time>2026-02-23T12:27:22.553Z</time>
      </trkpt>
      <trkpt lat="38.773358" lon="-0.126686">
        <ele>535.751337</ele>
        <time>2026-02-23T12:27:28.129Z</time>
      </trkpt>
      <trkpt lat="38.773300" lon="-0.126693">
        <ele>535.371791</ele>
        <time>2026-02-23T12:27:28.918Z</time>
      </trkpt>
      <trkpt lat="38.773044" lon="-0.126573">
        <ele>533.858383</ele>
        <time>2026-02-23T12:27:32.481Z</time>
      </trkpt>
      <trkpt lat="38.773065" lon="-0.126454">
        <ele>533.476893</ele>
        <time>2026-02-23T12:27:33.737Z</time>
      </trkpt>
      <trkpt lat="38.773076" lon="-0.126365">
        <ele>533.195141</ele>
        <time>2026-02-23T12:27:34.384Z</time>
      </trkpt>
      <trkpt lat="38.772966" lon="-0.126323">
        <ele>532.734858</ele>
        <time>2026-02-23T12:27:35.446Z</time>
      </trkpt>
      <trkpt lat="38.772968" lon="-0.126298">
        <ele>532.656279</ele>
        <time>2026-02-23T12:27:35.626Z</time>
      </trkpt>
      <trkpt lat="38.772835" lon="-0.126203">
        <ele>532.045755</ele>
        <time>2026-02-23T12:27:37.040Z</time>
      </trkpt>
      <trkpt lat="38.772677" lon="-0.126131">
        <ele>531.373297</ele>
        <time>2026-02-23T12:27:38.657Z</time>
      </trkpt>
      <trkpt lat="38.772661" lon="-0.125946">
        <ele>530.791306</ele>
        <time>2026-02-23T12:27:40.089Z</time>
      </trkpt>
      <trkpt lat="38.772651" lon="-0.125869">
        <ele>530.547231</ele>
        <time>2026-02-23T12:27:40.721Z</time>
      </trkpt>
      <trkpt lat="38.772625" lon="-0.125663">
        <ele>529.894741</ele>
        <time>2026-02-23T12:27:42.373Z</time>
      </trkpt>
      <trkpt lat="38.772492" lon="-0.125554">
        <ele>529.261762</ele>
        <time>2026-02-23T12:27:44.030Z</time>
      </trkpt>
      <trkpt lat="38.772274" lon="-0.125237">
        <ele>527.940097</ele>
        <time>2026-02-23T12:27:47.591Z</time>
      </trkpt>
      <trkpt lat="38.772044" lon="-0.124770">
        <ele>526.147602</ele>
        <time>2026-02-23T12:27:52.042Z</time>
      </trkpt>
      <trkpt lat="38.771889" lon="-0.124373">
        <ele>524.652842</ele>
        <time>2026-02-23T12:27:55.421Z</time>
      </trkpt>
      <trkpt lat="38.771797" lon="-0.124012">
        <ele>523.374217</ele>
        <time>2026-02-23T12:27:58.268Z</time>
      </trkpt>
      <trkpt lat="38.771629" lon="-0.123076">
        <ele>520.140644</ele>
        <time>2026-02-23T12:28:05.303Z</time>
      </trkpt>
      <trkpt lat="38.771433" lon="-0.122471">
        <ele>518.165581</ele>
        <time>2026-02-23T12:28:10.115Z</time>
      </trkpt>
      <trkpt lat="38.771365" lon="-0.122381">
        <ele>517.815014</ele>
        <time>2026-02-23T12:28:11.046Z</time>
      </trkpt>
      <trkpt lat="38.771286" lon="-0.122334">
        <ele>517.502574</ele>
        <time>2026-02-23T12:28:11.890Z</time>
      </trkpt>
      <trkpt lat="38.770801" lon="-0.122240">
        <ele>515.742757</ele>
        <time>2026-02-23T12:28:16.700Z</time>
      </trkpt>
      <trkpt lat="38.770715" lon="-0.122178">
        <ele>515.388809</ele>
        <time>2026-02-23T12:28:17.704Z</time>
      </trkpt>
      <trkpt lat="38.770655" lon="-0.122063">
        <ele>515.001746</ele>
        <time>2026-02-23T12:28:18.821Z</time>
      </trkpt>
      <trkpt lat="38.770648" lon="-0.121981">
        <ele>514.771002</ele>
        <time>2026-02-23T12:28:19.487Z</time>
      </trkpt>
      <trkpt lat="38.770678" lon="-0.121879">
        <ele>514.466059</ele>
        <time>2026-02-23T12:28:20.384Z</time>
      </trkpt>
      <trkpt lat="38.771087" lon="-0.121141">
        <ele>511.666949</ele>
        <time>2026-02-23T12:28:28.074Z</time>
      </trkpt>
      <trkpt lat="38.771167" lon="-0.120932">
        <ele>510.825429</ele>
        <time>2026-02-23T12:28:29.992Z</time>
      </trkpt>
      <trkpt lat="38.771191" lon="-0.120783">
        <ele>510.275524</ele>
        <time>2026-02-23T12:28:31.196Z</time>
      </trkpt>
      <trkpt lat="38.771177" lon="-0.120691">
        <ele>509.936732</ele>
        <time>2026-02-23T12:28:31.908Z</time>
      </trkpt>
      <trkpt lat="38.771131" lon="-0.120597">
        <ele>509.535608</ele>
        <time>2026-02-23T12:28:32.740Z</time>
      </trkpt>
      <trkpt lat="38.770793" lon="-0.120186">
        <ele>507.376478</ele>
        <time>2026-02-23T12:28:37.101Z</time>
      </trkpt>
      <trkpt lat="38.770711" lon="-0.120041">
        <ele>506.729052</ele>
        <time>2026-02-23T12:28:38.388Z</time>
      </trkpt>
      <trkpt lat="38.770664" lon="-0.119804">
        <ele>505.845179</ele>
        <time>2026-02-23T12:28:40.119Z</time>
      </trkpt>
      <trkpt lat="38.770666" lon="-0.119695">
        <ele>505.451107</ele>
        <time>2026-02-23T12:28:40.893Z</time>
      </trkpt>
      <trkpt lat="38.770697" lon="-0.119596">
        <ele>505.065507</ele>
        <time>2026-02-23T12:28:41.642Z</time>
      </trkpt>
      <trkpt lat="38.770799" lon="-0.119494">
        <ele>504.466870</ele>
        <time>2026-02-23T12:28:42.815Z</time>
      </trkpt>
      <trkpt lat="38.771490" lon="-0.119174">
        <ele>501.139451</ele>
        <time>2026-02-23T12:28:49.513Z</time>
      </trkpt>
      <trkpt lat="38.771593" lon="-0.119071">
        <ele>500.547915</ele>
        <time>2026-02-23T12:28:50.720Z</time>
      </trkpt>
      <trkpt lat="38.771631" lon="-0.118981">
        <ele>500.186498</ele>
        <time>2026-02-23T12:28:51.457Z</time>
      </trkpt>
      <trkpt lat="38.771622" lon="-0.118902">
        <ele>499.904572</ele>
        <time>2026-02-23T12:28:52.040Z</time>
      </trkpt>
      <trkpt lat="38.771569" lon="-0.118818">
        <ele>499.522989</ele>
        <time>2026-02-23T12:28:52.835Z</time>
      </trkpt>
      <trkpt lat="38.771406" lon="-0.118663">
        <ele>498.603968</ele>
        <time>2026-02-23T12:28:54.824Z</time>
      </trkpt>
      <trkpt lat="38.771384" lon="-0.118515">
        <ele>498.071938</ele>
        <time>2026-02-23T12:28:56.088Z</time>
      </trkpt>
      <trkpt lat="38.771438" lon="-0.118398">
        <ele>497.591824</ele>
        <time>2026-02-23T12:28:57.343Z</time>
      </trkpt>
      <trkpt lat="38.771660" lon="-0.118144">
        <ele>496.218045</ele>
        <time>2026-02-23T12:29:00.887Z</time>
      </trkpt>
      <trkpt lat="38.771769" lon="-0.117971">
        <ele>495.254238</ele>
        <time>2026-02-23T12:29:03.070Z</time>
      </trkpt>
      <trkpt lat="38.771837" lon="-0.117813">
        <ele>494.472227</ele>
        <time>2026-02-23T12:29:04.695Z</time>
      </trkpt>
      <trkpt lat="38.771862" lon="-0.117682">
        <ele>493.887836</ele>
        <time>2026-02-23T12:29:05.803Z</time>
      </trkpt>
      <trkpt lat="38.771789" lon="-0.117228">
        <ele>491.879216</ele>
        <time>2026-02-23T12:29:09.378Z</time>
      </trkpt>
      <trkpt lat="38.771802" lon="-0.117079">
        <ele>491.229557</ele>
        <time>2026-02-23T12:29:10.462Z</time>
      </trkpt>
      <trkpt lat="38.771845" lon="-0.116968">
        <ele>490.692485</ele>
        <time>2026-02-23T12:29:11.336Z</time>
      </trkpt>
      <trkpt lat="38.772061" lon="-0.116672">
        <ele>488.935734</ele>
        <time>2026-02-23T12:29:14.128Z</time>
      </trkpt>
      <trkpt lat="38.772153" lon="-0.116430">
        <ele>487.769113</ele>
        <time>2026-02-23T12:29:15.964Z</time>
      </trkpt>
      <trkpt lat="38.772205" lon="-0.116356">
        <ele>487.337445</ele>
        <time>2026-02-23T12:29:16.640Z</time>
      </trkpt>
      <trkpt lat="38.772391" lon="-0.116191">
        <ele>486.068927</ele>
        <time>2026-02-23T12:29:18.596Z</time>
      </trkpt>
      <trkpt lat="38.772545" lon="-0.116094">
        <ele>485.076326</ele>
        <time>2026-02-23T12:29:20.063Z</time>
      </trkpt>
      <trkpt lat="38.772699" lon="-0.116027">
        <ele>484.135499</ele>
        <time>2026-02-23T12:29:21.478Z</time>
      </trkpt>
      <trkpt lat="38.773285" lon="-0.115883">
        <ele>480.683532</ele>
        <time>2026-02-23T12:29:26.855Z</time>
      </trkpt>
      <trkpt lat="38.773293" lon="-0.115845">
        <ele>480.505992</ele>
        <time>2026-02-23T12:29:27.291Z</time>
      </trkpt>
      <trkpt lat="38.773610" lon="-0.115591">
        <ele>478.343549</ele>
        <time>2026-02-23T12:29:32.460Z</time>
      </trkpt>
      <trkpt lat="38.773795" lon="-0.115285">
        <ele>476.596953</ele>
        <time>2026-02-23T12:29:36.924Z</time>
      </trkpt>
      <trkpt lat="38.773818" lon="-0.115205">
        <ele>476.212358</ele>
        <time>2026-02-23T12:29:37.941Z</time>
      </trkpt>
      <trkpt lat="38.773806" lon="-0.115133">
        <ele>475.915791</ele>
        <time>2026-02-23T12:29:38.855Z</time>
      </trkpt>
      <trkpt lat="38.773794" lon="-0.114859">
        <ele>475.242527</ele>
        <time>2026-02-23T12:29:42.232Z</time>
      </trkpt>
      <trkpt lat="38.773822" lon="-0.114367">
        <ele>474.032292</ele>
        <time>2026-02-23T12:29:48.480Z</time>
      </trkpt>
      <trkpt lat="38.773888" lon="-0.114147">
        <ele>473.453986</ele>
        <time>2026-02-23T12:29:51.336Z</time>
      </trkpt>
      <trkpt lat="38.773896" lon="-0.114037">
        <ele>473.182952</ele>
        <time>2026-02-23T12:29:52.599Z</time>
      </trkpt>
      <trkpt lat="38.773821" lon="-0.113415">
        <ele>471.638858</ele>
        <time>2026-02-23T12:29:59.405Z</time>
      </trkpt>
      <trkpt lat="38.773932" lon="-0.113031">
        <ele>470.634122</ele>
        <time>2026-02-23T12:30:03.826Z</time>
      </trkpt>
      <trkpt lat="38.773968" lon="-0.112991">
        <ele>470.484245</ele>
        <time>2026-02-23T12:30:04.500Z</time>
      </trkpt>
      <trkpt lat="38.774022" lon="-0.112993">
        <ele>470.314249</ele>
        <time>2026-02-23T12:30:05.273Z</time>
      </trkpt>
      <trkpt lat="38.774106" lon="-0.113122">
        <ele>469.946507</ele>
        <time>2026-02-23T12:30:07.153Z</time>
      </trkpt>
      <trkpt lat="38.774157" lon="-0.113149">
        <ele>469.792427</ele>
        <time>2026-02-23T12:30:07.941Z</time>
      </trkpt>
      <trkpt lat="38.774611" lon="-0.112932">
        <ele>468.439393</ele>
        <time>2026-02-23T12:30:15.201Z</time>
      </trkpt>
      <trkpt lat="38.774708" lon="-0.112837">
        <ele>468.098569</ele>
        <time>2026-02-23T12:30:17.133Z</time>
      </trkpt>
      <trkpt lat="38.774827" lon="-0.112668">
        <ele>467.602762</ele>
        <time>2026-02-23T12:30:19.981Z</time>
      </trkpt>
      <trkpt lat="38.774862" lon="-0.112581">
        <ele>467.389614</ele>
        <time>2026-02-23T12:30:21.242Z</time>
      </trkpt>
      <trkpt lat="38.774863" lon="-0.112520">
        <ele>467.256775</ele>
        <time>2026-02-23T12:30:21.991Z</time>
      </trkpt>
      <trkpt lat="38.774744" lon="-0.112058">
        <ele>466.197434</ele>
        <time>2026-02-23T12:30:28.026Z</time>
      </trkpt>
      <trkpt lat="38.774705" lon="-0.111670">
        <ele>465.345689</ele>
        <time>2026-02-23T12:30:32.682Z</time>
      </trkpt>
      <trkpt lat="38.774711" lon="-0.111537">
        <ele>464.769082</ele>
        <time>2026-02-23T12:30:34.213Z</time>
      </trkpt>
      <trkpt lat="38.774808" lon="-0.111243">
        <ele>463.167066</ele>
        <time>2026-02-23T12:30:37.741Z</time>
      </trkpt>
      <trkpt lat="38.775018" lon="-0.111164">
        <ele>461.758419</ele>
        <time>2026-02-23T12:30:40.684Z</time>
      </trkpt>
      <trkpt lat="38.775125" lon="-0.111058">
        <ele>460.888195</ele>
        <time>2026-02-23T12:30:42.449Z</time>
      </trkpt>
      <trkpt lat="38.775182" lon="-0.110945">
        <ele>460.212802</ele>
        <time>2026-02-23T12:30:43.797Z</time>
      </trkpt>
      <trkpt lat="38.775239" lon="-0.110508">
        <ele>457.989399</ele>
        <time>2026-02-23T12:30:48.175Z</time>
      </trkpt>
      <trkpt lat="38.775350" lon="-0.110302">
        <ele>456.732784</ele>
        <time>2026-02-23T12:30:50.628Z</time>
      </trkpt>
      <trkpt lat="38.775803" lon="-0.109979">
        <ele>453.412245</ele>
        <time>2026-02-23T12:30:57.081Z</time>
      </trkpt>
      <trkpt lat="38.775917" lon="-0.109811">
        <ele>452.352171</ele>
        <time>2026-02-23T12:30:59.219Z</time>
      </trkpt>
      <trkpt lat="38.776102" lon="-0.109892">
        <ele>451.158742</ele>
        <time>2026-02-23T12:31:01.662Z</time>
      </trkpt>
      <trkpt lat="38.776159" lon="-0.109893">
        <ele>450.810718</ele>
        <time>2026-02-23T12:31:02.377Z</time>
      </trkpt>
      <trkpt lat="38.776499" lon="-0.109754">
        <ele>448.632105</ele>
        <time>2026-02-23T12:31:06.922Z</time>
      </trkpt>
      <trkpt lat="38.776869" lon="-0.109750">
        <ele>446.373136</ele>
        <time>2026-02-23T12:31:11.944Z</time>
      </trkpt>
      <trkpt lat="38.777015" lon="-0.109723">
        <ele>445.472575</ele>
        <time>2026-02-23T12:31:14.043Z</time>
      </trkpt>
      <trkpt lat="38.777142" lon="-0.109770">
        <ele>444.665603</ele>
        <time>2026-02-23T12:31:15.968Z</time>
      </trkpt>
      <trkpt lat="38.777179" lon="-0.109614">
        <ele>443.889525</ele>
        <time>2026-02-23T12:31:17.792Z</time>
      </trkpt>
      <trkpt lat="38.777223" lon="-0.109622">
        <ele>443.618215</ele>
        <time>2026-02-23T12:31:18.415Z</time>
      </trkpt>
      <trkpt lat="38.777522" lon="-0.109636">
        <ele>441.767467</ele>
        <time>2026-02-23T12:31:22.583Z</time>
      </trkpt>
      <trkpt lat="38.777902" lon="-0.109717">
        <ele>439.354451</ele>
        <time>2026-02-23T12:31:27.734Z</time>
      </trkpt>
      <trkpt lat="38.778164" lon="-0.109730">
        <ele>437.712018</ele>
        <time>2026-02-23T12:31:31.218Z</time>
      </trkpt>
      <trkpt lat="38.778108" lon="-0.109582">
        <ele>436.908645</ele>
        <time>2026-02-23T12:31:32.387Z</time>
      </trkpt>
      <trkpt lat="38.778108" lon="-0.109449">
        <ele>436.259155</ele>
        <time>2026-02-23T12:31:33.344Z</time>
      </trkpt>
      <trkpt lat="38.778305" lon="-0.108905">
        <ele>433.329967</ele>
        <time>2026-02-23T12:31:37.541Z</time>
      </trkpt>
      <trkpt lat="38.778380" lon="-0.108781">
        <ele>432.563548</ele>
        <time>2026-02-23T12:31:38.621Z</time>
      </trkpt>
      <trkpt lat="38.778490" lon="-0.108670">
        <ele>431.686839</ele>
        <time>2026-02-23T12:31:39.849Z</time>
      </trkpt>
      <trkpt lat="38.778703" lon="-0.108589">
        <ele>430.090219</ele>
        <time>2026-02-23T12:31:41.782Z</time>
      </trkpt>
      <trkpt lat="38.778772" lon="-0.108568">
        <ele>429.567152</ele>
        <time>2026-02-23T12:31:42.401Z</time>
      </trkpt>
      <trkpt lat="38.779706" lon="-0.108190">
        <ele>422.343316</ele>
        <time>2026-02-23T12:31:51.072Z</time>
      </trkpt>
      <trkpt lat="38.779882" lon="-0.108078">
        <ele>420.894196</ele>
        <time>2026-02-23T12:31:52.836Z</time>
      </trkpt>
      <trkpt lat="38.779990" lon="-0.107898">
        <ele>419.588144</ele>
        <time>2026-02-23T12:31:54.437Z</time>
      </trkpt>
      <trkpt lat="38.780223" lon="-0.107261">
        <ele>416.454073</ele>
        <time>2026-02-23T12:31:59.474Z</time>
      </trkpt>
      <trkpt lat="38.780337" lon="-0.107020">
        <ele>415.392765</ele>
        <time>2026-02-23T12:32:01.543Z</time>
      </trkpt>
      <trkpt lat="38.780605" lon="-0.106680">
        <ele>413.572388</ele>
        <time>2026-02-23T12:32:05.162Z</time>
      </trkpt>
      <trkpt lat="38.781325" lon="-0.106090">
        <ele>409.433513</ele>
        <time>2026-02-23T12:32:13.593Z</time>
      </trkpt>
      <trkpt lat="38.781524" lon="-0.105955">
        <ele>408.073079</ele>
        <time>2026-02-23T12:32:15.701Z</time>
      </trkpt>
      <trkpt lat="38.782039" lon="-0.105719">
        <ele>404.768146</ele>
        <time>2026-02-23T12:32:20.773Z</time>
      </trkpt>
      <trkpt lat="38.782247" lon="-0.105719">
        <ele>403.511134</ele>
        <time>2026-02-23T12:32:22.745Z</time>
      </trkpt>
      <trkpt lat="38.782515" lon="-0.105807">
        <ele>401.839307</ele>
        <time>2026-02-23T12:32:25.343Z</time>
      </trkpt>
      <trkpt lat="38.782705" lon="-0.105774">
        <ele>400.680599</ele>
        <time>2026-02-23T12:32:27.098Z</time>
      </trkpt>
      <trkpt lat="38.782839" lon="-0.105667">
        <ele>399.726727</ele>
        <time>2026-02-23T12:32:28.505Z</time>
      </trkpt>
      <trkpt lat="38.782849" lon="-0.105653">
        <ele>399.637273</ele>
        <time>2026-02-23T12:32:28.642Z</time>
      </trkpt>
      <trkpt lat="38.782940" lon="-0.105523">
        <ele>398.814172</ele>
        <time>2026-02-23T12:32:29.836Z</time>
      </trkpt>
      <trkpt lat="38.782984" lon="-0.105375">
        <ele>397.594190</ele>
        <time>2026-02-23T12:32:30.907Z</time>
      </trkpt>
      <trkpt lat="38.782983" lon="-0.105236">
        <ele>396.384368</ele>
        <time>2026-02-23T12:32:31.844Z</time>
      </trkpt>
      <trkpt lat="38.782873" lon="-0.104702">
        <ele>391.577227</ele>
        <time>2026-02-23T12:32:35.533Z</time>
      </trkpt>
      <trkpt lat="38.782742" lon="-0.103797">
        <ele>383.566004</ele>
        <time>2026-02-23T12:32:41.608Z</time>
      </trkpt>
      <trkpt lat="38.782635" lon="-0.103566">
        <ele>381.227358</ele>
        <time>2026-02-23T12:32:43.354Z</time>
      </trkpt>
      <trkpt lat="38.782487" lon="-0.103513">
        <ele>379.511763</ele>
        <time>2026-02-23T12:32:44.637Z</time>
      </trkpt>
      <trkpt lat="38.781955" lon="-0.103550">
        <ele>375.393705</ele>
        <time>2026-02-23T12:32:49.100Z</time>
      </trkpt>
      <trkpt lat="38.781399" lon="-0.103759">
        <ele>371.301679</ele>
        <time>2026-02-23T12:32:54.264Z</time>
      </trkpt>
      <trkpt lat="38.780967" lon="-0.104007">
        <ele>367.958967</ele>
        <time>2026-02-23T12:32:58.876Z</time>
      </trkpt>
      <trkpt lat="38.780788" lon="-0.104159">
        <ele>366.442833</ele>
        <time>2026-02-23T12:33:01.264Z</time>
      </trkpt>
      <trkpt lat="38.780544" lon="-0.104372">
        <ele>365.326542</ele>
        <time>2026-02-23T12:33:04.734Z</time>
      </trkpt>
      <trkpt lat="38.779596" lon="-0.105043">
        <ele>362.670579</ele>
        <time>2026-02-23T12:33:17.823Z</time>
      </trkpt>
      <trkpt lat="38.779493" lon="-0.105043">
        <ele>362.417919</ele>
        <time>2026-02-23T12:33:18.836Z</time>
      </trkpt>
      <trkpt lat="38.779403" lon="-0.104966">
        <ele>362.152549</ele>
        <time>2026-02-23T12:33:19.901Z</time>
      </trkpt>
      <trkpt lat="38.779348" lon="-0.104880">
        <ele>361.939834</ele>
        <time>2026-02-23T12:33:20.752Z</time>
      </trkpt>
      <trkpt lat="38.779162" lon="-0.104342">
        <ele>360.126760</ele>
        <time>2026-02-23T12:33:25.069Z</time>
      </trkpt>
      <trkpt lat="38.779150" lon="-0.104215">
        <ele>359.608714</ele>
        <time>2026-02-23T12:33:25.983Z</time>
      </trkpt>
      <trkpt lat="38.779316" lon="-0.103907">
        <ele>358.092426</ele>
        <time>2026-02-23T12:33:28.665Z</time>
      </trkpt>
      <trkpt lat="38.779598" lon="-0.103384">
        <ele>355.517330</ele>
        <time>2026-02-23T12:33:33.151Z</time>
      </trkpt>
      <trkpt lat="38.779648" lon="-0.103338">
        <ele>355.197712</ele>
        <time>2026-02-23T12:33:33.726Z</time>
      </trkpt>
      <trkpt lat="38.780046" lon="-0.102589">
        <ele>351.636690</ele>
        <time>2026-02-23T12:33:40.494Z</time>
      </trkpt>
      <trkpt lat="38.780070" lon="-0.102477">
        <ele>351.258464</ele>
        <time>2026-02-23T12:33:41.390Z</time>
      </trkpt>
      <trkpt lat="38.780215" lon="-0.102450">
        <ele>350.646444</ele>
        <time>2026-02-23T12:33:42.854Z</time>
      </trkpt>
      <trkpt lat="38.780814" lon="-0.101738">
        <ele>347.235378</ele>
        <time>2026-02-23T12:33:51.021Z</time>
      </trkpt>
      <trkpt lat="38.781113" lon="-0.101376">
        <ele>345.518030</ele>
        <time>2026-02-23T12:33:55.048Z</time>
      </trkpt>
      <trkpt lat="38.781163" lon="-0.101313">
        <ele>345.225282</ele>
        <time>2026-02-23T12:33:55.717Z</time>
      </trkpt>
      <trkpt lat="38.781352" lon="-0.101021">
        <ele>343.292649</ele>
        <time>2026-02-23T12:33:58.536Z</time>
      </trkpt>
      <trkpt lat="38.781389" lon="-0.100812">
        <ele>341.762305</ele>
        <time>2026-02-23T12:34:00.077Z</time>
      </trkpt>
      <trkpt lat="38.781327" lon="-0.100438">
        <ele>339.032075</ele>
        <time>2026-02-23T12:34:02.743Z</time>
      </trkpt>
      <trkpt lat="38.781156" lon="-0.099806">
        <ele>334.255232</ele>
        <time>2026-02-23T12:34:07.260Z</time>
      </trkpt>
      <trkpt lat="38.781158" lon="-0.099656">
        <ele>333.184011</ele>
        <time>2026-02-23T12:34:08.259Z</time>
      </trkpt>
      <trkpt lat="38.781188" lon="-0.099413">
        <ele>331.427262</ele>
        <time>2026-02-23T12:34:09.885Z</time>
      </trkpt>
      <trkpt lat="38.781182" lon="-0.099099">
        <ele>329.184495</ele>
        <time>2026-02-23T12:34:11.949Z</time>
      </trkpt>
      <trkpt lat="38.781177" lon="-0.098788">
        <ele>326.804069</ele>
        <time>2026-02-23T12:34:13.982Z</time>
      </trkpt>
      <trkpt lat="38.781227" lon="-0.098556">
        <ele>324.844171</ele>
        <time>2026-02-23T12:34:15.558Z</time>
      </trkpt>
      <trkpt lat="38.781379" lon="-0.098310">
        <ele>322.288248</ele>
        <time>2026-02-23T12:34:17.610Z</time>
      </trkpt>
      <trkpt lat="38.781400" lon="-0.098224">
        <ele>321.554454</ele>
        <time>2026-02-23T12:34:18.199Z</time>
      </trkpt>
      <trkpt lat="38.781397" lon="-0.098039">
        <ele>320.047790</ele>
        <time>2026-02-23T12:34:19.416Z</time>
      </trkpt>
      <trkpt lat="38.781320" lon="-0.097880">
        <ele>318.523672</ele>
        <time>2026-02-23T12:34:20.647Z</time>
      </trkpt>
      <trkpt lat="38.781251" lon="-0.097854">
        <ele>317.772513</ele>
        <time>2026-02-23T12:34:21.258Z</time>
      </trkpt>
      <trkpt lat="38.781120" lon="-0.097868">
        <ele>316.399468</ele>
        <time>2026-02-23T12:34:22.389Z</time>
      </trkpt>
      <trkpt lat="38.780316" lon="-0.098093">
        <ele>308.611976</ele>
        <time>2026-02-23T12:34:29.592Z</time>
      </trkpt>
      <trkpt lat="38.780102" lon="-0.098288">
        <ele>307.339610</ele>
        <time>2026-02-23T12:34:32.071Z</time>
      </trkpt>
      <trkpt lat="38.779713" lon="-0.098743">
        <ele>304.787889</ele>
        <time>2026-02-23T12:34:37.277Z</time>
      </trkpt>
      <trkpt lat="38.779601" lon="-0.098821">
        <ele>304.170156</ele>
        <time>2026-02-23T12:34:38.564Z</time>
      </trkpt>
      <trkpt lat="38.779522" lon="-0.098824">
        <ele>303.787061</ele>
        <time>2026-02-23T12:34:39.353Z</time>
      </trkpt>
      <trkpt lat="38.779447" lon="-0.098771">
        <ele>303.372008</ele>
        <time>2026-02-23T12:34:40.206Z</time>
      </trkpt>
      <trkpt lat="38.779362" lon="-0.098606">
        <ele>302.624690</ele>
        <time>2026-02-23T12:34:41.737Z</time>
      </trkpt>
      <trkpt lat="38.779333" lon="-0.098255">
        <ele>301.290941</ele>
        <time>2026-02-23T12:34:44.447Z</time>
      </trkpt>
      <trkpt lat="38.779343" lon="-0.098149">
        <ele>300.887477</ele>
        <time>2026-02-23T12:34:45.246Z</time>
      </trkpt>
      <trkpt lat="38.779358" lon="-0.097991">
        <ele>300.112783</ele>
        <time>2026-02-23T12:34:46.439Z</time>
      </trkpt>
      <trkpt lat="38.779388" lon="-0.097868">
        <ele>299.351054</ele>
        <time>2026-02-23T12:34:47.406Z</time>
      </trkpt>
      <trkpt lat="38.779465" lon="-0.097711">
        <ele>298.254758</ele>
        <time>2026-02-23T12:34:48.790Z</time>
      </trkpt>
      <trkpt lat="38.779831" lon="-0.097234">
        <ele>294.298983</ele>
        <time>2026-02-23T12:34:53.526Z</time>
      </trkpt>
      <trkpt lat="38.779945" lon="-0.097044">
        <ele>292.881914</ele>
        <time>2026-02-23T12:34:55.152Z</time>
      </trkpt>
      <trkpt lat="38.780024" lon="-0.096744">
        <ele>291.010381</ele>
        <time>2026-02-23T12:34:57.295Z</time>
      </trkpt>
      <trkpt lat="38.780069" lon="-0.096267">
        <ele>288.170582</ele>
        <time>2026-02-23T12:35:00.532Z</time>
      </trkpt>
      <trkpt lat="38.780094" lon="-0.096177">
        <ele>287.605892</ele>
        <time>2026-02-23T12:35:01.175Z</time>
      </trkpt>
      <trkpt lat="38.780160" lon="-0.096074">
        <ele>286.842740</ele>
        <time>2026-02-23T12:35:02.067Z</time>
      </trkpt>
      <trkpt lat="38.780511" lon="-0.095823">
        <ele>284.342936</ele>
        <time>2026-02-23T12:35:05.520Z</time>
      </trkpt>
      <trkpt lat="38.780706" lon="-0.095637">
        <ele>282.831314</ele>
        <time>2026-02-23T12:35:07.630Z</time>
      </trkpt>
      <trkpt lat="38.781283" lon="-0.094685">
        <ele>276.983611</ele>
        <time>2026-02-23T12:35:16.420Z</time>
      </trkpt>
      <trkpt lat="38.781391" lon="-0.094509">
        <ele>275.897437</ele>
        <time>2026-02-23T12:35:18.326Z</time>
      </trkpt>
      <trkpt lat="38.781558" lon="-0.094152">
        <ele>275.315328</ele>
        <time>2026-02-23T12:35:21.983Z</time>
      </trkpt>
      <trkpt lat="38.781914" lon="-0.093474">
        <ele>274.366206</ele>
        <time>2026-02-23T12:35:31.103Z</time>
      </trkpt>
      <trkpt lat="38.782196" lon="-0.092850">
        <ele>273.528761</ele>
        <time>2026-02-23T12:35:38.466Z</time>
      </trkpt>
      <trkpt lat="38.782474" lon="-0.091408">
        <ele>269.956771</ele>
        <time>2026-02-23T12:35:50.387Z</time>
      </trkpt>
      <trkpt lat="38.782611" lon="-0.090902">
        <ele>268.440532</ele>
        <time>2026-02-23T12:35:54.617Z</time>
      </trkpt>
      <trkpt lat="38.782629" lon="-0.090712">
        <ele>267.898753</ele>
        <time>2026-02-23T12:35:56.093Z</time>
      </trkpt>
      <trkpt lat="38.782597" lon="-0.090414">
        <ele>267.047256</ele>
        <time>2026-02-23T12:35:58.334Z</time>
      </trkpt>
      <trkpt lat="38.782654" lon="-0.090155">
        <ele>265.972474</ele>
        <time>2026-02-23T12:36:00.280Z</time>
      </trkpt>
      <trkpt lat="38.782796" lon="-0.089913">
        <ele>264.128406</ele>
        <time>2026-02-23T12:36:02.421Z</time>
      </trkpt>
      <trkpt lat="38.783054" lon="-0.089601">
        <ele>261.359265</ele>
        <time>2026-02-23T12:36:05.591Z</time>
      </trkpt>
      <trkpt lat="38.783513" lon="-0.088645">
        <ele>254.523694</ele>
        <time>2026-02-23T12:36:13.225Z</time>
      </trkpt>
      <trkpt lat="38.783562" lon="-0.088492">
        <ele>253.516678</ele>
        <time>2026-02-23T12:36:14.342Z</time>
      </trkpt>
      <trkpt lat="38.783608" lon="-0.088145">
        <ele>251.213993</ele>
        <time>2026-02-23T12:36:16.729Z</time>
      </trkpt>
      <trkpt lat="38.784103" lon="-0.086825">
        <ele>241.042047</ele>
        <time>2026-02-23T12:36:26.745Z</time>
      </trkpt>
      <trkpt lat="38.784603" lon="-0.086161">
        <ele>234.184208</ele>
        <time>2026-02-23T12:36:33.015Z</time>
      </trkpt>
      <trkpt lat="38.784764" lon="-0.085846">
        <ele>230.938750</ele>
        <time>2026-02-23T12:36:35.513Z</time>
      </trkpt>
      <trkpt lat="38.784827" lon="-0.085791">
        <ele>230.096447</ele>
        <time>2026-02-23T12:36:36.161Z</time>
      </trkpt>
      <trkpt lat="38.784883" lon="-0.085804">
        <ele>229.467412</ele>
        <time>2026-02-23T12:36:36.640Z</time>
      </trkpt>
      <trkpt lat="38.784926" lon="-0.085704">
        <ele>228.483410</ele>
        <time>2026-02-23T12:36:37.397Z</time>
      </trkpt>
      <trkpt lat="38.785311" lon="-0.085221">
        <ele>222.531298</ele>
        <time>2026-02-23T12:36:41.949Z</time>
      </trkpt>
      <trkpt lat="38.785404" lon="-0.085069">
        <ele>220.866422</ele>
        <time>2026-02-23T12:36:43.235Z</time>
      </trkpt>
      <trkpt lat="38.785533" lon="-0.084764">
        <ele>217.876638</ele>
        <time>2026-02-23T12:36:45.524Z</time>
      </trkpt>
      <trkpt lat="38.785597" lon="-0.084448">
        <ele>215.564173</ele>
        <time>2026-02-23T12:36:47.670Z</time>
      </trkpt>
      <trkpt lat="38.785613" lon="-0.084242">
        <ele>214.359330</ele>
        <time>2026-02-23T12:36:49.048Z</time>
      </trkpt>
      <trkpt lat="38.785629" lon="-0.083914">
        <ele>212.446658</ele>
        <time>2026-02-23T12:36:51.270Z</time>
      </trkpt>
      <trkpt lat="38.785615" lon="-0.083634">
        <ele>210.813729</ele>
        <time>2026-02-23T12:36:53.206Z</time>
      </trkpt>
      <trkpt lat="38.785492" lon="-0.083138">
        <ele>207.784481</ele>
        <time>2026-02-23T12:36:56.883Z</time>
      </trkpt>
      <trkpt lat="38.785328" lon="-0.082751">
        <ele>205.220836</ele>
        <time>2026-02-23T12:37:00.102Z</time>
      </trkpt>
      <trkpt lat="38.785238" lon="-0.082593">
        <ele>204.081926</ele>
        <time>2026-02-23T12:37:01.559Z</time>
      </trkpt>
      <trkpt lat="38.784979" lon="-0.082211">
        <ele>201.376371</ele>
        <time>2026-02-23T12:37:05.383Z</time>
      </trkpt>
      <trkpt lat="38.784764" lon="-0.082017">
        <ele>199.645485</ele>
        <time>2026-02-23T12:37:07.928Z</time>
      </trkpt>
      <trkpt lat="38.784503" lon="-0.081504">
        <ele>196.501026</ele>
        <time>2026-02-23T12:37:12.276Z</time>
      </trkpt>
      <trkpt lat="38.784110" lon="-0.081104">
        <ele>193.197590</ele>
        <time>2026-02-23T12:37:16.711Z</time>
      </trkpt>
      <trkpt lat="38.783984" lon="-0.080944">
        <ele>192.030155</ele>
        <time>2026-02-23T12:37:18.261Z</time>
      </trkpt>
      <trkpt lat="38.783811" lon="-0.080583">
        <ele>189.657937</ele>
        <time>2026-02-23T12:37:21.152Z</time>
      </trkpt>
      <trkpt lat="38.783705" lon="-0.080446">
        <ele>188.535036</ele>
        <time>2026-02-23T12:37:22.465Z</time>
      </trkpt>
      <trkpt lat="38.783108" lon="-0.080014">
        <ele>183.419909</ele>
        <time>2026-02-23T12:37:28.490Z</time>
      </trkpt>
      <trkpt lat="38.782947" lon="-0.079975">
        <ele>182.197185</ele>
        <time>2026-02-23T12:37:29.971Z</time>
      </trkpt>
      <trkpt lat="38.782647" lon="-0.080020">
        <ele>179.943128</ele>
        <time>2026-02-23T12:37:32.732Z</time>
      </trkpt>
      <trkpt lat="38.782370" lon="-0.079941">
        <ele>177.851554</ele>
        <time>2026-02-23T12:37:35.347Z</time>
      </trkpt>
      <trkpt lat="38.782196" lon="-0.079837">
        <ele>176.858928</ele>
        <time>2026-02-23T12:37:37.111Z</time>
      </trkpt>
      <trkpt lat="38.781822" lon="-0.079538">
        <ele>174.580143</ele>
        <time>2026-02-23T12:37:41.146Z</time>
      </trkpt>
      <trkpt lat="38.781432" lon="-0.079287">
        <ele>172.323871</ele>
        <time>2026-02-23T12:37:45.118Z</time>
      </trkpt>
      <trkpt lat="38.780719" lon="-0.078947">
        <ele>168.560842</ele>
        <time>2026-02-23T12:37:52.305Z</time>
      </trkpt>
      <trkpt lat="38.780499" lon="-0.078895">
        <ele>168.303708</ele>
        <time>2026-02-23T12:37:54.848Z</time>
      </trkpt>
      <trkpt lat="38.780258" lon="-0.078987">
        <ele>168.014687</ele>
        <time>2026-02-23T12:37:59.035Z</time>
      </trkpt>
      <trkpt lat="38.779945" lon="-0.079214">
        <ele>167.601395</ele>
        <time>2026-02-23T12:38:05.316Z</time>
      </trkpt>
      <trkpt lat="38.779707" lon="-0.079543">
        <ele>167.199217</ele>
        <time>2026-02-23T12:38:11.483Z</time>
      </trkpt>
      <trkpt lat="38.779608" lon="-0.079629">
        <ele>167.061785</ele>
        <time>2026-02-23T12:38:13.388Z</time>
      </trkpt>
      <trkpt lat="38.779526" lon="-0.079625">
        <ele>166.967463</ele>
        <time>2026-02-23T12:38:14.673Z</time>
      </trkpt>
      <trkpt lat="38.779445" lon="-0.079548">
        <ele>166.851579</ele>
        <time>2026-02-23T12:38:16.108Z</time>
      </trkpt>
      <trkpt lat="38.779424" lon="-0.079476">
        <ele>166.782695</ele>
        <time>2026-02-23T12:38:16.891Z</time>
      </trkpt>
      <trkpt lat="38.779429" lon="-0.079390">
        <ele>166.705420</ele>
        <time>2026-02-23T12:38:17.791Z</time>
      </trkpt>
      <trkpt lat="38.779456" lon="-0.079334">
        <ele>166.646419</ele>
        <time>2026-02-23T12:38:18.469Z</time>
      </trkpt>
      <trkpt lat="38.780241" lon="-0.078644">
        <ele>162.746400</ele>
        <time>2026-02-23T12:38:27.735Z</time>
      </trkpt>
      <trkpt lat="38.780497" lon="-0.078297">
        <ele>161.104256</ele>
        <time>2026-02-23T12:38:31.066Z</time>
      </trkpt>
      <trkpt lat="38.780734" lon="-0.077909">
        <ele>159.409987</ele>
        <time>2026-02-23T12:38:34.614Z</time>
      </trkpt>
      <trkpt lat="38.780797" lon="-0.077736">
        <ele>158.753673</ele>
        <time>2026-02-23T12:38:36.046Z</time>
      </trkpt>
      <trkpt lat="38.780923" lon="-0.077440">
        <ele>158.057386</ele>
        <time>2026-02-23T12:38:38.674Z</time>
      </trkpt>
      <trkpt lat="38.781051" lon="-0.077272">
        <ele>157.617447</ele>
        <time>2026-02-23T12:38:40.525Z</time>
      </trkpt>
      <trkpt lat="38.781164" lon="-0.077055">
        <ele>157.128728</ele>
        <time>2026-02-23T12:38:42.594Z</time>
      </trkpt>
      <trkpt lat="38.781244" lon="-0.076359">
        <ele>155.811198</ele>
        <time>2026-02-23T12:38:48.604Z</time>
      </trkpt>
      <trkpt lat="38.781493" lon="-0.075063">
        <ele>154.384330</ele>
        <time>2026-02-23T12:39:00.940Z</time>
      </trkpt>
      <trkpt lat="38.781434" lon="-0.074084">
        <ele>154.560496</ele>
        <time>2026-02-23T12:39:11.660Z</time>
      </trkpt>
      <trkpt lat="38.781406" lon="-0.073926">
        <ele>154.589567</ele>
        <time>2026-02-23T12:39:14.076Z</time>
      </trkpt>
      <trkpt lat="38.781325" lon="-0.073814">
        <ele>154.616976</ele>
        <time>2026-02-23T12:39:16.509Z</time>
      </trkpt>
      <trkpt lat="38.781258" lon="-0.073774">
        <ele>154.633984</ele>
        <time>2026-02-23T12:39:18.079Z</time>
      </trkpt>
      <trkpt lat="38.781099" lon="-0.073739">
        <ele>154.671113</ele>
        <time>2026-02-23T12:39:21.692Z</time>
      </trkpt>
      <trkpt lat="38.780825" lon="-0.073728">
        <ele>154.962564</ele>
        <time>2026-02-23T12:39:28.024Z</time>
      </trkpt>
      <trkpt lat="38.780674" lon="-0.073639">
        <ele>155.294744</ele>
        <time>2026-02-23T12:39:31.974Z</time>
      </trkpt>
      <trkpt lat="38.780593" lon="-0.073452">
        <ele>155.628106</ele>
        <time>2026-02-23T12:39:36.058Z</time>
      </trkpt>
      <trkpt lat="38.780557" lon="-0.072922">
        <ele>156.457127</ele>
        <time>2026-02-23T12:39:46.567Z</time>
      </trkpt>
      <trkpt lat="38.780514" lon="-0.072792">
        <ele>156.677186</ele>
        <time>2026-02-23T12:39:49.241Z</time>
      </trkpt>
      <trkpt lat="38.780416" lon="-0.072677">
        <ele>156.942685</ele>
        <time>2026-02-23T12:39:52.381Z</time>
      </trkpt>
      <trkpt lat="38.780161" lon="-0.072483">
        <ele>157.535323</ele>
        <time>2026-02-23T12:39:58.987Z</time>
      </trkpt>
      <trkpt lat="38.780072" lon="-0.072320">
        <ele>157.845433</ele>
        <time>2026-02-23T12:40:02.163Z</time>
      </trkpt>
      <trkpt lat="38.780050" lon="-0.071995">
        <ele>158.330448</ele>
        <time>2026-02-23T12:40:07.262Z</time>
      </trkpt>
      <trkpt lat="38.780154" lon="-0.071293">
        <ele>158.961688</ele>
        <time>2026-02-23T12:40:19.034Z</time>
      </trkpt>
      <trkpt lat="38.780124" lon="-0.071048">
        <ele>159.180772</ele>
        <time>2026-02-23T12:40:23.412Z</time>
      </trkpt>
      <trkpt lat="38.779985" lon="-0.070851">
        <ele>159.415499</ele>
        <time>2026-02-23T12:40:27.902Z</time>
      </trkpt>
      <trkpt lat="38.779436" lon="-0.070225">
        <ele>160.247879</ele>
        <time>2026-02-23T12:40:40.536Z</time>
      </trkpt>
      <trkpt lat="38.779372" lon="-0.070085">
        <ele>160.275996</ele>
        <time>2026-02-23T12:40:42.681Z</time>
      </trkpt>
      <trkpt lat="38.779396" lon="-0.069932">
        <ele>160.114786</ele>
        <time>2026-02-23T12:40:44.786Z</time>
      </trkpt>
      <trkpt lat="38.779697" lon="-0.069562">
        <ele>159.562387</ele>
        <time>2026-02-23T12:40:51.578Z</time>
      </trkpt>
      <trkpt lat="38.779746" lon="-0.069400">
        <ele>159.382895</ele>
        <time>2026-02-23T12:40:53.448Z</time>
      </trkpt>
      <trkpt lat="38.779692" lon="-0.068142">
        <ele>158.081471</ele>
        <time>2026-02-23T12:41:03.838Z</time>
      </trkpt>
      <trkpt lat="38.779688" lon="-0.068099">
        <ele>158.036739</ele>
        <time>2026-02-23T12:41:04.193Z</time>
      </trkpt>
      <trkpt lat="38.779620" lon="-0.067890">
        <ele>157.939059</ele>
        <time>2026-02-23T12:41:06.009Z</time>
      </trkpt>
      <trkpt lat="38.779392" lon="-0.067560">
        <ele>157.891792</ele>
        <time>2026-02-23T12:41:09.616Z</time>
      </trkpt>
      <trkpt lat="38.779114" lon="-0.067184">
        <ele>157.836243</ele>
        <time>2026-02-23T12:41:14.263Z</time>
      </trkpt>
      <trkpt lat="38.779078" lon="-0.067137">
        <ele>157.829180</ele>
        <time>2026-02-23T12:41:14.899Z</time>
      </trkpt>
      <trkpt lat="38.778793" lon="-0.066923">
        <ele>157.783772</ele>
        <time>2026-02-23T12:41:19.838Z</time>
      </trkpt>
      <trkpt lat="38.778687" lon="-0.066890">
        <ele>157.768773</ele>
        <time>2026-02-23T12:41:21.863Z</time>
      </trkpt>
      <trkpt lat="38.778640" lon="-0.066877">
        <ele>157.762162</ele>
        <time>2026-02-23T12:41:22.862Z</time>
      </trkpt>
      <trkpt lat="38.778567" lon="-0.066799">
        <ele>157.749098</ele>
        <time>2026-02-23T12:41:24.837Z</time>
      </trkpt>
      <trkpt lat="38.778556" lon="-0.066770">
        <ele>157.745641</ele>
        <time>2026-02-23T12:41:25.402Z</time>
      </trkpt>
      <trkpt lat="38.778469" lon="-0.066665">
        <ele>157.729216</ele>
        <time>2026-02-23T12:41:28.207Z</time>
      </trkpt>
      <trkpt lat="38.778266" lon="-0.066593">
        <ele>157.942731</ele>
        <time>2026-02-23T12:41:33.930Z</time>
      </trkpt>
      <trkpt lat="38.778024" lon="-0.066445">
        <ele>159.136911</ele>
        <time>2026-02-23T12:41:42.330Z</time>
      </trkpt>
      <trkpt lat="38.777864" lon="-0.066291">
        <ele>160.027915</ele>
        <time>2026-02-23T12:41:49.257Z</time>
      </trkpt>
      <trkpt lat="38.777751" lon="-0.066123">
        <ele>160.798416</ele>
        <time>2026-02-23T12:41:55.506Z</time>
      </trkpt>
      <trkpt lat="38.777609" lon="-0.065949">
        <ele>161.673137</ele>
        <time>2026-02-23T12:42:02.746Z</time>
      </trkpt>
      <trkpt lat="38.775970" lon="-0.063932">
        <ele>170.884734</ele>
        <time>2026-02-23T12:43:19.828Z</time>
      </trkpt>
      <trkpt lat="38.775541" lon="-0.063517">
        <ele>172.655735</ele>
        <time>2026-02-23T12:43:31.280Z</time>
      </trkpt>
      <trkpt lat="38.774502" lon="-0.062679">
        <ele>174.102456</ele>
        <time>2026-02-23T12:43:52.063Z</time>
      </trkpt>
      <trkpt lat="38.774333" lon="-0.062538">
        <ele>174.340100</ele>
        <time>2026-02-23T12:43:56.166Z</time>
      </trkpt>
      <trkpt lat="38.774224" lon="-0.062439">
        <ele>174.497533</ele>
        <time>2026-02-23T12:43:59.048Z</time>
      </trkpt>
      <trkpt lat="38.774192" lon="-0.062413">
        <ele>174.542184</ele>
        <time>2026-02-23T12:43:59.954Z</time>
      </trkpt>
      <trkpt lat="38.773778" lon="-0.062091">
        <ele>175.776276</ele>
        <time>2026-02-23T12:44:10.993Z</time>
      </trkpt>
      <trkpt lat="38.773194" lon="-0.061862">
        <ele>177.541451</ele>
        <time>2026-02-23T12:44:25.454Z</time>
      </trkpt>
      <trkpt lat="38.772530" lon="-0.061702">
        <ele>179.494321</ele>
        <time>2026-02-23T12:44:43.648Z</time>
      </trkpt>
      <trkpt lat="38.772312" lon="-0.061723">
        <ele>180.517607</ele>
        <time>2026-02-23T12:44:50.751Z</time>
      </trkpt>
      <trkpt lat="38.771920" lon="-0.061996">
        <ele>183.667883</ele>
        <time>2026-02-23T12:45:08.070Z</time>
      </trkpt>
      <trkpt lat="38.771717" lon="-0.062100">
        <ele>185.211708</ele>
        <time>2026-02-23T12:45:18.224Z</time>
      </trkpt>
      <trkpt lat="38.771549" lon="-0.062090">
        <ele>186.399488</ele>
        <time>2026-02-23T12:45:26.524Z</time>
      </trkpt>
      <trkpt lat="38.771371" lon="-0.062042">
        <ele>187.684098</ele>
        <time>2026-02-23T12:45:35.811Z</time>
      </trkpt>
      <trkpt lat="38.771141" lon="-0.062005">
        <ele>189.321203</ele>
        <time>2026-02-23T12:45:48.268Z</time>
      </trkpt>
      <trkpt lat="38.770471" lon="-0.062010">
        <ele>194.070878</ele>
        <time>2026-02-23T12:46:19.906Z</time>
      </trkpt>
      <trkpt lat="38.770051" lon="-0.061930">
        <ele>197.105188</ele>
        <time>2026-02-23T12:46:33.769Z</time>
      </trkpt>
      <trkpt lat="38.769760" lon="-0.061828">
        <ele>199.260981</ele>
        <time>2026-02-23T12:46:45.043Z</time>
      </trkpt>
      <trkpt lat="38.769365" lon="-0.061469">
        <ele>202.720571</ele>
        <time>2026-02-23T12:47:06.130Z</time>
      </trkpt>
      <trkpt lat="38.769198" lon="-0.061358">
        <ele>204.064713</ele>
        <time>2026-02-23T12:47:15.192Z</time>
      </trkpt>
      <trkpt lat="38.769111" lon="-0.061357">
        <ele>204.686455</ele>
        <time>2026-02-23T12:47:19.636Z</time>
      </trkpt>
      <trkpt lat="38.768551" lon="-0.061513">
        <ele>209.113971</ele>
        <time>2026-02-23T12:47:49.327Z</time>
      </trkpt>
      <trkpt lat="38.768241" lon="-0.061661">
        <ele>211.710893</ele>
        <time>2026-02-23T12:48:08.044Z</time>
      </trkpt>
      <trkpt lat="38.768111" lon="-0.061655">
        <ele>212.732170</ele>
        <time>2026-02-23T12:48:15.501Z</time>
      </trkpt>
      <trkpt lat="38.768059" lon="-0.061609">
        <ele>213.228105</ele>
        <time>2026-02-23T12:48:19.077Z</time>
      </trkpt>
      <trkpt lat="38.767986" lon="-0.061468">
        <ele>214.264153</ele>
        <time>2026-02-23T12:48:26.170Z</time>
      </trkpt>
      <trkpt lat="38.767972" lon="-0.061372">
        <ele>214.861984</ele>
        <time>2026-02-23T12:48:29.957Z</time>
      </trkpt>
      <trkpt lat="38.768021" lon="-0.061084">
        <ele>216.666388</ele>
        <time>2026-02-23T12:48:40.562Z</time>
      </trkpt>
      <trkpt lat="38.768009" lon="-0.060981">
        <ele>217.303877</ele>
        <time>2026-02-23T12:48:43.700Z</time>
      </trkpt>
      <trkpt lat="38.767933" lon="-0.060779">
        <ele>218.676803</ele>
        <time>2026-02-23T12:48:49.825Z</time>
      </trkpt>
      <trkpt lat="38.767842" lon="-0.060626">
        <ele>219.604886</ele>
        <time>2026-02-23T12:48:54.278Z</time>
      </trkpt>
      <trkpt lat="38.767643" lon="-0.060286">
        <ele>220.190163</ele>
        <time>2026-02-23T12:49:02.173Z</time>
      </trkpt>
      <trkpt lat="38.767567" lon="-0.060118">
        <ele>220.457555</ele>
        <time>2026-02-23T12:49:05.347Z</time>
      </trkpt>
      <trkpt lat="38.767534" lon="-0.059923">
        <ele>220.732258</ele>
        <time>2026-02-23T12:49:08.276Z</time>
      </trkpt>
      <trkpt lat="38.767516" lon="-0.059209">
        <ele>221.715722</ele>
        <time>2026-02-23T12:49:17.409Z</time>
      </trkpt>
      <trkpt lat="38.767492" lon="-0.058662">
        <ele>222.469958</ele>
        <time>2026-02-23T12:49:24.301Z</time>
      </trkpt>
      <trkpt lat="38.767503" lon="-0.058474">
        <ele>222.779739</ele>
        <time>2026-02-23T12:49:26.919Z</time>
      </trkpt>
      <trkpt lat="38.767638" lon="-0.057621">
        <ele>226.803725</ele>
        <time>2026-02-23T12:49:44.347Z</time>
      </trkpt>
      <trkpt lat="38.767720" lon="-0.056902">
        <ele>230.163151</ele>
        <time>2026-02-23T12:50:07.418Z</time>
      </trkpt>
      <trkpt lat="38.767711" lon="-0.056806">
        <ele>230.610172</ele>
        <time>2026-02-23T12:50:11.042Z</time>
      </trkpt>
      <trkpt lat="38.767638" lon="-0.056678">
        <ele>231.343347</ele>
        <time>2026-02-23T12:50:17.278Z</time>
      </trkpt>
      <trkpt lat="38.767552" lon="-0.056641">
        <ele>231.881208</ele>
        <time>2026-02-23T12:50:22.175Z</time>
      </trkpt>
      <trkpt lat="38.767502" lon="-0.056674">
        <ele>232.214634</ele>
        <time>2026-02-23T12:50:25.207Z</time>
      </trkpt>
      <trkpt lat="38.767472" lon="-0.056743">
        <ele>232.579878</ele>
        <time>2026-02-23T12:50:28.732Z</time>
      </trkpt>
      <trkpt lat="38.767431" lon="-0.057184">
        <ele>235.329355</ele>
        <time>2026-02-23T12:50:49.604Z</time>
      </trkpt>
      <trkpt lat="38.767016" lon="-0.058368">
        <ele>244.647221</ele>
        <time>2026-02-23T12:51:49.890Z</time>
      </trkpt>
      <trkpt lat="38.766941" lon="-0.058812">
        <ele>247.908147</ele>
        <time>2026-02-23T12:52:06.365Z</time>
      </trkpt>
      <trkpt lat="38.766934" lon="-0.059459">
        <ele>250.941307</ele>
        <time>2026-02-23T12:52:25.075Z</time>
      </trkpt>
      <trkpt lat="38.767015" lon="-0.061036">
        <ele>255.311498</ele>
        <time>2026-02-23T12:52:56.948Z</time>
      </trkpt>
      <trkpt lat="38.767001" lon="-0.061201">
        <ele>255.770452</ele>
        <time>2026-02-23T12:53:00.150Z</time>
      </trkpt>
      <trkpt lat="38.766915" lon="-0.061363">
        <ele>256.311281</ele>
        <time>2026-02-23T12:53:03.948Z</time>
      </trkpt>
      <trkpt lat="38.766834" lon="-0.061454">
        <ele>256.476382</ele>
        <time>2026-02-23T12:53:06.654Z</time>
      </trkpt>
      <trkpt lat="38.766496" lon="-0.061735">
        <ele>257.093968</ele>
        <time>2026-02-23T12:53:16.967Z</time>
      </trkpt>
      <trkpt lat="38.766293" lon="-0.061871">
        <ele>257.445120</ele>
        <time>2026-02-23T12:53:22.958Z</time>
      </trkpt>
      <trkpt lat="38.765068" lon="-0.062727">
        <ele>258.268900</ele>
        <time>2026-02-23T12:53:49.057Z</time>
      </trkpt>
      <trkpt lat="38.764881" lon="-0.062750">
        <ele>257.822607</ele>
        <time>2026-02-23T12:53:51.108Z</time>
      </trkpt>
      <trkpt lat="38.764496" lon="-0.062739">
        <ele>256.907738</ele>
        <time>2026-02-23T12:53:55.115Z</time>
      </trkpt>
      <trkpt lat="38.764477" lon="-0.062739">
        <ele>256.862599</ele>
        <time>2026-02-23T12:53:55.316Z</time>
      </trkpt>
      <trkpt lat="38.763970" lon="-0.062732">
        <ele>255.658053</ele>
        <time>2026-02-23T12:54:00.340Z</time>
      </trkpt>
      <trkpt lat="38.763779" lon="-0.062767">
        <ele>255.199687</ele>
        <time>2026-02-23T12:54:02.212Z</time>
      </trkpt>
      <trkpt lat="38.763690" lon="-0.062827">
        <ele>254.960817</ele>
        <time>2026-02-23T12:54:03.188Z</time>
      </trkpt>
      <trkpt lat="38.763450" lon="-0.063082">
        <ele>253.978059</ele>
        <time>2026-02-23T12:54:06.204Z</time>
      </trkpt>
      <trkpt lat="38.763299" lon="-0.063173">
        <ele>253.414574</ele>
        <time>2026-02-23T12:54:07.818Z</time>
      </trkpt>
      <trkpt lat="38.762880" lon="-0.063250">
        <ele>251.984996</ele>
        <time>2026-02-23T12:54:11.964Z</time>
      </trkpt>
      <trkpt lat="38.762236" lon="-0.063271">
        <ele>249.809257</ele>
        <time>2026-02-23T12:54:18.522Z</time>
      </trkpt>
      <trkpt lat="38.760702" lon="-0.063036">
        <ele>246.101971</ele>
        <time>2026-02-23T12:54:35.002Z</time>
      </trkpt>
      <trkpt lat="38.759498" lon="-0.062550">
        <ele>243.955642</ele>
        <time>2026-02-23T12:54:49.307Z</time>
      </trkpt>
      <trkpt lat="38.757517" lon="-0.061692">
        <ele>241.133267</ele>
        <time>2026-02-23T12:55:14.557Z</time>
      </trkpt>
      <trkpt lat="38.757373" lon="-0.061634">
        <ele>240.926088</ele>
        <time>2026-02-23T12:55:16.291Z</time>
      </trkpt>
      <trkpt lat="38.757387" lon="-0.061502">
        <ele>240.783497</ele>
        <time>2026-02-23T12:55:17.476Z</time>
      </trkpt>
      <trkpt lat="38.757363" lon="-0.061357">
        <ele>240.624833</ele>
        <time>2026-02-23T12:55:18.791Z</time>
      </trkpt>
      <trkpt lat="38.757322" lon="-0.061286">
        <ele>240.530267</ele>
        <time>2026-02-23T12:55:19.571Z</time>
      </trkpt>
      <trkpt lat="38.756955" lon="-0.060415">
        <ele>239.391609</ele>
        <time>2026-02-23T12:55:28.153Z</time>
      </trkpt>
      <trkpt lat="38.756368" lon="-0.058864">
        <ele>237.274809</ele>
        <time>2026-02-23T12:55:43.439Z</time>
      </trkpt>
      <trkpt lat="38.755942" lon="-0.057924">
        <ele>236.362843</ele>
        <time>2026-02-23T12:55:53.850Z</time>
      </trkpt>
      <trkpt lat="38.755893" lon="-0.057790">
        <ele>236.243331</ele>
        <time>2026-02-23T12:55:55.270Z</time>
      </trkpt>
      <trkpt lat="38.755598" lon="-0.056854">
        <ele>235.428106</ele>
        <time>2026-02-23T12:56:04.529Z</time>
      </trkpt>
      <trkpt lat="38.755508" lon="-0.056701">
        <ele>235.382655</ele>
        <time>2026-02-23T12:56:06.434Z</time>
      </trkpt>
      <trkpt lat="38.755144" lon="-0.056220">
        <ele>236.338330</ele>
        <time>2026-02-23T12:56:14.120Z</time>
      </trkpt>
      <trkpt lat="38.755070" lon="-0.056075">
        <ele>236.585416</ele>
        <time>2026-02-23T12:56:16.463Z</time>
      </trkpt>
      <trkpt lat="38.755020" lon="-0.055902">
        <ele>236.848485</ele>
        <time>2026-02-23T12:56:19.112Z</time>
      </trkpt>
      <trkpt lat="38.754999" lon="-0.055711">
        <ele>237.123517</ele>
        <time>2026-02-23T12:56:22.054Z</time>
      </trkpt>
      <trkpt lat="38.755011" lon="-0.055510">
        <ele>237.410952</ele>
        <time>2026-02-23T12:56:25.359Z</time>
      </trkpt>
      <trkpt lat="38.755051" lon="-0.055314">
        <ele>237.699831</ele>
        <time>2026-02-23T12:56:29.092Z</time>
      </trkpt>
      <trkpt lat="38.755187" lon="-0.054809">
        <ele>238.461614</ele>
        <time>2026-02-23T12:56:41.464Z</time>
      </trkpt>
      <trkpt lat="38.755177" lon="-0.054235">
        <ele>241.407657</ele>
        <time>2026-02-23T12:56:57.889Z</time>
      </trkpt>
      <trkpt lat="38.755245" lon="-0.052844">
        <ele>249.623843</ele>
        <time>2026-02-23T12:57:51.253Z</time>
      </trkpt>
      <trkpt lat="38.755336" lon="-0.052403">
        <ele>252.257151</ele>
        <time>2026-02-23T12:58:11.032Z</time>
      </trkpt>
      <trkpt lat="38.755476" lon="-0.052054">
        <ele>253.442913</ele>
        <time>2026-02-23T12:58:25.565Z</time>
      </trkpt>
      <trkpt lat="38.755675" lon="-0.051658">
        <ele>254.866244</ele>
        <time>2026-02-23T12:58:39.770Z</time>
      </trkpt>
      <trkpt lat="38.755686" lon="-0.051558">
        <ele>255.171364</ele>
        <time>2026-02-23T12:58:42.428Z</time>
      </trkpt>
      <trkpt lat="38.755670" lon="-0.051460">
        <ele>255.473869</ele>
        <time>2026-02-23T12:58:44.959Z</time>
      </trkpt>
      <trkpt lat="38.755621" lon="-0.051369">
        <ele>255.807980</ele>
        <time>2026-02-23T12:58:47.851Z</time>
      </trkpt>
      <trkpt lat="38.754780" lon="-0.050894">
        <ele>258.994234</ele>
        <time>2026-02-23T12:59:08.167Z</time>
      </trkpt>
      <trkpt lat="38.754690" lon="-0.050819">
        <ele>258.637761</ele>
        <time>2026-02-23T12:59:09.293Z</time>
      </trkpt>
      <trkpt lat="38.754492" lon="-0.050571">
        <ele>257.718542</ele>
        <time>2026-02-23T12:59:12.073Z</time>
      </trkpt>
      <trkpt lat="38.754365" lon="-0.050377">
        <ele>257.062530</ele>
        <time>2026-02-23T12:59:13.990Z</time>
      </trkpt>
      <trkpt lat="38.754278" lon="-0.050161">
        <ele>256.432894</ele>
        <time>2026-02-23T12:59:15.880Z</time>
      </trkpt>
      <trkpt lat="38.754218" lon="-0.049920">
        <ele>255.777683</ele>
        <time>2026-02-23T12:59:17.876Z</time>
      </trkpt>
      <trkpt lat="38.754188" lon="-0.049585">
        <ele>254.904352</ele>
        <time>2026-02-23T12:59:20.567Z</time>
      </trkpt>
      <trkpt lat="38.754197" lon="-0.049419">
        <ele>254.473385</ele>
        <time>2026-02-23T12:59:21.849Z</time>
      </trkpt>
      <trkpt lat="38.754213" lon="-0.049304">
        <ele>254.170839</ele>
        <time>2026-02-23T12:59:22.731Z</time>
      </trkpt>
      <trkpt lat="38.754232" lon="-0.049150">
        <ele>253.767028</ele>
        <time>2026-02-23T12:59:23.842Z</time>
      </trkpt>
      <trkpt lat="38.754281" lon="-0.048682">
        <ele>252.057680</ele>
        <time>2026-02-23T12:59:27.213Z</time>
      </trkpt>
      <trkpt lat="38.754264" lon="-0.048372">
        <ele>250.649935</ele>
        <time>2026-02-23T12:59:29.403Z</time>
      </trkpt>
      <trkpt lat="38.754137" lon="-0.047911">
        <ele>248.435162</ele>
        <time>2026-02-23T12:59:32.867Z</time>
      </trkpt>
      <trkpt lat="38.754041" lon="-0.047379">
        <ele>245.961557</ele>
        <time>2026-02-23T12:59:36.823Z</time>
      </trkpt>
      <trkpt lat="38.754063" lon="-0.046920">
        <ele>243.878391</ele>
        <time>2026-02-23T12:59:40.146Z</time>
      </trkpt>
      <trkpt lat="38.754067" lon="-0.046530">
        <ele>242.238581</ele>
        <time>2026-02-23T12:59:42.940Z</time>
      </trkpt>
      <trkpt lat="38.754014" lon="-0.046357">
        <ele>241.565322</ele>
        <time>2026-02-23T12:59:44.268Z</time>
      </trkpt>
      <trkpt lat="38.753947" lon="-0.046248">
        <ele>241.062602</ele>
        <time>2026-02-23T12:59:45.264Z</time>
      </trkpt>
      <trkpt lat="38.753794" lon="-0.046114">
        <ele>240.202013</ele>
        <time>2026-02-23T12:59:46.972Z</time>
      </trkpt>
      <trkpt lat="38.752928" lon="-0.045578">
        <ele>235.735581</ele>
        <time>2026-02-23T12:59:56.270Z</time>
      </trkpt>
      <trkpt lat="38.752599" lon="-0.045355">
        <ele>234.109668</ele>
        <time>2026-02-23T12:59:59.937Z</time>
      </trkpt>
      <trkpt lat="38.752445" lon="-0.045191">
        <ele>233.428215</ele>
        <time>2026-02-23T13:00:01.925Z</time>
      </trkpt>
      <trkpt lat="38.752400" lon="-0.045117">
        <ele>233.179098</ele>
        <time>2026-02-23T13:00:02.651Z</time>
      </trkpt>
      <trkpt lat="38.752346" lon="-0.044973">
        <ele>232.754915</ele>
        <time>2026-02-23T13:00:03.891Z</time>
      </trkpt>
      <trkpt lat="38.752188" lon="-0.044138">
        <ele>230.473880</ele>
        <time>2026-02-23T13:00:10.606Z</time>
      </trkpt>
      <trkpt lat="38.752071" lon="-0.043579">
        <ele>228.937354</ele>
        <time>2026-02-23T13:00:15.119Z</time>
      </trkpt>
      <trkpt lat="38.751889" lon="-0.043249">
        <ele>228.080656</ele>
        <time>2026-02-23T13:00:18.288Z</time>
      </trkpt>
      <trkpt lat="38.751755" lon="-0.043053">
        <ele>227.759235</ele>
        <time>2026-02-23T13:00:20.417Z</time>
      </trkpt>
      <trkpt lat="38.751610" lon="-0.042856">
        <ele>227.425194</ele>
        <time>2026-02-23T13:00:22.745Z</time>
      </trkpt>
      <trkpt lat="38.751334" lon="-0.042481">
        <ele>226.789346</ele>
        <time>2026-02-23T13:00:27.520Z</time>
      </trkpt>
      <trkpt lat="38.751249" lon="-0.042319">
        <ele>226.548571</ele>
        <time>2026-02-23T13:00:29.374Z</time>
      </trkpt>
      <trkpt lat="38.751307" lon="-0.042277">
        <ele>226.443246</ele>
        <time>2026-02-23T13:00:30.193Z</time>
      </trkpt>
      <trkpt lat="38.751936" lon="-0.041821">
        <ele>225.388713</ele>
        <time>2026-02-23T13:00:39.088Z</time>
      </trkpt>
      <trkpt lat="38.751967" lon="-0.041798">
        <ele>225.372432</ele>
        <time>2026-02-23T13:00:39.568Z</time>
      </trkpt>
      <trkpt lat="38.752023" lon="-0.041757">
        <ele>225.343117</ele>
        <time>2026-02-23T13:00:40.396Z</time>
      </trkpt>
      <trkpt lat="38.752457" lon="-0.041401">
        <ele>225.108906</ele>
        <time>2026-02-23T13:00:47.011Z</time>
      </trkpt>
      <trkpt lat="38.752555" lon="-0.041294">
        <ele>225.050394</ele>
        <time>2026-02-23T13:00:48.667Z</time>
      </trkpt>
      <trkpt lat="38.752702" lon="-0.041086">
        <ele>224.950878</ele>
        <time>2026-02-23T13:00:51.480Z</time>
      </trkpt>
      <trkpt lat="38.752842" lon="-0.040771">
        <ele>224.822342</ele>
        <time>2026-02-23T13:00:55.089Z</time>
      </trkpt>
      <trkpt lat="38.752961" lon="-0.040414">
        <ele>224.684701</ele>
        <time>2026-02-23T13:00:59.420Z</time>
      </trkpt>
      <trkpt lat="38.753093" lon="-0.040001">
        <ele>224.648763</ele>
        <time>2026-02-23T13:01:05.263Z</time>
      </trkpt>
      <trkpt lat="38.753329" lon="-0.039272">
        <ele>224.796174</ele>
        <time>2026-02-23T13:01:15.641Z</time>
      </trkpt>
      <trkpt lat="38.753612" lon="-0.038418">
        <ele>224.969466</ele>
        <time>2026-02-23T13:01:27.119Z</time>
      </trkpt>
      <trkpt lat="38.754014" lon="-0.037398">
        <ele>225.625491</ele>
        <time>2026-02-23T13:01:40.210Z</time>
      </trkpt>
      <trkpt lat="38.754155" lon="-0.037032">
        <ele>225.933476</ele>
        <time>2026-02-23T13:01:45.304Z</time>
      </trkpt>
      <trkpt lat="38.754404" lon="-0.036416">
        <ele>226.456939</ele>
        <time>2026-02-23T13:01:55.860Z</time>
      </trkpt>
      <trkpt lat="38.754579" lon="-0.036143">
        <ele>226.723556</ele>
        <time>2026-02-23T13:02:02.109Z</time>
      </trkpt>
      <trkpt lat="38.754694" lon="-0.036048">
        <ele>227.029911</ele>
        <time>2026-02-23T13:02:05.405Z</time>
      </trkpt>
      <trkpt lat="38.756020" lon="-0.035295">
        <ele>231.542526</ele>
        <time>2026-02-23T13:02:46.958Z</time>
      </trkpt>
      <trkpt lat="38.756272" lon="-0.035134">
        <ele>232.419763</ele>
        <time>2026-02-23T13:02:55.076Z</time>
      </trkpt>
      <trkpt lat="38.756736" lon="-0.034757">
        <ele>234.173459</ele>
        <time>2026-02-23T13:03:09.265Z</time>
      </trkpt>
      <trkpt lat="38.756950" lon="-0.034608">
        <ele>234.950892</ele>
        <time>2026-02-23T13:03:15.348Z</time>
      </trkpt>
      <trkpt lat="38.757203" lon="-0.034515">
        <ele>235.791156</ele>
        <time>2026-02-23T13:03:21.856Z</time>
      </trkpt>
      <trkpt lat="38.757808" lon="-0.034552">
        <ele>237.724889</ele>
        <time>2026-02-23T13:03:38.279Z</time>
      </trkpt>
      <trkpt lat="38.758096" lon="-0.034523">
        <ele>239.054590</ele>
        <time>2026-02-23T13:03:47.221Z</time>
      </trkpt>
      <trkpt lat="38.758183" lon="-0.034473">
        <ele>239.592687</ele>
        <time>2026-02-23T13:03:50.268Z</time>
      </trkpt>
      <trkpt lat="38.758917" lon="-0.033722">
        <ele>244.892500</ele>
        <time>2026-02-23T13:04:26.746Z</time>
      </trkpt>
      <trkpt lat="38.759856" lon="-0.032868">
        <ele>251.369090</ele>
        <time>2026-02-23T13:05:13.724Z</time>
      </trkpt>
      <trkpt lat="38.760843" lon="-0.032033">
        <ele>257.998428</ele>
        <time>2026-02-23T13:05:56.268Z</time>
      </trkpt>
      <trkpt lat="38.761333" lon="-0.031607">
        <ele>260.769127</ele>
        <time>2026-02-23T13:06:16.635Z</time>
      </trkpt>
      <trkpt lat="38.761454" lon="-0.031429">
        <ele>261.610567</ele>
        <time>2026-02-23T13:06:23.195Z</time>
      </trkpt>
      <trkpt lat="38.762096" lon="-0.030112">
        <ele>267.118507</ele>
        <time>2026-02-23T13:07:02.549Z</time>
      </trkpt>
      <trkpt lat="38.762340" lon="-0.029555">
        <ele>269.289992</ele>
        <time>2026-02-23T13:07:16.152Z</time>
      </trkpt>
      <trkpt lat="38.762557" lon="-0.029070">
        <ele>271.190549</ele>
        <time>2026-02-23T13:07:29.307Z</time>
      </trkpt>
      <trkpt lat="38.762717" lon="-0.028614">
        <ele>272.890124</ele>
        <time>2026-02-23T13:07:43.367Z</time>
      </trkpt>
      <trkpt lat="38.762886" lon="-0.028036">
        <ele>274.797399</ele>
        <time>2026-02-23T13:08:01.107Z</time>
      </trkpt>
      <trkpt lat="38.762976" lon="-0.027614">
        <ele>275.791813</ele>
        <time>2026-02-23T13:08:13.215Z</time>
      </trkpt>
      <trkpt lat="38.763057" lon="-0.026885">
        <ele>277.465526</ele>
        <time>2026-02-23T13:08:28.915Z</time>
      </trkpt>
      <trkpt lat="38.763093" lon="-0.026742">
        <ele>277.807077</ele>
        <time>2026-02-23T13:08:31.424Z</time>
      </trkpt>
      <trkpt lat="38.763138" lon="-0.026656">
        <ele>278.042484</ele>
        <time>2026-02-23T13:08:33.299Z</time>
      </trkpt>
      <trkpt lat="38.763212" lon="-0.026590">
        <ele>278.305228</ele>
        <time>2026-02-23T13:08:35.252Z</time>
      </trkpt>
      <trkpt lat="38.763345" lon="-0.026555">
        <ele>278.701000</ele>
        <time>2026-02-23T13:08:38.005Z</time>
      </trkpt>
      <trkpt lat="38.763955" lon="-0.026656">
        <ele>280.380218</ele>
        <time>2026-02-23T13:08:48.878Z</time>
      </trkpt>
      <trkpt lat="38.764082" lon="-0.026647">
        <ele>280.700732</ele>
        <time>2026-02-23T13:08:50.822Z</time>
      </trkpt>
      <trkpt lat="38.764760" lon="-0.026297">
        <ele>282.542425</ele>
        <time>2026-02-23T13:09:03.991Z</time>
      </trkpt>
      <trkpt lat="38.764898" lon="-0.026270">
        <ele>282.894193</ele>
        <time>2026-02-23T13:09:08.186Z</time>
      </trkpt>
      <trkpt lat="38.765383" lon="-0.026284">
        <ele>284.116648</ele>
        <time>2026-02-23T13:09:26.081Z</time>
      </trkpt>
      <trkpt lat="38.765498" lon="-0.026239">
        <ele>284.716515</ele>
        <time>2026-02-23T13:09:30.752Z</time>
      </trkpt>
      <trkpt lat="38.765566" lon="-0.026177">
        <ele>285.195709</ele>
        <time>2026-02-23T13:09:33.940Z</time>
      </trkpt>
      <trkpt lat="38.765698" lon="-0.025993">
        <ele>286.315423</ele>
        <time>2026-02-23T13:09:41.616Z</time>
      </trkpt>
      <trkpt lat="38.765758" lon="-0.025815">
        <ele>287.183856</ele>
        <time>2026-02-23T13:09:47.550Z</time>
      </trkpt>
      <trkpt lat="38.766092" lon="-0.024449">
        <ele>293.594892</ele>
        <time>2026-02-23T13:10:31.063Z</time>
      </trkpt>
      <trkpt lat="38.766169" lon="-0.024267">
        <ele>294.520773</ele>
        <time>2026-02-23T13:10:37.045Z</time>
      </trkpt>
      <trkpt lat="38.766611" lon="-0.023616">
        <ele>297.070458</ele>
        <time>2026-02-23T13:11:01.245Z</time>
      </trkpt>
      <trkpt lat="38.766897" lon="-0.023028">
        <ele>299.117437</ele>
        <time>2026-02-23T13:11:15.718Z</time>
      </trkpt>
      <trkpt lat="38.767077" lon="-0.022418">
        <ele>301.043880</ele>
        <time>2026-02-23T13:11:28.619Z</time>
      </trkpt>
      <trkpt lat="38.767170" lon="-0.022197">
        <ele>301.442744</ele>
        <time>2026-02-23T13:11:34.000Z</time>
      </trkpt>
      <trkpt lat="38.767284" lon="-0.022056">
        <ele>301.589555</ele>
        <time>2026-02-23T13:11:38.037Z</time>
      </trkpt>
      <trkpt lat="38.767384" lon="-0.021979">
        <ele>301.697677</ele>
        <time>2026-02-23T13:11:40.803Z</time>
      </trkpt>
      <trkpt lat="38.767582" lon="-0.021826">
        <ele>301.911959</ele>
        <time>2026-02-23T13:11:45.623Z</time>
      </trkpt>
      <trkpt lat="38.767796" lon="-0.021600">
        <ele>302.168931</ele>
        <time>2026-02-23T13:11:50.612Z</time>
      </trkpt>
      <trkpt lat="38.768137" lon="-0.020965">
        <ele>302.726210</ele>
        <time>2026-02-23T13:11:59.788Z</time>
      </trkpt>
      <trkpt lat="38.768294" lon="-0.020662">
        <ele>302.989155</ele>
        <time>2026-02-23T13:12:04.251Z</time>
      </trkpt>
      <trkpt lat="38.768491" lon="-0.020414">
        <ele>302.521265</ele>
        <time>2026-02-23T13:12:07.959Z</time>
      </trkpt>
      <trkpt lat="38.768981" lon="-0.020018">
        <ele>301.478988</ele>
        <time>2026-02-23T13:12:14.991Z</time>
      </trkpt>
      <trkpt lat="38.769154" lon="-0.019810">
        <ele>301.052248</ele>
        <time>2026-02-23T13:12:17.594Z</time>
      </trkpt>
      <trkpt lat="38.769254" lon="-0.019578">
        <ele>300.680289</ele>
        <time>2026-02-23T13:12:19.779Z</time>
      </trkpt>
      <trkpt lat="38.769366" lon="-0.018907">
        <ele>299.686308</ele>
        <time>2026-02-23T13:12:25.210Z</time>
      </trkpt>
      <trkpt lat="38.769431" lon="-0.018404">
        <ele>298.471477</ele>
        <time>2026-02-23T13:12:29.157Z</time>
      </trkpt>
      <trkpt lat="38.769652" lon="-0.016670">
        <ele>294.285103</ele>
        <time>2026-02-23T13:12:43.099Z</time>
      </trkpt>
      <trkpt lat="38.769857" lon="-0.015272">
        <ele>289.632727</ele>
        <time>2026-02-23T13:12:55.076Z</time>
      </trkpt>
      <trkpt lat="38.769980" lon="-0.014453">
        <ele>286.900605</ele>
        <time>2026-02-23T13:13:01.113Z</time>
      </trkpt>
      <trkpt lat="38.769992" lon="-0.014159">
        <ele>285.154963</ele>
        <time>2026-02-23T13:13:03.126Z</time>
      </trkpt>
      <trkpt lat="38.769929" lon="-0.013778">
        <ele>282.588665</ele>
        <time>2026-02-23T13:13:05.729Z</time>
      </trkpt>
      <trkpt lat="38.769663" lon="-0.012952">
        <ele>276.700041</ele>
        <time>2026-02-23T13:13:11.710Z</time>
      </trkpt>
      <trkpt lat="38.769510" lon="-0.012747">
        <ele>274.830135</ele>
        <time>2026-02-23T13:13:13.639Z</time>
      </trkpt>
      <trkpt lat="38.769185" lon="-0.012451">
        <ele>271.477232</ele>
        <time>2026-02-23T13:13:17.225Z</time>
      </trkpt>
      <trkpt lat="38.769017" lon="-0.012370">
        <ele>270.476383</ele>
        <time>2026-02-23T13:13:18.877Z</time>
      </trkpt>
      <trkpt lat="38.768842" lon="-0.012411">
        <ele>269.484358</ele>
        <time>2026-02-23T13:13:20.514Z</time>
      </trkpt>
      <trkpt lat="38.768698" lon="-0.012544">
        <ele>268.494809</ele>
        <time>2026-02-23T13:13:22.148Z</time>
      </trkpt>
      <trkpt lat="38.768583" lon="-0.012610">
        <ele>267.792243</ele>
        <time>2026-02-23T13:13:23.309Z</time>
      </trkpt>
      <trkpt lat="38.768453" lon="-0.012626">
        <ele>267.063976</ele>
        <time>2026-02-23T13:13:24.517Z</time>
      </trkpt>
      <trkpt lat="38.768338" lon="-0.012599">
        <ele>266.412029</ele>
        <time>2026-02-23T13:13:25.618Z</time>
      </trkpt>
      <trkpt lat="38.768197" lon="-0.012441">
        <ele>265.367926</ele>
        <time>2026-02-23T13:13:27.370Z</time>
      </trkpt>
      <trkpt lat="38.768157" lon="-0.012343">
        <ele>264.886981</ele>
        <time>2026-02-23T13:13:28.183Z</time>
      </trkpt>
      <trkpt lat="38.768107" lon="-0.012038">
        <ele>263.531884</ele>
        <time>2026-02-23T13:13:30.464Z</time>
      </trkpt>
      <trkpt lat="38.768078" lon="-0.011892">
        <ele>262.876819</ele>
        <time>2026-02-23T13:13:31.573Z</time>
      </trkpt>
      <trkpt lat="38.768017" lon="-0.011661">
        <ele>261.816418</ele>
        <time>2026-02-23T13:13:33.352Z</time>
      </trkpt>
      <trkpt lat="38.767923" lon="-0.011498">
        <ele>261.337179</ele>
        <time>2026-02-23T13:13:34.848Z</time>
      </trkpt>
      <trkpt lat="38.767605" lon="-0.011267">
        <ele>260.809159</ele>
        <time>2026-02-23T13:13:38.319Z</time>
      </trkpt>
      <trkpt lat="38.767340" lon="-0.011140">
        <ele>260.400431</ele>
        <time>2026-02-23T13:13:41.185Z</time>
      </trkpt>
      <trkpt lat="38.767137" lon="-0.011129">
        <ele>260.106875</ele>
        <time>2026-02-23T13:13:43.902Z</time>
      </trkpt>
      <trkpt lat="38.766835" lon="-0.011177">
        <ele>259.667207</ele>
        <time>2026-02-23T13:13:51.299Z</time>
      </trkpt>
      <trkpt lat="38.766445" lon="-0.011350">
        <ele>259.070985</ele>
        <time>2026-02-23T13:13:59.919Z</time>
      </trkpt>
      <trkpt lat="38.766370" lon="-0.011358">
        <ele>258.962251</ele>
        <time>2026-02-23T13:14:01.266Z</time>
      </trkpt>
      <trkpt lat="38.766303" lon="-0.011349">
        <ele>258.832172</ele>
        <time>2026-02-23T13:14:02.247Z</time>
      </trkpt>
      <trkpt lat="38.766181" lon="-0.011269">
        <ele>258.179135</ele>
        <time>2026-02-23T13:14:04.200Z</time>
      </trkpt>
      <trkpt lat="38.766087" lon="-0.011104">
        <ele>257.419758</ele>
        <time>2026-02-23T13:14:06.163Z</time>
      </trkpt>
      <trkpt lat="38.766081" lon="-0.010964">
        <ele>256.898725</ele>
        <time>2026-02-23T13:14:07.423Z</time>
      </trkpt>
      <trkpt lat="38.766111" lon="-0.010847">
        <ele>256.441041</ele>
        <time>2026-02-23T13:14:08.460Z</time>
      </trkpt>
      <trkpt lat="38.766198" lon="-0.010727">
        <ele>255.832129</ele>
        <time>2026-02-23T13:14:09.777Z</time>
      </trkpt>
      <trkpt lat="38.766301" lon="-0.010656">
        <ele>255.274826</ele>
        <time>2026-02-23T13:14:10.936Z</time>
      </trkpt>
      <trkpt lat="38.766445" lon="-0.010641">
        <ele>254.586269</ele>
        <time>2026-02-23T13:14:12.328Z</time>
      </trkpt>
      <trkpt lat="38.766722" lon="-0.010803">
        <ele>253.135324</ele>
        <time>2026-02-23T13:14:15.139Z</time>
      </trkpt>
      <trkpt lat="38.766821" lon="-0.010821">
        <ele>252.658778</ele>
        <time>2026-02-23T13:14:16.035Z</time>
      </trkpt>
      <trkpt lat="38.767033" lon="-0.010764">
        <ele>251.626433</ele>
        <time>2026-02-23T13:14:17.922Z</time>
      </trkpt>
      <trkpt lat="38.768139" lon="-0.009821">
        <ele>241.198802</ele>
        <time>2026-02-23T13:14:29.413Z</time>
      </trkpt>
      <trkpt lat="38.768319" lon="-0.009696">
        <ele>239.425304</ele>
        <time>2026-02-23T13:14:31.223Z</time>
      </trkpt>
      <trkpt lat="38.768470" lon="-0.009632">
        <ele>238.047417</ele>
        <time>2026-02-23T13:14:32.634Z</time>
      </trkpt>
      <trkpt lat="38.768923" lon="-0.009513">
        <ele>234.198609</ele>
        <time>2026-02-23T13:14:36.744Z</time>
      </trkpt>
      <trkpt lat="38.769402" lon="-0.009378">
        <ele>230.931201</ele>
        <time>2026-02-23T13:14:41.101Z</time>
      </trkpt>
      <trkpt lat="38.769729" lon="-0.009127">
        <ele>228.392272</ele>
        <time>2026-02-23T13:14:44.534Z</time>
      </trkpt>
      <trkpt lat="38.770019" lon="-0.008884">
        <ele>226.084414</ele>
        <time>2026-02-23T13:14:47.696Z</time>
      </trkpt>
      <trkpt lat="38.770182" lon="-0.008797">
        <ele>224.908173</ele>
        <time>2026-02-23T13:14:49.313Z</time>
      </trkpt>
      <trkpt lat="38.770281" lon="-0.008790">
        <ele>224.247598</ele>
        <time>2026-02-23T13:14:50.223Z</time>
      </trkpt>
      <trkpt lat="38.770538" lon="-0.008860">
        <ele>222.571958</ele>
        <time>2026-02-23T13:14:52.652Z</time>
      </trkpt>
      <trkpt lat="38.770655" lon="-0.008866">
        <ele>222.032230</ele>
        <time>2026-02-23T13:14:53.738Z</time>
      </trkpt>
      <trkpt lat="38.770802" lon="-0.008788">
        <ele>221.298958</ele>
        <time>2026-02-23T13:14:55.205Z</time>
      </trkpt>
      <trkpt lat="38.770870" lon="-0.008693">
        <ele>220.835492</ele>
        <time>2026-02-23T13:14:56.137Z</time>
      </trkpt>
      <trkpt lat="38.771155" lon="-0.008069">
        <ele>218.236555</ele>
        <time>2026-02-23T13:15:01.481Z</time>
      </trkpt>
      <trkpt lat="38.771175" lon="-0.008018">
        <ele>218.031397</ele>
        <time>2026-02-23T13:15:01.911Z</time>
      </trkpt>
      <trkpt lat="38.771299" lon="-0.007718">
        <ele>216.811145</ele>
        <time>2026-02-23T13:15:04.535Z</time>
      </trkpt>
      <trkpt lat="38.771398" lon="-0.007486">
        <ele>215.860693</ele>
        <time>2026-02-23T13:15:06.536Z</time>
      </trkpt>
      <trkpt lat="38.771502" lon="-0.007293">
        <ele>215.017568</ele>
        <time>2026-02-23T13:15:08.318Z</time>
      </trkpt>
      <trkpt lat="38.771601" lon="-0.007147">
        <ele>214.359391</ele>
        <time>2026-02-23T13:15:09.798Z</time>
      </trkpt>
      <trkpt lat="38.771659" lon="-0.007072">
        <ele>214.090915</ele>
        <time>2026-02-23T13:15:10.626Z</time>
      </trkpt>
      <trkpt lat="38.771958" lon="-0.006680">
        <ele>212.697174</ele>
        <time>2026-02-23T13:15:14.936Z</time>
      </trkpt>
      <trkpt lat="38.772200" lon="-0.006449">
        <ele>211.713827</ele>
        <time>2026-02-23T13:15:17.966Z</time>
      </trkpt>
      <trkpt lat="38.772684" lon="-0.006268">
        <ele>210.070404</ele>
        <time>2026-02-23T13:15:23.065Z</time>
      </trkpt>
      <trkpt lat="38.772855" lon="-0.006125">
        <ele>209.404974</ele>
        <time>2026-02-23T13:15:25.195Z</time>
      </trkpt>
      <trkpt lat="38.772914" lon="-0.006036">
        <ele>209.108072</ele>
        <time>2026-02-23T13:15:26.142Z</time>
      </trkpt>
      <trkpt lat="38.773008" lon="-0.005816">
        <ele>208.469058</ele>
        <time>2026-02-23T13:15:28.143Z</time>
      </trkpt>
      <trkpt lat="38.773022" lon="-0.005646">
        <ele>208.029202</ele>
        <time>2026-02-23T13:15:29.527Z</time>
      </trkpt>
      <trkpt lat="38.773010" lon="-0.005457">
        <ele>207.541280</ele>
        <time>2026-02-23T13:15:31.062Z</time>
      </trkpt>
      <trkpt lat="38.772965" lon="-0.005226">
        <ele>206.928625</ele>
        <time>2026-02-23T13:15:32.965Z</time>
      </trkpt>
      <trkpt lat="38.772823" lon="-0.004949">
        <ele>206.075608</ele>
        <time>2026-02-23T13:15:35.575Z</time>
      </trkpt>
      <trkpt lat="38.772764" lon="-0.004840">
        <ele>205.734173</ele>
        <time>2026-02-23T13:15:36.617Z</time>
      </trkpt>
      <trkpt lat="38.772730" lon="-0.004726">
        <ele>205.420110</ele>
        <time>2026-02-23T13:15:37.566Z</time>
      </trkpt>
      <trkpt lat="38.772737" lon="-0.004602">
        <ele>205.100212</ele>
        <time>2026-02-23T13:15:38.551Z</time>
      </trkpt>
      <trkpt lat="38.772858" lon="-0.004203">
        <ele>203.998618</ele>
        <time>2026-02-23T13:15:41.970Z</time>
      </trkpt>
      <trkpt lat="38.773056" lon="-0.003637">
        <ele>202.249579</ele>
        <time>2026-02-23T13:15:46.885Z</time>
      </trkpt>
      <trkpt lat="38.773172" lon="-0.003191">
        <ele>200.292905</ele>
        <time>2026-02-23T13:15:50.361Z</time>
      </trkpt>
      <trkpt lat="38.773288" lon="-0.002652">
        <ele>197.965863</ele>
        <time>2026-02-23T13:15:54.423Z</time>
      </trkpt>
      <trkpt lat="38.773381" lon="-0.002426">
        <ele>196.902349</ele>
        <time>2026-02-23T13:15:56.254Z</time>
      </trkpt>
      <trkpt lat="38.774136" lon="-0.001031">
        <ele>190.108751</ele>
        <time>2026-02-23T13:16:08.359Z</time>
      </trkpt>
      <trkpt lat="38.774265" lon="-0.000724">
        <ele>188.780981</ele>
        <time>2026-02-23T13:16:10.890Z</time>
      </trkpt>
      <trkpt lat="38.774599" lon="0.000478">
        <ele>183.970110</ele>
        <time>2026-02-23T13:16:20.620Z</time>
      </trkpt>
      <trkpt lat="38.774938" lon="0.001028">
        <ele>181.670045</ele>
        <time>2026-02-23T13:16:26.086Z</time>
      </trkpt>
      <trkpt lat="38.775923" lon="0.002507">
        <ele>174.613396</ele>
        <time>2026-02-23T13:16:40.675Z</time>
      </trkpt>
      <trkpt lat="38.776230" lon="0.002909">
        <ele>171.881614</ele>
        <time>2026-02-23T13:16:44.776Z</time>
      </trkpt>
      <trkpt lat="38.776665" lon="0.003389">
        <ele>168.308614</ele>
        <time>2026-02-23T13:16:49.910Z</time>
      </trkpt>
      <trkpt lat="38.777088" lon="0.003565">
        <ele>165.539566</ele>
        <time>2026-02-23T13:16:53.858Z</time>
      </trkpt>
      <trkpt lat="38.777504" lon="0.003698">
        <ele>163.096505</ele>
        <time>2026-02-23T13:16:57.672Z</time>
      </trkpt>
      <trkpt lat="38.777621" lon="0.003801">
        <ele>162.289101</ele>
        <time>2026-02-23T13:16:58.954Z</time>
      </trkpt>
      <trkpt lat="38.777688" lon="0.003918">
        <ele>161.645160</ele>
        <time>2026-02-23T13:16:59.970Z</time>
      </trkpt>
      <trkpt lat="38.777749" lon="0.004211">
        <ele>160.299963</ele>
        <time>2026-02-23T13:17:02.110Z</time>
      </trkpt>
      <trkpt lat="38.777876" lon="0.005570">
        <ele>154.771846</ele>
        <time>2026-02-23T13:17:12.372Z</time>
      </trkpt>
      <trkpt lat="38.777916" lon="0.005974">
        <ele>153.914140</ele>
        <time>2026-02-23T13:17:15.575Z</time>
      </trkpt>
      <trkpt lat="38.777976" lon="0.006194">
        <ele>153.423260</ele>
        <time>2026-02-23T13:17:17.424Z</time>
      </trkpt>
      <trkpt lat="38.778050" lon="0.006376">
        <ele>152.990946</ele>
        <time>2026-02-23T13:17:19.081Z</time>
      </trkpt>
      <trkpt lat="38.778265" lon="0.006744">
        <ele>152.022401</ele>
        <time>2026-02-23T13:17:22.911Z</time>
      </trkpt>
      <trkpt lat="38.778479" lon="0.007101">
        <ele>151.073945</ele>
        <time>2026-02-23T13:17:26.788Z</time>
      </trkpt>
      <trkpt lat="38.778606" lon="0.007416">
        <ele>150.322747</ele>
        <time>2026-02-23T13:17:30.125Z</time>
      </trkpt>
      <trkpt lat="38.778886" lon="0.008311">
        <ele>148.177468</ele>
        <time>2026-02-23T13:17:38.650Z</time>
      </trkpt>
      <trkpt lat="38.779066" lon="0.008800">
        <ele>146.974517</ele>
        <time>2026-02-23T13:17:43.005Z</time>
      </trkpt>
      <trkpt lat="38.779783" lon="0.010021">
        <ele>142.611786</ele>
        <time>2026-02-23T13:17:54.498Z</time>
      </trkpt>
      <trkpt lat="38.779867" lon="0.010160">
        <ele>141.998736</ele>
        <time>2026-02-23T13:17:55.764Z</time>
      </trkpt>
      <trkpt lat="38.780012" lon="0.010397">
        <ele>140.948578</ele>
        <time>2026-02-23T13:17:57.945Z</time>
      </trkpt>
      <trkpt lat="38.780280" lon="0.010743">
        <ele>139.248405</ele>
        <time>2026-02-23T13:18:01.571Z</time>
      </trkpt>
      <trkpt lat="38.780879" lon="0.011336">
        <ele>136.070978</ele>
        <time>2026-02-23T13:18:09.028Z</time>
      </trkpt>
      <trkpt lat="38.781005" lon="0.011454">
        <ele>135.478701</ele>
        <time>2026-02-23T13:18:10.521Z</time>
      </trkpt>
      <trkpt lat="38.781925" lon="0.012311">
        <ele>131.162146</ele>
        <time>2026-02-23T13:18:21.575Z</time>
      </trkpt>
      <trkpt lat="38.782312" lon="0.012688">
        <ele>129.602371</ele>
        <time>2026-02-23T13:18:26.667Z</time>
      </trkpt>
      <trkpt lat="38.782561" lon="0.013070">
        <ele>128.516693</ele>
        <time>2026-02-23T13:18:30.834Z</time>
      </trkpt>
      <trkpt lat="38.782900" lon="0.013694">
        <ele>126.858393</ele>
        <time>2026-02-23T13:18:37.219Z</time>
      </trkpt>
      <trkpt lat="38.783017" lon="0.013919">
        <ele>126.268700</ele>
        <time>2026-02-23T13:18:39.463Z</time>
      </trkpt>
      <trkpt lat="38.783619" lon="0.015074">
        <ele>121.471510</ele>
        <time>2026-02-23T13:18:50.172Z</time>
      </trkpt>
      <trkpt lat="38.783716" lon="0.015260">
        <ele>120.578623</ele>
        <time>2026-02-23T13:18:51.769Z</time>
      </trkpt>
      <trkpt lat="38.783910" lon="0.015539">
        <ele>119.086918</ele>
        <time>2026-02-23T13:18:54.423Z</time>
      </trkpt>
      <trkpt lat="38.784011" lon="0.015601">
        <ele>118.513818</ele>
        <time>2026-02-23T13:18:55.453Z</time>
      </trkpt>
      <trkpt lat="38.784319" lon="0.015686">
        <ele>116.901271</ele>
        <time>2026-02-23T13:18:58.312Z</time>
      </trkpt>
      <trkpt lat="38.784482" lon="0.015756">
        <ele>116.007697</ele>
        <time>2026-02-23T13:18:59.878Z</time>
      </trkpt>
      <trkpt lat="38.784700" lon="0.015936">
        <ele>114.551881</ele>
        <time>2026-02-23T13:19:02.232Z</time>
      </trkpt>
      <trkpt lat="38.785393" lon="0.016706">
        <ele>109.403665</ele>
        <time>2026-02-23T13:19:10.617Z</time>
      </trkpt>
      <trkpt lat="38.785526" lon="0.016889">
        <ele>108.308471</ele>
        <time>2026-02-23T13:19:12.478Z</time>
      </trkpt>
      <trkpt lat="38.785612" lon="0.017053">
        <ele>107.443282</ele>
        <time>2026-02-23T13:19:13.934Z</time>
      </trkpt>
      <trkpt lat="38.785836" lon="0.017651">
        <ele>105.268288</ele>
        <time>2026-02-23T13:19:18.889Z</time>
      </trkpt>
      <trkpt lat="38.785966" lon="0.017929">
        <ele>104.528248</ele>
        <time>2026-02-23T13:19:21.363Z</time>
      </trkpt>
      <trkpt lat="38.786243" lon="0.018287">
        <ele>103.376775</ele>
        <time>2026-02-23T13:19:25.302Z</time>
      </trkpt>
      <trkpt lat="38.787540" lon="0.019808">
        <ele>99.813496</ele>
        <time>2026-02-23T13:19:45.083Z</time>
      </trkpt>
      <trkpt lat="38.788943" lon="0.022148">
        <ele>98.316010</ele>
        <time>2026-02-23T13:20:15.132Z</time>
      </trkpt>
      <trkpt lat="38.789266" lon="0.022690">
        <ele>98.071260</ele>
        <time>2026-02-23T13:20:24.023Z</time>
      </trkpt>
      <trkpt lat="38.789271" lon="0.022701">
        <ele>98.062031</ele>
        <time>2026-02-23T13:20:24.185Z</time>
      </trkpt>
      <trkpt lat="38.789687" lon="0.023541">
        <ele>97.340746</ele>
        <time>2026-02-23T13:20:36.210Z</time>
      </trkpt>
      <trkpt lat="38.789719" lon="0.023614">
        <ele>97.280046</ele>
        <time>2026-02-23T13:20:37.001Z</time>
      </trkpt>
      <trkpt lat="38.789922" lon="0.024096">
        <ele>96.882981</ele>
        <time>2026-02-23T13:20:41.733Z</time>
      </trkpt>
      <trkpt lat="38.790134" lon="0.024580">
        <ele>96.444936</ele>
        <time>2026-02-23T13:20:46.433Z</time>
      </trkpt>
      <trkpt lat="38.790312" lon="0.025023">
        <ele>95.494794</ele>
        <time>2026-02-23T13:20:50.543Z</time>
      </trkpt>
      <trkpt lat="38.790335" lon="0.025118">
        <ele>95.305151</ele>
        <time>2026-02-23T13:20:51.365Z</time>
      </trkpt>
      <trkpt lat="38.790367" lon="0.025252">
        <ele>95.037974</ele>
        <time>2026-02-23T13:20:52.500Z</time>
      </trkpt>
      <trkpt lat="38.790475" lon="0.025900">
        <ele>93.774711</ele>
        <time>2026-02-23T13:20:57.993Z</time>
      </trkpt>
      <trkpt lat="38.790547" lon="0.026103">
        <ele>93.349532</ele>
        <time>2026-02-23T13:20:59.887Z</time>
      </trkpt>
      <trkpt lat="38.790756" lon="0.026502">
        <ele>92.433079</ele>
        <time>2026-02-23T13:21:04.235Z</time>
      </trkpt>
      <trkpt lat="38.791151" lon="0.027256">
        <ele>89.101625</ele>
        <time>2026-02-23T13:21:11.330Z</time>
      </trkpt>
      <trkpt lat="38.791339" lon="0.027828">
        <ele>86.568152</ele>
        <time>2026-02-23T13:21:15.810Z</time>
      </trkpt>
      <trkpt lat="38.791556" lon="0.028088">
        <ele>85.013509</ele>
        <time>2026-02-23T13:21:18.515Z</time>
      </trkpt>
      <trkpt lat="38.791651" lon="0.028177">
        <ele>84.397588</ele>
        <time>2026-02-23T13:21:19.569Z</time>
      </trkpt>
      <trkpt lat="38.791849" lon="0.028360">
        <ele>83.119857</ele>
        <time>2026-02-23T13:21:21.746Z</time>
      </trkpt>
      <trkpt lat="38.792212" lon="0.028697">
        <ele>81.089423</ele>
        <time>2026-02-23T13:21:25.733Z</time>
      </trkpt>
      <trkpt lat="38.792695" lon="0.028983">
        <ele>78.763956</ele>
        <time>2026-02-23T13:21:30.651Z</time>
      </trkpt>
      <trkpt lat="38.793052" lon="0.029189">
        <ele>77.052751</ele>
        <time>2026-02-23T13:21:34.684Z</time>
      </trkpt>
      <trkpt lat="38.793358" lon="0.029367">
        <ele>75.584002</ele>
        <time>2026-02-23T13:21:38.188Z</time>
      </trkpt>
      <trkpt lat="38.793928" lon="0.029713">
        <ele>74.101808</ele>
        <time>2026-02-23T13:21:45.628Z</time>
      </trkpt>
      <trkpt lat="38.795096" lon="0.030384">
        <ele>72.080468</ele>
        <time>2026-02-23T13:22:00.704Z</time>
      </trkpt>
      <trkpt lat="38.795130" lon="0.030403">
        <ele>72.021892</ele>
        <time>2026-02-23T13:22:01.106Z</time>
      </trkpt>
      <trkpt lat="38.795877" lon="0.030836">
        <ele>69.896083</ele>
        <time>2026-02-23T13:22:09.766Z</time>
      </trkpt>
      <trkpt lat="38.796463" lon="0.031186">
        <ele>68.198805</ele>
        <time>2026-02-23T13:22:16.507Z</time>
      </trkpt>
      <trkpt lat="38.796527" lon="0.031258">
        <ele>67.975303</ele>
        <time>2026-02-23T13:22:17.390Z</time>
      </trkpt>
      <trkpt lat="38.796868" lon="0.031828">
        <ele>66.187686</ele>
        <time>2026-02-23T13:22:23.015Z</time>
      </trkpt>
      <trkpt lat="38.797018" lon="0.032079">
        <ele>65.268223</ele>
        <time>2026-02-23T13:22:25.470Z</time>
      </trkpt>
      <trkpt lat="38.797047" lon="0.032244">
        <ele>64.776528</ele>
        <time>2026-02-23T13:22:26.780Z</time>
      </trkpt>
      <trkpt lat="38.797040" lon="0.032290">
        <ele>64.640283</ele>
        <time>2026-02-23T13:22:27.148Z</time>
      </trkpt>
      <trkpt lat="38.797044" lon="0.032313">
        <ele>64.571778</ele>
        <time>2026-02-23T13:22:27.332Z</time>
      </trkpt>
      <trkpt lat="38.797099" lon="0.032358">
        <ele>64.328475</ele>
        <time>2026-02-23T13:22:27.979Z</time>
      </trkpt>
      <trkpt lat="38.797112" lon="0.032356">
        <ele>64.279639</ele>
        <time>2026-02-23T13:22:28.106Z</time>
      </trkpt>
      <trkpt lat="38.797131" lon="0.032345">
        <ele>64.201891</ele>
        <time>2026-02-23T13:22:28.307Z</time>
      </trkpt>
      <trkpt lat="38.797213" lon="0.032319">
        <ele>63.886839</ele>
        <time>2026-02-23T13:22:29.159Z</time>
      </trkpt>
      <trkpt lat="38.797345" lon="0.032325">
        <ele>63.394185</ele>
        <time>2026-02-23T13:22:30.461Z</time>
      </trkpt>
      <trkpt lat="38.797711" lon="0.032392">
        <ele>62.015220</ele>
        <time>2026-02-23T13:22:34.078Z</time>
      </trkpt>
      <trkpt lat="38.797762" lon="0.032401">
        <ele>61.823205</ele>
        <time>2026-02-23T13:22:34.578Z</time>
      </trkpt>
      <trkpt lat="38.798137" lon="0.032474">
        <ele>60.422601</ele>
        <time>2026-02-23T13:22:38.209Z</time>
      </trkpt>
      <trkpt lat="38.798845" lon="0.032602">
        <ele>58.021454</ele>
        <time>2026-02-23T13:22:45.201Z</time>
      </trkpt>
      <trkpt lat="38.798937" lon="0.032614">
        <ele>57.710900</ele>
        <time>2026-02-23T13:22:46.132Z</time>
      </trkpt>
      <trkpt lat="38.799059" lon="0.032632">
        <ele>57.298490</ele>
        <time>2026-02-23T13:22:47.385Z</time>
      </trkpt>
      <trkpt lat="38.799403" lon="0.032675">
        <ele>56.137773</ele>
        <time>2026-02-23T13:22:50.907Z</time>
      </trkpt>
      <trkpt lat="38.800513" lon="0.032810">
        <ele>52.900978</ele>
        <time>2026-02-23T13:23:02.650Z</time>
      </trkpt>
      <trkpt lat="38.800947" lon="0.032780">
        <ele>51.791446</ele>
        <time>2026-02-23T13:23:07.238Z</time>
      </trkpt>
      <trkpt lat="38.802109" lon="0.032724">
        <ele>49.332418</ele>
        <time>2026-02-23T13:23:19.501Z</time>
      </trkpt>
      <trkpt lat="38.802625" lon="0.032699">
        <ele>48.627402</ele>
        <time>2026-02-23T13:23:25.280Z</time>
      </trkpt>
      <trkpt lat="38.802873" lon="0.032737">
        <ele>48.286393</ele>
        <time>2026-02-23T13:23:28.319Z</time>
      </trkpt>
      <trkpt lat="38.803172" lon="0.033054">
        <ele>47.756844</ele>
        <time>2026-02-23T13:23:33.606Z</time>
      </trkpt>
      <trkpt lat="38.803399" lon="0.033227">
        <ele>47.428109</ele>
        <time>2026-02-23T13:23:37.380Z</time>
      </trkpt>
      <trkpt lat="38.803818" lon="0.033367">
        <ele>47.121060</ele>
        <time>2026-02-23T13:23:43.343Z</time>
      </trkpt>
      <trkpt lat="38.804220" lon="0.033454">
        <ele>46.831950</ele>
        <time>2026-02-23T13:23:48.717Z</time>
      </trkpt>
      <trkpt lat="38.804356" lon="0.033477">
        <ele>46.734669</ele>
        <time>2026-02-23T13:23:50.448Z</time>
      </trkpt>
      <trkpt lat="38.805652" lon="0.033742">
        <ele>45.718336</ele>
        <time>2026-02-23T13:24:06.378Z</time>
      </trkpt>
      <trkpt lat="38.806206" lon="0.033713">
        <ele>45.237161</ele>
        <time>2026-02-23T13:24:13.357Z</time>
      </trkpt>
      <trkpt lat="38.806670" lon="0.033619">
        <ele>44.829504</ele>
        <time>2026-02-23T13:24:19.494Z</time>
      </trkpt>
      <trkpt lat="38.806777" lon="0.033682">
        <ele>44.727339</ele>
        <time>2026-02-23T13:24:21.027Z</time>
      </trkpt>
      <trkpt lat="38.806899" lon="0.033817">
        <ele>44.562531</ele>
        <time>2026-02-23T13:24:23.075Z</time>
      </trkpt>
      <trkpt lat="38.806945" lon="0.033962">
        <ele>44.387764</ele>
        <time>2026-02-23T13:24:24.588Z</time>
      </trkpt>
      <trkpt lat="38.807045" lon="0.034030">
        <ele>44.225639</ele>
        <time>2026-02-23T13:24:25.971Z</time>
      </trkpt>
      <trkpt lat="38.807133" lon="0.034019">
        <ele>44.098978</ele>
        <time>2026-02-23T13:24:27.042Z</time>
      </trkpt>
      <trkpt lat="38.807189" lon="0.033976">
        <ele>44.005490</ele>
        <time>2026-02-23T13:24:27.815Z</time>
      </trkpt>
      <trkpt lat="38.807302" lon="0.033966">
        <ele>43.843227</ele>
        <time>2026-02-23T13:24:29.132Z</time>
      </trkpt>
      <trkpt lat="38.807434" lon="0.034011">
        <ele>43.647572</ele>
        <time>2026-02-23T13:24:30.691Z</time>
      </trkpt>
      <trkpt lat="38.808427" lon="0.034551">
        <ele>42.102594</ele>
        <time>2026-02-23T13:24:42.764Z</time>
      </trkpt>
      <trkpt lat="38.808654" lon="0.034669">
        <ele>41.865501</ele>
        <time>2026-02-23T13:24:45.563Z</time>
      </trkpt>
      <trkpt lat="38.808917" lon="0.034805">
        <ele>41.614589</ele>
        <time>2026-02-23T13:24:48.887Z</time>
      </trkpt>
      <trkpt lat="38.809231" lon="0.034898">
        <ele>41.329426</ele>
        <time>2026-02-23T13:24:52.930Z</time>
      </trkpt>
      <trkpt lat="38.809490" lon="0.034895">
        <ele>41.100228</ele>
        <time>2026-02-23T13:24:56.551Z</time>
      </trkpt>
      <trkpt lat="38.809690" lon="0.034835">
        <ele>40.918477</ele>
        <time>2026-02-23T13:24:59.382Z</time>
      </trkpt>
      <trkpt lat="38.809914" lon="0.034754">
        <ele>40.712541</ele>
        <time>2026-02-23T13:25:02.488Z</time>
      </trkpt>
      <trkpt lat="38.810049" lon="0.034751">
        <ele>40.593062</ele>
        <time>2026-02-23T13:25:04.240Z</time>
      </trkpt>
      <trkpt lat="38.810141" lon="0.034732">
        <ele>40.510604</ele>
        <time>2026-02-23T13:25:05.418Z</time>
      </trkpt>
      <trkpt lat="38.810179" lon="0.034698">
        <ele>40.469612</ele>
        <time>2026-02-23T13:25:06.011Z</time>
      </trkpt>
      <trkpt lat="38.810371" lon="0.034599">
        <ele>40.302002</ele>
        <time>2026-02-23T13:25:08.525Z</time>
      </trkpt>
      <trkpt lat="38.810520" lon="0.034643">
        <ele>40.178951</ele>
        <time>2026-02-23T13:25:10.354Z</time>
      </trkpt>
      <trkpt lat="38.811138" lon="0.035067">
        <ele>39.614957</ele>
        <time>2026-02-23T13:25:19.024Z</time>
      </trkpt>
      <trkpt lat="38.811272" lon="0.035205">
        <ele>39.476680</ele>
        <time>2026-02-23T13:25:21.177Z</time>
      </trkpt>
      <trkpt lat="38.811376" lon="0.035360">
        <ele>39.348405</ele>
        <time>2026-02-23T13:25:23.128Z</time>
      </trkpt>
      <trkpt lat="38.811394" lon="0.035458">
        <ele>39.285262</ele>
        <time>2026-02-23T13:25:24.072Z</time>
      </trkpt>
      <trkpt lat="38.811487" lon="0.035544">
        <ele>39.193007</ele>
        <time>2026-02-23T13:25:25.491Z</time>
      </trkpt>
      <trkpt lat="38.811599" lon="0.035511">
        <ele>39.100522</ele>
        <time>2026-02-23T13:25:26.946Z</time>
      </trkpt>
      <trkpt lat="38.811796" lon="0.035559">
        <ele>38.992347</ele>
        <time>2026-02-23T13:25:29.547Z</time>
      </trkpt>
      <trkpt lat="38.812042" lon="0.035797">
        <ele>38.930264</ele>
        <time>2026-02-23T13:25:33.831Z</time>
      </trkpt>
      <trkpt lat="38.812171" lon="0.035934">
        <ele>38.896521</ele>
        <time>2026-02-23T13:25:36.383Z</time>
      </trkpt>
      <trkpt lat="38.812552" lon="0.036239">
        <ele>38.806029</ele>
        <time>2026-02-23T13:25:43.611Z</time>
      </trkpt>
      <trkpt lat="38.813201" lon="0.036710">
        <ele>38.655779</ele>
        <time>2026-02-23T13:25:54.024Z</time>
      </trkpt>
      <trkpt lat="38.813516" lon="0.036872">
        <ele>38.696444</ele>
        <time>2026-02-23T13:25:58.357Z</time>
      </trkpt>
      <trkpt lat="38.814485" lon="0.037192">
        <ele>38.859686</ele>
        <time>2026-02-23T13:26:12.692Z</time>
      </trkpt>
      <trkpt lat="38.814715" lon="0.037420">
        <ele>38.907100</ele>
        <time>2026-02-23T13:26:18.048Z</time>
      </trkpt>
      <trkpt lat="38.815304" lon="0.038254">
        <ele>39.220756</ele>
        <time>2026-02-23T13:26:35.358Z</time>
      </trkpt>
      <trkpt lat="38.815565" lon="0.038490">
        <ele>39.354291</ele>
        <time>2026-02-23T13:26:41.449Z</time>
      </trkpt>
      <trkpt lat="38.815954" lon="0.038792">
        <ele>39.544442</ele>
        <time>2026-02-23T13:26:48.504Z</time>
      </trkpt>
      <trkpt lat="38.816073" lon="0.038884">
        <ele>39.602546</ele>
        <time>2026-02-23T13:26:50.601Z</time>
      </trkpt>
      <trkpt lat="38.816481" lon="0.039214">
        <ele>39.294906</ele>
        <time>2026-02-23T13:26:56.637Z</time>
      </trkpt>
      <trkpt lat="38.816753" lon="0.039490">
        <ele>38.773648</ele>
        <time>2026-02-23T13:27:00.568Z</time>
      </trkpt>
      <trkpt lat="38.816929" lon="0.039697">
        <ele>38.414774</ele>
        <time>2026-02-23T13:27:03.267Z</time>
      </trkpt>
      <trkpt lat="38.817483" lon="0.040472">
        <ele>37.182850</ele>
        <time>2026-02-23T13:27:12.398Z</time>
      </trkpt>
      <trkpt lat="38.817780" lon="0.040874">
        <ele>36.467350</ele>
        <time>2026-02-23T13:27:17.299Z</time>
      </trkpt>
      <trkpt lat="38.817907" lon="0.041043">
        <ele>36.152117</ele>
        <time>2026-02-23T13:27:19.298Z</time>
      </trkpt>
      <trkpt lat="38.818188" lon="0.041397">
        <ele>35.473637</ele>
        <time>2026-02-23T13:27:23.693Z</time>
      </trkpt>
      <trkpt lat="38.818324" lon="0.041544">
        <ele>35.167257</ele>
        <time>2026-02-23T13:27:25.714Z</time>
      </trkpt>
      <trkpt lat="38.818852" lon="0.041988">
        <ele>34.079551</ele>
        <time>2026-02-23T13:27:32.932Z</time>
      </trkpt>
      <trkpt lat="38.818968" lon="0.042085">
        <ele>33.838921</ele>
        <time>2026-02-23T13:27:34.504Z</time>
      </trkpt>
      <trkpt lat="38.819138" lon="0.042237">
        <ele>33.466923</ele>
        <time>2026-02-23T13:27:36.800Z</time>
      </trkpt>
      <trkpt lat="38.820444" lon="0.043512">
        <ele>30.623118</ele>
        <time>2026-02-23T13:27:54.904Z</time>
      </trkpt>
      <trkpt lat="38.820717" lon="0.043871">
        <ele>30.434721</ele>
        <time>2026-02-23T13:27:59.499Z</time>
      </trkpt>
      <trkpt lat="38.820860" lon="0.044144">
        <ele>30.311179</ele>
        <time>2026-02-23T13:28:02.634Z</time>
      </trkpt>
      <trkpt lat="38.822307" lon="0.047178">
        <ele>30.387274</ele>
        <time>2026-02-23T13:28:45.686Z</time>
      </trkpt>
      <trkpt lat="38.822685" lon="0.048189">
        <ele>31.888264</ele>
        <time>2026-02-23T13:29:03.032Z</time>
      </trkpt>
      <trkpt lat="38.823081" lon="0.049394">
        <ele>33.820378</ele>
        <time>2026-02-23T13:29:27.452Z</time>
      </trkpt>
      <trkpt lat="38.823277" lon="0.050099">
        <ele>35.803376</ele>
        <time>2026-02-23T13:29:44.633Z</time>
      </trkpt>
      <trkpt lat="38.823300" lon="0.050288">
        <ele>36.312761</ele>
        <time>2026-02-23T13:29:49.106Z</time>
      </trkpt>
      <trkpt lat="38.823407" lon="0.050864">
        <ele>37.889569</ele>
        <time>2026-02-23T13:30:03.008Z</time>
      </trkpt>
      <trkpt lat="38.823519" lon="0.051301">
        <ele>39.114587</ele>
        <time>2026-02-23T13:30:13.862Z</time>
      </trkpt>
      <trkpt lat="38.823870" lon="0.052234">
        <ele>40.930435</ele>
        <time>2026-02-23T13:30:35.847Z</time>
      </trkpt>
      <trkpt lat="38.824003" lon="0.052574">
        <ele>41.438715</ele>
        <time>2026-02-23T13:30:42.271Z</time>
      </trkpt>
      <trkpt lat="38.824266" lon="0.053351">
        <ele>42.570517</ele>
        <time>2026-02-23T13:30:54.752Z</time>
      </trkpt>
      <trkpt lat="38.824364" lon="0.053931">
        <ele>43.039534</ele>
        <time>2026-02-23T13:31:02.633Z</time>
      </trkpt>
      <trkpt lat="38.824462" lon="0.054517">
        <ele>42.970513</ele>
        <time>2026-02-23T13:31:09.678Z</time>
      </trkpt>
      <trkpt lat="38.824532" lon="0.054795">
        <ele>42.936867</ele>
        <time>2026-02-23T13:31:13.085Z</time>
      </trkpt>
      <trkpt lat="38.824936" lon="0.055874">
        <ele>42.791843</ele>
        <time>2026-02-23T13:31:26.275Z</time>
      </trkpt>
      <trkpt lat="38.825140" lon="0.056495">
        <ele>41.170232</ele>
        <time>2026-02-23T13:31:32.439Z</time>
      </trkpt>
      <trkpt lat="38.825356" lon="0.057572">
        <ele>38.494344</ele>
        <time>2026-02-23T13:31:41.097Z</time>
      </trkpt>
      <trkpt lat="38.825420" lon="0.057802">
        <ele>37.906695</ele>
        <time>2026-02-23T13:31:42.897Z</time>
      </trkpt>
      <trkpt lat="38.825499" lon="0.057987">
        <ele>37.399079</ele>
        <time>2026-02-23T13:31:44.436Z</time>
      </trkpt>
      <trkpt lat="38.825577" lon="0.058139">
        <ele>36.887042</ele>
        <time>2026-02-23T13:31:45.760Z</time>
      </trkpt>
      <trkpt lat="38.825921" lon="0.058641">
        <ele>34.857418</ele>
        <time>2026-02-23T13:31:50.632Z</time>
      </trkpt>
      <trkpt lat="38.826137" lon="0.058943">
        <ele>33.612834</ele>
        <time>2026-02-23T13:31:53.659Z</time>
      </trkpt>
      <trkpt lat="38.826461" lon="0.059390">
        <ele>31.759338</ele>
        <time>2026-02-23T13:31:58.354Z</time>
      </trkpt>
      <trkpt lat="38.826599" lon="0.059564">
        <ele>31.005550</ele>
        <time>2026-02-23T13:32:00.373Z</time>
      </trkpt>
      <trkpt lat="38.826939" lon="0.059852">
        <ele>30.150767</ele>
        <time>2026-02-23T13:32:04.847Z</time>
      </trkpt>
      <trkpt lat="38.827469" lon="0.060227">
        <ele>29.906546</ele>
        <time>2026-02-23T13:32:12.412Z</time>
      </trkpt>
      <trkpt lat="38.827571" lon="0.060306">
        <ele>29.858471</ele>
        <time>2026-02-23T13:32:14.167Z</time>
      </trkpt>
      <trkpt lat="38.827619" lon="0.060341">
        <ele>29.836194</ele>
        <time>2026-02-23T13:32:15.029Z</time>
      </trkpt>
      <trkpt lat="38.827909" lon="0.060624">
        <ele>29.689186</ele>
        <time>2026-02-23T13:32:21.076Z</time>
      </trkpt>
      <trkpt lat="38.828335" lon="0.061098">
        <ele>29.486748</ele>
        <time>2026-02-23T13:32:31.297Z</time>
      </trkpt>
      <trkpt lat="38.828474" lon="0.061265">
        <ele>29.450146</ele>
        <time>2026-02-23T13:32:34.727Z</time>
      </trkpt>
      <trkpt lat="38.828718" lon="0.061539">
        <ele>29.387820</ele>
        <time>2026-02-23T13:32:40.405Z</time>
      </trkpt>
      <trkpt lat="38.828753" lon="0.061576">
        <ele>29.379103</ele>
        <time>2026-02-23T13:32:41.182Z</time>
      </trkpt>
      <trkpt lat="38.828942" lon="0.061784">
        <ele>29.331241</ele>
        <time>2026-02-23T13:32:45.245Z</time>
      </trkpt>
      <trkpt lat="38.829032" lon="0.061882">
        <ele>29.308552</ele>
        <time>2026-02-23T13:32:47.025Z</time>
      </trkpt>
      <trkpt lat="38.829172" lon="0.061998">
        <ele>29.276517</ele>
        <time>2026-02-23T13:32:49.391Z</time>
      </trkpt>
      <trkpt lat="38.829706" lon="0.062301">
        <ele>29.164271</ele>
        <time>2026-02-23T13:32:56.579Z</time>
      </trkpt>
      <trkpt lat="38.830336" lon="0.062628">
        <ele>27.585611</ele>
        <time>2026-02-23T13:33:03.814Z</time>
      </trkpt>
      <trkpt lat="38.830538" lon="0.062734">
        <ele>27.076836</ele>
        <time>2026-02-23T13:33:06.094Z</time>
      </trkpt>
      <trkpt lat="38.830985" lon="0.062956">
        <ele>25.959417</ele>
        <time>2026-02-23T13:33:11.069Z</time>
      </trkpt>
      <trkpt lat="38.831296" lon="0.063113">
        <ele>25.180296</ele>
        <time>2026-02-23T13:33:14.548Z</time>
      </trkpt>
      <trkpt lat="38.831611" lon="0.063246">
        <ele>24.587071</ele>
        <time>2026-02-23T13:33:18.047Z</time>
      </trkpt>
      <trkpt lat="38.832400" lon="0.063453">
        <ele>23.309217</ele>
        <time>2026-02-23T13:33:27.063Z</time>
      </trkpt>
      <trkpt lat="38.832651" lon="0.063519">
        <ele>22.902664</ele>
        <time>2026-02-23T13:33:30.112Z</time>
      </trkpt>
      <trkpt lat="38.832902" lon="0.063585">
        <ele>22.496112</ele>
        <time>2026-02-23T13:33:33.250Z</time>
      </trkpt>
      <trkpt lat="38.833259" lon="0.063681">
        <ele>21.970761</ele>
        <time>2026-02-23T13:33:37.884Z</time>
      </trkpt>
      <trkpt lat="38.833526" lon="0.063746">
        <ele>21.655321</ele>
        <time>2026-02-23T13:33:41.471Z</time>
      </trkpt>
      <trkpt lat="38.833555" lon="0.063782">
        <ele>21.608496</ele>
        <time>2026-02-23T13:33:41.989Z</time>
      </trkpt>
      <trkpt lat="38.833686" lon="0.063854">
        <ele>21.443089</ele>
        <time>2026-02-23T13:33:43.763Z</time>
      </trkpt>
      <trkpt lat="38.833787" lon="0.063842">
        <ele>21.325354</ele>
        <time>2026-02-23T13:33:44.990Z</time>
      </trkpt>
      <trkpt lat="38.834050" lon="0.063874">
        <ele>21.018713</ele>
        <time>2026-02-23T13:33:48.229Z</time>
      </trkpt>
      <trkpt lat="38.834340" lon="0.063941">
        <ele>20.676692</ele>
        <time>2026-02-23T13:33:51.803Z</time>
      </trkpt>
      <trkpt lat="38.834374" lon="0.063949">
        <ele>20.636570</ele>
        <time>2026-02-23T13:33:52.222Z</time>
      </trkpt>
      <trkpt lat="38.834439" lon="0.063965">
        <ele>20.559748</ele>
        <time>2026-02-23T13:33:52.995Z</time>
      </trkpt>
      <trkpt lat="38.834547" lon="0.063993">
        <ele>20.431857</ele>
        <time>2026-02-23T13:33:54.273Z</time>
      </trkpt>
      <trkpt lat="38.834839" lon="0.064059">
        <ele>20.087710</ele>
        <time>2026-02-23T13:33:57.605Z</time>
      </trkpt>
      <trkpt lat="38.835070" lon="0.064086">
        <ele>19.875162</ele>
        <time>2026-02-23T13:34:00.178Z</time>
      </trkpt>
      <trkpt lat="38.835260" lon="0.064121">
        <ele>19.712483</ele>
        <time>2026-02-23T13:34:02.310Z</time>
      </trkpt>
      <trkpt lat="38.835406" lon="0.064222">
        <ele>19.571922</ele>
        <time>2026-02-23T13:34:04.147Z</time>
      </trkpt>
      <trkpt lat="38.835437" lon="0.064280">
        <ele>19.525484</ele>
        <time>2026-02-23T13:34:04.761Z</time>
      </trkpt>
      <trkpt lat="38.835530" lon="0.064351">
        <ele>19.433779</ele>
        <time>2026-02-23T13:34:05.975Z</time>
      </trkpt>
      <trkpt lat="38.835650" lon="0.064336">
        <ele>19.331595</ele>
        <time>2026-02-23T13:34:07.332Z</time>
      </trkpt>
      <trkpt lat="38.835737" lon="0.064231">
        <ele>19.230392</ele>
        <time>2026-02-23T13:34:08.736Z</time>
      </trkpt>
      <trkpt lat="38.835828" lon="0.064144">
        <ele>19.134230</ele>
        <time>2026-02-23T13:34:10.127Z</time>
      </trkpt>
      <trkpt lat="38.835992" lon="0.064115">
        <ele>18.993923</ele>
        <time>2026-02-23T13:34:12.256Z</time>
      </trkpt>
      <trkpt lat="38.836307" lon="0.064116">
        <ele>18.726951</ele>
        <time>2026-02-23T13:34:16.575Z</time>
      </trkpt>
      <trkpt lat="38.836370" lon="0.064114">
        <ele>18.673540</ele>
        <time>2026-02-23T13:34:17.506Z</time>
      </trkpt>
      <trkpt lat="38.836912" lon="0.064050">
        <ele>19.047452</ele>
        <time>2026-02-23T13:34:27.098Z</time>
      </trkpt>
      <trkpt lat="38.838428" lon="0.063836">
        <ele>21.405094</ele>
        <time>2026-02-23T13:35:02.067Z</time>
      </trkpt>
      <trkpt lat="38.838502" lon="0.063783">
        <ele>21.481493</ele>
        <time>2026-02-23T13:35:03.983Z</time>
      </trkpt>
      <trkpt lat="38.838603" lon="0.063630">
        <ele>21.622340</ele>
        <time>2026-02-23T13:35:07.383Z</time>
      </trkpt>
      <trkpt lat="38.838681" lon="0.063260">
        <ele>21.891533</ele>
        <time>2026-02-23T13:35:13.459Z</time>
      </trkpt>
      <trkpt lat="38.838700" lon="0.063153">
        <ele>21.968604</ele>
        <time>2026-02-23T13:35:15.052Z</time>
      </trkpt>
      <trkpt lat="38.838757" lon="0.062750">
        <ele>22.256252</ele>
        <time>2026-02-23T13:35:20.562Z</time>
      </trkpt>
      <trkpt lat="38.838791" lon="0.062270">
        <ele>22.594737</ele>
        <time>2026-02-23T13:35:26.841Z</time>
      </trkpt>
      <trkpt lat="38.838859" lon="0.061686">
        <ele>22.918428</ele>
        <time>2026-02-23T13:35:34.602Z</time>
      </trkpt>
      <trkpt lat="38.838933" lon="0.061455">
        <ele>22.751362</ele>
        <time>2026-02-23T13:35:37.614Z</time>
      </trkpt>
      <trkpt lat="38.839036" lon="0.061291">
        <ele>22.610450</ele>
        <time>2026-02-23T13:35:40.011Z</time>
      </trkpt>
      <trkpt lat="38.839160" lon="0.061227">
        <ele>22.495685</ele>
        <time>2026-02-23T13:35:41.874Z</time>
      </trkpt>
      <trkpt lat="38.839662" lon="0.061207">
        <ele>22.064398</ele>
        <time>2026-02-23T13:35:48.453Z</time>
      </trkpt>
      <trkpt lat="38.840740" lon="0.061169">
        <ele>20.399051</ele>
        <time>2026-02-23T13:36:00.714Z</time>
      </trkpt>
      <trkpt lat="38.841889" lon="0.061117">
        <ele>16.804393</ele>
        <time>2026-02-23T13:36:12.151Z</time>
      </trkpt>
      <trkpt lat="38.842138" lon="0.061062">
        <ele>16.014440</ele>
        <time>2026-02-23T13:36:14.650Z</time>
      </trkpt>
      <trkpt lat="38.842762" lon="0.060859">
        <ele>14.432216</ele>
        <time>2026-02-23T13:36:21.062Z</time>
      </trkpt>
      <trkpt lat="38.843873" lon="0.060699">
        <ele>11.775938</ele>
        <time>2026-02-23T13:36:33.057Z</time>
      </trkpt>
      <trkpt lat="38.844322" lon="0.060648">
        <ele>11.555137</ele>
        <time>2026-02-23T13:36:39.013Z</time>
      </trkpt>
      <trkpt lat="38.845580" lon="0.060591">
        <ele>11.679720</ele>
        <time>2026-02-23T13:37:00.975Z</time>
      </trkpt>
      <trkpt lat="38.845988" lon="0.060526">
        <ele>11.518197</ele>
        <time>2026-02-23T13:37:07.645Z</time>
      </trkpt>
      <trkpt lat="38.846052" lon="0.060511">
        <ele>11.463386</ele>
        <time>2026-02-23T13:37:08.598Z</time>
      </trkpt>
      <trkpt lat="38.846655" lon="0.060363">
        <ele>10.946157</ele>
        <time>2026-02-23T13:37:16.712Z</time>
      </trkpt>
      <trkpt lat="38.848856" lon="0.059855">
        <ele>8.111490</ele>
        <time>2026-02-23T13:37:42.358Z</time>
      </trkpt>
      <trkpt lat="38.849791" lon="0.059625">
        <ele>6.899929</ele>
        <time>2026-02-23T13:37:53.169Z</time>
      </trkpt>
      <trkpt lat="38.850483" lon="0.059462">
        <ele>6.197054</ele>
        <time>2026-02-23T13:38:01.641Z</time>
      </trkpt>
      <trkpt lat="38.850644" lon="0.059421">
        <ele>6.033075</ele>
        <time>2026-02-23T13:38:03.753Z</time>
      </trkpt>
      <trkpt lat="38.850625" lon="0.059192">
        <ele>5.853896</ele>
        <time>2026-02-23T13:38:06.109Z</time>
      </trkpt>
      <trkpt lat="38.850573" lon="0.059290">
        <ele>5.761632</ele>
        <time>2026-02-23T13:38:07.341Z</time>
      </trkpt>
      <trkpt lat="38.850483" lon="0.059462">
        <ele>5.600408</ele>
        <time>2026-02-23T13:38:09.539Z</time>
      </trkpt>
      <trkpt lat="38.850644" lon="0.059421">
        <ele>5.578757</ele>
        <time>2026-02-23T13:38:11.820Z</time>
      </trkpt>
      <trkpt lat="38.850625" lon="0.059192">
        <ele>5.568619</ele>
        <time>2026-02-23T13:38:14.379Z</time>
      </trkpt>
      <trkpt lat="38.850618" lon="0.058889">
        <ele>5.555275</ele>
        <time>2026-02-23T13:38:17.882Z</time>
      </trkpt>
      <trkpt lat="38.850785" lon="0.056818">
        <ele>5.573539</ele>
        <time>2026-02-23T13:38:42.270Z</time>
      </trkpt>
      <trkpt lat="38.850798" lon="0.056699">
        <ele>5.594674</ele>
        <time>2026-02-23T13:38:43.729Z</time>
      </trkpt>
      <trkpt lat="38.851052" lon="0.054969">
        <ele>5.905492</ele>
        <time>2026-02-23T13:39:05.581Z</time>
      </trkpt>
      <trkpt lat="38.851084" lon="0.054749">
        <ele>5.948579</ele>
        <time>2026-02-23T13:39:08.348Z</time>
      </trkpt>
      <trkpt lat="38.851226" lon="0.052724">
        <ele>6.340029</ele>
        <time>2026-02-23T13:39:33.349Z</time>
      </trkpt>
      <trkpt lat="38.851341" lon="0.051700">
        <ele>6.539821</ele>
        <time>2026-02-23T13:39:46.263Z</time>
      </trkpt>
      <trkpt lat="38.851366" lon="0.051478">
        <ele>6.583138</ele>
        <time>2026-02-23T13:39:49.036Z</time>
      </trkpt>
      <trkpt lat="38.851488" lon="0.050344">
        <ele>6.802827</ele>
        <time>2026-02-23T13:40:03.011Z</time>
      </trkpt>
      <trkpt lat="38.851648" lon="0.049260">
        <ele>7.002356</ele>
        <time>2026-02-23T13:40:16.342Z</time>
      </trkpt>
      <trkpt lat="38.851692" lon="0.048148">
        <ele>7.198009</ele>
        <time>2026-02-23T13:40:30.274Z</time>
      </trkpt>
      <trkpt lat="38.851708" lon="0.047553">
        <ele>7.132220</ele>
        <time>2026-02-23T13:40:37.562Z</time>
      </trkpt>
      <trkpt lat="38.851694" lon="0.047328">
        <ele>7.107277</ele>
        <time>2026-02-23T13:40:40.266Z</time>
      </trkpt>
      <trkpt lat="38.851681" lon="0.047259">
        <ele>7.099432</ele>
        <time>2026-02-23T13:40:41.116Z</time>
      </trkpt>
      <trkpt lat="38.851737" lon="0.047208">
        <ele>7.089690</ele>
        <time>2026-02-23T13:40:42.511Z</time>
      </trkpt>
      <trkpt lat="38.852114" lon="0.046247">
        <ele>6.970783</ele>
        <time>2026-02-23T13:40:58.829Z</time>
      </trkpt>
      <trkpt lat="38.852160" lon="0.046111">
        <ele>6.954398</ele>
        <time>2026-02-23T13:41:00.950Z</time>
      </trkpt>
      <trkpt lat="38.852325" lon="0.045245">
        <ele>6.235431</ele>
        <time>2026-02-23T13:41:13.214Z</time>
      </trkpt>
      <trkpt lat="38.852671" lon="0.044109">
        <ele>5.161758</ele>
        <time>2026-02-23T13:41:29.086Z</time>
      </trkpt>
      <trkpt lat="38.853107" lon="0.042665">
        <ele>3.986658</ele>
        <time>2026-02-23T13:41:48.913Z</time>
      </trkpt>
      <trkpt lat="38.853423" lon="0.042365">
        <ele>3.617520</ele>
        <time>2026-02-23T13:41:55.965Z</time>
      </trkpt>
      <trkpt lat="38.853316" lon="0.042221">
        <ele>3.471926</ele>
        <time>2026-02-23T13:41:58.920Z</time>
      </trkpt>
      <trkpt lat="38.853192" lon="0.042181">
        <ele>3.351832</ele>
        <time>2026-02-23T13:42:01.419Z</time>
      </trkpt>
      <trkpt lat="38.853142" lon="0.042181">
        <ele>3.304866</ele>
        <time>2026-02-23T13:42:02.434Z</time>
      </trkpt>
      <trkpt lat="38.853026" lon="0.042119">
        <ele>3.235599</ele>
        <time>2026-02-23T13:42:04.972Z</time>
      </trkpt>
      <trkpt lat="38.852712" lon="0.041838">
        <ele>3.367561</ele>
        <time>2026-02-23T13:42:13.037Z</time>
      </trkpt>
      <trkpt lat="38.852736" lon="0.041777">
        <ele>3.385912</ele>
        <time>2026-02-23T13:42:13.869Z</time>
      </trkpt>
      <trkpt lat="38.852727" lon="0.041418">
        <ele>3.482357</ele>
        <time>2026-02-23T13:42:18.510Z</time>
      </trkpt>
      <trkpt lat="38.852831" lon="0.041044">
        <ele>3.588989</ele>
        <time>2026-02-23T13:42:23.856Z</time>
      </trkpt>
      <trkpt lat="38.853339" lon="0.039904">
        <ele>3.976171</ele>
        <time>2026-02-23T13:42:40.938Z</time>
      </trkpt>
      <trkpt lat="38.853499" lon="0.039504">
        <ele>4.139007</ele>
        <time>2026-02-23T13:42:46.665Z</time>
      </trkpt>
      <trkpt lat="38.853857" lon="0.038466">
        <ele>4.550093</ele>
        <time>2026-02-23T13:43:01.846Z</time>
      </trkpt>
      <trkpt lat="38.853953" lon="0.038190">
        <ele>4.659552</ele>
        <time>2026-02-23T13:43:05.822Z</time>
      </trkpt>
      <trkpt lat="38.854140" lon="0.037709">
        <ele>4.592661</ele>
        <time>2026-02-23T13:43:12.555Z</time>
      </trkpt>
      <trkpt lat="38.854245" lon="0.037114">
        <ele>4.483771</ele>
        <time>2026-02-23T13:43:19.619Z</time>
      </trkpt>
      <trkpt lat="38.856515" lon="0.038083">
        <ele>3.317398</ele>
        <time>2026-02-23T13:43:50.457Z</time>
      </trkpt>
      <trkpt lat="38.856833" lon="0.038217">
        <ele>3.097565</ele>
        <time>2026-02-23T13:43:54.731Z</time>
      </trkpt>
      <trkpt lat="38.857343" lon="0.038438">
        <ele>2.964999</ele>
        <time>2026-02-23T13:44:01.705Z</time>
      </trkpt>
      <trkpt lat="38.858081" lon="0.038754">
        <ele>2.784814</ele>
        <time>2026-02-23T13:44:12.752Z</time>
      </trkpt>
      <trkpt lat="38.858135" lon="0.038785">
        <ele>2.771114</ele>
        <time>2026-02-23T13:44:13.637Z</time>
      </trkpt>
      <trkpt lat="38.858114" lon="0.038489">
        <ele>2.717506</ele>
        <time>2026-02-23T13:44:17.212Z</time>
      </trkpt>
      <trkpt lat="38.858029" lon="0.037101">
        <ele>2.622770</ele>
        <time>2026-02-23T13:44:33.728Z</time>
      </trkpt>
      <trkpt lat="38.857931" lon="0.035524">
        <ele>2.562753</ele>
        <time>2026-02-23T13:44:51.054Z</time>
      </trkpt>
      <trkpt lat="38.857940" lon="0.035133">
        <ele>2.551516</ele>
        <time>2026-02-23T13:44:55.365Z</time>
      </trkpt>
      <trkpt lat="38.858057" lon="0.034579">
        <ele>2.535025</ele>
        <time>2026-02-23T13:45:01.894Z</time>
      </trkpt>
      <trkpt lat="38.858353" lon="0.033788">
        <ele>2.509814</ele>
        <time>2026-02-23T13:45:12.272Z</time>
      </trkpt>
      <trkpt lat="38.858988" lon="0.032144">
        <ele>2.880061</ele>
        <time>2026-02-23T13:45:34.492Z</time>
      </trkpt>
      <trkpt lat="38.859095" lon="0.031851">
        <ele>2.948431</ele>
        <time>2026-02-23T13:45:38.720Z</time>
      </trkpt>
      <trkpt lat="38.859401" lon="0.031041">
        <ele>3.160202</ele>
        <time>2026-02-23T13:45:50.796Z</time>
      </trkpt>
      <trkpt lat="38.859899" lon="0.029732">
        <ele>3.514442</ele>
        <time>2026-02-23T13:46:09.094Z</time>
      </trkpt>
      <trkpt lat="38.860022" lon="0.029393">
        <ele>3.575015</ele>
        <time>2026-02-23T13:46:13.378Z</time>
      </trkpt>
      <trkpt lat="38.860358" lon="0.028452">
        <ele>3.667596</ele>
        <time>2026-02-23T13:46:25.093Z</time>
      </trkpt>
      <trkpt lat="38.861013" lon="0.026670">
        <ele>3.809400</ele>
        <time>2026-02-23T13:46:49.316Z</time>
      </trkpt>
      <trkpt lat="38.861263" lon="0.025991">
        <ele>3.847630</ele>
        <time>2026-02-23T13:46:58.355Z</time>
      </trkpt>
      <trkpt lat="38.861513" lon="0.025311">
        <ele>3.839334</ele>
        <time>2026-02-23T13:47:06.945Z</time>
      </trkpt>
      <trkpt lat="38.861606" lon="0.025060">
        <ele>3.704009</ele>
        <time>2026-02-23T13:47:09.907Z</time>
      </trkpt>
      <trkpt lat="38.861765" lon="0.024672">
        <ele>3.490554</ele>
        <time>2026-02-23T13:47:14.292Z</time>
      </trkpt>
      <trkpt lat="38.862014" lon="0.024012">
        <ele>3.133513</ele>
        <time>2026-02-23T13:47:21.253Z</time>
      </trkpt>
      <trkpt lat="38.862111" lon="0.023736">
        <ele>2.986094</ele>
        <time>2026-02-23T13:47:24.115Z</time>
      </trkpt>
      <trkpt lat="38.862359" lon="0.023049">
        <ele>2.858016</ele>
        <time>2026-02-23T13:47:31.590Z</time>
      </trkpt>
      <trkpt lat="38.862425" lon="0.022791">
        <ele>2.953806</ele>
        <time>2026-02-23T13:47:34.807Z</time>
      </trkpt>
      <trkpt lat="38.862458" lon="0.022646">
        <ele>3.007091</ele>
        <time>2026-02-23T13:47:36.690Z</time>
      </trkpt>
      <trkpt lat="38.862476" lon="0.022273">
        <ele>3.138911</ele>
        <time>2026-02-23T13:47:41.836Z</time>
      </trkpt>
      <trkpt lat="38.862446" lon="0.021858">
        <ele>3.285922</ele>
        <time>2026-02-23T13:47:47.834Z</time>
      </trkpt>
      <trkpt lat="38.862439" lon="0.021749">
        <ele>3.324500</ele>
        <time>2026-02-23T13:47:49.471Z</time>
      </trkpt>
      <trkpt lat="38.862424" lon="0.021556">
        <ele>3.392914</ele>
        <time>2026-02-23T13:47:52.268Z</time>
      </trkpt>
      <trkpt lat="38.862414" lon="0.021400">
        <ele>3.448126</ele>
        <time>2026-02-23T13:47:54.503Z</time>
      </trkpt>
      <trkpt lat="38.862365" lon="0.020860">
        <ele>3.633071</ele>
        <time>2026-02-23T13:48:02.344Z</time>
      </trkpt>
      <trkpt lat="38.862348" lon="0.020633">
        <ele>3.705466</ele>
        <time>2026-02-23T13:48:05.672Z</time>
      </trkpt>
      <trkpt lat="38.862313" lon="0.020227">
        <ele>3.835140</ele>
        <time>2026-02-23T13:48:11.455Z</time>
      </trkpt>
      <trkpt lat="38.862284" lon="0.019904">
        <ele>3.938357</ele>
        <time>2026-02-23T13:48:15.627Z</time>
      </trkpt>
      <trkpt lat="38.862235" lon="0.019064">
        <ele>4.205766</ele>
        <time>2026-02-23T13:48:25.227Z</time>
      </trkpt>
      <trkpt lat="38.862211" lon="0.018471">
        <ele>4.321690</ele>
        <time>2026-02-23T13:48:32.467Z</time>
      </trkpt>
      <trkpt lat="38.862193" lon="0.018030">
        <ele>4.347874</ele>
        <time>2026-02-23T13:48:37.998Z</time>
      </trkpt>
      <trkpt lat="38.862174" lon="0.017513">
        <ele>4.378562</ele>
        <time>2026-02-23T13:48:44.368Z</time>
      </trkpt>
      <trkpt lat="38.862155" lon="0.017012">
        <ele>4.408302</ele>
        <time>2026-02-23T13:48:50.151Z</time>
      </trkpt>
      <trkpt lat="38.862138" lon="0.016524">
        <ele>4.437265</ele>
        <time>2026-02-23T13:48:55.612Z</time>
      </trkpt>
      <trkpt lat="38.862173" lon="0.015887">
        <ele>4.323598</ele>
        <time>2026-02-23T13:49:02.611Z</time>
      </trkpt>
      <trkpt lat="38.862266" lon="0.015467">
        <ele>4.231136</ele>
        <time>2026-02-23T13:49:07.316Z</time>
      </trkpt>
      <trkpt lat="38.862346" lon="0.015175">
        <ele>4.165589</ele>
        <time>2026-02-23T13:49:10.705Z</time>
      </trkpt>
      <trkpt lat="38.862411" lon="0.014931">
        <ele>4.110982</ele>
        <time>2026-02-23T13:49:13.478Z</time>
      </trkpt>
      <trkpt lat="38.862430" lon="0.014866">
        <ele>4.096280</ele>
        <time>2026-02-23T13:49:14.218Z</time>
      </trkpt>
      <trkpt lat="38.862490" lon="0.014662">
        <ele>4.050104</ele>
        <time>2026-02-23T13:49:16.488Z</time>
      </trkpt>
      <trkpt lat="38.862513" lon="0.014582">
        <ele>4.032046</ele>
        <time>2026-02-23T13:49:17.364Z</time>
      </trkpt>
      <trkpt lat="38.862639" lon="0.014129">
        <ele>3.943253</ele>
        <time>2026-02-23T13:49:22.338Z</time>
      </trkpt>
      <trkpt lat="38.862721" lon="0.013856">
        <ele>3.917017</ele>
        <time>2026-02-23T13:49:25.520Z</time>
      </trkpt>
      <trkpt lat="38.862811" lon="0.013546">
        <ele>3.887351</ele>
        <time>2026-02-23T13:49:29.222Z</time>
      </trkpt>
      <trkpt lat="38.862894" lon="0.013237">
        <ele>3.858043</ele>
        <time>2026-02-23T13:49:32.867Z</time>
      </trkpt>
      <trkpt lat="38.862935" lon="0.013097">
        <ele>3.844631</ele>
        <time>2026-02-23T13:49:34.574Z</time>
      </trkpt>
      <trkpt lat="38.863037" lon="0.012729">
        <ele>3.809606</ele>
        <time>2026-02-23T13:49:39.114Z</time>
      </trkpt>
      <trkpt lat="38.863109" lon="0.012468">
        <ele>3.784779</ele>
        <time>2026-02-23T13:49:42.358Z</time>
      </trkpt>
      <trkpt lat="38.863197" lon="0.012163">
        <ele>3.755614</ele>
        <time>2026-02-23T13:49:46.125Z</time>
      </trkpt>
      <trkpt lat="38.863307" lon="0.011771">
        <ele>3.650376</ele>
        <time>2026-02-23T13:49:51.011Z</time>
      </trkpt>
      <trkpt lat="38.863378" lon="0.011520">
        <ele>3.567277</ele>
        <time>2026-02-23T13:49:54.010Z</time>
      </trkpt>
      <trkpt lat="38.863454" lon="0.011252">
        <ele>3.478524</ele>
        <time>2026-02-23T13:49:57.043Z</time>
      </trkpt>
      <trkpt lat="38.863606" lon="0.010725">
        <ele>3.303647</ele>
        <time>2026-02-23T13:50:02.759Z</time>
      </trkpt>
      <trkpt lat="38.863703" lon="0.010287">
        <ele>3.161948</ele>
        <time>2026-02-23T13:50:07.327Z</time>
      </trkpt>
      <trkpt lat="38.863769" lon="0.009711">
        <ele>3.006600</ele>
        <time>2026-02-23T13:50:13.229Z</time>
      </trkpt>
      <trkpt lat="38.863829" lon="0.008982">
        <ele>2.906109</ele>
        <time>2026-02-23T13:50:21.011Z</time>
      </trkpt>
      <trkpt lat="38.863903" lon="0.008150">
        <ele>2.791315</ele>
        <time>2026-02-23T13:50:30.788Z</time>
      </trkpt>
      <trkpt lat="38.863971" lon="0.007717">
        <ele>2.730762</ele>
        <time>2026-02-23T13:50:35.943Z</time>
      </trkpt>
      <trkpt lat="38.864076" lon="0.007264">
        <ele>2.711957</ele>
        <time>2026-02-23T13:50:41.331Z</time>
      </trkpt>
      <trkpt lat="38.864529" lon="0.005807">
        <ele>2.720153</ele>
        <time>2026-02-23T13:50:58.773Z</time>
      </trkpt>
      <trkpt lat="38.864783" lon="0.004833">
        <ele>2.784086</ele>
        <time>2026-02-23T13:51:11.468Z</time>
      </trkpt>
      <trkpt lat="38.865002" lon="0.004044">
        <ele>2.868991</ele>
        <time>2026-02-23T13:51:22.605Z</time>
      </trkpt>
      <trkpt lat="38.865181" lon="0.003386">
        <ele>2.939642</ele>
        <time>2026-02-23T13:51:30.626Z</time>
      </trkpt>
      <trkpt lat="38.865268" lon="0.003070">
        <ele>2.891306</ele>
        <time>2026-02-23T13:51:34.179Z</time>
      </trkpt>
      <trkpt lat="38.865457" lon="0.002360">
        <ele>2.601873</ele>
        <time>2026-02-23T13:51:41.773Z</time>
      </trkpt>
      <trkpt lat="38.865538" lon="0.002064">
        <ele>2.480851</ele>
        <time>2026-02-23T13:51:44.825Z</time>
      </trkpt>
      <trkpt lat="38.865790" lon="0.001125">
        <ele>2.097739</ele>
        <time>2026-02-23T13:51:54.613Z</time>
      </trkpt>
      <trkpt lat="38.866339" lon="-0.000927">
        <ele>1.998561</ele>
        <time>2026-02-23T13:52:20.081Z</time>
      </trkpt>
      <trkpt lat="38.866460" lon="-0.001336">
        <ele>1.992259</ele>
        <time>2026-02-23T13:52:25.268Z</time>
      </trkpt>
      <trkpt lat="38.866494" lon="-0.001450">
        <ele>1.992762</ele>
        <time>2026-02-23T13:52:26.696Z</time>
      </trkpt>
      <trkpt lat="38.866593" lon="-0.001786">
        <ele>1.994244</ele>
        <time>2026-02-23T13:52:30.853Z</time>
      </trkpt>
      <trkpt lat="38.866671" lon="-0.002011">
        <ele>1.995260</ele>
        <time>2026-02-23T13:52:33.651Z</time>
      </trkpt>
      <trkpt lat="38.867101" lon="-0.003171">
        <ele>2.000559</ele>
        <time>2026-02-23T13:52:48.454Z</time>
      </trkpt>
      <trkpt lat="38.867444" lon="-0.004110">
        <ele>2.038998</ele>
        <time>2026-02-23T13:53:00.543Z</time>
      </trkpt>
      <trkpt lat="38.867782" lon="-0.005013">
        <ele>2.079045</ele>
        <time>2026-02-23T13:53:12.464Z</time>
      </trkpt>
      <trkpt lat="38.867953" lon="-0.005472">
        <ele>2.097462</ele>
        <time>2026-02-23T13:53:18.342Z</time>
      </trkpt>
      <trkpt lat="38.868057" lon="-0.005823">
        <ele>2.107777</ele>
        <time>2026-02-23T13:53:22.646Z</time>
      </trkpt>
      <trkpt lat="38.868292" lon="-0.006989">
        <ele>2.140857</ele>
        <time>2026-02-23T13:53:36.729Z</time>
      </trkpt>
      <trkpt lat="38.868481" lon="-0.008088">
        <ele>2.218291</ele>
        <time>2026-02-23T13:53:49.545Z</time>
      </trkpt>
      <trkpt lat="38.868680" lon="-0.009258">
        <ele>2.352662</ele>
        <time>2026-02-23T13:54:03.917Z</time>
      </trkpt>
      <trkpt lat="38.868684" lon="-0.009288">
        <ele>2.356077</ele>
        <time>2026-02-23T13:54:04.289Z</time>
      </trkpt>
      <trkpt lat="38.868870" lon="-0.010269">
        <ele>2.503157</ele>
        <time>2026-02-23T13:54:17.013Z</time>
      </trkpt>
      <trkpt lat="38.869170" lon="-0.011349">
        <ele>2.713125</ele>
        <time>2026-02-23T13:54:31.204Z</time>
      </trkpt>
      <trkpt lat="38.869594" lon="-0.012720">
        <ele>2.837234</ele>
        <time>2026-02-23T13:54:48.908Z</time>
      </trkpt>
      <trkpt lat="38.869868" lon="-0.013478">
        <ele>2.835465</ele>
        <time>2026-02-23T13:54:58.610Z</time>
      </trkpt>
      <trkpt lat="38.869923" lon="-0.013606">
        <ele>2.835156</ele>
        <time>2026-02-23T13:55:00.313Z</time>
      </trkpt>
      <trkpt lat="38.870034" lon="-0.013862">
        <ele>2.834536</ele>
        <time>2026-02-23T13:55:03.687Z</time>
      </trkpt>
      <trkpt lat="38.870445" lon="-0.014798">
        <ele>2.534516</ele>
        <time>2026-02-23T13:55:14.956Z</time>
      </trkpt>
      <trkpt lat="38.870860" lon="-0.015755">
        <ele>2.138125</ele>
        <time>2026-02-23T13:55:26.015Z</time>
      </trkpt>
      <trkpt lat="38.871714" lon="-0.017718">
        <ele>1.557756</ele>
        <time>2026-02-23T13:55:49.786Z</time>
      </trkpt>
      <trkpt lat="38.872138" lon="-0.018690">
        <ele>1.652559</ele>
        <time>2026-02-23T13:56:02.737Z</time>
      </trkpt>
      <trkpt lat="38.872251" lon="-0.018946">
        <ele>1.741402</ele>
        <time>2026-02-23T13:56:06.396Z</time>
      </trkpt>
      <trkpt lat="38.872352" lon="-0.019172">
        <ele>1.820072</ele>
        <time>2026-02-23T13:56:09.735Z</time>
      </trkpt>
      <trkpt lat="38.873335" lon="-0.021423">
        <ele>2.486317</ele>
        <time>2026-02-23T13:56:44.563Z</time>
      </trkpt>
      <trkpt lat="38.873701" lon="-0.022249">
        <ele>2.645097</ele>
        <time>2026-02-23T13:56:54.839Z</time>
      </trkpt>
      <trkpt lat="38.873916" lon="-0.022733">
        <ele>2.532544</ele>
        <time>2026-02-23T13:57:00.666Z</time>
      </trkpt>
      <trkpt lat="38.874156" lon="-0.023303">
        <ele>2.401657</ele>
        <time>2026-02-23T13:57:07.400Z</time>
      </trkpt>
      <trkpt lat="38.874267" lon="-0.023546">
        <ele>2.344751</ele>
        <time>2026-02-23T13:57:10.398Z</time>
      </trkpt>
      <trkpt lat="38.874785" lon="-0.024718">
        <ele>2.295192</ele>
        <time>2026-02-23T13:57:26.024Z</time>
      </trkpt>
      <trkpt lat="38.874943" lon="-0.024994">
        <ele>2.342348</ele>
        <time>2026-02-23T13:57:30.150Z</time>
      </trkpt>
      <trkpt lat="38.875445" lon="-0.025728">
        <ele>2.476828</ele>
        <time>2026-02-23T13:57:42.472Z</time>
      </trkpt>
      <trkpt lat="38.875826" lon="-0.026260">
        <ele>2.526516</ele>
        <time>2026-02-23T13:57:51.432Z</time>
      </trkpt>
      <trkpt lat="38.875951" lon="-0.026433">
        <ele>2.528678</ele>
        <time>2026-02-23T13:57:54.218Z</time>
      </trkpt>
      <trkpt lat="38.876053" lon="-0.026579">
        <ele>2.530475</ele>
        <time>2026-02-23T13:57:56.505Z</time>
      </trkpt>
      <trkpt lat="38.876175" lon="-0.026753">
        <ele>2.532620</ele>
        <time>2026-02-23T13:57:59.226Z</time>
      </trkpt>
      <trkpt lat="38.876280" lon="-0.026898">
        <ele>2.534434</ele>
        <time>2026-02-23T13:58:01.548Z</time>
      </trkpt>
      <trkpt lat="38.876444" lon="-0.027125">
        <ele>2.537271</ele>
        <time>2026-02-23T13:58:05.062Z</time>
      </trkpt>
      <trkpt lat="38.876813" lon="-0.027654">
        <ele>2.543778</ele>
        <time>2026-02-23T13:58:12.747Z</time>
      </trkpt>
      <trkpt lat="38.877038" lon="-0.027966">
        <ele>2.573269</ele>
        <time>2026-02-23T13:58:17.494Z</time>
      </trkpt>
      <trkpt lat="38.877093" lon="-0.028045">
        <ele>2.581250</ele>
        <time>2026-02-23T13:58:18.675Z</time>
      </trkpt>
      <trkpt lat="38.877220" lon="-0.028218">
        <ele>2.599156</ele>
        <time>2026-02-23T13:58:21.356Z</time>
      </trkpt>
      <trkpt lat="38.877257" lon="-0.028270">
        <ele>2.604461</ele>
        <time>2026-02-23T13:58:22.161Z</time>
      </trkpt>
      <trkpt lat="38.877352" lon="-0.028398">
        <ele>2.617778</ele>
        <time>2026-02-23T13:58:24.173Z</time>
      </trkpt>
      <trkpt lat="38.877787" lon="-0.028980">
        <ele>2.678534</ele>
        <time>2026-02-23T13:58:34.145Z</time>
      </trkpt>
      <trkpt lat="38.878121" lon="-0.029379">
        <ele>2.725726</ele>
        <time>2026-02-23T13:58:41.400Z</time>
      </trkpt>
      <trkpt lat="38.878290" lon="-0.029584">
        <ele>2.763418</ele>
        <time>2026-02-23T13:58:45.142Z</time>
      </trkpt>
      <trkpt lat="38.878461" lon="-0.029781">
        <ele>2.800665</ele>
        <time>2026-02-23T13:58:48.825Z</time>
      </trkpt>
      <trkpt lat="38.878765" lon="-0.030138">
        <ele>2.867456</ele>
        <time>2026-02-23T13:58:55.336Z</time>
      </trkpt>
      <trkpt lat="38.879244" lon="-0.030701">
        <ele>2.972736</ele>
        <time>2026-02-23T13:59:05.536Z</time>
      </trkpt>
      <trkpt lat="38.879621" lon="-0.031140">
        <ele>2.953669</ele>
        <time>2026-02-23T13:59:12.750Z</time>
      </trkpt>
      <trkpt lat="38.879985" lon="-0.031573">
        <ele>2.854418</ele>
        <time>2026-02-23T13:59:19.602Z</time>
      </trkpt>
      <trkpt lat="38.880325" lon="-0.031984">
        <ele>2.761015</ele>
        <time>2026-02-23T13:59:26.030Z</time>
      </trkpt>
      <trkpt lat="38.880454" lon="-0.032137">
        <ele>2.725889</ele>
        <time>2026-02-23T13:59:28.485Z</time>
      </trkpt>
      <trkpt lat="38.880630" lon="-0.032353">
        <ele>2.677192</ele>
        <time>2026-02-23T13:59:31.916Z</time>
      </trkpt>
      <trkpt lat="38.880812" lon="-0.032570">
        <ele>2.651489</ele>
        <time>2026-02-23T13:59:35.475Z</time>
      </trkpt>
      <trkpt lat="38.880966" lon="-0.032755">
        <ele>2.654416</ele>
        <time>2026-02-23T13:59:38.492Z</time>
      </trkpt>
      <trkpt lat="38.881198" lon="-0.033027">
        <ele>2.658776</ele>
        <time>2026-02-23T13:59:43.283Z</time>
      </trkpt>
      <trkpt lat="38.881362" lon="-0.033221">
        <ele>2.661871</ele>
        <time>2026-02-23T13:59:46.754Z</time>
      </trkpt>
      <trkpt lat="38.881569" lon="-0.033471">
        <ele>2.665815</ele>
        <time>2026-02-23T13:59:51.164Z</time>
      </trkpt>
      <trkpt lat="38.881687" lon="-0.033612">
        <ele>2.668052</ele>
        <time>2026-02-23T13:59:53.650Z</time>
      </trkpt>
      <trkpt lat="38.881830" lon="-0.033782">
        <ele>2.670756</ele>
        <time>2026-02-23T13:59:56.645Z</time>
      </trkpt>
      <trkpt lat="38.881926" lon="-0.033897">
        <ele>2.672578</ele>
        <time>2026-02-23T13:59:58.635Z</time>
      </trkpt>
      <trkpt lat="38.882070" lon="-0.034067">
        <ele>2.672669</ele>
        <time>2026-02-23T14:00:01.509Z</time>
      </trkpt>
      <trkpt lat="38.882248" lon="-0.034280">
        <ele>2.653453</ele>
        <time>2026-02-23T14:00:05.006Z</time>
      </trkpt>
      <trkpt lat="38.882492" lon="-0.034569">
        <ele>2.627235</ele>
        <time>2026-02-23T14:00:09.603Z</time>
      </trkpt>
      <trkpt lat="38.883161" lon="-0.035365">
        <ele>2.555202</ele>
        <time>2026-02-23T14:00:22.510Z</time>
      </trkpt>
      <trkpt lat="38.883498" lon="-0.035765">
        <ele>2.523625</ele>
        <time>2026-02-23T14:00:29.484Z</time>
      </trkpt>
      <trkpt lat="38.883999" lon="-0.036370">
        <ele>2.487602</ele>
        <time>2026-02-23T14:00:40.215Z</time>
      </trkpt>
      <trkpt lat="38.884280" lon="-0.036709">
        <ele>2.467407</ele>
        <time>2026-02-23T14:00:46.078Z</time>
      </trkpt>
      <trkpt lat="38.884413" lon="-0.036916">
        <ele>2.456462</ele>
        <time>2026-02-23T14:00:49.069Z</time>
      </trkpt>
      <trkpt lat="38.884558" lon="-0.037214">
        <ele>2.442130</ele>
        <time>2026-02-23T14:00:52.756Z</time>
      </trkpt>
      <trkpt lat="38.884690" lon="-0.037602">
        <ele>2.370505</ele>
        <time>2026-02-23T14:00:57.116Z</time>
      </trkpt>
      <trkpt lat="38.884704" lon="-0.037631">
        <ele>2.363602</ele>
        <time>2026-02-23T14:00:58.034Z</time>
      </trkpt>
      <trkpt lat="38.884786" lon="-0.037618">
        <ele>2.342131</ele>
        <time>2026-02-23T14:01:00.972Z</time>
      </trkpt>
      <trkpt lat="38.884797" lon="-0.037652">
        <ele>2.334683</ele>
        <time>2026-02-23T14:01:04.068Z</time>
      </trkpt>
      <trkpt lat="38.884938" lon="-0.037627">
        <ele>2.297693</ele>
        <time>2026-02-23T14:01:19.620Z</time>
      </trkpt>
      <trkpt lat="38.884969" lon="-0.037923">
        <ele>2.237277</ele>
        <time>2026-02-23T14:01:45.075Z</time>
      </trkpt>
      <trkpt lat="38.885087" lon="-0.037931">
        <ele>2.206569</ele>
        <time>2026-02-23T14:01:58.004Z</time>
      </trkpt>
      <trkpt lat="38.885106" lon="-0.037964">
        <ele>2.198266</ele>
        <time>2026-02-23T14:01:59.140Z</time>
      </trkpt>
      <trkpt lat="38.885038" lon="-0.037987">
        <ele>2.179992</ele>
        <time>2026-02-23T14:02:01.657Z</time>
      </trkpt>
      <trkpt lat="38.885028" lon="-0.038060">
        <ele>2.164998</ele>
        <time>2026-02-23T14:02:03.682Z</time>
      </trkpt>
      <trkpt lat="38.885169" lon="-0.038144">
        <ele>2.124608</ele>
        <time>2026-02-23T14:02:09.263Z</time>
      </trkpt>
      <trkpt lat="38.885112" lon="-0.038244">
        <ele>2.099535</ele>
        <time>2026-02-23T14:02:11.145Z</time>
      </trkpt>
      <trkpt lat="38.884407" lon="-0.039081">
        <ele>1.968592</ele>
        <time>2026-02-23T14:02:30.534Z</time>
      </trkpt>
      <trkpt lat="38.884544" lon="-0.039267">
        <ele>1.967490</ele>
        <time>2026-02-23T14:02:34.706Z</time>
      </trkpt>
      <trkpt lat="38.884793" lon="-0.039590">
        <ele>1.965535</ele>
        <time>2026-02-23T14:02:42.007Z</time>
      </trkpt>
      <trkpt lat="38.884665" lon="-0.039844">
        <ele>1.964233</ele>
        <time>2026-02-23T14:02:46.776Z</time>
      </trkpt>
      <trkpt lat="38.884427" lon="-0.040347">
        <ele>1.961701</ele>
        <time>2026-02-23T14:02:55.933Z</time>
      </trkpt>
      <trkpt lat="38.884270" lon="-0.040691">
        <ele>1.939876</ele>
        <time>2026-02-23T14:03:02.079Z</time>
      </trkpt>
      <trkpt lat="38.884196" lon="-0.040841">
        <ele>1.926740</ele>
        <time>2026-02-23T14:03:04.804Z</time>
      </trkpt>
      <trkpt lat="38.884167" lon="-0.040900">
        <ele>1.921578</ele>
        <time>2026-02-23T14:03:05.864Z</time>
      </trkpt>
      <trkpt lat="38.882894" lon="-0.043691">
        <ele>1.686878</ele>
        <time>2026-02-23T14:03:55.996Z</time>
      </trkpt>
      <trkpt lat="38.882017" lon="-0.045734">
        <ele>1.507504</ele>
        <time>2026-02-23T14:04:31.906Z</time>
      </trkpt>
      <trkpt lat="38.882566" lon="-0.046637">
        <ele>1.436582</ele>
        <time>2026-02-23T14:04:49.509Z</time>
      </trkpt>
      <trkpt lat="38.883849" lon="-0.048467">
        <ele>1.504435</ele>
        <time>2026-02-23T14:05:28.062Z</time>
      </trkpt>
      <trkpt lat="38.884013" lon="-0.048706">
        <ele>1.569093</ele>
        <time>2026-02-23T14:05:33.294Z</time>
      </trkpt>
      <trkpt lat="38.884516" lon="-0.049426">
        <ele>1.765426</ele>
        <time>2026-02-23T14:05:49.861Z</time>
      </trkpt>
      <trkpt lat="38.884622" lon="-0.049587">
        <ele>1.808219</ele>
        <time>2026-02-23T14:05:53.491Z</time>
      </trkpt>
      <trkpt lat="38.884803" lon="-0.049852">
        <ele>1.878495</ele>
        <time>2026-02-23T14:05:59.514Z</time>
      </trkpt>
      <trkpt lat="38.884896" lon="-0.049993">
        <ele>1.889476</ele>
        <time>2026-02-23T14:06:02.650Z</time>
      </trkpt>
      <trkpt lat="38.885169" lon="-0.050408">
        <ele>1.921763</ele>
        <time>2026-02-23T14:06:11.669Z</time>
      </trkpt>
      <trkpt lat="38.885613" lon="-0.051083">
        <ele>1.974274</ele>
        <time>2026-02-23T14:06:25.596Z</time>
      </trkpt>
      <trkpt lat="38.886500" lon="-0.052381">
        <ele>1.996174</ele>
        <time>2026-02-23T14:06:51.871Z</time>
      </trkpt>
      <trkpt lat="38.887235" lon="-0.053426">
        <ele>1.949768</ele>
        <time>2026-02-23T14:07:14.550Z</time>
      </trkpt>
      <trkpt lat="38.887673" lon="-0.054094">
        <ele>1.801191</ele>
        <time>2026-02-23T14:07:28.111Z</time>
      </trkpt>
      <trkpt lat="38.888360" lon="-0.055134">
        <ele>1.569121</ele>
        <time>2026-02-23T14:07:48.132Z</time>
      </trkpt>
      <trkpt lat="38.889773" lon="-0.057179">
        <ele>1.167337</ele>
        <time>2026-02-23T14:08:29.615Z</time>
      </trkpt>
      <trkpt lat="38.890368" lon="-0.058075">
        <ele>1.123906</ele>
        <time>2026-02-23T14:08:47.969Z</time>
      </trkpt>
      <trkpt lat="38.891359" lon="-0.059678">
        <ele>1.100024</ele>
        <time>2026-02-23T14:09:20.256Z</time>
      </trkpt>
      <trkpt lat="38.892141" lon="-0.060941">
        <ele>1.100024</ele>
        <time>2026-02-23T14:09:45.729Z</time>
      </trkpt>
      <trkpt lat="38.892905" lon="-0.062343">
        <ele>1.103006</ele>
        <time>2026-02-23T14:10:12.617Z</time>
      </trkpt>
      <trkpt lat="38.893197" lon="-0.062827">
        <ele>1.120729</ele>
        <time>2026-02-23T14:10:22.210Z</time>
      </trkpt>
      <trkpt lat="38.893591" lon="-0.063479">
        <ele>1.144617</ele>
        <time>2026-02-23T14:10:35.412Z</time>
      </trkpt>
      <trkpt lat="38.893674" lon="-0.063570">
        <ele>1.148674</ele>
        <time>2026-02-23T14:10:37.632Z</time>
      </trkpt>
      <trkpt lat="38.893849" lon="-0.063658">
        <ele>1.155662</ele>
        <time>2026-02-23T14:10:41.456Z</time>
      </trkpt>
      <trkpt lat="38.893903" lon="-0.063663">
        <ele>1.157675</ele>
        <time>2026-02-23T14:10:42.544Z</time>
      </trkpt>
      <trkpt lat="38.893919" lon="-0.063667">
        <ele>1.158281</ele>
        <time>2026-02-23T14:10:42.892Z</time>
      </trkpt>
      <trkpt lat="38.894023" lon="-0.063756">
        <ele>1.162927</ele>
        <time>2026-02-23T14:10:45.430Z</time>
      </trkpt>
      <trkpt lat="38.894057" lon="-0.063836">
        <ele>1.165565</ele>
        <time>2026-02-23T14:10:46.867Z</time>
      </trkpt>
      <trkpt lat="38.894053" lon="-0.064015">
        <ele>1.157421</ele>
        <time>2026-02-23T14:10:49.679Z</time>
      </trkpt>
      <trkpt lat="38.894072" lon="-0.064145">
        <ele>1.147978</ele>
        <time>2026-02-23T14:10:51.761Z</time>
      </trkpt>
      <trkpt lat="38.894116" lon="-0.064246">
        <ele>1.139715</ele>
        <time>2026-02-23T14:10:53.570Z</time>
      </trkpt>
      <trkpt lat="38.895613" lon="-0.066422">
        <ele>1.020982</ele>
        <time>2026-02-23T14:11:38.139Z</time>
      </trkpt>
      <trkpt lat="38.896315" lon="-0.067371">
        <ele>1.046595</ele>
        <time>2026-02-23T14:11:59.243Z</time>
      </trkpt>
      <trkpt lat="38.897324" lon="-0.068588">
        <ele>1.328442</ele>
        <time>2026-02-23T14:12:28.972Z</time>
      </trkpt>
      <trkpt lat="38.897765" lon="-0.069168">
        <ele>1.393517</ele>
        <time>2026-02-23T14:12:41.898Z</time>
      </trkpt>
      <trkpt lat="38.898191" lon="-0.069815">
        <ele>1.308855</ele>
        <time>2026-02-23T14:12:54.940Z</time>
      </trkpt>
      <trkpt lat="38.898393" lon="-0.070213">
        <ele>1.261387</ele>
        <time>2026-02-23T14:13:01.985Z</time>
      </trkpt>
      <trkpt lat="38.898544" lon="-0.070529">
        <ele>1.224344</ele>
        <time>2026-02-23T14:13:07.574Z</time>
      </trkpt>
      <trkpt lat="38.898676" lon="-0.070828">
        <ele>1.190003</ele>
        <time>2026-02-23T14:13:12.828Z</time>
      </trkpt>
      <trkpt lat="38.898759" lon="-0.071006">
        <ele>1.194497</ele>
        <time>2026-02-23T14:13:16.018Z</time>
      </trkpt>
      <trkpt lat="38.898785" lon="-0.071039">
        <ele>1.196246</ele>
        <time>2026-02-23T14:13:16.748Z</time>
      </trkpt>
      <trkpt lat="38.898896" lon="-0.071142">
        <ele>1.202800</ele>
        <time>2026-02-23T14:13:19.461Z</time>
      </trkpt>
      <trkpt lat="38.898991" lon="-0.071223">
        <ele>1.208257</ele>
        <time>2026-02-23T14:13:21.717Z</time>
      </trkpt>
      <trkpt lat="38.899248" lon="-0.071618">
        <ele>1.227436</ele>
        <time>2026-02-23T14:13:29.664Z</time>
      </trkpt>
      <trkpt lat="38.899892" lon="-0.072477">
        <ele>1.271867</ele>
        <time>2026-02-23T14:13:48.968Z</time>
      </trkpt>
      <trkpt lat="38.900272" lon="-0.072937">
        <ele>1.446964</ele>
        <time>2026-02-23T14:14:00.183Z</time>
      </trkpt>
      <trkpt lat="38.900745" lon="-0.073606">
        <ele>1.699257</ele>
        <time>2026-02-23T14:14:15.798Z</time>
      </trkpt>
      <trkpt lat="38.901425" lon="-0.074490">
        <ele>1.934690</ele>
        <time>2026-02-23T14:14:36.733Z</time>
      </trkpt>
      <trkpt lat="38.901953" lon="-0.075289">
        <ele>1.971071</ele>
        <time>2026-02-23T14:14:53.492Z</time>
      </trkpt>
      <trkpt lat="38.902721" lon="-0.076586">
        <ele>1.934847</ele>
        <time>2026-02-23T14:15:18.205Z</time>
      </trkpt>
      <trkpt lat="38.903476" lon="-0.077664">
        <ele>1.821663</ele>
        <time>2026-02-23T14:15:40.544Z</time>
      </trkpt>
      <trkpt lat="38.903718" lon="-0.078096">
        <ele>1.842925</ele>
        <time>2026-02-23T14:15:48.917Z</time>
      </trkpt>
      <trkpt lat="38.904037" lon="-0.078562">
        <ele>1.873346</ele>
        <time>2026-02-23T14:15:58.772Z</time>
      </trkpt>
      <trkpt lat="38.904842" lon="-0.079989">
        <ele>2.047437</ele>
        <time>2026-02-23T14:16:27.221Z</time>
      </trkpt>
      <trkpt lat="38.904854" lon="-0.080012">
        <ele>2.053084</ele>
        <time>2026-02-23T14:16:27.675Z</time>
      </trkpt>
      <trkpt lat="38.904962" lon="-0.080216">
        <ele>2.103400</ele>
        <time>2026-02-23T14:16:31.807Z</time>
      </trkpt>
      <trkpt lat="38.904981" lon="-0.080252">
        <ele>2.112270</ele>
        <time>2026-02-23T14:16:32.534Z</time>
      </trkpt>
      <trkpt lat="38.905858" lon="-0.081931">
        <ele>2.461408</ele>
        <time>2026-02-23T14:17:06.414Z</time>
      </trkpt>
      <trkpt lat="38.906000" lon="-0.082198">
        <ele>2.492982</ele>
        <time>2026-02-23T14:17:11.617Z</time>
      </trkpt>
      <trkpt lat="38.906213" lon="-0.082601">
        <ele>2.540544</ele>
        <time>2026-02-23T14:17:19.314Z</time>
      </trkpt>
      <trkpt lat="38.906244" lon="-0.082656">
        <ele>2.547174</ele>
        <time>2026-02-23T14:17:20.393Z</time>
      </trkpt>
      <trkpt lat="38.906423" lon="-0.083011">
        <ele>2.588473</ele>
        <time>2026-02-23T14:17:26.949Z</time>
      </trkpt>
      <trkpt lat="38.906447" lon="-0.083058">
        <ele>2.593961</ele>
        <time>2026-02-23T14:17:27.804Z</time>
      </trkpt>
      <trkpt lat="38.907188" lon="-0.084482">
        <ele>2.759317</ele>
        <time>2026-02-23T14:17:55.414Z</time>
      </trkpt>
      <trkpt lat="38.907353" lon="-0.084896">
        <ele>2.804080</ele>
        <time>2026-02-23T14:18:03.096Z</time>
      </trkpt>
      <trkpt lat="38.907656" lon="-0.085542">
        <ele>2.899745</ele>
        <time>2026-02-23T14:18:15.402Z</time>
      </trkpt>
      <trkpt lat="38.908150" lon="-0.086450">
        <ele>3.103837</ele>
        <time>2026-02-23T14:18:33.040Z</time>
      </trkpt>
      <trkpt lat="38.908322" lon="-0.086891">
        <ele>3.194707</ele>
        <time>2026-02-23T14:18:41.166Z</time>
      </trkpt>
      <trkpt lat="38.908379" lon="-0.087119">
        <ele>3.238821</ele>
        <time>2026-02-23T14:18:45.200Z</time>
      </trkpt>
      <trkpt lat="38.908441" lon="-0.087744">
        <ele>3.469703</ele>
        <time>2026-02-23T14:18:56.092Z</time>
      </trkpt>
      <trkpt lat="38.908470" lon="-0.088308">
        <ele>3.727744</ele>
        <time>2026-02-23T14:19:06.102Z</time>
      </trkpt>
      <trkpt lat="38.908412" lon="-0.089056">
        <ele>4.070917</ele>
        <time>2026-02-23T14:19:19.801Z</time>
      </trkpt>
      <trkpt lat="38.908413" lon="-0.089337">
        <ele>4.199202</ele>
        <time>2026-02-23T14:19:24.817Z</time>
      </trkpt>
      <trkpt lat="38.908424" lon="-0.089424">
        <ele>4.239440</ele>
        <time>2026-02-23T14:19:26.377Z</time>
      </trkpt>
      <trkpt lat="38.908662" lon="-0.090168">
        <ele>4.501606</ele>
        <time>2026-02-23T14:19:40.203Z</time>
      </trkpt>
      <trkpt lat="38.908689" lon="-0.090842">
        <ele>4.691663</ele>
        <time>2026-02-23T14:19:48.511Z</time>
      </trkpt>
      <trkpt lat="38.908647" lon="-0.091163">
        <ele>4.783330</ele>
        <time>2026-02-23T14:19:52.477Z</time>
      </trkpt>
      <trkpt lat="38.908541" lon="-0.091641">
        <ele>4.923299</ele>
        <time>2026-02-23T14:19:58.610Z</time>
      </trkpt>
      <trkpt lat="38.908451" lon="-0.092259">
        <ele>5.140185</ele>
        <time>2026-02-23T14:20:06.555Z</time>
      </trkpt>
      <trkpt lat="38.908443" lon="-0.092660">
        <ele>5.291606</ele>
        <time>2026-02-23T14:20:11.730Z</time>
      </trkpt>
      <trkpt lat="38.908578" lon="-0.093733">
        <ele>5.701908</ele>
        <time>2026-02-23T14:20:26.175Z</time>
      </trkpt>
      <trkpt lat="38.908744" lon="-0.095722">
        <ele>6.524801</ele>
        <time>2026-02-23T14:20:52.390Z</time>
      </trkpt>
      <trkpt lat="38.908765" lon="-0.096082">
        <ele>6.676439</ele>
        <time>2026-02-23T14:20:57.155Z</time>
      </trkpt>
      <trkpt lat="38.908741" lon="-0.096184">
        <ele>6.721199</ele>
        <time>2026-02-23T14:20:58.590Z</time>
      </trkpt>
      <trkpt lat="38.908507" lon="-0.096690">
        <ele>6.932257</ele>
        <time>2026-02-23T14:21:06.541Z</time>
      </trkpt>
      <trkpt lat="38.908140" lon="-0.097213">
        <ele>7.152499</ele>
        <time>2026-02-23T14:21:16.021Z</time>
      </trkpt>
      <trkpt lat="38.907954" lon="-0.097407">
        <ele>7.248774</ele>
        <time>2026-02-23T14:21:20.203Z</time>
      </trkpt>
      <trkpt lat="38.908010" lon="-0.097627">
        <ele>7.321164</ele>
        <time>2026-02-23T14:21:23.244Z</time>
      </trkpt>
      <trkpt lat="38.908143" lon="-0.097836">
        <ele>7.405599</ele>
        <time>2026-02-23T14:21:26.610Z</time>
      </trkpt>
      <trkpt lat="38.908286" lon="-0.097981">
        <ele>7.478805</ele>
        <time>2026-02-23T14:21:29.297Z</time>
      </trkpt>
      <trkpt lat="38.908395" lon="-0.098048">
        <ele>7.527365</ele>
        <time>2026-02-23T14:21:31.033Z</time>
      </trkpt>
      <trkpt lat="38.908571" lon="-0.098131">
        <ele>7.566812</ele>
        <time>2026-02-23T14:21:33.746Z</time>
      </trkpt>
      <trkpt lat="38.908954" lon="-0.098250">
        <ele>7.617996</ele>
        <time>2026-02-23T14:21:39.396Z</time>
      </trkpt>
      <trkpt lat="38.909071" lon="-0.098264">
        <ele>7.633260</ele>
        <time>2026-02-23T14:21:41.114Z</time>
      </trkpt>
      <trkpt lat="38.909180" lon="-0.098215">
        <ele>7.648260</ele>
        <time>2026-02-23T14:21:42.821Z</time>
      </trkpt>
      <trkpt lat="38.909202" lon="-0.098122">
        <ele>7.658085</ele>
        <time>2026-02-23T14:21:43.941Z</time>
      </trkpt>
      <trkpt lat="38.909296" lon="-0.098035">
        <ele>7.673132</ele>
        <time>2026-02-23T14:21:45.673Z</time>
      </trkpt>
      <trkpt lat="38.909398" lon="-0.098050">
        <ele>7.686468</ele>
        <time>2026-02-23T14:21:47.225Z</time>
      </trkpt>
      <trkpt lat="38.909469" lon="-0.098144">
        <ele>7.699709</ele>
        <time>2026-02-23T14:21:48.762Z</time>
      </trkpt>
      <trkpt lat="38.909481" lon="-0.098248">
        <ele>7.710336</ele>
        <time>2026-02-23T14:21:50.002Z</time>
      </trkpt>
      <trkpt lat="38.909421" lon="-0.098381">
        <ele>7.725876</ele>
        <time>2026-02-23T14:21:51.823Z</time>
      </trkpt>
      <trkpt lat="38.909399" lon="-0.098398">
        <ele>7.729210</ele>
        <time>2026-02-23T14:21:52.210Z</time>
      </trkpt>
      <trkpt lat="38.909317" lon="-0.098418">
        <ele>7.740052</ele>
        <time>2026-02-23T14:21:53.504Z</time>
      </trkpt>
      <trkpt lat="38.909227" lon="-0.098578">
        <ele>7.760007</ele>
        <time>2026-02-23T14:21:55.911Z</time>
      </trkpt>
      <trkpt lat="38.908885" lon="-0.099710">
        <ele>8.284229</ele>
        <time>2026-02-23T14:22:12.333Z</time>
      </trkpt>
      <trkpt lat="38.908889" lon="-0.099913">
        <ele>8.387622</ele>
        <time>2026-02-23T14:22:15.204Z</time>
      </trkpt>
      <trkpt lat="38.908929" lon="-0.099993">
        <ele>8.436039</ele>
        <time>2026-02-23T14:22:16.496Z</time>
      </trkpt>
      <trkpt lat="38.908928" lon="-0.100117">
        <ele>8.499178</ele>
        <time>2026-02-23T14:22:18.230Z</time>
      </trkpt>
      <trkpt lat="38.908864" lon="-0.100219">
        <ele>8.565893</ele>
        <time>2026-02-23T14:22:20.025Z</time>
      </trkpt>
      <trkpt lat="38.908825" lon="-0.100241">
        <ele>8.593762</ele>
        <time>2026-02-23T14:22:20.782Z</time>
      </trkpt>
      <trkpt lat="38.908750" lon="-0.100243">
        <ele>8.642847</ele>
        <time>2026-02-23T14:22:22.098Z</time>
      </trkpt>
      <trkpt lat="38.908683" lon="-0.100197">
        <ele>8.692551</ele>
        <time>2026-02-23T14:22:23.454Z</time>
      </trkpt>
      <trkpt lat="38.908636" lon="-0.100087">
        <ele>8.756446</ele>
        <time>2026-02-23T14:22:25.164Z</time>
      </trkpt>
      <trkpt lat="38.908604" lon="-0.100024">
        <ele>8.794752</ele>
        <time>2026-02-23T14:22:26.197Z</time>
      </trkpt>
      <trkpt lat="38.908510" lon="-0.099952">
        <ele>8.866355</ele>
        <time>2026-02-23T14:22:28.120Z</time>
      </trkpt>
      <trkpt lat="38.908404" lon="-0.099947">
        <ele>8.935761</ele>
        <time>2026-02-23T14:22:29.971Z</time>
      </trkpt>
      <trkpt lat="38.908310" lon="-0.099984">
        <ele>9.007687</ele>
        <time>2026-02-23T14:22:31.716Z</time>
      </trkpt>
      <trkpt lat="38.908210" lon="-0.100079">
        <ele>9.104561</ele>
        <time>2026-02-23T14:22:33.893Z</time>
      </trkpt>
      <trkpt lat="38.908114" lon="-0.100270">
        <ele>9.242393</ele>
        <time>2026-02-23T14:22:37.007Z</time>
      </trkpt>
      <trkpt lat="38.908035" lon="-0.101113">
        <ele>9.757094</ele>
        <time>2026-02-23T14:22:48.738Z</time>
      </trkpt>
      <trkpt lat="38.907918" lon="-0.101673">
        <ele>10.108578</ele>
        <time>2026-02-23T14:22:56.922Z</time>
      </trkpt>
      <trkpt lat="38.907832" lon="-0.101962">
        <ele>10.296137</ele>
        <time>2026-02-23T14:23:01.291Z</time>
      </trkpt>
      <trkpt lat="38.907264" lon="-0.103355">
        <ele>11.233750</ele>
        <time>2026-02-23T14:23:23.514Z</time>
      </trkpt>
      <trkpt lat="38.905942" lon="-0.106371">
        <ele>13.125881</ele>
        <time>2026-02-23T14:24:10.785Z</time>
      </trkpt>
      <trkpt lat="38.905885" lon="-0.106570">
        <ele>13.258345</ele>
        <time>2026-02-23T14:24:13.620Z</time>
      </trkpt>
      <trkpt lat="38.905786" lon="-0.107376">
        <ele>13.768066</ele>
        <time>2026-02-23T14:24:24.647Z</time>
      </trkpt>
      <trkpt lat="38.905725" lon="-0.107595">
        <ele>13.913370</ele>
        <time>2026-02-23T14:24:27.947Z</time>
      </trkpt>
      <trkpt lat="38.905607" lon="-0.107755">
        <ele>14.051073</ele>
        <time>2026-02-23T14:24:31.121Z</time>
      </trkpt>
      <trkpt lat="38.905450" lon="-0.107874">
        <ele>14.197392</ele>
        <time>2026-02-23T14:24:34.530Z</time>
      </trkpt>
      <trkpt lat="38.905261" lon="-0.107935">
        <ele>14.353822</ele>
        <time>2026-02-23T14:24:38.221Z</time>
      </trkpt>
      <trkpt lat="38.905029" lon="-0.107959">
        <ele>14.611578</ele>
        <time>2026-02-23T14:24:42.694Z</time>
      </trkpt>
      <trkpt lat="38.905039" lon="-0.108079">
        <ele>14.720225</ele>
        <time>2026-02-23T14:24:44.486Z</time>
      </trkpt>
      <trkpt lat="38.905023" lon="-0.108199">
        <ele>14.829829</ele>
        <time>2026-02-23T14:24:46.304Z</time>
      </trkpt>
      <trkpt lat="38.904980" lon="-0.108308">
        <ele>14.939845</ele>
        <time>2026-02-23T14:24:48.128Z</time>
      </trkpt>
      <trkpt lat="38.904837" lon="-0.108456">
        <ele>15.152258</ele>
        <time>2026-02-23T14:24:51.681Z</time>
      </trkpt>
      <trkpt lat="38.904654" lon="-0.108481">
        <ele>15.365154</ele>
        <time>2026-02-23T14:24:55.257Z</time>
      </trkpt>
      <trkpt lat="38.904647" lon="-0.108623">
        <ele>15.493247</ele>
        <time>2026-02-23T14:25:08.157Z</time>
      </trkpt>
      <trkpt lat="38.904602" lon="-0.109109">
        <ele>15.933856</ele>
        <time>2026-02-23T14:25:52.446Z</time>
      </trkpt>
      <trkpt lat="38.904532" lon="-0.109390">
        <ele>16.199473</ele>
        <time>2026-02-23T14:26:19.170Z</time>
      </trkpt>
      <trkpt lat="38.904422" lon="-0.109759">
        <ele>16.533333</ele>
        <time>2026-02-23T14:26:55.011Z</time>
      </trkpt>
      <trkpt lat="38.904246" lon="-0.110190">
        <ele>16.870142</ele>
        <time>2026-02-23T14:27:38.892Z</time>
      </trkpt>
      <trkpt lat="38.904061" lon="-0.110511">
        <ele>17.146549</ele>
        <time>2026-02-23T14:28:14.415Z</time>
      </trkpt>
      <trkpt lat="38.903866" lon="-0.110787">
        <ele>17.404506</ele>
        <time>2026-02-23T14:28:47.603Z</time>
      </trkpt>
      <trkpt lat="38.903665" lon="-0.111003">
        <ele>17.637499</ele>
        <time>2026-02-23T14:29:17.644Z</time>
      </trkpt>
      <trkpt lat="38.904057" lon="-0.111520">
        <ele>18.120699</ele>
        <time>2026-02-23T14:30:21.831Z</time>
      </trkpt>
      <trkpt lat="38.903584" lon="-0.111981">
        <ele>18.536859</ele>
        <time>2026-02-23T14:31:28.957Z</time>
      </trkpt>
      <trkpt lat="38.903055" lon="-0.111955">
        <ele>18.907964</ele>
        <time>2026-02-23T14:32:29.088Z</time>
      </trkpt>
      <trkpt lat="38.902395" lon="-0.112079">
        <ele>19.409446</ele>
        <time>2026-02-23T14:33:45.388Z</time>
      </trkpt>
      <trkpt lat="38.902398" lon="-0.112099">
        <ele>19.427449</ele>
        <time>2026-02-23T14:33:46.024Z</time>
      </trkpt>
      <trkpt lat="38.902471" lon="-0.114253">
        <ele>21.333112</ele>
        <time>2026-02-23T14:34:18.893Z</time>
      </trkpt>
      <trkpt lat="38.902233" lon="-0.114228">
        <ele>21.574317</ele>
        <time>2026-02-23T14:34:23.687Z</time>
      </trkpt>
      <trkpt lat="38.902165" lon="-0.114221">
        <ele>21.642133</ele>
        <time>2026-02-23T14:34:25.458Z</time>
      </trkpt>
      <trkpt lat="38.901950" lon="-0.114198">
        <ele>21.856605</ele>
        <time>2026-02-23T14:34:30.970Z</time>
      </trkpt>
      <trkpt lat="38.901716" lon="-0.114184">
        <ele>22.089478</ele>
        <time>2026-02-23T14:34:37.016Z</time>
      </trkpt>
      <trkpt lat="38.901248" lon="-0.114157">
        <ele>22.555188</ele>
        <time>2026-02-23T14:34:49.162Z</time>
      </trkpt>
      <trkpt lat="38.901001" lon="-0.114141">
        <ele>22.801044</ele>
        <time>2026-02-23T14:34:54.944Z</time>
      </trkpt>
      <trkpt lat="38.900383" lon="-0.114098">
        <ele>23.064736</ele>
        <time>2026-02-23T14:35:07.832Z</time>
      </trkpt>
      <trkpt lat="38.900231" lon="-0.114072">
        <ele>23.014583</ele>
        <time>2026-02-23T14:35:10.957Z</time>
      </trkpt>
      <trkpt lat="38.900031" lon="-0.113980">
        <ele>22.945104</ele>
        <time>2026-02-23T14:35:15.164Z</time>
      </trkpt>
      <trkpt lat="38.899792" lon="-0.113930">
        <ele>22.865906</ele>
        <time>2026-02-23T14:35:19.559Z</time>
      </trkpt>
      <trkpt lat="38.899502" lon="-0.113913">
        <ele>22.770957</ele>
        <time>2026-02-23T14:35:24.574Z</time>
      </trkpt>
      <trkpt lat="38.899256" lon="-0.113954">
        <ele>22.689825</ele>
        <time>2026-02-23T14:35:28.761Z</time>
      </trkpt>
      <trkpt lat="38.899011" lon="-0.114170">
        <ele>22.592644</ele>
        <time>2026-02-23T14:35:34.004Z</time>
      </trkpt>
      <trkpt lat="38.898833" lon="-0.114316">
        <ele>22.696535</ele>
        <time>2026-02-23T14:35:38.264Z</time>
      </trkpt>
      <trkpt lat="38.898476" lon="-0.114788">
        <ele>23.254979</ele>
        <time>2026-02-23T14:35:50.045Z</time>
      </trkpt>
      <trkpt lat="38.898296" lon="-0.114954">
        <ele>23.496529</ele>
        <time>2026-02-23T14:35:55.442Z</time>
      </trkpt>
      <trkpt lat="38.897988" lon="-0.115161">
        <ele>23.875472</ele>
        <time>2026-02-23T14:36:04.256Z</time>
      </trkpt>
      <trkpt lat="38.897905" lon="-0.115262">
        <ele>24.000098</ele>
        <time>2026-02-23T14:36:07.442Z</time>
      </trkpt>
      <trkpt lat="38.897782" lon="-0.115662">
        <ele>24.365018</ele>
        <time>2026-02-23T14:36:17.085Z</time>
      </trkpt>
      <trkpt lat="38.897599" lon="-0.115991">
        <ele>24.750227</ele>
        <time>2026-02-23T14:36:26.448Z</time>
      </trkpt>
      <trkpt lat="38.897441" lon="-0.116175">
        <ele>25.035960</ele>
        <time>2026-02-23T14:36:32.420Z</time>
      </trkpt>
      <trkpt lat="38.897253" lon="-0.116295">
        <ele>25.317245</ele>
        <time>2026-02-23T14:36:37.834Z</time>
      </trkpt>
      <trkpt lat="38.895690" lon="-0.116461">
        <ele>27.301403</ele>
        <time>2026-02-23T14:37:15.803Z</time>
      </trkpt>
      <trkpt lat="38.895229" lon="-0.116582">
        <ele>27.779093</ele>
        <time>2026-02-23T14:37:27.388Z</time>
      </trkpt>
      <trkpt lat="38.894885" lon="-0.116625">
        <ele>28.129983</ele>
        <time>2026-02-23T14:37:35.860Z</time>
      </trkpt>
      <trkpt lat="38.894588" lon="-0.116633">
        <ele>28.431575</ele>
        <time>2026-02-23T14:37:43.098Z</time>
      </trkpt>
      <trkpt lat="38.893793" lon="-0.116564">
        <ele>29.405424</ele>
        <time>2026-02-23T14:38:02.346Z</time>
      </trkpt>
      <trkpt lat="38.893598" lon="-0.116606">
        <ele>29.675121</ele>
        <time>2026-02-23T14:38:07.118Z</time>
      </trkpt>
      <trkpt lat="38.893432" lon="-0.116687">
        <ele>29.917329</ele>
        <time>2026-02-23T14:38:11.486Z</time>
      </trkpt>
      <trkpt lat="38.892930" lon="-0.117008">
        <ele>30.682187</ele>
        <time>2026-02-23T14:38:26.101Z</time>
      </trkpt>
      <trkpt lat="38.892542" lon="-0.117218">
        <ele>31.277410</ele>
        <time>2026-02-23T14:38:37.820Z</time>
      </trkpt>
      <trkpt lat="38.892064" lon="-0.117306">
        <ele>32.260444</ele>
        <time>2026-02-23T14:38:51.268Z</time>
      </trkpt>
      <trkpt lat="38.891925" lon="-0.117363">
        <ele>32.557479</ele>
        <time>2026-02-23T14:38:55.449Z</time>
      </trkpt>
      <trkpt lat="38.891613" lon="-0.117562">
        <ele>33.266599</ele>
        <time>2026-02-23T14:39:05.661Z</time>
      </trkpt>
      <trkpt lat="38.891371" lon="-0.117730">
        <ele>33.826572</ele>
        <time>2026-02-23T14:39:13.813Z</time>
      </trkpt>
      <trkpt lat="38.890762" lon="-0.118256">
        <ele>35.155226</ele>
        <time>2026-02-23T14:39:34.707Z</time>
      </trkpt>
      <trkpt lat="38.890241" lon="-0.118802">
        <ele>36.015608</ele>
        <time>2026-02-23T14:39:52.047Z</time>
      </trkpt>
      <trkpt lat="38.890118" lon="-0.118956">
        <ele>36.235387</ele>
        <time>2026-02-23T14:39:56.309Z</time>
      </trkpt>
      <trkpt lat="38.889776" lon="-0.119294">
        <ele>36.787544</ele>
        <time>2026-02-23T14:40:06.622Z</time>
      </trkpt>
      <trkpt lat="38.889373" lon="-0.119584">
        <ele>37.363658</ele>
        <time>2026-02-23T14:40:17.240Z</time>
      </trkpt>
      <trkpt lat="38.888818" lon="-0.119841">
        <ele>38.062451</ele>
        <time>2026-02-23T14:40:30.858Z</time>
      </trkpt>
      <trkpt lat="38.888083" lon="-0.120077">
        <ele>38.959833</ele>
        <time>2026-02-23T14:40:50.023Z</time>
      </trkpt>
      <trkpt lat="38.887895" lon="-0.120225">
        <ele>39.221000</ele>
        <time>2026-02-23T14:40:56.018Z</time>
      </trkpt>
      <trkpt lat="38.887415" lon="-0.120721">
        <ele>40.430827</ele>
        <time>2026-02-23T14:41:13.623Z</time>
      </trkpt>
      <trkpt lat="38.886828" lon="-0.121466">
        <ele>42.138167</ele>
        <time>2026-02-23T14:41:37.870Z</time>
      </trkpt>
      <trkpt lat="38.886475" lon="-0.121806">
        <ele>43.045965</ele>
        <time>2026-02-23T14:41:50.618Z</time>
      </trkpt>
      <trkpt lat="38.885812" lon="-0.122398">
        <ele>44.323168</ele>
        <time>2026-02-23T14:42:12.378Z</time>
      </trkpt>
      <trkpt lat="38.885505" lon="-0.122673">
        <ele>44.915190</ele>
        <time>2026-02-23T14:42:21.699Z</time>
      </trkpt>
      <trkpt lat="38.885371" lon="-0.122824">
        <ele>45.197147</ele>
        <time>2026-02-23T14:42:26.169Z</time>
      </trkpt>
      <trkpt lat="38.885264" lon="-0.123011">
        <ele>45.482919</ele>
        <time>2026-02-23T14:42:30.812Z</time>
      </trkpt>
      <trkpt lat="38.884984" lon="-0.123786">
        <ele>46.631695</ele>
        <time>2026-02-23T14:42:48.404Z</time>
      </trkpt>
      <trkpt lat="38.884795" lon="-0.124240">
        <ele>47.358494</ele>
        <time>2026-02-23T14:42:59.343Z</time>
      </trkpt>
      <trkpt lat="38.884667" lon="-0.124433">
        <ele>47.716428</ele>
        <time>2026-02-23T14:43:04.803Z</time>
      </trkpt>
      <trkpt lat="38.884523" lon="-0.124613">
        <ele>48.080800</ele>
        <time>2026-02-23T14:43:10.468Z</time>
      </trkpt>
      <trkpt lat="38.884070" lon="-0.124996">
        <ele>49.064287</ele>
        <time>2026-02-23T14:43:25.970Z</time>
      </trkpt>
      <trkpt lat="38.883966" lon="-0.125111">
        <ele>49.270226</ele>
        <time>2026-02-23T14:43:29.813Z</time>
      </trkpt>
      <trkpt lat="38.883611" lon="-0.125682">
        <ele>50.051212</ele>
        <time>2026-02-23T14:43:45.296Z</time>
      </trkpt>
      <trkpt lat="38.883377" lon="-0.126088">
        <ele>50.591102</ele>
        <time>2026-02-23T14:43:55.596Z</time>
      </trkpt>
      <trkpt lat="38.883035" lon="-0.126850">
        <ele>51.531138</ele>
        <time>2026-02-23T14:44:12.543Z</time>
      </trkpt>
      <trkpt lat="38.882168" lon="-0.128644">
        <ele>52.618873</ele>
        <time>2026-02-23T14:44:49.126Z</time>
      </trkpt>
      <trkpt lat="38.882011" lon="-0.128843">
        <ele>52.770639</ele>
        <time>2026-02-23T14:44:53.805Z</time>
      </trkpt>
      <trkpt lat="38.881440" lon="-0.129384">
        <ele>53.931241</ele>
        <time>2026-02-23T14:45:10.918Z</time>
      </trkpt>
      <trkpt lat="38.881132" lon="-0.129738">
        <ele>54.607285</ele>
        <time>2026-02-23T14:45:22.408Z</time>
      </trkpt>
      <trkpt lat="38.880853" lon="-0.129934">
        <ele>55.127458</ele>
        <time>2026-02-23T14:45:31.669Z</time>
      </trkpt>
      <trkpt lat="38.880345" lon="-0.130408">
        <ele>56.256102</ele>
        <time>2026-02-23T14:45:50.929Z</time>
      </trkpt>
      <trkpt lat="38.880251" lon="-0.130502">
        <ele>56.493998</ele>
        <time>2026-02-23T14:45:54.573Z</time>
      </trkpt>
      <trkpt lat="38.879650" lon="-0.131187">
        <ele>58.098542</ele>
        <time>2026-02-23T14:46:17.853Z</time>
      </trkpt>
      <trkpt lat="38.879339" lon="-0.131665">
        <ele>59.067022</ele>
        <time>2026-02-23T14:46:30.478Z</time>
      </trkpt>
      <trkpt lat="38.879040" lon="-0.132124">
        <ele>59.734607</ele>
        <time>2026-02-23T14:46:42.216Z</time>
      </trkpt>
      <trkpt lat="38.878353" lon="-0.133064">
        <ele>60.998007</ele>
        <time>2026-02-23T14:47:07.342Z</time>
      </trkpt>
      <trkpt lat="38.877691" lon="-0.133848">
        <ele>62.278025</ele>
        <time>2026-02-23T14:47:30.161Z</time>
      </trkpt>
      <trkpt lat="38.877455" lon="-0.134384">
        <ele>63.033760</ele>
        <time>2026-02-23T14:47:42.633Z</time>
      </trkpt>
      <trkpt lat="38.877424" lon="-0.134459">
        <ele>63.137974</ele>
        <time>2026-02-23T14:47:44.373Z</time>
      </trkpt>
      <trkpt lat="38.877132" lon="-0.135559">
        <ele>64.599445</ele>
        <time>2026-02-23T14:48:09.146Z</time>
      </trkpt>
      <trkpt lat="38.876967" lon="-0.136087">
        <ele>65.435335</ele>
        <time>2026-02-23T14:48:21.534Z</time>
      </trkpt>
      <trkpt lat="38.876914" lon="-0.136447">
        <ele>65.973613</ele>
        <time>2026-02-23T14:48:29.716Z</time>
      </trkpt>
      <trkpt lat="38.876917" lon="-0.137163">
        <ele>67.025560</ele>
        <time>2026-02-23T14:48:45.732Z</time>
      </trkpt>
      <trkpt lat="38.876727" lon="-0.137720">
        <ele>67.850381</ele>
        <time>2026-02-23T14:48:58.726Z</time>
      </trkpt>
      <trkpt lat="38.876604" lon="-0.138042">
        <ele>68.116537</ele>
        <time>2026-02-23T14:49:05.906Z</time>
      </trkpt>
      <trkpt lat="38.876403" lon="-0.138466">
        <ele>68.484912</ele>
        <time>2026-02-23T14:49:15.325Z</time>
      </trkpt>
      <trkpt lat="38.876102" lon="-0.139536">
        <ele>69.329163</ele>
        <time>2026-02-23T14:49:35.467Z</time>
      </trkpt>
      <trkpt lat="38.875997" lon="-0.139769">
        <ele>69.515032</ele>
        <time>2026-02-23T14:49:40.192Z</time>
      </trkpt>
      <trkpt lat="38.875814" lon="-0.140059">
        <ele>69.679202</ele>
        <time>2026-02-23T14:49:46.807Z</time>
      </trkpt>
      <trkpt lat="38.875699" lon="-0.140419">
        <ele>69.850331</ele>
        <time>2026-02-23T14:49:53.600Z</time>
      </trkpt>
      <trkpt lat="38.875561" lon="-0.141178">
        <ele>70.193105</ele>
        <time>2026-02-23T14:50:07.476Z</time>
      </trkpt>
      <trkpt lat="38.875539" lon="-0.141465">
        <ele>70.319932</ele>
        <time>2026-02-23T14:50:12.741Z</time>
      </trkpt>
      <trkpt lat="38.875558" lon="-0.141656">
        <ele>70.404613</ele>
        <time>2026-02-23T14:50:16.039Z</time>
      </trkpt>
      <trkpt lat="38.875618" lon="-0.142426">
        <ele>70.708837</ele>
        <time>2026-02-23T14:50:28.942Z</time>
      </trkpt>
      <trkpt lat="38.875645" lon="-0.142773">
        <ele>70.838551</ele>
        <time>2026-02-23T14:50:34.273Z</time>
      </trkpt>
      <trkpt lat="38.875666" lon="-0.143049">
        <ele>70.941703</ele>
        <time>2026-02-23T14:50:38.539Z</time>
      </trkpt>
      <trkpt lat="38.875703" lon="-0.143533">
        <ele>71.122599</ele>
        <time>2026-02-23T14:50:46.448Z</time>
      </trkpt>
      <trkpt lat="38.875735" lon="-0.143664">
        <ele>71.173668</ele>
        <time>2026-02-23T14:50:48.782Z</time>
      </trkpt>
      <trkpt lat="38.875793" lon="-0.143774">
        <ele>71.223086</ele>
        <time>2026-02-23T14:50:51.108Z</time>
      </trkpt>
      <trkpt lat="38.875969" lon="-0.144021">
        <ele>71.347634</ele>
        <time>2026-02-23T14:50:55.880Z</time>
      </trkpt>
      <trkpt lat="38.876031" lon="-0.144171">
        <ele>71.603611</ele>
        <time>2026-02-23T14:50:58.471Z</time>
      </trkpt>
      <trkpt lat="38.876050" lon="-0.144593">
        <ele>72.507709</ele>
        <time>2026-02-23T14:51:05.872Z</time>
      </trkpt>
      <trkpt lat="38.876027" lon="-0.144794">
        <ele>72.942235</ele>
        <time>2026-02-23T14:51:09.783Z</time>
      </trkpt>
      <trkpt lat="38.875913" lon="-0.145213">
        <ele>73.891562</ele>
        <time>2026-02-23T14:51:18.884Z</time>
      </trkpt>
      <trkpt lat="38.876567" lon="-0.145421">
        <ele>75.742595</ele>
        <time>2026-02-23T14:51:42.290Z</time>
      </trkpt>
      <trkpt lat="38.876762" lon="-0.145984">
        <ele>77.067378</ele>
        <time>2026-02-23T14:51:59.076Z</time>
      </trkpt>
      <trkpt lat="38.877176" lon="-0.146947">
        <ele>79.441696</ele>
        <time>2026-02-23T14:52:26.295Z</time>
      </trkpt>
      <trkpt lat="38.877186" lon="-0.147212">
        <ele>80.014319</ele>
        <time>2026-02-23T14:52:32.378Z</time>
      </trkpt>
      <trkpt lat="38.877167" lon="-0.147526">
        <ele>80.694072</ele>
        <time>2026-02-23T14:52:39.359Z</time>
      </trkpt>
      <trkpt lat="38.877088" lon="-0.148065">
        <ele>82.298696</ele>
        <time>2026-02-23T14:52:50.801Z</time>
      </trkpt>
      <trkpt lat="38.877030" lon="-0.148422">
        <ele>83.657445</ele>
        <time>2026-02-23T14:52:58.525Z</time>
      </trkpt>
      <trkpt lat="38.876829" lon="-0.149109">
        <ele>86.391835</ele>
        <time>2026-02-23T14:53:19.243Z</time>
      </trkpt>
      <trkpt lat="38.876798" lon="-0.149323">
        <ele>87.202835</ele>
        <time>2026-02-23T14:53:26.517Z</time>
      </trkpt>
      <trkpt lat="38.876765" lon="-0.149548">
        <ele>88.055880</ele>
        <time>2026-02-23T14:53:34.692Z</time>
      </trkpt>
      <trkpt lat="38.876762" lon="-0.150101">
        <ele>90.258762</ele>
        <time>2026-02-23T14:53:56.481Z</time>
      </trkpt>
      <trkpt lat="38.876798" lon="-0.150443">
        <ele>92.417302</ele>
        <time>2026-02-23T14:54:11.650Z</time>
      </trkpt>
      <trkpt lat="38.876938" lon="-0.150940">
        <ele>95.723075</ele>
        <time>2026-02-23T14:54:36.824Z</time>
      </trkpt>
      <trkpt lat="38.876993" lon="-0.151615">
        <ele>99.967985</ele>
        <time>2026-02-23T14:55:09.315Z</time>
      </trkpt>
      <trkpt lat="38.877084" lon="-0.152746">
        <ele>105.218940</ele>
        <time>2026-02-23T14:55:47.209Z</time>
      </trkpt>
      <trkpt lat="38.877065" lon="-0.152877">
        <ele>105.482795</ele>
        <time>2026-02-23T14:55:50.630Z</time>
      </trkpt>
      <trkpt lat="38.876893" lon="-0.153125">
        <ele>106.140467</ele>
        <time>2026-02-23T14:55:58.164Z</time>
      </trkpt>
      <trkpt lat="38.876737" lon="-0.153349">
        <ele>106.735588</ele>
        <time>2026-02-23T14:56:04.257Z</time>
      </trkpt>
      <trkpt lat="38.876624" lon="-0.153416">
        <ele>107.052144</ele>
        <time>2026-02-23T14:56:07.345Z</time>
      </trkpt>
      <trkpt lat="38.876595" lon="-0.153432">
        <ele>107.132421</ele>
        <time>2026-02-23T14:56:08.057Z</time>
      </trkpt>
      <trkpt lat="38.876171" lon="-0.154462">
        <ele>109.486265</ele>
        <time>2026-02-23T14:56:28.830Z</time>
      </trkpt>
      <trkpt lat="38.875882" lon="-0.155758">
        <ele>112.401557</ele>
        <time>2026-02-23T14:57:02.189Z</time>
      </trkpt>
      <trkpt lat="38.875820" lon="-0.156185">
        <ele>113.340865</ele>
        <time>2026-02-23T14:57:14.254Z</time>
      </trkpt>
      <trkpt lat="38.875599" lon="-0.157855">
        <ele>117.813181</ele>
        <time>2026-02-23T14:58:01.063Z</time>
      </trkpt>
      <trkpt lat="38.874967" lon="-0.160244">
        <ele>123.930313</ele>
        <time>2026-02-23T14:59:05.192Z</time>
      </trkpt>
      <trkpt lat="38.874879" lon="-0.160918">
        <ele>125.477866</ele>
        <time>2026-02-23T14:59:20.851Z</time>
      </trkpt>
      <trkpt lat="38.874958" lon="-0.161189">
        <ele>126.291446</ele>
        <time>2026-02-23T14:59:27.301Z</time>
      </trkpt>
      <trkpt lat="38.874973" lon="-0.161347">
        <ele>126.738954</ele>
        <time>2026-02-23T14:59:30.896Z</time>
      </trkpt>
      <trkpt lat="38.874926" lon="-0.162609">
        <ele>130.291125</ele>
        <time>2026-02-23T15:00:04.384Z</time>
      </trkpt>
      <trkpt lat="38.874921" lon="-0.163166">
        <ele>131.857235</ele>
        <time>2026-02-23T15:00:21.755Z</time>
      </trkpt>
      <trkpt lat="38.874893" lon="-0.163434">
        <ele>132.566733</ele>
        <time>2026-02-23T15:00:30.329Z</time>
      </trkpt>
      <trkpt lat="38.874783" lon="-0.164065">
        <ele>134.246512</ele>
        <time>2026-02-23T15:00:50.659Z</time>
      </trkpt>
      <trkpt lat="38.874766" lon="-0.164309">
        <ele>134.882900</ele>
        <time>2026-02-23T15:00:57.872Z</time>
      </trkpt>
      <trkpt lat="38.874754" lon="-0.165186">
        <ele>137.161490</ele>
        <time>2026-02-23T15:01:19.479Z</time>
      </trkpt>
      <trkpt lat="38.874768" lon="-0.165467">
        <ele>137.892955</ele>
        <time>2026-02-23T15:01:24.711Z</time>
      </trkpt>
      <trkpt lat="38.874925" lon="-0.166079">
        <ele>138.932527</ele>
        <time>2026-02-23T15:01:35.128Z</time>
      </trkpt>
      <trkpt lat="38.874904" lon="-0.166280">
        <ele>139.252439</ele>
        <time>2026-02-23T15:01:38.733Z</time>
      </trkpt>
      <trkpt lat="38.874839" lon="-0.166489">
        <ele>139.607462</ele>
        <time>2026-02-23T15:01:42.977Z</time>
      </trkpt>
      <trkpt lat="38.874823" lon="-0.166685">
        <ele>139.918340</ele>
        <time>2026-02-23T15:01:46.925Z</time>
      </trkpt>
      <trkpt lat="38.874797" lon="-0.167077">
        <ele>140.538945</ele>
        <time>2026-02-23T15:01:55.994Z</time>
      </trkpt>
      <trkpt lat="38.874826" lon="-0.167326">
        <ele>140.936105</ele>
        <time>2026-02-23T15:02:02.296Z</time>
      </trkpt>
      <trkpt lat="38.875117" lon="-0.168363">
        <ele>143.912077</ele>
        <time>2026-02-23T15:02:32.968Z</time>
      </trkpt>
      <trkpt lat="38.875295" lon="-0.169224">
        <ele>146.928976</ele>
        <time>2026-02-23T15:03:00.537Z</time>
      </trkpt>
      <trkpt lat="38.875339" lon="-0.169518">
        <ele>147.942859</ele>
        <time>2026-02-23T15:03:09.686Z</time>
      </trkpt>
      <trkpt lat="38.875379" lon="-0.169703">
        <ele>148.593088</ele>
        <time>2026-02-23T15:03:15.464Z</time>
      </trkpt>
      <trkpt lat="38.875436" lon="-0.169830">
        <ele>149.089536</ele>
        <time>2026-02-23T15:03:19.625Z</time>
      </trkpt>
      <trkpt lat="38.875549" lon="-0.170117">
        <ele>150.138492</ele>
        <time>2026-02-23T15:03:29.646Z</time>
      </trkpt>
      <trkpt lat="38.875559" lon="-0.170202">
        <ele>150.414177</ele>
        <time>2026-02-23T15:03:32.048Z</time>
      </trkpt>
      <trkpt lat="38.875568" lon="-0.170305">
        <ele>150.746566</ele>
        <time>2026-02-23T15:03:35.303Z</time>
      </trkpt>
      <trkpt lat="38.875582" lon="-0.170473">
        <ele>151.288409</ele>
        <time>2026-02-23T15:03:40.018Z</time>
      </trkpt>
      <trkpt lat="38.875609" lon="-0.170945">
        <ele>152.806164</ele>
        <time>2026-02-23T15:03:51.289Z</time>
      </trkpt>
      <trkpt lat="38.875612" lon="-0.171010">
        <ele>153.014981</ele>
        <time>2026-02-23T15:03:52.769Z</time>
      </trkpt>
      <trkpt lat="38.875543" lon="-0.171137">
        <ele>153.511637</ele>
        <time>2026-02-23T15:03:56.632Z</time>
      </trkpt>
      <trkpt lat="38.875518" lon="-0.171199">
        <ele>153.735554</ele>
        <time>2026-02-23T15:03:58.392Z</time>
      </trkpt>
      <trkpt lat="38.875457" lon="-0.171447">
        <ele>154.569627</ele>
        <time>2026-02-23T15:04:05.157Z</time>
      </trkpt>
      <trkpt lat="38.875324" lon="-0.171459">
        <ele>155.118847</ele>
        <time>2026-02-23T15:04:10.005Z</time>
      </trkpt>
      <trkpt lat="38.875124" lon="-0.171455">
        <ele>155.942812</ele>
        <time>2026-02-23T15:04:18.217Z</time>
      </trkpt>
      <trkpt lat="38.875028" lon="-0.171449">
        <ele>156.338735</ele>
        <time>2026-02-23T15:04:22.152Z</time>
      </trkpt>
      <trkpt lat="38.874877" lon="-0.171450">
        <ele>157.078361</ele>
        <time>2026-02-23T15:04:28.661Z</time>
      </trkpt>
      <trkpt lat="38.874729" lon="-0.171563">
        <ele>158.423623</ele>
        <time>2026-02-23T15:04:35.821Z</time>
      </trkpt>
      <trkpt lat="38.874392" lon="-0.171629">
        <ele>161.087196</ele>
        <time>2026-02-23T15:04:51.146Z</time>
      </trkpt>
      <trkpt lat="38.874263" lon="-0.171723">
        <ele>162.246030</ele>
        <time>2026-02-23T15:04:57.818Z</time>
      </trkpt>
      <trkpt lat="38.874129" lon="-0.171876">
        <ele>163.646895</ele>
        <time>2026-02-23T15:05:06.622Z</time>
      </trkpt>
      <trkpt lat="38.873910" lon="-0.172082">
        <ele>165.767814</ele>
        <time>2026-02-23T15:05:21.906Z</time>
      </trkpt>
      <trkpt lat="38.873787" lon="-0.172146">
        <ele>166.804731</ele>
        <time>2026-02-23T15:05:30.345Z</time>
      </trkpt>
      <trkpt lat="38.873646" lon="-0.172209">
        <ele>167.971183</ele>
        <time>2026-02-23T15:05:40.156Z</time>
      </trkpt>
      <trkpt lat="38.873574" lon="-0.172214">
        <ele>168.534575</ele>
        <time>2026-02-23T15:05:45.172Z</time>
      </trkpt>
      <trkpt lat="38.873348" lon="-0.172101">
        <ele>170.429493</ele>
        <time>2026-02-23T15:06:01.079Z</time>
      </trkpt>
      <trkpt lat="38.873238" lon="-0.172044">
        <ele>171.045573</ele>
        <time>2026-02-23T15:06:07.489Z</time>
      </trkpt>
      <trkpt lat="38.873181" lon="-0.172069">
        <ele>171.207045</ele>
        <time>2026-02-23T15:06:10.743Z</time>
      </trkpt>
      <trkpt lat="38.873151" lon="-0.172142">
        <ele>171.379331</ele>
        <time>2026-02-23T15:06:13.720Z</time>
      </trkpt>
      <trkpt lat="38.873139" lon="-0.172604">
        <ele>172.344129</ele>
        <time>2026-02-23T15:06:28.578Z</time>
      </trkpt>
      <trkpt lat="38.873202" lon="-0.173031">
        <ele>173.251202</ele>
        <time>2026-02-23T15:06:39.839Z</time>
      </trkpt>
      <trkpt lat="38.873148" lon="-0.173299">
        <ele>173.828987</ele>
        <time>2026-02-23T15:06:44.604Z</time>
      </trkpt>
      <trkpt lat="38.873033" lon="-0.173516">
        <ele>174.376870</ele>
        <time>2026-02-23T15:06:47.950Z</time>
      </trkpt>
      <trkpt lat="38.872854" lon="-0.173689">
        <ele>174.977416</ele>
        <time>2026-02-23T15:06:50.687Z</time>
      </trkpt>
      <trkpt lat="38.872647" lon="-0.173785">
        <ele>175.567418</ele>
        <time>2026-02-23T15:06:52.966Z</time>
      </trkpt>
      <trkpt lat="38.872093" lon="-0.173923">
        <ele>171.946784</ele>
        <time>2026-02-23T15:06:58.153Z</time>
      </trkpt>
      <trkpt lat="38.871935" lon="-0.173988">
        <ele>170.731138</ele>
        <time>2026-02-23T15:06:59.630Z</time>
      </trkpt>
      <trkpt lat="38.871702" lon="-0.174131">
        <ele>168.838991</ele>
        <time>2026-02-23T15:07:01.902Z</time>
      </trkpt>
      <trkpt lat="38.870834" lon="-0.174913">
        <ele>160.747735</ele>
        <time>2026-02-23T15:07:11.177Z</time>
      </trkpt>
      <trkpt lat="38.870437" lon="-0.175233">
        <ele>156.552358</ele>
        <time>2026-02-23T15:07:15.185Z</time>
      </trkpt>
      <trkpt lat="38.870306" lon="-0.175278">
        <ele>155.338554</ele>
        <time>2026-02-23T15:07:16.351Z</time>
      </trkpt>
      <trkpt lat="38.870179" lon="-0.175274">
        <ele>154.201424</ele>
        <time>2026-02-23T15:07:17.441Z</time>
      </trkpt>
      <trkpt lat="38.869846" lon="-0.175154">
        <ele>151.105619</ele>
        <time>2026-02-23T15:07:20.438Z</time>
      </trkpt>
      <trkpt lat="38.869682" lon="-0.175046">
        <ele>149.455935</ele>
        <time>2026-02-23T15:07:22.058Z</time>
      </trkpt>
      <trkpt lat="38.869489" lon="-0.174918">
        <ele>147.511660</ele>
        <time>2026-02-23T15:07:23.976Z</time>
      </trkpt>
      <trkpt lat="38.868953" lon="-0.174565">
        <ele>143.919312</ele>
        <time>2026-02-23T15:07:29.396Z</time>
      </trkpt>
      <trkpt lat="38.868186" lon="-0.174127">
        <ele>139.545362</ele>
        <time>2026-02-23T15:07:37.483Z</time>
      </trkpt>
      <trkpt lat="38.867143" lon="-0.173637">
        <ele>135.959004</ele>
        <time>2026-02-23T15:07:48.208Z</time>
      </trkpt>
      <trkpt lat="38.867036" lon="-0.173520">
        <ele>135.715749</ele>
        <time>2026-02-23T15:07:49.616Z</time>
      </trkpt>
      <trkpt lat="38.866711" lon="-0.173037">
        <ele>134.855356</ele>
        <time>2026-02-23T15:07:55.074Z</time>
      </trkpt>
      <trkpt lat="38.866606" lon="-0.172923">
        <ele>134.617357</ele>
        <time>2026-02-23T15:07:56.906Z</time>
      </trkpt>
      <trkpt lat="38.866452" lon="-0.172812">
        <ele>134.311668</ele>
        <time>2026-02-23T15:07:59.777Z</time>
      </trkpt>
      <trkpt lat="38.866237" lon="-0.172723">
        <ele>134.004166</ele>
        <time>2026-02-23T15:08:04.509Z</time>
      </trkpt>
      <trkpt lat="38.866166" lon="-0.172694">
        <ele>134.424564</ele>
        <time>2026-02-23T15:08:06.292Z</time>
      </trkpt>
      <trkpt lat="38.865659" lon="-0.172475">
        <ele>137.442844</ele>
        <time>2026-02-23T15:08:22.671Z</time>
      </trkpt>
      <trkpt lat="38.865352" lon="-0.172277">
        <ele>139.381286</ele>
        <time>2026-02-23T15:08:35.856Z</time>
      </trkpt>
      <trkpt lat="38.864078" lon="-0.171283">
        <ele>150.426415</ele>
        <time>2026-02-23T15:09:45.210Z</time>
      </trkpt>
      <trkpt lat="38.863364" lon="-0.170923">
        <ele>157.832949</ele>
        <time>2026-02-23T15:10:27.819Z</time>
      </trkpt>
      <trkpt lat="38.862125" lon="-0.170140">
        <ele>170.277930</ele>
        <time>2026-02-23T15:11:52.733Z</time>
      </trkpt>
      <trkpt lat="38.862079" lon="-0.170110">
        <ele>170.730500</ele>
        <time>2026-02-23T15:11:55.396Z</time>
      </trkpt>
      <trkpt lat="38.861919" lon="-0.170028">
        <ele>172.241681</ele>
        <time>2026-02-23T15:12:04.113Z</time>
      </trkpt>
      <trkpt lat="38.861794" lon="-0.170019">
        <ele>173.339926</ele>
        <time>2026-02-23T15:12:10.000Z</time>
      </trkpt>
      <trkpt lat="38.861385" lon="-0.170168">
        <ele>177.069310</ele>
        <time>2026-02-23T15:12:26.318Z</time>
      </trkpt>
      <trkpt lat="38.860783" lon="-0.170398">
        <ele>176.794380</ele>
        <time>2026-02-23T15:12:38.231Z</time>
      </trkpt>
      <trkpt lat="38.860460" lon="-0.170505">
        <ele>176.553254</ele>
        <time>2026-02-23T15:12:41.612Z</time>
      </trkpt>
      <trkpt lat="38.860275" lon="-0.170524">
        <ele>176.419098</ele>
        <time>2026-02-23T15:12:43.572Z</time>
      </trkpt>
      <trkpt lat="38.860103" lon="-0.170505">
        <ele>176.294307</ele>
        <time>2026-02-23T15:12:45.401Z</time>
      </trkpt>
      <trkpt lat="38.859923" lon="-0.170451">
        <ele>176.160690</ele>
        <time>2026-02-23T15:12:47.327Z</time>
      </trkpt>
      <trkpt lat="38.859781" lon="-0.170376">
        <ele>176.049702</ele>
        <time>2026-02-23T15:12:48.942Z</time>
      </trkpt>
      <trkpt lat="38.859531" lon="-0.170150">
        <ele>175.446422</ele>
        <time>2026-02-23T15:12:52.153Z</time>
      </trkpt>
      <trkpt lat="38.859429" lon="-0.170032">
        <ele>174.988919</ele>
        <time>2026-02-23T15:12:53.621Z</time>
      </trkpt>
      <trkpt lat="38.859346" lon="-0.169883">
        <ele>174.513513</ele>
        <time>2026-02-23T15:12:55.163Z</time>
      </trkpt>
      <trkpt lat="38.858827" lon="-0.168517">
        <ele>170.569274</ele>
        <time>2026-02-23T15:13:07.727Z</time>
      </trkpt>
      <trkpt lat="38.858494" lon="-0.167873">
        <ele>166.550671</ele>
        <time>2026-02-23T15:13:13.140Z</time>
      </trkpt>
      <trkpt lat="38.858063" lon="-0.167352">
        <ele>161.695972</ele>
        <time>2026-02-23T15:13:18.312Z</time>
      </trkpt>
      <trkpt lat="38.857773" lon="-0.167071">
        <ele>158.716342</ele>
        <time>2026-02-23T15:13:21.446Z</time>
      </trkpt>
      <trkpt lat="38.857492" lon="-0.166953">
        <ele>156.291552</ele>
        <time>2026-02-23T15:13:23.982Z</time>
      </trkpt>
      <trkpt lat="38.856612" lon="-0.166735">
        <ele>150.316276</ele>
        <time>2026-02-23T15:13:31.838Z</time>
      </trkpt>
      <trkpt lat="38.856472" lon="-0.166675">
        <ele>149.372253</ele>
        <time>2026-02-23T15:13:33.163Z</time>
      </trkpt>
      <trkpt lat="38.856309" lon="-0.166531">
        <ele>148.106781</ele>
        <time>2026-02-23T15:13:34.978Z</time>
      </trkpt>
      <trkpt lat="38.855950" lon="-0.166089">
        <ele>144.925657</ele>
        <time>2026-02-23T15:13:39.682Z</time>
      </trkpt>
      <trkpt lat="38.855845" lon="-0.166002">
        <ele>144.126387</ele>
        <time>2026-02-23T15:13:40.927Z</time>
      </trkpt>
      <trkpt lat="38.855722" lon="-0.165940">
        <ele>143.593754</ele>
        <time>2026-02-23T15:13:42.264Z</time>
      </trkpt>
      <trkpt lat="38.855458" lon="-0.165874">
        <ele>143.208387</ele>
        <time>2026-02-23T15:13:45.197Z</time>
      </trkpt>
      <trkpt lat="38.853474" lon="-0.165790">
        <ele>141.795881</ele>
        <time>2026-02-23T15:14:09.810Z</time>
      </trkpt>
      <trkpt lat="38.853285" lon="-0.165867">
        <ele>142.059453</ele>
        <time>2026-02-23T15:14:13.351Z</time>
      </trkpt>
      <trkpt lat="38.853056" lon="-0.166101">
        <ele>142.448473</ele>
        <time>2026-02-23T15:14:19.119Z</time>
      </trkpt>
      <trkpt lat="38.852862" lon="-0.166241">
        <ele>142.744284</ele>
        <time>2026-02-23T15:14:24.234Z</time>
      </trkpt>
      <trkpt lat="38.852707" lon="-0.166262">
        <ele>142.951464</ele>
        <time>2026-02-23T15:14:28.038Z</time>
      </trkpt>
      <trkpt lat="38.852544" lon="-0.166219">
        <ele>143.172660</ele>
        <time>2026-02-23T15:14:32.238Z</time>
      </trkpt>
      <trkpt lat="38.852440" lon="-0.166137">
        <ele>143.334884</ele>
        <time>2026-02-23T15:14:35.462Z</time>
      </trkpt>
      <trkpt lat="38.852334" lon="-0.165977">
        <ele>143.710202</ele>
        <time>2026-02-23T15:14:40.169Z</time>
      </trkpt>
      <trkpt lat="38.852284" lon="-0.165853">
        <ele>144.272515</ele>
        <time>2026-02-23T15:14:43.411Z</time>
      </trkpt>
      <trkpt lat="38.852206" lon="-0.165688">
        <ele>145.049806</ele>
        <time>2026-02-23T15:14:48.235Z</time>
      </trkpt>
      <trkpt lat="38.852034" lon="-0.165486">
        <ele>146.255112</ele>
        <time>2026-02-23T15:14:56.356Z</time>
      </trkpt>
      <trkpt lat="38.852055" lon="-0.165425">
        <ele>146.523691</ele>
        <time>2026-02-23T15:14:58.190Z</time>
      </trkpt>
      <trkpt lat="38.852153" lon="-0.165048">
        <ele>148.124216</ele>
        <time>2026-02-23T15:15:09.981Z</time>
      </trkpt>
      <trkpt lat="38.852113" lon="-0.164383">
        <ele>150.810150</ele>
        <time>2026-02-23T15:15:31.073Z</time>
      </trkpt>
      <trkpt lat="38.852056" lon="-0.163944">
        <ele>152.602409</ele>
        <time>2026-02-23T15:15:46.169Z</time>
      </trkpt>
      <trkpt lat="38.852016" lon="-0.163773">
        <ele>152.651288</ele>
        <time>2026-02-23T15:15:51.996Z</time>
      </trkpt>
      <trkpt lat="38.851628" lon="-0.162620">
        <ele>151.227357</ele>
        <time>2026-02-23T15:16:15.842Z</time>
      </trkpt>
      <trkpt lat="38.851400" lon="-0.161902">
        <ele>150.348314</ele>
        <time>2026-02-23T15:16:21.300Z</time>
      </trkpt>
      <trkpt lat="38.851378" lon="-0.161754">
        <ele>150.160710</ele>
        <time>2026-02-23T15:16:22.316Z</time>
      </trkpt>
      <trkpt lat="38.851371" lon="-0.161134">
        <ele>145.066487</ele>
        <time>2026-02-23T15:16:26.381Z</time>
      </trkpt>
      <trkpt lat="38.851372" lon="-0.160591">
        <ele>140.605391</ele>
        <time>2026-02-23T15:16:29.920Z</time>
      </trkpt>
      <trkpt lat="38.851364" lon="-0.160124">
        <ele>136.767766</ele>
        <time>2026-02-23T15:16:32.984Z</time>
      </trkpt>
      <trkpt lat="38.851194" lon="-0.159351">
        <ele>130.664750</ele>
        <time>2026-02-23T15:16:38.466Z</time>
      </trkpt>
      <trkpt lat="38.851163" lon="-0.159228">
        <ele>130.110753</ele>
        <time>2026-02-23T15:16:39.368Z</time>
      </trkpt>
      <trkpt lat="38.850985" lon="-0.158509">
        <ele>126.877740</ele>
        <time>2026-02-23T15:16:44.722Z</time>
      </trkpt>
      <trkpt lat="38.850950" lon="-0.158421">
        <ele>126.454307</ele>
        <time>2026-02-23T15:16:45.443Z</time>
      </trkpt>
      <trkpt lat="38.850864" lon="-0.158305">
        <ele>125.767991</ele>
        <time>2026-02-23T15:16:46.625Z</time>
      </trkpt>
      <trkpt lat="38.850451" lon="-0.157956">
        <ele>123.047497</ele>
        <time>2026-02-23T15:16:51.430Z</time>
      </trkpt>
      <trkpt lat="38.850337" lon="-0.157845">
        <ele>122.260259</ele>
        <time>2026-02-23T15:16:52.874Z</time>
      </trkpt>
      <trkpt lat="38.850235" lon="-0.157643">
        <ele>121.253066</ele>
        <time>2026-02-23T15:16:54.758Z</time>
      </trkpt>
      <trkpt lat="38.850206" lon="-0.157413">
        <ele>120.560207</ele>
        <time>2026-02-23T15:16:56.550Z</time>
      </trkpt>
      <trkpt lat="38.850191" lon="-0.156891">
        <ele>119.006874</ele>
        <time>2026-02-23T15:17:00.536Z</time>
      </trkpt>
      <trkpt lat="38.850150" lon="-0.156490">
        <ele>117.804183</ele>
        <time>2026-02-23T15:17:03.710Z</time>
      </trkpt>
      <trkpt lat="38.850058" lon="-0.156331">
        <ele>117.215147</ele>
        <time>2026-02-23T15:17:05.277Z</time>
      </trkpt>
      <trkpt lat="38.849545" lon="-0.155713">
        <ele>114.529187</ele>
        <time>2026-02-23T15:17:12.176Z</time>
      </trkpt>
      <trkpt lat="38.849233" lon="-0.155283">
        <ele>112.819016</ele>
        <time>2026-02-23T15:17:16.513Z</time>
      </trkpt>
      <trkpt lat="38.848932" lon="-0.154702">
        <ele>110.790813</ele>
        <time>2026-02-23T15:17:21.750Z</time>
      </trkpt>
      <trkpt lat="38.848880" lon="-0.154464">
        <ele>110.072350</ele>
        <time>2026-02-23T15:17:23.655Z</time>
      </trkpt>
      <trkpt lat="38.848765" lon="-0.153223">
        <ele>106.871952</ele>
        <time>2026-02-23T15:17:33.661Z</time>
      </trkpt>
      <trkpt lat="38.848727" lon="-0.152891">
        <ele>106.223770</ele>
        <time>2026-02-23T15:17:36.535Z</time>
      </trkpt>
      <trkpt lat="38.848653" lon="-0.152425">
        <ele>105.305120</ele>
        <time>2026-02-23T15:17:40.557Z</time>
      </trkpt>
      <trkpt lat="38.848533" lon="-0.151907">
        <ele>104.261218</ele>
        <time>2026-02-23T15:17:45.117Z</time>
      </trkpt>
      <trkpt lat="38.848477" lon="-0.151650">
        <ele>103.745730</ele>
        <time>2026-02-23T15:17:47.370Z</time>
      </trkpt>
      <trkpt lat="38.848337" lon="-0.151107">
        <ele>102.546527</ele>
        <time>2026-02-23T15:17:52.030Z</time>
      </trkpt>
      <trkpt lat="38.848013" lon="-0.150317">
        <ele>100.561975</ele>
        <time>2026-02-23T15:17:59.081Z</time>
      </trkpt>
      <trkpt lat="38.847675" lon="-0.149436">
        <ele>98.379033</ele>
        <time>2026-02-23T15:18:06.977Z</time>
      </trkpt>
      <trkpt lat="38.847612" lon="-0.149055">
        <ele>97.604287</ele>
        <time>2026-02-23T15:18:10.139Z</time>
      </trkpt>
      <trkpt lat="38.847517" lon="-0.147937">
        <ele>95.471202</ele>
        <time>2026-02-23T15:18:19.400Z</time>
      </trkpt>
      <trkpt lat="38.847508" lon="-0.147831">
        <ele>95.268961</ele>
        <time>2026-02-23T15:18:20.305Z</time>
      </trkpt>
      <trkpt lat="38.847480" lon="-0.147515">
        <ele>94.665739</ele>
        <time>2026-02-23T15:18:22.992Z</time>
      </trkpt>
      <trkpt lat="38.847124" lon="-0.143817">
        <ele>87.927090</ele>
        <time>2026-02-23T15:18:54.279Z</time>
      </trkpt>
      <trkpt lat="38.847159" lon="-0.143566">
        <ele>87.434646</ele>
        <time>2026-02-23T15:18:56.400Z</time>
      </trkpt>
      <trkpt lat="38.847395" lon="-0.142719">
        <ele>85.697376</ele>
        <time>2026-02-23T15:19:03.731Z</time>
      </trkpt>
      <trkpt lat="38.847567" lon="-0.142101">
        <ele>84.124086</ele>
        <time>2026-02-23T15:19:09.014Z</time>
      </trkpt>
      <trkpt lat="38.847831" lon="-0.141168">
        <ele>81.512247</ele>
        <time>2026-02-23T15:19:16.789Z</time>
      </trkpt>
      <trkpt lat="38.848045" lon="-0.140380">
        <ele>79.316492</ele>
        <time>2026-02-23T15:19:23.244Z</time>
      </trkpt>
      <trkpt lat="38.848265" lon="-0.139575">
        <ele>76.448296</ele>
        <time>2026-02-23T15:19:29.740Z</time>
      </trkpt>
      <trkpt lat="38.848284" lon="-0.139520">
        <ele>76.243550</ele>
        <time>2026-02-23T15:19:30.195Z</time>
      </trkpt>
      <trkpt lat="38.848594" lon="-0.138415">
        <ele>72.246827</ele>
        <time>2026-02-23T15:19:38.886Z</time>
      </trkpt>
      <trkpt lat="38.848610" lon="-0.138352">
        <ele>72.021334</ele>
        <time>2026-02-23T15:19:39.372Z</time>
      </trkpt>
      <trkpt lat="38.848948" lon="-0.137131">
        <ele>68.731905</ele>
        <time>2026-02-23T15:19:49.074Z</time>
      </trkpt>
      <trkpt lat="38.848999" lon="-0.136954">
        <ele>68.282723</ele>
        <time>2026-02-23T15:19:50.543Z</time>
      </trkpt>
      <trkpt lat="38.849205" lon="-0.136210">
        <ele>66.403365</ele>
        <time>2026-02-23T15:19:57.082Z</time>
      </trkpt>
      <trkpt lat="38.849310" lon="-0.135697">
        <ele>65.923554</ele>
        <time>2026-02-23T15:20:02.513Z</time>
      </trkpt>
      <trkpt lat="38.849346" lon="-0.135431">
        <ele>65.998555</ele>
        <time>2026-02-23T15:20:06.039Z</time>
      </trkpt>
      <trkpt lat="38.849369" lon="-0.134911">
        <ele>66.143240</ele>
        <time>2026-02-23T15:20:13.426Z</time>
      </trkpt>
      <trkpt lat="38.849335" lon="-0.134096">
        <ele>66.369967</ele>
        <time>2026-02-23T15:20:25.597Z</time>
      </trkpt>
      <trkpt lat="38.849309" lon="-0.133857">
        <ele>66.437004</ele>
        <time>2026-02-23T15:20:29.172Z</time>
      </trkpt>
      <trkpt lat="38.848318" lon="-0.129217">
        <ele>67.216525</ele>
        <time>2026-02-23T15:21:27.124Z</time>
      </trkpt>
      <trkpt lat="38.848117" lon="-0.128260">
        <ele>66.336890</ele>
        <time>2026-02-23T15:21:39.783Z</time>
      </trkpt>
      <trkpt lat="38.847823" lon="-0.126959">
        <ele>65.025041</ele>
        <time>2026-02-23T15:21:51.609Z</time>
      </trkpt>
      <trkpt lat="38.847750" lon="-0.126702">
        <ele>64.298229</ele>
        <time>2026-02-23T15:21:53.660Z</time>
      </trkpt>
      <trkpt lat="38.847661" lon="-0.126506">
        <ele>63.695434</ele>
        <time>2026-02-23T15:21:55.342Z</time>
      </trkpt>
      <trkpt lat="38.847126" lon="-0.125620">
        <ele>60.716784</ele>
        <time>2026-02-23T15:22:03.660Z</time>
      </trkpt>
      <trkpt lat="38.846920" lon="-0.125283">
        <ele>59.578558</ele>
        <time>2026-02-23T15:22:07.041Z</time>
      </trkpt>
      <trkpt lat="38.846706" lon="-0.124916">
        <ele>59.166677</ele>
        <time>2026-02-23T15:22:10.970Z</time>
      </trkpt>
      <trkpt lat="38.846602" lon="-0.124758">
        <ele>59.256213</ele>
        <time>2026-02-23T15:22:12.940Z</time>
      </trkpt>
      <trkpt lat="38.845187" lon="-0.122379">
        <ele>61.490685</ele>
        <time>2026-02-23T15:23:01.335Z</time>
      </trkpt>
      <trkpt lat="38.845043" lon="-0.122145">
        <ele>61.862864</ele>
        <time>2026-02-23T15:23:05.819Z</time>
      </trkpt>
      <trkpt lat="38.844308" lon="-0.120937">
        <ele>64.153354</ele>
        <time>2026-02-23T15:23:32.731Z</time>
      </trkpt>
      <trkpt lat="38.844151" lon="-0.120677">
        <ele>64.748286</ele>
        <time>2026-02-23T15:23:39.284Z</time>
      </trkpt>
      <trkpt lat="38.844070" lon="-0.120697">
        <ele>64.939800</ele>
        <time>2026-02-23T15:23:41.279Z</time>
      </trkpt>
      <trkpt lat="38.844001" lon="-0.120639">
        <ele>65.131286</ele>
        <time>2026-02-23T15:23:43.494Z</time>
      </trkpt>
      <trkpt lat="38.843601" lon="-0.121326">
        <ele>66.682409</ele>
        <time>2026-02-23T15:23:59.669Z</time>
      </trkpt>
      <trkpt lat="38.843307" lon="-0.121943">
        <ele>68.617455</ele>
        <time>2026-02-23T15:24:13.705Z</time>
      </trkpt>
      <trkpt lat="38.843151" lon="-0.122275">
        <ele>69.818829</ele>
        <time>2026-02-23T15:24:21.545Z</time>
      </trkpt>
      <trkpt lat="38.843025" lon="-0.122461">
        <ele>70.582619</ele>
        <time>2026-02-23T15:24:26.817Z</time>
      </trkpt>
      <trkpt lat="38.842429" lon="-0.122625">
        <ele>73.007420</ele>
        <time>2026-02-23T15:24:45.811Z</time>
      </trkpt>
      <trkpt lat="38.841576" lon="-0.122668">
        <ele>77.395107</ele>
        <time>2026-02-23T15:25:20.461Z</time>
      </trkpt>
      <trkpt lat="38.840835" lon="-0.122648">
        <ele>81.712042</ele>
        <time>2026-02-23T15:25:51.394Z</time>
      </trkpt>
      <trkpt lat="38.840541" lon="-0.122615">
        <ele>83.430988</ele>
        <time>2026-02-23T15:26:02.442Z</time>
      </trkpt>
      <trkpt lat="38.840320" lon="-0.122522">
        <ele>84.756185</ele>
        <time>2026-02-23T15:26:10.614Z</time>
      </trkpt>
      <trkpt lat="38.840193" lon="-0.122421">
        <ele>85.026512</ele>
        <time>2026-02-23T15:26:15.501Z</time>
      </trkpt>
      <trkpt lat="38.839727" lon="-0.121817">
        <ele>86.224744</ele>
        <time>2026-02-23T15:26:33.041Z</time>
      </trkpt>
      <trkpt lat="38.839540" lon="-0.121643">
        <ele>86.642650</ele>
        <time>2026-02-23T15:26:37.384Z</time>
      </trkpt>
      <trkpt lat="38.838922" lon="-0.121763">
        <ele>87.773652</ele>
        <time>2026-02-23T15:26:46.357Z</time>
      </trkpt>
      <trkpt lat="38.838787" lon="-0.121769">
        <ele>88.011163</ele>
        <time>2026-02-23T15:26:48.969Z</time>
      </trkpt>
      <trkpt lat="38.838156" lon="-0.121592">
        <ele>88.784757</ele>
        <time>2026-02-23T15:27:01.804Z</time>
      </trkpt>
      <trkpt lat="38.837962" lon="-0.121609">
        <ele>89.017657</ele>
        <time>2026-02-23T15:27:06.155Z</time>
      </trkpt>
      <trkpt lat="38.837797" lon="-0.121910">
        <ele>89.361040</ele>
        <time>2026-02-23T15:27:13.090Z</time>
      </trkpt>
      <trkpt lat="38.836959" lon="-0.123482">
        <ele>92.508831</ele>
        <time>2026-02-23T15:27:59.354Z</time>
      </trkpt>
      <trkpt lat="38.836490" lon="-0.124349">
        <ele>94.862163</ele>
        <time>2026-02-23T15:28:25.352Z</time>
      </trkpt>
      <trkpt lat="38.836097" lon="-0.125061">
        <ele>96.711470</ele>
        <time>2026-02-23T15:28:48.119Z</time>
      </trkpt>
      <trkpt lat="38.836065" lon="-0.125125">
        <ele>96.870204</ele>
        <time>2026-02-23T15:28:50.091Z</time>
      </trkpt>
      <trkpt lat="38.835938" lon="-0.125463">
        <ele>97.653469</ele>
        <time>2026-02-23T15:28:59.766Z</time>
      </trkpt>
      <trkpt lat="38.835695" lon="-0.125722">
        <ele>98.499759</ele>
        <time>2026-02-23T15:29:07.956Z</time>
      </trkpt>
      <trkpt lat="38.835582" lon="-0.125875">
        <ele>98.939830</ele>
        <time>2026-02-23T15:29:11.917Z</time>
      </trkpt>
      <trkpt lat="38.835295" lon="-0.126486">
        <ele>100.377329</ele>
        <time>2026-02-23T15:29:24.087Z</time>
      </trkpt>
      <trkpt lat="38.835065" lon="-0.126875">
        <ele>101.226359</ele>
        <time>2026-02-23T15:29:32.826Z</time>
      </trkpt>
      <trkpt lat="38.835031" lon="-0.126998">
        <ele>101.453259</ele>
        <time>2026-02-23T15:29:34.959Z</time>
      </trkpt>
      <trkpt lat="38.834945" lon="-0.127591">
        <ele>102.501908</ele>
        <time>2026-02-23T15:29:44.820Z</time>
      </trkpt>
      <trkpt lat="38.834932" lon="-0.127683">
        <ele>102.664460</ele>
        <time>2026-02-23T15:29:46.422Z</time>
      </trkpt>
      <trkpt lat="38.834899" lon="-0.127725">
        <ele>102.768171</ele>
        <time>2026-02-23T15:29:47.540Z</time>
      </trkpt>
      <trkpt lat="38.834839" lon="-0.127739">
        <ele>102.904276</ele>
        <time>2026-02-23T15:29:48.897Z</time>
      </trkpt>
      <trkpt lat="38.834598" lon="-0.127750">
        <ele>103.442489</ele>
        <time>2026-02-23T15:29:54.738Z</time>
      </trkpt>
      <trkpt lat="38.834361" lon="-0.127798">
        <ele>103.977978</ele>
        <time>2026-02-23T15:30:01.108Z</time>
      </trkpt>
      <trkpt lat="38.834268" lon="-0.127892">
        <ele>104.299916</ele>
        <time>2026-02-23T15:30:04.534Z</time>
      </trkpt>
      <trkpt lat="38.834190" lon="-0.128126">
        <ele>104.978219</ele>
        <time>2026-02-23T15:30:10.591Z</time>
      </trkpt>
      <trkpt lat="38.834136" lon="-0.128841">
        <ele>106.892620</ele>
        <time>2026-02-23T15:30:28.017Z</time>
      </trkpt>
      <trkpt lat="38.834150" lon="-0.129057">
        <ele>107.470247</ele>
        <time>2026-02-23T15:30:32.958Z</time>
      </trkpt>
      <trkpt lat="38.834231" lon="-0.129411">
        <ele>108.453511</ele>
        <time>2026-02-23T15:30:41.065Z</time>
      </trkpt>
      <trkpt lat="38.834213" lon="-0.129773">
        <ele>109.420199</ele>
        <time>2026-02-23T15:30:48.782Z</time>
      </trkpt>
      <trkpt lat="38.834242" lon="-0.129857">
        <ele>109.665059</ele>
        <time>2026-02-23T15:30:50.691Z</time>
      </trkpt>
      <trkpt lat="38.834351" lon="-0.130012">
        <ele>110.221557</ele>
        <time>2026-02-23T15:30:55.052Z</time>
      </trkpt>
      <trkpt lat="38.834687" lon="-0.130370">
        <ele>111.837257</ele>
        <time>2026-02-23T15:31:06.744Z</time>
      </trkpt>
      <trkpt lat="38.834750" lon="-0.130501">
        <ele>112.282543</ele>
        <time>2026-02-23T15:31:10.036Z</time>
      </trkpt>
      <trkpt lat="38.834770" lon="-0.130644">
        <ele>112.702757</ele>
        <time>2026-02-23T15:31:13.203Z</time>
      </trkpt>
      <trkpt lat="38.834740" lon="-0.130922">
        <ele>113.514499</ele>
        <time>2026-02-23T15:31:19.475Z</time>
      </trkpt>
      <trkpt lat="38.834666" lon="-0.131248">
        <ele>114.496612</ele>
        <time>2026-02-23T15:31:27.438Z</time>
      </trkpt>
      <trkpt lat="38.834390" lon="-0.131882">
        <ele>116.597276</ele>
        <time>2026-02-23T15:31:45.190Z</time>
      </trkpt>
      <trkpt lat="38.834159" lon="-0.132388">
        <ele>118.579474</ele>
        <time>2026-02-23T15:32:00.348Z</time>
      </trkpt>
      <trkpt lat="38.834095" lon="-0.132576">
        <ele>119.300639</ele>
        <time>2026-02-23T15:32:05.910Z</time>
      </trkpt>
      <trkpt lat="38.833963" lon="-0.133128">
        <ele>121.330278</ele>
        <time>2026-02-23T15:32:20.499Z</time>
      </trkpt>
      <trkpt lat="38.833938" lon="-0.133443">
        <ele>122.443231</ele>
        <time>2026-02-23T15:32:28.008Z</time>
      </trkpt>
      <trkpt lat="38.834008" lon="-0.133937">
        <ele>124.208130</ele>
        <time>2026-02-23T15:32:39.538Z</time>
      </trkpt>
      <trkpt lat="38.834034" lon="-0.134038">
        <ele>124.582027</ele>
        <time>2026-02-23T15:32:41.990Z</time>
      </trkpt>
      <trkpt lat="38.834067" lon="-0.134075">
        <ele>124.779734</ele>
        <time>2026-02-23T15:32:43.391Z</time>
      </trkpt>
      <trkpt lat="38.834108" lon="-0.134075">
        <ele>124.964741</ele>
        <time>2026-02-23T15:32:44.692Z</time>
      </trkpt>
      <trkpt lat="38.834175" lon="-0.134014">
        <ele>125.688616</ele>
        <time>2026-02-23T15:32:47.313Z</time>
      </trkpt>
      <trkpt lat="38.834754" lon="-0.133168">
        <ele>135.162457</ele>
        <time>2026-02-23T15:33:24.768Z</time>
      </trkpt>
      <trkpt lat="38.834988" lon="-0.132948">
        <ele>138.294839</ele>
        <time>2026-02-23T15:33:42.906Z</time>
      </trkpt>
      <trkpt lat="38.835143" lon="-0.132905">
        <ele>140.007446</ele>
        <time>2026-02-23T15:33:54.165Z</time>
      </trkpt>
      <trkpt lat="38.835300" lon="-0.132924">
        <ele>141.710529</ele>
        <time>2026-02-23T15:34:06.271Z</time>
      </trkpt>
      <trkpt lat="38.835452" lon="-0.133032">
        <ele>143.586751</ele>
        <time>2026-02-23T15:34:20.742Z</time>
      </trkpt>
      <trkpt lat="38.835576" lon="-0.133181">
        <ele>146.221887</ele>
        <time>2026-02-23T15:34:35.961Z</time>
      </trkpt>
      <trkpt lat="38.835619" lon="-0.133270">
        <ele>147.874751</ele>
        <time>2026-02-23T15:34:43.625Z</time>
      </trkpt>
      <trkpt lat="38.836277" lon="-0.134837">
        <ele>175.969826</ele>
        <time>2026-02-23T15:37:08.206Z</time>
      </trkpt>
      <trkpt lat="38.836450" lon="-0.135106">
        <ele>181.309893</ele>
        <time>2026-02-23T15:37:34.997Z</time>
      </trkpt>
      <trkpt lat="38.836486" lon="-0.135284">
        <ele>183.300624</ele>
        <time>2026-02-23T15:37:48.793Z</time>
      </trkpt>
      <trkpt lat="38.836450" lon="-0.135445">
        <ele>185.113827</ele>
        <time>2026-02-23T15:38:01.226Z</time>
      </trkpt>
      <trkpt lat="38.835982" lon="-0.136741">
        <ele>200.577256</ele>
        <time>2026-02-23T15:39:20.184Z</time>
      </trkpt>
      <trkpt lat="38.835941" lon="-0.137098">
        <ele>204.483569</ele>
        <time>2026-02-23T15:39:33.472Z</time>
      </trkpt>
      <trkpt lat="38.835916" lon="-0.137163">
        <ele>205.268295</ele>
        <time>2026-02-23T15:39:35.954Z</time>
      </trkpt>
      <trkpt lat="38.835873" lon="-0.137202">
        <ele>205.997757</ele>
        <time>2026-02-23T15:39:38.254Z</time>
      </trkpt>
      <trkpt lat="38.835828" lon="-0.137189">
        <ele>206.613239</ele>
        <time>2026-02-23T15:39:40.430Z</time>
      </trkpt>
      <trkpt lat="38.835766" lon="-0.137070">
        <ele>208.101304</ele>
        <time>2026-02-23T15:39:45.388Z</time>
      </trkpt>
      <trkpt lat="38.835736" lon="-0.136895">
        <ele>209.963788</ele>
        <time>2026-02-23T15:39:51.785Z</time>
      </trkpt>
      <trkpt lat="38.835719" lon="-0.136542">
        <ele>213.639889</ele>
        <time>2026-02-23T15:40:05.242Z</time>
      </trkpt>
      <trkpt lat="38.835684" lon="-0.136497">
        <ele>214.300865</ele>
        <time>2026-02-23T15:40:07.836Z</time>
      </trkpt>
      <trkpt lat="38.835650" lon="-0.136499">
        <ele>214.755027</ele>
        <time>2026-02-23T15:40:09.689Z</time>
      </trkpt>
      <trkpt lat="38.835615" lon="-0.136575">
        <ele>215.672705</ele>
        <time>2026-02-23T15:40:13.187Z</time>
      </trkpt>
      <trkpt lat="38.835593" lon="-0.137003">
        <ele>220.131036</ele>
        <time>2026-02-23T15:40:33.168Z</time>
      </trkpt>
      <trkpt lat="38.835641" lon="-0.137380">
        <ele>224.101594</ele>
        <time>2026-02-23T15:40:55.273Z</time>
      </trkpt>
      <trkpt lat="38.835730" lon="-0.137516">
        <ele>225.947835</ele>
        <time>2026-02-23T15:41:07.131Z</time>
      </trkpt>
      <trkpt lat="38.836059" lon="-0.137730">
        <ele>231.339049</ele>
        <time>2026-02-23T15:41:43.138Z</time>
      </trkpt>
      <trkpt lat="38.836157" lon="-0.137883">
        <ele>234.444807</ele>
        <time>2026-02-23T15:41:59.467Z</time>
      </trkpt>
      <trkpt lat="38.836188" lon="-0.138003">
        <ele>236.427050</ele>
        <time>2026-02-23T15:42:09.887Z</time>
      </trkpt>
      <trkpt lat="38.836154" lon="-0.138273">
        <ele>240.715322</ele>
        <time>2026-02-23T15:42:32.475Z</time>
      </trkpt>
      <trkpt lat="38.836046" lon="-0.138524">
        <ele>245.211235</ele>
        <time>2026-02-23T15:42:56.216Z</time>
      </trkpt>
      <trkpt lat="38.835922" lon="-0.138927">
        <ele>252.004959</ele>
        <time>2026-02-23T15:43:31.293Z</time>
      </trkpt>
      <trkpt lat="38.835911" lon="-0.139046">
        <ele>253.883850</ele>
        <time>2026-02-23T15:43:40.644Z</time>
      </trkpt>
      <trkpt lat="38.835941" lon="-0.139173">
        <ele>255.964628</ele>
        <time>2026-02-23T15:43:50.909Z</time>
      </trkpt>
      <trkpt lat="38.836006" lon="-0.139445">
        <ele>260.425489</ele>
        <time>2026-02-23T15:44:12.224Z</time>
      </trkpt>
      <trkpt lat="38.836008" lon="-0.139534">
        <ele>261.821498</ele>
        <time>2026-02-23T15:44:18.619Z</time>
      </trkpt>
      <trkpt lat="38.835893" lon="-0.140068">
        <ele>268.564565</ele>
        <time>2026-02-23T15:44:55.585Z</time>
      </trkpt>
      <trkpt lat="38.835831" lon="-0.140808">
        <ele>275.030653</ele>
        <time>2026-02-23T15:45:33.559Z</time>
      </trkpt>
      <trkpt lat="38.835667" lon="-0.141222">
        <ele>279.065819</ele>
        <time>2026-02-23T15:45:49.185Z</time>
      </trkpt>
      <trkpt lat="38.835565" lon="-0.141642">
        <ele>282.887960</ele>
        <time>2026-02-23T15:46:03.724Z</time>
      </trkpt>
      <trkpt lat="38.835465" lon="-0.141720">
        <ele>284.193022</ele>
        <time>2026-02-23T15:46:09.179Z</time>
      </trkpt>
      <trkpt lat="38.835133" lon="-0.141797">
        <ele>288.445390</ele>
        <time>2026-02-23T15:46:25.952Z</time>
      </trkpt>
      <trkpt lat="38.835074" lon="-0.141886">
        <ele>289.745434</ele>
        <time>2026-02-23T15:46:30.725Z</time>
      </trkpt>
      <trkpt lat="38.835064" lon="-0.141946">
        <ele>290.427988</ele>
        <time>2026-02-23T15:46:33.432Z</time>
      </trkpt>
      <trkpt lat="38.835050" lon="-0.142303">
        <ele>294.404329</ele>
        <time>2026-02-23T15:46:50.041Z</time>
      </trkpt>
      <trkpt lat="38.834985" lon="-0.142533">
        <ele>297.126063</ele>
        <time>2026-02-23T15:47:03.139Z</time>
      </trkpt>
      <trkpt lat="38.834985" lon="-0.142587">
        <ele>297.726766</ele>
        <time>2026-02-23T15:47:06.178Z</time>
      </trkpt>
      <trkpt lat="38.835036" lon="-0.142671">
        <ele>298.911505</ele>
        <time>2026-02-23T15:47:12.125Z</time>
      </trkpt>
      <trkpt lat="38.835082" lon="-0.142689">
        <ele>299.598263</ele>
        <time>2026-02-23T15:47:15.721Z</time>
      </trkpt>
      <trkpt lat="38.835323" lon="-0.142634">
        <ele>303.093903</ele>
        <time>2026-02-23T15:47:34.598Z</time>
      </trkpt>
      <trkpt lat="38.835397" lon="-0.142650">
        <ele>304.165569</ele>
        <time>2026-02-23T15:47:41.107Z</time>
      </trkpt>
      <trkpt lat="38.835518" lon="-0.142747">
        <ele>306.202781</ele>
        <time>2026-02-23T15:47:53.848Z</time>
      </trkpt>
      <trkpt lat="38.835780" lon="-0.143113">
        <ele>311.732308</ele>
        <time>2026-02-23T15:48:31.102Z</time>
      </trkpt>
      <trkpt lat="38.835866" lon="-0.143156">
        <ele>313.131616</ele>
        <time>2026-02-23T15:48:39.909Z</time>
      </trkpt>
      <trkpt lat="38.836121" lon="-0.143117">
        <ele>317.057321</ele>
        <time>2026-02-23T15:49:03.348Z</time>
      </trkpt>
      <trkpt lat="38.836197" lon="-0.143165">
        <ele>318.352103</ele>
        <time>2026-02-23T15:49:10.689Z</time>
      </trkpt>
      <trkpt lat="38.836205" lon="-0.143278">
        <ele>319.703202</ele>
        <time>2026-02-23T15:49:18.250Z</time>
      </trkpt>
      <trkpt lat="38.836173" lon="-0.143369">
        <ele>320.892091</ele>
        <time>2026-02-23T15:49:24.693Z</time>
      </trkpt>
      <trkpt lat="38.835668" lon="-0.144357">
        <ele>334.963490</ele>
        <time>2026-02-23T15:50:31.148Z</time>
      </trkpt>
      <trkpt lat="38.835635" lon="-0.144458">
        <ele>336.267678</ele>
        <time>2026-02-23T15:50:36.902Z</time>
      </trkpt>
      <trkpt lat="38.835638" lon="-0.144967">
        <ele>341.281995</ele>
        <time>2026-02-23T15:51:03.672Z</time>
      </trkpt>
      <trkpt lat="38.835621" lon="-0.145081">
        <ele>342.171485</ele>
        <time>2026-02-23T15:51:09.644Z</time>
      </trkpt>
      <trkpt lat="38.835323" lon="-0.146373">
        <ele>352.497523</ele>
        <time>2026-02-23T15:52:10.446Z</time>
      </trkpt>
      <trkpt lat="38.835278" lon="-0.146845">
        <ele>356.141646</ele>
        <time>2026-02-23T15:52:26.726Z</time>
      </trkpt>
      <trkpt lat="38.835092" lon="-0.147359">
        <ele>358.600744</ele>
        <time>2026-02-23T15:52:42.200Z</time>
      </trkpt>
      <trkpt lat="38.835125" lon="-0.147781">
        <ele>360.048642</ele>
        <time>2026-02-23T15:52:51.064Z</time>
      </trkpt>
      <trkpt lat="38.834578" lon="-0.148997">
        <ele>364.842421</ele>
        <time>2026-02-23T15:53:18.076Z</time>
      </trkpt>
      <trkpt lat="38.834473" lon="-0.149297">
        <ele>368.380545</ele>
        <time>2026-02-23T15:53:28.917Z</time>
      </trkpt>
      <trkpt lat="38.834400" lon="-0.149637">
        <ele>372.506268</ele>
        <time>2026-02-23T15:53:43.772Z</time>
      </trkpt>
      <trkpt lat="38.834343" lon="-0.150322">
        <ele>380.565161</ele>
        <time>2026-02-23T15:54:22.785Z</time>
      </trkpt>
      <trkpt lat="38.833955" lon="-0.151240">
        <ele>392.914258</ele>
        <time>2026-02-23T15:55:46.237Z</time>
      </trkpt>
      <trkpt lat="38.833689" lon="-0.151687">
        <ele>400.570805</ele>
        <time>2026-02-23T15:56:32.670Z</time>
      </trkpt>
      <trkpt lat="38.833654" lon="-0.151874">
        <ele>403.188590</ele>
        <time>2026-02-23T15:56:48.332Z</time>
      </trkpt>
      <trkpt lat="38.833686" lon="-0.152097">
        <ele>406.275018</ele>
        <time>2026-02-23T15:57:05.659Z</time>
      </trkpt>
      <trkpt lat="38.833647" lon="-0.152322">
        <ele>409.412500</ele>
        <time>2026-02-23T15:57:22.177Z</time>
      </trkpt>
      <trkpt lat="38.833330" lon="-0.152899">
        <ele>419.023167</ele>
        <time>2026-02-23T15:58:05.066Z</time>
      </trkpt>
      <trkpt lat="38.833258" lon="-0.153061">
        <ele>421.561898</ele>
        <time>2026-02-23T15:58:14.320Z</time>
      </trkpt>
      <trkpt lat="38.833261" lon="-0.153130">
        <ele>422.502556</ele>
        <time>2026-02-23T15:58:17.539Z</time>
      </trkpt>
      <trkpt lat="38.833549" lon="-0.153386">
        <ele>424.950389</ele>
        <time>2026-02-23T15:58:35.722Z</time>
      </trkpt>
      <trkpt lat="38.833722" lon="-0.153793">
        <ele>426.814694</ele>
        <time>2026-02-23T15:58:50.010Z</time>
      </trkpt>
      <trkpt lat="38.833848" lon="-0.154187">
        <ele>428.527244</ele>
        <time>2026-02-23T15:59:00.103Z</time>
      </trkpt>
      <trkpt lat="38.833863" lon="-0.154332">
        <ele>429.115395</ele>
        <time>2026-02-23T15:59:03.201Z</time>
      </trkpt>
      <trkpt lat="38.833852" lon="-0.154474">
        <ele>429.689180</ele>
        <time>2026-02-23T15:59:06.174Z</time>
      </trkpt>
      <trkpt lat="38.833815" lon="-0.154604">
        <ele>430.245697</ele>
        <time>2026-02-23T15:59:08.958Z</time>
      </trkpt>
      <trkpt lat="38.833399" lon="-0.155519">
        <ele>432.881177</ele>
        <time>2026-02-23T15:59:27.462Z</time>
      </trkpt>
      <trkpt lat="38.833349" lon="-0.155602">
        <ele>432.924625</ele>
        <time>2026-02-23T15:59:28.976Z</time>
      </trkpt>
      <trkpt lat="38.833311" lon="-0.155667">
        <ele>432.958278</ele>
        <time>2026-02-23T15:59:30.111Z</time>
      </trkpt>
      <trkpt lat="38.832714" lon="-0.156475">
        <ele>433.419432</ele>
        <time>2026-02-23T15:59:42.825Z</time>
      </trkpt>
      <trkpt lat="38.832595" lon="-0.156751">
        <ele>433.550061</ele>
        <time>2026-02-23T15:59:46.255Z</time>
      </trkpt>
      <trkpt lat="38.832559" lon="-0.156910">
        <ele>433.618627</ele>
        <time>2026-02-23T15:59:48.016Z</time>
      </trkpt>
      <trkpt lat="38.832539" lon="-0.157210">
        <ele>434.008783</ele>
        <time>2026-02-23T15:59:51.368Z</time>
      </trkpt>
      <trkpt lat="38.832608" lon="-0.157972">
        <ele>435.238143</ele>
        <time>2026-02-23T16:00:01.838Z</time>
      </trkpt>
      <trkpt lat="38.832593" lon="-0.158076">
        <ele>435.407640</ele>
        <time>2026-02-23T16:00:03.534Z</time>
      </trkpt>
      <trkpt lat="38.832466" lon="-0.158415">
        <ele>436.010462</ele>
        <time>2026-02-23T16:00:10.391Z</time>
      </trkpt>
      <trkpt lat="38.832465" lon="-0.158671">
        <ele>436.420718</ele>
        <time>2026-02-23T16:00:15.801Z</time>
      </trkpt>
      <trkpt lat="38.832436" lon="-0.159069">
        <ele>437.061315</ele>
        <time>2026-02-23T16:00:25.058Z</time>
      </trkpt>
      <trkpt lat="38.832362" lon="-0.159552">
        <ele>438.910098</ele>
        <time>2026-02-23T16:00:37.687Z</time>
      </trkpt>
      <trkpt lat="38.832259" lon="-0.160009">
        <ele>441.291440</ele>
        <time>2026-02-23T16:00:51.433Z</time>
      </trkpt>
      <trkpt lat="38.832162" lon="-0.160632">
        <ele>444.471561</ele>
        <time>2026-02-23T16:01:12.151Z</time>
      </trkpt>
      <trkpt lat="38.832107" lon="-0.160792">
        <ele>445.346956</ele>
        <time>2026-02-23T16:01:18.222Z</time>
      </trkpt>
      <trkpt lat="38.831903" lon="-0.161157">
        <ele>447.595580</ele>
        <time>2026-02-23T16:01:34.032Z</time>
      </trkpt>
      <trkpt lat="38.831735" lon="-0.161635">
        <ele>450.716789</ele>
        <time>2026-02-23T16:01:53.196Z</time>
      </trkpt>
      <trkpt lat="38.831626" lon="-0.161944">
        <ele>453.057014</ele>
        <time>2026-02-23T16:02:05.734Z</time>
      </trkpt>
      <trkpt lat="38.831571" lon="-0.162220">
        <ele>455.022498</ele>
        <time>2026-02-23T16:02:16.114Z</time>
      </trkpt>
      <trkpt lat="38.831543" lon="-0.162493">
        <ele>456.922224</ele>
        <time>2026-02-23T16:02:26.432Z</time>
      </trkpt>
      <trkpt lat="38.831452" lon="-0.162883">
        <ele>459.731010</ele>
        <time>2026-02-23T16:02:42.334Z</time>
      </trkpt>
      <trkpt lat="38.831395" lon="-0.163027">
        <ele>460.845393</ele>
        <time>2026-02-23T16:02:48.850Z</time>
      </trkpt>
      <trkpt lat="38.831122" lon="-0.163512">
        <ele>465.010971</ele>
        <time>2026-02-23T16:03:14.093Z</time>
      </trkpt>
      <trkpt lat="38.831025" lon="-0.163732">
        <ele>467.236183</ele>
        <time>2026-02-23T16:03:25.582Z</time>
      </trkpt>
      <trkpt lat="38.830719" lon="-0.165399">
        <ele>482.311811</ele>
        <time>2026-02-23T16:04:46.817Z</time>
      </trkpt>
      <trkpt lat="38.830734" lon="-0.165528">
        <ele>483.459915</ele>
        <time>2026-02-23T16:04:53.444Z</time>
      </trkpt>
      <trkpt lat="38.830792" lon="-0.165591">
        <ele>484.318438</ele>
        <time>2026-02-23T16:04:58.084Z</time>
      </trkpt>
      <trkpt lat="38.830933" lon="-0.165665">
        <ele>486.035602</ele>
        <time>2026-02-23T16:05:07.890Z</time>
      </trkpt>
      <trkpt lat="38.831025" lon="-0.165785">
        <ele>487.510711</ele>
        <time>2026-02-23T16:05:16.310Z</time>
      </trkpt>
      <trkpt lat="38.831091" lon="-0.166070">
        <ele>490.115658</ele>
        <time>2026-02-23T16:05:31.023Z</time>
      </trkpt>
      <trkpt lat="38.831135" lon="-0.166444">
        <ele>493.429512</ele>
        <time>2026-02-23T16:05:49.411Z</time>
      </trkpt>
      <trkpt lat="38.831163" lon="-0.166531">
        <ele>494.254228</ele>
        <time>2026-02-23T16:05:53.912Z</time>
      </trkpt>
      <trkpt lat="38.831327" lon="-0.166789">
        <ele>497.171666</ele>
        <time>2026-02-23T16:06:09.331Z</time>
      </trkpt>
      <trkpt lat="38.831363" lon="-0.166893">
        <ele>498.168737</ele>
        <time>2026-02-23T16:06:14.756Z</time>
      </trkpt>
      <trkpt lat="38.831355" lon="-0.167066">
        <ele>499.687092</ele>
        <time>2026-02-23T16:06:23.273Z</time>
      </trkpt>
      <trkpt lat="38.831283" lon="-0.167276">
        <ele>501.697260</ele>
        <time>2026-02-23T16:06:34.252Z</time>
      </trkpt>
      <trkpt lat="38.831269" lon="-0.167619">
        <ele>504.706474</ele>
        <time>2026-02-23T16:06:50.161Z</time>
      </trkpt>
      <trkpt lat="38.831242" lon="-0.168671">
        <ele>509.116978</ele>
        <time>2026-02-23T16:07:31.949Z</time>
      </trkpt>
      <trkpt lat="38.831291" lon="-0.169233">
        <ele>511.279193</ele>
        <time>2026-02-23T16:07:45.301Z</time>
      </trkpt>
      <trkpt lat="38.831280" lon="-0.169284">
        <ele>511.481527</ele>
        <time>2026-02-23T16:07:46.202Z</time>
      </trkpt>
      <trkpt lat="38.831225" lon="-0.169327">
        <ele>511.797604</ele>
        <time>2026-02-23T16:07:47.514Z</time>
      </trkpt>
      <trkpt lat="38.831192" lon="-0.169318">
        <ele>511.963190</ele>
        <time>2026-02-23T16:07:48.152Z</time>
      </trkpt>
      <trkpt lat="38.831142" lon="-0.169241">
        <ele>512.346469</ele>
        <time>2026-02-23T16:07:49.560Z</time>
      </trkpt>
      <trkpt lat="38.831030" lon="-0.168738">
        <ele>514.307701</ele>
        <time>2026-02-23T16:07:54.803Z</time>
      </trkpt>
      <trkpt lat="38.830987" lon="-0.168209">
        <ele>515.717542</ele>
        <time>2026-02-23T16:08:00.057Z</time>
      </trkpt>
      <trkpt lat="38.830877" lon="-0.167819">
        <ele>516.816997</ele>
        <time>2026-02-23T16:08:04.421Z</time>
      </trkpt>
      <trkpt lat="38.830832" lon="-0.167578">
        <ele>517.473915</ele>
        <time>2026-02-23T16:08:07.877Z</time>
      </trkpt>
      <trkpt lat="38.830814" lon="-0.167533">
        <ele>517.608004</ele>
        <time>2026-02-23T16:08:08.677Z</time>
      </trkpt>
      <trkpt lat="38.830772" lon="-0.167525">
        <ele>517.752483</ele>
        <time>2026-02-23T16:08:09.646Z</time>
      </trkpt>
      <trkpt lat="38.830737" lon="-0.167597">
        <ele>517.977446</ele>
        <time>2026-02-23T16:08:11.299Z</time>
      </trkpt>
      <trkpt lat="38.830664" lon="-0.168631">
        <ele>521.924529</ele>
        <time>2026-02-23T16:08:45.660Z</time>
      </trkpt>
      <trkpt lat="38.830643" lon="-0.168732">
        <ele>523.051297</ele>
        <time>2026-02-23T16:08:50.717Z</time>
      </trkpt>
      <trkpt lat="38.830479" lon="-0.169019">
        <ele>526.887851</ele>
        <time>2026-02-23T16:09:09.605Z</time>
      </trkpt>
      <trkpt lat="38.830419" lon="-0.169188">
        <ele>528.889732</ele>
        <time>2026-02-23T16:09:19.924Z</time>
      </trkpt>
      <trkpt lat="38.830259" lon="-0.170575">
        <ele>544.002998</ele>
        <time>2026-02-23T16:10:43.818Z</time>
      </trkpt>
      <trkpt lat="38.830137" lon="-0.170898">
        <ele>548.806344</ele>
        <time>2026-02-23T16:11:06.277Z</time>
      </trkpt>
      <trkpt lat="38.829484" lon="-0.172013">
        <ele>569.152076</ele>
        <time>2026-02-23T16:12:43.421Z</time>
      </trkpt>
      <trkpt lat="38.829167" lon="-0.172890">
        <ele>583.423345</ele>
        <time>2026-02-23T16:13:59.134Z</time>
      </trkpt>
      <trkpt lat="38.829027" lon="-0.173398">
        <ele>591.589822</ele>
        <time>2026-02-23T16:14:42.839Z</time>
      </trkpt>
      <trkpt lat="38.828428" lon="-0.174791">
        <ele>614.774688</ele>
        <time>2026-02-23T16:16:38.610Z</time>
      </trkpt>
      <trkpt lat="38.828309" lon="-0.174979">
        <ele>616.560784</ele>
        <time>2026-02-23T16:16:53.177Z</time>
      </trkpt>
      <trkpt lat="38.828217" lon="-0.175059">
        <ele>617.612537</ele>
        <time>2026-02-23T16:17:01.087Z</time>
      </trkpt>
      <trkpt lat="38.827913" lon="-0.175194">
        <ele>620.657173</ele>
        <time>2026-02-23T16:17:21.298Z</time>
      </trkpt>
      <trkpt lat="38.827861" lon="-0.175283">
        <ele>621.477466</ele>
        <time>2026-02-23T16:17:26.102Z</time>
      </trkpt>
      <trkpt lat="38.828038" lon="-0.175379">
        <ele>623.296152</ele>
        <time>2026-02-23T16:17:36.820Z</time>
      </trkpt>
      <trkpt lat="38.828063" lon="-0.175465">
        <ele>623.972976</ele>
        <time>2026-02-23T16:17:40.572Z</time>
      </trkpt>
      <trkpt lat="38.828044" lon="-0.175651">
        <ele>625.356173</ele>
        <time>2026-02-23T16:17:47.496Z</time>
      </trkpt>
      <trkpt lat="38.828086" lon="-0.175723">
        <ele>626.019397</ele>
        <time>2026-02-23T16:17:50.416Z</time>
      </trkpt>
      <trkpt lat="38.828192" lon="-0.175694">
        <ele>627.045207</ele>
        <time>2026-02-23T16:17:54.826Z</time>
      </trkpt>
      <trkpt lat="38.828361" lon="-0.175455">
        <ele>629.425144</ele>
        <time>2026-02-23T16:18:03.366Z</time>
      </trkpt>
      <trkpt lat="38.828739" lon="-0.175067">
        <ele>632.584863</ele>
        <time>2026-02-23T16:18:18.063Z</time>
      </trkpt>
      <trkpt lat="38.829216" lon="-0.174446">
        <ele>636.055678</ele>
        <time>2026-02-23T16:18:36.578Z</time>
      </trkpt>
      <trkpt lat="38.829719" lon="-0.174068">
        <ele>639.033345</ele>
        <time>2026-02-23T16:19:00.901Z</time>
      </trkpt>
      <trkpt lat="38.830131" lon="-0.173602">
        <ele>646.029558</ele>
        <time>2026-02-23T16:19:37.197Z</time>
      </trkpt>
      <trkpt lat="38.830193" lon="-0.173582">
        <ele>647.146548</ele>
        <time>2026-02-23T16:19:42.242Z</time>
      </trkpt>
      <trkpt lat="38.830218" lon="-0.173656">
        <ele>648.244433</ele>
        <time>2026-02-23T16:19:47.567Z</time>
      </trkpt>
      <trkpt lat="38.830098" lon="-0.173901">
        <ele>652.183611</ele>
        <time>2026-02-23T16:20:07.557Z</time>
      </trkpt>
      <trkpt lat="38.829887" lon="-0.174648">
        <ele>662.999114</ele>
        <time>2026-02-23T16:21:10.630Z</time>
      </trkpt>
      <trkpt lat="38.829881" lon="-0.174850">
        <ele>665.750626</ele>
        <time>2026-02-23T16:21:27.813Z</time>
      </trkpt>
      <trkpt lat="38.829952" lon="-0.175141">
        <ele>669.901287</ele>
        <time>2026-02-23T16:21:54.178Z</time>
      </trkpt>
      <trkpt lat="38.830000" lon="-0.175230">
        <ele>671.374697</ele>
        <time>2026-02-23T16:22:03.588Z</time>
      </trkpt>
      <trkpt lat="38.830093" lon="-0.175296">
        <ele>673.123044</ele>
        <time>2026-02-23T16:22:15.483Z</time>
      </trkpt>
      <trkpt lat="38.830605" lon="-0.175461">
        <ele>681.757540</ele>
        <time>2026-02-23T16:23:12.245Z</time>
      </trkpt>
      <trkpt lat="38.830717" lon="-0.175522">
        <ele>683.747556</ele>
        <time>2026-02-23T16:23:24.303Z</time>
      </trkpt>
      <trkpt lat="38.830918" lon="-0.175793">
        <ele>688.515415</ele>
        <time>2026-02-23T16:23:50.531Z</time>
      </trkpt>
      <trkpt lat="38.831076" lon="-0.176193">
        <ele>694.229925</ele>
        <time>2026-02-23T16:24:17.026Z</time>
      </trkpt>
      <trkpt lat="38.831073" lon="-0.176222">
        <ele>694.602682</ele>
        <time>2026-02-23T16:24:18.587Z</time>
      </trkpt>
      <trkpt lat="38.831040" lon="-0.176238">
        <ele>695.179670</ele>
        <time>2026-02-23T16:24:21.015Z</time>
      </trkpt>
      <trkpt lat="38.830911" lon="-0.176124">
        <ele>697.741333</ele>
        <time>2026-02-23T16:24:31.206Z</time>
      </trkpt>
      <trkpt lat="38.830656" lon="-0.176054">
        <ele>701.429674</ele>
        <time>2026-02-23T16:24:46.330Z</time>
      </trkpt>
      <trkpt lat="38.830145" lon="-0.176154">
        <ele>705.250323</ele>
        <time>2026-02-23T16:25:15.398Z</time>
      </trkpt>
      <trkpt lat="38.829712" lon="-0.176292">
        <ele>708.547970</ele>
        <time>2026-02-23T16:25:36.044Z</time>
      </trkpt>
      <trkpt lat="38.829660" lon="-0.176336">
        <ele>709.008313</ele>
        <time>2026-02-23T16:25:38.812Z</time>
      </trkpt>
      <trkpt lat="38.829674" lon="-0.176413">
        <ele>709.463595</ele>
        <time>2026-02-23T16:25:41.653Z</time>
      </trkpt>
      <trkpt lat="38.830088" lon="-0.176530">
        <ele>712.596920</ele>
        <time>2026-02-23T16:26:03.369Z</time>
      </trkpt>
      <trkpt lat="38.830124" lon="-0.176572">
        <ele>712.956487</ele>
        <time>2026-02-23T16:26:05.453Z</time>
      </trkpt>
      <trkpt lat="38.830106" lon="-0.176616">
        <ele>713.242648</ele>
        <time>2026-02-23T16:26:07.077Z</time>
      </trkpt>
      <trkpt lat="38.829984" lon="-0.176666">
        <ele>714.189243</ele>
        <time>2026-02-23T16:26:12.454Z</time>
      </trkpt>
      <trkpt lat="38.829921" lon="-0.176722">
        <ele>714.167631</ele>
        <time>2026-02-23T16:26:15.575Z</time>
      </trkpt>
      <trkpt lat="38.829908" lon="-0.176804">
        <ele>714.090742</ele>
        <time>2026-02-23T16:26:17.947Z</time>
      </trkpt>
      <trkpt lat="38.829932" lon="-0.176866">
        <ele>714.027128</ele>
        <time>2026-02-23T16:26:19.794Z</time>
      </trkpt>
      <trkpt lat="38.830004" lon="-0.176912">
        <ele>713.932268</ele>
        <time>2026-02-23T16:26:22.668Z</time>
      </trkpt>
      <trkpt lat="38.830192" lon="-0.176923">
        <ele>713.710292</ele>
        <time>2026-02-23T16:26:29.642Z</time>
      </trkpt>
      <trkpt lat="38.830416" lon="-0.177048">
        <ele>713.422200</ele>
        <time>2026-02-23T16:26:36.938Z</time>
      </trkpt>
      <trkpt lat="38.830192" lon="-0.176923">
        <ele>713.134109</ele>
        <time>2026-02-23T16:26:40.654Z</time>
      </trkpt>
      <trkpt lat="38.830004" lon="-0.176912">
        <ele>712.912133</ele>
        <time>2026-02-23T16:26:43.288Z</time>
      </trkpt>
      <trkpt lat="38.829932" lon="-0.176866">
        <ele>712.817273</ele>
        <time>2026-02-23T16:26:44.420Z</time>
      </trkpt>
      <trkpt lat="38.829908" lon="-0.176804">
        <ele>712.753659</ele>
        <time>2026-02-23T16:26:45.192Z</time>
      </trkpt>
      <trkpt lat="38.829921" lon="-0.176722">
        <ele>712.676770</ele>
        <time>2026-02-23T16:26:46.111Z</time>
      </trkpt>
      <trkpt lat="38.829984" lon="-0.176666">
        <ele>712.586386</ele>
        <time>2026-02-23T16:26:47.146Z</time>
      </trkpt>
      <trkpt lat="38.830106" lon="-0.176616">
        <ele>712.435331</ele>
        <time>2026-02-23T16:26:48.844Z</time>
      </trkpt>
      <trkpt lat="38.830124" lon="-0.176572">
        <ele>712.389667</ele>
        <time>2026-02-23T16:26:49.363Z</time>
      </trkpt>
      <trkpt lat="38.830088" lon="-0.176530">
        <ele>712.332288</ele>
        <time>2026-02-23T16:26:50.007Z</time>
      </trkpt>
      <trkpt lat="38.829674" lon="-0.176413">
        <ele>709.926273</ele>
        <time>2026-02-23T16:26:55.364Z</time>
      </trkpt>
      <trkpt lat="38.829660" lon="-0.176336">
        <ele>709.383854</ele>
        <time>2026-02-23T16:26:56.163Z</time>
      </trkpt>
      <trkpt lat="38.829712" lon="-0.176292">
        <ele>708.835406</ele>
        <time>2026-02-23T16:26:56.977Z</time>
      </trkpt>
      <trkpt lat="38.830145" lon="-0.176154">
        <ele>704.906617</ele>
        <time>2026-02-23T16:27:02.759Z</time>
      </trkpt>
      <trkpt lat="38.830656" lon="-0.176054">
        <ele>700.354728</ele>
        <time>2026-02-23T16:27:09.155Z</time>
      </trkpt>
      <trkpt lat="38.830911" lon="-0.176124">
        <ele>698.058411</ele>
        <time>2026-02-23T16:27:12.357Z</time>
      </trkpt>
      <trkpt lat="38.831040" lon="-0.176238">
        <ele>696.679271</ele>
        <time>2026-02-23T16:27:14.242Z</time>
      </trkpt>
      <trkpt lat="38.831073" lon="-0.176222">
        <ele>696.368634</ele>
        <time>2026-02-23T16:27:14.673Z</time>
      </trkpt>
      <trkpt lat="38.831076" lon="-0.176193">
        <ele>696.037131</ele>
        <time>2026-02-23T16:27:14.941Z</time>
      </trkpt>
      <trkpt lat="38.830918" lon="-0.175793">
        <ele>689.610465</ele>
        <time>2026-02-23T16:27:19.056Z</time>
      </trkpt>
      <trkpt lat="38.830717" lon="-0.175522">
        <ele>684.248425</ele>
        <time>2026-02-23T16:27:22.419Z</time>
      </trkpt>
      <trkpt lat="38.830605" lon="-0.175461">
        <ele>682.010408</ele>
        <time>2026-02-23T16:27:23.802Z</time>
      </trkpt>
      <trkpt lat="38.830093" lon="-0.175296">
        <ele>672.299860</ele>
        <time>2026-02-23T16:27:29.812Z</time>
      </trkpt>
      <trkpt lat="38.830000" lon="-0.175230">
        <ele>670.345086</ele>
        <time>2026-02-23T16:27:31.026Z</time>
      </trkpt>
      <trkpt lat="38.829952" lon="-0.175141">
        <ele>668.793897</ele>
        <time>2026-02-23T16:27:31.986Z</time>
      </trkpt>
      <trkpt lat="38.829881" lon="-0.174850">
        <ele>664.424130</ele>
        <time>2026-02-23T16:27:34.678Z</time>
      </trkpt>
      <trkpt lat="38.829887" lon="-0.174648">
        <ele>661.854422</ele>
        <time>2026-02-23T16:27:36.476Z</time>
      </trkpt>
      <trkpt lat="38.830098" lon="-0.173901">
        <ele>652.691917</ele>
        <time>2026-02-23T16:27:43.543Z</time>
      </trkpt>
      <trkpt lat="38.830218" lon="-0.173656">
        <ele>649.354788</ele>
        <time>2026-02-23T16:27:46.150Z</time>
      </trkpt>
      <trkpt lat="38.830193" lon="-0.173582">
        <ele>648.424700</ele>
        <time>2026-02-23T16:27:46.882Z</time>
      </trkpt>
      <trkpt lat="38.830131" lon="-0.173602">
        <ele>647.478426</ele>
        <time>2026-02-23T16:27:47.626Z</time>
      </trkpt>
      <trkpt lat="38.829719" lon="-0.174068">
        <ele>639.350281</ele>
        <time>2026-02-23T16:27:54.224Z</time>
      </trkpt>
      <trkpt lat="38.829216" lon="-0.174446">
        <ele>635.011725</ele>
        <time>2026-02-23T16:28:02.002Z</time>
      </trkpt>
      <trkpt lat="38.828739" lon="-0.175067">
        <ele>632.321841</ele>
        <time>2026-02-23T16:28:12.924Z</time>
      </trkpt>
      <trkpt lat="38.828361" lon="-0.175455">
        <ele>630.405584</ele>
        <time>2026-02-23T16:28:20.284Z</time>
      </trkpt>
      <trkpt lat="38.828192" lon="-0.175694">
        <ele>629.367248</ele>
        <time>2026-02-23T16:28:23.902Z</time>
      </trkpt>
      <trkpt lat="38.828086" lon="-0.175723">
        <ele>628.543251</ele>
        <time>2026-02-23T16:28:25.386Z</time>
      </trkpt>
      <trkpt lat="38.828044" lon="-0.175651">
        <ele>628.010506</ele>
        <time>2026-02-23T16:28:26.333Z</time>
      </trkpt>
      <trkpt lat="38.828063" lon="-0.175465">
        <ele>626.899431</ele>
        <time>2026-02-23T16:28:28.282Z</time>
      </trkpt>
      <trkpt lat="38.828038" lon="-0.175379">
        <ele>626.355762</ele>
        <time>2026-02-23T16:28:29.216Z</time>
      </trkpt>
      <trkpt lat="38.827861" lon="-0.175283">
        <ele>624.894874</ele>
        <time>2026-02-23T16:28:31.688Z</time>
      </trkpt>
      <trkpt lat="38.827807" lon="-0.175668">
        <ele>622.577918</ele>
        <time>2026-02-23T16:28:34.385Z</time>
      </trkpt>
      <trkpt lat="38.827619" lon="-0.176298">
        <ele>618.582137</ele>
        <time>2026-02-23T16:28:38.936Z</time>
      </trkpt>
      <trkpt lat="38.827615" lon="-0.176952">
        <ele>614.661414</ele>
        <time>2026-02-23T16:28:43.338Z</time>
      </trkpt>
      <trkpt lat="38.827686" lon="-0.177558">
        <ele>610.872668</ele>
        <time>2026-02-23T16:28:47.472Z</time>
      </trkpt>
      <trkpt lat="38.827607" lon="-0.178415">
        <ele>605.537276</ele>
        <time>2026-02-23T16:28:53.397Z</time>
      </trkpt>
      <trkpt lat="38.827255" lon="-0.180056">
        <ele>596.990174</ele>
        <time>2026-02-23T16:29:05.607Z</time>
      </trkpt>
      <trkpt lat="38.827120" lon="-0.180296">
        <ele>595.716943</ele>
        <time>2026-02-23T16:29:07.808Z</time>
      </trkpt>
      <trkpt lat="38.826908" lon="-0.180584">
        <ele>594.012705</ele>
        <time>2026-02-23T16:29:10.745Z</time>
      </trkpt>
      <trkpt lat="38.826881" lon="-0.180683">
        <ele>593.561553</ele>
        <time>2026-02-23T16:29:11.521Z</time>
      </trkpt>
      <trkpt lat="38.826895" lon="-0.181719">
        <ele>588.535285</ele>
        <time>2026-02-23T16:29:19.004Z</time>
      </trkpt>
      <trkpt lat="38.827023" lon="-0.182298">
        <ele>585.350144</ele>
        <time>2026-02-23T16:29:23.244Z</time>
      </trkpt>
      <trkpt lat="38.827129" lon="-0.182912">
        <ele>582.021938</ele>
        <time>2026-02-23T16:29:27.608Z</time>
      </trkpt>
      <trkpt lat="38.827222" lon="-0.183544">
        <ele>578.596392</ele>
        <time>2026-02-23T16:29:32.039Z</time>
      </trkpt>
      <trkpt lat="38.827230" lon="-0.183811">
        <ele>577.140772</ele>
        <time>2026-02-23T16:29:33.888Z</time>
      </trkpt>
      <trkpt lat="38.827166" lon="-0.183966">
        <ele>576.185102</ele>
        <time>2026-02-23T16:29:35.097Z</time>
      </trkpt>
      <trkpt lat="38.826977" lon="-0.184266">
        <ele>574.083249</ele>
        <time>2026-02-23T16:29:37.770Z</time>
      </trkpt>
      <trkpt lat="38.826117" lon="-0.184900">
        <ele>567.148113</ele>
        <time>2026-02-23T16:29:46.745Z</time>
      </trkpt>
      <trkpt lat="38.826004" lon="-0.185070">
        <ele>566.182070</ele>
        <time>2026-02-23T16:29:48.329Z</time>
      </trkpt>
      <trkpt lat="38.825980" lon="-0.185210">
        <ele>565.632012</ele>
        <time>2026-02-23T16:29:49.347Z</time>
      </trkpt>
      <trkpt lat="38.825978" lon="-0.185893">
        <ele>563.011195</ele>
        <time>2026-02-23T16:29:54.228Z</time>
      </trkpt>
      <trkpt lat="38.825981" lon="-0.186554">
        <ele>560.474771</ele>
        <time>2026-02-23T16:29:59.105Z</time>
      </trkpt>
      <trkpt lat="38.826023" lon="-0.186922">
        <ele>559.047615</ele>
        <time>2026-02-23T16:30:01.910Z</time>
      </trkpt>
      <trkpt lat="38.826196" lon="-0.187073">
        <ele>558.017178</ele>
        <time>2026-02-23T16:30:03.990Z</time>
      </trkpt>
      <trkpt lat="38.826257" lon="-0.187188">
        <ele>557.852853</ele>
        <time>2026-02-23T16:30:05.098Z</time>
      </trkpt>
      <trkpt lat="38.826301" lon="-0.187344">
        <ele>557.752695</ele>
        <time>2026-02-23T16:30:06.457Z</time>
      </trkpt>
      <trkpt lat="38.826461" lon="-0.187834">
        <ele>557.431954</ele>
        <time>2026-02-23T16:30:11.124Z</time>
      </trkpt>
      <trkpt lat="38.826575" lon="-0.188095">
        <ele>557.251316</ele>
        <time>2026-02-23T16:30:14.172Z</time>
      </trkpt>
      <trkpt lat="38.826590" lon="-0.188151">
        <ele>557.215567</ele>
        <time>2026-02-23T16:30:14.843Z</time>
      </trkpt>
      <trkpt lat="38.826572" lon="-0.188258">
        <ele>557.149483</ele>
        <time>2026-02-23T16:30:16.135Z</time>
      </trkpt>
      <trkpt lat="38.826201" lon="-0.188623">
        <ele>556.787262</ele>
        <time>2026-02-23T16:30:23.265Z</time>
      </trkpt>
      <trkpt lat="38.825928" lon="-0.188988">
        <ele>556.657160</ele>
        <time>2026-02-23T16:30:30.130Z</time>
      </trkpt>
      <trkpt lat="38.825749" lon="-0.189295">
        <ele>557.303190</ele>
        <time>2026-02-23T16:30:35.990Z</time>
      </trkpt>
      <trkpt lat="38.825358" lon="-0.190226">
        <ele>559.085087</ele>
        <time>2026-02-23T16:30:55.520Z</time>
      </trkpt>
      <trkpt lat="38.825004" lon="-0.191219">
        <ele>560.946020</ele>
        <time>2026-02-23T16:31:19.041Z</time>
      </trkpt>
      <trkpt lat="38.824684" lon="-0.191860">
        <ele>562.282100</ele>
        <time>2026-02-23T16:31:34.234Z</time>
      </trkpt>
      <trkpt lat="38.824435" lon="-0.192680">
        <ele>563.826632</ele>
        <time>2026-02-23T16:31:48.788Z</time>
      </trkpt>
      <trkpt lat="38.824356" lon="-0.193387">
        <ele>565.180172</ele>
        <time>2026-02-23T16:32:00.651Z</time>
      </trkpt>
      <trkpt lat="38.824296" lon="-0.193708">
        <ele>565.854446</ele>
        <time>2026-02-23T16:32:06.841Z</time>
      </trkpt>
      <trkpt lat="38.824219" lon="-0.193932">
        <ele>566.354542</ele>
        <time>2026-02-23T16:32:11.793Z</time>
      </trkpt>
      <trkpt lat="38.824117" lon="-0.194120">
        <ele>566.822491</ele>
        <time>2026-02-23T16:32:16.715Z</time>
      </trkpt>
      <trkpt lat="38.823683" lon="-0.194722">
        <ele>568.497826</ele>
        <time>2026-02-23T16:32:34.713Z</time>
      </trkpt>
      <trkpt lat="38.823338" lon="-0.195084">
        <ele>569.352864</ele>
        <time>2026-02-23T16:32:46.379Z</time>
      </trkpt>
      <trkpt lat="38.822826" lon="-0.195549">
        <ele>569.926307</ele>
        <time>2026-02-23T16:32:59.972Z</time>
      </trkpt>
      <trkpt lat="38.822600" lon="-0.195823">
        <ele>570.210538</ele>
        <time>2026-02-23T16:33:05.435Z</time>
      </trkpt>
      <trkpt lat="38.822174" lon="-0.196742">
        <ele>570.625282</ele>
        <time>2026-02-23T16:33:17.077Z</time>
      </trkpt>
      <trkpt lat="38.821628" lon="-0.197592">
        <ele>569.501364</ele>
        <time>2026-02-23T16:33:26.893Z</time>
      </trkpt>
      <trkpt lat="38.821423" lon="-0.197804">
        <ele>569.156630</ele>
        <time>2026-02-23T16:33:29.939Z</time>
      </trkpt>
      <trkpt lat="38.821173" lon="-0.197992">
        <ele>568.777211</ele>
        <time>2026-02-23T16:33:33.333Z</time>
      </trkpt>
      <trkpt lat="38.821070" lon="-0.198038">
        <ele>568.634403</ele>
        <time>2026-02-23T16:33:34.607Z</time>
      </trkpt>
      <trkpt lat="38.820860" lon="-0.198141">
        <ele>568.137109</ele>
        <time>2026-02-23T16:33:37.230Z</time>
      </trkpt>
      <trkpt lat="38.820789" lon="-0.198202">
        <ele>567.856192</ele>
        <time>2026-02-23T16:33:38.200Z</time>
      </trkpt>
      <trkpt lat="38.820555" lon="-0.198508">
        <ele>566.757826</ele>
        <time>2026-02-23T16:33:41.882Z</time>
      </trkpt>
      <trkpt lat="38.820458" lon="-0.198590">
        <ele>566.375934</ele>
        <time>2026-02-23T16:33:43.133Z</time>
      </trkpt>
      <trkpt lat="38.820355" lon="-0.198591">
        <ele>566.037265</ele>
        <time>2026-02-23T16:33:44.256Z</time>
      </trkpt>
      <trkpt lat="38.820042" lon="-0.198434">
        <ele>564.932338</ele>
        <time>2026-02-23T16:33:47.792Z</time>
      </trkpt>
      <trkpt lat="38.819511" lon="-0.197773">
        <ele>562.459471</ele>
        <time>2026-02-23T16:33:54.864Z</time>
      </trkpt>
      <trkpt lat="38.819012" lon="-0.196346">
        <ele>555.747307</ele>
        <time>2026-02-23T16:34:05.911Z</time>
      </trkpt>
      <trkpt lat="38.818971" lon="-0.196286">
        <ele>555.404831</ele>
        <time>2026-02-23T16:34:06.487Z</time>
      </trkpt>
      <trkpt lat="38.818910" lon="-0.196257">
        <ele>555.046546</ele>
        <time>2026-02-23T16:34:07.091Z</time>
      </trkpt>
      <trkpt lat="38.818809" lon="-0.196311">
        <ele>554.443920</ele>
        <time>2026-02-23T16:34:08.117Z</time>
      </trkpt>
      <trkpt lat="38.818503" lon="-0.196702">
        <ele>552.423191</ele>
        <time>2026-02-23T16:34:12.242Z</time>
      </trkpt>
      <trkpt lat="38.818055" lon="-0.197025">
        <ele>551.313257</ele>
        <time>2026-02-23T16:34:17.581Z</time>
      </trkpt>
      <trkpt lat="38.817819" lon="-0.197076">
        <ele>550.796309</ele>
        <time>2026-02-23T16:34:20.284Z</time>
      </trkpt>
      <trkpt lat="38.817508" lon="-0.196965">
        <ele>550.099042</ele>
        <time>2026-02-23T16:34:24.020Z</time>
      </trkpt>
      <trkpt lat="38.817428" lon="-0.196959">
        <ele>549.925943</ele>
        <time>2026-02-23T16:34:24.971Z</time>
      </trkpt>
      <trkpt lat="38.817349" lon="-0.196992">
        <ele>549.746488</ele>
        <time>2026-02-23T16:34:25.962Z</time>
      </trkpt>
      <trkpt lat="38.817214" lon="-0.197150">
        <ele>549.351842</ele>
        <time>2026-02-23T16:34:28.172Z</time>
      </trkpt>
      <trkpt lat="38.817087" lon="-0.197429">
        <ele>548.808022</ele>
        <time>2026-02-23T16:34:31.330Z</time>
      </trkpt>
      <trkpt lat="38.816713" lon="-0.198659">
        <ele>548.273627</ele>
        <time>2026-02-23T16:34:43.732Z</time>
      </trkpt>
      <trkpt lat="38.816663" lon="-0.198711">
        <ele>548.242100</ele>
        <time>2026-02-23T16:34:44.492Z</time>
      </trkpt>
      <trkpt lat="38.816605" lon="-0.198724">
        <ele>548.213256</ele>
        <time>2026-02-23T16:34:45.195Z</time>
      </trkpt>
      <trkpt lat="38.816484" lon="-0.198657">
        <ele>548.148696</ele>
        <time>2026-02-23T16:34:46.796Z</time>
      </trkpt>
      <trkpt lat="38.816373" lon="-0.198661">
        <ele>548.094296</ele>
        <time>2026-02-23T16:34:48.169Z</time>
      </trkpt>
      <trkpt lat="38.816244" lon="-0.198755">
        <ele>548.021624</ele>
        <time>2026-02-23T16:34:50.119Z</time>
      </trkpt>
      <trkpt lat="38.816094" lon="-0.198955">
        <ele>547.915661</ele>
        <time>2026-02-23T16:34:53.362Z</time>
      </trkpt>
      <trkpt lat="38.815736" lon="-0.199763">
        <ele>550.165742</ele>
        <time>2026-02-23T16:35:10.311Z</time>
      </trkpt>
      <trkpt lat="38.815686" lon="-0.199965">
        <ele>550.729950</ele>
        <time>2026-02-23T16:35:15.724Z</time>
      </trkpt>
      <trkpt lat="38.815695" lon="-0.200066">
        <ele>551.000566</ele>
        <time>2026-02-23T16:35:18.471Z</time>
      </trkpt>
      <trkpt lat="38.815797" lon="-0.200348">
        <ele>551.828197</ele>
        <time>2026-02-23T16:35:27.129Z</time>
      </trkpt>
      <trkpt lat="38.816240" lon="-0.201054">
        <ele>554.117648</ele>
        <time>2026-02-23T16:35:51.555Z</time>
      </trkpt>
      <trkpt lat="38.816328" lon="-0.201332">
        <ele>554.443299</ele>
        <time>2026-02-23T16:35:58.883Z</time>
      </trkpt>
      <trkpt lat="38.816335" lon="-0.201520">
        <ele>554.647561</ele>
        <time>2026-02-23T16:36:03.065Z</time>
      </trkpt>
      <trkpt lat="38.816275" lon="-0.201599">
        <ele>554.767289</ele>
        <time>2026-02-23T16:36:05.384Z</time>
      </trkpt>
      <trkpt lat="38.816223" lon="-0.201603">
        <ele>554.839848</ele>
        <time>2026-02-23T16:36:06.685Z</time>
      </trkpt>
      <trkpt lat="38.815813" lon="-0.201436">
        <ele>555.438991</ele>
        <time>2026-02-23T16:36:15.579Z</time>
      </trkpt>
      <trkpt lat="38.815271" lon="-0.201386">
        <ele>556.195869</ele>
        <time>2026-02-23T16:36:22.590Z</time>
      </trkpt>
      <trkpt lat="38.815078" lon="-0.201428">
        <ele>556.468529</ele>
        <time>2026-02-23T16:36:24.999Z</time>
      </trkpt>
      <trkpt lat="38.814978" lon="-0.201487">
        <ele>556.551381</ele>
        <time>2026-02-23T16:36:26.347Z</time>
      </trkpt>
      <trkpt lat="38.814817" lon="-0.201676">
        <ele>556.600359</ele>
        <time>2026-02-23T16:36:29.050Z</time>
      </trkpt>
      <trkpt lat="38.814608" lon="-0.202037">
        <ele>556.679023</ele>
        <time>2026-02-23T16:36:33.523Z</time>
      </trkpt>
      <trkpt lat="38.814574" lon="-0.202265">
        <ele>556.719625</ele>
        <time>2026-02-23T16:36:36.005Z</time>
      </trkpt>
      <trkpt lat="38.814650" lon="-0.202921">
        <ele>556.835625</ele>
        <time>2026-02-23T16:36:44.233Z</time>
      </trkpt>
      <trkpt lat="38.814580" lon="-0.203117">
        <ele>556.873337</ele>
        <time>2026-02-23T16:36:47.373Z</time>
      </trkpt>
      <trkpt lat="38.814490" lon="-0.203203">
        <ele>556.898524</ele>
        <time>2026-02-23T16:36:49.592Z</time>
      </trkpt>
      <trkpt lat="38.814391" lon="-0.203168">
        <ele>556.921575</ele>
        <time>2026-02-23T16:36:51.668Z</time>
      </trkpt>
      <trkpt lat="38.814332" lon="-0.202919">
        <ele>557.307359</ele>
        <time>2026-02-23T16:36:55.949Z</time>
      </trkpt>
      <trkpt lat="38.814246" lon="-0.202823">
        <ele>557.674373</ele>
        <time>2026-02-23T16:36:58.469Z</time>
      </trkpt>
      <trkpt lat="38.813640" lon="-0.202517">
        <ele>559.771305</ele>
        <time>2026-02-23T16:37:14.720Z</time>
      </trkpt>
      <trkpt lat="38.813343" lon="-0.202215">
        <ele>560.991440</ele>
        <time>2026-02-23T16:37:25.552Z</time>
      </trkpt>
      <trkpt lat="38.813093" lon="-0.202057">
        <ele>561.888760</ele>
        <time>2026-02-23T16:37:34.107Z</time>
      </trkpt>
      <trkpt lat="38.812991" lon="-0.202039">
        <ele>562.220291</ele>
        <time>2026-02-23T16:37:37.465Z</time>
      </trkpt>
      <trkpt lat="38.812511" lon="-0.202228">
        <ele>565.288609</ele>
        <time>2026-02-23T16:37:55.446Z</time>
      </trkpt>
      <trkpt lat="38.812282" lon="-0.202388">
        <ele>567.232359</ele>
        <time>2026-02-23T16:38:06.175Z</time>
      </trkpt>
      <trkpt lat="38.812225" lon="-0.202690">
        <ele>569.037351</ele>
        <time>2026-02-23T16:38:16.923Z</time>
      </trkpt>
      <trkpt lat="38.812232" lon="-0.203040">
        <ele>571.071106</ele>
        <time>2026-02-23T16:38:29.782Z</time>
      </trkpt>
      <trkpt lat="38.812272" lon="-0.203342">
        <ele>572.850531</ele>
        <time>2026-02-23T16:38:41.562Z</time>
      </trkpt>
      <trkpt lat="38.812386" lon="-0.203820">
        <ele>575.754289</ele>
        <time>2026-02-23T16:39:01.737Z</time>
      </trkpt>
      <trkpt lat="38.812387" lon="-0.204218">
        <ele>578.461680</ele>
        <time>2026-02-23T16:39:18.470Z</time>
      </trkpt>
      <trkpt lat="38.812210" lon="-0.206430">
        <ele>593.539712</ele>
        <time>2026-02-23T16:40:47.654Z</time>
      </trkpt>
      <trkpt lat="38.812214" lon="-0.206768">
        <ele>595.231003</ele>
        <time>2026-02-23T16:40:59.085Z</time>
      </trkpt>
      <trkpt lat="38.812317" lon="-0.207029">
        <ele>596.694775</ele>
        <time>2026-02-23T16:41:08.531Z</time>
      </trkpt>
      <trkpt lat="38.812675" lon="-0.207599">
        <ele>600.357700</ele>
        <time>2026-02-23T16:41:29.933Z</time>
      </trkpt>
      <trkpt lat="38.813207" lon="-0.208331">
        <ele>605.385967</ele>
        <time>2026-02-23T16:41:57.309Z</time>
      </trkpt>
      <trkpt lat="38.813227" lon="-0.208540">
        <ele>606.453521</ele>
        <time>2026-02-23T16:42:03.593Z</time>
      </trkpt>
      <trkpt lat="38.813143" lon="-0.208903">
        <ele>608.373310</ele>
        <time>2026-02-23T16:42:15.488Z</time>
      </trkpt>
      <trkpt lat="38.813130" lon="-0.209218">
        <ele>609.972545</ele>
        <time>2026-02-23T16:42:25.691Z</time>
      </trkpt>
      <trkpt lat="38.813126" lon="-0.210372">
        <ele>615.821510</ele>
        <time>2026-02-23T16:43:04.751Z</time>
      </trkpt>
      <trkpt lat="38.813206" lon="-0.211149">
        <ele>619.769888</ele>
        <time>2026-02-23T16:43:31.935Z</time>
      </trkpt>
      <trkpt lat="38.813510" lon="-0.211708">
        <ele>623.204064</ele>
        <time>2026-02-23T16:43:54.948Z</time>
      </trkpt>
      <trkpt lat="38.813609" lon="-0.211846">
        <ele>624.149055</ele>
        <time>2026-02-23T16:44:00.984Z</time>
      </trkpt>
      <trkpt lat="38.813883" lon="-0.212142">
        <ele>626.464620</ele>
        <time>2026-02-23T16:44:15.250Z</time>
      </trkpt>
      <trkpt lat="38.814043" lon="-0.212370">
        <ele>627.157529</ele>
        <time>2026-02-23T16:44:23.427Z</time>
      </trkpt>
      <trkpt lat="38.813923" lon="-0.212600">
        <ele>627.108260</ele>
        <time>2026-02-23T16:44:29.771Z</time>
      </trkpt>
      <trkpt lat="38.813495" lon="-0.212966">
        <ele>626.990771</ele>
        <time>2026-02-23T16:44:41.065Z</time>
      </trkpt>
      <trkpt lat="38.812850" lon="-0.214014">
        <ele>626.200314</ele>
        <time>2026-02-23T16:44:51.774Z</time>
      </trkpt>
      <trkpt lat="38.812421" lon="-0.215033">
        <ele>620.973346</ele>
        <time>2026-02-23T16:44:59.980Z</time>
      </trkpt>
      <trkpt lat="38.812178" lon="-0.215486">
        <ele>618.491379</ele>
        <time>2026-02-23T16:45:03.876Z</time>
      </trkpt>
      <trkpt lat="38.811265" lon="-0.216840">
        <ele>610.217951</ele>
        <time>2026-02-23T16:45:16.629Z</time>
      </trkpt>
      <trkpt lat="38.811179" lon="-0.217068">
        <ele>609.037761</ele>
        <time>2026-02-23T16:45:18.451Z</time>
      </trkpt>
      <trkpt lat="38.810908" lon="-0.218025">
        <ele>604.314347</ele>
        <time>2026-02-23T16:45:25.799Z</time>
      </trkpt>
      <trkpt lat="38.810719" lon="-0.218546">
        <ele>601.679012</ele>
        <time>2026-02-23T16:45:29.916Z</time>
      </trkpt>
      <trkpt lat="38.810689" lon="-0.218589">
        <ele>601.414342</ele>
        <time>2026-02-23T16:45:30.329Z</time>
      </trkpt>
      <trkpt lat="38.810416" lon="-0.218919">
        <ele>599.207288</ele>
        <time>2026-02-23T16:45:33.771Z</time>
      </trkpt>
      <trkpt lat="38.810225" lon="-0.219211">
        <ele>597.459036</ele>
        <time>2026-02-23T16:45:36.502Z</time>
      </trkpt>
      <trkpt lat="38.810210" lon="-0.219424">
        <ele>596.478305</ele>
        <time>2026-02-23T16:45:38.038Z</time>
      </trkpt>
      <trkpt lat="38.810272" lon="-0.220272">
        <ele>592.716627</ele>
        <time>2026-02-23T16:45:44.120Z</time>
      </trkpt>
      <trkpt lat="38.810089" lon="-0.220850">
        <ele>590.024128</ele>
        <time>2026-02-23T16:45:48.636Z</time>
      </trkpt>
      <trkpt lat="38.809664" lon="-0.221860">
        <ele>585.070343</ele>
        <time>2026-02-23T16:45:56.991Z</time>
      </trkpt>
      <trkpt lat="38.809440" lon="-0.222163">
        <ele>583.421759</ele>
        <time>2026-02-23T16:46:00.044Z</time>
      </trkpt>
      <trkpt lat="38.809235" lon="-0.222588">
        <ele>581.450149</ele>
        <time>2026-02-23T16:46:03.666Z</time>
      </trkpt>
      <trkpt lat="38.809096" lon="-0.222741">
        <ele>580.523158</ele>
        <time>2026-02-23T16:46:05.368Z</time>
      </trkpt>
      <trkpt lat="38.809006" lon="-0.222792">
        <ele>580.025136</ele>
        <time>2026-02-23T16:46:06.282Z</time>
      </trkpt>
      <trkpt lat="38.808778" lon="-0.222879">
        <ele>578.821052</ele>
        <time>2026-02-23T16:46:08.488Z</time>
      </trkpt>
      <trkpt lat="38.808649" lon="-0.222972">
        <ele>578.072061</ele>
        <time>2026-02-23T16:46:09.864Z</time>
      </trkpt>
      <trkpt lat="38.808624" lon="-0.223063">
        <ele>577.691451</ele>
        <time>2026-02-23T16:46:10.564Z</time>
      </trkpt>
      <trkpt lat="38.808606" lon="-0.223720">
        <ele>576.324335</ele>
        <time>2026-02-23T16:46:15.409Z</time>
      </trkpt>
      <trkpt lat="38.808537" lon="-0.224152">
        <ele>577.080884</ele>
        <time>2026-02-23T16:46:19.007Z</time>
      </trkpt>
      <trkpt lat="38.808416" lon="-0.224411">
        <ele>577.598963</ele>
        <time>2026-02-23T16:46:22.267Z</time>
      </trkpt>
      <trkpt lat="38.808193" lon="-0.224622">
        <ele>578.208949</ele>
        <time>2026-02-23T16:46:28.451Z</time>
      </trkpt>
      <trkpt lat="38.807951" lon="-0.224680">
        <ele>578.750953</ele>
        <time>2026-02-23T16:46:36.420Z</time>
      </trkpt>
      <trkpt lat="38.807633" lon="-0.224661">
        <ele>579.451828</ele>
        <time>2026-02-23T16:46:49.528Z</time>
      </trkpt>
      <trkpt lat="38.807539" lon="-0.224693">
        <ele>579.665938</ele>
        <time>2026-02-23T16:46:54.271Z</time>
      </trkpt>
      <trkpt lat="38.807308" lon="-0.224819">
        <ele>581.184931</ele>
        <time>2026-02-23T16:47:07.319Z</time>
      </trkpt>
      <trkpt lat="38.807159" lon="-0.224962">
        <ele>582.888661</ele>
        <time>2026-02-23T16:47:17.822Z</time>
      </trkpt>
      <trkpt lat="38.807005" lon="-0.225037">
        <ele>584.396954</ele>
        <time>2026-02-23T16:47:27.562Z</time>
      </trkpt>
      <trkpt lat="38.806721" lon="-0.225302">
        <ele>587.612306</ele>
        <time>2026-02-23T16:47:48.576Z</time>
      </trkpt>
      <trkpt lat="38.806582" lon="-0.225350">
        <ele>588.930388</ele>
        <time>2026-02-23T16:47:56.838Z</time>
      </trkpt>
      <trkpt lat="38.806491" lon="-0.225337">
        <ele>589.768810</ele>
        <time>2026-02-23T16:48:01.842Z</time>
      </trkpt>
      <trkpt lat="38.806065" lon="-0.225220">
        <ele>593.757974</ele>
        <time>2026-02-23T16:48:23.571Z</time>
      </trkpt>
      <trkpt lat="38.805881" lon="-0.225202">
        <ele>595.447725</ele>
        <time>2026-02-23T16:48:32.014Z</time>
      </trkpt>
      <trkpt lat="38.805703" lon="-0.225134">
        <ele>597.070366</ele>
        <time>2026-02-23T16:48:40.330Z</time>
      </trkpt>
      <trkpt lat="38.805619" lon="-0.224986">
        <ele>598.243838</ele>
        <time>2026-02-23T16:48:46.708Z</time>
      </trkpt>
      <trkpt lat="38.805535" lon="-0.224592">
        <ele>600.861840</ele>
        <time>2026-02-23T16:49:00.616Z</time>
      </trkpt>
      <trkpt lat="38.805419" lon="-0.224401">
        <ele>602.413849</ele>
        <time>2026-02-23T16:49:09.118Z</time>
      </trkpt>
      <trkpt lat="38.805262" lon="-0.224396">
        <ele>603.705490</ele>
        <time>2026-02-23T16:49:16.456Z</time>
      </trkpt>
      <trkpt lat="38.804499" lon="-0.224621">
        <ele>610.144331</ele>
        <time>2026-02-23T16:49:54.925Z</time>
      </trkpt>
      <trkpt lat="38.804124" lon="-0.224730">
        <ele>613.019461</ele>
        <time>2026-02-23T16:50:15.684Z</time>
      </trkpt>
      <trkpt lat="38.804091" lon="-0.225049">
        <ele>614.804027</ele>
        <time>2026-02-23T16:50:28.854Z</time>
      </trkpt>
      <trkpt lat="38.804042" lon="-0.226287">
        <ele>621.678339</ele>
        <time>2026-02-23T16:51:10.733Z</time>
      </trkpt>
      <trkpt lat="38.804070" lon="-0.226694">
        <ele>623.944180</ele>
        <time>2026-02-23T16:51:21.817Z</time>
      </trkpt>
      <trkpt lat="38.804103" lon="-0.226859">
        <ele>624.270670</ele>
        <time>2026-02-23T16:51:26.170Z</time>
      </trkpt>
      <trkpt lat="38.804372" lon="-0.227497">
        <ele>625.572249</ele>
        <time>2026-02-23T16:51:42.446Z</time>
      </trkpt>
      <trkpt lat="38.804379" lon="-0.227661">
        <ele>625.866956</ele>
        <time>2026-02-23T16:51:45.395Z</time>
      </trkpt>
      <trkpt lat="38.804349" lon="-0.227806">
        <ele>626.136143</ele>
        <time>2026-02-23T16:51:47.867Z</time>
      </trkpt>
      <trkpt lat="38.804052" lon="-0.228530">
        <ele>627.604215</ele>
        <time>2026-02-23T16:51:59.316Z</time>
      </trkpt>
      <trkpt lat="38.803840" lon="-0.229233">
        <ele>628.044192</ele>
        <time>2026-02-23T16:52:09.726Z</time>
      </trkpt>
      <trkpt lat="38.803736" lon="-0.229504">
        <ele>627.997672</ele>
        <time>2026-02-23T16:52:13.802Z</time>
      </trkpt>
      <trkpt lat="38.803552" lon="-0.229678">
        <ele>627.952504</ele>
        <time>2026-02-23T16:52:17.337Z</time>
      </trkpt>
      <trkpt lat="38.803300" lon="-0.229831">
        <ele>627.897412</ele>
        <time>2026-02-23T16:52:20.958Z</time>
      </trkpt>
      <trkpt lat="38.802864" lon="-0.229957">
        <ele>627.809094</ele>
        <time>2026-02-23T16:52:26.245Z</time>
      </trkpt>
      <trkpt lat="38.802783" lon="-0.230146">
        <ele>627.775876</ele>
        <time>2026-02-23T16:52:28.247Z</time>
      </trkpt>
      <trkpt lat="38.802825" lon="-0.230335">
        <ele>627.718209</ele>
        <time>2026-02-23T16:52:30.183Z</time>
      </trkpt>
      <trkpt lat="38.802890" lon="-0.230418">
        <ele>627.667586</ele>
        <time>2026-02-23T16:52:31.395Z</time>
      </trkpt>
      <trkpt lat="38.803376" lon="-0.230852">
        <ele>627.340712</ele>
        <time>2026-02-23T16:52:39.957Z</time>
      </trkpt>
      <trkpt lat="38.803494" lon="-0.231043">
        <ele>627.235852</ele>
        <time>2026-02-23T16:52:42.946Z</time>
      </trkpt>
      <trkpt lat="38.803509" lon="-0.231137">
        <ele>627.194572</ele>
        <time>2026-02-23T16:52:44.079Z</time>
      </trkpt>
      <trkpt lat="38.803502" lon="-0.231238">
        <ele>627.150949</ele>
        <time>2026-02-23T16:52:45.207Z</time>
      </trkpt>
      <trkpt lat="38.803458" lon="-0.231337">
        <ele>627.101918</ele>
        <time>2026-02-23T16:52:46.510Z</time>
      </trkpt>
      <trkpt lat="38.803363" lon="-0.231425">
        <ele>627.037236</ele>
        <time>2026-02-23T16:52:48.147Z</time>
      </trkpt>
      <trkpt lat="38.803061" lon="-0.231595">
        <ele>626.855179</ele>
        <time>2026-02-23T16:52:52.647Z</time>
      </trkpt>
      <trkpt lat="38.803012" lon="-0.231660">
        <ele>626.816272</ele>
        <time>2026-02-23T16:52:53.550Z</time>
      </trkpt>
      <trkpt lat="38.802895" lon="-0.231939">
        <ele>625.945122</ele>
        <time>2026-02-23T16:52:56.641Z</time>
      </trkpt>
      <trkpt lat="38.802726" lon="-0.232568">
        <ele>623.267846</ele>
        <time>2026-02-23T16:53:02.063Z</time>
      </trkpt>
      <trkpt lat="38.802738" lon="-0.232681">
        <ele>622.808936</ele>
        <time>2026-02-23T16:53:02.909Z</time>
      </trkpt>
      <trkpt lat="38.803124" lon="-0.234099">
        <ele>616.746995</ele>
        <time>2026-02-23T16:53:13.306Z</time>
      </trkpt>
      <trkpt lat="38.803389" lon="-0.235207">
        <ele>611.966654</ele>
        <time>2026-02-23T16:53:21.427Z</time>
      </trkpt>
      <trkpt lat="38.803396" lon="-0.235405">
        <ele>611.149161</ele>
        <time>2026-02-23T16:53:22.918Z</time>
      </trkpt>
      <trkpt lat="38.803344" lon="-0.235525">
        <ele>610.582849</ele>
        <time>2026-02-23T16:53:23.987Z</time>
      </trkpt>
      <trkpt lat="38.803254" lon="-0.235590">
        <ele>610.036254</ele>
        <time>2026-02-23T16:53:25.030Z</time>
      </trkpt>
      <trkpt lat="38.803129" lon="-0.235571">
        <ele>609.370057</ele>
        <time>2026-02-23T16:53:26.336Z</time>
      </trkpt>
      <trkpt lat="38.802978" lon="-0.235413">
        <ele>608.338860</ele>
        <time>2026-02-23T16:53:28.414Z</time>
      </trkpt>
      <trkpt lat="38.802634" lon="-0.234804">
        <ele>607.104669</ele>
        <time>2026-02-23T16:53:34.912Z</time>
      </trkpt>
      <trkpt lat="38.802565" lon="-0.234724">
        <ele>606.949947</ele>
        <time>2026-02-23T16:53:35.969Z</time>
      </trkpt>
      <trkpt lat="38.802467" lon="-0.234672">
        <ele>606.773507</ele>
        <time>2026-02-23T16:53:37.187Z</time>
      </trkpt>
      <trkpt lat="38.802352" lon="-0.234685">
        <ele>606.581431</ele>
        <time>2026-02-23T16:53:38.480Z</time>
      </trkpt>
      <trkpt lat="38.802177" lon="-0.234817">
        <ele>606.243692</ele>
        <time>2026-02-23T16:53:40.766Z</time>
      </trkpt>
      <trkpt lat="38.802085" lon="-0.234946">
        <ele>606.016963</ele>
        <time>2026-02-23T16:53:42.299Z</time>
      </trkpt>
      <trkpt lat="38.801869" lon="-0.235428">
        <ele>605.296037</ele>
        <time>2026-02-23T16:53:47.303Z</time>
      </trkpt>
      <trkpt lat="38.801716" lon="-0.235971">
        <ele>605.123805</ele>
        <time>2026-02-23T16:53:52.746Z</time>
      </trkpt>
      <trkpt lat="38.801640" lon="-0.236116">
        <ele>605.207266</ele>
        <time>2026-02-23T16:53:54.484Z</time>
      </trkpt>
      <trkpt lat="38.801246" lon="-0.236693">
        <ele>605.573677</ele>
        <time>2026-02-23T16:54:04.168Z</time>
      </trkpt>
      <trkpt lat="38.800297" lon="-0.239018">
        <ele>607.607660</ele>
        <time>2026-02-23T16:54:49.132Z</time>
      </trkpt>
      <trkpt lat="38.800219" lon="-0.239318">
        <ele>607.914583</ele>
        <time>2026-02-23T16:54:52.585Z</time>
      </trkpt>
      <trkpt lat="38.800220" lon="-0.239618">
        <ele>608.205735</ele>
        <time>2026-02-23T16:54:55.732Z</time>
      </trkpt>
      <trkpt lat="38.800242" lon="-0.239765">
        <ele>608.420444</ele>
        <time>2026-02-23T16:54:57.367Z</time>
      </trkpt>
      <trkpt lat="38.800316" lon="-0.240071">
        <ele>609.268284</ele>
        <time>2026-02-23T16:55:01.271Z</time>
      </trkpt>
      <trkpt lat="38.800509" lon="-0.240707">
        <ele>611.074378</ele>
        <time>2026-02-23T16:55:12.361Z</time>
      </trkpt>
      <trkpt lat="38.800554" lon="-0.240947">
        <ele>611.727597</ele>
        <time>2026-02-23T16:55:17.375Z</time>
      </trkpt>
      <trkpt lat="38.800517" lon="-0.241160">
        <ele>612.305077</ele>
        <time>2026-02-23T16:55:22.413Z</time>
      </trkpt>
      <trkpt lat="38.800320" lon="-0.241477">
        <ele>613.377984</ele>
        <time>2026-02-23T16:55:33.709Z</time>
      </trkpt>
      <trkpt lat="38.799933" lon="-0.242343">
        <ele>617.567111</ele>
        <time>2026-02-23T16:56:09.455Z</time>
      </trkpt>
      <trkpt lat="38.799417" lon="-0.243732">
        <ele>625.573365</ele>
        <time>2026-02-23T16:57:02.948Z</time>
      </trkpt>
      <trkpt lat="38.799212" lon="-0.244291">
        <ele>626.843147</ele>
        <time>2026-02-23T16:57:17.636Z</time>
      </trkpt>
      <trkpt lat="38.799019" lon="-0.244803">
        <ele>627.365325</ele>
        <time>2026-02-23T16:57:27.004Z</time>
      </trkpt>
      <trkpt lat="38.798650" lon="-0.246077">
        <ele>628.530841</ele>
        <time>2026-02-23T16:57:40.504Z</time>
      </trkpt>
      <trkpt lat="38.798621" lon="-0.246338">
        <ele>628.478899</ele>
        <time>2026-02-23T16:57:42.955Z</time>
      </trkpt>
      <trkpt lat="38.798621" lon="-0.247231">
        <ele>628.302962</ele>
        <time>2026-02-23T16:57:52.076Z</time>
      </trkpt>
      <trkpt lat="38.798559" lon="-0.247773">
        <ele>628.195034</ele>
        <time>2026-02-23T16:57:59.001Z</time>
      </trkpt>
      <trkpt lat="38.798518" lon="-0.247880">
        <ele>628.171543</ele>
        <time>2026-02-23T16:58:00.556Z</time>
      </trkpt>
      <trkpt lat="38.797808" lon="-0.249052">
        <ele>628.006763</ele>
        <time>2026-02-23T16:58:17.978Z</time>
      </trkpt>
      <trkpt lat="38.797610" lon="-0.249358">
        <ele>627.975683</ele>
        <time>2026-02-23T16:58:22.174Z</time>
      </trkpt>
      <trkpt lat="38.797427" lon="-0.249574">
        <ele>627.950751</ele>
        <time>2026-02-23T16:58:25.400Z</time>
      </trkpt>
      <trkpt lat="38.797262" lon="-0.249745">
        <ele>627.929484</ele>
        <time>2026-02-23T16:58:28.138Z</time>
      </trkpt>
      <trkpt lat="38.796540" lon="-0.250370">
        <ele>628.252754</ele>
        <time>2026-02-23T16:58:41.717Z</time>
      </trkpt>
      <trkpt lat="38.796443" lon="-0.250526">
        <ele>628.331059</ele>
        <time>2026-02-23T16:58:44.377Z</time>
      </trkpt>
      <trkpt lat="38.796330" lon="-0.250823">
        <ele>628.460739</ele>
        <time>2026-02-23T16:58:49.024Z</time>
      </trkpt>
      <trkpt lat="38.796147" lon="-0.251393">
        <ele>628.702626</ele>
        <time>2026-02-23T16:58:58.115Z</time>
      </trkpt>
      <trkpt lat="38.796087" lon="-0.251748">
        <ele>628.869639</ele>
        <time>2026-02-23T16:59:03.308Z</time>
      </trkpt>
      <trkpt lat="38.796011" lon="-0.252326">
        <ele>629.291906</ele>
        <time>2026-02-23T16:59:11.223Z</time>
      </trkpt>
      <trkpt lat="38.796006" lon="-0.252346">
        <ele>629.307037</ele>
        <time>2026-02-23T16:59:11.498Z</time>
      </trkpt>
      <trkpt lat="38.795826" lon="-0.253076">
        <ele>629.858610</ele>
        <time>2026-02-23T16:59:21.066Z</time>
      </trkpt>
      <trkpt lat="38.795654" lon="-0.253517">
        <ele>630.213860</ele>
        <time>2026-02-23T16:59:27.926Z</time>
      </trkpt>
      <trkpt lat="38.795532" lon="-0.253745">
        <ele>630.413093</ele>
        <time>2026-02-23T16:59:31.911Z</time>
      </trkpt>
      <trkpt lat="38.794502" lon="-0.254874">
        <ele>633.728952</ele>
        <time>2026-02-23T17:00:07.212Z</time>
      </trkpt>
      <trkpt lat="38.794306" lon="-0.254594">
        <ele>634.471502</ele>
        <time>2026-02-23T17:00:15.929Z</time>
      </trkpt>
      <trkpt lat="38.794078" lon="-0.254192">
        <ele>635.072171</ele>
        <time>2026-02-23T17:00:25.756Z</time>
      </trkpt>
      <trkpt lat="38.794063" lon="-0.254119">
        <ele>635.086539</ele>
        <time>2026-02-23T17:00:27.113Z</time>
      </trkpt>
      <trkpt lat="38.794073" lon="-0.253964">
        <ele>635.116137</ele>
        <time>2026-02-23T17:00:29.541Z</time>
      </trkpt>
      <trkpt lat="38.794165" lon="-0.253733">
        <ele>635.165505</ele>
        <time>2026-02-23T17:00:33.147Z</time>
      </trkpt>
      <trkpt lat="38.794232" lon="-0.253583">
        <ele>635.198407</ele>
        <time>2026-02-23T17:00:35.283Z</time>
      </trkpt>
      <trkpt lat="38.794165" lon="-0.253733">
        <ele>635.231308</ele>
        <time>2026-02-23T17:00:37.173Z</time>
      </trkpt>
      <trkpt lat="38.794073" lon="-0.253964">
        <ele>635.280676</ele>
        <time>2026-02-23T17:00:39.985Z</time>
      </trkpt>
      <trkpt lat="38.794063" lon="-0.254119">
        <ele>635.310275</ele>
        <time>2026-02-23T17:00:41.605Z</time>
      </trkpt>
      <trkpt lat="38.794078" lon="-0.254192">
        <ele>635.324642</ele>
        <time>2026-02-23T17:00:42.342Z</time>
      </trkpt>
      <trkpt lat="38.794306" lon="-0.254594">
        <ele>635.419258</ele>
        <time>2026-02-23T17:00:47.076Z</time>
      </trkpt>
      <trkpt lat="38.794502" lon="-0.254874">
        <ele>635.499257</ele>
        <time>2026-02-23T17:00:50.467Z</time>
      </trkpt>
      <trkpt lat="38.794461" lon="-0.254987">
        <ele>635.532851</ele>
        <time>2026-02-23T17:00:51.607Z</time>
      </trkpt>
      <trkpt lat="38.794351" lon="-0.255589">
        <ele>635.699503</ele>
        <time>2026-02-23T17:00:57.763Z</time>
      </trkpt>
      <trkpt lat="38.794315" lon="-0.255871">
        <ele>635.776522</ele>
        <time>2026-02-23T17:01:01.452Z</time>
      </trkpt>
      <trkpt lat="38.794317" lon="-0.256336">
        <ele>635.901852</ele>
        <time>2026-02-23T17:01:08.410Z</time>
      </trkpt>
      <trkpt lat="38.794329" lon="-0.256789">
        <ele>636.024016</ele>
        <time>2026-02-23T17:01:15.472Z</time>
      </trkpt>
      <trkpt lat="38.794367" lon="-0.257119">
        <ele>636.246940</ele>
        <time>2026-02-23T17:01:20.631Z</time>
      </trkpt>
      <trkpt lat="38.794494" lon="-0.257719">
        <ele>637.466730</ele>
        <time>2026-02-23T17:01:30.736Z</time>
      </trkpt>
      <trkpt lat="38.794522" lon="-0.258261">
        <ele>638.532424</ele>
        <time>2026-02-23T17:01:40.955Z</time>
      </trkpt>
      <trkpt lat="38.794440" lon="-0.258597">
        <ele>639.223190</ele>
        <time>2026-02-23T17:01:48.041Z</time>
      </trkpt>
      <trkpt lat="38.794305" lon="-0.258956">
        <ele>640.005214</ele>
        <time>2026-02-23T17:01:56.643Z</time>
      </trkpt>
      <trkpt lat="38.794290" lon="-0.258997">
        <ele>640.094074</ele>
        <time>2026-02-23T17:01:57.676Z</time>
      </trkpt>
      <trkpt lat="38.794228" lon="-0.259219">
        <ele>640.556739</ele>
        <time>2026-02-23T17:02:03.105Z</time>
      </trkpt>
      <trkpt lat="38.794262" lon="-0.260326">
        <ele>643.588289</ele>
        <time>2026-02-23T17:02:29.506Z</time>
      </trkpt>
      <trkpt lat="38.794139" lon="-0.261516">
        <ele>646.901141</ele>
        <time>2026-02-23T17:02:56.556Z</time>
      </trkpt>
      <trkpt lat="38.794064" lon="-0.261937">
        <ele>647.699539</ele>
        <time>2026-02-23T17:03:05.611Z</time>
      </trkpt>
      <trkpt lat="38.793925" lon="-0.262267">
        <ele>648.365806</ele>
        <time>2026-02-23T17:03:13.252Z</time>
      </trkpt>
      <trkpt lat="38.793695" lon="-0.262904">
        <ele>649.612763</ele>
        <time>2026-02-23T17:03:26.605Z</time>
      </trkpt>
      <trkpt lat="38.793645" lon="-0.263114">
        <ele>650.002783</ele>
        <time>2026-02-23T17:03:30.576Z</time>
      </trkpt>
      <trkpt lat="38.793655" lon="-0.263453">
        <ele>650.605349</ele>
        <time>2026-02-23T17:03:36.462Z</time>
      </trkpt>
      <trkpt lat="38.793790" lon="-0.263926">
        <ele>650.915011</ele>
        <time>2026-02-23T17:03:44.455Z</time>
      </trkpt>
      <trkpt lat="38.793897" lon="-0.264332">
        <ele>650.595336</ele>
        <time>2026-02-23T17:03:50.071Z</time>
      </trkpt>
      <trkpt lat="38.793946" lon="-0.264742">
        <ele>650.285947</ele>
        <time>2026-02-23T17:03:54.422Z</time>
      </trkpt>
      <trkpt lat="38.793979" lon="-0.265101">
        <ele>650.016317</ele>
        <time>2026-02-23T17:03:57.780Z</time>
      </trkpt>
      <trkpt lat="38.793953" lon="-0.265329">
        <ele>649.844444</ele>
        <time>2026-02-23T17:03:59.797Z</time>
      </trkpt>
      <trkpt lat="38.793279" lon="-0.266438">
        <ele>646.979237</ele>
        <time>2026-02-23T17:04:11.005Z</time>
      </trkpt>
      <trkpt lat="38.793141" lon="-0.266572">
        <ele>646.287012</ele>
        <time>2026-02-23T17:04:12.701Z</time>
      </trkpt>
      <trkpt lat="38.792614" lon="-0.267076">
        <ele>643.657971</ele>
        <time>2026-02-23T17:04:19.077Z</time>
      </trkpt>
      <trkpt lat="38.792111" lon="-0.267558">
        <ele>640.553938</ele>
        <time>2026-02-23T17:04:24.999Z</time>
      </trkpt>
      <trkpt lat="38.791502" lon="-0.267777">
        <ele>636.561815</ele>
        <time>2026-02-23T17:04:30.792Z</time>
      </trkpt>
      <trkpt lat="38.790953" lon="-0.267938">
        <ele>633.007175</ele>
        <time>2026-02-23T17:04:35.854Z</time>
      </trkpt>
      <trkpt lat="38.790467" lon="-0.267855">
        <ele>629.785443</ele>
        <time>2026-02-23T17:04:40.251Z</time>
      </trkpt>
      <trkpt lat="38.790311" lon="-0.267883">
        <ele>628.651921</ele>
        <time>2026-02-23T17:04:41.658Z</time>
      </trkpt>
      <trkpt lat="38.790257" lon="-0.267934">
        <ele>628.169397</ele>
        <time>2026-02-23T17:04:42.258Z</time>
      </trkpt>
      <trkpt lat="38.790142" lon="-0.268147">
        <ele>626.716068</ele>
        <time>2026-02-23T17:04:44.067Z</time>
      </trkpt>
      <trkpt lat="38.789889" lon="-0.269001">
        <ele>621.591686</ele>
        <time>2026-02-23T17:04:50.449Z</time>
      </trkpt>
      <trkpt lat="38.789758" lon="-0.269520">
        <ele>618.531793</ele>
        <time>2026-02-23T17:04:54.238Z</time>
      </trkpt>
      <trkpt lat="38.789744" lon="-0.269695">
        <ele>617.644515</ele>
        <time>2026-02-23T17:04:55.463Z</time>
      </trkpt>
      <trkpt lat="38.789767" lon="-0.270283">
        <ele>615.333403</ele>
        <time>2026-02-23T17:04:59.542Z</time>
      </trkpt>
      <trkpt lat="38.789692" lon="-0.270511">
        <ele>614.361944</ele>
        <time>2026-02-23T17:05:01.275Z</time>
      </trkpt>
      <trkpt lat="38.789621" lon="-0.270590">
        <ele>613.888624</ele>
        <time>2026-02-23T17:05:02.125Z</time>
      </trkpt>
      <trkpt lat="38.789090" lon="-0.270913">
        <ele>610.929000</ele>
        <time>2026-02-23T17:05:07.672Z</time>
      </trkpt>
      <trkpt lat="38.788526" lon="-0.271207">
        <ele>608.572778</ele>
        <time>2026-02-23T17:05:14.471Z</time>
      </trkpt>
      <trkpt lat="38.788394" lon="-0.271323">
        <ele>608.365886</ele>
        <time>2026-02-23T17:05:16.463Z</time>
      </trkpt>
      <trkpt lat="38.788236" lon="-0.271543">
        <ele>608.064372</ele>
        <time>2026-02-23T17:05:19.647Z</time>
      </trkpt>
      <trkpt lat="38.788165" lon="-0.271713">
        <ele>607.869979</ele>
        <time>2026-02-23T17:05:21.840Z</time>
      </trkpt>
      <trkpt lat="38.788126" lon="-0.271886">
        <ele>607.688463</ele>
        <time>2026-02-23T17:05:23.952Z</time>
      </trkpt>
      <trkpt lat="38.787614" lon="-0.271883">
        <ele>607.026396</ele>
        <time>2026-02-23T17:05:31.190Z</time>
      </trkpt>
      <trkpt lat="38.785185" lon="-0.271837">
        <ele>600.760677</ele>
        <time>2026-02-23T17:05:56.454Z</time>
      </trkpt>
      <trkpt lat="38.785007" lon="-0.271807">
        <ele>600.095327</ele>
        <time>2026-02-23T17:05:58.231Z</time>
      </trkpt>
      <trkpt lat="38.784868" lon="-0.271743">
        <ele>599.548007</ele>
        <time>2026-02-23T17:05:59.686Z</time>
      </trkpt>
      <trkpt lat="38.784092" lon="-0.271389">
        <ele>596.495668</ele>
        <time>2026-02-23T17:06:07.753Z</time>
      </trkpt>
      <trkpt lat="38.783350" lon="-0.271065">
        <ele>594.870607</ele>
        <time>2026-02-23T17:06:15.249Z</time>
      </trkpt>
      <trkpt lat="38.782507" lon="-0.270836">
        <ele>594.797153</ele>
        <time>2026-02-23T17:06:26.090Z</time>
      </trkpt>
      <trkpt lat="38.782375" lon="-0.270762">
        <ele>594.784874</ele>
        <time>2026-02-23T17:06:29.322Z</time>
      </trkpt>
      <trkpt lat="38.782325" lon="-0.270693">
        <ele>594.778613</ele>
        <time>2026-02-23T17:06:31.182Z</time>
      </trkpt>
      <trkpt lat="38.782158" lon="-0.270291">
        <ele>594.748344</ele>
        <time>2026-02-23T17:06:41.109Z</time>
      </trkpt>
      <trkpt lat="38.782045" lon="-0.269950">
        <ele>596.460843</ele>
        <time>2026-02-23T17:06:51.045Z</time>
      </trkpt>
      <trkpt lat="38.782038" lon="-0.269840">
        <ele>596.991245</ele>
        <time>2026-02-23T17:06:54.328Z</time>
      </trkpt>
      <trkpt lat="38.782061" lon="-0.269731">
        <ele>597.533934</ele>
        <time>2026-02-23T17:06:57.769Z</time>
      </trkpt>
      <trkpt lat="38.782317" lon="-0.269265">
        <ele>600.273697</ele>
        <time>2026-02-23T17:07:18.011Z</time>
      </trkpt>
      <trkpt lat="38.782334" lon="-0.269169">
        <ele>600.746810</ele>
        <time>2026-02-23T17:07:21.618Z</time>
      </trkpt>
      <trkpt lat="38.782300" lon="-0.269029">
        <ele>601.451521</ele>
        <time>2026-02-23T17:07:26.886Z</time>
      </trkpt>
      <trkpt lat="38.782241" lon="-0.268961">
        <ele>601.940500</ele>
        <time>2026-02-23T17:07:30.617Z</time>
      </trkpt>
      <trkpt lat="38.782165" lon="-0.268931">
        <ele>602.430722</ele>
        <time>2026-02-23T17:07:34.108Z</time>
      </trkpt>
      <trkpt lat="38.782050" lon="-0.268968">
        <ele>603.161657</ele>
        <time>2026-02-23T17:07:39.061Z</time>
      </trkpt>
      <trkpt lat="38.781749" lon="-0.269446">
        <ele>606.091698</ele>
        <time>2026-02-23T17:07:57.864Z</time>
      </trkpt>
      <trkpt lat="38.781508" lon="-0.269881">
        <ele>608.444454</ele>
        <time>2026-02-23T17:08:13.702Z</time>
      </trkpt>
      <trkpt lat="38.781366" lon="-0.270249">
        <ele>610.254717</ele>
        <time>2026-02-23T17:08:25.233Z</time>
      </trkpt>
      <trkpt lat="38.781313" lon="-0.270790">
        <ele>612.658561</ele>
        <time>2026-02-23T17:08:40.165Z</time>
      </trkpt>
      <trkpt lat="38.781471" lon="-0.271620">
        <ele>616.540299</ele>
        <time>2026-02-23T17:09:04.702Z</time>
      </trkpt>
      <trkpt lat="38.781345" lon="-0.272246">
        <ele>620.176814</ele>
        <time>2026-02-23T17:09:25.566Z</time>
      </trkpt>
      <trkpt lat="38.781307" lon="-0.272333">
        <ele>620.737739</ele>
        <time>2026-02-23T17:09:28.902Z</time>
      </trkpt>
      <trkpt lat="38.781248" lon="-0.272382">
        <ele>621.244874</ele>
        <time>2026-02-23T17:09:31.901Z</time>
      </trkpt>
      <trkpt lat="38.781180" lon="-0.272402">
        <ele>621.748248</ele>
        <time>2026-02-23T17:09:34.958Z</time>
      </trkpt>
      <trkpt lat="38.780903" lon="-0.272388">
        <ele>623.748451</ele>
        <time>2026-02-23T17:09:47.266Z</time>
      </trkpt>
      <trkpt lat="38.780799" lon="-0.272311">
        <ele>624.614865</ele>
        <time>2026-02-23T17:09:52.810Z</time>
      </trkpt>
      <trkpt lat="38.780770" lon="-0.272252">
        <ele>625.007183</ele>
        <time>2026-02-23T17:09:55.367Z</time>
      </trkpt>
      <trkpt lat="38.780730" lon="-0.271793">
        <ele>627.605009</ele>
        <time>2026-02-23T17:10:12.622Z</time>
      </trkpt>
      <trkpt lat="38.780539" lon="-0.271114">
        <ele>631.750945</ele>
        <time>2026-02-23T17:10:39.628Z</time>
      </trkpt>
      <trkpt lat="38.780479" lon="-0.270971">
        <ele>632.693610</ele>
        <time>2026-02-23T17:10:45.557Z</time>
      </trkpt>
      <trkpt lat="38.780148" lon="-0.270542">
        <ele>636.197296</ele>
        <time>2026-02-23T17:11:06.597Z</time>
      </trkpt>
      <trkpt lat="38.779781" lon="-0.270282">
        <ele>639.319101</ele>
        <time>2026-02-23T17:11:24.920Z</time>
      </trkpt>
      <trkpt lat="38.779140" lon="-0.269416">
        <ele>645.606205</ele>
        <time>2026-02-23T17:12:04.373Z</time>
      </trkpt>
      <trkpt lat="38.779088" lon="-0.269392">
        <ele>645.949178</ele>
        <time>2026-02-23T17:12:06.456Z</time>
      </trkpt>
      <trkpt lat="38.778844" lon="-0.269340">
        <ele>647.484231</ele>
        <time>2026-02-23T17:12:16.573Z</time>
      </trkpt>
      <trkpt lat="38.778721" lon="-0.269231">
        <ele>648.412031</ele>
        <time>2026-02-23T17:12:22.593Z</time>
      </trkpt>
      <trkpt lat="38.778670" lon="-0.269048">
        <ele>649.352282</ele>
        <time>2026-02-23T17:12:28.636Z</time>
      </trkpt>
      <trkpt lat="38.778631" lon="-0.268470">
        <ele>652.159173</ele>
        <time>2026-02-23T17:12:46.059Z</time>
      </trkpt>
      <trkpt lat="38.778608" lon="-0.268391">
        <ele>652.567169</ele>
        <time>2026-02-23T17:12:48.423Z</time>
      </trkpt>
      <trkpt lat="38.778544" lon="-0.268323">
        <ele>653.082920</ele>
        <time>2026-02-23T17:12:51.602Z</time>
      </trkpt>
      <trkpt lat="38.778441" lon="-0.268314">
        <ele>653.676327</ele>
        <time>2026-02-23T17:12:55.386Z</time>
      </trkpt>
      <trkpt lat="38.778379" lon="-0.268363">
        <ele>654.010769</ele>
        <time>2026-02-23T17:12:58.011Z</time>
      </trkpt>
      <trkpt lat="38.778331" lon="-0.268479">
        <ele>654.480954</ele>
        <time>2026-02-23T17:13:01.566Z</time>
      </trkpt>
      <trkpt lat="38.778330" lon="-0.268602">
        <ele>654.921347</ele>
        <time>2026-02-23T17:13:04.814Z</time>
      </trkpt>
      <trkpt lat="38.778439" lon="-0.269286">
        <ele>657.420864</ele>
        <time>2026-02-23T17:13:23.500Z</time>
      </trkpt>
      <trkpt lat="38.778427" lon="-0.269848">
        <ele>659.433706</ele>
        <time>2026-02-23T17:13:37.815Z</time>
      </trkpt>
      <trkpt lat="38.778378" lon="-0.270230">
        <ele>660.819743</ele>
        <time>2026-02-23T17:13:46.592Z</time>
      </trkpt>
      <trkpt lat="38.778173" lon="-0.270717">
        <ele>662.921378</ele>
        <time>2026-02-23T17:13:59.173Z</time>
      </trkpt>
      <trkpt lat="38.777971" lon="-0.271493">
        <ele>666.202536</ele>
        <time>2026-02-23T17:14:20.777Z</time>
      </trkpt>
      <trkpt lat="38.777862" lon="-0.271555">
        <ele>666.815957</ele>
        <time>2026-02-23T17:14:25.025Z</time>
      </trkpt>
      <trkpt lat="38.777807" lon="-0.271528">
        <ele>667.118923</ele>
        <time>2026-02-23T17:14:27.194Z</time>
      </trkpt>
      <trkpt lat="38.777771" lon="-0.271511">
        <ele>667.316280</ele>
        <time>2026-02-23T17:14:28.566Z</time>
      </trkpt>
      <trkpt lat="38.777733" lon="-0.271442">
        <ele>667.655102</ele>
        <time>2026-02-23T17:14:30.960Z</time>
      </trkpt>
      <trkpt lat="38.777734" lon="-0.271205">
        <ele>668.605637</ele>
        <time>2026-02-23T17:14:37.824Z</time>
      </trkpt>
      <trkpt lat="38.777742" lon="-0.270921">
        <ele>669.745402</ele>
        <time>2026-02-23T17:14:46.430Z</time>
      </trkpt>
      <trkpt lat="38.777721" lon="-0.270708">
        <ele>670.606472</ele>
        <time>2026-02-23T17:14:53.440Z</time>
      </trkpt>
      <trkpt lat="38.777598" lon="-0.270162">
        <ele>672.648160</ele>
        <time>2026-02-23T17:15:11.765Z</time>
      </trkpt>
      <trkpt lat="38.777486" lon="-0.269876">
        <ele>673.765098</ele>
        <time>2026-02-23T17:15:21.515Z</time>
      </trkpt>
      <trkpt lat="38.777235" lon="-0.269490">
        <ele>675.519263</ele>
        <time>2026-02-23T17:15:35.061Z</time>
      </trkpt>
      <trkpt lat="38.777216" lon="-0.269471">
        <ele>675.627109</ele>
        <time>2026-02-23T17:15:35.792Z</time>
      </trkpt>
      <trkpt lat="38.776736" lon="-0.269022">
        <ele>678.286494</ele>
        <time>2026-02-23T17:15:51.769Z</time>
      </trkpt>
      <trkpt lat="38.776712" lon="-0.268999">
        <ele>678.420603</ele>
        <time>2026-02-23T17:15:52.603Z</time>
      </trkpt>
      <trkpt lat="38.776561" lon="-0.269090">
        <ele>679.175441</ele>
        <time>2026-02-23T17:15:57.666Z</time>
      </trkpt>
      <trkpt lat="38.776393" lon="-0.269064">
        <ele>680.033180</ele>
        <time>2026-02-23T17:16:02.684Z</time>
      </trkpt>
      <trkpt lat="38.776173" lon="-0.268991">
        <ele>681.185031</ele>
        <time>2026-02-23T17:16:08.128Z</time>
      </trkpt>
      <trkpt lat="38.776070" lon="-0.268957">
        <ele>681.724132</ele>
        <time>2026-02-23T17:16:10.784Z</time>
      </trkpt>
      <trkpt lat="38.775929" lon="-0.268977">
        <ele>682.443194</ele>
        <time>2026-02-23T17:16:14.781Z</time>
      </trkpt>
      <trkpt lat="38.775736" lon="-0.269225">
        <ele>683.827921</ele>
        <time>2026-02-23T17:16:23.563Z</time>
      </trkpt>
      <trkpt lat="38.775664" lon="-0.269288">
        <ele>684.269704</ele>
        <time>2026-02-23T17:16:26.709Z</time>
      </trkpt>
      <trkpt lat="38.775461" lon="-0.269367">
        <ele>685.344992</ele>
        <time>2026-02-23T17:16:34.607Z</time>
      </trkpt>
      <trkpt lat="38.775422" lon="-0.269415">
        <ele>685.618960</ele>
        <time>2026-02-23T17:16:36.683Z</time>
      </trkpt>
      <trkpt lat="38.775314" lon="-0.269651">
        <ele>686.700361</ele>
        <time>2026-02-23T17:16:45.590Z</time>
      </trkpt>
      <trkpt lat="38.775115" lon="-0.269967">
        <ele>688.376080</ele>
        <time>2026-02-23T17:17:00.392Z</time>
      </trkpt>
      <trkpt lat="38.774931" lon="-0.270668">
        <ele>693.823569</ele>
        <time>2026-02-23T17:17:29.557Z</time>
      </trkpt>
      <trkpt lat="38.774859" lon="-0.270786">
        <ele>694.927142</ele>
        <time>2026-02-23T17:17:35.676Z</time>
      </trkpt>
      <trkpt lat="38.774473" lon="-0.271205">
        <ele>699.704089</ele>
        <time>2026-02-23T17:18:02.364Z</time>
      </trkpt>
      <trkpt lat="38.774146" lon="-0.272175">
        <ele>707.858208</ele>
        <time>2026-02-23T17:18:49.725Z</time>
      </trkpt>
      <trkpt lat="38.773932" lon="-0.272488">
        <ele>711.424873</ele>
        <time>2026-02-23T17:19:08.585Z</time>
      </trkpt>
      <trkpt lat="38.773668" lon="-0.272791">
        <ele>715.317835</ele>
        <time>2026-02-23T17:19:29.190Z</time>
      </trkpt>
      <trkpt lat="38.773518" lon="-0.272873">
        <ele>717.109657</ele>
        <time>2026-02-23T17:19:38.773Z</time>
      </trkpt>
      <trkpt lat="38.773167" lon="-0.272938">
        <ele>721.006809</ele>
        <time>2026-02-23T17:20:00.520Z</time>
      </trkpt>
      <trkpt lat="38.772750" lon="-0.273057">
        <ele>725.541650</ele>
        <time>2026-02-23T17:20:27.493Z</time>
      </trkpt>
      <trkpt lat="38.772568" lon="-0.273139">
        <ele>727.191780</ele>
        <time>2026-02-23T17:20:39.290Z</time>
      </trkpt>
      <trkpt lat="38.772388" lon="-0.273238">
        <ele>728.867136</ele>
        <time>2026-02-23T17:20:50.560Z</time>
      </trkpt>
      <trkpt lat="38.772264" lon="-0.273339">
        <ele>730.123667</ele>
        <time>2026-02-23T17:20:58.479Z</time>
      </trkpt>
      <trkpt lat="38.771834" lon="-0.273783">
        <ele>734.845803</ele>
        <time>2026-02-23T17:21:25.443Z</time>
      </trkpt>
      <trkpt lat="38.771681" lon="-0.273812">
        <ele>736.168817</ele>
        <time>2026-02-23T17:21:32.198Z</time>
      </trkpt>
      <trkpt lat="38.771609" lon="-0.273783">
        <ele>736.814378</ele>
        <time>2026-02-23T17:21:35.356Z</time>
      </trkpt>
      <trkpt lat="38.771156" lon="-0.273423">
        <ele>741.257377</ele>
        <time>2026-02-23T17:21:56.356Z</time>
      </trkpt>
      <trkpt lat="38.771105" lon="-0.273319">
        <ele>741.982638</ele>
        <time>2026-02-23T17:21:59.941Z</time>
      </trkpt>
      <trkpt lat="38.771034" lon="-0.273029">
        <ele>743.776951</ele>
        <time>2026-02-23T17:22:08.563Z</time>
      </trkpt>
      <trkpt lat="38.770882" lon="-0.272938">
        <ele>745.047002</ele>
        <time>2026-02-23T17:22:14.576Z</time>
      </trkpt>
      <trkpt lat="38.770743" lon="-0.272974">
        <ele>746.120669</ele>
        <time>2026-02-23T17:22:19.713Z</time>
      </trkpt>
      <trkpt lat="38.769895" lon="-0.273448">
        <ele>753.124442</ele>
        <time>2026-02-23T17:23:03.731Z</time>
      </trkpt>
      <trkpt lat="38.769576" lon="-0.273411">
        <ele>756.038088</ele>
        <time>2026-02-23T17:23:22.691Z</time>
      </trkpt>
      <trkpt lat="38.769318" lon="-0.273460">
        <ele>758.629423</ele>
        <time>2026-02-23T17:23:38.060Z</time>
      </trkpt>
      <trkpt lat="38.768830" lon="-0.273270">
        <ele>763.696469</ele>
        <time>2026-02-23T17:24:06.840Z</time>
      </trkpt>
      <trkpt lat="38.768750" lon="-0.273195">
        <ele>764.681018</ele>
        <time>2026-02-23T17:24:12.277Z</time>
      </trkpt>
      <trkpt lat="38.768710" lon="-0.273102">
        <ele>765.503799</ele>
        <time>2026-02-23T17:24:16.657Z</time>
      </trkpt>
      <trkpt lat="38.768687" lon="-0.272984">
        <ele>766.446027</ele>
        <time>2026-02-23T17:24:21.488Z</time>
      </trkpt>
      <trkpt lat="38.768691" lon="-0.272846">
        <ele>767.515795</ele>
        <time>2026-02-23T17:24:27.098Z</time>
      </trkpt>
      <trkpt lat="38.768753" lon="-0.272643">
        <ele>769.204699</ele>
        <time>2026-02-23T17:24:36.185Z</time>
      </trkpt>
      <trkpt lat="38.768976" lon="-0.272150">
        <ele>773.298118</ele>
        <time>2026-02-23T17:25:00.522Z</time>
      </trkpt>
      <trkpt lat="38.769095" lon="-0.271911">
        <ele>775.094161</ele>
        <time>2026-02-23T17:25:12.501Z</time>
      </trkpt>
      <trkpt lat="38.769135" lon="-0.271715">
        <ele>776.377350</ele>
        <time>2026-02-23T17:25:20.915Z</time>
      </trkpt>
      <trkpt lat="38.769114" lon="-0.271500">
        <ele>777.749699</ele>
        <time>2026-02-23T17:25:29.876Z</time>
      </trkpt>
      <trkpt lat="38.768969" lon="-0.270940">
        <ele>781.486939</ele>
        <time>2026-02-23T17:25:52.577Z</time>
      </trkpt>
      <trkpt lat="38.768838" lon="-0.270206">
        <ele>786.255991</ele>
        <time>2026-02-23T17:26:18.115Z</time>
      </trkpt>
      <trkpt lat="38.768619" lon="-0.269733">
        <ele>787.161468</ele>
        <time>2026-02-23T17:26:33.013Z</time>
      </trkpt>
      <trkpt lat="38.768533" lon="-0.269373">
        <ele>787.667693</ele>
        <time>2026-02-23T17:26:40.389Z</time>
      </trkpt>
      <trkpt lat="38.768558" lon="-0.269021">
        <ele>788.142913</ele>
        <time>2026-02-23T17:26:45.202Z</time>
      </trkpt>
      <trkpt lat="38.768701" lon="-0.268456">
        <ele>788.941570</ele>
        <time>2026-02-23T17:26:51.246Z</time>
      </trkpt>
      <trkpt lat="38.768748" lon="-0.268222">
        <ele>789.266451</ele>
        <time>2026-02-23T17:26:53.687Z</time>
      </trkpt>
      <trkpt lat="38.768772" lon="-0.268069">
        <ele>789.476279</ele>
        <time>2026-02-23T17:26:55.189Z</time>
      </trkpt>
      <trkpt lat="38.768769" lon="-0.267898">
        <ele>789.536508</ele>
        <time>2026-02-23T17:26:56.876Z</time>
      </trkpt>
      <trkpt lat="38.768619" lon="-0.267533">
        <ele>789.409460</ele>
        <time>2026-02-23T17:27:01.080Z</time>
      </trkpt>
      <trkpt lat="38.768535" lon="-0.267387">
        <ele>789.353588</ele>
        <time>2026-02-23T17:27:02.943Z</time>
      </trkpt>
      <trkpt lat="38.768343" lon="-0.267151">
        <ele>789.248561</ele>
        <time>2026-02-23T17:27:06.494Z</time>
      </trkpt>
      <trkpt lat="38.768103" lon="-0.266997">
        <ele>789.142577</ele>
        <time>2026-02-23T17:27:09.971Z</time>
      </trkpt>
      <trkpt lat="38.767322" lon="-0.266706">
        <ele>788.992156</ele>
        <time>2026-02-23T17:27:21.511Z</time>
      </trkpt>
      <trkpt lat="38.767010" lon="-0.266651">
        <ele>789.451116</ele>
        <time>2026-02-23T17:27:26.089Z</time>
      </trkpt>
      <trkpt lat="38.766613" lon="-0.266692">
        <ele>790.031546</ele>
        <time>2026-02-23T17:27:32.345Z</time>
      </trkpt>
      <trkpt lat="38.766414" lon="-0.266761">
        <ele>790.331965</ele>
        <time>2026-02-23T17:27:36.314Z</time>
      </trkpt>
      <trkpt lat="38.765901" lon="-0.267052">
        <ele>791.149432</ele>
        <time>2026-02-23T17:27:49.080Z</time>
      </trkpt>
      <trkpt lat="38.765739" lon="-0.267111">
        <ele>791.394852</ele>
        <time>2026-02-23T17:27:53.686Z</time>
      </trkpt>
      <trkpt lat="38.765623" lon="-0.267094">
        <ele>791.873399</ele>
        <time>2026-02-23T17:27:57.151Z</time>
      </trkpt>
      <trkpt lat="38.765366" lon="-0.266970">
        <ele>793.708494</ele>
        <time>2026-02-23T17:28:06.223Z</time>
      </trkpt>
      <trkpt lat="38.764978" lon="-0.266926">
        <ele>796.311676</ele>
        <time>2026-02-23T17:28:20.801Z</time>
      </trkpt>
      <trkpt lat="38.764888" lon="-0.266878">
        <ele>796.963095</ele>
        <time>2026-02-23T17:28:24.885Z</time>
      </trkpt>
      <trkpt lat="38.764852" lon="-0.266701">
        <ele>797.916306</ele>
        <time>2026-02-23T17:28:30.864Z</time>
      </trkpt>
      <trkpt lat="38.764922" lon="-0.266246">
        <ele>800.333024</ele>
        <time>2026-02-23T17:28:46.984Z</time>
      </trkpt>
      <trkpt lat="38.764877" lon="-0.266140">
        <ele>800.961955</ele>
        <time>2026-02-23T17:28:51.691Z</time>
      </trkpt>
      <trkpt lat="38.764810" lon="-0.266158">
        <ele>801.419446</ele>
        <time>2026-02-23T17:28:54.809Z</time>
      </trkpt>
      <trkpt lat="38.764441" lon="-0.266789">
        <ele>806.485517</ele>
        <time>2026-02-23T17:29:27.353Z</time>
      </trkpt>
      <trkpt lat="38.764274" lon="-0.266976">
        <ele>808.664825</ele>
        <time>2026-02-23T17:29:40.187Z</time>
      </trkpt>
      <trkpt lat="38.763899" lon="-0.267284">
        <ele>813.042281</ele>
        <time>2026-02-23T17:30:05.723Z</time>
      </trkpt>
      <trkpt lat="38.763438" lon="-0.267751">
        <ele>818.817157</ele>
        <time>2026-02-23T17:30:39.140Z</time>
      </trkpt>
      <trkpt lat="38.763113" lon="-0.267911">
        <ele>821.514716</ele>
        <time>2026-02-23T17:30:58.245Z</time>
      </trkpt>
      <trkpt lat="38.762972" lon="-0.268077">
        <ele>822.108604</ele>
        <time>2026-02-23T17:31:07.640Z</time>
      </trkpt>
      <trkpt lat="38.762711" lon="-0.268650">
        <ele>823.714129</ele>
        <time>2026-02-23T17:31:28.642Z</time>
      </trkpt>
      <trkpt lat="38.762630" lon="-0.268733">
        <ele>824.035830</ele>
        <time>2026-02-23T17:31:31.905Z</time>
      </trkpt>
      <trkpt lat="38.762547" lon="-0.268738">
        <ele>824.293647</ele>
        <time>2026-02-23T17:31:34.326Z</time>
      </trkpt>
      <trkpt lat="38.762492" lon="-0.268703">
        <ele>824.484157</ele>
        <time>2026-02-23T17:31:35.963Z</time>
      </trkpt>
      <trkpt lat="38.762195" lon="-0.268293">
        <ele>825.838121</ele>
        <time>2026-02-23T17:31:44.122Z</time>
      </trkpt>
      <trkpt lat="38.761918" lon="-0.267618">
        <ele>823.531828</ele>
        <time>2026-02-23T17:31:49.911Z</time>
      </trkpt>
      <trkpt lat="38.761628" lon="-0.267025">
        <ele>817.600915</ele>
        <time>2026-02-23T17:31:54.629Z</time>
      </trkpt>
      <trkpt lat="38.761414" lon="-0.266427">
        <ele>812.025911</ele>
        <time>2026-02-23T17:31:58.932Z</time>
      </trkpt>
      <trkpt lat="38.761221" lon="-0.265661">
        <ele>804.476192</ele>
        <time>2026-02-23T17:32:04.123Z</time>
      </trkpt>
      <trkpt lat="38.761159" lon="-0.265102">
        <ele>797.958619</ele>
        <time>2026-02-23T17:32:07.742Z</time>
      </trkpt>
      <trkpt lat="38.761002" lon="-0.264694">
        <ele>792.706753</ele>
        <time>2026-02-23T17:32:10.668Z</time>
      </trkpt>
      <trkpt lat="38.760882" lon="-0.264247">
        <ele>787.249713</ele>
        <time>2026-02-23T17:32:13.711Z</time>
      </trkpt>
      <trkpt lat="38.760817" lon="-0.264096">
        <ele>785.258731</ele>
        <time>2026-02-23T17:32:14.831Z</time>
      </trkpt>
      <trkpt lat="38.760733" lon="-0.264003">
        <ele>783.615957</ele>
        <time>2026-02-23T17:32:15.759Z</time>
      </trkpt>
      <trkpt lat="38.760628" lon="-0.263978">
        <ele>782.035034</ele>
        <time>2026-02-23T17:32:16.666Z</time>
      </trkpt>
      <trkpt lat="38.760560" lon="-0.264004">
        <ele>780.984612</ele>
        <time>2026-02-23T17:32:17.266Z</time>
      </trkpt>
      <trkpt lat="38.760122" lon="-0.264414">
        <ele>777.982833</ele>
        <time>2026-02-23T17:32:22.042Z</time>
      </trkpt>
      <trkpt lat="38.759931" lon="-0.264668">
        <ele>776.591245</ele>
        <time>2026-02-23T17:32:24.719Z</time>
      </trkpt>
      <trkpt lat="38.759393" lon="-0.265776">
        <ele>771.456147</ele>
        <time>2026-02-23T17:32:35.835Z</time>
      </trkpt>
      <trkpt lat="38.758863" lon="-0.267011">
        <ele>767.266340</ele>
        <time>2026-02-23T17:32:46.775Z</time>
      </trkpt>
      <trkpt lat="38.758502" lon="-0.268096">
        <ele>763.886785</ele>
        <time>2026-02-23T17:32:55.495Z</time>
      </trkpt>
      <trkpt lat="38.758142" lon="-0.269015">
        <ele>761.270461</ele>
        <time>2026-02-23T17:33:03.382Z</time>
      </trkpt>
      <trkpt lat="38.758031" lon="-0.269382">
        <ele>760.269054</ele>
        <time>2026-02-23T17:33:06.509Z</time>
      </trkpt>
      <trkpt lat="38.757853" lon="-0.270190">
        <ele>758.620554</ele>
        <time>2026-02-23T17:33:13.857Z</time>
      </trkpt>
      <trkpt lat="38.757892" lon="-0.270672">
        <ele>758.330147</ele>
        <time>2026-02-23T17:33:18.631Z</time>
      </trkpt>
      <trkpt lat="38.757883" lon="-0.270900">
        <ele>758.193335</ele>
        <time>2026-02-23T17:33:20.916Z</time>
      </trkpt>
      <trkpt lat="38.757786" lon="-0.271390">
        <ele>757.890370</ele>
        <time>2026-02-23T17:33:25.912Z</time>
      </trkpt>
      <trkpt lat="38.757612" lon="-0.271718">
        <ele>757.652631</ele>
        <time>2026-02-23T17:33:30.237Z</time>
      </trkpt>
      <trkpt lat="38.757150" lon="-0.272224">
        <ele>756.968522</ele>
        <time>2026-02-23T17:33:39.524Z</time>
      </trkpt>
      <trkpt lat="38.756998" lon="-0.272423">
        <ele>756.622796</ele>
        <time>2026-02-23T17:33:42.390Z</time>
      </trkpt>
      <trkpt lat="38.756617" lon="-0.273381">
        <ele>755.288090</ele>
        <time>2026-02-23T17:33:52.129Z</time>
      </trkpt>
      <trkpt lat="38.756433" lon="-0.273603">
        <ele>754.885997</ele>
        <time>2026-02-23T17:33:54.936Z</time>
      </trkpt>
      <trkpt lat="38.756318" lon="-0.273832">
        <ele>754.547941</ele>
        <time>2026-02-23T17:33:57.142Z</time>
      </trkpt>
      <trkpt lat="38.756217" lon="-0.274360">
        <ele>752.015771</ele>
        <time>2026-02-23T17:34:01.256Z</time>
      </trkpt>
      <trkpt lat="38.756158" lon="-0.274554">
        <ele>751.021771</ele>
        <time>2026-02-23T17:34:02.768Z</time>
      </trkpt>
      <trkpt lat="38.756065" lon="-0.274587">
        <ele>750.431092</ele>
        <time>2026-02-23T17:34:03.655Z</time>
      </trkpt>
      <trkpt lat="38.755414" lon="-0.274196">
        <ele>746.030645</ele>
        <time>2026-02-23T17:34:10.178Z</time>
      </trkpt>
      <trkpt lat="38.754462" lon="-0.273621">
        <ele>738.572911</ele>
        <time>2026-02-23T17:34:19.377Z</time>
      </trkpt>
      <trkpt lat="38.753969" lon="-0.273310">
        <ele>734.339338</ele>
        <time>2026-02-23T17:34:24.221Z</time>
      </trkpt>
      <trkpt lat="38.753338" lon="-0.272773">
        <ele>729.112329</ele>
        <time>2026-02-23T17:34:30.999Z</time>
      </trkpt>
      <trkpt lat="38.753160" lon="-0.272681">
        <ele>728.414291</ele>
        <time>2026-02-23T17:34:32.778Z</time>
      </trkpt>
      <trkpt lat="38.752600" lon="-0.272551">
        <ele>726.344342</ele>
        <time>2026-02-23T17:34:38.305Z</time>
      </trkpt>
      <trkpt lat="38.752094" lon="-0.272607">
        <ele>724.497069</ele>
        <time>2026-02-23T17:34:43.682Z</time>
      </trkpt>
      <trkpt lat="38.751969" lon="-0.272652">
        <ele>724.024839</ele>
        <time>2026-02-23T17:34:45.126Z</time>
      </trkpt>
      <trkpt lat="38.751839" lon="-0.272649">
        <ele>723.551924</ele>
        <time>2026-02-23T17:34:46.592Z</time>
      </trkpt>
      <trkpt lat="38.751837" lon="-0.272629">
        <ele>723.494729</ele>
        <time>2026-02-23T17:34:46.782Z</time>
      </trkpt>
      <trkpt lat="38.751810" lon="-0.272401">
        <ele>722.987643</ele>
        <time>2026-02-23T17:34:48.913Z</time>
      </trkpt>
      <trkpt lat="38.751733" lon="-0.271507">
        <ele>721.807124</ele>
        <time>2026-02-23T17:34:57.623Z</time>
      </trkpt>
      <trkpt lat="38.751732" lon="-0.270805">
        <ele>720.885740</ele>
        <time>2026-02-23T17:35:03.980Z</time>
      </trkpt>
      <trkpt lat="38.751609" lon="-0.270459">
        <ele>720.386655</ele>
        <time>2026-02-23T17:35:07.051Z</time>
      </trkpt>
      <trkpt lat="38.750989" lon="-0.269158">
        <ele>719.464256</ele>
        <time>2026-02-23T17:35:19.514Z</time>
      </trkpt>
      <trkpt lat="38.750865" lon="-0.269002">
        <ele>719.357233</ele>
        <time>2026-02-23T17:35:21.861Z</time>
      </trkpt>
      <trkpt lat="38.750711" lon="-0.268950">
        <ele>719.259122</ele>
        <time>2026-02-23T17:35:24.456Z</time>
      </trkpt>
      <trkpt lat="38.749905" lon="-0.268853">
        <ele>720.410648</ele>
        <time>2026-02-23T17:35:45.165Z</time>
      </trkpt>
      <trkpt lat="38.749329" lon="-0.268772">
        <ele>722.747544</ele>
        <time>2026-02-23T17:36:04.859Z</time>
      </trkpt>
      <trkpt lat="38.748875" lon="-0.268725">
        <ele>724.584452</ele>
        <time>2026-02-23T17:36:19.945Z</time>
      </trkpt>
      <trkpt lat="38.748770" lon="-0.268747">
        <ele>725.013526</ele>
        <time>2026-02-23T17:36:23.353Z</time>
      </trkpt>
      <trkpt lat="38.748673" lon="-0.268803">
        <ele>725.442545</ele>
        <time>2026-02-23T17:36:26.753Z</time>
      </trkpt>
      <trkpt lat="38.747064" lon="-0.270585">
        <ele>734.885493</ele>
        <time>2026-02-23T17:37:35.213Z</time>
      </trkpt>
      <trkpt lat="38.746561" lon="-0.271102">
        <ele>738.073711</ele>
        <time>2026-02-23T17:37:59.071Z</time>
      </trkpt>
      <trkpt lat="38.745798" lon="-0.272269">
        <ele>743.564048</ele>
        <time>2026-02-23T17:38:41.328Z</time>
      </trkpt>
      <trkpt lat="38.745540" lon="-0.272625">
        <ele>744.559006</ele>
        <time>2026-02-23T17:38:51.747Z</time>
      </trkpt>
      <trkpt lat="38.745033" lon="-0.273246">
        <ele>746.399620</ele>
        <time>2026-02-23T17:39:08.846Z</time>
      </trkpt>
      <trkpt lat="38.744823" lon="-0.273434">
        <ele>747.071966</ele>
        <time>2026-02-23T17:39:14.785Z</time>
      </trkpt>
      <trkpt lat="38.743983" lon="-0.273961">
        <ele>747.966960</ele>
        <time>2026-02-23T17:39:32.035Z</time>
      </trkpt>
      <trkpt lat="38.743889" lon="-0.274043">
        <ele>747.987460</ele>
        <time>2026-02-23T17:39:33.951Z</time>
      </trkpt>
      <trkpt lat="38.743822" lon="-0.274126">
        <ele>748.004259</ele>
        <time>2026-02-23T17:39:35.322Z</time>
      </trkpt>
      <trkpt lat="38.743516" lon="-0.274768">
        <ele>748.110071</ele>
        <time>2026-02-23T17:39:43.260Z</time>
      </trkpt>
      <trkpt lat="38.743345" lon="-0.275042">
        <ele>748.159423</ele>
        <time>2026-02-23T17:39:46.663Z</time>
      </trkpt>
      <trkpt lat="38.743165" lon="-0.275267">
        <ele>748.207534</ele>
        <time>2026-02-23T17:39:49.618Z</time>
      </trkpt>
      <trkpt lat="38.742330" lon="-0.275705">
        <ele>748.386080</ele>
        <time>2026-02-23T17:40:04.290Z</time>
      </trkpt>
      <trkpt lat="38.741671" lon="-0.276053">
        <ele>748.527129</ele>
        <time>2026-02-23T17:40:16.165Z</time>
      </trkpt>
      <trkpt lat="38.741562" lon="-0.276200">
        <ele>748.834227</ele>
        <time>2026-02-23T17:40:18.494Z</time>
      </trkpt>
      <trkpt lat="38.741379" lon="-0.276736">
        <ele>749.873424</ele>
        <time>2026-02-23T17:40:26.362Z</time>
      </trkpt>
      <trkpt lat="38.741301" lon="-0.276832">
        <ele>750.119634</ele>
        <time>2026-02-23T17:40:28.375Z</time>
      </trkpt>
      <trkpt lat="38.740885" lon="-0.277059">
        <ele>751.149143</ele>
        <time>2026-02-23T17:40:37.996Z</time>
      </trkpt>
      <trkpt lat="38.740566" lon="-0.277085">
        <ele>751.877009</ele>
        <time>2026-02-23T17:40:46.389Z</time>
      </trkpt>
      <trkpt lat="38.739734" lon="-0.276821">
        <ele>755.979200</ele>
        <time>2026-02-23T17:41:17.906Z</time>
      </trkpt>
      <trkpt lat="38.739361" lon="-0.276584">
        <ele>758.624766</ele>
        <time>2026-02-23T17:41:35.793Z</time>
      </trkpt>
      <trkpt lat="38.739224" lon="-0.276444">
        <ele>759.738141</ele>
        <time>2026-02-23T17:41:43.292Z</time>
      </trkpt>
      <trkpt lat="38.739064" lon="-0.276092">
        <ele>761.757635</ele>
        <time>2026-02-23T17:41:56.875Z</time>
      </trkpt>
      <trkpt lat="38.738970" lon="-0.275535">
        <ele>764.652064</ele>
        <time>2026-02-23T17:42:15.813Z</time>
      </trkpt>
      <trkpt lat="38.738773" lon="-0.275068">
        <ele>767.632862</ele>
        <time>2026-02-23T17:42:33.657Z</time>
      </trkpt>
      <trkpt lat="38.737618" lon="-0.273782">
        <ele>777.507264</ele>
        <time>2026-02-23T17:43:42.227Z</time>
      </trkpt>
      <trkpt lat="38.737169" lon="-0.273314">
        <ele>778.784093</ele>
        <time>2026-02-23T17:44:03.164Z</time>
      </trkpt>
      <trkpt lat="38.736436" lon="-0.272536">
        <ele>780.883807</ele>
        <time>2026-02-23T17:44:18.267Z</time>
      </trkpt>
      <trkpt lat="38.736346" lon="-0.272398">
        <ele>780.461488</ele>
        <time>2026-02-23T17:44:19.642Z</time>
      </trkpt>
      <trkpt lat="38.736112" lon="-0.271905">
        <ele>778.150253</ele>
        <time>2026-02-23T17:44:23.834Z</time>
      </trkpt>
      <trkpt lat="38.735777" lon="-0.271090">
        <ele>774.460771</ele>
        <time>2026-02-23T17:44:30.330Z</time>
      </trkpt>
      <trkpt lat="38.735723" lon="-0.270969">
        <ele>773.902464</ele>
        <time>2026-02-23T17:44:31.310Z</time>
      </trkpt>
      <trkpt lat="38.735074" lon="-0.269452">
        <ele>767.670849</ele>
        <time>2026-02-23T17:44:43.987Z</time>
      </trkpt>
      <trkpt lat="38.734995" lon="-0.269253">
        <ele>766.907509</ele>
        <time>2026-02-23T17:44:45.734Z</time>
      </trkpt>
      <trkpt lat="38.734866" lon="-0.268977">
        <ele>765.807555</ele>
        <time>2026-02-23T17:44:48.273Z</time>
      </trkpt>
      <trkpt lat="38.734351" lon="-0.267804">
        <ele>761.264826</ele>
        <time>2026-02-23T17:44:58.710Z</time>
      </trkpt>
      <trkpt lat="38.734301" lon="-0.267305">
        <ele>759.583119</ele>
        <time>2026-02-23T17:45:02.537Z</time>
      </trkpt>
      <trkpt lat="38.734232" lon="-0.267167">
        <ele>759.035199</ele>
        <time>2026-02-23T17:45:03.761Z</time>
      </trkpt>
      <trkpt lat="38.734099" lon="-0.266909">
        <ele>758.001476</ele>
        <time>2026-02-23T17:45:06.055Z</time>
      </trkpt>
      <trkpt lat="38.733740" lon="-0.265971">
        <ele>754.337640</ele>
        <time>2026-02-23T17:45:13.713Z</time>
      </trkpt>
      <trkpt lat="38.733650" lon="-0.265391">
        <ele>752.154319</ele>
        <time>2026-02-23T17:45:18.061Z</time>
      </trkpt>
      <trkpt lat="38.733658" lon="-0.265021">
        <ele>750.787751</ele>
        <time>2026-02-23T17:45:20.808Z</time>
      </trkpt>
      <trkpt lat="38.733822" lon="-0.263699">
        <ele>745.994626</ele>
        <time>2026-02-23T17:45:30.868Z</time>
      </trkpt>
      <trkpt lat="38.733832" lon="-0.263079">
        <ele>743.895743</ele>
        <time>2026-02-23T17:45:35.514Z</time>
      </trkpt>
      <trkpt lat="38.733882" lon="-0.262459">
        <ele>741.786125</ele>
        <time>2026-02-23T17:45:40.193Z</time>
      </trkpt>
      <trkpt lat="38.733967" lon="-0.261799">
        <ele>739.512200</ele>
        <time>2026-02-23T17:45:45.247Z</time>
      </trkpt>
      <trkpt lat="38.734001" lon="-0.260903">
        <ele>736.379174</ele>
        <time>2026-02-23T17:45:52.026Z</time>
      </trkpt>
      <trkpt lat="38.734063" lon="-0.260388">
        <ele>734.559217</ele>
        <time>2026-02-23T17:45:55.954Z</time>
      </trkpt>
      <trkpt lat="38.733827" lon="-0.258177">
        <ele>725.898170</ele>
        <time>2026-02-23T17:46:12.391Z</time>
      </trkpt>
      <trkpt lat="38.733586" lon="-0.257508">
        <ele>722.879396</ele>
        <time>2026-02-23T17:46:17.686Z</time>
      </trkpt>
      <trkpt lat="38.733560" lon="-0.257374">
        <ele>722.316504</ele>
        <time>2026-02-23T17:46:18.678Z</time>
      </trkpt>
      <trkpt lat="38.733552" lon="-0.257207">
        <ele>721.732660</ele>
        <time>2026-02-23T17:46:19.879Z</time>
      </trkpt>
      <trkpt lat="38.733633" lon="-0.256454">
        <ele>719.080202</ele>
        <time>2026-02-23T17:46:25.405Z</time>
      </trkpt>
      <trkpt lat="38.733625" lon="-0.256242">
        <ele>718.339564</ele>
        <time>2026-02-23T17:46:26.976Z</time>
      </trkpt>
      <trkpt lat="38.733518" lon="-0.255062">
        <ele>714.208517</ele>
        <time>2026-02-23T17:46:36.105Z</time>
      </trkpt>
      <trkpt lat="38.733491" lon="-0.254887">
        <ele>713.682371</ele>
        <time>2026-02-23T17:46:37.530Z</time>
      </trkpt>
      <trkpt lat="38.733382" lon="-0.254571">
        <ele>712.663304</ele>
        <time>2026-02-23T17:46:40.338Z</time>
      </trkpt>
      <trkpt lat="38.733353" lon="-0.254418">
        <ele>712.198913</ele>
        <time>2026-02-23T17:46:41.618Z</time>
      </trkpt>
      <trkpt lat="38.733369" lon="-0.254212">
        <ele>711.588329</ele>
        <time>2026-02-23T17:46:43.309Z</time>
      </trkpt>
      <trkpt lat="38.733424" lon="-0.253984">
        <ele>710.884443</ele>
        <time>2026-02-23T17:46:45.252Z</time>
      </trkpt>
      <trkpt lat="38.733475" lon="-0.253592">
        <ele>709.712304</ele>
        <time>2026-02-23T17:46:48.429Z</time>
      </trkpt>
      <trkpt lat="38.733438" lon="-0.252545">
        <ele>706.108659</ele>
        <time>2026-02-23T17:46:56.131Z</time>
      </trkpt>
      <trkpt lat="38.733490" lon="-0.252303">
        <ele>704.929624</ele>
        <time>2026-02-23T17:46:57.937Z</time>
      </trkpt>
      <trkpt lat="38.733597" lon="-0.252026">
        <ele>703.477743</ele>
        <time>2026-02-23T17:47:00.146Z</time>
      </trkpt>
      <trkpt lat="38.733674" lon="-0.251755">
        <ele>702.123021</ele>
        <time>2026-02-23T17:47:02.194Z</time>
      </trkpt>
      <trkpt lat="38.733691" lon="-0.251422">
        <ele>700.555546</ele>
        <time>2026-02-23T17:47:04.554Z</time>
      </trkpt>
      <trkpt lat="38.733626" lon="-0.251208">
        <ele>699.476858</ele>
        <time>2026-02-23T17:47:06.175Z</time>
      </trkpt>
      <trkpt lat="38.733532" lon="-0.251079">
        <ele>698.647692</ele>
        <time>2026-02-23T17:47:07.410Z</time>
      </trkpt>
      <trkpt lat="38.733256" lon="-0.250830">
        <ele>696.616136</ele>
        <time>2026-02-23T17:47:10.470Z</time>
      </trkpt>
      <trkpt lat="38.733211" lon="-0.250736">
        <ele>696.106517</ele>
        <time>2026-02-23T17:47:11.265Z</time>
      </trkpt>
      <trkpt lat="38.733151" lon="-0.249388">
        <ele>689.867629</ele>
        <time>2026-02-23T17:47:21.007Z</time>
      </trkpt>
      <trkpt lat="38.733017" lon="-0.248397">
        <ele>685.520475</ele>
        <time>2026-02-23T17:47:28.180Z</time>
      </trkpt>
      <trkpt lat="38.732893" lon="-0.248095">
        <ele>684.549786</ele>
        <time>2026-02-23T17:47:30.629Z</time>
      </trkpt>
      <trkpt lat="38.732835" lon="-0.247904">
        <ele>683.966822</ele>
        <time>2026-02-23T17:47:32.121Z</time>
      </trkpt>
      <trkpt lat="38.732821" lon="-0.247757">
        <ele>683.545611</ele>
        <time>2026-02-23T17:47:33.195Z</time>
      </trkpt>
      <trkpt lat="38.732759" lon="-0.247181">
        <ele>681.891793</ele>
        <time>2026-02-23T17:47:37.545Z</time>
      </trkpt>
      <trkpt lat="38.732942" lon="-0.246339">
        <ele>679.466013</ele>
        <time>2026-02-23T17:47:45.341Z</time>
      </trkpt>
      <trkpt lat="38.732918" lon="-0.246170">
        <ele>679.764874</ele>
        <time>2026-02-23T17:47:47.231Z</time>
      </trkpt>
      <trkpt lat="38.732860" lon="-0.246103">
        <ele>679.939005</ele>
        <time>2026-02-23T17:47:48.432Z</time>
      </trkpt>
      <trkpt lat="38.732654" lon="-0.245983">
        <ele>680.443664</ele>
        <time>2026-02-23T17:47:52.109Z</time>
      </trkpt>
      <trkpt lat="38.732578" lon="-0.245920">
        <ele>680.645520</ele>
        <time>2026-02-23T17:47:53.708Z</time>
      </trkpt>
      <trkpt lat="38.732501" lon="-0.245763">
        <ele>680.968173</ele>
        <time>2026-02-23T17:47:56.322Z</time>
      </trkpt>
      <trkpt lat="38.732439" lon="-0.245604">
        <ele>681.277441</ele>
        <time>2026-02-23T17:47:59.499Z</time>
      </trkpt>
      <trkpt lat="38.732426" lon="-0.245471">
        <ele>681.510648</ele>
        <time>2026-02-23T17:48:01.943Z</time>
      </trkpt>
      <trkpt lat="38.732456" lon="-0.244363">
        <ele>683.439535</ele>
        <time>2026-02-23T17:48:28.056Z</time>
      </trkpt>
      <trkpt lat="38.732357" lon="-0.244411">
        <ele>683.828927</ele>
        <time>2026-02-23T17:48:32.478Z</time>
      </trkpt>
      <trkpt lat="38.732291" lon="-0.244593">
        <ele>684.420475</ele>
        <time>2026-02-23T17:48:38.822Z</time>
      </trkpt>
      <trkpt lat="38.732279" lon="-0.245046">
        <ele>685.756396</ele>
        <time>2026-02-23T17:48:54.502Z</time>
      </trkpt>
      <trkpt lat="38.732239" lon="-0.245211">
        <ele>686.265652</ele>
        <time>2026-02-23T17:49:00.926Z</time>
      </trkpt>
      <trkpt lat="38.731905" lon="-0.245734">
        <ele>688.257797</ele>
        <time>2026-02-23T17:49:23.047Z</time>
      </trkpt>
      <trkpt lat="38.731797" lon="-0.245819">
        <ele>688.736621</ele>
        <time>2026-02-23T17:49:27.146Z</time>
      </trkpt>
      <trkpt lat="38.731606" lon="-0.245826">
        <ele>689.458568</ele>
        <time>2026-02-23T17:49:32.591Z</time>
      </trkpt>
      <trkpt lat="38.731392" lon="-0.245866">
        <ele>690.220549</ele>
        <time>2026-02-23T17:49:37.641Z</time>
      </trkpt>
      <trkpt lat="38.731606" lon="-0.245826">
        <ele>689.250280</ele>
        <time>2026-02-23T17:49:41.482Z</time>
      </trkpt>
      <trkpt lat="38.731797" lon="-0.245819">
        <ele>688.393004</ele>
        <time>2026-02-23T17:49:44.488Z</time>
      </trkpt>
      <trkpt lat="38.731905" lon="-0.245734">
        <ele>687.824425</ele>
        <time>2026-02-23T17:49:46.343Z</time>
      </trkpt>
      <trkpt lat="38.732239" lon="-0.245211">
        <ele>685.458852</ele>
        <time>2026-02-23T17:49:53.298Z</time>
      </trkpt>
      <trkpt lat="38.732279" lon="-0.245046">
        <ele>684.854136</ele>
        <time>2026-02-23T17:49:55.004Z</time>
      </trkpt>
      <trkpt lat="38.732291" lon="-0.244593">
        <ele>683.267796</ele>
        <time>2026-02-23T17:49:59.508Z</time>
      </trkpt>
      <trkpt lat="38.732357" lon="-0.244411">
        <ele>682.565363</ele>
        <time>2026-02-23T17:50:01.513Z</time>
      </trkpt>
      <trkpt lat="38.732456" lon="-0.244363">
        <ele>682.085665</ele>
        <time>2026-02-23T17:50:02.881Z</time>
      </trkpt>
      <trkpt lat="38.732462" lon="-0.244162">
        <ele>681.344084</ele>
        <time>2026-02-23T17:50:04.310Z</time>
      </trkpt>
      <trkpt lat="38.732427" lon="-0.243637">
        <ele>679.401479</ele>
        <time>2026-02-23T17:50:08.096Z</time>
      </trkpt>
      <trkpt lat="38.732464" lon="-0.243506">
        <ele>678.887831</ele>
        <time>2026-02-23T17:50:09.115Z</time>
      </trkpt>
      <trkpt lat="38.732600" lon="-0.243359">
        <ele>678.047087</ele>
        <time>2026-02-23T17:50:10.782Z</time>
      </trkpt>
      <trkpt lat="38.732674" lon="-0.243241">
        <ele>677.488901</ele>
        <time>2026-02-23T17:50:11.901Z</time>
      </trkpt>
      <trkpt lat="38.732692" lon="-0.243140">
        <ele>677.106945</ele>
        <time>2026-02-23T17:50:12.657Z</time>
      </trkpt>
      <trkpt lat="38.732667" lon="-0.242956">
        <ele>676.418371</ele>
        <time>2026-02-23T17:50:14.086Z</time>
      </trkpt>
      <trkpt lat="38.732584" lon="-0.242712">
        <ele>675.436995</ele>
        <time>2026-02-23T17:50:16.180Z</time>
      </trkpt>
      <trkpt lat="38.732392" lon="-0.242482">
        <ele>674.195045</ele>
        <time>2026-02-23T17:50:18.850Z</time>
      </trkpt>
      <trkpt lat="38.732304" lon="-0.242340">
        <ele>673.598455</ele>
        <time>2026-02-23T17:50:20.311Z</time>
      </trkpt>
      <trkpt lat="38.732209" lon="-0.242022">
        <ele>672.931249</ele>
        <time>2026-02-23T17:50:23.101Z</time>
      </trkpt>
      <trkpt lat="38.731911" lon="-0.241630">
        <ele>671.858779</ele>
        <time>2026-02-23T17:50:27.667Z</time>
      </trkpt>
      <trkpt lat="38.731862" lon="-0.241432">
        <ele>671.451769</ele>
        <time>2026-02-23T17:50:29.411Z</time>
      </trkpt>
      <trkpt lat="38.731861" lon="-0.241218">
        <ele>671.032455</ele>
        <time>2026-02-23T17:50:31.236Z</time>
      </trkpt>
      <trkpt lat="38.731876" lon="-0.240547">
        <ele>669.717175</ele>
        <time>2026-02-23T17:50:36.874Z</time>
      </trkpt>
      <trkpt lat="38.731904" lon="-0.240284">
        <ele>669.197083</ele>
        <time>2026-02-23T17:50:39.041Z</time>
      </trkpt>
      <trkpt lat="38.732502" lon="-0.238248">
        <ele>664.923314</ele>
        <time>2026-02-23T17:50:56.518Z</time>
      </trkpt>
      <trkpt lat="38.732586" lon="-0.237664">
        <ele>664.472261</ele>
        <time>2026-02-23T17:51:02.095Z</time>
      </trkpt>
      <trkpt lat="38.732726" lon="-0.237305">
        <ele>664.327779</ele>
        <time>2026-02-23T17:51:06.285Z</time>
      </trkpt>
      <trkpt lat="38.732754" lon="-0.237147">
        <ele>664.269453</ele>
        <time>2026-02-23T17:51:08.124Z</time>
      </trkpt>
      <trkpt lat="38.732737" lon="-0.236730">
        <ele>664.119137</ele>
        <time>2026-02-23T17:51:13.347Z</time>
      </trkpt>
      <trkpt lat="38.732496" lon="-0.235407">
        <ele>662.423856</ele>
        <time>2026-02-23T17:51:30.330Z</time>
      </trkpt>
      <trkpt lat="38.732469" lon="-0.234913">
        <ele>661.000569</ele>
        <time>2026-02-23T17:51:34.530Z</time>
      </trkpt>
      <trkpt lat="38.732503" lon="-0.234472">
        <ele>659.726915</ele>
        <time>2026-02-23T17:51:37.889Z</time>
      </trkpt>
      <trkpt lat="38.732505" lon="-0.233970">
        <ele>658.284098</ele>
        <time>2026-02-23T17:51:41.492Z</time>
      </trkpt>
      <trkpt lat="38.732466" lon="-0.233183">
        <ele>654.848158</ele>
        <time>2026-02-23T17:51:46.993Z</time>
      </trkpt>
      <trkpt lat="38.732446" lon="-0.233059">
        <ele>654.116785</ele>
        <time>2026-02-23T17:51:47.867Z</time>
      </trkpt>
      <trkpt lat="38.732333" lon="-0.232801">
        <ele>652.407755</ele>
        <time>2026-02-23T17:51:49.909Z</time>
      </trkpt>
      <trkpt lat="38.732171" lon="-0.232601">
        <ele>650.742424</ele>
        <time>2026-02-23T17:51:51.891Z</time>
      </trkpt>
      <trkpt lat="38.731865" lon="-0.232383">
        <ele>648.150296</ele>
        <time>2026-02-23T17:51:54.994Z</time>
      </trkpt>
      <trkpt lat="38.731236" lon="-0.232098">
        <ele>643.371414</ele>
        <time>2026-02-23T17:52:00.956Z</time>
      </trkpt>
      <trkpt lat="38.731125" lon="-0.231995">
        <ele>642.608872</ele>
        <time>2026-02-23T17:52:02.186Z</time>
      </trkpt>
      <trkpt lat="38.730826" lon="-0.231611">
        <ele>640.253604</ele>
        <time>2026-02-23T17:52:06.017Z</time>
      </trkpt>
      <trkpt lat="38.730741" lon="-0.231509">
        <ele>639.605684</ele>
        <time>2026-02-23T17:52:07.096Z</time>
      </trkpt>
      <trkpt lat="38.730274" lon="-0.231126">
        <ele>636.520563</ele>
        <time>2026-02-23T17:52:12.230Z</time>
      </trkpt>
      <trkpt lat="38.730122" lon="-0.230983">
        <ele>635.471357</ele>
        <time>2026-02-23T17:52:13.977Z</time>
      </trkpt>
      <trkpt lat="38.729988" lon="-0.230822">
        <ele>634.449331</ele>
        <time>2026-02-23T17:52:15.716Z</time>
      </trkpt>
      <trkpt lat="38.729937" lon="-0.230629">
        <ele>633.967393</ele>
        <time>2026-02-23T17:52:17.250Z</time>
      </trkpt>
      <trkpt lat="38.729979" lon="-0.230453">
        <ele>634.300596</ele>
        <time>2026-02-23T17:52:18.682Z</time>
      </trkpt>
      <trkpt lat="38.730072" lon="-0.230300">
        <ele>634.651742</ele>
        <time>2026-02-23T17:52:20.289Z</time>
      </trkpt>
      <trkpt lat="38.730264" lon="-0.230016">
        <ele>635.332099</ele>
        <time>2026-02-23T17:52:24.079Z</time>
      </trkpt>
      <trkpt lat="38.730395" lon="-0.229744">
        <ele>635.910807</ele>
        <time>2026-02-23T17:52:29.422Z</time>
      </trkpt>
      <trkpt lat="38.730557" lon="-0.229586">
        <ele>636.383205</ele>
        <time>2026-02-23T17:52:34.950Z</time>
      </trkpt>
      <trkpt lat="38.730592" lon="-0.229499">
        <ele>636.560418</ele>
        <time>2026-02-23T17:52:37.149Z</time>
      </trkpt>
      <trkpt lat="38.730589" lon="-0.229351">
        <ele>636.828443</ele>
        <time>2026-02-23T17:52:40.991Z</time>
      </trkpt>
      <trkpt lat="38.730508" lon="-0.229098">
        <ele>637.323541</ele>
        <time>2026-02-23T17:52:48.928Z</time>
      </trkpt>
      <trkpt lat="38.730287" lon="-0.228591">
        <ele>639.091012</ele>
        <time>2026-02-23T17:53:10.791Z</time>
      </trkpt>
      <trkpt lat="38.730181" lon="-0.228477">
        <ele>640.065362</ele>
        <time>2026-02-23T17:53:18.411Z</time>
      </trkpt>
      <trkpt lat="38.729723" lon="-0.228103">
        <ele>643.889362</ele>
        <time>2026-02-23T17:53:48.355Z</time>
      </trkpt>
      <trkpt lat="38.729576" lon="-0.227900">
        <ele>645.410924</ele>
        <time>2026-02-23T17:53:58.893Z</time>
      </trkpt>
      <trkpt lat="38.729499" lon="-0.227714">
        <ele>646.567663</ele>
        <time>2026-02-23T17:54:06.088Z</time>
      </trkpt>
      <trkpt lat="38.729455" lon="-0.227567">
        <ele>647.432602</ele>
        <time>2026-02-23T17:54:11.026Z</time>
      </trkpt>
      <trkpt lat="38.729328" lon="-0.226738">
        <ele>651.204289</ele>
        <time>2026-02-23T17:54:31.144Z</time>
      </trkpt>
      <trkpt lat="38.729339" lon="-0.226600">
        <ele>651.487922</ele>
        <time>2026-02-23T17:54:33.721Z</time>
      </trkpt>
      <trkpt lat="38.729376" lon="-0.226483">
        <ele>651.746057</ele>
        <time>2026-02-23T17:54:35.950Z</time>
      </trkpt>
      <trkpt lat="38.729445" lon="-0.226367">
        <ele>652.044320</ele>
        <time>2026-02-23T17:54:38.500Z</time>
      </trkpt>
      <trkpt lat="38.729717" lon="-0.225897">
        <ele>653.240875</ele>
        <time>2026-02-23T17:54:49.018Z</time>
      </trkpt>
      <trkpt lat="38.729794" lon="-0.225720">
        <ele>653.655247</ele>
        <time>2026-02-23T17:54:53.067Z</time>
      </trkpt>
      <trkpt lat="38.729845" lon="-0.225467">
        <ele>654.189536</ele>
        <time>2026-02-23T17:54:58.152Z</time>
      </trkpt>
      <trkpt lat="38.729841" lon="-0.225346">
        <ele>654.437161</ele>
        <time>2026-02-23T17:55:00.454Z</time>
      </trkpt>
      <trkpt lat="38.729809" lon="-0.225211">
        <ele>654.725650</ele>
        <time>2026-02-23T17:55:03.220Z</time>
      </trkpt>
      <trkpt lat="38.729384" lon="-0.224616">
        <ele>656.071815</ele>
        <time>2026-02-23T17:55:17.927Z</time>
      </trkpt>
      <trkpt lat="38.729336" lon="-0.224482">
        <ele>656.279219</ele>
        <time>2026-02-23T17:55:20.655Z</time>
      </trkpt>
      <trkpt lat="38.729297" lon="-0.223926">
        <ele>657.064443</ele>
        <time>2026-02-23T17:55:29.999Z</time>
      </trkpt>
      <trkpt lat="38.729237" lon="-0.223679">
        <ele>657.428327</ele>
        <time>2026-02-23T17:55:33.976Z</time>
      </trkpt>
      <trkpt lat="38.729164" lon="-0.223575">
        <ele>657.625113</ele>
        <time>2026-02-23T17:55:35.991Z</time>
      </trkpt>
      <trkpt lat="38.728686" lon="-0.223111">
        <ele>658.826238</ele>
        <time>2026-02-23T17:55:46.673Z</time>
      </trkpt>
      <trkpt lat="38.728456" lon="-0.222967">
        <ele>660.210652</ele>
        <time>2026-02-23T17:55:52.856Z</time>
      </trkpt>
      <trkpt lat="38.727814" lon="-0.222674">
        <ele>663.896450</ele>
        <time>2026-02-23T17:56:17.924Z</time>
      </trkpt>
      <trkpt lat="38.727603" lon="-0.222617">
        <ele>665.062720</ele>
        <time>2026-02-23T17:56:27.865Z</time>
      </trkpt>
      <trkpt lat="38.726647" lon="-0.222687">
        <ele>669.254355</ele>
        <time>2026-02-23T17:57:11.095Z</time>
      </trkpt>
      <trkpt lat="38.726537" lon="-0.222657">
        <ele>669.541018</ele>
        <time>2026-02-23T17:57:15.166Z</time>
      </trkpt>
      <trkpt lat="38.726462" lon="-0.222588">
        <ele>669.776335</ele>
        <time>2026-02-23T17:57:18.247Z</time>
      </trkpt>
      <trkpt lat="38.726422" lon="-0.222486">
        <ele>670.003352</ele>
        <time>2026-02-23T17:57:20.964Z</time>
      </trkpt>
      <trkpt lat="38.726405" lon="-0.222368">
        <ele>670.241970</ele>
        <time>2026-02-23T17:57:23.475Z</time>
      </trkpt>
      <trkpt lat="38.726503" lon="-0.221963">
        <ele>671.085187</ele>
        <time>2026-02-23T17:57:29.703Z</time>
      </trkpt>
      <trkpt lat="38.726517" lon="-0.221842">
        <ele>671.328435</ele>
        <time>2026-02-23T17:57:31.132Z</time>
      </trkpt>
      <trkpt lat="38.726490" lon="-0.221738">
        <ele>671.546395</ele>
        <time>2026-02-23T17:57:32.611Z</time>
      </trkpt>
      <trkpt lat="38.726204" lon="-0.221069">
        <ele>672.877905</ele>
        <time>2026-02-23T17:57:41.068Z</time>
      </trkpt>
      <trkpt lat="38.726114" lon="-0.220973">
        <ele>672.646412</ele>
        <time>2026-02-23T17:57:42.469Z</time>
      </trkpt>
      <trkpt lat="38.726020" lon="-0.220921">
        <ele>672.443993</ele>
        <time>2026-02-23T17:57:43.660Z</time>
      </trkpt>
      <trkpt lat="38.725711" lon="-0.220987">
        <ele>671.824638</ele>
        <time>2026-02-23T17:57:47.292Z</time>
      </trkpt>
      <trkpt lat="38.725483" lon="-0.220987">
        <ele>671.373853</ele>
        <time>2026-02-23T17:57:50.018Z</time>
      </trkpt>
      <trkpt lat="38.725354" lon="-0.220953">
        <ele>671.113468</ele>
        <time>2026-02-23T17:57:51.537Z</time>
      </trkpt>
      <trkpt lat="38.725113" lon="-0.220834">
        <ele>670.602849</ele>
        <time>2026-02-23T17:57:54.493Z</time>
      </trkpt>
      <trkpt lat="38.725036" lon="-0.220759">
        <ele>670.411643</ele>
        <time>2026-02-23T17:57:55.636Z</time>
      </trkpt>
      <trkpt lat="38.724975" lon="-0.220547">
        <ele>670.063107</ele>
        <time>2026-02-23T17:57:57.670Z</time>
      </trkpt>
      <trkpt lat="38.724998" lon="-0.220143">
        <ele>669.438293</ele>
        <time>2026-02-23T17:58:00.823Z</time>
      </trkpt>
      <trkpt lat="38.724909" lon="-0.219666">
        <ele>666.812003</ele>
        <time>2026-02-23T17:58:04.413Z</time>
      </trkpt>
      <trkpt lat="38.724942" lon="-0.218805">
        <ele>662.034089</ele>
        <time>2026-02-23T17:58:10.530Z</time>
      </trkpt>
      <trkpt lat="38.724906" lon="-0.218713">
        <ele>661.463626</ele>
        <time>2026-02-23T17:58:11.233Z</time>
      </trkpt>
      <trkpt lat="38.724821" lon="-0.218635">
        <ele>660.720950</ele>
        <time>2026-02-23T17:58:12.151Z</time>
      </trkpt>
      <trkpt lat="38.724513" lon="-0.218481">
        <ele>658.372200</ele>
        <time>2026-02-23T17:58:15.025Z</time>
      </trkpt>
      <trkpt lat="38.724445" lon="-0.218420">
        <ele>657.782542</ele>
        <time>2026-02-23T17:58:15.737Z</time>
      </trkpt>
      <trkpt lat="38.724395" lon="-0.218313">
        <ele>657.091237</ele>
        <time>2026-02-23T17:58:16.572Z</time>
      </trkpt>
      <trkpt lat="38.724370" lon="-0.218184">
        <ele>656.389316</ele>
        <time>2026-02-23T17:58:17.460Z</time>
      </trkpt>
      <trkpt lat="38.724402" lon="-0.217712">
        <ele>654.101928</ele>
        <time>2026-02-23T17:58:20.631Z</time>
      </trkpt>
      <trkpt lat="38.724433" lon="-0.217602">
        <ele>653.537265</ele>
        <time>2026-02-23T17:58:21.424Z</time>
      </trkpt>
      <trkpt lat="38.724516" lon="-0.217474">
        <ele>652.733698</ele>
        <time>2026-02-23T17:58:22.534Z</time>
      </trkpt>
      <trkpt lat="38.724735" lon="-0.217134">
        <ele>650.605023</ele>
        <time>2026-02-23T17:58:25.492Z</time>
      </trkpt>
      <trkpt lat="38.724805" lon="-0.216896">
        <ele>649.377030</ele>
        <time>2026-02-23T17:58:27.244Z</time>
      </trkpt>
      <trkpt lat="38.724805" lon="-0.216797">
        <ele>648.899065</ele>
        <time>2026-02-23T17:58:27.950Z</time>
      </trkpt>
      <trkpt lat="38.724775" lon="-0.216686">
        <ele>648.331917</ele>
        <time>2026-02-23T17:58:28.810Z</time>
      </trkpt>
      <trkpt lat="38.724697" lon="-0.216610">
        <ele>647.725594</ele>
        <time>2026-02-23T17:58:29.778Z</time>
      </trkpt>
      <trkpt lat="38.724598" lon="-0.216583">
        <ele>647.099229</ele>
        <time>2026-02-23T17:58:30.852Z</time>
      </trkpt>
      <trkpt lat="38.724483" lon="-0.216623">
        <ele>646.361826</ele>
        <time>2026-02-23T17:58:32.334Z</time>
      </trkpt>
      <trkpt lat="38.724259" lon="-0.216887">
        <ele>646.344458</ele>
        <time>2026-02-23T17:58:39.383Z</time>
      </trkpt>
      <trkpt lat="38.724100" lon="-0.217124">
        <ele>647.609274</ele>
        <time>2026-02-23T17:58:48.436Z</time>
      </trkpt>
      <trkpt lat="38.723833" lon="-0.217751">
        <ele>650.499714</ele>
        <time>2026-02-23T17:59:14.965Z</time>
      </trkpt>
      <trkpt lat="38.723701" lon="-0.217945">
        <ele>651.541326</ele>
        <time>2026-02-23T17:59:24.367Z</time>
      </trkpt>
      <trkpt lat="38.723478" lon="-0.218108">
        <ele>652.872785</ele>
        <time>2026-02-23T17:59:35.694Z</time>
      </trkpt>
      <trkpt lat="38.723341" lon="-0.218074">
        <ele>653.596546</ele>
        <time>2026-02-23T17:59:41.417Z</time>
      </trkpt>
      <trkpt lat="38.723262" lon="-0.218010">
        <ele>654.081267</ele>
        <time>2026-02-23T17:59:44.942Z</time>
      </trkpt>
      <trkpt lat="38.723201" lon="-0.217933">
        <ele>654.525315</ele>
        <time>2026-02-23T17:59:48.083Z</time>
      </trkpt>
      <trkpt lat="38.723163" lon="-0.217827">
        <ele>654.826039</ele>
        <time>2026-02-23T17:59:51.106Z</time>
      </trkpt>
      <trkpt lat="38.723099" lon="-0.217110">
        <ele>654.883775</ele>
        <time>2026-02-23T18:00:04.500Z</time>
      </trkpt>
      <trkpt lat="38.723064" lon="-0.216985">
        <ele>654.894400</ele>
        <time>2026-02-23T18:00:05.895Z</time>
      </trkpt>
      <trkpt lat="38.722999" lon="-0.216905">
        <ele>654.903641</ele>
        <time>2026-02-23T18:00:06.962Z</time>
      </trkpt>
      <trkpt lat="38.722915" lon="-0.216868">
        <ele>654.912749</ele>
        <time>2026-02-23T18:00:07.952Z</time>
      </trkpt>
      <trkpt lat="38.722698" lon="-0.216872">
        <ele>654.935004</ele>
        <time>2026-02-23T18:00:10.231Z</time>
      </trkpt>
      <trkpt lat="38.722541" lon="-0.216827">
        <ele>654.951501</ele>
        <time>2026-02-23T18:00:11.857Z</time>
      </trkpt>
      <trkpt lat="38.722468" lon="-0.216710">
        <ele>654.963487</ele>
        <time>2026-02-23T18:00:13.106Z</time>
      </trkpt>
      <trkpt lat="38.722446" lon="-0.216320">
        <ele>654.994770</ele>
        <time>2026-02-23T18:00:16.701Z</time>
      </trkpt>
      <trkpt lat="38.722457" lon="-0.216044">
        <ele>654.810840</ele>
        <time>2026-02-23T18:00:19.596Z</time>
      </trkpt>
      <trkpt lat="38.722510" lon="-0.215604">
        <ele>654.101730</ele>
        <time>2026-02-23T18:00:23.562Z</time>
      </trkpt>
      <trkpt lat="38.722490" lon="-0.215483">
        <ele>653.904731</ele>
        <time>2026-02-23T18:00:24.540Z</time>
      </trkpt>
      <trkpt lat="38.722170" lon="-0.214942">
        <ele>652.823411</ele>
        <time>2026-02-23T18:00:29.921Z</time>
      </trkpt>
      <trkpt lat="38.722144" lon="-0.214719">
        <ele>652.464284</ele>
        <time>2026-02-23T18:00:31.749Z</time>
      </trkpt>
      <trkpt lat="38.722173" lon="-0.214603">
        <ele>652.270271</ele>
        <time>2026-02-23T18:00:32.758Z</time>
      </trkpt>
      <trkpt lat="38.722392" lon="-0.214192">
        <ele>651.477547</ele>
        <time>2026-02-23T18:00:37.628Z</time>
      </trkpt>
      <trkpt lat="38.722407" lon="-0.214122">
        <ele>651.361926</ele>
        <time>2026-02-23T18:00:38.358Z</time>
      </trkpt>
      <trkpt lat="38.722439" lon="-0.213511">
        <ele>650.502741</ele>
        <time>2026-02-23T18:00:43.836Z</time>
      </trkpt>
      <trkpt lat="38.722487" lon="-0.213347">
        <ele>650.257923</ele>
        <time>2026-02-23T18:00:45.297Z</time>
      </trkpt>
      <trkpt lat="38.722790" lon="-0.213162">
        <ele>649.656671</ele>
        <time>2026-02-23T18:00:49.164Z</time>
      </trkpt>
      <trkpt lat="38.723050" lon="-0.212722">
        <ele>648.885216</ele>
        <time>2026-02-23T18:00:54.201Z</time>
      </trkpt>
      <trkpt lat="38.723608" lon="-0.212228">
        <ele>647.014736</ele>
        <time>2026-02-23T18:01:01.514Z</time>
      </trkpt>
      <trkpt lat="38.723742" lon="-0.212030">
        <ele>646.105749</ele>
        <time>2026-02-23T18:01:03.561Z</time>
      </trkpt>
      <trkpt lat="38.723849" lon="-0.211789">
        <ele>645.144132</ele>
        <time>2026-02-23T18:01:05.686Z</time>
      </trkpt>
      <trkpt lat="38.724008" lon="-0.211201">
        <ele>642.986012</ele>
        <time>2026-02-23T18:01:10.377Z</time>
      </trkpt>
      <trkpt lat="38.724135" lon="-0.210211">
        <ele>639.098943</ele>
        <time>2026-02-23T18:01:17.666Z</time>
      </trkpt>
      <trkpt lat="38.724413" lon="-0.209559">
        <ele>634.803052</ele>
        <time>2026-02-23T18:01:22.738Z</time>
      </trkpt>
      <trkpt lat="38.724543" lon="-0.209085">
        <ele>631.898143</ele>
        <time>2026-02-23T18:01:26.141Z</time>
      </trkpt>
      <trkpt lat="38.724570" lon="-0.208865">
        <ele>630.610540</ele>
        <time>2026-02-23T18:01:27.654Z</time>
      </trkpt>
      <trkpt lat="38.724560" lon="-0.208715">
        <ele>629.740133</ele>
        <time>2026-02-23T18:01:28.688Z</time>
      </trkpt>
      <trkpt lat="38.724511" lon="-0.208574">
        <ele>628.847702</ele>
        <time>2026-02-23T18:01:29.752Z</time>
      </trkpt>
      <trkpt lat="38.724445" lon="-0.208510">
        <ele>628.234390</ele>
        <time>2026-02-23T18:01:30.485Z</time>
      </trkpt>
      <trkpt lat="38.724293" lon="-0.208452">
        <ele>627.059091</ele>
        <time>2026-02-23T18:01:31.910Z</time>
      </trkpt>
      <trkpt lat="38.724183" lon="-0.208475">
        <ele>626.722070</ele>
        <time>2026-02-23T18:01:32.927Z</time>
      </trkpt>
      <trkpt lat="38.724129" lon="-0.208516">
        <ele>626.666462</ele>
        <time>2026-02-23T18:01:33.502Z</time>
      </trkpt>
      <trkpt lat="38.723588" lon="-0.209079">
        <ele>626.049041</ele>
        <time>2026-02-23T18:01:41.117Z</time>
      </trkpt>
      <trkpt lat="38.723471" lon="-0.209233">
        <ele>625.900455</ele>
        <time>2026-02-23T18:01:44.841Z</time>
      </trkpt>
      <trkpt lat="38.723251" lon="-0.209603">
        <ele>625.578885</ele>
        <time>2026-02-23T18:01:54.430Z</time>
      </trkpt>
      <trkpt lat="38.723130" lon="-0.209737">
        <ele>625.437206</ele>
        <time>2026-02-23T18:01:58.546Z</time>
      </trkpt>
      <trkpt lat="38.722748" lon="-0.210052">
        <ele>624.426832</ele>
        <time>2026-02-23T18:02:08.298Z</time>
      </trkpt>
      <trkpt lat="38.722486" lon="-0.210167">
        <ele>623.249720</ele>
        <time>2026-02-23T18:02:12.110Z</time>
      </trkpt>
      <trkpt lat="38.722051" lon="-0.210250">
        <ele>621.380388</ele>
        <time>2026-02-23T18:02:16.576Z</time>
      </trkpt>
      <trkpt lat="38.721614" lon="-0.210111">
        <ele>619.466588</ele>
        <time>2026-02-23T18:02:20.640Z</time>
      </trkpt>
      <trkpt lat="38.721291" lon="-0.210051">
        <ele>618.079340</ele>
        <time>2026-02-23T18:02:23.502Z</time>
      </trkpt>
      <trkpt lat="38.721051" lon="-0.209904">
        <ele>616.545577</ele>
        <time>2026-02-23T18:02:25.825Z</time>
      </trkpt>
      <trkpt lat="38.720863" lon="-0.209753">
        <ele>614.969991</ele>
        <time>2026-02-23T18:02:27.771Z</time>
      </trkpt>
      <trkpt lat="38.720796" lon="-0.209629">
        <ele>614.134273</ele>
        <time>2026-02-23T18:02:28.800Z</time>
      </trkpt>
      <trkpt lat="38.720795" lon="-0.209478">
        <ele>613.297598</ele>
        <time>2026-02-23T18:02:29.838Z</time>
      </trkpt>
      <trkpt lat="38.720815" lon="-0.209409">
        <ele>612.889759</ele>
        <time>2026-02-23T18:02:30.338Z</time>
      </trkpt>
      <trkpt lat="38.720941" lon="-0.209249">
        <ele>611.630167</ele>
        <time>2026-02-23T18:02:31.905Z</time>
      </trkpt>
      <trkpt lat="38.721096" lon="-0.209208">
        <ele>610.506221</ele>
        <time>2026-02-23T18:02:33.296Z</time>
      </trkpt>
      <trkpt lat="38.721611" lon="-0.209388">
        <ele>606.715353</ele>
        <time>2026-02-23T18:02:38.051Z</time>
      </trkpt>
      <trkpt lat="38.721689" lon="-0.209389">
        <ele>606.161400</ele>
        <time>2026-02-23T18:02:38.782Z</time>
      </trkpt>
      <trkpt lat="38.721759" lon="-0.209306">
        <ele>605.484198</ele>
        <time>2026-02-23T18:02:39.696Z</time>
      </trkpt>
      <trkpt lat="38.721765" lon="-0.209116">
        <ele>604.623305</ele>
        <time>2026-02-23T18:02:41.180Z</time>
      </trkpt>
      <trkpt lat="38.721671" lon="-0.208527">
        <ele>603.147947</ele>
        <time>2026-02-23T18:02:46.022Z</time>
      </trkpt>
      <trkpt lat="38.721609" lon="-0.208449">
        <ele>602.874687</ele>
        <time>2026-02-23T18:02:46.933Z</time>
      </trkpt>
      <trkpt lat="38.721517" lon="-0.208418">
        <ele>602.575476</ele>
        <time>2026-02-23T18:02:47.929Z</time>
      </trkpt>
      <trkpt lat="38.721319" lon="-0.208547">
        <ele>601.876842</ele>
        <time>2026-02-23T18:02:50.285Z</time>
      </trkpt>
      <trkpt lat="38.721115" lon="-0.208664">
        <ele>601.173865</ele>
        <time>2026-02-23T18:02:52.675Z</time>
      </trkpt>
      <trkpt lat="38.721018" lon="-0.208657">
        <ele>600.868276</ele>
        <time>2026-02-23T18:02:53.723Z</time>
      </trkpt>
      <trkpt lat="38.720882" lon="-0.208594">
        <ele>600.413418</ele>
        <time>2026-02-23T18:02:55.277Z</time>
      </trkpt>
      <trkpt lat="38.720822" lon="-0.208487">
        <ele>600.090048</ele>
        <time>2026-02-23T18:02:56.383Z</time>
      </trkpt>
      <trkpt lat="38.720615" lon="-0.207802">
        <ele>597.449835</ele>
        <time>2026-02-23T18:03:02.369Z</time>
      </trkpt>
      <trkpt lat="38.720605" lon="-0.207646">
        <ele>596.678909</ele>
        <time>2026-02-23T18:03:03.544Z</time>
      </trkpt>
      <trkpt lat="38.720676" lon="-0.207359">
        <ele>595.196009</ele>
        <time>2026-02-23T18:03:05.727Z</time>
      </trkpt>
      <trkpt lat="38.720742" lon="-0.207226">
        <ele>594.419679</ele>
        <time>2026-02-23T18:03:06.848Z</time>
      </trkpt>
      <trkpt lat="38.720840" lon="-0.207099">
        <ele>593.539916</ele>
        <time>2026-02-23T18:03:08.100Z</time>
      </trkpt>
      <trkpt lat="38.721121" lon="-0.206811">
        <ele>591.268641</ele>
        <time>2026-02-23T18:03:11.302Z</time>
      </trkpt>
      <trkpt lat="38.721645" lon="-0.206135">
        <ele>586.615150</ele>
        <time>2026-02-23T18:03:17.815Z</time>
      </trkpt>
      <trkpt lat="38.721781" lon="-0.205997">
        <ele>585.556806</ele>
        <time>2026-02-23T18:03:19.337Z</time>
      </trkpt>
      <trkpt lat="38.721932" lon="-0.205921">
        <ele>584.567009</ele>
        <time>2026-02-23T18:03:20.769Z</time>
      </trkpt>
      <trkpt lat="38.722377" lon="-0.205970">
        <ele>581.841886</ele>
        <time>2026-02-23T18:03:24.747Z</time>
      </trkpt>
      <trkpt lat="38.722518" lon="-0.205944">
        <ele>580.972731</ele>
        <time>2026-02-23T18:03:26.028Z</time>
      </trkpt>
      <trkpt lat="38.722665" lon="-0.205881">
        <ele>580.027017</ele>
        <time>2026-02-23T18:03:27.453Z</time>
      </trkpt>
      <trkpt lat="38.722846" lon="-0.205757">
        <ele>578.774816</ele>
        <time>2026-02-23T18:03:29.386Z</time>
      </trkpt>
      <trkpt lat="38.722907" lon="-0.205667">
        <ele>578.207309</ele>
        <time>2026-02-23T18:03:30.286Z</time>
      </trkpt>
      <trkpt lat="38.722944" lon="-0.205535">
        <ele>577.539641</ele>
        <time>2026-02-23T18:03:31.373Z</time>
      </trkpt>
      <trkpt lat="38.722950" lon="-0.205396">
        <ele>576.876963</ele>
        <time>2026-02-23T18:03:32.495Z</time>
      </trkpt>
      <trkpt lat="38.722895" lon="-0.205215">
        <ele>576.743580</ele>
        <time>2026-02-23T18:03:34.165Z</time>
      </trkpt>
      <trkpt lat="38.722802" lon="-0.205075">
        <ele>576.694687</ele>
        <time>2026-02-23T18:03:35.934Z</time>
      </trkpt>
      <trkpt lat="38.722696" lon="-0.204960">
        <ele>576.647355</ele>
        <time>2026-02-23T18:03:38.008Z</time>
      </trkpt>
      <trkpt lat="38.722518" lon="-0.204824">
        <ele>576.576727</ele>
        <time>2026-02-23T18:03:41.766Z</time>
      </trkpt>
      <trkpt lat="38.722377" lon="-0.204816">
        <ele>576.528623</ele>
        <time>2026-02-23T18:03:44.534Z</time>
      </trkpt>
      <trkpt lat="38.722141" lon="-0.204902">
        <ele>576.445000</ele>
        <time>2026-02-23T18:03:49.657Z</time>
      </trkpt>
      <trkpt lat="38.722029" lon="-0.204911">
        <ele>576.406752</ele>
        <time>2026-02-23T18:03:52.090Z</time>
      </trkpt>
      <trkpt lat="38.721867" lon="-0.204855">
        <ele>576.349566</ele>
        <time>2026-02-23T18:03:55.643Z</time>
      </trkpt>
      <trkpt lat="38.721754" lon="-0.204743">
        <ele>576.300880</ele>
        <time>2026-02-23T18:03:58.534Z</time>
      </trkpt>
      <trkpt lat="38.721694" lon="-0.204615">
        <ele>576.261173</ele>
        <time>2026-02-23T18:04:00.649Z</time>
      </trkpt>
      <trkpt lat="38.721703" lon="-0.204470">
        <ele>576.222494</ele>
        <time>2026-02-23T18:04:02.384Z</time>
      </trkpt>
      <trkpt lat="38.721877" lon="-0.204060">
        <ele>575.075024</ele>
        <time>2026-02-23T18:04:06.688Z</time>
      </trkpt>
      <trkpt lat="38.722102" lon="-0.203574">
        <ele>572.977722</ele>
        <time>2026-02-23T18:04:11.098Z</time>
      </trkpt>
      <trkpt lat="38.722602" lon="-0.203202">
        <ele>570.227667</ele>
        <time>2026-02-23T18:04:16.416Z</time>
      </trkpt>
      <trkpt lat="38.723416" lon="-0.202210">
        <ele>564.330188</ele>
        <time>2026-02-23T18:04:26.461Z</time>
      </trkpt>
      <trkpt lat="38.723472" lon="-0.202093">
        <ele>563.717547</ele>
        <time>2026-02-23T18:04:27.433Z</time>
      </trkpt>
      <trkpt lat="38.723505" lon="-0.201930">
        <ele>562.965942</ele>
        <time>2026-02-23T18:04:28.619Z</time>
      </trkpt>
      <trkpt lat="38.723611" lon="-0.201206">
        <ele>559.678147</ele>
        <time>2026-02-23T18:04:33.943Z</time>
      </trkpt>
      <trkpt lat="38.723683" lon="-0.201016">
        <ele>558.735390</ele>
        <time>2026-02-23T18:04:35.530Z</time>
      </trkpt>
      <trkpt lat="38.723833" lon="-0.200732">
        <ele>557.246164</ele>
        <time>2026-02-23T18:04:38.164Z</time>
      </trkpt>
      <trkpt lat="38.723937" lon="-0.200595">
        <ele>556.671426</ele>
        <time>2026-02-23T18:04:39.661Z</time>
      </trkpt>
      <trkpt lat="38.724007" lon="-0.200551">
        <ele>556.370959</ele>
        <time>2026-02-23T18:04:40.452Z</time>
      </trkpt>
      <trkpt lat="38.724055" lon="-0.200551">
        <ele>556.185971</ele>
        <time>2026-02-23T18:04:40.937Z</time>
      </trkpt>
      <trkpt lat="38.724166" lon="-0.200605">
        <ele>555.728411</ele>
        <time>2026-02-23T18:04:42.144Z</time>
      </trkpt>
      <trkpt lat="38.724344" lon="-0.200831">
        <ele>554.762838</ele>
        <time>2026-02-23T18:04:44.703Z</time>
      </trkpt>
      <trkpt lat="38.724625" lon="-0.201290">
        <ele>553.008594</ele>
        <time>2026-02-23T18:04:49.352Z</time>
      </trkpt>
      <trkpt lat="38.724686" lon="-0.201336">
        <ele>552.735838</ele>
        <time>2026-02-23T18:04:50.061Z</time>
      </trkpt>
      <trkpt lat="38.724737" lon="-0.201359">
        <ele>552.527477</ele>
        <time>2026-02-23T18:04:50.606Z</time>
      </trkpt>
      <trkpt lat="38.724897" lon="-0.201321">
        <ele>551.900355</ele>
        <time>2026-02-23T18:04:52.220Z</time>
      </trkpt>
      <trkpt lat="38.725085" lon="-0.201196">
        <ele>551.084141</ele>
        <time>2026-02-23T18:04:54.280Z</time>
      </trkpt>
      <trkpt lat="38.725121" lon="-0.201119">
        <ele>550.814239</ele>
        <time>2026-02-23T18:04:54.955Z</time>
      </trkpt>
      <trkpt lat="38.725129" lon="-0.201014">
        <ele>550.497038</ele>
        <time>2026-02-23T18:04:55.733Z</time>
      </trkpt>
      <trkpt lat="38.724976" lon="-0.200550">
        <ele>548.270534</ele>
        <time>2026-02-23T18:04:59.369Z</time>
      </trkpt>
      <trkpt lat="38.724868" lon="-0.199918">
        <ele>545.348308</ele>
        <time>2026-02-23T18:05:03.909Z</time>
      </trkpt>
      <trkpt lat="38.724823" lon="-0.199767">
        <ele>544.618221</ele>
        <time>2026-02-23T18:05:05.044Z</time>
      </trkpt>
      <trkpt lat="38.724480" lon="-0.198928">
        <ele>540.339927</ele>
        <time>2026-02-23T18:05:11.857Z</time>
      </trkpt>
      <trkpt lat="38.724434" lon="-0.198777">
        <ele>539.704934</ele>
        <time>2026-02-23T18:05:13.046Z</time>
      </trkpt>
      <trkpt lat="38.724429" lon="-0.198673">
        <ele>539.354963</ele>
        <time>2026-02-23T18:05:13.816Z</time>
      </trkpt>
      <trkpt lat="38.724450" lon="-0.198577">
        <ele>539.020089</ele>
        <time>2026-02-23T18:05:14.557Z</time>
      </trkpt>
      <trkpt lat="38.724506" lon="-0.198500">
        <ele>538.666522</ele>
        <time>2026-02-23T18:05:15.331Z</time>
      </trkpt>
      <trkpt lat="38.724545" lon="-0.198447">
        <ele>538.421819</ele>
        <time>2026-02-23T18:05:15.868Z</time>
      </trkpt>
      <trkpt lat="38.724940" lon="-0.198156">
        <ele>536.460408</ele>
        <time>2026-02-23T18:05:20.197Z</time>
      </trkpt>
      <trkpt lat="38.725388" lon="-0.197946">
        <ele>534.406769</ele>
        <time>2026-02-23T18:05:24.819Z</time>
      </trkpt>
      <trkpt lat="38.725463" lon="-0.197869">
        <ele>533.993078</ele>
        <time>2026-02-23T18:05:25.768Z</time>
      </trkpt>
      <trkpt lat="38.725541" lon="-0.197649">
        <ele>533.181441</ele>
        <time>2026-02-23T18:05:27.639Z</time>
      </trkpt>
      <trkpt lat="38.725536" lon="-0.197396">
        <ele>532.331421</ele>
        <time>2026-02-23T18:05:29.621Z</time>
      </trkpt>
      <trkpt lat="38.725464" lon="-0.197282">
        <ele>532.089767</ele>
        <time>2026-02-23T18:05:30.778Z</time>
      </trkpt>
      <trkpt lat="38.725379" lon="-0.197226">
        <ele>531.933571</ele>
        <time>2026-02-23T18:05:31.752Z</time>
      </trkpt>
      <trkpt lat="38.724987" lon="-0.197159">
        <ele>531.287233</ele>
        <time>2026-02-23T18:05:35.891Z</time>
      </trkpt>
      <trkpt lat="38.724780" lon="-0.197168">
        <ele>530.948726</ele>
        <time>2026-02-23T18:05:38.186Z</time>
      </trkpt>
      <trkpt lat="38.724055" lon="-0.197286">
        <ele>529.754303</ele>
        <time>2026-02-23T18:05:47.284Z</time>
      </trkpt>
      <trkpt lat="38.723913" lon="-0.197287">
        <ele>529.522221</ele>
        <time>2026-02-23T18:05:49.203Z</time>
      </trkpt>
      <trkpt lat="38.723809" lon="-0.197258">
        <ele>529.348272</ele>
        <time>2026-02-23T18:05:50.705Z</time>
      </trkpt>
      <trkpt lat="38.723396" lon="-0.197045">
        <ele>529.448431</ele>
        <time>2026-02-23T18:05:56.567Z</time>
      </trkpt>
      <trkpt lat="38.723280" lon="-0.196959">
        <ele>529.494831</ele>
        <time>2026-02-23T18:05:58.290Z</time>
      </trkpt>
      <trkpt lat="38.723163" lon="-0.196812">
        <ele>529.551559</ele>
        <time>2026-02-23T18:06:00.392Z</time>
      </trkpt>
      <trkpt lat="38.723060" lon="-0.196525">
        <ele>529.636898</ele>
        <time>2026-02-23T18:06:03.642Z</time>
      </trkpt>
      <trkpt lat="38.722981" lon="-0.196422">
        <ele>529.675917</ele>
        <time>2026-02-23T18:06:05.283Z</time>
      </trkpt>
      <trkpt lat="38.722929" lon="-0.196392">
        <ele>529.695662</ele>
        <time>2026-02-23T18:06:06.224Z</time>
      </trkpt>
      <trkpt lat="38.722822" lon="-0.196372">
        <ele>529.733102</ele>
        <time>2026-02-23T18:06:08.250Z</time>
      </trkpt>
      <trkpt lat="38.722697" lon="-0.196409">
        <ele>529.777523</ele>
        <time>2026-02-23T18:06:10.965Z</time>
      </trkpt>
      <trkpt lat="38.722209" lon="-0.196659">
        <ele>530.129805</ele>
        <time>2026-02-23T18:06:23.192Z</time>
      </trkpt>
      <trkpt lat="38.721985" lon="-0.196714">
        <ele>530.616572</ele>
        <time>2026-02-23T18:06:27.548Z</time>
      </trkpt>
      <trkpt lat="38.721561" lon="-0.196602">
        <ele>531.540516</ele>
        <time>2026-02-23T18:06:37.222Z</time>
      </trkpt>
      <trkpt lat="38.721453" lon="-0.196516">
        <ele>531.811877</ele>
        <time>2026-02-23T18:06:40.352Z</time>
      </trkpt>
      <trkpt lat="38.721421" lon="-0.196393">
        <ele>532.027777</ele>
        <time>2026-02-23T18:06:42.583Z</time>
      </trkpt>
      <trkpt lat="38.721438" lon="-0.196279">
        <ele>532.221039</ele>
        <time>2026-02-23T18:06:44.972Z</time>
      </trkpt>
      <trkpt lat="38.721464" lon="-0.196208">
        <ele>532.351639</ele>
        <time>2026-02-23T18:06:46.454Z</time>
      </trkpt>
      <trkpt lat="38.721512" lon="-0.196067">
        <ele>532.607801</ele>
        <time>2026-02-23T18:06:49.605Z</time>
      </trkpt>
      <trkpt lat="38.721529" lon="-0.196023">
        <ele>532.689558</ele>
        <time>2026-02-23T18:06:50.659Z</time>
      </trkpt>
      <trkpt lat="38.721619" lon="-0.195923">
        <ele>532.943769</ele>
        <time>2026-02-23T18:06:53.778Z</time>
      </trkpt>
      <trkpt lat="38.721711" lon="-0.195890">
        <ele>533.147665</ele>
        <time>2026-02-23T18:06:56.535Z</time>
      </trkpt>
      <trkpt lat="38.721961" lon="-0.195908">
        <ele>533.682071</ele>
        <time>2026-02-23T18:07:02.318Z</time>
      </trkpt>
      <trkpt lat="38.722064" lon="-0.195886">
        <ele>533.850637</ele>
        <time>2026-02-23T18:07:04.473Z</time>
      </trkpt>
      <trkpt lat="38.722684" lon="-0.195623">
        <ele>534.702561</ele>
        <time>2026-02-23T18:07:20.183Z</time>
      </trkpt>
      <trkpt lat="38.722826" lon="-0.195523">
        <ele>534.913915</ele>
        <time>2026-02-23T18:07:24.126Z</time>
      </trkpt>
      <trkpt lat="38.723295" lon="-0.195055">
        <ele>535.689265</ele>
        <time>2026-02-23T18:07:35.762Z</time>
      </trkpt>
      <trkpt lat="38.723535" lon="-0.194955">
        <ele>536.018468</ele>
        <time>2026-02-23T18:07:39.496Z</time>
      </trkpt>
      <trkpt lat="38.723792" lon="-0.195004">
        <ele>535.671807</ele>
        <time>2026-02-23T18:07:42.790Z</time>
      </trkpt>
      <trkpt lat="38.724212" lon="-0.195045">
        <ele>534.688785</ele>
        <time>2026-02-23T18:07:47.832Z</time>
      </trkpt>
      <trkpt lat="38.724324" lon="-0.195103">
        <ele>534.406876</ele>
        <time>2026-02-23T18:07:49.171Z</time>
      </trkpt>
      <trkpt lat="38.724668" lon="-0.195359">
        <ele>533.478560</ele>
        <time>2026-02-23T18:07:53.328Z</time>
      </trkpt>
      <trkpt lat="38.724789" lon="-0.195390">
        <ele>533.190588</ele>
        <time>2026-02-23T18:07:54.599Z</time>
      </trkpt>
      <trkpt lat="38.724944" lon="-0.195383">
        <ele>532.828629</ele>
        <time>2026-02-23T18:07:56.177Z</time>
      </trkpt>
      <trkpt lat="38.725455" lon="-0.195326">
        <ele>531.423152</ele>
        <time>2026-02-23T18:08:01.198Z</time>
      </trkpt>
      <trkpt lat="38.725711" lon="-0.195337">
        <ele>530.384207</ele>
        <time>2026-02-23T18:08:03.627Z</time>
      </trkpt>
      <trkpt lat="38.725969" lon="-0.195392">
        <ele>529.323360</ele>
        <time>2026-02-23T18:08:06.096Z</time>
      </trkpt>
      <trkpt lat="38.726165" lon="-0.195480">
        <ele>528.481006</ele>
        <time>2026-02-23T18:08:08.061Z</time>
      </trkpt>
      <trkpt lat="38.726371" lon="-0.195626">
        <ele>527.526232</ele>
        <time>2026-02-23T18:08:10.287Z</time>
      </trkpt>
      <trkpt lat="38.726481" lon="-0.195713">
        <ele>527.001964</ele>
        <time>2026-02-23T18:08:11.517Z</time>
      </trkpt>
      <trkpt lat="38.726635" lon="-0.195849">
        <ele>526.243430</ele>
        <time>2026-02-23T18:08:13.291Z</time>
      </trkpt>
      <trkpt lat="38.726766" lon="-0.195967">
        <ele>525.594006</ele>
        <time>2026-02-23T18:08:14.805Z</time>
      </trkpt>
      <trkpt lat="38.726963" lon="-0.196155">
        <ele>524.620630</ele>
        <time>2026-02-23T18:08:17.228Z</time>
      </trkpt>
      <trkpt lat="38.727236" lon="-0.196523">
        <ele>524.786991</ele>
        <time>2026-02-23T18:08:21.808Z</time>
      </trkpt>
      <trkpt lat="38.727619" lon="-0.196869">
        <ele>524.983751</ele>
        <time>2026-02-23T18:08:30.728Z</time>
      </trkpt>
      <trkpt lat="38.728146" lon="-0.197289">
        <ele>525.244336</ele>
        <time>2026-02-23T18:08:44.552Z</time>
      </trkpt>
      <trkpt lat="38.728490" lon="-0.197500">
        <ele>525.477171</ele>
        <time>2026-02-23T18:08:53.222Z</time>
      </trkpt>
      <trkpt lat="38.729519" lon="-0.197994">
        <ele>527.031472</ele>
        <time>2026-02-23T18:09:16.380Z</time>
      </trkpt>
      <trkpt lat="38.729872" lon="-0.198118">
        <ele>527.549216</ele>
        <time>2026-02-23T18:09:23.504Z</time>
      </trkpt>
      <trkpt lat="38.730221" lon="-0.198132">
        <ele>527.872037</ele>
        <time>2026-02-23T18:09:30.181Z</time>
      </trkpt>
      <trkpt lat="38.730573" lon="-0.198024">
        <ele>527.683695</ele>
        <time>2026-02-23T18:09:36.877Z</time>
      </trkpt>
      <trkpt lat="38.730851" lon="-0.197976">
        <ele>527.537727</ele>
        <time>2026-02-23T18:09:41.692Z</time>
      </trkpt>
      <trkpt lat="38.731720" lon="-0.197974">
        <ele>527.085529</ele>
        <time>2026-02-23T18:09:52.413Z</time>
      </trkpt>
      <trkpt lat="38.731966" lon="-0.198036">
        <ele>526.864363</ele>
        <time>2026-02-23T18:09:55.038Z</time>
      </trkpt>
      <trkpt lat="38.732677" lon="-0.198437">
        <ele>525.103816</ele>
        <time>2026-02-23T18:10:03.070Z</time>
      </trkpt>
      <trkpt lat="38.732903" lon="-0.198518">
        <ele>524.571945</ele>
        <time>2026-02-23T18:10:05.566Z</time>
      </trkpt>
      <trkpt lat="38.733136" lon="-0.198564">
        <ele>524.037626</ele>
        <time>2026-02-23T18:10:08.066Z</time>
      </trkpt>
      <trkpt lat="38.733379" lon="-0.198573">
        <ele>523.486637</ele>
        <time>2026-02-23T18:10:10.722Z</time>
      </trkpt>
      <trkpt lat="38.733979" lon="-0.198534">
        <ele>522.303121</ele>
        <time>2026-02-23T18:10:17.528Z</time>
      </trkpt>
      <trkpt lat="38.734811" lon="-0.198748">
        <ele>520.818765</ele>
        <time>2026-02-23T18:10:26.924Z</time>
      </trkpt>
      <trkpt lat="38.735446" lon="-0.198823">
        <ele>519.665255</ele>
        <time>2026-02-23T18:10:34.150Z</time>
      </trkpt>
      <trkpt lat="38.735763" lon="-0.198820">
        <ele>518.733633</ele>
        <time>2026-02-23T18:10:37.974Z</time>
      </trkpt>
      <trkpt lat="38.736244" lon="-0.198772">
        <ele>517.315801</ele>
        <time>2026-02-23T18:10:43.520Z</time>
      </trkpt>
      <trkpt lat="38.736928" lon="-0.198639">
        <ele>515.282680</ele>
        <time>2026-02-23T18:10:50.336Z</time>
      </trkpt>
      <trkpt lat="38.737331" lon="-0.198589">
        <ele>514.355925</ele>
        <time>2026-02-23T18:10:54.031Z</time>
      </trkpt>
      <trkpt lat="38.737629" lon="-0.198665">
        <ele>514.080265</ele>
        <time>2026-02-23T18:10:57.092Z</time>
      </trkpt>
      <trkpt lat="38.737930" lon="-0.198890">
        <ele>513.764150</ele>
        <time>2026-02-23T18:11:00.954Z</time>
      </trkpt>
      <trkpt lat="38.738090" lon="-0.198966">
        <ele>513.609346</ele>
        <time>2026-02-23T18:11:02.916Z</time>
      </trkpt>
      <trkpt lat="38.738267" lon="-0.198975">
        <ele>513.448635</ele>
        <time>2026-02-23T18:11:05.154Z</time>
      </trkpt>
      <trkpt lat="38.738444" lon="-0.198906">
        <ele>513.280791</ele>
        <time>2026-02-23T18:11:07.915Z</time>
      </trkpt>
      <trkpt lat="38.738551" lon="-0.198816">
        <ele>513.164687</ele>
        <time>2026-02-23T18:11:10.172Z</time>
      </trkpt>
      <trkpt lat="38.738900" lon="-0.198411">
        <ele>512.932397</ele>
        <time>2026-02-23T18:11:21.599Z</time>
      </trkpt>
      <trkpt lat="38.739410" lon="-0.198027">
        <ele>513.400941</ele>
        <time>2026-02-23T18:11:42.448Z</time>
      </trkpt>
      <trkpt lat="38.739556" lon="-0.197829">
        <ele>513.569303</ele>
        <time>2026-02-23T18:11:47.248Z</time>
      </trkpt>
      <trkpt lat="38.739617" lon="-0.197669">
        <ele>513.679347</ele>
        <time>2026-02-23T18:11:49.948Z</time>
      </trkpt>
      <trkpt lat="38.739650" lon="-0.197411">
        <ele>513.840897</ele>
        <time>2026-02-23T18:11:52.931Z</time>
      </trkpt>
      <trkpt lat="38.739527" lon="-0.196603">
        <ele>513.828158</ele>
        <time>2026-02-23T18:11:59.675Z</time>
      </trkpt>
      <trkpt lat="38.739545" lon="-0.196313">
        <ele>512.880204</ele>
        <time>2026-02-23T18:12:01.876Z</time>
      </trkpt>
      <trkpt lat="38.739599" lon="-0.196127">
        <ele>512.233500</ele>
        <time>2026-02-23T18:12:03.362Z</time>
      </trkpt>
      <trkpt lat="38.739747" lon="-0.195894">
        <ele>511.254366</ele>
        <time>2026-02-23T18:12:05.587Z</time>
      </trkpt>
      <trkpt lat="38.740188" lon="-0.195590">
        <ele>509.162629</ele>
        <time>2026-02-23T18:12:10.343Z</time>
      </trkpt>
      <trkpt lat="38.740477" lon="-0.195309">
        <ele>507.647373</ele>
        <time>2026-02-23T18:12:13.806Z</time>
      </trkpt>
      <trkpt lat="38.740643" lon="-0.194958">
        <ele>506.147583</ele>
        <time>2026-02-23T18:12:16.881Z</time>
      </trkpt>
      <trkpt lat="38.740737" lon="-0.194430">
        <ele>503.736035</ele>
        <time>2026-02-23T18:12:21.004Z</time>
      </trkpt>
      <trkpt lat="38.740830" lon="-0.194092">
        <ele>502.140088</ele>
        <time>2026-02-23T18:12:23.725Z</time>
      </trkpt>
      <trkpt lat="38.740956" lon="-0.193872">
        <ele>500.924745</ele>
        <time>2026-02-23T18:12:25.756Z</time>
      </trkpt>
      <trkpt lat="38.741558" lon="-0.193099">
        <ele>495.934773</ele>
        <time>2026-02-23T18:12:33.408Z</time>
      </trkpt>
      <trkpt lat="38.741820" lon="-0.192670">
        <ele>492.787029</ele>
        <time>2026-02-23T18:12:37.094Z</time>
      </trkpt>
      <trkpt lat="38.742026" lon="-0.192430">
        <ele>490.725360</ele>
        <time>2026-02-23T18:12:39.517Z</time>
      </trkpt>
      <trkpt lat="38.742238" lon="-0.192254">
        <ele>488.854668</ele>
        <time>2026-02-23T18:12:41.737Z</time>
      </trkpt>
      <trkpt lat="38.742921" lon="-0.191974">
        <ele>483.543494</ele>
        <time>2026-02-23T18:12:48.248Z</time>
      </trkpt>
      <trkpt lat="38.743170" lon="-0.191825">
        <ele>482.113388</ele>
        <time>2026-02-23T18:12:50.808Z</time>
      </trkpt>
      <trkpt lat="38.743363" lon="-0.191642">
        <ele>480.985986</ele>
        <time>2026-02-23T18:12:53.055Z</time>
      </trkpt>
      <trkpt lat="38.743522" lon="-0.191444">
        <ele>479.944964</ele>
        <time>2026-02-23T18:12:55.143Z</time>
      </trkpt>
      <trkpt lat="38.743899" lon="-0.190861">
        <ele>477.170799</ele>
        <time>2026-02-23T18:13:00.922Z</time>
      </trkpt>
      <trkpt lat="38.744117" lon="-0.190382">
        <ele>475.139281</ele>
        <time>2026-02-23T18:13:05.180Z</time>
      </trkpt>
      <trkpt lat="38.744205" lon="-0.189950">
        <ele>473.398105</ele>
        <time>2026-02-23T18:13:08.524Z</time>
      </trkpt>
      <trkpt lat="38.744268" lon="-0.189220">
        <ele>470.473020</ele>
        <time>2026-02-23T18:13:13.874Z</time>
      </trkpt>
      <trkpt lat="38.744361" lon="-0.188888">
        <ele>469.068086</ele>
        <time>2026-02-23T18:13:16.451Z</time>
      </trkpt>
      <trkpt lat="38.744511" lon="-0.188597">
        <ele>467.678899</ele>
        <time>2026-02-23T18:13:18.997Z</time>
      </trkpt>
      <trkpt lat="38.744851" lon="-0.188180">
        <ele>465.276178</ele>
        <time>2026-02-23T18:13:23.368Z</time>
      </trkpt>
      <trkpt lat="38.744991" lon="-0.188035">
        <ele>464.356633</ele>
        <time>2026-02-23T18:13:25.029Z</time>
      </trkpt>
      <trkpt lat="38.745118" lon="-0.187955">
        <ele>463.633654</ele>
        <time>2026-02-23T18:13:26.336Z</time>
      </trkpt>
      <trkpt lat="38.746252" lon="-0.187585">
        <ele>457.654929</ele>
        <time>2026-02-23T18:13:37.329Z</time>
      </trkpt>
      <trkpt lat="38.746549" lon="-0.187440">
        <ele>456.048430</ele>
        <time>2026-02-23T18:13:40.410Z</time>
      </trkpt>
      <trkpt lat="38.746844" lon="-0.187196">
        <ele>454.355059</ele>
        <time>2026-02-23T18:13:43.770Z</time>
      </trkpt>
      <trkpt lat="38.746991" lon="-0.187015">
        <ele>453.371970</ele>
        <time>2026-02-23T18:13:45.680Z</time>
      </trkpt>
      <trkpt lat="38.747116" lon="-0.186811">
        <ele>452.395981</ele>
        <time>2026-02-23T18:13:47.570Z</time>
      </trkpt>
      <trkpt lat="38.747267" lon="-0.186448">
        <ele>450.848253</ele>
        <time>2026-02-23T18:13:50.576Z</time>
      </trkpt>
      <trkpt lat="38.747354" lon="-0.186051">
        <ele>449.296882</ele>
        <time>2026-02-23T18:13:53.636Z</time>
      </trkpt>
      <trkpt lat="38.747392" lon="-0.185402">
        <ele>447.055138</ele>
        <time>2026-02-23T18:13:58.467Z</time>
      </trkpt>
      <trkpt lat="38.747423" lon="-0.184700">
        <ele>445.080286</ele>
        <time>2026-02-23T18:14:03.752Z</time>
      </trkpt>
      <trkpt lat="38.747483" lon="-0.184343">
        <ele>444.054570</ele>
        <time>2026-02-23T18:14:06.594Z</time>
      </trkpt>
      <trkpt lat="38.747629" lon="-0.183986">
        <ele>442.922381</ele>
        <time>2026-02-23T18:14:09.907Z</time>
      </trkpt>
      <trkpt lat="38.747825" lon="-0.183707">
        <ele>441.867733</ele>
        <time>2026-02-23T18:14:13.017Z</time>
      </trkpt>
      <trkpt lat="38.747930" lon="-0.183607">
        <ele>441.396701</ele>
        <time>2026-02-23T18:14:14.369Z</time>
      </trkpt>
      <trkpt lat="38.748160" lon="-0.183453">
        <ele>440.631138</ele>
        <time>2026-02-23T18:14:16.986Z</time>
      </trkpt>
      <trkpt lat="38.748475" lon="-0.183359">
        <ele>439.737929</ele>
        <time>2026-02-23T18:14:20.223Z</time>
      </trkpt>
      <trkpt lat="38.748758" lon="-0.183362">
        <ele>438.956321</ele>
        <time>2026-02-23T18:14:23.085Z</time>
      </trkpt>
      <trkpt lat="38.749457" lon="-0.183477">
        <ele>437.010015</ele>
        <time>2026-02-23T18:14:30.637Z</time>
      </trkpt>
      <trkpt lat="38.749667" lon="-0.183454">
        <ele>436.427931</ele>
        <time>2026-02-23T18:14:33.012Z</time>
      </trkpt>
      <trkpt lat="38.749828" lon="-0.183400">
        <ele>435.968136</ele>
        <time>2026-02-23T18:14:34.741Z</time>
      </trkpt>
      <trkpt lat="38.750089" lon="-0.183251">
        <ele>435.178506</ele>
        <time>2026-02-23T18:14:37.652Z</time>
      </trkpt>
      <trkpt lat="38.750251" lon="-0.183091">
        <ele>434.613338</ele>
        <time>2026-02-23T18:14:39.714Z</time>
      </trkpt>
      <trkpt lat="38.750450" lon="-0.182792">
        <ele>433.766066</ele>
        <time>2026-02-23T18:14:42.842Z</time>
      </trkpt>
      <trkpt lat="38.750586" lon="-0.182441">
        <ele>432.921267</ele>
        <time>2026-02-23T18:14:46.012Z</time>
      </trkpt>
      <trkpt lat="38.750672" lon="-0.181888">
        <ele>431.705827</ele>
        <time>2026-02-23T18:14:50.548Z</time>
      </trkpt>
      <trkpt lat="38.750734" lon="-0.181629">
        <ele>431.202325</ele>
        <time>2026-02-23T18:14:52.756Z</time>
      </trkpt>
      <trkpt lat="38.750849" lon="-0.181329">
        <ele>430.941302</ele>
        <time>2026-02-23T18:14:55.431Z</time>
      </trkpt>
      <trkpt lat="38.751105" lon="-0.180864">
        <ele>430.496851</ele>
        <time>2026-02-23T18:15:00.668Z</time>
      </trkpt>
      <trkpt lat="38.751292" lon="-0.180271">
        <ele>429.997389</ele>
        <time>2026-02-23T18:15:08.021Z</time>
      </trkpt>
      <trkpt lat="38.751334" lon="-0.180036">
        <ele>429.809134</ele>
        <time>2026-02-23T18:15:10.790Z</time>
      </trkpt>
      <trkpt lat="38.751347" lon="-0.179143">
        <ele>428.980909</ele>
        <time>2026-02-23T18:15:20.505Z</time>
      </trkpt>
      <trkpt lat="38.751412" lon="-0.178799">
        <ele>428.596744</ele>
        <time>2026-02-23T18:15:23.968Z</time>
      </trkpt>
      <trkpt lat="38.751515" lon="-0.178545">
        <ele>428.286023</ele>
        <time>2026-02-23T18:15:26.593Z</time>
      </trkpt>
      <trkpt lat="38.751604" lon="-0.178391">
        <ele>428.077986</ele>
        <time>2026-02-23T18:15:28.313Z</time>
      </trkpt>
      <trkpt lat="38.751885" lon="-0.177998">
        <ele>427.499301</ele>
        <time>2026-02-23T18:15:32.986Z</time>
      </trkpt>
      <trkpt lat="38.752153" lon="-0.177571">
        <ele>426.847202</ele>
        <time>2026-02-23T18:15:37.615Z</time>
      </trkpt>
      <trkpt lat="38.752268" lon="-0.177246">
        <ele>425.899406</ele>
        <time>2026-02-23T18:15:40.535Z</time>
      </trkpt>
      <trkpt lat="38.752304" lon="-0.177004">
        <ele>425.245136</ele>
        <time>2026-02-23T18:15:42.504Z</time>
      </trkpt>
      <trkpt lat="38.752305" lon="-0.176454">
        <ele>423.784492</ele>
        <time>2026-02-23T18:15:46.784Z</time>
      </trkpt>
      <trkpt lat="38.752244" lon="-0.175500">
        <ele>421.242443</ele>
        <time>2026-02-23T18:15:54.124Z</time>
      </trkpt>
      <trkpt lat="38.752264" lon="-0.175003">
        <ele>419.851525</ele>
        <time>2026-02-23T18:15:57.879Z</time>
      </trkpt>
      <trkpt lat="38.752306" lon="-0.174692">
        <ele>418.948652</ele>
        <time>2026-02-23T18:16:00.253Z</time>
      </trkpt>
      <trkpt lat="38.752542" lon="-0.173588">
        <ele>415.674111</ele>
        <time>2026-02-23T18:16:09.092Z</time>
      </trkpt>
      <trkpt lat="38.752599" lon="-0.173198">
        <ele>414.539077</ele>
        <time>2026-02-23T18:16:12.237Z</time>
      </trkpt>
      <trkpt lat="38.752622" lon="-0.172796">
        <ele>413.666660</ele>
        <time>2026-02-23T18:16:15.452Z</time>
      </trkpt>
      <trkpt lat="38.752622" lon="-0.172745">
        <ele>413.569778</ele>
        <time>2026-02-23T18:16:15.865Z</time>
      </trkpt>
      <trkpt lat="38.752585" lon="-0.172073">
        <ele>412.290039</ele>
        <time>2026-02-23T18:16:21.236Z</time>
      </trkpt>
      <trkpt lat="38.752479" lon="-0.171551">
        <ele>411.265358</ele>
        <time>2026-02-23T18:16:25.544Z</time>
      </trkpt>
      <trkpt lat="38.752220" lon="-0.170510">
        <ele>410.397172</ele>
        <time>2026-02-23T18:16:34.973Z</time>
      </trkpt>
      <trkpt lat="38.752075" lon="-0.170218">
        <ele>410.960320</ele>
        <time>2026-02-23T18:16:40.631Z</time>
      </trkpt>
      <trkpt lat="38.751943" lon="-0.170057">
        <ele>411.340343</ele>
        <time>2026-02-23T18:16:45.014Z</time>
      </trkpt>
      <trkpt lat="38.751882" lon="-0.170001">
        <ele>411.496839</ele>
        <time>2026-02-23T18:16:46.815Z</time>
      </trkpt>
      <trkpt lat="38.751411" lon="-0.169625">
        <ele>412.654194</ele>
        <time>2026-02-23T18:17:02.326Z</time>
      </trkpt>
      <trkpt lat="38.751334" lon="-0.169493">
        <ele>412.922358</ele>
        <time>2026-02-23T18:17:06.119Z</time>
      </trkpt>
      <trkpt lat="38.751319" lon="-0.169305">
        <ele>413.229795</ele>
        <time>2026-02-23T18:17:10.622Z</time>
      </trkpt>
      <trkpt lat="38.751576" lon="-0.168810">
        <ele>414.424420</ele>
        <time>2026-02-23T18:17:25.994Z</time>
      </trkpt>
      <trkpt lat="38.751867" lon="-0.168341">
        <ele>415.765526</ele>
        <time>2026-02-23T18:17:39.687Z</time>
      </trkpt>
      <trkpt lat="38.752185" lon="-0.168080">
        <ele>416.848875</ele>
        <time>2026-02-23T18:17:49.359Z</time>
      </trkpt>
      <trkpt lat="38.752325" lon="-0.167925">
        <ele>417.379594</ele>
        <time>2026-02-23T18:17:53.810Z</time>
      </trkpt>
      <trkpt lat="38.752376" lon="-0.167781">
        <ele>417.733488</ele>
        <time>2026-02-23T18:17:56.615Z</time>
      </trkpt>
      <trkpt lat="38.752415" lon="-0.167567">
        <ele>418.225249</ele>
        <time>2026-02-23T18:18:00.466Z</time>
      </trkpt>
      <trkpt lat="38.752377" lon="-0.166915">
        <ele>418.647882</ele>
        <time>2026-02-23T18:18:12.046Z</time>
      </trkpt>
      <trkpt lat="38.752302" lon="-0.165402">
        <ele>418.266758</ele>
        <time>2026-02-23T18:18:29.879Z</time>
      </trkpt>
      <trkpt lat="38.752308" lon="-0.165012">
        <ele>418.105386</ele>
        <time>2026-02-23T18:18:32.994Z</time>
      </trkpt>
      <trkpt lat="38.752390" lon="-0.164245">
        <ele>415.148732</ele>
        <time>2026-02-23T18:18:38.894Z</time>
      </trkpt>
      <trkpt lat="38.752283" lon="-0.162319">
        <ele>407.477694</ele>
        <time>2026-02-23T18:18:52.751Z</time>
      </trkpt>
      <trkpt lat="38.752218" lon="-0.161705">
        <ele>404.669636</ele>
        <time>2026-02-23T18:18:57.170Z</time>
      </trkpt>
      <trkpt lat="38.752092" lon="-0.161199">
        <ele>402.262472</ele>
        <time>2026-02-23T18:19:00.977Z</time>
      </trkpt>
      <trkpt lat="38.751925" lon="-0.160814">
        <ele>400.265988</ele>
        <time>2026-02-23T18:19:04.162Z</time>
      </trkpt>
      <trkpt lat="38.751663" lon="-0.160397">
        <ele>398.015089</ele>
        <time>2026-02-23T18:19:08.045Z</time>
      </trkpt>
      <trkpt lat="38.751016" lon="-0.159509">
        <ele>393.409975</ele>
        <time>2026-02-23T18:19:16.970Z</time>
      </trkpt>
      <trkpt lat="38.750813" lon="-0.159116">
        <ele>391.623673</ele>
        <time>2026-02-23T18:19:20.501Z</time>
      </trkpt>
      <trkpt lat="38.750726" lon="-0.158707">
        <ele>390.069811</ele>
        <time>2026-02-23T18:19:23.667Z</time>
      </trkpt>
      <trkpt lat="38.750721" lon="-0.158137">
        <ele>388.639130</ele>
        <time>2026-02-23T18:19:27.958Z</time>
      </trkpt>
      <trkpt lat="38.750757" lon="-0.157742">
        <ele>387.641010</ele>
        <time>2026-02-23T18:19:31.021Z</time>
      </trkpt>
      <trkpt lat="38.750922" lon="-0.157459">
        <ele>386.754186</ele>
        <time>2026-02-23T18:19:35.034Z</time>
      </trkpt>
      <trkpt lat="38.751008" lon="-0.157183">
        <ele>386.008237</ele>
        <time>2026-02-23T18:19:38.429Z</time>
      </trkpt>
      <trkpt lat="38.751031" lon="-0.157020">
        <ele>385.592498</ele>
        <time>2026-02-23T18:19:40.338Z</time>
      </trkpt>
      <trkpt lat="38.751142" lon="-0.156978">
        <ele>385.220048</ele>
        <time>2026-02-23T18:19:42.056Z</time>
      </trkpt>
      <trkpt lat="38.751178" lon="-0.156991">
        <ele>385.099686</ele>
        <time>2026-02-23T18:19:42.626Z</time>
      </trkpt>
      <trkpt lat="38.751193" lon="-0.157030">
        <ele>384.990548</ele>
        <time>2026-02-23T18:19:43.126Z</time>
      </trkpt>
      <trkpt lat="38.751082" lon="-0.157475">
        <ele>384.576422</ele>
        <time>2026-02-23T18:19:48.842Z</time>
      </trkpt>
      <trkpt lat="38.751070" lon="-0.157746">
        <ele>384.806933</ele>
        <time>2026-02-23T18:19:52.585Z</time>
      </trkpt>
      <trkpt lat="38.751144" lon="-0.157809">
        <ele>384.903657</ele>
        <time>2026-02-23T18:19:54.331Z</time>
      </trkpt>
      <trkpt lat="38.751215" lon="-0.157800">
        <ele>384.981348</ele>
        <time>2026-02-23T18:19:55.437Z</time>
      </trkpt>
      <trkpt lat="38.751232" lon="-0.157769">
        <ele>385.013531</ele>
        <time>2026-02-23T18:19:55.899Z</time>
      </trkpt>
      <trkpt lat="38.751360" lon="-0.157308">
        <ele>385.429095</ele>
        <time>2026-02-23T18:20:03.421Z</time>
      </trkpt>
      <trkpt lat="38.751447" lon="-0.157156">
        <ele>385.589211</ele>
        <time>2026-02-23T18:20:06.891Z</time>
      </trkpt>
      <trkpt lat="38.751653" lon="-0.156993">
        <ele>385.852802</ele>
        <time>2026-02-23T18:20:12.698Z</time>
      </trkpt>
      <trkpt lat="38.751858" lon="-0.156907">
        <ele>386.087675</ele>
        <time>2026-02-23T18:20:18.013Z</time>
      </trkpt>
      <trkpt lat="38.752011" lon="-0.156893">
        <ele>386.254705</ele>
        <time>2026-02-23T18:20:22.106Z</time>
      </trkpt>
      <trkpt lat="38.752142" lon="-0.156917">
        <ele>386.489352</ele>
        <time>2026-02-23T18:20:25.952Z</time>
      </trkpt>
      <trkpt lat="38.752310" lon="-0.157042">
        <ele>387.045664</ele>
        <time>2026-02-23T18:20:31.756Z</time>
      </trkpt>
      <trkpt lat="38.752429" lon="-0.157057">
        <ele>387.388140</ele>
        <time>2026-02-23T18:20:35.517Z</time>
      </trkpt>
      <trkpt lat="38.752971" lon="-0.156964">
        <ele>388.954339</ele>
        <time>2026-02-23T18:20:53.126Z</time>
      </trkpt>
      <trkpt lat="38.753680" lon="-0.156880">
        <ele>390.993661</ele>
        <time>2026-02-23T18:21:14.650Z</time>
      </trkpt>
      <trkpt lat="38.753961" lon="-0.156981">
        <ele>391.655238</ele>
        <time>2026-02-23T18:21:21.715Z</time>
      </trkpt>
      <trkpt lat="38.754066" lon="-0.156944">
        <ele>391.804727</ele>
        <time>2026-02-23T18:21:24.319Z</time>
      </trkpt>
      <trkpt lat="38.754100" lon="-0.156902">
        <ele>391.869538</ele>
        <time>2026-02-23T18:21:25.115Z</time>
      </trkpt>
      <trkpt lat="38.754167" lon="-0.156742">
        <ele>392.063963</ele>
        <time>2026-02-23T18:21:27.577Z</time>
      </trkpt>
      <trkpt lat="38.754269" lon="-0.156384">
        <ele>392.472007</ele>
        <time>2026-02-23T18:21:32.619Z</time>
      </trkpt>
      <trkpt lat="38.754266" lon="-0.155961">
        <ele>392.924878</ele>
        <time>2026-02-23T18:21:37.723Z</time>
      </trkpt>
      <trkpt lat="38.754433" lon="-0.155639">
        <ele>393.338877</ele>
        <time>2026-02-23T18:21:41.623Z</time>
      </trkpt>
      <trkpt lat="38.754494" lon="-0.155465">
        <ele>393.543114</ele>
        <time>2026-02-23T18:21:43.473Z</time>
      </trkpt>
      <trkpt lat="38.754602" lon="-0.154978">
        <ele>394.823589</ele>
        <time>2026-02-23T18:21:52.257Z</time>
      </trkpt>
      <trkpt lat="38.754587" lon="-0.154638">
        <ele>397.410778</ele>
        <time>2026-02-23T18:22:03.978Z</time>
      </trkpt>
      <trkpt lat="38.754601" lon="-0.154562">
        <ele>398.004058</ele>
        <time>2026-02-23T18:22:06.761Z</time>
      </trkpt>
      <trkpt lat="38.754908" lon="-0.153995">
        <ele>403.248164</ele>
        <time>2026-02-23T18:22:34.469Z</time>
      </trkpt>
      <trkpt lat="38.754965" lon="-0.153926">
        <ele>404.011807</ele>
        <time>2026-02-23T18:22:38.929Z</time>
      </trkpt>
      <trkpt lat="38.755153" lon="-0.153814">
        <ele>406.031326</ele>
        <time>2026-02-23T18:22:51.619Z</time>
      </trkpt>
      <trkpt lat="38.755251" lon="-0.153827">
        <ele>406.991148</ele>
        <time>2026-02-23T18:22:57.777Z</time>
      </trkpt>
      <trkpt lat="38.755296" lon="-0.153915">
        <ele>407.790616</ele>
        <time>2026-02-23T18:23:03.377Z</time>
      </trkpt>
      <trkpt lat="38.755288" lon="-0.154147">
        <ele>409.554879</ele>
        <time>2026-02-23T18:23:16.228Z</time>
      </trkpt>
      <trkpt lat="38.755234" lon="-0.154581">
        <ele>413.220367</ele>
        <time>2026-02-23T18:23:42.579Z</time>
      </trkpt>
      <trkpt lat="38.755359" lon="-0.155069">
        <ele>418.028425</ele>
        <time>2026-02-23T18:24:15.217Z</time>
      </trkpt>
      <trkpt lat="38.755392" lon="-0.155137">
        <ele>418.778131</ele>
        <time>2026-02-23T18:24:19.738Z</time>
      </trkpt>
      <trkpt lat="38.755438" lon="-0.155169">
        <ele>419.406301</ele>
        <time>2026-02-23T18:24:23.270Z</time>
      </trkpt>
      <trkpt lat="38.755501" lon="-0.155189">
        <ele>420.185342</ele>
        <time>2026-02-23T18:24:27.615Z</time>
      </trkpt>
      <trkpt lat="38.755643" lon="-0.155100">
        <ele>422.082520</ele>
        <time>2026-02-23T18:24:38.239Z</time>
      </trkpt>
      <trkpt lat="38.756234" lon="-0.154450">
        <ele>431.428295</ele>
        <time>2026-02-23T18:25:25.504Z</time>
      </trkpt>
      <trkpt lat="38.756351" lon="-0.154256">
        <ele>433.242873</ele>
        <time>2026-02-23T18:25:34.464Z</time>
      </trkpt>
      <trkpt lat="38.756368" lon="-0.153974">
        <ele>433.923537</ele>
        <time>2026-02-23T18:25:43.160Z</time>
      </trkpt>
      <trkpt lat="38.756435" lon="-0.153766">
        <ele>434.465116</ele>
        <time>2026-02-23T18:25:48.853Z</time>
      </trkpt>
      <trkpt lat="38.756439" lon="-0.153669">
        <ele>434.698874</ele>
        <time>2026-02-23T18:25:50.972Z</time>
      </trkpt>
      <trkpt lat="38.756389" lon="-0.153579">
        <ele>434.964804</ele>
        <time>2026-02-23T18:25:53.178Z</time>
      </trkpt>
      <trkpt lat="38.756226" lon="-0.153464">
        <ele>435.538930</ele>
        <time>2026-02-23T18:25:57.156Z</time>
      </trkpt>
      <trkpt lat="38.756108" lon="-0.153313">
        <ele>436.053376</ele>
        <time>2026-02-23T18:25:59.982Z</time>
      </trkpt>
      <trkpt lat="38.756063" lon="-0.153224">
        <ele>436.308638</ele>
        <time>2026-02-23T18:26:01.094Z</time>
      </trkpt>
      <trkpt lat="38.755967" lon="-0.152904">
        <ele>437.133750</ele>
        <time>2026-02-23T18:26:04.117Z</time>
      </trkpt>
      <trkpt lat="38.755916" lon="-0.152620">
        <ele>437.835094</ele>
        <time>2026-02-23T18:26:06.835Z</time>
      </trkpt>
      <trkpt lat="38.755893" lon="-0.152298">
        <ele>438.613243</ele>
        <time>2026-02-23T18:26:12.005Z</time>
      </trkpt>
      <trkpt lat="38.755795" lon="-0.152001">
        <ele>440.621019</ele>
        <time>2026-02-23T18:26:20.209Z</time>
      </trkpt>
      <trkpt lat="38.755778" lon="-0.151863">
        <ele>441.500492</ele>
        <time>2026-02-23T18:26:24.241Z</time>
      </trkpt>
      <trkpt lat="38.755788" lon="-0.151497">
        <ele>443.805850</ele>
        <time>2026-02-23T18:26:36.319Z</time>
      </trkpt>
      <trkpt lat="38.755828" lon="-0.151263">
        <ele>445.313838</ele>
        <time>2026-02-23T18:26:44.906Z</time>
      </trkpt>
      <trkpt lat="38.755951" lon="-0.151034">
        <ele>447.064226</ele>
        <time>2026-02-23T18:26:55.330Z</time>
      </trkpt>
      <trkpt lat="38.756044" lon="-0.150920">
        <ele>448.102764</ele>
        <time>2026-02-23T18:27:01.814Z</time>
      </trkpt>
      <trkpt lat="38.756088" lon="-0.150882">
        <ele>448.530984</ele>
        <time>2026-02-23T18:27:04.530Z</time>
      </trkpt>
      <trkpt lat="38.756395" lon="-0.150770">
        <ele>451.107509</ele>
        <time>2026-02-23T18:27:22.492Z</time>
      </trkpt>
      <trkpt lat="38.756482" lon="-0.150678">
        <ele>452.017782</ele>
        <time>2026-02-23T18:27:30.046Z</time>
      </trkpt>
      <trkpt lat="38.756720" lon="-0.150077">
        <ele>457.849924</ele>
        <time>2026-02-23T18:28:08.710Z</time>
      </trkpt>
      <trkpt lat="38.756866" lon="-0.149944">
        <ele>460.033130</ele>
        <time>2026-02-23T18:28:20.929Z</time>
      </trkpt>
      <trkpt lat="38.757143" lon="-0.149771">
        <ele>463.789130</ele>
        <time>2026-02-23T18:28:40.793Z</time>
      </trkpt>
      <trkpt lat="38.757309" lon="-0.149622">
        <ele>466.259242</ele>
        <time>2026-02-23T18:28:53.393Z</time>
      </trkpt>
      <trkpt lat="38.757476" lon="-0.149642">
        <ele>468.303938</ele>
        <time>2026-02-23T18:29:03.598Z</time>
      </trkpt>
      <trkpt lat="38.757581" lon="-0.149737">
        <ele>469.870472</ele>
        <time>2026-02-23T18:29:11.459Z</time>
      </trkpt>
      <trkpt lat="38.757707" lon="-0.149793">
        <ele>471.496128</ele>
        <time>2026-02-23T18:29:19.714Z</time>
      </trkpt>
      <trkpt lat="38.757788" lon="-0.149783">
        <ele>472.488135</ele>
        <time>2026-02-23T18:29:24.801Z</time>
      </trkpt>
      <trkpt lat="38.757881" lon="-0.149535">
        <ele>475.102415</ele>
        <time>2026-02-23T18:29:38.288Z</time>
      </trkpt>
      <trkpt lat="38.758165" lon="-0.149264">
        <ele>479.182984</ele>
        <time>2026-02-23T18:29:59.904Z</time>
      </trkpt>
      <trkpt lat="38.758182" lon="-0.149001">
        <ele>481.555143</ele>
        <time>2026-02-23T18:30:11.376Z</time>
      </trkpt>
      <trkpt lat="38.758362" lon="-0.148523">
        <ele>486.326535</ele>
        <time>2026-02-23T18:30:33.920Z</time>
      </trkpt>
      <trkpt lat="38.758402" lon="-0.148465">
        <ele>487.022526</ele>
        <time>2026-02-23T18:30:37.076Z</time>
      </trkpt>
      <trkpt lat="38.758440" lon="-0.148463">
        <ele>487.460925</ele>
        <time>2026-02-23T18:30:39.144Z</time>
      </trkpt>
      <trkpt lat="38.758482" lon="-0.148542">
        <ele>488.320371</ele>
        <time>2026-02-23T18:30:43.056Z</time>
      </trkpt>
      <trkpt lat="38.758491" lon="-0.148790">
        <ele>490.551993</ele>
        <time>2026-02-23T18:30:53.368Z</time>
      </trkpt>
      <trkpt lat="38.758456" lon="-0.149024">
        <ele>492.693704</ele>
        <time>2026-02-23T18:31:04.661Z</time>
      </trkpt>
      <trkpt lat="38.758552" lon="-0.149356">
        <ele>495.890205</ele>
        <time>2026-02-23T18:31:24.107Z</time>
      </trkpt>
      <trkpt lat="38.758596" lon="-0.149376">
        <ele>496.532569</ele>
        <time>2026-02-23T18:31:27.809Z</time>
      </trkpt>
      <trkpt lat="38.758628" lon="-0.149359">
        <ele>497.009189</ele>
        <time>2026-02-23T18:31:30.556Z</time>
      </trkpt>
      <trkpt lat="38.758745" lon="-0.149022">
        <ele>500.967464</ele>
        <time>2026-02-23T18:31:53.789Z</time>
      </trkpt>
      <trkpt lat="38.758942" lon="-0.148842">
        <ele>504.295946</ele>
        <time>2026-02-23T18:32:14.262Z</time>
      </trkpt>
      <trkpt lat="38.759030" lon="-0.148837">
        <ele>505.508045</ele>
        <time>2026-02-23T18:32:21.827Z</time>
      </trkpt>
      <trkpt lat="38.759347" lon="-0.148942">
        <ele>510.013230</ele>
        <time>2026-02-23T18:32:47.526Z</time>
      </trkpt>
      <trkpt lat="38.759380" lon="-0.148977">
        <ele>510.602500</ele>
        <time>2026-02-23T18:32:50.554Z</time>
      </trkpt>
      <trkpt lat="38.759380" lon="-0.149095">
        <ele>511.868649</ele>
        <time>2026-02-23T18:32:57.366Z</time>
      </trkpt>
      <trkpt lat="38.759291" lon="-0.149526">
        <ele>516.652721</ele>
        <time>2026-02-23T18:33:20.736Z</time>
      </trkpt>
      <trkpt lat="38.759288" lon="-0.149771">
        <ele>519.281917</ele>
        <time>2026-02-23T18:33:32.935Z</time>
      </trkpt>
      <trkpt lat="38.759248" lon="-0.149888">
        <ele>520.583908</ele>
        <time>2026-02-23T18:33:39.124Z</time>
      </trkpt>
      <trkpt lat="38.759053" lon="-0.150215">
        <ele>521.861379</ele>
        <time>2026-02-23T18:33:56.096Z</time>
      </trkpt>
      <trkpt lat="38.758851" lon="-0.150495">
        <ele>523.045108</ele>
        <time>2026-02-23T18:34:07.733Z</time>
      </trkpt>
      <trkpt lat="38.758683" lon="-0.150792">
        <ele>524.183725</ele>
        <time>2026-02-23T18:34:15.908Z</time>
      </trkpt>
      <trkpt lat="38.758548" lon="-0.151090">
        <ele>525.253223</ele>
        <time>2026-02-23T18:34:20.908Z</time>
      </trkpt>
      <trkpt lat="38.758451" lon="-0.151414">
        <ele>526.330232</ele>
        <time>2026-02-23T18:34:24.822Z</time>
      </trkpt>
      <trkpt lat="38.758210" lon="-0.152027">
        <ele>527.930540</ele>
        <time>2026-02-23T18:34:32.127Z</time>
      </trkpt>
      <trkpt lat="38.758038" lon="-0.152794">
        <ele>528.649349</ele>
        <time>2026-02-23T18:34:42.343Z</time>
      </trkpt>
      <trkpt lat="38.758048" lon="-0.153108">
        <ele>528.932395</ele>
        <time>2026-02-23T18:34:47.061Z</time>
      </trkpt>
      <trkpt lat="38.758091" lon="-0.153304">
        <ele>529.115779</ele>
        <time>2026-02-23T18:34:50.324Z</time>
      </trkpt>
      <trkpt lat="38.758163" lon="-0.153395">
        <ele>529.232540</ele>
        <time>2026-02-23T18:34:52.426Z</time>
      </trkpt>
      <trkpt lat="38.758312" lon="-0.153516">
        <ele>529.436240</ele>
        <time>2026-02-23T18:34:56.166Z</time>
      </trkpt>
      <trkpt lat="38.758458" lon="-0.153750">
        <ele>529.706155</ele>
        <time>2026-02-23T18:35:01.549Z</time>
      </trkpt>
      <trkpt lat="38.758488" lon="-0.153846">
        <ele>529.832557</ele>
        <time>2026-02-23T18:35:03.640Z</time>
      </trkpt>
      <trkpt lat="38.758486" lon="-0.154012">
        <ele>530.597411</ele>
        <time>2026-02-23T18:35:07.136Z</time>
      </trkpt>
      <trkpt lat="38.758422" lon="-0.154415">
        <ele>532.492146</ele>
        <time>2026-02-23T18:35:16.290Z</time>
      </trkpt>
      <trkpt lat="38.758404" lon="-0.154879">
        <ele>534.632441</ele>
        <time>2026-02-23T18:35:28.106Z</time>
      </trkpt>
      <trkpt lat="38.758440" lon="-0.155289">
        <ele>536.533251</ele>
        <time>2026-02-23T18:35:40.558Z</time>
      </trkpt>
      <trkpt lat="38.758523" lon="-0.155514">
        <ele>537.679962</ele>
        <time>2026-02-23T18:35:49.024Z</time>
      </trkpt>
      <trkpt lat="38.758644" lon="-0.155794">
        <ele>539.154760</ele>
        <time>2026-02-23T18:36:00.985Z</time>
      </trkpt>
      <trkpt lat="38.758802" lon="-0.156318">
        <ele>542.864313</ele>
        <time>2026-02-23T18:36:24.445Z</time>
      </trkpt>
      <trkpt lat="38.759030" lon="-0.156700">
        <ele>546.955433</ele>
        <time>2026-02-23T18:36:46.545Z</time>
      </trkpt>
      <trkpt lat="38.759046" lon="-0.156787">
        <ele>547.715618</ele>
        <time>2026-02-23T18:36:50.917Z</time>
      </trkpt>
      <trkpt lat="38.758997" lon="-0.157149">
        <ele>550.840267</ele>
        <time>2026-02-23T18:37:08.596Z</time>
      </trkpt>
      <trkpt lat="38.758988" lon="-0.157454">
        <ele>553.435982</ele>
        <time>2026-02-23T18:37:23.619Z</time>
      </trkpt>
      <trkpt lat="38.759046" lon="-0.158009">
        <ele>558.198151</ele>
        <time>2026-02-23T18:37:52.583Z</time>
      </trkpt>
      <trkpt lat="38.759009" lon="-0.158623">
        <ele>562.296184</ele>
        <time>2026-02-23T18:38:19.433Z</time>
      </trkpt>
      <trkpt lat="38.759083" lon="-0.158668">
        <ele>562.890230</ele>
        <time>2026-02-23T18:38:23.791Z</time>
      </trkpt>
      <trkpt lat="38.759324" lon="-0.158409">
        <ele>565.170982</ele>
        <time>2026-02-23T18:38:39.084Z</time>
      </trkpt>
      <trkpt lat="38.759407" lon="-0.158207">
        <ele>566.462429</ele>
        <time>2026-02-23T18:38:47.122Z</time>
      </trkpt>
      <trkpt lat="38.759452" lon="-0.157611">
        <ele>569.849235</ele>
        <time>2026-02-23T18:39:05.923Z</time>
      </trkpt>
      <trkpt lat="38.759643" lon="-0.156990">
        <ele>573.551090</ele>
        <time>2026-02-23T18:39:21.751Z</time>
      </trkpt>
      <trkpt lat="38.759694" lon="-0.156759">
        <ele>574.724727</ele>
        <time>2026-02-23T18:39:27.113Z</time>
      </trkpt>
      <trkpt lat="38.759667" lon="-0.156309">
        <ele>576.931063</ele>
        <time>2026-02-23T18:39:38.287Z</time>
      </trkpt>
      <trkpt lat="38.759878" lon="-0.155879">
        <ele>579.414692</ele>
        <time>2026-02-23T18:39:52.238Z</time>
      </trkpt>
      <trkpt lat="38.759991" lon="-0.155639">
        <ele>580.785217</ele>
        <time>2026-02-23T18:40:00.887Z</time>
      </trkpt>
      <trkpt lat="38.760045" lon="-0.155413">
        <ele>581.940720</ele>
        <time>2026-02-23T18:40:08.364Z</time>
      </trkpt>
      <trkpt lat="38.760192" lon="-0.154023">
        <ele>592.374781</ele>
        <time>2026-02-23T18:41:08.763Z</time>
      </trkpt>
      <trkpt lat="38.760236" lon="-0.153827">
        <ele>594.174738</ele>
        <time>2026-02-23T18:41:18.678Z</time>
      </trkpt>
      <trkpt lat="38.760291" lon="-0.153634">
        <ele>595.988143</ele>
        <time>2026-02-23T18:41:29.036Z</time>
      </trkpt>
      <trkpt lat="38.760596" lon="-0.153148">
        <ele>601.493602</ele>
        <time>2026-02-23T18:42:02.175Z</time>
      </trkpt>
      <trkpt lat="38.760745" lon="-0.152978">
        <ele>603.750664</ele>
        <time>2026-02-23T18:42:15.840Z</time>
      </trkpt>
      <trkpt lat="38.760988" lon="-0.152877">
        <ele>606.034333</ele>
        <time>2026-02-23T18:42:32.916Z</time>
      </trkpt>
      <trkpt lat="38.761328" lon="-0.153023">
        <ele>608.815048</ele>
        <time>2026-02-23T18:42:53.837Z</time>
      </trkpt>
      <trkpt lat="38.761584" lon="-0.153195">
        <ele>611.056386</ele>
        <time>2026-02-23T18:43:07.649Z</time>
      </trkpt>
      <trkpt lat="38.761683" lon="-0.153184">
        <ele>611.827044</ele>
        <time>2026-02-23T18:43:11.970Z</time>
      </trkpt>
      <trkpt lat="38.761709" lon="-0.153159">
        <ele>612.079065</ele>
        <time>2026-02-23T18:43:13.299Z</time>
      </trkpt>
      <trkpt lat="38.761737" lon="-0.153026">
        <ele>612.912154</ele>
        <time>2026-02-23T18:43:17.687Z</time>
      </trkpt>
      <trkpt lat="38.761654" lon="-0.152358">
        <ele>617.002713</ele>
        <time>2026-02-23T18:43:35.357Z</time>
      </trkpt>
      <trkpt lat="38.761613" lon="-0.151962">
        <ele>619.443318</ele>
        <time>2026-02-23T18:43:44.762Z</time>
      </trkpt>
      <trkpt lat="38.761659" lon="-0.151530">
        <ele>622.166547</ele>
        <time>2026-02-23T18:43:56.126Z</time>
      </trkpt>
      <trkpt lat="38.761733" lon="-0.151379">
        <ele>623.280459</ele>
        <time>2026-02-23T18:44:01.352Z</time>
      </trkpt>
      <trkpt lat="38.761770" lon="-0.151354">
        <ele>623.615444</ele>
        <time>2026-02-23T18:44:03.047Z</time>
      </trkpt>
      <trkpt lat="38.761800" lon="-0.151342">
        <ele>623.867159</ele>
        <time>2026-02-23T18:44:04.329Z</time>
      </trkpt>
      <trkpt lat="38.761875" lon="-0.151405">
        <ele>624.585299</ele>
        <time>2026-02-23T18:44:08.158Z</time>
      </trkpt>
      <trkpt lat="38.761900" lon="-0.151542">
        <ele>625.464090</ele>
        <time>2026-02-23T18:44:13.160Z</time>
      </trkpt>
      <trkpt lat="38.761907" lon="-0.151966">
        <ele>628.112895</ele>
        <time>2026-02-23T18:44:30.269Z</time>
      </trkpt>
      <trkpt lat="38.761990" lon="-0.152313">
        <ele>630.379856</ele>
        <time>2026-02-23T18:44:46.779Z</time>
      </trkpt>
      <trkpt lat="38.762175" lon="-0.152905">
        <ele>634.838523</ele>
        <time>2026-02-23T18:45:16.657Z</time>
      </trkpt>
      <trkpt lat="38.762253" lon="-0.153436">
        <ele>639.452009</ele>
        <time>2026-02-23T18:45:41.169Z</time>
      </trkpt>
      <trkpt lat="38.762241" lon="-0.153693">
        <ele>641.650235</ele>
        <time>2026-02-23T18:45:52.326Z</time>
      </trkpt>
      <trkpt lat="38.762208" lon="-0.153831">
        <ele>642.882658</ele>
        <time>2026-02-23T18:45:58.594Z</time>
      </trkpt>
      <trkpt lat="38.762124" lon="-0.154001">
        <ele>644.601028</ele>
        <time>2026-02-23T18:46:07.563Z</time>
      </trkpt>
      <trkpt lat="38.762006" lon="-0.154083">
        <ele>646.070599</ele>
        <time>2026-02-23T18:46:15.456Z</time>
      </trkpt>
      <trkpt lat="38.761952" lon="-0.154163">
        <ele>646.974027</ele>
        <time>2026-02-23T18:46:20.423Z</time>
      </trkpt>
      <trkpt lat="38.761803" lon="-0.154737">
        <ele>652.139363</ele>
        <time>2026-02-23T18:46:49.317Z</time>
      </trkpt>
      <trkpt lat="38.761818" lon="-0.154851">
        <ele>653.085475</ele>
        <time>2026-02-23T18:46:54.780Z</time>
      </trkpt>
      <trkpt lat="38.761926" lon="-0.154914">
        <ele>654.238080</ele>
        <time>2026-02-23T18:47:02.001Z</time>
      </trkpt>
      <trkpt lat="38.762504" lon="-0.155025">
        <ele>659.915685</ele>
        <time>2026-02-23T18:47:37.884Z</time>
      </trkpt>
      <trkpt lat="38.762760" lon="-0.155074">
        <ele>662.430151</ele>
        <time>2026-02-23T18:47:52.761Z</time>
      </trkpt>
      <trkpt lat="38.762847" lon="-0.155075">
        <ele>663.275350</ele>
        <time>2026-02-23T18:47:57.598Z</time>
      </trkpt>
      <trkpt lat="38.762901" lon="-0.155043">
        <ele>663.853229</ele>
        <time>2026-02-23T18:48:00.822Z</time>
      </trkpt>
      <trkpt lat="38.763142" lon="-0.154409">
        <ele>669.195952</ele>
        <time>2026-02-23T18:48:27.396Z</time>
      </trkpt>
      <trkpt lat="38.763190" lon="-0.154205">
        <ele>670.633265</ele>
        <time>2026-02-23T18:48:34.180Z</time>
      </trkpt>
      <trkpt lat="38.763171" lon="-0.153986">
        <ele>671.788366</ele>
        <time>2026-02-23T18:48:40.872Z</time>
      </trkpt>
      <trkpt lat="38.763061" lon="-0.153550">
        <ele>674.190580</ele>
        <time>2026-02-23T18:48:54.645Z</time>
      </trkpt>
      <trkpt lat="38.763078" lon="-0.153307">
        <ele>675.469526</ele>
        <time>2026-02-23T18:49:01.427Z</time>
      </trkpt>
      <trkpt lat="38.763322" lon="-0.152790">
        <ele>678.637459</ele>
        <time>2026-02-23T18:49:19.349Z</time>
      </trkpt>
      <trkpt lat="38.763395" lon="-0.152737">
        <ele>679.201413</ele>
        <time>2026-02-23T18:49:22.816Z</time>
      </trkpt>
      <trkpt lat="38.763441" lon="-0.152767">
        <ele>679.548353</ele>
        <time>2026-02-23T18:49:25.073Z</time>
      </trkpt>
      <trkpt lat="38.763461" lon="-0.152849">
        <ele>679.998742</ele>
        <time>2026-02-23T18:49:27.996Z</time>
      </trkpt>
      <trkpt lat="38.763391" lon="-0.153051">
        <ele>681.157504</ele>
        <time>2026-02-23T18:49:35.739Z</time>
      </trkpt>
      <trkpt lat="38.763379" lon="-0.153246">
        <ele>682.182886</ele>
        <time>2026-02-23T18:49:42.975Z</time>
      </trkpt>
      <trkpt lat="38.763495" lon="-0.153475">
        <ele>684.108494</ele>
        <time>2026-02-23T18:49:53.175Z</time>
      </trkpt>
      <trkpt lat="38.763840" lon="-0.153904">
        <ele>688.580026</ele>
        <time>2026-02-23T18:50:16.606Z</time>
      </trkpt>
      <trkpt lat="38.763954" lon="-0.154101">
        <ele>690.360003</ele>
        <time>2026-02-23T18:50:26.108Z</time>
      </trkpt>
      <trkpt lat="38.763985" lon="-0.154307">
        <ele>691.882232</ele>
        <time>2026-02-23T18:50:34.724Z</time>
      </trkpt>
      <trkpt lat="38.763940" lon="-0.154559">
        <ele>693.757970</ele>
        <time>2026-02-23T18:50:46.467Z</time>
      </trkpt>
      <trkpt lat="38.763943" lon="-0.154699">
        <ele>694.774134</ele>
        <time>2026-02-23T18:50:52.824Z</time>
      </trkpt>
      <trkpt lat="38.764025" lon="-0.154807">
        <ele>695.867862</ele>
        <time>2026-02-23T18:50:59.680Z</time>
      </trkpt>
      <trkpt lat="38.764129" lon="-0.154879">
        <ele>696.967600</ele>
        <time>2026-02-23T18:51:06.549Z</time>
      </trkpt>
      <trkpt lat="38.764223" lon="-0.154894">
        <ele>697.849035</ele>
        <time>2026-02-23T18:51:12.060Z</time>
      </trkpt>
      <trkpt lat="38.764306" lon="-0.154872">
        <ele>698.637689</ele>
        <time>2026-02-23T18:51:16.984Z</time>
      </trkpt>
      <trkpt lat="38.764555" lon="-0.154716">
        <ele>700.731977</ele>
        <time>2026-02-23T18:51:32.750Z</time>
      </trkpt>
      <trkpt lat="38.764668" lon="-0.154521">
        <ele>702.097886</ele>
        <time>2026-02-23T18:51:43.333Z</time>
      </trkpt>
      <trkpt lat="38.764840" lon="-0.154057">
        <ele>704.986299</ele>
        <time>2026-02-23T18:52:04.396Z</time>
      </trkpt>
      <trkpt lat="38.764923" lon="-0.153981">
        <ele>705.721628</ele>
        <time>2026-02-23T18:52:09.163Z</time>
      </trkpt>
      <trkpt lat="38.764985" lon="-0.153964">
        <ele>706.178769</ele>
        <time>2026-02-23T18:52:12.155Z</time>
      </trkpt>
      <trkpt lat="38.765632" lon="-0.153825">
        <ele>710.908825</ele>
        <time>2026-02-23T18:52:36.261Z</time>
      </trkpt>
      <trkpt lat="38.765766" lon="-0.153755">
        <ele>711.952076</ele>
        <time>2026-02-23T18:52:40.186Z</time>
      </trkpt>
      <trkpt lat="38.765929" lon="-0.153589">
        <ele>712.139484</ele>
        <time>2026-02-23T18:52:45.130Z</time>
      </trkpt>
      <trkpt lat="38.766107" lon="-0.153321">
        <ele>712.287228</ele>
        <time>2026-02-23T18:52:50.955Z</time>
      </trkpt>
      <trkpt lat="38.766389" lon="-0.152964">
        <ele>712.500497</ele>
        <time>2026-02-23T18:52:57.933Z</time>
      </trkpt>
      <trkpt lat="38.766542" lon="-0.152860">
        <ele>712.593698</ele>
        <time>2026-02-23T18:53:00.499Z</time>
      </trkpt>
      <trkpt lat="38.766832" lon="-0.152500">
        <ele>712.810926</ele>
        <time>2026-02-23T18:53:05.783Z</time>
      </trkpt>
      <trkpt lat="38.766875" lon="-0.152391">
        <ele>712.862191</ele>
        <time>2026-02-23T18:53:06.942Z</time>
      </trkpt>
      <trkpt lat="38.766898" lon="-0.152240">
        <ele>712.926758</ele>
        <time>2026-02-23T18:53:08.320Z</time>
      </trkpt>
      <trkpt lat="38.766812" lon="-0.151982">
        <ele>713.019246</ele>
        <time>2026-02-23T18:53:10.750Z</time>
      </trkpt>
      <trkpt lat="38.766686" lon="-0.151828">
        <ele>713.057733</ele>
        <time>2026-02-23T18:53:12.716Z</time>
      </trkpt>
      <trkpt lat="38.766348" lon="-0.151632">
        <ele>713.139759</ele>
        <time>2026-02-23T18:53:16.919Z</time>
      </trkpt>
      <trkpt lat="38.766270" lon="-0.151569">
        <ele>713.160143</ele>
        <time>2026-02-23T18:53:17.999Z</time>
      </trkpt>
      <trkpt lat="38.766171" lon="-0.151439">
        <ele>713.191474</ele>
        <time>2026-02-23T18:53:19.700Z</time>
      </trkpt>
      <trkpt lat="38.766105" lon="-0.151300">
        <ele>713.219534</ele>
        <time>2026-02-23T18:53:21.263Z</time>
      </trkpt>
      <trkpt lat="38.766078" lon="-0.151150">
        <ele>713.246076</ele>
        <time>2026-02-23T18:53:22.847Z</time>
      </trkpt>
      <trkpt lat="38.766069" lon="-0.150808">
        <ele>713.305076</ele>
        <time>2026-02-23T18:53:27.604Z</time>
      </trkpt>
      <trkpt lat="38.766092" lon="-0.150530">
        <ele>713.353277</ele>
        <time>2026-02-23T18:53:32.470Z</time>
      </trkpt>
      <trkpt lat="38.766288" lon="-0.149643">
        <ele>717.254401</ele>
        <time>2026-02-23T18:53:53.522Z</time>
      </trkpt>
      <trkpt lat="38.766357" lon="-0.149623">
        <ele>717.788659</ele>
        <time>2026-02-23T18:53:56.332Z</time>
      </trkpt>
      <trkpt lat="38.766380" lon="-0.149712">
        <ele>718.340785</ele>
        <time>2026-02-23T18:53:59.076Z</time>
      </trkpt>
      <trkpt lat="38.766343" lon="-0.150458">
        <ele>722.742593</ele>
        <time>2026-02-23T18:54:27.093Z</time>
      </trkpt>
      <trkpt lat="38.766357" lon="-0.150874">
        <ele>725.194551</ele>
        <time>2026-02-23T18:54:45.631Z</time>
      </trkpt>
      <trkpt lat="38.766404" lon="-0.151010">
        <ele>726.070546</ele>
        <time>2026-02-23T18:54:52.893Z</time>
      </trkpt>
      <trkpt lat="38.766532" lon="-0.151157">
        <ele>727.620323</ele>
        <time>2026-02-23T18:55:03.413Z</time>
      </trkpt>
      <trkpt lat="38.766859" lon="-0.151184">
        <ele>731.716924</ele>
        <time>2026-02-23T18:55:23.966Z</time>
      </trkpt>
      <trkpt lat="38.767352" lon="-0.151438">
        <ele>738.359097</ele>
        <time>2026-02-23T18:55:59.987Z</time>
      </trkpt>
      <trkpt lat="38.767476" lon="-0.151486">
        <ele>739.978409</ele>
        <time>2026-02-23T18:56:10.224Z</time>
      </trkpt>
      <trkpt lat="38.767661" lon="-0.151507">
        <ele>742.300310</ele>
        <time>2026-02-23T18:56:24.447Z</time>
      </trkpt>
      <trkpt lat="38.767718" lon="-0.151542">
        <ele>743.090380</ele>
        <time>2026-02-23T18:56:29.075Z</time>
      </trkpt>
      <trkpt lat="38.767759" lon="-0.151605">
        <ele>743.890292</ele>
        <time>2026-02-23T18:56:33.753Z</time>
      </trkpt>
      <trkpt lat="38.767787" lon="-0.151809">
        <ele>745.909389</ele>
        <time>2026-02-23T18:56:45.070Z</time>
      </trkpt>
      <trkpt lat="38.767816" lon="-0.151869">
        <ele>746.597507</ele>
        <time>2026-02-23T18:56:48.778Z</time>
      </trkpt>
      <trkpt lat="38.767862" lon="-0.151905">
        <ele>747.271206</ele>
        <time>2026-02-23T18:56:52.340Z</time>
      </trkpt>
      <trkpt lat="38.767921" lon="-0.151892">
        <ele>748.019626</ele>
        <time>2026-02-23T18:56:56.243Z</time>
      </trkpt>
      <trkpt lat="38.768101" lon="-0.151735">
        <ele>749.926619</ele>
        <time>2026-02-23T18:57:09.293Z</time>
      </trkpt>
      <trkpt lat="38.768366" lon="-0.151633">
        <ele>751.169300</ele>
        <time>2026-02-23T18:57:23.537Z</time>
      </trkpt>
      <trkpt lat="38.768429" lon="-0.151574">
        <ele>751.519666</ele>
        <time>2026-02-23T18:57:27.080Z</time>
      </trkpt>
      <trkpt lat="38.768615" lon="-0.151272">
        <ele>752.867400</ele>
        <time>2026-02-23T18:57:39.007Z</time>
      </trkpt>
      <trkpt lat="38.768700" lon="-0.151188">
        <ele>753.349357</ele>
        <time>2026-02-23T18:57:43.103Z</time>
      </trkpt>
      <trkpt lat="38.768861" lon="-0.151062">
        <ele>754.196471</ele>
        <time>2026-02-23T18:57:50.499Z</time>
      </trkpt>
      <trkpt lat="38.769267" lon="-0.150977">
        <ele>756.044141</ele>
        <time>2026-02-23T18:58:00.834Z</time>
      </trkpt>
      <trkpt lat="38.769432" lon="-0.150909">
        <ele>756.822550</ele>
        <time>2026-02-23T18:58:02.870Z</time>
      </trkpt>
      <trkpt lat="38.769681" lon="-0.150724">
        <ele>756.748255</ele>
        <time>2026-02-23T18:58:05.794Z</time>
      </trkpt>
      <trkpt lat="38.769868" lon="-0.150461">
        <ele>754.987470</ele>
        <time>2026-02-23T18:58:08.373Z</time>
      </trkpt>
      <trkpt lat="38.769956" lon="-0.150208">
        <ele>753.617028</ele>
        <time>2026-02-23T18:58:10.319Z</time>
      </trkpt>
      <trkpt lat="38.770019" lon="-0.149580">
        <ele>750.484818</ele>
        <time>2026-02-23T18:58:14.691Z</time>
      </trkpt>
      <trkpt lat="38.770071" lon="-0.149380">
        <ele>749.441894</ele>
        <time>2026-02-23T18:58:16.141Z</time>
      </trkpt>
      <trkpt lat="38.770241" lon="-0.148950">
        <ele>747.056926</ele>
        <time>2026-02-23T18:58:19.466Z</time>
      </trkpt>
      <trkpt lat="38.770265" lon="-0.148819">
        <ele>746.391245</ele>
        <time>2026-02-23T18:58:20.387Z</time>
      </trkpt>
      <trkpt lat="38.770257" lon="-0.148688">
        <ele>745.732127</ele>
        <time>2026-02-23T18:58:21.293Z</time>
      </trkpt>
      <trkpt lat="38.770161" lon="-0.148486">
        <ele>744.534917</ele>
        <time>2026-02-23T18:58:22.932Z</time>
      </trkpt>
      <trkpt lat="38.769814" lon="-0.148074">
        <ele>741.465657</ele>
        <time>2026-02-23T18:58:27.192Z</time>
      </trkpt>
      <trkpt lat="38.769690" lon="-0.147860">
        <ele>740.116321</ele>
        <time>2026-02-23T18:58:29.170Z</time>
      </trkpt>
      <trkpt lat="38.769583" lon="-0.147519">
        <ele>738.256087</ele>
        <time>2026-02-23T18:58:31.907Z</time>
      </trkpt>
      <trkpt lat="38.769570" lon="-0.147116">
        <ele>736.214855</ele>
        <time>2026-02-23T18:58:34.832Z</time>
      </trkpt>
      <trkpt lat="38.769595" lon="-0.146934">
        <ele>735.279611</ele>
        <time>2026-02-23T18:58:36.134Z</time>
      </trkpt>
      <trkpt lat="38.769740" lon="-0.146517">
        <ele>732.474154</ele>
        <time>2026-02-23T18:58:39.295Z</time>
      </trkpt>
      <trkpt lat="38.769784" lon="-0.146307">
        <ele>731.008962</ele>
        <time>2026-02-23T18:58:40.784Z</time>
      </trkpt>
      <trkpt lat="38.769821" lon="-0.145468">
        <ele>725.346712</ele>
        <time>2026-02-23T18:58:46.553Z</time>
      </trkpt>
      <trkpt lat="38.769790" lon="-0.144933">
        <ele>721.731920</ele>
        <time>2026-02-23T18:58:50.169Z</time>
      </trkpt>
      <trkpt lat="38.769808" lon="-0.144766">
        <ele>720.595966</ele>
        <time>2026-02-23T18:58:51.309Z</time>
      </trkpt>
      <trkpt lat="38.769963" lon="-0.144129">
        <ele>714.862656</ele>
        <time>2026-02-23T18:58:55.798Z</time>
      </trkpt>
      <trkpt lat="38.770039" lon="-0.143524">
        <ele>708.920932</ele>
        <time>2026-02-23T18:58:59.829Z</time>
      </trkpt>
      <trkpt lat="38.770067" lon="-0.143247">
        <ele>706.212668</ele>
        <time>2026-02-23T18:59:01.659Z</time>
      </trkpt>
      <trkpt lat="38.770182" lon="-0.142853">
        <ele>702.133533</ele>
        <time>2026-02-23T18:59:04.402Z</time>
      </trkpt>
      <trkpt lat="38.770258" lon="-0.142689">
        <ele>700.283715</ele>
        <time>2026-02-23T18:59:05.642Z</time>
      </trkpt>
      <trkpt lat="38.770368" lon="-0.142531">
        <ele>698.229881</ele>
        <time>2026-02-23T18:59:07.019Z</time>
      </trkpt>
      <trkpt lat="38.770723" lon="-0.141944">
        <ele>692.131432</ele>
        <time>2026-02-23T18:59:11.843Z</time>
      </trkpt>
      <trkpt lat="38.770751" lon="-0.141854">
        <ele>691.379813</ele>
        <time>2026-02-23T18:59:12.474Z</time>
      </trkpt>
      <trkpt lat="38.770760" lon="-0.141707">
        <ele>690.236085</ele>
        <time>2026-02-23T18:59:13.446Z</time>
      </trkpt>
      <trkpt lat="38.770732" lon="-0.141412">
        <ele>687.930999</ele>
        <time>2026-02-23T18:59:15.425Z</time>
      </trkpt>
      <trkpt lat="38.770756" lon="-0.141338">
        <ele>687.309331</ele>
        <time>2026-02-23T18:59:15.966Z</time>
      </trkpt>
      <trkpt lat="38.770821" lon="-0.141301">
        <ele>686.601841</ele>
        <time>2026-02-23T18:59:16.585Z</time>
      </trkpt>
      <trkpt lat="38.770911" lon="-0.141357">
        <ele>685.606659</ele>
        <time>2026-02-23T18:59:17.471Z</time>
      </trkpt>
      <trkpt lat="38.771572" lon="-0.142157">
        <ele>676.965820</ele>
        <time>2026-02-23T18:59:25.716Z</time>
      </trkpt>
      <trkpt lat="38.771676" lon="-0.142353">
        <ele>675.479426</ele>
        <time>2026-02-23T18:59:27.397Z</time>
      </trkpt>
      <trkpt lat="38.771907" lon="-0.143038">
        <ele>670.800362</ele>
        <time>2026-02-23T18:59:32.628Z</time>
      </trkpt>
      <trkpt lat="38.771958" lon="-0.143085">
        <ele>670.295372</ele>
        <time>2026-02-23T18:59:33.184Z</time>
      </trkpt>
      <trkpt lat="38.772013" lon="-0.143070">
        <ele>669.843210</ele>
        <time>2026-02-23T18:59:33.676Z</time>
      </trkpt>
      <trkpt lat="38.772058" lon="-0.142958">
        <ele>669.053281</ele>
        <time>2026-02-23T18:59:34.544Z</time>
      </trkpt>
      <trkpt lat="38.772143" lon="-0.142064">
        <ele>663.044242</ele>
        <time>2026-02-23T18:59:40.625Z</time>
      </trkpt>
      <trkpt lat="38.772142" lon="-0.141729">
        <ele>659.973378</ele>
        <time>2026-02-23T18:59:42.837Z</time>
      </trkpt>
      <trkpt lat="38.772089" lon="-0.141487">
        <ele>657.669176</ele>
        <time>2026-02-23T18:59:44.494Z</time>
      </trkpt>
      <trkpt lat="38.771904" lon="-0.141027">
        <ele>652.924525</ele>
        <time>2026-02-23T18:59:47.908Z</time>
      </trkpt>
      <trkpt lat="38.771816" lon="-0.140740">
        <ele>650.097528</ele>
        <time>2026-02-23T18:59:49.937Z</time>
      </trkpt>
      <trkpt lat="38.771587" lon="-0.140208">
        <ele>644.526914</ele>
        <time>2026-02-23T18:59:53.936Z</time>
      </trkpt>
      <trkpt lat="38.771553" lon="-0.139110">
        <ele>633.925174</ele>
        <time>2026-02-23T19:00:01.130Z</time>
      </trkpt>
      <trkpt lat="38.771382" lon="-0.137935">
        <ele>622.293805</ele>
        <time>2026-02-23T19:00:08.964Z</time>
      </trkpt>
      <trkpt lat="38.771487" lon="-0.136071">
        <ele>606.797247</ele>
        <time>2026-02-23T19:00:21.385Z</time>
      </trkpt>
      <trkpt lat="38.771580" lon="-0.135420">
        <ele>601.455606</ele>
        <time>2026-02-23T19:00:25.928Z</time>
      </trkpt>
      <trkpt lat="38.771585" lon="-0.135352">
        <ele>600.966356</ele>
        <time>2026-02-23T19:00:26.587Z</time>
      </trkpt>
      <trkpt lat="38.771573" lon="-0.135220">
        <ele>600.014426</ele>
        <time>2026-02-23T19:00:27.865Z</time>
      </trkpt>
      <trkpt lat="38.771402" lon="-0.134820">
        <ele>596.746737</ele>
        <time>2026-02-23T19:00:32.248Z</time>
      </trkpt>
      <trkpt lat="38.771354" lon="-0.134582">
        <ele>594.985808</ele>
        <time>2026-02-23T19:00:34.615Z</time>
      </trkpt>
      <trkpt lat="38.771351" lon="-0.134447">
        <ele>594.018399</ele>
        <time>2026-02-23T19:00:35.520Z</time>
      </trkpt>
      <trkpt lat="38.771386" lon="-0.134303">
        <ele>592.937954</ele>
        <time>2026-02-23T19:00:36.540Z</time>
      </trkpt>
      <trkpt lat="38.771445" lon="-0.134070">
        <ele>591.183136</ele>
        <time>2026-02-23T19:00:38.203Z</time>
      </trkpt>
      <trkpt lat="38.771473" lon="-0.133647">
        <ele>588.142256</ele>
        <time>2026-02-23T19:00:41.100Z</time>
      </trkpt>
      <trkpt lat="38.771555" lon="-0.133087">
        <ele>584.189004</ele>
        <time>2026-02-23T19:00:44.919Z</time>
      </trkpt>
      <trkpt lat="38.771611" lon="-0.132367">
        <ele>579.549966</ele>
        <time>2026-02-23T19:00:49.822Z</time>
      </trkpt>
      <trkpt lat="38.771684" lon="-0.131972">
        <ele>576.947335</ele>
        <time>2026-02-23T19:00:52.620Z</time>
      </trkpt>
      <trkpt lat="38.771741" lon="-0.131870">
        <ele>576.142751</ele>
        <time>2026-02-23T19:00:53.493Z</time>
      </trkpt>
      <trkpt lat="38.771830" lon="-0.131743">
        <ele>575.047940</ele>
        <time>2026-02-23T19:00:54.676Z</time>
      </trkpt>
      <trkpt lat="38.771943" lon="-0.131566">
        <ele>573.581233</ele>
        <time>2026-02-23T19:00:56.265Z</time>
      </trkpt>
      <trkpt lat="38.772039" lon="-0.131257">
        <ele>571.448660</ele>
        <time>2026-02-23T19:00:58.579Z</time>
      </trkpt>
      <trkpt lat="38.772082" lon="-0.131024">
        <ele>569.967934</ele>
        <time>2026-02-23T19:01:00.250Z</time>
      </trkpt>
      <trkpt lat="38.772130" lon="-0.130495">
        <ele>566.874713</ele>
        <time>2026-02-23T19:01:03.968Z</time>
      </trkpt>
      <trkpt lat="38.772128" lon="-0.130063">
        <ele>564.365571</ele>
        <time>2026-02-23T19:01:06.991Z</time>
      </trkpt>
      <trkpt lat="38.772002" lon="-0.129779">
        <ele>562.467695</ele>
        <time>2026-02-23T19:01:09.267Z</time>
      </trkpt>
      <trkpt lat="38.771947" lon="-0.129498">
        <ele>560.784971</ele>
        <time>2026-02-23T19:01:11.270Z</time>
      </trkpt>
      <trkpt lat="38.771943" lon="-0.128948">
        <ele>557.590372</ele>
        <time>2026-02-23T19:01:15.073Z</time>
      </trkpt>
      <trkpt lat="38.772103" lon="-0.128655">
        <ele>555.886888</ele>
        <time>2026-02-23T19:01:17.549Z</time>
      </trkpt>
      <trkpt lat="38.772163" lon="-0.128584">
        <ele>555.422814</ele>
        <time>2026-02-23T19:01:18.270Z</time>
      </trkpt>
      <trkpt lat="38.772377" lon="-0.128434">
        <ele>554.036466</ele>
        <time>2026-02-23T19:01:20.424Z</time>
      </trkpt>
      <trkpt lat="38.772599" lon="-0.128103">
        <ele>552.101304</ele>
        <time>2026-02-23T19:01:23.429Z</time>
      </trkpt>
      <trkpt lat="38.772767" lon="-0.127975">
        <ele>550.990472</ele>
        <time>2026-02-23T19:01:25.173Z</time>
      </trkpt>
      <trkpt lat="38.772844" lon="-0.127850">
        <ele>550.284404</ele>
        <time>2026-02-23T19:01:26.296Z</time>
      </trkpt>
      <trkpt lat="38.773340" lon="-0.128057">
        <ele>547.319248</ele>
        <time>2026-02-23T19:01:31.284Z</time>
      </trkpt>
      <trkpt lat="38.773420" lon="-0.128005">
        <ele>546.932958</ele>
        <time>2026-02-23T19:01:32.322Z</time>
      </trkpt>
      <trkpt lat="38.773469" lon="-0.127884">
        <ele>547.618418</ele>
        <time>2026-02-23T19:01:33.727Z</time>
      </trkpt>
      <trkpt lat="38.773986" lon="-0.128188">
        <ele>551.285765</ele>
        <time>2026-02-23T19:01:48.401Z</time>
      </trkpt>
      <trkpt lat="38.774273" lon="-0.128385">
        <ele>553.384738</ele>
        <time>2026-02-23T19:02:03.124Z</time>
      </trkpt>
      <trkpt lat="38.774528" lon="-0.128360">
        <ele>555.033835</ele>
        <time>2026-02-23T19:02:17.492Z</time>
      </trkpt>
      <trkpt lat="38.774599" lon="-0.128378">
        <ele>555.500517</ele>
        <time>2026-02-23T19:02:21.876Z</time>
      </trkpt>
      <trkpt lat="38.774627" lon="-0.128419">
        <ele>555.774526</ele>
        <time>2026-02-23T19:02:24.469Z</time>
      </trkpt>
      <trkpt lat="38.774631" lon="-0.128483">
        <ele>556.097296</ele>
        <time>2026-02-23T19:02:27.599Z</time>
      </trkpt>
      <trkpt lat="38.774527" lon="-0.128712">
        <ele>557.429597</ele>
        <time>2026-02-23T19:02:41.022Z</time>
      </trkpt>
      <trkpt lat="38.774534" lon="-0.128782">
        <ele>557.784381</ele>
        <time>2026-02-23T19:02:44.770Z</time>
      </trkpt>
      <trkpt lat="38.774588" lon="-0.128853">
        <ele>558.283023</ele>
        <time>2026-02-23T19:02:50.073Z</time>
      </trkpt>
      <trkpt lat="38.774961" lon="-0.128984">
        <ele>558.465374</ele>
        <time>2026-02-23T19:03:15.211Z</time>
      </trkpt>
      <trkpt lat="38.775293" lon="-0.129014">
        <ele>558.465374</ele>
        <time>2026-02-23T19:03:34.183Z</time>
      </trkpt>
      <trkpt lat="38.775538" lon="-0.129169">
        <ele>558.465374</ele>
        <time>2026-02-23T19:03:47.745Z</time>
      </trkpt>
      <trkpt lat="38.775581" lon="-0.129261">
        <ele>558.465374</ele>
        <time>2026-02-23T19:03:51.639Z</time>
      </trkpt>
      <trkpt lat="38.775227" lon="-0.129457">
        <ele>558.465374</ele>
        <time>2026-02-23T19:04:06.043Z</time>
      </trkpt>
      <trkpt lat="38.775191" lon="-0.129513">
        <ele>558.465374</ele>
        <time>2026-02-23T19:04:07.800Z</time>
      </trkpt>
    </trkseg>
  </trk>
</gpx>