<?xml version='1.0' encoding='UTF-8'?>
<gpx version="1.1" creator="https://www.komoot.de" xmlns="http://www.topografix.com/GPX/1/1" xmlns:xsi="http://www.w3.org/2001/XMLSchema-instance" xsi:schemaLocation="http://www.topografix.com/GPX/1/1 http://www.topografix.com/GPX/1/1/gpx.xsd">
  <metadata>
    <name>KLLKTV-Camp 2026: Zitronen-Pass und Tollos (ohne Xilibre)</name>
    <author>
      <link href="https://www.komoot.de">
        <text>komoot</text>
        <type>text/html</type>
      </link>
    </author>
  </metadata>
  <wpt lat="38.775205" lon="-0.129528">
    <name>Hotel Alahuar Aussichtspunkt</name>
    <sym>Flag, Blue</sym>
  </wpt>
  <wpt lat="38.783640" lon="0.015055">
    <name>Lemon Pass (Llosa de Camacho Straße)</name>
    <sym>Flag, Blue</sym>
  </wpt>
  <wpt lat="38.875594" lon="-0.170301">
    <name>Restaurante Nautilus</name>
    <sym>Restaurant</sym>
  </wpt>
  <wpt lat="38.794293" lon="-0.253628">
    <name>Trinkwasserquelle</name>
    <sym>Picnic Area</sym>
  </wpt>
  <wpt lat="38.762972" lon="-0.268077">
    <name>Port de Tollos</name>
    <sym>Flag, Blue</sym>
  </wpt>
  <wpt lat="38.731407" lon="-0.245996">
    <name>Bar La Font</name>
    <sym>Restaurant</sym>
  </wpt>
  <trk>
    <name>KLLKTV-Camp 2026: kein Xilibre, aber trotzdem Tollos (Tag 2 Alternative)</name>
    <type>racebike</type>
    <trkseg>
      <trkpt lat="38.775191" lon="-0.129513">
        <ele>564.689533</ele>
        <time>2026-03-23T07:56:12.908Z</time>
      </trkpt>
      <trkpt lat="38.775227" lon="-0.129457">
        <ele>564.689533</ele>
        <time>2026-03-23T07:56:13.460Z</time>
      </trkpt>
      <trkpt lat="38.775581" lon="-0.129261">
        <ele>564.689533</ele>
        <time>2026-03-23T07:56:17.039Z</time>
      </trkpt>
      <trkpt lat="38.775538" lon="-0.129169">
        <ele>564.689533</ele>
        <time>2026-03-23T07:56:17.779Z</time>
      </trkpt>
      <trkpt lat="38.775293" lon="-0.129014">
        <ele>564.689533</ele>
        <time>2026-03-23T07:56:20.166Z</time>
      </trkpt>
      <trkpt lat="38.774961" lon="-0.128984">
        <ele>562.273615</ele>
        <time>2026-03-23T07:56:23.018Z</time>
      </trkpt>
      <trkpt lat="38.774588" lon="-0.128853">
        <ele>558.254468</ele>
        <time>2026-03-23T07:56:26.278Z</time>
      </trkpt>
      <trkpt lat="38.774534" lon="-0.128782">
        <ele>557.450803</ele>
        <time>2026-03-23T07:56:26.917Z</time>
      </trkpt>
      <trkpt lat="38.774527" lon="-0.128712">
        <ele>556.878996</ele>
        <time>2026-03-23T07:56:27.381Z</time>
      </trkpt>
      <trkpt lat="38.774631" lon="-0.128483">
        <ele>554.731717</ele>
        <time>2026-03-23T07:56:29.118Z</time>
      </trkpt>
      <trkpt lat="38.774627" lon="-0.128419">
        <ele>554.211507</ele>
        <time>2026-03-23T07:56:29.542Z</time>
      </trkpt>
      <trkpt lat="38.774599" lon="-0.128378">
        <ele>553.769884</ele>
        <time>2026-03-23T07:56:29.901Z</time>
      </trkpt>
      <trkpt lat="38.774528" lon="-0.128360">
        <ele>553.017730</ele>
        <time>2026-03-23T07:56:30.518Z</time>
      </trkpt>
      <trkpt lat="38.774273" lon="-0.128385">
        <ele>550.359870</ele>
        <time>2026-03-23T07:56:32.695Z</time>
      </trkpt>
      <trkpt lat="38.773986" lon="-0.128188">
        <ele>546.976942</ele>
        <time>2026-03-23T07:56:35.516Z</time>
      </trkpt>
      <trkpt lat="38.773469" lon="-0.127884">
        <ele>542.905876</ele>
        <time>2026-03-23T07:56:40.577Z</time>
      </trkpt>
      <trkpt lat="38.773497" lon="-0.127459">
        <ele>540.739451</ele>
        <time>2026-03-23T07:56:43.623Z</time>
      </trkpt>
      <trkpt lat="38.773333" lon="-0.127457">
        <ele>539.670923</ele>
        <time>2026-03-23T07:56:45.140Z</time>
      </trkpt>
      <trkpt lat="38.773358" lon="-0.126686">
        <ele>535.751337</ele>
        <time>2026-03-23T07:56:50.717Z</time>
      </trkpt>
      <trkpt lat="38.773300" lon="-0.126693">
        <ele>535.371791</ele>
        <time>2026-03-23T07:56:51.506Z</time>
      </trkpt>
      <trkpt lat="38.773044" lon="-0.126573">
        <ele>533.858383</ele>
        <time>2026-03-23T07:56:55.069Z</time>
      </trkpt>
      <trkpt lat="38.773065" lon="-0.126454">
        <ele>533.476893</ele>
        <time>2026-03-23T07:56:56.325Z</time>
      </trkpt>
      <trkpt lat="38.773076" lon="-0.126365">
        <ele>533.195141</ele>
        <time>2026-03-23T07:56:56.973Z</time>
      </trkpt>
      <trkpt lat="38.772966" lon="-0.126323">
        <ele>532.734858</ele>
        <time>2026-03-23T07:56:58.034Z</time>
      </trkpt>
      <trkpt lat="38.772968" lon="-0.126298">
        <ele>532.656279</ele>
        <time>2026-03-23T07:56:58.215Z</time>
      </trkpt>
      <trkpt lat="38.772835" lon="-0.126203">
        <ele>532.045755</ele>
        <time>2026-03-23T07:56:59.628Z</time>
      </trkpt>
      <trkpt lat="38.772677" lon="-0.126131">
        <ele>531.373297</ele>
        <time>2026-03-23T07:57:01.246Z</time>
      </trkpt>
      <trkpt lat="38.772661" lon="-0.125946">
        <ele>530.791306</ele>
        <time>2026-03-23T07:57:02.677Z</time>
      </trkpt>
      <trkpt lat="38.772651" lon="-0.125869">
        <ele>530.547231</ele>
        <time>2026-03-23T07:57:03.309Z</time>
      </trkpt>
      <trkpt lat="38.772625" lon="-0.125663">
        <ele>529.894741</ele>
        <time>2026-03-23T07:57:04.962Z</time>
      </trkpt>
      <trkpt lat="38.772492" lon="-0.125554">
        <ele>529.261762</ele>
        <time>2026-03-23T07:57:06.618Z</time>
      </trkpt>
      <trkpt lat="38.772274" lon="-0.125237">
        <ele>527.940097</ele>
        <time>2026-03-23T07:57:10.179Z</time>
      </trkpt>
      <trkpt lat="38.772044" lon="-0.124770">
        <ele>526.147602</ele>
        <time>2026-03-23T07:57:14.631Z</time>
      </trkpt>
      <trkpt lat="38.771889" lon="-0.124373">
        <ele>524.652842</ele>
        <time>2026-03-23T07:57:18.009Z</time>
      </trkpt>
      <trkpt lat="38.771797" lon="-0.124012">
        <ele>523.374217</ele>
        <time>2026-03-23T07:57:20.857Z</time>
      </trkpt>
      <trkpt lat="38.771629" lon="-0.123076">
        <ele>520.140644</ele>
        <time>2026-03-23T07:57:27.891Z</time>
      </trkpt>
      <trkpt lat="38.771433" lon="-0.122471">
        <ele>518.165581</ele>
        <time>2026-03-23T07:57:32.704Z</time>
      </trkpt>
      <trkpt lat="38.771365" lon="-0.122381">
        <ele>517.815014</ele>
        <time>2026-03-23T07:57:33.634Z</time>
      </trkpt>
      <trkpt lat="38.771286" lon="-0.122334">
        <ele>517.502574</ele>
        <time>2026-03-23T07:57:34.478Z</time>
      </trkpt>
      <trkpt lat="38.770801" lon="-0.122240">
        <ele>515.742757</ele>
        <time>2026-03-23T07:57:39.289Z</time>
      </trkpt>
      <trkpt lat="38.770715" lon="-0.122178">
        <ele>515.388809</ele>
        <time>2026-03-23T07:57:40.292Z</time>
      </trkpt>
      <trkpt lat="38.770655" lon="-0.122063">
        <ele>515.001746</ele>
        <time>2026-03-23T07:57:41.409Z</time>
      </trkpt>
      <trkpt lat="38.770648" lon="-0.121981">
        <ele>514.771002</ele>
        <time>2026-03-23T07:57:42.075Z</time>
      </trkpt>
      <trkpt lat="38.770678" lon="-0.121879">
        <ele>514.466059</ele>
        <time>2026-03-23T07:57:42.973Z</time>
      </trkpt>
      <trkpt lat="38.771087" lon="-0.121141">
        <ele>511.666949</ele>
        <time>2026-03-23T07:57:50.662Z</time>
      </trkpt>
      <trkpt lat="38.771167" lon="-0.120932">
        <ele>510.825429</ele>
        <time>2026-03-23T07:57:52.580Z</time>
      </trkpt>
      <trkpt lat="38.771191" lon="-0.120783">
        <ele>510.275524</ele>
        <time>2026-03-23T07:57:53.784Z</time>
      </trkpt>
      <trkpt lat="38.771177" lon="-0.120691">
        <ele>509.936732</ele>
        <time>2026-03-23T07:57:54.496Z</time>
      </trkpt>
      <trkpt lat="38.771131" lon="-0.120597">
        <ele>509.535608</ele>
        <time>2026-03-23T07:57:55.329Z</time>
      </trkpt>
      <trkpt lat="38.770793" lon="-0.120186">
        <ele>507.376478</ele>
        <time>2026-03-23T07:57:59.689Z</time>
      </trkpt>
      <trkpt lat="38.770711" lon="-0.120041">
        <ele>506.729052</ele>
        <time>2026-03-23T07:58:00.977Z</time>
      </trkpt>
      <trkpt lat="38.770664" lon="-0.119804">
        <ele>505.845179</ele>
        <time>2026-03-23T07:58:02.707Z</time>
      </trkpt>
      <trkpt lat="38.770666" lon="-0.119695">
        <ele>505.451107</ele>
        <time>2026-03-23T07:58:03.482Z</time>
      </trkpt>
      <trkpt lat="38.770697" lon="-0.119596">
        <ele>505.065507</ele>
        <time>2026-03-23T07:58:04.230Z</time>
      </trkpt>
      <trkpt lat="38.770799" lon="-0.119494">
        <ele>504.466870</ele>
        <time>2026-03-23T07:58:05.404Z</time>
      </trkpt>
      <trkpt lat="38.771490" lon="-0.119174">
        <ele>501.139451</ele>
        <time>2026-03-23T07:58:12.102Z</time>
      </trkpt>
      <trkpt lat="38.771593" lon="-0.119071">
        <ele>500.547915</ele>
        <time>2026-03-23T07:58:13.309Z</time>
      </trkpt>
      <trkpt lat="38.771631" lon="-0.118981">
        <ele>500.186498</ele>
        <time>2026-03-23T07:58:14.046Z</time>
      </trkpt>
      <trkpt lat="38.771622" lon="-0.118902">
        <ele>499.904572</ele>
        <time>2026-03-23T07:58:14.628Z</time>
      </trkpt>
      <trkpt lat="38.771569" lon="-0.118818">
        <ele>499.522989</ele>
        <time>2026-03-23T07:58:15.424Z</time>
      </trkpt>
      <trkpt lat="38.771406" lon="-0.118663">
        <ele>498.603968</ele>
        <time>2026-03-23T07:58:17.412Z</time>
      </trkpt>
      <trkpt lat="38.771384" lon="-0.118515">
        <ele>498.071938</ele>
        <time>2026-03-23T07:58:18.677Z</time>
      </trkpt>
      <trkpt lat="38.771438" lon="-0.118398">
        <ele>497.591824</ele>
        <time>2026-03-23T07:58:19.932Z</time>
      </trkpt>
      <trkpt lat="38.771660" lon="-0.118144">
        <ele>496.218045</ele>
        <time>2026-03-23T07:58:23.475Z</time>
      </trkpt>
      <trkpt lat="38.771769" lon="-0.117971">
        <ele>495.254238</ele>
        <time>2026-03-23T07:58:25.659Z</time>
      </trkpt>
      <trkpt lat="38.771837" lon="-0.117813">
        <ele>494.472227</ele>
        <time>2026-03-23T07:58:27.284Z</time>
      </trkpt>
      <trkpt lat="38.771862" lon="-0.117682">
        <ele>493.887836</ele>
        <time>2026-03-23T07:58:28.391Z</time>
      </trkpt>
      <trkpt lat="38.771789" lon="-0.117228">
        <ele>491.879216</ele>
        <time>2026-03-23T07:58:31.967Z</time>
      </trkpt>
      <trkpt lat="38.771802" lon="-0.117079">
        <ele>491.229557</ele>
        <time>2026-03-23T07:58:33.051Z</time>
      </trkpt>
      <trkpt lat="38.771845" lon="-0.116968">
        <ele>490.692485</ele>
        <time>2026-03-23T07:58:33.924Z</time>
      </trkpt>
      <trkpt lat="38.772061" lon="-0.116672">
        <ele>488.935734</ele>
        <time>2026-03-23T07:58:36.717Z</time>
      </trkpt>
      <trkpt lat="38.772153" lon="-0.116430">
        <ele>487.769113</ele>
        <time>2026-03-23T07:58:38.552Z</time>
      </trkpt>
      <trkpt lat="38.772205" lon="-0.116356">
        <ele>487.337445</ele>
        <time>2026-03-23T07:58:39.228Z</time>
      </trkpt>
      <trkpt lat="38.772391" lon="-0.116191">
        <ele>486.068927</ele>
        <time>2026-03-23T07:58:41.184Z</time>
      </trkpt>
      <trkpt lat="38.772545" lon="-0.116094">
        <ele>485.076326</ele>
        <time>2026-03-23T07:58:42.651Z</time>
      </trkpt>
      <trkpt lat="38.772699" lon="-0.116027">
        <ele>484.135499</ele>
        <time>2026-03-23T07:58:44.067Z</time>
      </trkpt>
      <trkpt lat="38.773285" lon="-0.115883">
        <ele>480.683532</ele>
        <time>2026-03-23T07:58:49.444Z</time>
      </trkpt>
      <trkpt lat="38.773293" lon="-0.115845">
        <ele>480.505992</ele>
        <time>2026-03-23T07:58:49.880Z</time>
      </trkpt>
      <trkpt lat="38.773610" lon="-0.115591">
        <ele>478.343549</ele>
        <time>2026-03-23T07:58:55.049Z</time>
      </trkpt>
      <trkpt lat="38.773795" lon="-0.115285">
        <ele>476.596953</ele>
        <time>2026-03-23T07:58:59.513Z</time>
      </trkpt>
      <trkpt lat="38.773818" lon="-0.115205">
        <ele>476.212358</ele>
        <time>2026-03-23T07:59:00.529Z</time>
      </trkpt>
      <trkpt lat="38.773806" lon="-0.115133">
        <ele>475.915791</ele>
        <time>2026-03-23T07:59:01.444Z</time>
      </trkpt>
      <trkpt lat="38.773794" lon="-0.114859">
        <ele>475.242527</ele>
        <time>2026-03-23T07:59:04.820Z</time>
      </trkpt>
      <trkpt lat="38.773822" lon="-0.114367">
        <ele>474.032292</ele>
        <time>2026-03-23T07:59:11.069Z</time>
      </trkpt>
      <trkpt lat="38.773888" lon="-0.114147">
        <ele>473.453986</ele>
        <time>2026-03-23T07:59:13.924Z</time>
      </trkpt>
      <trkpt lat="38.773896" lon="-0.114037">
        <ele>473.182952</ele>
        <time>2026-03-23T07:59:15.187Z</time>
      </trkpt>
      <trkpt lat="38.773821" lon="-0.113415">
        <ele>471.638858</ele>
        <time>2026-03-23T07:59:21.993Z</time>
      </trkpt>
      <trkpt lat="38.773932" lon="-0.113031">
        <ele>470.634122</ele>
        <time>2026-03-23T07:59:26.414Z</time>
      </trkpt>
      <trkpt lat="38.773968" lon="-0.112991">
        <ele>470.484245</ele>
        <time>2026-03-23T07:59:27.088Z</time>
      </trkpt>
      <trkpt lat="38.774022" lon="-0.112993">
        <ele>470.314249</ele>
        <time>2026-03-23T07:59:27.861Z</time>
      </trkpt>
      <trkpt lat="38.774106" lon="-0.113122">
        <ele>469.946507</ele>
        <time>2026-03-23T07:59:29.741Z</time>
      </trkpt>
      <trkpt lat="38.774157" lon="-0.113149">
        <ele>469.792427</ele>
        <time>2026-03-23T07:59:30.529Z</time>
      </trkpt>
      <trkpt lat="38.774611" lon="-0.112932">
        <ele>468.439393</ele>
        <time>2026-03-23T07:59:37.789Z</time>
      </trkpt>
      <trkpt lat="38.774708" lon="-0.112837">
        <ele>468.098569</ele>
        <time>2026-03-23T07:59:39.722Z</time>
      </trkpt>
      <trkpt lat="38.774827" lon="-0.112668">
        <ele>467.602762</ele>
        <time>2026-03-23T07:59:42.569Z</time>
      </trkpt>
      <trkpt lat="38.774862" lon="-0.112581">
        <ele>467.389614</ele>
        <time>2026-03-23T07:59:43.830Z</time>
      </trkpt>
      <trkpt lat="38.774863" lon="-0.112520">
        <ele>467.256775</ele>
        <time>2026-03-23T07:59:44.580Z</time>
      </trkpt>
      <trkpt lat="38.774744" lon="-0.112058">
        <ele>466.197434</ele>
        <time>2026-03-23T07:59:50.615Z</time>
      </trkpt>
      <trkpt lat="38.774705" lon="-0.111670">
        <ele>465.345689</ele>
        <time>2026-03-23T07:59:55.271Z</time>
      </trkpt>
      <trkpt lat="38.774711" lon="-0.111537">
        <ele>464.769082</ele>
        <time>2026-03-23T07:59:56.802Z</time>
      </trkpt>
      <trkpt lat="38.774808" lon="-0.111243">
        <ele>463.167066</ele>
        <time>2026-03-23T08:00:00.330Z</time>
      </trkpt>
      <trkpt lat="38.775018" lon="-0.111164">
        <ele>461.758419</ele>
        <time>2026-03-23T08:00:03.273Z</time>
      </trkpt>
      <trkpt lat="38.775125" lon="-0.111058">
        <ele>460.888195</ele>
        <time>2026-03-23T08:00:05.037Z</time>
      </trkpt>
      <trkpt lat="38.775182" lon="-0.110945">
        <ele>460.212802</ele>
        <time>2026-03-23T08:00:06.386Z</time>
      </trkpt>
      <trkpt lat="38.775239" lon="-0.110508">
        <ele>457.989399</ele>
        <time>2026-03-23T08:00:10.763Z</time>
      </trkpt>
      <trkpt lat="38.775350" lon="-0.110302">
        <ele>456.732784</ele>
        <time>2026-03-23T08:00:13.217Z</time>
      </trkpt>
      <trkpt lat="38.775803" lon="-0.109979">
        <ele>453.412245</ele>
        <time>2026-03-23T08:00:19.669Z</time>
      </trkpt>
      <trkpt lat="38.775917" lon="-0.109811">
        <ele>452.352171</ele>
        <time>2026-03-23T08:00:21.807Z</time>
      </trkpt>
      <trkpt lat="38.776102" lon="-0.109892">
        <ele>451.158742</ele>
        <time>2026-03-23T08:00:24.251Z</time>
      </trkpt>
      <trkpt lat="38.776159" lon="-0.109893">
        <ele>450.810718</ele>
        <time>2026-03-23T08:00:24.965Z</time>
      </trkpt>
      <trkpt lat="38.776499" lon="-0.109754">
        <ele>448.632105</ele>
        <time>2026-03-23T08:00:29.511Z</time>
      </trkpt>
      <trkpt lat="38.776869" lon="-0.109750">
        <ele>446.373136</ele>
        <time>2026-03-23T08:00:34.533Z</time>
      </trkpt>
      <trkpt lat="38.777015" lon="-0.109723">
        <ele>445.472575</ele>
        <time>2026-03-23T08:00:36.631Z</time>
      </trkpt>
      <trkpt lat="38.777142" lon="-0.109770">
        <ele>444.665603</ele>
        <time>2026-03-23T08:00:38.557Z</time>
      </trkpt>
      <trkpt lat="38.777179" lon="-0.109614">
        <ele>443.889525</ele>
        <time>2026-03-23T08:00:40.381Z</time>
      </trkpt>
      <trkpt lat="38.777223" lon="-0.109622">
        <ele>443.618215</ele>
        <time>2026-03-23T08:00:41.003Z</time>
      </trkpt>
      <trkpt lat="38.777522" lon="-0.109636">
        <ele>441.767467</ele>
        <time>2026-03-23T08:00:45.172Z</time>
      </trkpt>
      <trkpt lat="38.777902" lon="-0.109717">
        <ele>439.354451</ele>
        <time>2026-03-23T08:00:50.322Z</time>
      </trkpt>
      <trkpt lat="38.778164" lon="-0.109730">
        <ele>437.712018</ele>
        <time>2026-03-23T08:00:53.807Z</time>
      </trkpt>
      <trkpt lat="38.778108" lon="-0.109582">
        <ele>436.908645</ele>
        <time>2026-03-23T08:00:54.975Z</time>
      </trkpt>
      <trkpt lat="38.778108" lon="-0.109449">
        <ele>436.259155</ele>
        <time>2026-03-23T08:00:55.932Z</time>
      </trkpt>
      <trkpt lat="38.778305" lon="-0.108905">
        <ele>433.329967</ele>
        <time>2026-03-23T08:01:00.130Z</time>
      </trkpt>
      <trkpt lat="38.778380" lon="-0.108781">
        <ele>432.563548</ele>
        <time>2026-03-23T08:01:01.210Z</time>
      </trkpt>
      <trkpt lat="38.778490" lon="-0.108670">
        <ele>431.686839</ele>
        <time>2026-03-23T08:01:02.437Z</time>
      </trkpt>
      <trkpt lat="38.778703" lon="-0.108589">
        <ele>430.090219</ele>
        <time>2026-03-23T08:01:04.371Z</time>
      </trkpt>
      <trkpt lat="38.778772" lon="-0.108568">
        <ele>429.567152</ele>
        <time>2026-03-23T08:01:04.990Z</time>
      </trkpt>
      <trkpt lat="38.779706" lon="-0.108190">
        <ele>422.343316</ele>
        <time>2026-03-23T08:01:13.661Z</time>
      </trkpt>
      <trkpt lat="38.779882" lon="-0.108078">
        <ele>420.894196</ele>
        <time>2026-03-23T08:01:15.424Z</time>
      </trkpt>
      <trkpt lat="38.779990" lon="-0.107898">
        <ele>419.588144</ele>
        <time>2026-03-23T08:01:17.026Z</time>
      </trkpt>
      <trkpt lat="38.780223" lon="-0.107261">
        <ele>416.454073</ele>
        <time>2026-03-23T08:01:22.062Z</time>
      </trkpt>
      <trkpt lat="38.780337" lon="-0.107020">
        <ele>415.392765</ele>
        <time>2026-03-23T08:01:24.131Z</time>
      </trkpt>
      <trkpt lat="38.780605" lon="-0.106680">
        <ele>413.572388</ele>
        <time>2026-03-23T08:01:27.751Z</time>
      </trkpt>
      <trkpt lat="38.781325" lon="-0.106090">
        <ele>409.433513</ele>
        <time>2026-03-23T08:01:36.182Z</time>
      </trkpt>
      <trkpt lat="38.781524" lon="-0.105955">
        <ele>408.073079</ele>
        <time>2026-03-23T08:01:38.289Z</time>
      </trkpt>
      <trkpt lat="38.782039" lon="-0.105719">
        <ele>404.768146</ele>
        <time>2026-03-23T08:01:43.361Z</time>
      </trkpt>
      <trkpt lat="38.782247" lon="-0.105719">
        <ele>403.511134</ele>
        <time>2026-03-23T08:01:45.333Z</time>
      </trkpt>
      <trkpt lat="38.782515" lon="-0.105807">
        <ele>401.839307</ele>
        <time>2026-03-23T08:01:47.932Z</time>
      </trkpt>
      <trkpt lat="38.782705" lon="-0.105774">
        <ele>400.680599</ele>
        <time>2026-03-23T08:01:49.687Z</time>
      </trkpt>
      <trkpt lat="38.782839" lon="-0.105667">
        <ele>399.726727</ele>
        <time>2026-03-23T08:01:51.093Z</time>
      </trkpt>
      <trkpt lat="38.782849" lon="-0.105653">
        <ele>399.637273</ele>
        <time>2026-03-23T08:01:51.230Z</time>
      </trkpt>
      <trkpt lat="38.782940" lon="-0.105523">
        <ele>398.814172</ele>
        <time>2026-03-23T08:01:52.424Z</time>
      </trkpt>
      <trkpt lat="38.782984" lon="-0.105375">
        <ele>397.594190</ele>
        <time>2026-03-23T08:01:53.496Z</time>
      </trkpt>
      <trkpt lat="38.782983" lon="-0.105236">
        <ele>396.384368</ele>
        <time>2026-03-23T08:01:54.432Z</time>
      </trkpt>
      <trkpt lat="38.782873" lon="-0.104702">
        <ele>391.577227</ele>
        <time>2026-03-23T08:01:58.121Z</time>
      </trkpt>
      <trkpt lat="38.782742" lon="-0.103797">
        <ele>383.566004</ele>
        <time>2026-03-23T08:02:04.197Z</time>
      </trkpt>
      <trkpt lat="38.782635" lon="-0.103566">
        <ele>381.227358</ele>
        <time>2026-03-23T08:02:05.942Z</time>
      </trkpt>
      <trkpt lat="38.782487" lon="-0.103513">
        <ele>379.511763</ele>
        <time>2026-03-23T08:02:07.225Z</time>
      </trkpt>
      <trkpt lat="38.781955" lon="-0.103550">
        <ele>375.393705</ele>
        <time>2026-03-23T08:02:11.689Z</time>
      </trkpt>
      <trkpt lat="38.781399" lon="-0.103759">
        <ele>371.301679</ele>
        <time>2026-03-23T08:02:16.853Z</time>
      </trkpt>
      <trkpt lat="38.780967" lon="-0.104007">
        <ele>367.958967</ele>
        <time>2026-03-23T08:02:21.465Z</time>
      </trkpt>
      <trkpt lat="38.780788" lon="-0.104159">
        <ele>366.442833</ele>
        <time>2026-03-23T08:02:23.853Z</time>
      </trkpt>
      <trkpt lat="38.780544" lon="-0.104372">
        <ele>365.326542</ele>
        <time>2026-03-23T08:02:27.322Z</time>
      </trkpt>
      <trkpt lat="38.779596" lon="-0.105043">
        <ele>362.670579</ele>
        <time>2026-03-23T08:02:40.411Z</time>
      </trkpt>
      <trkpt lat="38.779493" lon="-0.105043">
        <ele>362.417919</ele>
        <time>2026-03-23T08:02:41.424Z</time>
      </trkpt>
      <trkpt lat="38.779403" lon="-0.104966">
        <ele>362.152549</ele>
        <time>2026-03-23T08:02:42.490Z</time>
      </trkpt>
      <trkpt lat="38.779348" lon="-0.104880">
        <ele>361.939834</ele>
        <time>2026-03-23T08:02:43.340Z</time>
      </trkpt>
      <trkpt lat="38.779162" lon="-0.104342">
        <ele>360.126760</ele>
        <time>2026-03-23T08:02:47.658Z</time>
      </trkpt>
      <trkpt lat="38.779150" lon="-0.104215">
        <ele>359.608714</ele>
        <time>2026-03-23T08:02:48.572Z</time>
      </trkpt>
      <trkpt lat="38.779316" lon="-0.103907">
        <ele>358.092426</ele>
        <time>2026-03-23T08:02:51.253Z</time>
      </trkpt>
      <trkpt lat="38.779598" lon="-0.103384">
        <ele>355.517330</ele>
        <time>2026-03-23T08:02:55.740Z</time>
      </trkpt>
      <trkpt lat="38.779648" lon="-0.103338">
        <ele>355.197712</ele>
        <time>2026-03-23T08:02:56.314Z</time>
      </trkpt>
      <trkpt lat="38.780046" lon="-0.102589">
        <ele>351.636690</ele>
        <time>2026-03-23T08:03:03.082Z</time>
      </trkpt>
      <trkpt lat="38.780070" lon="-0.102477">
        <ele>351.258464</ele>
        <time>2026-03-23T08:03:03.978Z</time>
      </trkpt>
      <trkpt lat="38.780215" lon="-0.102450">
        <ele>350.646444</ele>
        <time>2026-03-23T08:03:05.442Z</time>
      </trkpt>
      <trkpt lat="38.780814" lon="-0.101738">
        <ele>347.235378</ele>
        <time>2026-03-23T08:03:13.610Z</time>
      </trkpt>
      <trkpt lat="38.781113" lon="-0.101376">
        <ele>345.518030</ele>
        <time>2026-03-23T08:03:17.636Z</time>
      </trkpt>
      <trkpt lat="38.781163" lon="-0.101313">
        <ele>345.225282</ele>
        <time>2026-03-23T08:03:18.306Z</time>
      </trkpt>
      <trkpt lat="38.781352" lon="-0.101021">
        <ele>343.292649</ele>
        <time>2026-03-23T08:03:21.125Z</time>
      </trkpt>
      <trkpt lat="38.781389" lon="-0.100812">
        <ele>341.762305</ele>
        <time>2026-03-23T08:03:22.666Z</time>
      </trkpt>
      <trkpt lat="38.781327" lon="-0.100438">
        <ele>339.032075</ele>
        <time>2026-03-23T08:03:25.332Z</time>
      </trkpt>
      <trkpt lat="38.781156" lon="-0.099806">
        <ele>334.255232</ele>
        <time>2026-03-23T08:03:29.848Z</time>
      </trkpt>
      <trkpt lat="38.781158" lon="-0.099656">
        <ele>333.184011</ele>
        <time>2026-03-23T08:03:30.848Z</time>
      </trkpt>
      <trkpt lat="38.781188" lon="-0.099413">
        <ele>331.427262</ele>
        <time>2026-03-23T08:03:32.473Z</time>
      </trkpt>
      <trkpt lat="38.781182" lon="-0.099099">
        <ele>329.184495</ele>
        <time>2026-03-23T08:03:34.537Z</time>
      </trkpt>
      <trkpt lat="38.781177" lon="-0.098788">
        <ele>326.804069</ele>
        <time>2026-03-23T08:03:36.570Z</time>
      </trkpt>
      <trkpt lat="38.781227" lon="-0.098556">
        <ele>324.844171</ele>
        <time>2026-03-23T08:03:38.146Z</time>
      </trkpt>
      <trkpt lat="38.781379" lon="-0.098310">
        <ele>322.288248</ele>
        <time>2026-03-23T08:03:40.199Z</time>
      </trkpt>
      <trkpt lat="38.781400" lon="-0.098224">
        <ele>321.554454</ele>
        <time>2026-03-23T08:03:40.787Z</time>
      </trkpt>
      <trkpt lat="38.781397" lon="-0.098039">
        <ele>320.047790</ele>
        <time>2026-03-23T08:03:42.005Z</time>
      </trkpt>
      <trkpt lat="38.781320" lon="-0.097880">
        <ele>318.523672</ele>
        <time>2026-03-23T08:03:43.235Z</time>
      </trkpt>
      <trkpt lat="38.781251" lon="-0.097854">
        <ele>317.772513</ele>
        <time>2026-03-23T08:03:43.847Z</time>
      </trkpt>
      <trkpt lat="38.781120" lon="-0.097868">
        <ele>316.399468</ele>
        <time>2026-03-23T08:03:44.978Z</time>
      </trkpt>
      <trkpt lat="38.780316" lon="-0.098093">
        <ele>308.611976</ele>
        <time>2026-03-23T08:03:52.181Z</time>
      </trkpt>
      <trkpt lat="38.780102" lon="-0.098288">
        <ele>307.339610</ele>
        <time>2026-03-23T08:03:54.659Z</time>
      </trkpt>
      <trkpt lat="38.779713" lon="-0.098743">
        <ele>304.787889</ele>
        <time>2026-03-23T08:03:59.865Z</time>
      </trkpt>
      <trkpt lat="38.779601" lon="-0.098821">
        <ele>304.170156</ele>
        <time>2026-03-23T08:04:01.153Z</time>
      </trkpt>
      <trkpt lat="38.779522" lon="-0.098824">
        <ele>303.787061</ele>
        <time>2026-03-23T08:04:01.942Z</time>
      </trkpt>
      <trkpt lat="38.779447" lon="-0.098771">
        <ele>303.372008</ele>
        <time>2026-03-23T08:04:02.794Z</time>
      </trkpt>
      <trkpt lat="38.779362" lon="-0.098606">
        <ele>302.624690</ele>
        <time>2026-03-23T08:04:04.325Z</time>
      </trkpt>
      <trkpt lat="38.779333" lon="-0.098255">
        <ele>301.290941</ele>
        <time>2026-03-23T08:04:07.036Z</time>
      </trkpt>
      <trkpt lat="38.779343" lon="-0.098149">
        <ele>300.887477</ele>
        <time>2026-03-23T08:04:07.835Z</time>
      </trkpt>
      <trkpt lat="38.779358" lon="-0.097991">
        <ele>300.112783</ele>
        <time>2026-03-23T08:04:09.028Z</time>
      </trkpt>
      <trkpt lat="38.779388" lon="-0.097868">
        <ele>299.351054</ele>
        <time>2026-03-23T08:04:09.995Z</time>
      </trkpt>
      <trkpt lat="38.779465" lon="-0.097711">
        <ele>298.254758</ele>
        <time>2026-03-23T08:04:11.378Z</time>
      </trkpt>
      <trkpt lat="38.779831" lon="-0.097234">
        <ele>294.298983</ele>
        <time>2026-03-23T08:04:16.115Z</time>
      </trkpt>
      <trkpt lat="38.779945" lon="-0.097044">
        <ele>292.881914</ele>
        <time>2026-03-23T08:04:17.740Z</time>
      </trkpt>
      <trkpt lat="38.780024" lon="-0.096744">
        <ele>291.010381</ele>
        <time>2026-03-23T08:04:19.883Z</time>
      </trkpt>
      <trkpt lat="38.780069" lon="-0.096267">
        <ele>288.170582</ele>
        <time>2026-03-23T08:04:23.121Z</time>
      </trkpt>
      <trkpt lat="38.780094" lon="-0.096177">
        <ele>287.605892</ele>
        <time>2026-03-23T08:04:23.763Z</time>
      </trkpt>
      <trkpt lat="38.780160" lon="-0.096074">
        <ele>286.842740</ele>
        <time>2026-03-23T08:04:24.656Z</time>
      </trkpt>
      <trkpt lat="38.780511" lon="-0.095823">
        <ele>284.342936</ele>
        <time>2026-03-23T08:04:28.108Z</time>
      </trkpt>
      <trkpt lat="38.780706" lon="-0.095637">
        <ele>282.831314</ele>
        <time>2026-03-23T08:04:30.218Z</time>
      </trkpt>
      <trkpt lat="38.781283" lon="-0.094685">
        <ele>276.983611</ele>
        <time>2026-03-23T08:04:39.008Z</time>
      </trkpt>
      <trkpt lat="38.781391" lon="-0.094509">
        <ele>275.897437</ele>
        <time>2026-03-23T08:04:40.914Z</time>
      </trkpt>
      <trkpt lat="38.781558" lon="-0.094152">
        <ele>275.315328</ele>
        <time>2026-03-23T08:04:44.572Z</time>
      </trkpt>
      <trkpt lat="38.781914" lon="-0.093474">
        <ele>274.366206</ele>
        <time>2026-03-23T08:04:53.692Z</time>
      </trkpt>
      <trkpt lat="38.782196" lon="-0.092850">
        <ele>273.528761</ele>
        <time>2026-03-23T08:05:01.054Z</time>
      </trkpt>
      <trkpt lat="38.782474" lon="-0.091408">
        <ele>269.956771</ele>
        <time>2026-03-23T08:05:12.975Z</time>
      </trkpt>
      <trkpt lat="38.782611" lon="-0.090902">
        <ele>268.440532</ele>
        <time>2026-03-23T08:05:17.205Z</time>
      </trkpt>
      <trkpt lat="38.782629" lon="-0.090712">
        <ele>267.898753</ele>
        <time>2026-03-23T08:05:18.682Z</time>
      </trkpt>
      <trkpt lat="38.782597" lon="-0.090414">
        <ele>267.047256</ele>
        <time>2026-03-23T08:05:20.922Z</time>
      </trkpt>
      <trkpt lat="38.782654" lon="-0.090155">
        <ele>265.972474</ele>
        <time>2026-03-23T08:05:22.868Z</time>
      </trkpt>
      <trkpt lat="38.782796" lon="-0.089913">
        <ele>264.128406</ele>
        <time>2026-03-23T08:05:25.009Z</time>
      </trkpt>
      <trkpt lat="38.783054" lon="-0.089601">
        <ele>261.359265</ele>
        <time>2026-03-23T08:05:28.179Z</time>
      </trkpt>
      <trkpt lat="38.783513" lon="-0.088645">
        <ele>254.523694</ele>
        <time>2026-03-23T08:05:35.814Z</time>
      </trkpt>
      <trkpt lat="38.783562" lon="-0.088492">
        <ele>253.516678</ele>
        <time>2026-03-23T08:05:36.931Z</time>
      </trkpt>
      <trkpt lat="38.783608" lon="-0.088145">
        <ele>251.213993</ele>
        <time>2026-03-23T08:05:39.317Z</time>
      </trkpt>
      <trkpt lat="38.784103" lon="-0.086825">
        <ele>241.042047</ele>
        <time>2026-03-23T08:05:49.333Z</time>
      </trkpt>
      <trkpt lat="38.784603" lon="-0.086161">
        <ele>234.184208</ele>
        <time>2026-03-23T08:05:55.603Z</time>
      </trkpt>
      <trkpt lat="38.784764" lon="-0.085846">
        <ele>230.938750</ele>
        <time>2026-03-23T08:05:58.102Z</time>
      </trkpt>
      <trkpt lat="38.784827" lon="-0.085791">
        <ele>230.096447</ele>
        <time>2026-03-23T08:05:58.750Z</time>
      </trkpt>
      <trkpt lat="38.784883" lon="-0.085804">
        <ele>229.467412</ele>
        <time>2026-03-23T08:05:59.228Z</time>
      </trkpt>
      <trkpt lat="38.784926" lon="-0.085704">
        <ele>228.483410</ele>
        <time>2026-03-23T08:05:59.985Z</time>
      </trkpt>
      <trkpt lat="38.785311" lon="-0.085221">
        <ele>222.531298</ele>
        <time>2026-03-23T08:06:04.537Z</time>
      </trkpt>
      <trkpt lat="38.785404" lon="-0.085069">
        <ele>220.866422</ele>
        <time>2026-03-23T08:06:05.824Z</time>
      </trkpt>
      <trkpt lat="38.785533" lon="-0.084764">
        <ele>217.876638</ele>
        <time>2026-03-23T08:06:08.113Z</time>
      </trkpt>
      <trkpt lat="38.785597" lon="-0.084448">
        <ele>215.564173</ele>
        <time>2026-03-23T08:06:10.258Z</time>
      </trkpt>
      <trkpt lat="38.785613" lon="-0.084242">
        <ele>214.359330</ele>
        <time>2026-03-23T08:06:11.636Z</time>
      </trkpt>
      <trkpt lat="38.785629" lon="-0.083914">
        <ele>212.446658</ele>
        <time>2026-03-23T08:06:13.858Z</time>
      </trkpt>
      <trkpt lat="38.785615" lon="-0.083634">
        <ele>210.813729</ele>
        <time>2026-03-23T08:06:15.794Z</time>
      </trkpt>
      <trkpt lat="38.785492" lon="-0.083138">
        <ele>207.784481</ele>
        <time>2026-03-23T08:06:19.472Z</time>
      </trkpt>
      <trkpt lat="38.785328" lon="-0.082751">
        <ele>205.220836</ele>
        <time>2026-03-23T08:06:22.690Z</time>
      </trkpt>
      <trkpt lat="38.785238" lon="-0.082593">
        <ele>204.081926</ele>
        <time>2026-03-23T08:06:24.148Z</time>
      </trkpt>
      <trkpt lat="38.784979" lon="-0.082211">
        <ele>201.376371</ele>
        <time>2026-03-23T08:06:27.972Z</time>
      </trkpt>
      <trkpt lat="38.784764" lon="-0.082017">
        <ele>199.645485</ele>
        <time>2026-03-23T08:06:30.516Z</time>
      </trkpt>
      <trkpt lat="38.784503" lon="-0.081504">
        <ele>196.501026</ele>
        <time>2026-03-23T08:06:34.865Z</time>
      </trkpt>
      <trkpt lat="38.784110" lon="-0.081104">
        <ele>193.197590</ele>
        <time>2026-03-23T08:06:39.299Z</time>
      </trkpt>
      <trkpt lat="38.783984" lon="-0.080944">
        <ele>192.030155</ele>
        <time>2026-03-23T08:06:40.850Z</time>
      </trkpt>
      <trkpt lat="38.783811" lon="-0.080583">
        <ele>189.657937</ele>
        <time>2026-03-23T08:06:43.740Z</time>
      </trkpt>
      <trkpt lat="38.783705" lon="-0.080446">
        <ele>188.535036</ele>
        <time>2026-03-23T08:06:45.054Z</time>
      </trkpt>
      <trkpt lat="38.783108" lon="-0.080014">
        <ele>183.419909</ele>
        <time>2026-03-23T08:06:51.079Z</time>
      </trkpt>
      <trkpt lat="38.782947" lon="-0.079975">
        <ele>182.197185</ele>
        <time>2026-03-23T08:06:52.559Z</time>
      </trkpt>
      <trkpt lat="38.782647" lon="-0.080020">
        <ele>179.943128</ele>
        <time>2026-03-23T08:06:55.320Z</time>
      </trkpt>
      <trkpt lat="38.782370" lon="-0.079941">
        <ele>177.851554</ele>
        <time>2026-03-23T08:06:57.935Z</time>
      </trkpt>
      <trkpt lat="38.782196" lon="-0.079837">
        <ele>176.858928</ele>
        <time>2026-03-23T08:06:59.700Z</time>
      </trkpt>
      <trkpt lat="38.781822" lon="-0.079538">
        <ele>174.580143</ele>
        <time>2026-03-23T08:07:03.735Z</time>
      </trkpt>
      <trkpt lat="38.781432" lon="-0.079287">
        <ele>172.323871</ele>
        <time>2026-03-23T08:07:07.707Z</time>
      </trkpt>
      <trkpt lat="38.780719" lon="-0.078947">
        <ele>168.560842</ele>
        <time>2026-03-23T08:07:14.893Z</time>
      </trkpt>
      <trkpt lat="38.780499" lon="-0.078895">
        <ele>168.303708</ele>
        <time>2026-03-23T08:07:17.437Z</time>
      </trkpt>
      <trkpt lat="38.780258" lon="-0.078987">
        <ele>168.014687</ele>
        <time>2026-03-23T08:07:21.623Z</time>
      </trkpt>
      <trkpt lat="38.779945" lon="-0.079214">
        <ele>167.601395</ele>
        <time>2026-03-23T08:07:27.904Z</time>
      </trkpt>
      <trkpt lat="38.779707" lon="-0.079543">
        <ele>167.199217</ele>
        <time>2026-03-23T08:07:34.072Z</time>
      </trkpt>
      <trkpt lat="38.779608" lon="-0.079629">
        <ele>167.061785</ele>
        <time>2026-03-23T08:07:35.977Z</time>
      </trkpt>
      <trkpt lat="38.779526" lon="-0.079625">
        <ele>166.967463</ele>
        <time>2026-03-23T08:07:37.261Z</time>
      </trkpt>
      <trkpt lat="38.779445" lon="-0.079548">
        <ele>166.851579</ele>
        <time>2026-03-23T08:07:38.697Z</time>
      </trkpt>
      <trkpt lat="38.779424" lon="-0.079476">
        <ele>166.782695</ele>
        <time>2026-03-23T08:07:39.480Z</time>
      </trkpt>
      <trkpt lat="38.779429" lon="-0.079390">
        <ele>166.705420</ele>
        <time>2026-03-23T08:07:40.380Z</time>
      </trkpt>
      <trkpt lat="38.779456" lon="-0.079334">
        <ele>166.646419</ele>
        <time>2026-03-23T08:07:41.057Z</time>
      </trkpt>
      <trkpt lat="38.780241" lon="-0.078644">
        <ele>162.746400</ele>
        <time>2026-03-23T08:07:50.324Z</time>
      </trkpt>
      <trkpt lat="38.780497" lon="-0.078297">
        <ele>161.104256</ele>
        <time>2026-03-23T08:07:53.654Z</time>
      </trkpt>
      <trkpt lat="38.780734" lon="-0.077909">
        <ele>159.409987</ele>
        <time>2026-03-23T08:07:57.202Z</time>
      </trkpt>
      <trkpt lat="38.780797" lon="-0.077736">
        <ele>158.753673</ele>
        <time>2026-03-23T08:07:58.634Z</time>
      </trkpt>
      <trkpt lat="38.780923" lon="-0.077440">
        <ele>158.057386</ele>
        <time>2026-03-23T08:08:01.263Z</time>
      </trkpt>
      <trkpt lat="38.781051" lon="-0.077272">
        <ele>157.617447</ele>
        <time>2026-03-23T08:08:03.113Z</time>
      </trkpt>
      <trkpt lat="38.781164" lon="-0.077055">
        <ele>157.128728</ele>
        <time>2026-03-23T08:08:05.182Z</time>
      </trkpt>
      <trkpt lat="38.781244" lon="-0.076359">
        <ele>155.811198</ele>
        <time>2026-03-23T08:08:11.192Z</time>
      </trkpt>
      <trkpt lat="38.781493" lon="-0.075063">
        <ele>154.384330</ele>
        <time>2026-03-23T08:08:23.529Z</time>
      </trkpt>
      <trkpt lat="38.781434" lon="-0.074084">
        <ele>154.560496</ele>
        <time>2026-03-23T08:08:34.248Z</time>
      </trkpt>
      <trkpt lat="38.781406" lon="-0.073926">
        <ele>154.589567</ele>
        <time>2026-03-23T08:08:36.664Z</time>
      </trkpt>
      <trkpt lat="38.781325" lon="-0.073814">
        <ele>154.616976</ele>
        <time>2026-03-23T08:08:39.098Z</time>
      </trkpt>
      <trkpt lat="38.781258" lon="-0.073774">
        <ele>154.633984</ele>
        <time>2026-03-23T08:08:40.667Z</time>
      </trkpt>
      <trkpt lat="38.781099" lon="-0.073739">
        <ele>154.671113</ele>
        <time>2026-03-23T08:08:44.281Z</time>
      </trkpt>
      <trkpt lat="38.780825" lon="-0.073728">
        <ele>154.962564</ele>
        <time>2026-03-23T08:08:50.613Z</time>
      </trkpt>
      <trkpt lat="38.780674" lon="-0.073639">
        <ele>155.294744</ele>
        <time>2026-03-23T08:08:54.562Z</time>
      </trkpt>
      <trkpt lat="38.780593" lon="-0.073452">
        <ele>155.628106</ele>
        <time>2026-03-23T08:08:58.646Z</time>
      </trkpt>
      <trkpt lat="38.780557" lon="-0.072922">
        <ele>156.457127</ele>
        <time>2026-03-23T08:09:09.156Z</time>
      </trkpt>
      <trkpt lat="38.780514" lon="-0.072792">
        <ele>156.677186</ele>
        <time>2026-03-23T08:09:11.830Z</time>
      </trkpt>
      <trkpt lat="38.780416" lon="-0.072677">
        <ele>156.942685</ele>
        <time>2026-03-23T08:09:14.970Z</time>
      </trkpt>
      <trkpt lat="38.780161" lon="-0.072483">
        <ele>157.535323</ele>
        <time>2026-03-23T08:09:21.575Z</time>
      </trkpt>
      <trkpt lat="38.780072" lon="-0.072320">
        <ele>157.845433</ele>
        <time>2026-03-23T08:09:24.751Z</time>
      </trkpt>
      <trkpt lat="38.780050" lon="-0.071995">
        <ele>158.330448</ele>
        <time>2026-03-23T08:09:29.850Z</time>
      </trkpt>
      <trkpt lat="38.780154" lon="-0.071293">
        <ele>158.961688</ele>
        <time>2026-03-23T08:09:41.623Z</time>
      </trkpt>
      <trkpt lat="38.780124" lon="-0.071048">
        <ele>159.180772</ele>
        <time>2026-03-23T08:09:46.001Z</time>
      </trkpt>
      <trkpt lat="38.779985" lon="-0.070851">
        <ele>159.415499</ele>
        <time>2026-03-23T08:09:50.490Z</time>
      </trkpt>
      <trkpt lat="38.779436" lon="-0.070225">
        <ele>160.247879</ele>
        <time>2026-03-23T08:10:03.125Z</time>
      </trkpt>
      <trkpt lat="38.779372" lon="-0.070085">
        <ele>160.275996</ele>
        <time>2026-03-23T08:10:05.269Z</time>
      </trkpt>
      <trkpt lat="38.779396" lon="-0.069932">
        <ele>160.114786</ele>
        <time>2026-03-23T08:10:07.375Z</time>
      </trkpt>
      <trkpt lat="38.779697" lon="-0.069562">
        <ele>159.562387</ele>
        <time>2026-03-23T08:10:14.166Z</time>
      </trkpt>
      <trkpt lat="38.779746" lon="-0.069400">
        <ele>159.382895</ele>
        <time>2026-03-23T08:10:16.036Z</time>
      </trkpt>
      <trkpt lat="38.779692" lon="-0.068142">
        <ele>158.081471</ele>
        <time>2026-03-23T08:10:26.427Z</time>
      </trkpt>
      <trkpt lat="38.779688" lon="-0.068099">
        <ele>158.036739</ele>
        <time>2026-03-23T08:10:26.781Z</time>
      </trkpt>
      <trkpt lat="38.779620" lon="-0.067890">
        <ele>157.939059</ele>
        <time>2026-03-23T08:10:28.598Z</time>
      </trkpt>
      <trkpt lat="38.779392" lon="-0.067560">
        <ele>157.891792</ele>
        <time>2026-03-23T08:10:32.205Z</time>
      </trkpt>
      <trkpt lat="38.779114" lon="-0.067184">
        <ele>157.836243</ele>
        <time>2026-03-23T08:10:36.852Z</time>
      </trkpt>
      <trkpt lat="38.779078" lon="-0.067137">
        <ele>157.829180</ele>
        <time>2026-03-23T08:10:37.488Z</time>
      </trkpt>
      <trkpt lat="38.778793" lon="-0.066923">
        <ele>157.783772</ele>
        <time>2026-03-23T08:10:42.427Z</time>
      </trkpt>
      <trkpt lat="38.778687" lon="-0.066890">
        <ele>157.768773</ele>
        <time>2026-03-23T08:10:44.452Z</time>
      </trkpt>
      <trkpt lat="38.778640" lon="-0.066877">
        <ele>157.762162</ele>
        <time>2026-03-23T08:10:45.450Z</time>
      </trkpt>
      <trkpt lat="38.778567" lon="-0.066799">
        <ele>157.749098</ele>
        <time>2026-03-23T08:10:47.426Z</time>
      </trkpt>
      <trkpt lat="38.778556" lon="-0.066770">
        <ele>157.745641</ele>
        <time>2026-03-23T08:10:47.990Z</time>
      </trkpt>
      <trkpt lat="38.778469" lon="-0.066665">
        <ele>157.729216</ele>
        <time>2026-03-23T08:10:50.796Z</time>
      </trkpt>
      <trkpt lat="38.778266" lon="-0.066593">
        <ele>157.942731</ele>
        <time>2026-03-23T08:10:56.518Z</time>
      </trkpt>
      <trkpt lat="38.778024" lon="-0.066445">
        <ele>159.136911</ele>
        <time>2026-03-23T08:11:04.919Z</time>
      </trkpt>
      <trkpt lat="38.777864" lon="-0.066291">
        <ele>160.027915</ele>
        <time>2026-03-23T08:11:11.845Z</time>
      </trkpt>
      <trkpt lat="38.777751" lon="-0.066123">
        <ele>160.798416</ele>
        <time>2026-03-23T08:11:18.095Z</time>
      </trkpt>
      <trkpt lat="38.777609" lon="-0.065949">
        <ele>161.673137</ele>
        <time>2026-03-23T08:11:25.335Z</time>
      </trkpt>
      <trkpt lat="38.775970" lon="-0.063932">
        <ele>170.884734</ele>
        <time>2026-03-23T08:12:42.416Z</time>
      </trkpt>
      <trkpt lat="38.775541" lon="-0.063517">
        <ele>172.655735</ele>
        <time>2026-03-23T08:12:53.868Z</time>
      </trkpt>
      <trkpt lat="38.774502" lon="-0.062679">
        <ele>174.102456</ele>
        <time>2026-03-23T08:13:14.651Z</time>
      </trkpt>
      <trkpt lat="38.774333" lon="-0.062538">
        <ele>174.340100</ele>
        <time>2026-03-23T08:13:18.755Z</time>
      </trkpt>
      <trkpt lat="38.774224" lon="-0.062439">
        <ele>174.497533</ele>
        <time>2026-03-23T08:13:21.636Z</time>
      </trkpt>
      <trkpt lat="38.774192" lon="-0.062413">
        <ele>174.542184</ele>
        <time>2026-03-23T08:13:22.542Z</time>
      </trkpt>
      <trkpt lat="38.773778" lon="-0.062091">
        <ele>175.776276</ele>
        <time>2026-03-23T08:13:33.582Z</time>
      </trkpt>
      <trkpt lat="38.773194" lon="-0.061862">
        <ele>177.541451</ele>
        <time>2026-03-23T08:13:48.042Z</time>
      </trkpt>
      <trkpt lat="38.772530" lon="-0.061702">
        <ele>179.494321</ele>
        <time>2026-03-23T08:14:06.236Z</time>
      </trkpt>
      <trkpt lat="38.772312" lon="-0.061723">
        <ele>180.517607</ele>
        <time>2026-03-23T08:14:13.340Z</time>
      </trkpt>
      <trkpt lat="38.771920" lon="-0.061996">
        <ele>183.667883</ele>
        <time>2026-03-23T08:14:30.659Z</time>
      </trkpt>
      <trkpt lat="38.771717" lon="-0.062100">
        <ele>185.211708</ele>
        <time>2026-03-23T08:14:40.812Z</time>
      </trkpt>
      <trkpt lat="38.771549" lon="-0.062090">
        <ele>186.399488</ele>
        <time>2026-03-23T08:14:49.113Z</time>
      </trkpt>
      <trkpt lat="38.771371" lon="-0.062042">
        <ele>187.684098</ele>
        <time>2026-03-23T08:14:58.399Z</time>
      </trkpt>
      <trkpt lat="38.771141" lon="-0.062005">
        <ele>189.321203</ele>
        <time>2026-03-23T08:15:10.857Z</time>
      </trkpt>
      <trkpt lat="38.770471" lon="-0.062010">
        <ele>194.070878</ele>
        <time>2026-03-23T08:15:42.495Z</time>
      </trkpt>
      <trkpt lat="38.770051" lon="-0.061930">
        <ele>197.105188</ele>
        <time>2026-03-23T08:15:56.358Z</time>
      </trkpt>
      <trkpt lat="38.769760" lon="-0.061828">
        <ele>199.260981</ele>
        <time>2026-03-23T08:16:07.631Z</time>
      </trkpt>
      <trkpt lat="38.769365" lon="-0.061469">
        <ele>202.720571</ele>
        <time>2026-03-23T08:16:28.718Z</time>
      </trkpt>
      <trkpt lat="38.769198" lon="-0.061358">
        <ele>204.064713</ele>
        <time>2026-03-23T08:16:37.781Z</time>
      </trkpt>
      <trkpt lat="38.769111" lon="-0.061357">
        <ele>204.686455</ele>
        <time>2026-03-23T08:16:42.225Z</time>
      </trkpt>
      <trkpt lat="38.768551" lon="-0.061513">
        <ele>209.113971</ele>
        <time>2026-03-23T08:17:11.916Z</time>
      </trkpt>
      <trkpt lat="38.768241" lon="-0.061661">
        <ele>211.710893</ele>
        <time>2026-03-23T08:17:30.633Z</time>
      </trkpt>
      <trkpt lat="38.768111" lon="-0.061655">
        <ele>212.732170</ele>
        <time>2026-03-23T08:17:38.090Z</time>
      </trkpt>
      <trkpt lat="38.768059" lon="-0.061609">
        <ele>213.228105</ele>
        <time>2026-03-23T08:17:41.666Z</time>
      </trkpt>
      <trkpt lat="38.767986" lon="-0.061468">
        <ele>214.264153</ele>
        <time>2026-03-23T08:17:48.758Z</time>
      </trkpt>
      <trkpt lat="38.767972" lon="-0.061372">
        <ele>214.861984</ele>
        <time>2026-03-23T08:17:52.546Z</time>
      </trkpt>
      <trkpt lat="38.768021" lon="-0.061084">
        <ele>216.666388</ele>
        <time>2026-03-23T08:18:03.151Z</time>
      </trkpt>
      <trkpt lat="38.768009" lon="-0.060981">
        <ele>217.303877</ele>
        <time>2026-03-23T08:18:06.289Z</time>
      </trkpt>
      <trkpt lat="38.767933" lon="-0.060779">
        <ele>218.676803</ele>
        <time>2026-03-23T08:18:12.414Z</time>
      </trkpt>
      <trkpt lat="38.767842" lon="-0.060626">
        <ele>219.604886</ele>
        <time>2026-03-23T08:18:16.866Z</time>
      </trkpt>
      <trkpt lat="38.767643" lon="-0.060286">
        <ele>220.190163</ele>
        <time>2026-03-23T08:18:24.761Z</time>
      </trkpt>
      <trkpt lat="38.767567" lon="-0.060118">
        <ele>220.457555</ele>
        <time>2026-03-23T08:18:27.935Z</time>
      </trkpt>
      <trkpt lat="38.767534" lon="-0.059923">
        <ele>220.732258</ele>
        <time>2026-03-23T08:18:30.865Z</time>
      </trkpt>
      <trkpt lat="38.767516" lon="-0.059209">
        <ele>221.715722</ele>
        <time>2026-03-23T08:18:39.998Z</time>
      </trkpt>
      <trkpt lat="38.767492" lon="-0.058662">
        <ele>222.469958</ele>
        <time>2026-03-23T08:18:46.889Z</time>
      </trkpt>
      <trkpt lat="38.767503" lon="-0.058474">
        <ele>222.779739</ele>
        <time>2026-03-23T08:18:49.508Z</time>
      </trkpt>
      <trkpt lat="38.767638" lon="-0.057621">
        <ele>226.803725</ele>
        <time>2026-03-23T08:19:06.935Z</time>
      </trkpt>
      <trkpt lat="38.767720" lon="-0.056902">
        <ele>230.163151</ele>
        <time>2026-03-23T08:19:30.006Z</time>
      </trkpt>
      <trkpt lat="38.767711" lon="-0.056806">
        <ele>230.610172</ele>
        <time>2026-03-23T08:19:33.631Z</time>
      </trkpt>
      <trkpt lat="38.767638" lon="-0.056678">
        <ele>231.343347</ele>
        <time>2026-03-23T08:19:39.866Z</time>
      </trkpt>
      <trkpt lat="38.767552" lon="-0.056641">
        <ele>231.881208</ele>
        <time>2026-03-23T08:19:44.763Z</time>
      </trkpt>
      <trkpt lat="38.767502" lon="-0.056674">
        <ele>232.214634</ele>
        <time>2026-03-23T08:19:47.796Z</time>
      </trkpt>
      <trkpt lat="38.767472" lon="-0.056743">
        <ele>232.579878</ele>
        <time>2026-03-23T08:19:51.320Z</time>
      </trkpt>
      <trkpt lat="38.767431" lon="-0.057184">
        <ele>235.329355</ele>
        <time>2026-03-23T08:20:12.192Z</time>
      </trkpt>
      <trkpt lat="38.767016" lon="-0.058368">
        <ele>244.647221</ele>
        <time>2026-03-23T08:21:12.478Z</time>
      </trkpt>
      <trkpt lat="38.766941" lon="-0.058812">
        <ele>247.908147</ele>
        <time>2026-03-23T08:21:28.954Z</time>
      </trkpt>
      <trkpt lat="38.766934" lon="-0.059459">
        <ele>250.941307</ele>
        <time>2026-03-23T08:21:47.664Z</time>
      </trkpt>
      <trkpt lat="38.767015" lon="-0.061036">
        <ele>255.311498</ele>
        <time>2026-03-23T08:22:19.536Z</time>
      </trkpt>
      <trkpt lat="38.767001" lon="-0.061201">
        <ele>255.770452</ele>
        <time>2026-03-23T08:22:22.738Z</time>
      </trkpt>
      <trkpt lat="38.766915" lon="-0.061363">
        <ele>256.311281</ele>
        <time>2026-03-23T08:22:26.536Z</time>
      </trkpt>
      <trkpt lat="38.766834" lon="-0.061454">
        <ele>256.476382</ele>
        <time>2026-03-23T08:22:29.243Z</time>
      </trkpt>
      <trkpt lat="38.766496" lon="-0.061735">
        <ele>257.093968</ele>
        <time>2026-03-23T08:22:39.556Z</time>
      </trkpt>
      <trkpt lat="38.766293" lon="-0.061871">
        <ele>257.445120</ele>
        <time>2026-03-23T08:22:45.547Z</time>
      </trkpt>
      <trkpt lat="38.765068" lon="-0.062727">
        <ele>258.268900</ele>
        <time>2026-03-23T08:23:11.646Z</time>
      </trkpt>
      <trkpt lat="38.764881" lon="-0.062750">
        <ele>257.822607</ele>
        <time>2026-03-23T08:23:13.697Z</time>
      </trkpt>
      <trkpt lat="38.764496" lon="-0.062739">
        <ele>256.907738</ele>
        <time>2026-03-23T08:23:17.704Z</time>
      </trkpt>
      <trkpt lat="38.764477" lon="-0.062739">
        <ele>256.862599</ele>
        <time>2026-03-23T08:23:17.904Z</time>
      </trkpt>
      <trkpt lat="38.763970" lon="-0.062732">
        <ele>255.658053</ele>
        <time>2026-03-23T08:23:22.929Z</time>
      </trkpt>
      <trkpt lat="38.763779" lon="-0.062767">
        <ele>255.199687</ele>
        <time>2026-03-23T08:23:24.801Z</time>
      </trkpt>
      <trkpt lat="38.763690" lon="-0.062827">
        <ele>254.960817</ele>
        <time>2026-03-23T08:23:25.776Z</time>
      </trkpt>
      <trkpt lat="38.763450" lon="-0.063082">
        <ele>253.978059</ele>
        <time>2026-03-23T08:23:28.792Z</time>
      </trkpt>
      <trkpt lat="38.763299" lon="-0.063173">
        <ele>253.414574</ele>
        <time>2026-03-23T08:23:30.406Z</time>
      </trkpt>
      <trkpt lat="38.762880" lon="-0.063250">
        <ele>251.984996</ele>
        <time>2026-03-23T08:23:34.552Z</time>
      </trkpt>
      <trkpt lat="38.762236" lon="-0.063271">
        <ele>249.809257</ele>
        <time>2026-03-23T08:23:41.110Z</time>
      </trkpt>
      <trkpt lat="38.760702" lon="-0.063036">
        <ele>246.101971</ele>
        <time>2026-03-23T08:23:57.590Z</time>
      </trkpt>
      <trkpt lat="38.759498" lon="-0.062550">
        <ele>243.955642</ele>
        <time>2026-03-23T08:24:11.896Z</time>
      </trkpt>
      <trkpt lat="38.757517" lon="-0.061692">
        <ele>241.133267</ele>
        <time>2026-03-23T08:24:37.146Z</time>
      </trkpt>
      <trkpt lat="38.757373" lon="-0.061634">
        <ele>240.926088</ele>
        <time>2026-03-23T08:24:38.880Z</time>
      </trkpt>
      <trkpt lat="38.757387" lon="-0.061502">
        <ele>240.783497</ele>
        <time>2026-03-23T08:24:40.064Z</time>
      </trkpt>
      <trkpt lat="38.757363" lon="-0.061357">
        <ele>240.624833</ele>
        <time>2026-03-23T08:24:41.380Z</time>
      </trkpt>
      <trkpt lat="38.757322" lon="-0.061286">
        <ele>240.530267</ele>
        <time>2026-03-23T08:24:42.159Z</time>
      </trkpt>
      <trkpt lat="38.756955" lon="-0.060415">
        <ele>239.391609</ele>
        <time>2026-03-23T08:24:50.741Z</time>
      </trkpt>
      <trkpt lat="38.756368" lon="-0.058864">
        <ele>237.274809</ele>
        <time>2026-03-23T08:25:06.028Z</time>
      </trkpt>
      <trkpt lat="38.755942" lon="-0.057924">
        <ele>236.362843</ele>
        <time>2026-03-23T08:25:16.439Z</time>
      </trkpt>
      <trkpt lat="38.755893" lon="-0.057790">
        <ele>236.243331</ele>
        <time>2026-03-23T08:25:17.858Z</time>
      </trkpt>
      <trkpt lat="38.755598" lon="-0.056854">
        <ele>235.428106</ele>
        <time>2026-03-23T08:25:27.118Z</time>
      </trkpt>
      <trkpt lat="38.755508" lon="-0.056701">
        <ele>235.382655</ele>
        <time>2026-03-23T08:25:29.023Z</time>
      </trkpt>
      <trkpt lat="38.755144" lon="-0.056220">
        <ele>236.338330</ele>
        <time>2026-03-23T08:25:36.708Z</time>
      </trkpt>
      <trkpt lat="38.755070" lon="-0.056075">
        <ele>236.585416</ele>
        <time>2026-03-23T08:25:39.052Z</time>
      </trkpt>
      <trkpt lat="38.755020" lon="-0.055902">
        <ele>236.848485</ele>
        <time>2026-03-23T08:25:41.700Z</time>
      </trkpt>
      <trkpt lat="38.754999" lon="-0.055711">
        <ele>237.123517</ele>
        <time>2026-03-23T08:25:44.643Z</time>
      </trkpt>
      <trkpt lat="38.755011" lon="-0.055510">
        <ele>237.410952</ele>
        <time>2026-03-23T08:25:47.947Z</time>
      </trkpt>
      <trkpt lat="38.755051" lon="-0.055314">
        <ele>237.699831</ele>
        <time>2026-03-23T08:25:51.681Z</time>
      </trkpt>
      <trkpt lat="38.755187" lon="-0.054809">
        <ele>238.461614</ele>
        <time>2026-03-23T08:26:04.052Z</time>
      </trkpt>
      <trkpt lat="38.755177" lon="-0.054235">
        <ele>241.407657</ele>
        <time>2026-03-23T08:26:20.478Z</time>
      </trkpt>
      <trkpt lat="38.755245" lon="-0.052844">
        <ele>249.623843</ele>
        <time>2026-03-23T08:27:13.842Z</time>
      </trkpt>
      <trkpt lat="38.755336" lon="-0.052403">
        <ele>252.257151</ele>
        <time>2026-03-23T08:27:33.621Z</time>
      </trkpt>
      <trkpt lat="38.755476" lon="-0.052054">
        <ele>253.442913</ele>
        <time>2026-03-23T08:27:48.154Z</time>
      </trkpt>
      <trkpt lat="38.755675" lon="-0.051658">
        <ele>254.866244</ele>
        <time>2026-03-23T08:28:02.358Z</time>
      </trkpt>
      <trkpt lat="38.755686" lon="-0.051558">
        <ele>255.171364</ele>
        <time>2026-03-23T08:28:05.016Z</time>
      </trkpt>
      <trkpt lat="38.755670" lon="-0.051460">
        <ele>255.473869</ele>
        <time>2026-03-23T08:28:07.547Z</time>
      </trkpt>
      <trkpt lat="38.755621" lon="-0.051369">
        <ele>255.807980</ele>
        <time>2026-03-23T08:28:10.439Z</time>
      </trkpt>
      <trkpt lat="38.754780" lon="-0.050894">
        <ele>258.994234</ele>
        <time>2026-03-23T08:28:30.756Z</time>
      </trkpt>
      <trkpt lat="38.754690" lon="-0.050819">
        <ele>258.637761</ele>
        <time>2026-03-23T08:28:31.881Z</time>
      </trkpt>
      <trkpt lat="38.754492" lon="-0.050571">
        <ele>257.718542</ele>
        <time>2026-03-23T08:28:34.661Z</time>
      </trkpt>
      <trkpt lat="38.754365" lon="-0.050377">
        <ele>257.062530</ele>
        <time>2026-03-23T08:28:36.579Z</time>
      </trkpt>
      <trkpt lat="38.754278" lon="-0.050161">
        <ele>256.432894</ele>
        <time>2026-03-23T08:28:38.468Z</time>
      </trkpt>
      <trkpt lat="38.754218" lon="-0.049920">
        <ele>255.777683</ele>
        <time>2026-03-23T08:28:40.465Z</time>
      </trkpt>
      <trkpt lat="38.754188" lon="-0.049585">
        <ele>254.904352</ele>
        <time>2026-03-23T08:28:43.156Z</time>
      </trkpt>
      <trkpt lat="38.754197" lon="-0.049419">
        <ele>254.473385</ele>
        <time>2026-03-23T08:28:44.437Z</time>
      </trkpt>
      <trkpt lat="38.754213" lon="-0.049304">
        <ele>254.170839</ele>
        <time>2026-03-23T08:28:45.319Z</time>
      </trkpt>
      <trkpt lat="38.754232" lon="-0.049150">
        <ele>253.767028</ele>
        <time>2026-03-23T08:28:46.431Z</time>
      </trkpt>
      <trkpt lat="38.754281" lon="-0.048682">
        <ele>252.057680</ele>
        <time>2026-03-23T08:28:49.802Z</time>
      </trkpt>
      <trkpt lat="38.754264" lon="-0.048372">
        <ele>250.649935</ele>
        <time>2026-03-23T08:28:51.991Z</time>
      </trkpt>
      <trkpt lat="38.754137" lon="-0.047911">
        <ele>248.435162</ele>
        <time>2026-03-23T08:28:55.455Z</time>
      </trkpt>
      <trkpt lat="38.754041" lon="-0.047379">
        <ele>245.961557</ele>
        <time>2026-03-23T08:28:59.411Z</time>
      </trkpt>
      <trkpt lat="38.754063" lon="-0.046920">
        <ele>243.878391</ele>
        <time>2026-03-23T08:29:02.735Z</time>
      </trkpt>
      <trkpt lat="38.754067" lon="-0.046530">
        <ele>242.238581</ele>
        <time>2026-03-23T08:29:05.529Z</time>
      </trkpt>
      <trkpt lat="38.754014" lon="-0.046357">
        <ele>241.565322</ele>
        <time>2026-03-23T08:29:06.857Z</time>
      </trkpt>
      <trkpt lat="38.753947" lon="-0.046248">
        <ele>241.062602</ele>
        <time>2026-03-23T08:29:07.853Z</time>
      </trkpt>
      <trkpt lat="38.753794" lon="-0.046114">
        <ele>240.202013</ele>
        <time>2026-03-23T08:29:09.560Z</time>
      </trkpt>
      <trkpt lat="38.752928" lon="-0.045578">
        <ele>235.735581</ele>
        <time>2026-03-23T08:29:18.858Z</time>
      </trkpt>
      <trkpt lat="38.752599" lon="-0.045355">
        <ele>234.109668</ele>
        <time>2026-03-23T08:29:22.526Z</time>
      </trkpt>
      <trkpt lat="38.752445" lon="-0.045191">
        <ele>233.428215</ele>
        <time>2026-03-23T08:29:24.513Z</time>
      </trkpt>
      <trkpt lat="38.752400" lon="-0.045117">
        <ele>233.179098</ele>
        <time>2026-03-23T08:29:25.240Z</time>
      </trkpt>
      <trkpt lat="38.752346" lon="-0.044973">
        <ele>232.754915</ele>
        <time>2026-03-23T08:29:26.480Z</time>
      </trkpt>
      <trkpt lat="38.752188" lon="-0.044138">
        <ele>230.473880</ele>
        <time>2026-03-23T08:29:33.194Z</time>
      </trkpt>
      <trkpt lat="38.752071" lon="-0.043579">
        <ele>228.937354</ele>
        <time>2026-03-23T08:29:37.707Z</time>
      </trkpt>
      <trkpt lat="38.751889" lon="-0.043249">
        <ele>228.080656</ele>
        <time>2026-03-23T08:29:40.876Z</time>
      </trkpt>
      <trkpt lat="38.751755" lon="-0.043053">
        <ele>227.759235</ele>
        <time>2026-03-23T08:29:43.006Z</time>
      </trkpt>
      <trkpt lat="38.751610" lon="-0.042856">
        <ele>227.425194</ele>
        <time>2026-03-23T08:29:45.333Z</time>
      </trkpt>
      <trkpt lat="38.751334" lon="-0.042481">
        <ele>226.789346</ele>
        <time>2026-03-23T08:29:50.108Z</time>
      </trkpt>
      <trkpt lat="38.751249" lon="-0.042319">
        <ele>226.548571</ele>
        <time>2026-03-23T08:29:51.962Z</time>
      </trkpt>
      <trkpt lat="38.751307" lon="-0.042277">
        <ele>226.443246</ele>
        <time>2026-03-23T08:29:52.781Z</time>
      </trkpt>
      <trkpt lat="38.751936" lon="-0.041821">
        <ele>225.388713</ele>
        <time>2026-03-23T08:30:01.677Z</time>
      </trkpt>
      <trkpt lat="38.751967" lon="-0.041798">
        <ele>225.372432</ele>
        <time>2026-03-23T08:30:02.156Z</time>
      </trkpt>
      <trkpt lat="38.752023" lon="-0.041757">
        <ele>225.343117</ele>
        <time>2026-03-23T08:30:02.985Z</time>
      </trkpt>
      <trkpt lat="38.752457" lon="-0.041401">
        <ele>225.108906</ele>
        <time>2026-03-23T08:30:09.600Z</time>
      </trkpt>
      <trkpt lat="38.752555" lon="-0.041294">
        <ele>225.050394</ele>
        <time>2026-03-23T08:30:11.256Z</time>
      </trkpt>
      <trkpt lat="38.752702" lon="-0.041086">
        <ele>224.950878</ele>
        <time>2026-03-23T08:30:14.069Z</time>
      </trkpt>
      <trkpt lat="38.752842" lon="-0.040771">
        <ele>224.822342</ele>
        <time>2026-03-23T08:30:17.677Z</time>
      </trkpt>
      <trkpt lat="38.752961" lon="-0.040414">
        <ele>224.684701</ele>
        <time>2026-03-23T08:30:22.008Z</time>
      </trkpt>
      <trkpt lat="38.753093" lon="-0.040001">
        <ele>224.648763</ele>
        <time>2026-03-23T08:30:27.852Z</time>
      </trkpt>
      <trkpt lat="38.753329" lon="-0.039272">
        <ele>224.796174</ele>
        <time>2026-03-23T08:30:38.230Z</time>
      </trkpt>
      <trkpt lat="38.753612" lon="-0.038418">
        <ele>224.969466</ele>
        <time>2026-03-23T08:30:49.707Z</time>
      </trkpt>
      <trkpt lat="38.754014" lon="-0.037398">
        <ele>225.625491</ele>
        <time>2026-03-23T08:31:02.799Z</time>
      </trkpt>
      <trkpt lat="38.754155" lon="-0.037032">
        <ele>225.933476</ele>
        <time>2026-03-23T08:31:07.893Z</time>
      </trkpt>
      <trkpt lat="38.754404" lon="-0.036416">
        <ele>226.456939</ele>
        <time>2026-03-23T08:31:18.449Z</time>
      </trkpt>
      <trkpt lat="38.754579" lon="-0.036143">
        <ele>226.723556</ele>
        <time>2026-03-23T08:31:24.697Z</time>
      </trkpt>
      <trkpt lat="38.754694" lon="-0.036048">
        <ele>227.029911</ele>
        <time>2026-03-23T08:31:27.993Z</time>
      </trkpt>
      <trkpt lat="38.756020" lon="-0.035295">
        <ele>231.542526</ele>
        <time>2026-03-23T08:32:09.547Z</time>
      </trkpt>
      <trkpt lat="38.756272" lon="-0.035134">
        <ele>232.419763</ele>
        <time>2026-03-23T08:32:17.664Z</time>
      </trkpt>
      <trkpt lat="38.756736" lon="-0.034757">
        <ele>234.173459</ele>
        <time>2026-03-23T08:32:31.853Z</time>
      </trkpt>
      <trkpt lat="38.756950" lon="-0.034608">
        <ele>234.950892</ele>
        <time>2026-03-23T08:32:37.937Z</time>
      </trkpt>
      <trkpt lat="38.757203" lon="-0.034515">
        <ele>235.791156</ele>
        <time>2026-03-23T08:32:44.444Z</time>
      </trkpt>
      <trkpt lat="38.757808" lon="-0.034552">
        <ele>237.724889</ele>
        <time>2026-03-23T08:33:00.868Z</time>
      </trkpt>
      <trkpt lat="38.758096" lon="-0.034523">
        <ele>239.054590</ele>
        <time>2026-03-23T08:33:09.809Z</time>
      </trkpt>
      <trkpt lat="38.758183" lon="-0.034473">
        <ele>239.592687</ele>
        <time>2026-03-23T08:33:12.857Z</time>
      </trkpt>
      <trkpt lat="38.758917" lon="-0.033722">
        <ele>244.892500</ele>
        <time>2026-03-23T08:33:49.335Z</time>
      </trkpt>
      <trkpt lat="38.759856" lon="-0.032868">
        <ele>251.369090</ele>
        <time>2026-03-23T08:34:36.312Z</time>
      </trkpt>
      <trkpt lat="38.760843" lon="-0.032033">
        <ele>257.998428</ele>
        <time>2026-03-23T08:35:18.857Z</time>
      </trkpt>
      <trkpt lat="38.761333" lon="-0.031607">
        <ele>260.769127</ele>
        <time>2026-03-23T08:35:39.223Z</time>
      </trkpt>
      <trkpt lat="38.761454" lon="-0.031429">
        <ele>261.610567</ele>
        <time>2026-03-23T08:35:45.784Z</time>
      </trkpt>
      <trkpt lat="38.762096" lon="-0.030112">
        <ele>267.118507</ele>
        <time>2026-03-23T08:36:25.138Z</time>
      </trkpt>
      <trkpt lat="38.762340" lon="-0.029555">
        <ele>269.289992</ele>
        <time>2026-03-23T08:36:38.740Z</time>
      </trkpt>
      <trkpt lat="38.762557" lon="-0.029070">
        <ele>271.190549</ele>
        <time>2026-03-23T08:36:51.896Z</time>
      </trkpt>
      <trkpt lat="38.762717" lon="-0.028614">
        <ele>272.890124</ele>
        <time>2026-03-23T08:37:05.955Z</time>
      </trkpt>
      <trkpt lat="38.762886" lon="-0.028036">
        <ele>274.797399</ele>
        <time>2026-03-23T08:37:23.695Z</time>
      </trkpt>
      <trkpt lat="38.762976" lon="-0.027614">
        <ele>275.791813</ele>
        <time>2026-03-23T08:37:35.804Z</time>
      </trkpt>
      <trkpt lat="38.763057" lon="-0.026885">
        <ele>277.465526</ele>
        <time>2026-03-23T08:37:51.503Z</time>
      </trkpt>
      <trkpt lat="38.763093" lon="-0.026742">
        <ele>277.807077</ele>
        <time>2026-03-23T08:37:54.013Z</time>
      </trkpt>
      <trkpt lat="38.763138" lon="-0.026656">
        <ele>278.042484</ele>
        <time>2026-03-23T08:37:55.888Z</time>
      </trkpt>
      <trkpt lat="38.763212" lon="-0.026590">
        <ele>278.305228</ele>
        <time>2026-03-23T08:37:57.840Z</time>
      </trkpt>
      <trkpt lat="38.763345" lon="-0.026555">
        <ele>278.701000</ele>
        <time>2026-03-23T08:38:00.593Z</time>
      </trkpt>
      <trkpt lat="38.763955" lon="-0.026656">
        <ele>280.380218</ele>
        <time>2026-03-23T08:38:11.467Z</time>
      </trkpt>
      <trkpt lat="38.764082" lon="-0.026647">
        <ele>280.700732</ele>
        <time>2026-03-23T08:38:13.411Z</time>
      </trkpt>
      <trkpt lat="38.764760" lon="-0.026297">
        <ele>282.542425</ele>
        <time>2026-03-23T08:38:26.580Z</time>
      </trkpt>
      <trkpt lat="38.764898" lon="-0.026270">
        <ele>282.894193</ele>
        <time>2026-03-23T08:38:30.774Z</time>
      </trkpt>
      <trkpt lat="38.765383" lon="-0.026284">
        <ele>284.116648</ele>
        <time>2026-03-23T08:38:48.669Z</time>
      </trkpt>
      <trkpt lat="38.765498" lon="-0.026239">
        <ele>284.716515</ele>
        <time>2026-03-23T08:38:53.340Z</time>
      </trkpt>
      <trkpt lat="38.765566" lon="-0.026177">
        <ele>285.195709</ele>
        <time>2026-03-23T08:38:56.529Z</time>
      </trkpt>
      <trkpt lat="38.765698" lon="-0.025993">
        <ele>286.315423</ele>
        <time>2026-03-23T08:39:04.205Z</time>
      </trkpt>
      <trkpt lat="38.765758" lon="-0.025815">
        <ele>287.183856</ele>
        <time>2026-03-23T08:39:10.138Z</time>
      </trkpt>
      <trkpt lat="38.766092" lon="-0.024449">
        <ele>293.594892</ele>
        <time>2026-03-23T08:39:53.651Z</time>
      </trkpt>
      <trkpt lat="38.766169" lon="-0.024267">
        <ele>294.520773</ele>
        <time>2026-03-23T08:39:59.633Z</time>
      </trkpt>
      <trkpt lat="38.766611" lon="-0.023616">
        <ele>297.070458</ele>
        <time>2026-03-23T08:40:23.833Z</time>
      </trkpt>
      <trkpt lat="38.766897" lon="-0.023028">
        <ele>299.117437</ele>
        <time>2026-03-23T08:40:38.307Z</time>
      </trkpt>
      <trkpt lat="38.767077" lon="-0.022418">
        <ele>301.043880</ele>
        <time>2026-03-23T08:40:51.207Z</time>
      </trkpt>
      <trkpt lat="38.767170" lon="-0.022197">
        <ele>301.442744</ele>
        <time>2026-03-23T08:40:56.588Z</time>
      </trkpt>
      <trkpt lat="38.767284" lon="-0.022056">
        <ele>301.589555</ele>
        <time>2026-03-23T08:41:00.626Z</time>
      </trkpt>
      <trkpt lat="38.767384" lon="-0.021979">
        <ele>301.697677</ele>
        <time>2026-03-23T08:41:03.391Z</time>
      </trkpt>
      <trkpt lat="38.767582" lon="-0.021826">
        <ele>301.911959</ele>
        <time>2026-03-23T08:41:08.212Z</time>
      </trkpt>
      <trkpt lat="38.767796" lon="-0.021600">
        <ele>302.168931</ele>
        <time>2026-03-23T08:41:13.200Z</time>
      </trkpt>
      <trkpt lat="38.768137" lon="-0.020965">
        <ele>302.726210</ele>
        <time>2026-03-23T08:41:22.376Z</time>
      </trkpt>
      <trkpt lat="38.768294" lon="-0.020662">
        <ele>302.989155</ele>
        <time>2026-03-23T08:41:26.840Z</time>
      </trkpt>
      <trkpt lat="38.768491" lon="-0.020414">
        <ele>302.521265</ele>
        <time>2026-03-23T08:41:30.547Z</time>
      </trkpt>
      <trkpt lat="38.768981" lon="-0.020018">
        <ele>301.478988</ele>
        <time>2026-03-23T08:41:37.580Z</time>
      </trkpt>
      <trkpt lat="38.769154" lon="-0.019810">
        <ele>301.052248</ele>
        <time>2026-03-23T08:41:40.182Z</time>
      </trkpt>
      <trkpt lat="38.769254" lon="-0.019578">
        <ele>300.680289</ele>
        <time>2026-03-23T08:41:42.368Z</time>
      </trkpt>
      <trkpt lat="38.769366" lon="-0.018907">
        <ele>299.686308</ele>
        <time>2026-03-23T08:41:47.799Z</time>
      </trkpt>
      <trkpt lat="38.769431" lon="-0.018404">
        <ele>298.471477</ele>
        <time>2026-03-23T08:41:51.746Z</time>
      </trkpt>
      <trkpt lat="38.769652" lon="-0.016670">
        <ele>294.285103</ele>
        <time>2026-03-23T08:42:05.687Z</time>
      </trkpt>
      <trkpt lat="38.769857" lon="-0.015272">
        <ele>289.632727</ele>
        <time>2026-03-23T08:42:17.664Z</time>
      </trkpt>
      <trkpt lat="38.769980" lon="-0.014453">
        <ele>286.900605</ele>
        <time>2026-03-23T08:42:23.702Z</time>
      </trkpt>
      <trkpt lat="38.769992" lon="-0.014159">
        <ele>285.154963</ele>
        <time>2026-03-23T08:42:25.715Z</time>
      </trkpt>
      <trkpt lat="38.769929" lon="-0.013778">
        <ele>282.588665</ele>
        <time>2026-03-23T08:42:28.317Z</time>
      </trkpt>
      <trkpt lat="38.769663" lon="-0.012952">
        <ele>276.700041</ele>
        <time>2026-03-23T08:42:34.299Z</time>
      </trkpt>
      <trkpt lat="38.769510" lon="-0.012747">
        <ele>274.830135</ele>
        <time>2026-03-23T08:42:36.228Z</time>
      </trkpt>
      <trkpt lat="38.769185" lon="-0.012451">
        <ele>271.477232</ele>
        <time>2026-03-23T08:42:39.814Z</time>
      </trkpt>
      <trkpt lat="38.769017" lon="-0.012370">
        <ele>270.476383</ele>
        <time>2026-03-23T08:42:41.465Z</time>
      </trkpt>
      <trkpt lat="38.768842" lon="-0.012411">
        <ele>269.484358</ele>
        <time>2026-03-23T08:42:43.103Z</time>
      </trkpt>
      <trkpt lat="38.768698" lon="-0.012544">
        <ele>268.494809</ele>
        <time>2026-03-23T08:42:44.736Z</time>
      </trkpt>
      <trkpt lat="38.768583" lon="-0.012610">
        <ele>267.792243</ele>
        <time>2026-03-23T08:42:45.898Z</time>
      </trkpt>
      <trkpt lat="38.768453" lon="-0.012626">
        <ele>267.063976</ele>
        <time>2026-03-23T08:42:47.105Z</time>
      </trkpt>
      <trkpt lat="38.768338" lon="-0.012599">
        <ele>266.412029</ele>
        <time>2026-03-23T08:42:48.207Z</time>
      </trkpt>
      <trkpt lat="38.768197" lon="-0.012441">
        <ele>265.367926</ele>
        <time>2026-03-23T08:42:49.958Z</time>
      </trkpt>
      <trkpt lat="38.768157" lon="-0.012343">
        <ele>264.886981</ele>
        <time>2026-03-23T08:42:50.771Z</time>
      </trkpt>
      <trkpt lat="38.768107" lon="-0.012038">
        <ele>263.531884</ele>
        <time>2026-03-23T08:42:53.052Z</time>
      </trkpt>
      <trkpt lat="38.768078" lon="-0.011892">
        <ele>262.876819</ele>
        <time>2026-03-23T08:42:54.161Z</time>
      </trkpt>
      <trkpt lat="38.768017" lon="-0.011661">
        <ele>261.816418</ele>
        <time>2026-03-23T08:42:55.940Z</time>
      </trkpt>
      <trkpt lat="38.767923" lon="-0.011498">
        <ele>261.337179</ele>
        <time>2026-03-23T08:42:57.437Z</time>
      </trkpt>
      <trkpt lat="38.767605" lon="-0.011267">
        <ele>260.809159</ele>
        <time>2026-03-23T08:43:00.908Z</time>
      </trkpt>
      <trkpt lat="38.767340" lon="-0.011140">
        <ele>260.400431</ele>
        <time>2026-03-23T08:43:03.774Z</time>
      </trkpt>
      <trkpt lat="38.767137" lon="-0.011129">
        <ele>260.106875</ele>
        <time>2026-03-23T08:43:06.490Z</time>
      </trkpt>
      <trkpt lat="38.766835" lon="-0.011177">
        <ele>259.667207</ele>
        <time>2026-03-23T08:43:13.888Z</time>
      </trkpt>
      <trkpt lat="38.766445" lon="-0.011350">
        <ele>259.070985</ele>
        <time>2026-03-23T08:43:22.508Z</time>
      </trkpt>
      <trkpt lat="38.766370" lon="-0.011358">
        <ele>258.962251</ele>
        <time>2026-03-23T08:43:23.855Z</time>
      </trkpt>
      <trkpt lat="38.766303" lon="-0.011349">
        <ele>258.832172</ele>
        <time>2026-03-23T08:43:24.835Z</time>
      </trkpt>
      <trkpt lat="38.766181" lon="-0.011269">
        <ele>258.179135</ele>
        <time>2026-03-23T08:43:26.789Z</time>
      </trkpt>
      <trkpt lat="38.766087" lon="-0.011104">
        <ele>257.419758</ele>
        <time>2026-03-23T08:43:28.751Z</time>
      </trkpt>
      <trkpt lat="38.766081" lon="-0.010964">
        <ele>256.898725</ele>
        <time>2026-03-23T08:43:30.011Z</time>
      </trkpt>
      <trkpt lat="38.766111" lon="-0.010847">
        <ele>256.441041</ele>
        <time>2026-03-23T08:43:31.049Z</time>
      </trkpt>
      <trkpt lat="38.766198" lon="-0.010727">
        <ele>255.832129</ele>
        <time>2026-03-23T08:43:32.365Z</time>
      </trkpt>
      <trkpt lat="38.766301" lon="-0.010656">
        <ele>255.274826</ele>
        <time>2026-03-23T08:43:33.524Z</time>
      </trkpt>
      <trkpt lat="38.766445" lon="-0.010641">
        <ele>254.586269</ele>
        <time>2026-03-23T08:43:34.916Z</time>
      </trkpt>
      <trkpt lat="38.766722" lon="-0.010803">
        <ele>253.135324</ele>
        <time>2026-03-23T08:43:37.728Z</time>
      </trkpt>
      <trkpt lat="38.766821" lon="-0.010821">
        <ele>252.658778</ele>
        <time>2026-03-23T08:43:38.623Z</time>
      </trkpt>
      <trkpt lat="38.767033" lon="-0.010764">
        <ele>251.626433</ele>
        <time>2026-03-23T08:43:40.511Z</time>
      </trkpt>
      <trkpt lat="38.768139" lon="-0.009821">
        <ele>241.198802</ele>
        <time>2026-03-23T08:43:52.001Z</time>
      </trkpt>
      <trkpt lat="38.768319" lon="-0.009696">
        <ele>239.425304</ele>
        <time>2026-03-23T08:43:53.812Z</time>
      </trkpt>
      <trkpt lat="38.768470" lon="-0.009632">
        <ele>238.047417</ele>
        <time>2026-03-23T08:43:55.223Z</time>
      </trkpt>
      <trkpt lat="38.768923" lon="-0.009513">
        <ele>234.198609</ele>
        <time>2026-03-23T08:43:59.332Z</time>
      </trkpt>
      <trkpt lat="38.769402" lon="-0.009378">
        <ele>230.931201</ele>
        <time>2026-03-23T08:44:03.689Z</time>
      </trkpt>
      <trkpt lat="38.769729" lon="-0.009127">
        <ele>228.392272</ele>
        <time>2026-03-23T08:44:07.123Z</time>
      </trkpt>
      <trkpt lat="38.770019" lon="-0.008884">
        <ele>226.084414</ele>
        <time>2026-03-23T08:44:10.284Z</time>
      </trkpt>
      <trkpt lat="38.770182" lon="-0.008797">
        <ele>224.908173</ele>
        <time>2026-03-23T08:44:11.901Z</time>
      </trkpt>
      <trkpt lat="38.770281" lon="-0.008790">
        <ele>224.247598</ele>
        <time>2026-03-23T08:44:12.812Z</time>
      </trkpt>
      <trkpt lat="38.770538" lon="-0.008860">
        <ele>222.571958</ele>
        <time>2026-03-23T08:44:15.240Z</time>
      </trkpt>
      <trkpt lat="38.770655" lon="-0.008866">
        <ele>222.032230</ele>
        <time>2026-03-23T08:44:16.327Z</time>
      </trkpt>
      <trkpt lat="38.770802" lon="-0.008788">
        <ele>221.298958</ele>
        <time>2026-03-23T08:44:17.794Z</time>
      </trkpt>
      <trkpt lat="38.770870" lon="-0.008693">
        <ele>220.835492</ele>
        <time>2026-03-23T08:44:18.725Z</time>
      </trkpt>
      <trkpt lat="38.771155" lon="-0.008069">
        <ele>218.236555</ele>
        <time>2026-03-23T08:44:24.069Z</time>
      </trkpt>
      <trkpt lat="38.771175" lon="-0.008018">
        <ele>218.031397</ele>
        <time>2026-03-23T08:44:24.500Z</time>
      </trkpt>
      <trkpt lat="38.771299" lon="-0.007718">
        <ele>216.811145</ele>
        <time>2026-03-23T08:44:27.123Z</time>
      </trkpt>
      <trkpt lat="38.771398" lon="-0.007486">
        <ele>215.860693</ele>
        <time>2026-03-23T08:44:29.125Z</time>
      </trkpt>
      <trkpt lat="38.771502" lon="-0.007293">
        <ele>215.017568</ele>
        <time>2026-03-23T08:44:30.906Z</time>
      </trkpt>
      <trkpt lat="38.771601" lon="-0.007147">
        <ele>214.359391</ele>
        <time>2026-03-23T08:44:32.386Z</time>
      </trkpt>
      <trkpt lat="38.771659" lon="-0.007072">
        <ele>214.090915</ele>
        <time>2026-03-23T08:44:33.215Z</time>
      </trkpt>
      <trkpt lat="38.771958" lon="-0.006680">
        <ele>212.697174</ele>
        <time>2026-03-23T08:44:37.524Z</time>
      </trkpt>
      <trkpt lat="38.772200" lon="-0.006449">
        <ele>211.713827</ele>
        <time>2026-03-23T08:44:40.554Z</time>
      </trkpt>
      <trkpt lat="38.772684" lon="-0.006268">
        <ele>210.070404</ele>
        <time>2026-03-23T08:44:45.654Z</time>
      </trkpt>
      <trkpt lat="38.772855" lon="-0.006125">
        <ele>209.404974</ele>
        <time>2026-03-23T08:44:47.784Z</time>
      </trkpt>
      <trkpt lat="38.772914" lon="-0.006036">
        <ele>209.108072</ele>
        <time>2026-03-23T08:44:48.730Z</time>
      </trkpt>
      <trkpt lat="38.773008" lon="-0.005816">
        <ele>208.469058</ele>
        <time>2026-03-23T08:44:50.732Z</time>
      </trkpt>
      <trkpt lat="38.773022" lon="-0.005646">
        <ele>208.029202</ele>
        <time>2026-03-23T08:44:52.115Z</time>
      </trkpt>
      <trkpt lat="38.773010" lon="-0.005457">
        <ele>207.541280</ele>
        <time>2026-03-23T08:44:53.651Z</time>
      </trkpt>
      <trkpt lat="38.772965" lon="-0.005226">
        <ele>206.928625</ele>
        <time>2026-03-23T08:44:55.554Z</time>
      </trkpt>
      <trkpt lat="38.772823" lon="-0.004949">
        <ele>206.075608</ele>
        <time>2026-03-23T08:44:58.164Z</time>
      </trkpt>
      <trkpt lat="38.772764" lon="-0.004840">
        <ele>205.734173</ele>
        <time>2026-03-23T08:44:59.205Z</time>
      </trkpt>
      <trkpt lat="38.772730" lon="-0.004726">
        <ele>205.420110</ele>
        <time>2026-03-23T08:45:00.154Z</time>
      </trkpt>
      <trkpt lat="38.772737" lon="-0.004602">
        <ele>205.100212</ele>
        <time>2026-03-23T08:45:01.139Z</time>
      </trkpt>
      <trkpt lat="38.772858" lon="-0.004203">
        <ele>203.998618</ele>
        <time>2026-03-23T08:45:04.559Z</time>
      </trkpt>
      <trkpt lat="38.773056" lon="-0.003637">
        <ele>202.249579</ele>
        <time>2026-03-23T08:45:09.473Z</time>
      </trkpt>
      <trkpt lat="38.773172" lon="-0.003191">
        <ele>200.292905</ele>
        <time>2026-03-23T08:45:12.950Z</time>
      </trkpt>
      <trkpt lat="38.773288" lon="-0.002652">
        <ele>197.965863</ele>
        <time>2026-03-23T08:45:17.011Z</time>
      </trkpt>
      <trkpt lat="38.773381" lon="-0.002426">
        <ele>196.902349</ele>
        <time>2026-03-23T08:45:18.842Z</time>
      </trkpt>
      <trkpt lat="38.774136" lon="-0.001031">
        <ele>190.108751</ele>
        <time>2026-03-23T08:45:30.947Z</time>
      </trkpt>
      <trkpt lat="38.774265" lon="-0.000724">
        <ele>188.780981</ele>
        <time>2026-03-23T08:45:33.478Z</time>
      </trkpt>
      <trkpt lat="38.774599" lon="0.000478">
        <ele>183.970110</ele>
        <time>2026-03-23T08:45:43.208Z</time>
      </trkpt>
      <trkpt lat="38.774938" lon="0.001028">
        <ele>181.670045</ele>
        <time>2026-03-23T08:45:48.674Z</time>
      </trkpt>
      <trkpt lat="38.775923" lon="0.002507">
        <ele>174.613396</ele>
        <time>2026-03-23T08:46:03.263Z</time>
      </trkpt>
      <trkpt lat="38.776230" lon="0.002909">
        <ele>171.881614</ele>
        <time>2026-03-23T08:46:07.365Z</time>
      </trkpt>
      <trkpt lat="38.776665" lon="0.003389">
        <ele>168.308614</ele>
        <time>2026-03-23T08:46:12.498Z</time>
      </trkpt>
      <trkpt lat="38.777088" lon="0.003565">
        <ele>165.539566</ele>
        <time>2026-03-23T08:46:16.447Z</time>
      </trkpt>
      <trkpt lat="38.777504" lon="0.003698">
        <ele>163.096505</ele>
        <time>2026-03-23T08:46:20.261Z</time>
      </trkpt>
      <trkpt lat="38.777621" lon="0.003801">
        <ele>162.289101</ele>
        <time>2026-03-23T08:46:21.542Z</time>
      </trkpt>
      <trkpt lat="38.777688" lon="0.003918">
        <ele>161.645160</ele>
        <time>2026-03-23T08:46:22.559Z</time>
      </trkpt>
      <trkpt lat="38.777749" lon="0.004211">
        <ele>160.299963</ele>
        <time>2026-03-23T08:46:24.699Z</time>
      </trkpt>
      <trkpt lat="38.777876" lon="0.005570">
        <ele>154.771846</ele>
        <time>2026-03-23T08:46:34.960Z</time>
      </trkpt>
      <trkpt lat="38.777916" lon="0.005974">
        <ele>153.914140</ele>
        <time>2026-03-23T08:46:38.164Z</time>
      </trkpt>
      <trkpt lat="38.777976" lon="0.006194">
        <ele>153.423260</ele>
        <time>2026-03-23T08:46:40.013Z</time>
      </trkpt>
      <trkpt lat="38.778050" lon="0.006376">
        <ele>152.990946</ele>
        <time>2026-03-23T08:46:41.669Z</time>
      </trkpt>
      <trkpt lat="38.778265" lon="0.006744">
        <ele>152.022401</ele>
        <time>2026-03-23T08:46:45.500Z</time>
      </trkpt>
      <trkpt lat="38.778479" lon="0.007101">
        <ele>151.073945</ele>
        <time>2026-03-23T08:46:49.376Z</time>
      </trkpt>
      <trkpt lat="38.778606" lon="0.007416">
        <ele>150.322747</ele>
        <time>2026-03-23T08:46:52.713Z</time>
      </trkpt>
      <trkpt lat="38.778886" lon="0.008311">
        <ele>148.177468</ele>
        <time>2026-03-23T08:47:01.238Z</time>
      </trkpt>
      <trkpt lat="38.779066" lon="0.008800">
        <ele>146.974517</ele>
        <time>2026-03-23T08:47:05.593Z</time>
      </trkpt>
      <trkpt lat="38.779783" lon="0.010021">
        <ele>142.611786</ele>
        <time>2026-03-23T08:47:17.087Z</time>
      </trkpt>
      <trkpt lat="38.779867" lon="0.010160">
        <ele>141.998736</ele>
        <time>2026-03-23T08:47:18.353Z</time>
      </trkpt>
      <trkpt lat="38.780012" lon="0.010397">
        <ele>140.948578</ele>
        <time>2026-03-23T08:47:20.534Z</time>
      </trkpt>
      <trkpt lat="38.780280" lon="0.010743">
        <ele>139.248405</ele>
        <time>2026-03-23T08:47:24.159Z</time>
      </trkpt>
      <trkpt lat="38.780879" lon="0.011336">
        <ele>136.070978</ele>
        <time>2026-03-23T08:47:31.616Z</time>
      </trkpt>
      <trkpt lat="38.781005" lon="0.011454">
        <ele>135.478701</ele>
        <time>2026-03-23T08:47:33.110Z</time>
      </trkpt>
      <trkpt lat="38.781925" lon="0.012311">
        <ele>131.162146</ele>
        <time>2026-03-23T08:47:44.164Z</time>
      </trkpt>
      <trkpt lat="38.782312" lon="0.012688">
        <ele>129.602371</ele>
        <time>2026-03-23T08:47:49.256Z</time>
      </trkpt>
      <trkpt lat="38.782561" lon="0.013070">
        <ele>128.516693</ele>
        <time>2026-03-23T08:47:53.422Z</time>
      </trkpt>
      <trkpt lat="38.782900" lon="0.013694">
        <ele>126.858393</ele>
        <time>2026-03-23T08:47:59.807Z</time>
      </trkpt>
      <trkpt lat="38.783017" lon="0.013919">
        <ele>126.268700</ele>
        <time>2026-03-23T08:48:02.052Z</time>
      </trkpt>
      <trkpt lat="38.783619" lon="0.015074">
        <ele>121.471510</ele>
        <time>2026-03-23T08:48:12.761Z</time>
      </trkpt>
      <trkpt lat="38.783716" lon="0.015260">
        <ele>120.578623</ele>
        <time>2026-03-23T08:48:14.358Z</time>
      </trkpt>
      <trkpt lat="38.783910" lon="0.015539">
        <ele>119.086918</ele>
        <time>2026-03-23T08:48:17.011Z</time>
      </trkpt>
      <trkpt lat="38.784011" lon="0.015601">
        <ele>118.513818</ele>
        <time>2026-03-23T08:48:18.041Z</time>
      </trkpt>
      <trkpt lat="38.784319" lon="0.015686">
        <ele>116.901271</ele>
        <time>2026-03-23T08:48:20.901Z</time>
      </trkpt>
      <trkpt lat="38.784482" lon="0.015756">
        <ele>116.007697</ele>
        <time>2026-03-23T08:48:22.467Z</time>
      </trkpt>
      <trkpt lat="38.784700" lon="0.015936">
        <ele>114.551881</ele>
        <time>2026-03-23T08:48:24.820Z</time>
      </trkpt>
      <trkpt lat="38.785393" lon="0.016706">
        <ele>109.403665</ele>
        <time>2026-03-23T08:48:33.205Z</time>
      </trkpt>
      <trkpt lat="38.785526" lon="0.016889">
        <ele>108.308471</ele>
        <time>2026-03-23T08:48:35.067Z</time>
      </trkpt>
      <trkpt lat="38.785612" lon="0.017053">
        <ele>107.443282</ele>
        <time>2026-03-23T08:48:36.523Z</time>
      </trkpt>
      <trkpt lat="38.785836" lon="0.017651">
        <ele>105.268288</ele>
        <time>2026-03-23T08:48:41.478Z</time>
      </trkpt>
      <trkpt lat="38.785966" lon="0.017929">
        <ele>104.528248</ele>
        <time>2026-03-23T08:48:43.952Z</time>
      </trkpt>
      <trkpt lat="38.786243" lon="0.018287">
        <ele>103.376775</ele>
        <time>2026-03-23T08:48:47.891Z</time>
      </trkpt>
      <trkpt lat="38.787540" lon="0.019808">
        <ele>99.813496</ele>
        <time>2026-03-23T08:49:07.672Z</time>
      </trkpt>
      <trkpt lat="38.788943" lon="0.022148">
        <ele>98.316010</ele>
        <time>2026-03-23T08:49:37.720Z</time>
      </trkpt>
      <trkpt lat="38.789266" lon="0.022690">
        <ele>98.071260</ele>
        <time>2026-03-23T08:49:46.611Z</time>
      </trkpt>
      <trkpt lat="38.789271" lon="0.022701">
        <ele>98.062031</ele>
        <time>2026-03-23T08:49:46.774Z</time>
      </trkpt>
      <trkpt lat="38.789687" lon="0.023541">
        <ele>97.340746</ele>
        <time>2026-03-23T08:49:58.799Z</time>
      </trkpt>
      <trkpt lat="38.789719" lon="0.023614">
        <ele>97.280046</ele>
        <time>2026-03-23T08:49:59.590Z</time>
      </trkpt>
      <trkpt lat="38.789922" lon="0.024096">
        <ele>96.882981</ele>
        <time>2026-03-23T08:50:04.322Z</time>
      </trkpt>
      <trkpt lat="38.790134" lon="0.024580">
        <ele>96.444936</ele>
        <time>2026-03-23T08:50:09.021Z</time>
      </trkpt>
      <trkpt lat="38.790312" lon="0.025023">
        <ele>95.494794</ele>
        <time>2026-03-23T08:50:13.131Z</time>
      </trkpt>
      <trkpt lat="38.790335" lon="0.025118">
        <ele>95.305151</ele>
        <time>2026-03-23T08:50:13.954Z</time>
      </trkpt>
      <trkpt lat="38.790367" lon="0.025252">
        <ele>95.037974</ele>
        <time>2026-03-23T08:50:15.088Z</time>
      </trkpt>
      <trkpt lat="38.790475" lon="0.025900">
        <ele>93.774711</ele>
        <time>2026-03-23T08:50:20.582Z</time>
      </trkpt>
      <trkpt lat="38.790547" lon="0.026103">
        <ele>93.349532</ele>
        <time>2026-03-23T08:50:22.475Z</time>
      </trkpt>
      <trkpt lat="38.790756" lon="0.026502">
        <ele>92.433079</ele>
        <time>2026-03-23T08:50:26.824Z</time>
      </trkpt>
      <trkpt lat="38.791151" lon="0.027256">
        <ele>89.101625</ele>
        <time>2026-03-23T08:50:33.919Z</time>
      </trkpt>
      <trkpt lat="38.791339" lon="0.027828">
        <ele>86.568152</ele>
        <time>2026-03-23T08:50:38.399Z</time>
      </trkpt>
      <trkpt lat="38.791556" lon="0.028088">
        <ele>85.013509</ele>
        <time>2026-03-23T08:50:41.103Z</time>
      </trkpt>
      <trkpt lat="38.791651" lon="0.028177">
        <ele>84.397588</ele>
        <time>2026-03-23T08:50:42.158Z</time>
      </trkpt>
      <trkpt lat="38.791849" lon="0.028360">
        <ele>83.119857</ele>
        <time>2026-03-23T08:50:44.335Z</time>
      </trkpt>
      <trkpt lat="38.792212" lon="0.028697">
        <ele>81.089423</ele>
        <time>2026-03-23T08:50:48.322Z</time>
      </trkpt>
      <trkpt lat="38.792695" lon="0.028983">
        <ele>78.763956</ele>
        <time>2026-03-23T08:50:53.240Z</time>
      </trkpt>
      <trkpt lat="38.793052" lon="0.029189">
        <ele>77.052751</ele>
        <time>2026-03-23T08:50:57.273Z</time>
      </trkpt>
      <trkpt lat="38.793358" lon="0.029367">
        <ele>75.584002</ele>
        <time>2026-03-23T08:51:00.776Z</time>
      </trkpt>
      <trkpt lat="38.793928" lon="0.029713">
        <ele>74.101808</ele>
        <time>2026-03-23T08:51:08.217Z</time>
      </trkpt>
      <trkpt lat="38.795096" lon="0.030384">
        <ele>72.080468</ele>
        <time>2026-03-23T08:51:23.292Z</time>
      </trkpt>
      <trkpt lat="38.795130" lon="0.030403">
        <ele>72.021892</ele>
        <time>2026-03-23T08:51:23.694Z</time>
      </trkpt>
      <trkpt lat="38.795877" lon="0.030836">
        <ele>69.896083</ele>
        <time>2026-03-23T08:51:32.355Z</time>
      </trkpt>
      <trkpt lat="38.796463" lon="0.031186">
        <ele>68.198805</ele>
        <time>2026-03-23T08:51:39.095Z</time>
      </trkpt>
      <trkpt lat="38.796527" lon="0.031258">
        <ele>67.975303</ele>
        <time>2026-03-23T08:51:39.978Z</time>
      </trkpt>
      <trkpt lat="38.796868" lon="0.031828">
        <ele>66.187686</ele>
        <time>2026-03-23T08:51:45.603Z</time>
      </trkpt>
      <trkpt lat="38.797018" lon="0.032079">
        <ele>65.268223</ele>
        <time>2026-03-23T08:51:48.059Z</time>
      </trkpt>
      <trkpt lat="38.797047" lon="0.032244">
        <ele>64.776528</ele>
        <time>2026-03-23T08:51:49.368Z</time>
      </trkpt>
      <trkpt lat="38.797040" lon="0.032290">
        <ele>64.640283</ele>
        <time>2026-03-23T08:51:49.736Z</time>
      </trkpt>
      <trkpt lat="38.797044" lon="0.032313">
        <ele>64.571778</ele>
        <time>2026-03-23T08:51:49.921Z</time>
      </trkpt>
      <trkpt lat="38.797099" lon="0.032358">
        <ele>64.328475</ele>
        <time>2026-03-23T08:51:50.567Z</time>
      </trkpt>
      <trkpt lat="38.797112" lon="0.032356">
        <ele>64.279639</ele>
        <time>2026-03-23T08:51:50.694Z</time>
      </trkpt>
      <trkpt lat="38.797131" lon="0.032345">
        <ele>64.201891</ele>
        <time>2026-03-23T08:51:50.896Z</time>
      </trkpt>
      <trkpt lat="38.797213" lon="0.032319">
        <ele>63.886839</ele>
        <time>2026-03-23T08:51:51.748Z</time>
      </trkpt>
      <trkpt lat="38.797345" lon="0.032325">
        <ele>63.394185</ele>
        <time>2026-03-23T08:51:53.049Z</time>
      </trkpt>
      <trkpt lat="38.797711" lon="0.032392">
        <ele>62.015220</ele>
        <time>2026-03-23T08:51:56.666Z</time>
      </trkpt>
      <trkpt lat="38.797762" lon="0.032401">
        <ele>61.823205</ele>
        <time>2026-03-23T08:51:57.166Z</time>
      </trkpt>
      <trkpt lat="38.798137" lon="0.032474">
        <ele>60.422601</ele>
        <time>2026-03-23T08:52:00.797Z</time>
      </trkpt>
      <trkpt lat="38.798845" lon="0.032602">
        <ele>58.021454</ele>
        <time>2026-03-23T08:52:07.789Z</time>
      </trkpt>
      <trkpt lat="38.798937" lon="0.032614">
        <ele>57.710900</ele>
        <time>2026-03-23T08:52:08.720Z</time>
      </trkpt>
      <trkpt lat="38.799059" lon="0.032632">
        <ele>57.298490</ele>
        <time>2026-03-23T08:52:09.973Z</time>
      </trkpt>
      <trkpt lat="38.799403" lon="0.032675">
        <ele>56.137773</ele>
        <time>2026-03-23T08:52:13.496Z</time>
      </trkpt>
      <trkpt lat="38.800513" lon="0.032810">
        <ele>52.900978</ele>
        <time>2026-03-23T08:52:25.238Z</time>
      </trkpt>
      <trkpt lat="38.800947" lon="0.032780">
        <ele>51.791446</ele>
        <time>2026-03-23T08:52:29.827Z</time>
      </trkpt>
      <trkpt lat="38.802109" lon="0.032724">
        <ele>49.332418</ele>
        <time>2026-03-23T08:52:42.090Z</time>
      </trkpt>
      <trkpt lat="38.802625" lon="0.032699">
        <ele>48.627402</ele>
        <time>2026-03-23T08:52:47.868Z</time>
      </trkpt>
      <trkpt lat="38.802873" lon="0.032737">
        <ele>48.286393</ele>
        <time>2026-03-23T08:52:50.908Z</time>
      </trkpt>
      <trkpt lat="38.803172" lon="0.033054">
        <ele>47.756844</ele>
        <time>2026-03-23T08:52:56.194Z</time>
      </trkpt>
      <trkpt lat="38.803399" lon="0.033227">
        <ele>47.428109</ele>
        <time>2026-03-23T08:52:59.968Z</time>
      </trkpt>
      <trkpt lat="38.803818" lon="0.033367">
        <ele>47.121060</ele>
        <time>2026-03-23T08:53:05.932Z</time>
      </trkpt>
      <trkpt lat="38.804220" lon="0.033454">
        <ele>46.831950</ele>
        <time>2026-03-23T08:53:11.306Z</time>
      </trkpt>
      <trkpt lat="38.804356" lon="0.033477">
        <ele>46.734669</ele>
        <time>2026-03-23T08:53:13.036Z</time>
      </trkpt>
      <trkpt lat="38.805652" lon="0.033742">
        <ele>45.718336</ele>
        <time>2026-03-23T08:53:28.967Z</time>
      </trkpt>
      <trkpt lat="38.806206" lon="0.033713">
        <ele>45.237161</ele>
        <time>2026-03-23T08:53:35.945Z</time>
      </trkpt>
      <trkpt lat="38.806670" lon="0.033619">
        <ele>44.829504</ele>
        <time>2026-03-23T08:53:42.082Z</time>
      </trkpt>
      <trkpt lat="38.806777" lon="0.033682">
        <ele>44.727339</ele>
        <time>2026-03-23T08:53:43.615Z</time>
      </trkpt>
      <trkpt lat="38.806899" lon="0.033817">
        <ele>44.562531</ele>
        <time>2026-03-23T08:53:45.664Z</time>
      </trkpt>
      <trkpt lat="38.806945" lon="0.033962">
        <ele>44.387764</ele>
        <time>2026-03-23T08:53:47.177Z</time>
      </trkpt>
      <trkpt lat="38.807045" lon="0.034030">
        <ele>44.225639</ele>
        <time>2026-03-23T08:53:48.559Z</time>
      </trkpt>
      <trkpt lat="38.807133" lon="0.034019">
        <ele>44.098978</ele>
        <time>2026-03-23T08:53:49.631Z</time>
      </trkpt>
      <trkpt lat="38.807189" lon="0.033976">
        <ele>44.005490</ele>
        <time>2026-03-23T08:53:50.404Z</time>
      </trkpt>
      <trkpt lat="38.807302" lon="0.033966">
        <ele>43.843227</ele>
        <time>2026-03-23T08:53:51.720Z</time>
      </trkpt>
      <trkpt lat="38.807434" lon="0.034011">
        <ele>43.647572</ele>
        <time>2026-03-23T08:53:53.279Z</time>
      </trkpt>
      <trkpt lat="38.808427" lon="0.034551">
        <ele>42.102594</ele>
        <time>2026-03-23T08:54:05.353Z</time>
      </trkpt>
      <trkpt lat="38.808654" lon="0.034669">
        <ele>41.865501</ele>
        <time>2026-03-23T08:54:08.151Z</time>
      </trkpt>
      <trkpt lat="38.808917" lon="0.034805">
        <ele>41.614589</ele>
        <time>2026-03-23T08:54:11.475Z</time>
      </trkpt>
      <trkpt lat="38.809231" lon="0.034898">
        <ele>41.329426</ele>
        <time>2026-03-23T08:54:15.518Z</time>
      </trkpt>
      <trkpt lat="38.809490" lon="0.034895">
        <ele>41.100228</ele>
        <time>2026-03-23T08:54:19.139Z</time>
      </trkpt>
      <trkpt lat="38.809690" lon="0.034835">
        <ele>40.918477</ele>
        <time>2026-03-23T08:54:21.970Z</time>
      </trkpt>
      <trkpt lat="38.809914" lon="0.034754">
        <ele>40.712541</ele>
        <time>2026-03-23T08:54:25.077Z</time>
      </trkpt>
      <trkpt lat="38.810049" lon="0.034751">
        <ele>40.593062</ele>
        <time>2026-03-23T08:54:26.829Z</time>
      </trkpt>
      <trkpt lat="38.810141" lon="0.034732">
        <ele>40.510604</ele>
        <time>2026-03-23T08:54:28.006Z</time>
      </trkpt>
      <trkpt lat="38.810179" lon="0.034698">
        <ele>40.469612</ele>
        <time>2026-03-23T08:54:28.600Z</time>
      </trkpt>
      <trkpt lat="38.810371" lon="0.034599">
        <ele>40.302002</ele>
        <time>2026-03-23T08:54:31.113Z</time>
      </trkpt>
      <trkpt lat="38.810520" lon="0.034643">
        <ele>40.178951</ele>
        <time>2026-03-23T08:54:32.942Z</time>
      </trkpt>
      <trkpt lat="38.811138" lon="0.035067">
        <ele>39.614957</ele>
        <time>2026-03-23T08:54:41.613Z</time>
      </trkpt>
      <trkpt lat="38.811272" lon="0.035205">
        <ele>39.476680</ele>
        <time>2026-03-23T08:54:43.766Z</time>
      </trkpt>
      <trkpt lat="38.811376" lon="0.035360">
        <ele>39.348405</ele>
        <time>2026-03-23T08:54:45.717Z</time>
      </trkpt>
      <trkpt lat="38.811394" lon="0.035458">
        <ele>39.285262</ele>
        <time>2026-03-23T08:54:46.661Z</time>
      </trkpt>
      <trkpt lat="38.811487" lon="0.035544">
        <ele>39.193007</ele>
        <time>2026-03-23T08:54:48.080Z</time>
      </trkpt>
      <trkpt lat="38.811599" lon="0.035511">
        <ele>39.100522</ele>
        <time>2026-03-23T08:54:49.534Z</time>
      </trkpt>
      <trkpt lat="38.811796" lon="0.035559">
        <ele>38.992347</ele>
        <time>2026-03-23T08:54:52.136Z</time>
      </trkpt>
      <trkpt lat="38.812042" lon="0.035797">
        <ele>38.930264</ele>
        <time>2026-03-23T08:54:56.419Z</time>
      </trkpt>
      <trkpt lat="38.812171" lon="0.035934">
        <ele>38.896521</ele>
        <time>2026-03-23T08:54:58.972Z</time>
      </trkpt>
      <trkpt lat="38.812552" lon="0.036239">
        <ele>38.806029</ele>
        <time>2026-03-23T08:55:06.200Z</time>
      </trkpt>
      <trkpt lat="38.813201" lon="0.036710">
        <ele>38.655779</ele>
        <time>2026-03-23T08:55:16.613Z</time>
      </trkpt>
      <trkpt lat="38.813516" lon="0.036872">
        <ele>38.696444</ele>
        <time>2026-03-23T08:55:20.945Z</time>
      </trkpt>
      <trkpt lat="38.814485" lon="0.037192">
        <ele>38.859686</ele>
        <time>2026-03-23T08:55:35.281Z</time>
      </trkpt>
      <trkpt lat="38.814715" lon="0.037420">
        <ele>38.907100</ele>
        <time>2026-03-23T08:55:40.636Z</time>
      </trkpt>
      <trkpt lat="38.815304" lon="0.038254">
        <ele>39.220756</ele>
        <time>2026-03-23T08:55:57.947Z</time>
      </trkpt>
      <trkpt lat="38.815565" lon="0.038490">
        <ele>39.354291</ele>
        <time>2026-03-23T08:56:04.037Z</time>
      </trkpt>
      <trkpt lat="38.815954" lon="0.038792">
        <ele>39.544442</ele>
        <time>2026-03-23T08:56:11.092Z</time>
      </trkpt>
      <trkpt lat="38.816073" lon="0.038884">
        <ele>39.602546</ele>
        <time>2026-03-23T08:56:13.189Z</time>
      </trkpt>
      <trkpt lat="38.816481" lon="0.039214">
        <ele>39.294906</ele>
        <time>2026-03-23T08:56:19.225Z</time>
      </trkpt>
      <trkpt lat="38.816753" lon="0.039490">
        <ele>38.773648</ele>
        <time>2026-03-23T08:56:23.156Z</time>
      </trkpt>
      <trkpt lat="38.816929" lon="0.039697">
        <ele>38.414774</ele>
        <time>2026-03-23T08:56:25.855Z</time>
      </trkpt>
      <trkpt lat="38.817483" lon="0.040472">
        <ele>37.182850</ele>
        <time>2026-03-23T08:56:34.986Z</time>
      </trkpt>
      <trkpt lat="38.817780" lon="0.040874">
        <ele>36.467350</ele>
        <time>2026-03-23T08:56:39.888Z</time>
      </trkpt>
      <trkpt lat="38.817907" lon="0.041043">
        <ele>36.152117</ele>
        <time>2026-03-23T08:56:41.886Z</time>
      </trkpt>
      <trkpt lat="38.818188" lon="0.041397">
        <ele>35.473637</ele>
        <time>2026-03-23T08:56:46.281Z</time>
      </trkpt>
      <trkpt lat="38.818324" lon="0.041544">
        <ele>35.167257</ele>
        <time>2026-03-23T08:56:48.302Z</time>
      </trkpt>
      <trkpt lat="38.818852" lon="0.041988">
        <ele>34.079551</ele>
        <time>2026-03-23T08:56:55.521Z</time>
      </trkpt>
      <trkpt lat="38.818968" lon="0.042085">
        <ele>33.838921</ele>
        <time>2026-03-23T08:56:57.092Z</time>
      </trkpt>
      <trkpt lat="38.819138" lon="0.042237">
        <ele>33.466923</ele>
        <time>2026-03-23T08:56:59.388Z</time>
      </trkpt>
      <trkpt lat="38.820444" lon="0.043512">
        <ele>30.623118</ele>
        <time>2026-03-23T08:57:17.493Z</time>
      </trkpt>
      <trkpt lat="38.820717" lon="0.043871">
        <ele>30.434721</ele>
        <time>2026-03-23T08:57:22.087Z</time>
      </trkpt>
      <trkpt lat="38.820860" lon="0.044144">
        <ele>30.311179</ele>
        <time>2026-03-23T08:57:25.223Z</time>
      </trkpt>
      <trkpt lat="38.822307" lon="0.047178">
        <ele>30.387274</ele>
        <time>2026-03-23T08:58:08.274Z</time>
      </trkpt>
      <trkpt lat="38.822685" lon="0.048189">
        <ele>31.888264</ele>
        <time>2026-03-23T08:58:25.621Z</time>
      </trkpt>
      <trkpt lat="38.823081" lon="0.049394">
        <ele>33.820378</ele>
        <time>2026-03-23T08:58:50.041Z</time>
      </trkpt>
      <trkpt lat="38.823277" lon="0.050099">
        <ele>35.803376</ele>
        <time>2026-03-23T08:59:07.222Z</time>
      </trkpt>
      <trkpt lat="38.823300" lon="0.050288">
        <ele>36.312761</ele>
        <time>2026-03-23T08:59:11.694Z</time>
      </trkpt>
      <trkpt lat="38.823407" lon="0.050864">
        <ele>37.889569</ele>
        <time>2026-03-23T08:59:25.597Z</time>
      </trkpt>
      <trkpt lat="38.823519" lon="0.051301">
        <ele>39.114587</ele>
        <time>2026-03-23T08:59:36.450Z</time>
      </trkpt>
      <trkpt lat="38.823870" lon="0.052234">
        <ele>40.930435</ele>
        <time>2026-03-23T08:59:58.435Z</time>
      </trkpt>
      <trkpt lat="38.824003" lon="0.052574">
        <ele>41.438715</ele>
        <time>2026-03-23T09:00:04.860Z</time>
      </trkpt>
      <trkpt lat="38.824266" lon="0.053351">
        <ele>42.570517</ele>
        <time>2026-03-23T09:00:17.340Z</time>
      </trkpt>
      <trkpt lat="38.824364" lon="0.053931">
        <ele>43.039534</ele>
        <time>2026-03-23T09:00:25.222Z</time>
      </trkpt>
      <trkpt lat="38.824462" lon="0.054517">
        <ele>42.970513</ele>
        <time>2026-03-23T09:00:32.266Z</time>
      </trkpt>
      <trkpt lat="38.824532" lon="0.054795">
        <ele>42.936867</ele>
        <time>2026-03-23T09:00:35.674Z</time>
      </trkpt>
      <trkpt lat="38.824936" lon="0.055874">
        <ele>42.791843</ele>
        <time>2026-03-23T09:00:48.863Z</time>
      </trkpt>
      <trkpt lat="38.825140" lon="0.056495">
        <ele>41.170232</ele>
        <time>2026-03-23T09:00:55.028Z</time>
      </trkpt>
      <trkpt lat="38.825356" lon="0.057572">
        <ele>38.494344</ele>
        <time>2026-03-23T09:01:03.685Z</time>
      </trkpt>
      <trkpt lat="38.825420" lon="0.057802">
        <ele>37.906695</ele>
        <time>2026-03-23T09:01:05.485Z</time>
      </trkpt>
      <trkpt lat="38.825499" lon="0.057987">
        <ele>37.399079</ele>
        <time>2026-03-23T09:01:07.024Z</time>
      </trkpt>
      <trkpt lat="38.825577" lon="0.058139">
        <ele>36.887042</ele>
        <time>2026-03-23T09:01:08.348Z</time>
      </trkpt>
      <trkpt lat="38.825921" lon="0.058641">
        <ele>34.857418</ele>
        <time>2026-03-23T09:01:13.220Z</time>
      </trkpt>
      <trkpt lat="38.826137" lon="0.058943">
        <ele>33.612834</ele>
        <time>2026-03-23T09:01:16.248Z</time>
      </trkpt>
      <trkpt lat="38.826461" lon="0.059390">
        <ele>31.759338</ele>
        <time>2026-03-23T09:01:20.942Z</time>
      </trkpt>
      <trkpt lat="38.826599" lon="0.059564">
        <ele>31.005550</ele>
        <time>2026-03-23T09:01:22.962Z</time>
      </trkpt>
      <trkpt lat="38.826939" lon="0.059852">
        <ele>30.150767</ele>
        <time>2026-03-23T09:01:27.435Z</time>
      </trkpt>
      <trkpt lat="38.827469" lon="0.060227">
        <ele>29.906546</ele>
        <time>2026-03-23T09:01:35.001Z</time>
      </trkpt>
      <trkpt lat="38.827571" lon="0.060306">
        <ele>29.858471</ele>
        <time>2026-03-23T09:01:36.756Z</time>
      </trkpt>
      <trkpt lat="38.827619" lon="0.060341">
        <ele>29.836194</ele>
        <time>2026-03-23T09:01:37.618Z</time>
      </trkpt>
      <trkpt lat="38.827909" lon="0.060624">
        <ele>29.689186</ele>
        <time>2026-03-23T09:01:43.664Z</time>
      </trkpt>
      <trkpt lat="38.828335" lon="0.061098">
        <ele>29.486748</ele>
        <time>2026-03-23T09:01:53.886Z</time>
      </trkpt>
      <trkpt lat="38.828474" lon="0.061265">
        <ele>29.450146</ele>
        <time>2026-03-23T09:01:57.315Z</time>
      </trkpt>
      <trkpt lat="38.828718" lon="0.061539">
        <ele>29.387820</ele>
        <time>2026-03-23T09:02:02.993Z</time>
      </trkpt>
      <trkpt lat="38.828753" lon="0.061576">
        <ele>29.379103</ele>
        <time>2026-03-23T09:02:03.771Z</time>
      </trkpt>
      <trkpt lat="38.828942" lon="0.061784">
        <ele>29.331241</ele>
        <time>2026-03-23T09:02:07.833Z</time>
      </trkpt>
      <trkpt lat="38.829032" lon="0.061882">
        <ele>29.308552</ele>
        <time>2026-03-23T09:02:09.613Z</time>
      </trkpt>
      <trkpt lat="38.829172" lon="0.061998">
        <ele>29.276517</ele>
        <time>2026-03-23T09:02:11.980Z</time>
      </trkpt>
      <trkpt lat="38.829706" lon="0.062301">
        <ele>29.164271</ele>
        <time>2026-03-23T09:02:19.167Z</time>
      </trkpt>
      <trkpt lat="38.830336" lon="0.062628">
        <ele>27.585611</ele>
        <time>2026-03-23T09:02:26.403Z</time>
      </trkpt>
      <trkpt lat="38.830538" lon="0.062734">
        <ele>27.076836</ele>
        <time>2026-03-23T09:02:28.682Z</time>
      </trkpt>
      <trkpt lat="38.830985" lon="0.062956">
        <ele>25.959417</ele>
        <time>2026-03-23T09:02:33.658Z</time>
      </trkpt>
      <trkpt lat="38.831296" lon="0.063113">
        <ele>25.180296</ele>
        <time>2026-03-23T09:02:37.136Z</time>
      </trkpt>
      <trkpt lat="38.831611" lon="0.063246">
        <ele>24.587071</ele>
        <time>2026-03-23T09:02:40.636Z</time>
      </trkpt>
      <trkpt lat="38.832400" lon="0.063453">
        <ele>23.309217</ele>
        <time>2026-03-23T09:02:49.651Z</time>
      </trkpt>
      <trkpt lat="38.832651" lon="0.063519">
        <ele>22.902664</ele>
        <time>2026-03-23T09:02:52.700Z</time>
      </trkpt>
      <trkpt lat="38.832902" lon="0.063585">
        <ele>22.496112</ele>
        <time>2026-03-23T09:02:55.838Z</time>
      </trkpt>
      <trkpt lat="38.833259" lon="0.063681">
        <ele>21.970761</ele>
        <time>2026-03-23T09:03:00.473Z</time>
      </trkpt>
      <trkpt lat="38.833526" lon="0.063746">
        <ele>21.655321</ele>
        <time>2026-03-23T09:03:04.059Z</time>
      </trkpt>
      <trkpt lat="38.833555" lon="0.063782">
        <ele>21.608496</ele>
        <time>2026-03-23T09:03:04.577Z</time>
      </trkpt>
      <trkpt lat="38.833686" lon="0.063854">
        <ele>21.443089</ele>
        <time>2026-03-23T09:03:06.352Z</time>
      </trkpt>
      <trkpt lat="38.833787" lon="0.063842">
        <ele>21.325354</ele>
        <time>2026-03-23T09:03:07.579Z</time>
      </trkpt>
      <trkpt lat="38.834050" lon="0.063874">
        <ele>21.018713</ele>
        <time>2026-03-23T09:03:10.817Z</time>
      </trkpt>
      <trkpt lat="38.834340" lon="0.063941">
        <ele>20.676692</ele>
        <time>2026-03-23T09:03:14.391Z</time>
      </trkpt>
      <trkpt lat="38.834374" lon="0.063949">
        <ele>20.636570</ele>
        <time>2026-03-23T09:03:14.810Z</time>
      </trkpt>
      <trkpt lat="38.834439" lon="0.063965">
        <ele>20.559748</ele>
        <time>2026-03-23T09:03:15.583Z</time>
      </trkpt>
      <trkpt lat="38.834547" lon="0.063993">
        <ele>20.431857</ele>
        <time>2026-03-23T09:03:16.861Z</time>
      </trkpt>
      <trkpt lat="38.834839" lon="0.064059">
        <ele>20.087710</ele>
        <time>2026-03-23T09:03:20.194Z</time>
      </trkpt>
      <trkpt lat="38.835070" lon="0.064086">
        <ele>19.875162</ele>
        <time>2026-03-23T09:03:22.766Z</time>
      </trkpt>
      <trkpt lat="38.835260" lon="0.064121">
        <ele>19.712483</ele>
        <time>2026-03-23T09:03:24.899Z</time>
      </trkpt>
      <trkpt lat="38.835406" lon="0.064222">
        <ele>19.571922</ele>
        <time>2026-03-23T09:03:26.735Z</time>
      </trkpt>
      <trkpt lat="38.835437" lon="0.064280">
        <ele>19.525484</ele>
        <time>2026-03-23T09:03:27.350Z</time>
      </trkpt>
      <trkpt lat="38.835530" lon="0.064351">
        <ele>19.433779</ele>
        <time>2026-03-23T09:03:28.564Z</time>
      </trkpt>
      <trkpt lat="38.835650" lon="0.064336">
        <ele>19.331595</ele>
        <time>2026-03-23T09:03:29.921Z</time>
      </trkpt>
      <trkpt lat="38.835737" lon="0.064231">
        <ele>19.230392</ele>
        <time>2026-03-23T09:03:31.325Z</time>
      </trkpt>
      <trkpt lat="38.835828" lon="0.064144">
        <ele>19.134230</ele>
        <time>2026-03-23T09:03:32.715Z</time>
      </trkpt>
      <trkpt lat="38.835992" lon="0.064115">
        <ele>18.993923</ele>
        <time>2026-03-23T09:03:34.845Z</time>
      </trkpt>
      <trkpt lat="38.836307" lon="0.064116">
        <ele>18.726951</ele>
        <time>2026-03-23T09:03:39.164Z</time>
      </trkpt>
      <trkpt lat="38.836370" lon="0.064114">
        <ele>18.673540</ele>
        <time>2026-03-23T09:03:40.095Z</time>
      </trkpt>
      <trkpt lat="38.836912" lon="0.064050">
        <ele>19.047452</ele>
        <time>2026-03-23T09:03:49.687Z</time>
      </trkpt>
      <trkpt lat="38.838428" lon="0.063836">
        <ele>21.405094</ele>
        <time>2026-03-23T09:04:24.656Z</time>
      </trkpt>
      <trkpt lat="38.838502" lon="0.063783">
        <ele>21.481493</ele>
        <time>2026-03-23T09:04:26.572Z</time>
      </trkpt>
      <trkpt lat="38.838603" lon="0.063630">
        <ele>21.622340</ele>
        <time>2026-03-23T09:04:29.972Z</time>
      </trkpt>
      <trkpt lat="38.838681" lon="0.063260">
        <ele>21.891533</ele>
        <time>2026-03-23T09:04:36.047Z</time>
      </trkpt>
      <trkpt lat="38.838700" lon="0.063153">
        <ele>21.968604</ele>
        <time>2026-03-23T09:04:37.641Z</time>
      </trkpt>
      <trkpt lat="38.838757" lon="0.062750">
        <ele>22.256252</ele>
        <time>2026-03-23T09:04:43.151Z</time>
      </trkpt>
      <trkpt lat="38.838791" lon="0.062270">
        <ele>22.594737</ele>
        <time>2026-03-23T09:04:49.428Z</time>
      </trkpt>
      <trkpt lat="38.838859" lon="0.061686">
        <ele>22.918428</ele>
        <time>2026-03-23T09:04:57.190Z</time>
      </trkpt>
      <trkpt lat="38.838933" lon="0.061455">
        <ele>22.751362</ele>
        <time>2026-03-23T09:05:00.202Z</time>
      </trkpt>
      <trkpt lat="38.839036" lon="0.061291">
        <ele>22.610450</ele>
        <time>2026-03-23T09:05:02.600Z</time>
      </trkpt>
      <trkpt lat="38.839160" lon="0.061227">
        <ele>22.495685</ele>
        <time>2026-03-23T09:05:04.462Z</time>
      </trkpt>
      <trkpt lat="38.839662" lon="0.061207">
        <ele>22.064398</ele>
        <time>2026-03-23T09:05:11.041Z</time>
      </trkpt>
      <trkpt lat="38.840740" lon="0.061169">
        <ele>20.399051</ele>
        <time>2026-03-23T09:05:23.302Z</time>
      </trkpt>
      <trkpt lat="38.841889" lon="0.061117">
        <ele>16.804393</ele>
        <time>2026-03-23T09:05:34.740Z</time>
      </trkpt>
      <trkpt lat="38.842138" lon="0.061062">
        <ele>16.014440</ele>
        <time>2026-03-23T09:05:37.238Z</time>
      </trkpt>
      <trkpt lat="38.842762" lon="0.060859">
        <ele>14.432216</ele>
        <time>2026-03-23T09:05:43.651Z</time>
      </trkpt>
      <trkpt lat="38.843873" lon="0.060699">
        <ele>11.775938</ele>
        <time>2026-03-23T09:05:55.646Z</time>
      </trkpt>
      <trkpt lat="38.844322" lon="0.060648">
        <ele>11.555137</ele>
        <time>2026-03-23T09:06:01.602Z</time>
      </trkpt>
      <trkpt lat="38.845580" lon="0.060591">
        <ele>11.679720</ele>
        <time>2026-03-23T09:06:23.564Z</time>
      </trkpt>
      <trkpt lat="38.845988" lon="0.060526">
        <ele>11.518197</ele>
        <time>2026-03-23T09:06:30.233Z</time>
      </trkpt>
      <trkpt lat="38.846052" lon="0.060511">
        <ele>11.463386</ele>
        <time>2026-03-23T09:06:31.187Z</time>
      </trkpt>
      <trkpt lat="38.846655" lon="0.060363">
        <ele>10.946157</ele>
        <time>2026-03-23T09:06:39.301Z</time>
      </trkpt>
      <trkpt lat="38.848856" lon="0.059855">
        <ele>8.111490</ele>
        <time>2026-03-23T09:07:04.947Z</time>
      </trkpt>
      <trkpt lat="38.849791" lon="0.059625">
        <ele>6.899929</ele>
        <time>2026-03-23T09:07:15.758Z</time>
      </trkpt>
      <trkpt lat="38.850483" lon="0.059462">
        <ele>6.197054</ele>
        <time>2026-03-23T09:07:24.230Z</time>
      </trkpt>
      <trkpt lat="38.850644" lon="0.059421">
        <ele>6.033075</ele>
        <time>2026-03-23T09:07:26.342Z</time>
      </trkpt>
      <trkpt lat="38.850625" lon="0.059192">
        <ele>5.853896</ele>
        <time>2026-03-23T09:07:28.697Z</time>
      </trkpt>
      <trkpt lat="38.850573" lon="0.059290">
        <ele>5.761632</ele>
        <time>2026-03-23T09:07:29.929Z</time>
      </trkpt>
      <trkpt lat="38.850483" lon="0.059462">
        <ele>5.600408</ele>
        <time>2026-03-23T09:07:32.128Z</time>
      </trkpt>
      <trkpt lat="38.850644" lon="0.059421">
        <ele>5.578757</ele>
        <time>2026-03-23T09:07:34.409Z</time>
      </trkpt>
      <trkpt lat="38.850625" lon="0.059192">
        <ele>5.568619</ele>
        <time>2026-03-23T09:07:36.967Z</time>
      </trkpt>
      <trkpt lat="38.850618" lon="0.058889">
        <ele>5.555275</ele>
        <time>2026-03-23T09:07:40.470Z</time>
      </trkpt>
      <trkpt lat="38.850785" lon="0.056818">
        <ele>5.573539</ele>
        <time>2026-03-23T09:08:04.858Z</time>
      </trkpt>
      <trkpt lat="38.850798" lon="0.056699">
        <ele>5.594674</ele>
        <time>2026-03-23T09:08:06.317Z</time>
      </trkpt>
      <trkpt lat="38.851052" lon="0.054969">
        <ele>5.905492</ele>
        <time>2026-03-23T09:08:28.169Z</time>
      </trkpt>
      <trkpt lat="38.851084" lon="0.054749">
        <ele>5.948579</ele>
        <time>2026-03-23T09:08:30.937Z</time>
      </trkpt>
      <trkpt lat="38.851226" lon="0.052724">
        <ele>6.340029</ele>
        <time>2026-03-23T09:08:55.937Z</time>
      </trkpt>
      <trkpt lat="38.851341" lon="0.051700">
        <ele>6.539821</ele>
        <time>2026-03-23T09:09:08.852Z</time>
      </trkpt>
      <trkpt lat="38.851366" lon="0.051478">
        <ele>6.583138</ele>
        <time>2026-03-23T09:09:11.625Z</time>
      </trkpt>
      <trkpt lat="38.851488" lon="0.050344">
        <ele>6.802827</ele>
        <time>2026-03-23T09:09:25.600Z</time>
      </trkpt>
      <trkpt lat="38.851648" lon="0.049260">
        <ele>7.002356</ele>
        <time>2026-03-23T09:09:38.931Z</time>
      </trkpt>
      <trkpt lat="38.851692" lon="0.048148">
        <ele>7.198009</ele>
        <time>2026-03-23T09:09:52.863Z</time>
      </trkpt>
      <trkpt lat="38.851708" lon="0.047553">
        <ele>7.132220</ele>
        <time>2026-03-23T09:10:00.151Z</time>
      </trkpt>
      <trkpt lat="38.851694" lon="0.047328">
        <ele>7.107277</ele>
        <time>2026-03-23T09:10:02.855Z</time>
      </trkpt>
      <trkpt lat="38.851681" lon="0.047259">
        <ele>7.099432</ele>
        <time>2026-03-23T09:10:03.705Z</time>
      </trkpt>
      <trkpt lat="38.851737" lon="0.047208">
        <ele>7.089690</ele>
        <time>2026-03-23T09:10:05.100Z</time>
      </trkpt>
      <trkpt lat="38.852114" lon="0.046247">
        <ele>6.970783</ele>
        <time>2026-03-23T09:10:21.417Z</time>
      </trkpt>
      <trkpt lat="38.852160" lon="0.046111">
        <ele>6.954398</ele>
        <time>2026-03-23T09:10:23.539Z</time>
      </trkpt>
      <trkpt lat="38.852325" lon="0.045245">
        <ele>6.235431</ele>
        <time>2026-03-23T09:10:35.802Z</time>
      </trkpt>
      <trkpt lat="38.852671" lon="0.044109">
        <ele>5.161758</ele>
        <time>2026-03-23T09:10:51.674Z</time>
      </trkpt>
      <trkpt lat="38.853107" lon="0.042665">
        <ele>3.986658</ele>
        <time>2026-03-23T09:11:11.501Z</time>
      </trkpt>
      <trkpt lat="38.853423" lon="0.042365">
        <ele>3.617520</ele>
        <time>2026-03-23T09:11:18.554Z</time>
      </trkpt>
      <trkpt lat="38.853316" lon="0.042221">
        <ele>3.471926</ele>
        <time>2026-03-23T09:11:21.508Z</time>
      </trkpt>
      <trkpt lat="38.853192" lon="0.042181">
        <ele>3.351832</ele>
        <time>2026-03-23T09:11:24.008Z</time>
      </trkpt>
      <trkpt lat="38.853142" lon="0.042181">
        <ele>3.304866</ele>
        <time>2026-03-23T09:11:25.023Z</time>
      </trkpt>
      <trkpt lat="38.853026" lon="0.042119">
        <ele>3.235599</ele>
        <time>2026-03-23T09:11:27.560Z</time>
      </trkpt>
      <trkpt lat="38.852712" lon="0.041838">
        <ele>3.367561</ele>
        <time>2026-03-23T09:11:35.626Z</time>
      </trkpt>
      <trkpt lat="38.852736" lon="0.041777">
        <ele>3.385912</ele>
        <time>2026-03-23T09:11:36.457Z</time>
      </trkpt>
      <trkpt lat="38.852727" lon="0.041418">
        <ele>3.482357</ele>
        <time>2026-03-23T09:11:41.098Z</time>
      </trkpt>
      <trkpt lat="38.852831" lon="0.041044">
        <ele>3.588989</ele>
        <time>2026-03-23T09:11:46.444Z</time>
      </trkpt>
      <trkpt lat="38.853339" lon="0.039904">
        <ele>3.976171</ele>
        <time>2026-03-23T09:12:03.526Z</time>
      </trkpt>
      <trkpt lat="38.853499" lon="0.039504">
        <ele>4.139007</ele>
        <time>2026-03-23T09:12:09.253Z</time>
      </trkpt>
      <trkpt lat="38.853857" lon="0.038466">
        <ele>4.550093</ele>
        <time>2026-03-23T09:12:24.434Z</time>
      </trkpt>
      <trkpt lat="38.853953" lon="0.038190">
        <ele>4.659552</ele>
        <time>2026-03-23T09:12:28.411Z</time>
      </trkpt>
      <trkpt lat="38.854140" lon="0.037709">
        <ele>4.592661</ele>
        <time>2026-03-23T09:12:35.143Z</time>
      </trkpt>
      <trkpt lat="38.854245" lon="0.037114">
        <ele>4.483771</ele>
        <time>2026-03-23T09:12:42.207Z</time>
      </trkpt>
      <trkpt lat="38.856515" lon="0.038083">
        <ele>3.317398</ele>
        <time>2026-03-23T09:13:13.046Z</time>
      </trkpt>
      <trkpt lat="38.856833" lon="0.038217">
        <ele>3.097565</ele>
        <time>2026-03-23T09:13:17.319Z</time>
      </trkpt>
      <trkpt lat="38.857343" lon="0.038438">
        <ele>2.964999</ele>
        <time>2026-03-23T09:13:24.294Z</time>
      </trkpt>
      <trkpt lat="38.858081" lon="0.038754">
        <ele>2.784814</ele>
        <time>2026-03-23T09:13:35.340Z</time>
      </trkpt>
      <trkpt lat="38.858135" lon="0.038785">
        <ele>2.771114</ele>
        <time>2026-03-23T09:13:36.225Z</time>
      </trkpt>
      <trkpt lat="38.858114" lon="0.038489">
        <ele>2.717506</ele>
        <time>2026-03-23T09:13:39.801Z</time>
      </trkpt>
      <trkpt lat="38.858029" lon="0.037101">
        <ele>2.622770</ele>
        <time>2026-03-23T09:13:56.317Z</time>
      </trkpt>
      <trkpt lat="38.857931" lon="0.035524">
        <ele>2.562753</ele>
        <time>2026-03-23T09:14:13.643Z</time>
      </trkpt>
      <trkpt lat="38.857940" lon="0.035133">
        <ele>2.551516</ele>
        <time>2026-03-23T09:14:17.954Z</time>
      </trkpt>
      <trkpt lat="38.858057" lon="0.034579">
        <ele>2.535025</ele>
        <time>2026-03-23T09:14:24.483Z</time>
      </trkpt>
      <trkpt lat="38.858353" lon="0.033788">
        <ele>2.509814</ele>
        <time>2026-03-23T09:14:34.860Z</time>
      </trkpt>
      <trkpt lat="38.858988" lon="0.032144">
        <ele>2.880061</ele>
        <time>2026-03-23T09:14:57.080Z</time>
      </trkpt>
      <trkpt lat="38.859095" lon="0.031851">
        <ele>2.948431</ele>
        <time>2026-03-23T09:15:01.309Z</time>
      </trkpt>
      <trkpt lat="38.859401" lon="0.031041">
        <ele>3.160202</ele>
        <time>2026-03-23T09:15:13.384Z</time>
      </trkpt>
      <trkpt lat="38.859899" lon="0.029732">
        <ele>3.514442</ele>
        <time>2026-03-23T09:15:31.682Z</time>
      </trkpt>
      <trkpt lat="38.860022" lon="0.029393">
        <ele>3.575015</ele>
        <time>2026-03-23T09:15:35.967Z</time>
      </trkpt>
      <trkpt lat="38.860358" lon="0.028452">
        <ele>3.667596</ele>
        <time>2026-03-23T09:15:47.682Z</time>
      </trkpt>
      <trkpt lat="38.861013" lon="0.026670">
        <ele>3.809400</ele>
        <time>2026-03-23T09:16:11.904Z</time>
      </trkpt>
      <trkpt lat="38.861263" lon="0.025991">
        <ele>3.847630</ele>
        <time>2026-03-23T09:16:20.944Z</time>
      </trkpt>
      <trkpt lat="38.861513" lon="0.025311">
        <ele>3.839334</ele>
        <time>2026-03-23T09:16:29.534Z</time>
      </trkpt>
      <trkpt lat="38.861606" lon="0.025060">
        <ele>3.704009</ele>
        <time>2026-03-23T09:16:32.496Z</time>
      </trkpt>
      <trkpt lat="38.861765" lon="0.024672">
        <ele>3.490554</ele>
        <time>2026-03-23T09:16:36.881Z</time>
      </trkpt>
      <trkpt lat="38.862014" lon="0.024012">
        <ele>3.133513</ele>
        <time>2026-03-23T09:16:43.842Z</time>
      </trkpt>
      <trkpt lat="38.862111" lon="0.023736">
        <ele>2.986094</ele>
        <time>2026-03-23T09:16:46.704Z</time>
      </trkpt>
      <trkpt lat="38.862359" lon="0.023049">
        <ele>2.858016</ele>
        <time>2026-03-23T09:16:54.179Z</time>
      </trkpt>
      <trkpt lat="38.862425" lon="0.022791">
        <ele>2.953806</ele>
        <time>2026-03-23T09:16:57.396Z</time>
      </trkpt>
      <trkpt lat="38.862458" lon="0.022646">
        <ele>3.007091</ele>
        <time>2026-03-23T09:16:59.279Z</time>
      </trkpt>
      <trkpt lat="38.862476" lon="0.022273">
        <ele>3.138911</ele>
        <time>2026-03-23T09:17:04.424Z</time>
      </trkpt>
      <trkpt lat="38.862446" lon="0.021858">
        <ele>3.285922</ele>
        <time>2026-03-23T09:17:10.422Z</time>
      </trkpt>
      <trkpt lat="38.862439" lon="0.021749">
        <ele>3.324500</ele>
        <time>2026-03-23T09:17:12.059Z</time>
      </trkpt>
      <trkpt lat="38.862424" lon="0.021556">
        <ele>3.392914</ele>
        <time>2026-03-23T09:17:14.857Z</time>
      </trkpt>
      <trkpt lat="38.862414" lon="0.021400">
        <ele>3.448126</ele>
        <time>2026-03-23T09:17:17.092Z</time>
      </trkpt>
      <trkpt lat="38.862365" lon="0.020860">
        <ele>3.633071</ele>
        <time>2026-03-23T09:17:24.932Z</time>
      </trkpt>
      <trkpt lat="38.862348" lon="0.020633">
        <ele>3.705466</ele>
        <time>2026-03-23T09:17:28.261Z</time>
      </trkpt>
      <trkpt lat="38.862313" lon="0.020227">
        <ele>3.835140</ele>
        <time>2026-03-23T09:17:34.044Z</time>
      </trkpt>
      <trkpt lat="38.862284" lon="0.019904">
        <ele>3.938357</ele>
        <time>2026-03-23T09:17:38.215Z</time>
      </trkpt>
      <trkpt lat="38.862235" lon="0.019064">
        <ele>4.205766</ele>
        <time>2026-03-23T09:17:47.815Z</time>
      </trkpt>
      <trkpt lat="38.862211" lon="0.018471">
        <ele>4.321690</ele>
        <time>2026-03-23T09:17:55.056Z</time>
      </trkpt>
      <trkpt lat="38.862193" lon="0.018030">
        <ele>4.347874</ele>
        <time>2026-03-23T09:18:00.587Z</time>
      </trkpt>
      <trkpt lat="38.862174" lon="0.017513">
        <ele>4.378562</ele>
        <time>2026-03-23T09:18:06.957Z</time>
      </trkpt>
      <trkpt lat="38.862155" lon="0.017012">
        <ele>4.408302</ele>
        <time>2026-03-23T09:18:12.740Z</time>
      </trkpt>
      <trkpt lat="38.862138" lon="0.016524">
        <ele>4.437265</ele>
        <time>2026-03-23T09:18:18.200Z</time>
      </trkpt>
      <trkpt lat="38.862173" lon="0.015887">
        <ele>4.323598</ele>
        <time>2026-03-23T09:18:25.200Z</time>
      </trkpt>
      <trkpt lat="38.862266" lon="0.015467">
        <ele>4.231136</ele>
        <time>2026-03-23T09:18:29.904Z</time>
      </trkpt>
      <trkpt lat="38.862346" lon="0.015175">
        <ele>4.165589</ele>
        <time>2026-03-23T09:18:33.294Z</time>
      </trkpt>
      <trkpt lat="38.862411" lon="0.014931">
        <ele>4.110982</ele>
        <time>2026-03-23T09:18:36.067Z</time>
      </trkpt>
      <trkpt lat="38.862430" lon="0.014866">
        <ele>4.096280</ele>
        <time>2026-03-23T09:18:36.807Z</time>
      </trkpt>
      <trkpt lat="38.862490" lon="0.014662">
        <ele>4.050104</ele>
        <time>2026-03-23T09:18:39.077Z</time>
      </trkpt>
      <trkpt lat="38.862513" lon="0.014582">
        <ele>4.032046</ele>
        <time>2026-03-23T09:18:39.952Z</time>
      </trkpt>
      <trkpt lat="38.862639" lon="0.014129">
        <ele>3.943253</ele>
        <time>2026-03-23T09:18:44.927Z</time>
      </trkpt>
      <trkpt lat="38.862721" lon="0.013856">
        <ele>3.917017</ele>
        <time>2026-03-23T09:18:48.108Z</time>
      </trkpt>
      <trkpt lat="38.862811" lon="0.013546">
        <ele>3.887351</ele>
        <time>2026-03-23T09:18:51.810Z</time>
      </trkpt>
      <trkpt lat="38.862894" lon="0.013237">
        <ele>3.858043</ele>
        <time>2026-03-23T09:18:55.455Z</time>
      </trkpt>
      <trkpt lat="38.862935" lon="0.013097">
        <ele>3.844631</ele>
        <time>2026-03-23T09:18:57.162Z</time>
      </trkpt>
      <trkpt lat="38.863037" lon="0.012729">
        <ele>3.809606</ele>
        <time>2026-03-23T09:19:01.702Z</time>
      </trkpt>
      <trkpt lat="38.863109" lon="0.012468">
        <ele>3.784779</ele>
        <time>2026-03-23T09:19:04.947Z</time>
      </trkpt>
      <trkpt lat="38.863197" lon="0.012163">
        <ele>3.755614</ele>
        <time>2026-03-23T09:19:08.713Z</time>
      </trkpt>
      <trkpt lat="38.863307" lon="0.011771">
        <ele>3.650376</ele>
        <time>2026-03-23T09:19:13.600Z</time>
      </trkpt>
      <trkpt lat="38.863378" lon="0.011520">
        <ele>3.567277</ele>
        <time>2026-03-23T09:19:16.598Z</time>
      </trkpt>
      <trkpt lat="38.863454" lon="0.011252">
        <ele>3.478524</ele>
        <time>2026-03-23T09:19:19.631Z</time>
      </trkpt>
      <trkpt lat="38.863606" lon="0.010725">
        <ele>3.303647</ele>
        <time>2026-03-23T09:19:25.348Z</time>
      </trkpt>
      <trkpt lat="38.863703" lon="0.010287">
        <ele>3.161948</ele>
        <time>2026-03-23T09:19:29.916Z</time>
      </trkpt>
      <trkpt lat="38.863769" lon="0.009711">
        <ele>3.006600</ele>
        <time>2026-03-23T09:19:35.817Z</time>
      </trkpt>
      <trkpt lat="38.863829" lon="0.008982">
        <ele>2.906109</ele>
        <time>2026-03-23T09:19:43.600Z</time>
      </trkpt>
      <trkpt lat="38.863903" lon="0.008150">
        <ele>2.791315</ele>
        <time>2026-03-23T09:19:53.376Z</time>
      </trkpt>
      <trkpt lat="38.863971" lon="0.007717">
        <ele>2.730762</ele>
        <time>2026-03-23T09:19:58.531Z</time>
      </trkpt>
      <trkpt lat="38.864076" lon="0.007264">
        <ele>2.711957</ele>
        <time>2026-03-23T09:20:03.919Z</time>
      </trkpt>
      <trkpt lat="38.864529" lon="0.005807">
        <ele>2.720153</ele>
        <time>2026-03-23T09:20:21.361Z</time>
      </trkpt>
      <trkpt lat="38.864783" lon="0.004833">
        <ele>2.784086</ele>
        <time>2026-03-23T09:20:34.057Z</time>
      </trkpt>
      <trkpt lat="38.865002" lon="0.004044">
        <ele>2.868991</ele>
        <time>2026-03-23T09:20:45.194Z</time>
      </trkpt>
      <trkpt lat="38.865181" lon="0.003386">
        <ele>2.939642</ele>
        <time>2026-03-23T09:20:53.215Z</time>
      </trkpt>
      <trkpt lat="38.865268" lon="0.003070">
        <ele>2.891306</ele>
        <time>2026-03-23T09:20:56.768Z</time>
      </trkpt>
      <trkpt lat="38.865457" lon="0.002360">
        <ele>2.601873</ele>
        <time>2026-03-23T09:21:04.361Z</time>
      </trkpt>
      <trkpt lat="38.865538" lon="0.002064">
        <ele>2.480851</ele>
        <time>2026-03-23T09:21:07.414Z</time>
      </trkpt>
      <trkpt lat="38.865790" lon="0.001125">
        <ele>2.097739</ele>
        <time>2026-03-23T09:21:17.202Z</time>
      </trkpt>
      <trkpt lat="38.866339" lon="-0.000927">
        <ele>1.998561</ele>
        <time>2026-03-23T09:21:42.669Z</time>
      </trkpt>
      <trkpt lat="38.866460" lon="-0.001336">
        <ele>1.992259</ele>
        <time>2026-03-23T09:21:47.857Z</time>
      </trkpt>
      <trkpt lat="38.866494" lon="-0.001450">
        <ele>1.992762</ele>
        <time>2026-03-23T09:21:49.284Z</time>
      </trkpt>
      <trkpt lat="38.866593" lon="-0.001786">
        <ele>1.994244</ele>
        <time>2026-03-23T09:21:53.442Z</time>
      </trkpt>
      <trkpt lat="38.866671" lon="-0.002011">
        <ele>1.995260</ele>
        <time>2026-03-23T09:21:56.240Z</time>
      </trkpt>
      <trkpt lat="38.867101" lon="-0.003171">
        <ele>2.000559</ele>
        <time>2026-03-23T09:22:11.042Z</time>
      </trkpt>
      <trkpt lat="38.867444" lon="-0.004110">
        <ele>2.038998</ele>
        <time>2026-03-23T09:22:23.131Z</time>
      </trkpt>
      <trkpt lat="38.867782" lon="-0.005013">
        <ele>2.079045</ele>
        <time>2026-03-23T09:22:35.052Z</time>
      </trkpt>
      <trkpt lat="38.867953" lon="-0.005472">
        <ele>2.097462</ele>
        <time>2026-03-23T09:22:40.931Z</time>
      </trkpt>
      <trkpt lat="38.868057" lon="-0.005823">
        <ele>2.107777</ele>
        <time>2026-03-23T09:22:45.235Z</time>
      </trkpt>
      <trkpt lat="38.868292" lon="-0.006989">
        <ele>2.140857</ele>
        <time>2026-03-23T09:22:59.317Z</time>
      </trkpt>
      <trkpt lat="38.868481" lon="-0.008088">
        <ele>2.218291</ele>
        <time>2026-03-23T09:23:12.133Z</time>
      </trkpt>
      <trkpt lat="38.868680" lon="-0.009258">
        <ele>2.352662</ele>
        <time>2026-03-23T09:23:26.506Z</time>
      </trkpt>
      <trkpt lat="38.868684" lon="-0.009288">
        <ele>2.356077</ele>
        <time>2026-03-23T09:23:26.878Z</time>
      </trkpt>
      <trkpt lat="38.868870" lon="-0.010269">
        <ele>2.503157</ele>
        <time>2026-03-23T09:23:39.602Z</time>
      </trkpt>
      <trkpt lat="38.869170" lon="-0.011349">
        <ele>2.713125</ele>
        <time>2026-03-23T09:23:53.792Z</time>
      </trkpt>
      <trkpt lat="38.869594" lon="-0.012720">
        <ele>2.837234</ele>
        <time>2026-03-23T09:24:11.496Z</time>
      </trkpt>
      <trkpt lat="38.869868" lon="-0.013478">
        <ele>2.835465</ele>
        <time>2026-03-23T09:24:21.199Z</time>
      </trkpt>
      <trkpt lat="38.869923" lon="-0.013606">
        <ele>2.835156</ele>
        <time>2026-03-23T09:24:22.901Z</time>
      </trkpt>
      <trkpt lat="38.870034" lon="-0.013862">
        <ele>2.834536</ele>
        <time>2026-03-23T09:24:26.276Z</time>
      </trkpt>
      <trkpt lat="38.870445" lon="-0.014798">
        <ele>2.534516</ele>
        <time>2026-03-23T09:24:37.544Z</time>
      </trkpt>
      <trkpt lat="38.870860" lon="-0.015755">
        <ele>2.138125</ele>
        <time>2026-03-23T09:24:48.603Z</time>
      </trkpt>
      <trkpt lat="38.871714" lon="-0.017718">
        <ele>1.557756</ele>
        <time>2026-03-23T09:25:12.375Z</time>
      </trkpt>
      <trkpt lat="38.872138" lon="-0.018690">
        <ele>1.652559</ele>
        <time>2026-03-23T09:25:25.325Z</time>
      </trkpt>
      <trkpt lat="38.872251" lon="-0.018946">
        <ele>1.741402</ele>
        <time>2026-03-23T09:25:28.985Z</time>
      </trkpt>
      <trkpt lat="38.872352" lon="-0.019172">
        <ele>1.820072</ele>
        <time>2026-03-23T09:25:32.324Z</time>
      </trkpt>
      <trkpt lat="38.873335" lon="-0.021423">
        <ele>2.486317</ele>
        <time>2026-03-23T09:26:07.151Z</time>
      </trkpt>
      <trkpt lat="38.873701" lon="-0.022249">
        <ele>2.645097</ele>
        <time>2026-03-23T09:26:17.427Z</time>
      </trkpt>
      <trkpt lat="38.873916" lon="-0.022733">
        <ele>2.532544</ele>
        <time>2026-03-23T09:26:23.255Z</time>
      </trkpt>
      <trkpt lat="38.874156" lon="-0.023303">
        <ele>2.401657</ele>
        <time>2026-03-23T09:26:29.988Z</time>
      </trkpt>
      <trkpt lat="38.874267" lon="-0.023546">
        <ele>2.344751</ele>
        <time>2026-03-23T09:26:32.986Z</time>
      </trkpt>
      <trkpt lat="38.874785" lon="-0.024718">
        <ele>2.295192</ele>
        <time>2026-03-23T09:26:48.613Z</time>
      </trkpt>
      <trkpt lat="38.874943" lon="-0.024994">
        <ele>2.342348</ele>
        <time>2026-03-23T09:26:52.738Z</time>
      </trkpt>
      <trkpt lat="38.875445" lon="-0.025728">
        <ele>2.476828</ele>
        <time>2026-03-23T09:27:05.060Z</time>
      </trkpt>
      <trkpt lat="38.875826" lon="-0.026260">
        <ele>2.526516</ele>
        <time>2026-03-23T09:27:14.021Z</time>
      </trkpt>
      <trkpt lat="38.875951" lon="-0.026433">
        <ele>2.528678</ele>
        <time>2026-03-23T09:27:16.807Z</time>
      </trkpt>
      <trkpt lat="38.876053" lon="-0.026579">
        <ele>2.530475</ele>
        <time>2026-03-23T09:27:19.093Z</time>
      </trkpt>
      <trkpt lat="38.876175" lon="-0.026753">
        <ele>2.532620</ele>
        <time>2026-03-23T09:27:21.814Z</time>
      </trkpt>
      <trkpt lat="38.876280" lon="-0.026898">
        <ele>2.534434</ele>
        <time>2026-03-23T09:27:24.136Z</time>
      </trkpt>
      <trkpt lat="38.876444" lon="-0.027125">
        <ele>2.537271</ele>
        <time>2026-03-23T09:27:27.651Z</time>
      </trkpt>
      <trkpt lat="38.876813" lon="-0.027654">
        <ele>2.543778</ele>
        <time>2026-03-23T09:27:35.335Z</time>
      </trkpt>
      <trkpt lat="38.877038" lon="-0.027966">
        <ele>2.573269</ele>
        <time>2026-03-23T09:27:40.082Z</time>
      </trkpt>
      <trkpt lat="38.877093" lon="-0.028045">
        <ele>2.581250</ele>
        <time>2026-03-23T09:27:41.263Z</time>
      </trkpt>
      <trkpt lat="38.877220" lon="-0.028218">
        <ele>2.599156</ele>
        <time>2026-03-23T09:27:43.944Z</time>
      </trkpt>
      <trkpt lat="38.877257" lon="-0.028270">
        <ele>2.604461</ele>
        <time>2026-03-23T09:27:44.750Z</time>
      </trkpt>
      <trkpt lat="38.877352" lon="-0.028398">
        <ele>2.617778</ele>
        <time>2026-03-23T09:27:46.761Z</time>
      </trkpt>
      <trkpt lat="38.877787" lon="-0.028980">
        <ele>2.678534</ele>
        <time>2026-03-23T09:27:56.733Z</time>
      </trkpt>
      <trkpt lat="38.878121" lon="-0.029379">
        <ele>2.725726</ele>
        <time>2026-03-23T09:28:03.988Z</time>
      </trkpt>
      <trkpt lat="38.878290" lon="-0.029584">
        <ele>2.763418</ele>
        <time>2026-03-23T09:28:07.730Z</time>
      </trkpt>
      <trkpt lat="38.878461" lon="-0.029781">
        <ele>2.800665</ele>
        <time>2026-03-23T09:28:11.414Z</time>
      </trkpt>
      <trkpt lat="38.878765" lon="-0.030138">
        <ele>2.867456</ele>
        <time>2026-03-23T09:28:17.924Z</time>
      </trkpt>
      <trkpt lat="38.879244" lon="-0.030701">
        <ele>2.972736</ele>
        <time>2026-03-23T09:28:28.125Z</time>
      </trkpt>
      <trkpt lat="38.879621" lon="-0.031140">
        <ele>2.953669</ele>
        <time>2026-03-23T09:28:35.338Z</time>
      </trkpt>
      <trkpt lat="38.879985" lon="-0.031573">
        <ele>2.854418</ele>
        <time>2026-03-23T09:28:42.190Z</time>
      </trkpt>
      <trkpt lat="38.880325" lon="-0.031984">
        <ele>2.761015</ele>
        <time>2026-03-23T09:28:48.618Z</time>
      </trkpt>
      <trkpt lat="38.880454" lon="-0.032137">
        <ele>2.725889</ele>
        <time>2026-03-23T09:28:51.074Z</time>
      </trkpt>
      <trkpt lat="38.880630" lon="-0.032353">
        <ele>2.677192</ele>
        <time>2026-03-23T09:28:54.505Z</time>
      </trkpt>
      <trkpt lat="38.880812" lon="-0.032570">
        <ele>2.651489</ele>
        <time>2026-03-23T09:28:58.064Z</time>
      </trkpt>
      <trkpt lat="38.880966" lon="-0.032755">
        <ele>2.654416</ele>
        <time>2026-03-23T09:29:01.080Z</time>
      </trkpt>
      <trkpt lat="38.881198" lon="-0.033027">
        <ele>2.658776</ele>
        <time>2026-03-23T09:29:05.871Z</time>
      </trkpt>
      <trkpt lat="38.881362" lon="-0.033221">
        <ele>2.661871</ele>
        <time>2026-03-23T09:29:09.342Z</time>
      </trkpt>
      <trkpt lat="38.881569" lon="-0.033471">
        <ele>2.665815</ele>
        <time>2026-03-23T09:29:13.753Z</time>
      </trkpt>
      <trkpt lat="38.881687" lon="-0.033612">
        <ele>2.668052</ele>
        <time>2026-03-23T09:29:16.238Z</time>
      </trkpt>
      <trkpt lat="38.881830" lon="-0.033782">
        <ele>2.670756</ele>
        <time>2026-03-23T09:29:19.233Z</time>
      </trkpt>
      <trkpt lat="38.881926" lon="-0.033897">
        <ele>2.672578</ele>
        <time>2026-03-23T09:29:21.223Z</time>
      </trkpt>
      <trkpt lat="38.882070" lon="-0.034067">
        <ele>2.672669</ele>
        <time>2026-03-23T09:29:24.098Z</time>
      </trkpt>
      <trkpt lat="38.882248" lon="-0.034280">
        <ele>2.653453</ele>
        <time>2026-03-23T09:29:27.595Z</time>
      </trkpt>
      <trkpt lat="38.882492" lon="-0.034569">
        <ele>2.627235</ele>
        <time>2026-03-23T09:29:32.192Z</time>
      </trkpt>
      <trkpt lat="38.883161" lon="-0.035365">
        <ele>2.555202</ele>
        <time>2026-03-23T09:29:45.098Z</time>
      </trkpt>
      <trkpt lat="38.883498" lon="-0.035765">
        <ele>2.523625</ele>
        <time>2026-03-23T09:29:52.072Z</time>
      </trkpt>
      <trkpt lat="38.883999" lon="-0.036370">
        <ele>2.487602</ele>
        <time>2026-03-23T09:30:02.804Z</time>
      </trkpt>
      <trkpt lat="38.884280" lon="-0.036709">
        <ele>2.467407</ele>
        <time>2026-03-23T09:30:08.666Z</time>
      </trkpt>
      <trkpt lat="38.884413" lon="-0.036916">
        <ele>2.456462</ele>
        <time>2026-03-23T09:30:11.658Z</time>
      </trkpt>
      <trkpt lat="38.884558" lon="-0.037214">
        <ele>2.442130</ele>
        <time>2026-03-23T09:30:15.345Z</time>
      </trkpt>
      <trkpt lat="38.884690" lon="-0.037602">
        <ele>2.368564</ele>
        <time>2026-03-23T09:30:19.705Z</time>
      </trkpt>
      <trkpt lat="38.884704" lon="-0.037631">
        <ele>2.361465</ele>
        <time>2026-03-23T09:30:20.623Z</time>
      </trkpt>
      <trkpt lat="38.884786" lon="-0.037618">
        <ele>2.339381</ele>
        <time>2026-03-23T09:30:23.560Z</time>
      </trkpt>
      <trkpt lat="38.884797" lon="-0.037652">
        <ele>2.331721</ele>
        <time>2026-03-23T09:30:26.656Z</time>
      </trkpt>
      <trkpt lat="38.884938" lon="-0.037627">
        <ele>2.293677</ele>
        <time>2026-03-23T09:30:42.208Z</time>
      </trkpt>
      <trkpt lat="38.884969" lon="-0.037923">
        <ele>2.231538</ele>
        <time>2026-03-23T09:31:07.664Z</time>
      </trkpt>
      <trkpt lat="38.885087" lon="-0.037931">
        <ele>2.199954</ele>
        <time>2026-03-23T09:31:20.592Z</time>
      </trkpt>
      <trkpt lat="38.885106" lon="-0.037964">
        <ele>2.191415</ele>
        <time>2026-03-23T09:31:21.728Z</time>
      </trkpt>
      <trkpt lat="38.885038" lon="-0.037987">
        <ele>2.172620</ele>
        <time>2026-03-23T09:31:24.246Z</time>
      </trkpt>
      <trkpt lat="38.885028" lon="-0.038060">
        <ele>2.157199</ele>
        <time>2026-03-23T09:31:26.271Z</time>
      </trkpt>
      <trkpt lat="38.885169" lon="-0.038144">
        <ele>2.115657</ele>
        <time>2026-03-23T09:31:31.852Z</time>
      </trkpt>
      <trkpt lat="38.885112" lon="-0.038244">
        <ele>2.089870</ele>
        <time>2026-03-23T09:31:35.360Z</time>
      </trkpt>
      <trkpt lat="38.884759" lon="-0.038663">
        <ele>1.961412</ele>
        <time>2026-03-23T09:31:52.993Z</time>
      </trkpt>
      <trkpt lat="38.884407" lon="-0.039081">
        <ele>1.958719</ele>
        <time>2026-03-23T09:32:10.916Z</time>
      </trkpt>
      <trkpt lat="38.884544" lon="-0.039267">
        <ele>1.959094</ele>
        <time>2026-03-23T09:32:18.450Z</time>
      </trkpt>
      <trkpt lat="38.884793" lon="-0.039590">
        <ele>1.959760</ele>
        <time>2026-03-23T09:32:31.705Z</time>
      </trkpt>
      <trkpt lat="38.884665" lon="-0.039844">
        <ele>1.960203</ele>
        <time>2026-03-23T09:32:36.475Z</time>
      </trkpt>
      <trkpt lat="38.884427" lon="-0.040347">
        <ele>1.961066</ele>
        <time>2026-03-23T09:32:45.631Z</time>
      </trkpt>
      <trkpt lat="38.884270" lon="-0.040691">
        <ele>1.939876</ele>
        <time>2026-03-23T09:32:51.778Z</time>
      </trkpt>
      <trkpt lat="38.884196" lon="-0.040841">
        <ele>1.926740</ele>
        <time>2026-03-23T09:32:54.503Z</time>
      </trkpt>
      <trkpt lat="38.884167" lon="-0.040900">
        <ele>1.921578</ele>
        <time>2026-03-23T09:32:55.562Z</time>
      </trkpt>
      <trkpt lat="38.882894" lon="-0.043691">
        <ele>1.686878</ele>
        <time>2026-03-23T09:33:45.694Z</time>
      </trkpt>
      <trkpt lat="38.882017" lon="-0.045734">
        <ele>1.507504</ele>
        <time>2026-03-23T09:34:21.605Z</time>
      </trkpt>
      <trkpt lat="38.882566" lon="-0.046637">
        <ele>1.436582</ele>
        <time>2026-03-23T09:34:39.207Z</time>
      </trkpt>
      <trkpt lat="38.883849" lon="-0.048467">
        <ele>1.504435</ele>
        <time>2026-03-23T09:35:17.761Z</time>
      </trkpt>
      <trkpt lat="38.884013" lon="-0.048706">
        <ele>1.569093</ele>
        <time>2026-03-23T09:35:22.993Z</time>
      </trkpt>
      <trkpt lat="38.884516" lon="-0.049426">
        <ele>1.765426</ele>
        <time>2026-03-23T09:35:39.559Z</time>
      </trkpt>
      <trkpt lat="38.884622" lon="-0.049587">
        <ele>1.808219</ele>
        <time>2026-03-23T09:35:43.189Z</time>
      </trkpt>
      <trkpt lat="38.884803" lon="-0.049852">
        <ele>1.878495</ele>
        <time>2026-03-23T09:35:49.212Z</time>
      </trkpt>
      <trkpt lat="38.884896" lon="-0.049993">
        <ele>1.889476</ele>
        <time>2026-03-23T09:35:52.348Z</time>
      </trkpt>
      <trkpt lat="38.885169" lon="-0.050408">
        <ele>1.921763</ele>
        <time>2026-03-23T09:36:01.368Z</time>
      </trkpt>
      <trkpt lat="38.885613" lon="-0.051083">
        <ele>1.974274</ele>
        <time>2026-03-23T09:36:15.294Z</time>
      </trkpt>
      <trkpt lat="38.886500" lon="-0.052381">
        <ele>1.996174</ele>
        <time>2026-03-23T09:36:41.569Z</time>
      </trkpt>
      <trkpt lat="38.887235" lon="-0.053426">
        <ele>1.949768</ele>
        <time>2026-03-23T09:37:04.248Z</time>
      </trkpt>
      <trkpt lat="38.887673" lon="-0.054094">
        <ele>1.801191</ele>
        <time>2026-03-23T09:37:17.809Z</time>
      </trkpt>
      <trkpt lat="38.888360" lon="-0.055134">
        <ele>1.569121</ele>
        <time>2026-03-23T09:37:37.830Z</time>
      </trkpt>
      <trkpt lat="38.889773" lon="-0.057179">
        <ele>1.167337</ele>
        <time>2026-03-23T09:38:19.314Z</time>
      </trkpt>
      <trkpt lat="38.890368" lon="-0.058075">
        <ele>1.123906</ele>
        <time>2026-03-23T09:38:37.667Z</time>
      </trkpt>
      <trkpt lat="38.891359" lon="-0.059678">
        <ele>1.100024</ele>
        <time>2026-03-23T09:39:09.955Z</time>
      </trkpt>
      <trkpt lat="38.892141" lon="-0.060941">
        <ele>1.100024</ele>
        <time>2026-03-23T09:39:35.427Z</time>
      </trkpt>
      <trkpt lat="38.892905" lon="-0.062343">
        <ele>1.103006</ele>
        <time>2026-03-23T09:40:02.314Z</time>
      </trkpt>
      <trkpt lat="38.893197" lon="-0.062827">
        <ele>1.120729</ele>
        <time>2026-03-23T09:40:11.909Z</time>
      </trkpt>
      <trkpt lat="38.893591" lon="-0.063479">
        <ele>1.144617</ele>
        <time>2026-03-23T09:40:25.110Z</time>
      </trkpt>
      <trkpt lat="38.893674" lon="-0.063570">
        <ele>1.148674</ele>
        <time>2026-03-23T09:40:27.330Z</time>
      </trkpt>
      <trkpt lat="38.893849" lon="-0.063658">
        <ele>1.155662</ele>
        <time>2026-03-23T09:40:31.154Z</time>
      </trkpt>
      <trkpt lat="38.893903" lon="-0.063663">
        <ele>1.157675</ele>
        <time>2026-03-23T09:40:32.243Z</time>
      </trkpt>
      <trkpt lat="38.893919" lon="-0.063667">
        <ele>1.158281</ele>
        <time>2026-03-23T09:40:32.590Z</time>
      </trkpt>
      <trkpt lat="38.894023" lon="-0.063756">
        <ele>1.162927</ele>
        <time>2026-03-23T09:40:35.128Z</time>
      </trkpt>
      <trkpt lat="38.894057" lon="-0.063836">
        <ele>1.165565</ele>
        <time>2026-03-23T09:40:36.565Z</time>
      </trkpt>
      <trkpt lat="38.894053" lon="-0.064015">
        <ele>1.157421</ele>
        <time>2026-03-23T09:40:39.378Z</time>
      </trkpt>
      <trkpt lat="38.894072" lon="-0.064145">
        <ele>1.147978</ele>
        <time>2026-03-23T09:40:41.458Z</time>
      </trkpt>
      <trkpt lat="38.894116" lon="-0.064246">
        <ele>1.139715</ele>
        <time>2026-03-23T09:40:43.268Z</time>
      </trkpt>
      <trkpt lat="38.895613" lon="-0.066422">
        <ele>1.020982</ele>
        <time>2026-03-23T09:41:27.837Z</time>
      </trkpt>
      <trkpt lat="38.896315" lon="-0.067371">
        <ele>1.046595</ele>
        <time>2026-03-23T09:41:48.942Z</time>
      </trkpt>
      <trkpt lat="38.897324" lon="-0.068588">
        <ele>1.328442</ele>
        <time>2026-03-23T09:42:18.671Z</time>
      </trkpt>
      <trkpt lat="38.897765" lon="-0.069168">
        <ele>1.393517</ele>
        <time>2026-03-23T09:42:31.595Z</time>
      </trkpt>
      <trkpt lat="38.898191" lon="-0.069815">
        <ele>1.308855</ele>
        <time>2026-03-23T09:42:44.638Z</time>
      </trkpt>
      <trkpt lat="38.898393" lon="-0.070213">
        <ele>1.261387</ele>
        <time>2026-03-23T09:42:51.684Z</time>
      </trkpt>
      <trkpt lat="38.898544" lon="-0.070529">
        <ele>1.224344</ele>
        <time>2026-03-23T09:42:57.273Z</time>
      </trkpt>
      <trkpt lat="38.898676" lon="-0.070828">
        <ele>1.190003</ele>
        <time>2026-03-23T09:43:02.526Z</time>
      </trkpt>
      <trkpt lat="38.898759" lon="-0.071006">
        <ele>1.194497</ele>
        <time>2026-03-23T09:43:05.717Z</time>
      </trkpt>
      <trkpt lat="38.898785" lon="-0.071039">
        <ele>1.196246</ele>
        <time>2026-03-23T09:43:06.447Z</time>
      </trkpt>
      <trkpt lat="38.898896" lon="-0.071142">
        <ele>1.202800</ele>
        <time>2026-03-23T09:43:09.159Z</time>
      </trkpt>
      <trkpt lat="38.898991" lon="-0.071223">
        <ele>1.208257</ele>
        <time>2026-03-23T09:43:11.416Z</time>
      </trkpt>
      <trkpt lat="38.899248" lon="-0.071618">
        <ele>1.227436</ele>
        <time>2026-03-23T09:43:19.363Z</time>
      </trkpt>
      <trkpt lat="38.899892" lon="-0.072477">
        <ele>1.271867</ele>
        <time>2026-03-23T09:43:38.666Z</time>
      </trkpt>
      <trkpt lat="38.900272" lon="-0.072937">
        <ele>1.446964</ele>
        <time>2026-03-23T09:43:49.881Z</time>
      </trkpt>
      <trkpt lat="38.900745" lon="-0.073606">
        <ele>1.699257</ele>
        <time>2026-03-23T09:44:05.496Z</time>
      </trkpt>
      <trkpt lat="38.901425" lon="-0.074490">
        <ele>1.934690</ele>
        <time>2026-03-23T09:44:26.432Z</time>
      </trkpt>
      <trkpt lat="38.901953" lon="-0.075289">
        <ele>1.971071</ele>
        <time>2026-03-23T09:44:43.189Z</time>
      </trkpt>
      <trkpt lat="38.902721" lon="-0.076586">
        <ele>1.934847</ele>
        <time>2026-03-23T09:45:07.904Z</time>
      </trkpt>
      <trkpt lat="38.903476" lon="-0.077664">
        <ele>1.821663</ele>
        <time>2026-03-23T09:45:30.243Z</time>
      </trkpt>
      <trkpt lat="38.903718" lon="-0.078096">
        <ele>1.842925</ele>
        <time>2026-03-23T09:45:38.615Z</time>
      </trkpt>
      <trkpt lat="38.904037" lon="-0.078562">
        <ele>1.873346</ele>
        <time>2026-03-23T09:45:48.470Z</time>
      </trkpt>
      <trkpt lat="38.904842" lon="-0.079989">
        <ele>2.047437</ele>
        <time>2026-03-23T09:46:16.919Z</time>
      </trkpt>
      <trkpt lat="38.904854" lon="-0.080012">
        <ele>2.053084</ele>
        <time>2026-03-23T09:46:17.373Z</time>
      </trkpt>
      <trkpt lat="38.904962" lon="-0.080216">
        <ele>2.103400</ele>
        <time>2026-03-23T09:46:21.505Z</time>
      </trkpt>
      <trkpt lat="38.904981" lon="-0.080252">
        <ele>2.112270</ele>
        <time>2026-03-23T09:46:22.233Z</time>
      </trkpt>
      <trkpt lat="38.905858" lon="-0.081931">
        <ele>2.461408</ele>
        <time>2026-03-23T09:46:56.113Z</time>
      </trkpt>
      <trkpt lat="38.906000" lon="-0.082198">
        <ele>2.492982</ele>
        <time>2026-03-23T09:47:01.315Z</time>
      </trkpt>
      <trkpt lat="38.906213" lon="-0.082601">
        <ele>2.540544</ele>
        <time>2026-03-23T09:47:09.013Z</time>
      </trkpt>
      <trkpt lat="38.906244" lon="-0.082656">
        <ele>2.547174</ele>
        <time>2026-03-23T09:47:10.092Z</time>
      </trkpt>
      <trkpt lat="38.906423" lon="-0.083011">
        <ele>2.588473</ele>
        <time>2026-03-23T09:47:16.648Z</time>
      </trkpt>
      <trkpt lat="38.906447" lon="-0.083058">
        <ele>2.593961</ele>
        <time>2026-03-23T09:47:17.503Z</time>
      </trkpt>
      <trkpt lat="38.907188" lon="-0.084482">
        <ele>2.759317</ele>
        <time>2026-03-23T09:47:45.111Z</time>
      </trkpt>
      <trkpt lat="38.907353" lon="-0.084896">
        <ele>2.804080</ele>
        <time>2026-03-23T09:47:52.794Z</time>
      </trkpt>
      <trkpt lat="38.907656" lon="-0.085542">
        <ele>2.899745</ele>
        <time>2026-03-23T09:48:05.100Z</time>
      </trkpt>
      <trkpt lat="38.908150" lon="-0.086450">
        <ele>3.103837</ele>
        <time>2026-03-23T09:48:22.738Z</time>
      </trkpt>
      <trkpt lat="38.908322" lon="-0.086891">
        <ele>3.194707</ele>
        <time>2026-03-23T09:48:30.865Z</time>
      </trkpt>
      <trkpt lat="38.908379" lon="-0.087119">
        <ele>3.238821</ele>
        <time>2026-03-23T09:48:34.898Z</time>
      </trkpt>
      <trkpt lat="38.908441" lon="-0.087744">
        <ele>3.469703</ele>
        <time>2026-03-23T09:48:45.791Z</time>
      </trkpt>
      <trkpt lat="38.908470" lon="-0.088308">
        <ele>3.727744</ele>
        <time>2026-03-23T09:48:55.801Z</time>
      </trkpt>
      <trkpt lat="38.908412" lon="-0.089056">
        <ele>4.070917</ele>
        <time>2026-03-23T09:49:09.500Z</time>
      </trkpt>
      <trkpt lat="38.908413" lon="-0.089337">
        <ele>4.199202</ele>
        <time>2026-03-23T09:49:14.516Z</time>
      </trkpt>
      <trkpt lat="38.908424" lon="-0.089424">
        <ele>4.239440</ele>
        <time>2026-03-23T09:49:16.075Z</time>
      </trkpt>
      <trkpt lat="38.908662" lon="-0.090168">
        <ele>4.501606</ele>
        <time>2026-03-23T09:49:29.901Z</time>
      </trkpt>
      <trkpt lat="38.908689" lon="-0.090842">
        <ele>4.691663</ele>
        <time>2026-03-23T09:49:38.210Z</time>
      </trkpt>
      <trkpt lat="38.908647" lon="-0.091163">
        <ele>4.783330</ele>
        <time>2026-03-23T09:49:42.176Z</time>
      </trkpt>
      <trkpt lat="38.908541" lon="-0.091641">
        <ele>4.923299</ele>
        <time>2026-03-23T09:49:48.309Z</time>
      </trkpt>
      <trkpt lat="38.908451" lon="-0.092259">
        <ele>5.140185</ele>
        <time>2026-03-23T09:49:56.253Z</time>
      </trkpt>
      <trkpt lat="38.908443" lon="-0.092660">
        <ele>5.291606</ele>
        <time>2026-03-23T09:50:01.429Z</time>
      </trkpt>
      <trkpt lat="38.908578" lon="-0.093733">
        <ele>5.701908</ele>
        <time>2026-03-23T09:50:15.873Z</time>
      </trkpt>
      <trkpt lat="38.908744" lon="-0.095722">
        <ele>6.524801</ele>
        <time>2026-03-23T09:50:42.087Z</time>
      </trkpt>
      <trkpt lat="38.908765" lon="-0.096082">
        <ele>6.676439</ele>
        <time>2026-03-23T09:50:46.853Z</time>
      </trkpt>
      <trkpt lat="38.908741" lon="-0.096184">
        <ele>6.721199</ele>
        <time>2026-03-23T09:50:48.287Z</time>
      </trkpt>
      <trkpt lat="38.908507" lon="-0.096690">
        <ele>6.932257</ele>
        <time>2026-03-23T09:50:56.240Z</time>
      </trkpt>
      <trkpt lat="38.908140" lon="-0.097213">
        <ele>7.152499</ele>
        <time>2026-03-23T09:51:05.720Z</time>
      </trkpt>
      <trkpt lat="38.907954" lon="-0.097407">
        <ele>7.248774</ele>
        <time>2026-03-23T09:51:09.901Z</time>
      </trkpt>
      <trkpt lat="38.908010" lon="-0.097627">
        <ele>7.321164</ele>
        <time>2026-03-23T09:51:12.942Z</time>
      </trkpt>
      <trkpt lat="38.908143" lon="-0.097836">
        <ele>7.405599</ele>
        <time>2026-03-23T09:51:16.309Z</time>
      </trkpt>
      <trkpt lat="38.908286" lon="-0.097981">
        <ele>7.478805</ele>
        <time>2026-03-23T09:51:18.996Z</time>
      </trkpt>
      <trkpt lat="38.908395" lon="-0.098048">
        <ele>7.527365</ele>
        <time>2026-03-23T09:51:20.732Z</time>
      </trkpt>
      <trkpt lat="38.908571" lon="-0.098131">
        <ele>7.566812</ele>
        <time>2026-03-23T09:51:23.444Z</time>
      </trkpt>
      <trkpt lat="38.908954" lon="-0.098250">
        <ele>7.617996</ele>
        <time>2026-03-23T09:51:29.095Z</time>
      </trkpt>
      <trkpt lat="38.909071" lon="-0.098264">
        <ele>7.633260</ele>
        <time>2026-03-23T09:51:30.812Z</time>
      </trkpt>
      <trkpt lat="38.909180" lon="-0.098215">
        <ele>7.648260</ele>
        <time>2026-03-23T09:51:32.519Z</time>
      </trkpt>
      <trkpt lat="38.909202" lon="-0.098122">
        <ele>7.658085</ele>
        <time>2026-03-23T09:51:33.639Z</time>
      </trkpt>
      <trkpt lat="38.909296" lon="-0.098035">
        <ele>7.673132</ele>
        <time>2026-03-23T09:51:35.371Z</time>
      </trkpt>
      <trkpt lat="38.909398" lon="-0.098050">
        <ele>7.686468</ele>
        <time>2026-03-23T09:51:36.924Z</time>
      </trkpt>
      <trkpt lat="38.909469" lon="-0.098144">
        <ele>7.699709</ele>
        <time>2026-03-23T09:51:38.460Z</time>
      </trkpt>
      <trkpt lat="38.909481" lon="-0.098248">
        <ele>7.710336</ele>
        <time>2026-03-23T09:51:39.700Z</time>
      </trkpt>
      <trkpt lat="38.909421" lon="-0.098381">
        <ele>7.725876</ele>
        <time>2026-03-23T09:51:41.521Z</time>
      </trkpt>
      <trkpt lat="38.909399" lon="-0.098398">
        <ele>7.729210</ele>
        <time>2026-03-23T09:51:41.909Z</time>
      </trkpt>
      <trkpt lat="38.909317" lon="-0.098418">
        <ele>7.740052</ele>
        <time>2026-03-23T09:51:43.202Z</time>
      </trkpt>
      <trkpt lat="38.909227" lon="-0.098578">
        <ele>7.760007</ele>
        <time>2026-03-23T09:51:45.608Z</time>
      </trkpt>
      <trkpt lat="38.908885" lon="-0.099710">
        <ele>8.284229</ele>
        <time>2026-03-23T09:52:02.031Z</time>
      </trkpt>
      <trkpt lat="38.908889" lon="-0.099913">
        <ele>8.387622</ele>
        <time>2026-03-23T09:52:04.903Z</time>
      </trkpt>
      <trkpt lat="38.908929" lon="-0.099993">
        <ele>8.436039</ele>
        <time>2026-03-23T09:52:06.194Z</time>
      </trkpt>
      <trkpt lat="38.908928" lon="-0.100117">
        <ele>8.499178</ele>
        <time>2026-03-23T09:52:07.929Z</time>
      </trkpt>
      <trkpt lat="38.908864" lon="-0.100219">
        <ele>8.565893</ele>
        <time>2026-03-23T09:52:09.723Z</time>
      </trkpt>
      <trkpt lat="38.908825" lon="-0.100241">
        <ele>8.593762</ele>
        <time>2026-03-23T09:52:10.480Z</time>
      </trkpt>
      <trkpt lat="38.908750" lon="-0.100243">
        <ele>8.642847</ele>
        <time>2026-03-23T09:52:11.797Z</time>
      </trkpt>
      <trkpt lat="38.908683" lon="-0.100197">
        <ele>8.692551</ele>
        <time>2026-03-23T09:52:13.153Z</time>
      </trkpt>
      <trkpt lat="38.908636" lon="-0.100087">
        <ele>8.756446</ele>
        <time>2026-03-23T09:52:14.863Z</time>
      </trkpt>
      <trkpt lat="38.908604" lon="-0.100024">
        <ele>8.794752</ele>
        <time>2026-03-23T09:52:15.896Z</time>
      </trkpt>
      <trkpt lat="38.908510" lon="-0.099952">
        <ele>8.866355</ele>
        <time>2026-03-23T09:52:17.819Z</time>
      </trkpt>
      <trkpt lat="38.908404" lon="-0.099947">
        <ele>8.935761</ele>
        <time>2026-03-23T09:52:19.669Z</time>
      </trkpt>
      <trkpt lat="38.908310" lon="-0.099984">
        <ele>9.007687</ele>
        <time>2026-03-23T09:52:21.414Z</time>
      </trkpt>
      <trkpt lat="38.908210" lon="-0.100079">
        <ele>9.104561</ele>
        <time>2026-03-23T09:52:23.590Z</time>
      </trkpt>
      <trkpt lat="38.908114" lon="-0.100270">
        <ele>9.242393</ele>
        <time>2026-03-23T09:52:26.705Z</time>
      </trkpt>
      <trkpt lat="38.908035" lon="-0.101113">
        <ele>9.757094</ele>
        <time>2026-03-23T09:52:38.437Z</time>
      </trkpt>
      <trkpt lat="38.907918" lon="-0.101673">
        <ele>10.108578</ele>
        <time>2026-03-23T09:52:46.620Z</time>
      </trkpt>
      <trkpt lat="38.907832" lon="-0.101962">
        <ele>10.296137</ele>
        <time>2026-03-23T09:52:50.990Z</time>
      </trkpt>
      <trkpt lat="38.907264" lon="-0.103355">
        <ele>11.233750</ele>
        <time>2026-03-23T09:53:13.212Z</time>
      </trkpt>
      <trkpt lat="38.905942" lon="-0.106371">
        <ele>13.125881</ele>
        <time>2026-03-23T09:54:00.483Z</time>
      </trkpt>
      <trkpt lat="38.905885" lon="-0.106570">
        <ele>13.258345</ele>
        <time>2026-03-23T09:54:03.319Z</time>
      </trkpt>
      <trkpt lat="38.905786" lon="-0.107376">
        <ele>13.768066</ele>
        <time>2026-03-23T09:54:14.345Z</time>
      </trkpt>
      <trkpt lat="38.905725" lon="-0.107595">
        <ele>13.913369</ele>
        <time>2026-03-23T09:54:17.646Z</time>
      </trkpt>
      <trkpt lat="38.905607" lon="-0.107755">
        <ele>14.051073</ele>
        <time>2026-03-23T09:54:20.819Z</time>
      </trkpt>
      <trkpt lat="38.905450" lon="-0.107874">
        <ele>14.197392</ele>
        <time>2026-03-23T09:54:24.228Z</time>
      </trkpt>
      <trkpt lat="38.905261" lon="-0.107935">
        <ele>14.353822</ele>
        <time>2026-03-23T09:54:27.919Z</time>
      </trkpt>
      <trkpt lat="38.905029" lon="-0.107959">
        <ele>14.611578</ele>
        <time>2026-03-23T09:54:32.393Z</time>
      </trkpt>
      <trkpt lat="38.905039" lon="-0.108079">
        <ele>14.720225</ele>
        <time>2026-03-23T09:54:34.184Z</time>
      </trkpt>
      <trkpt lat="38.905023" lon="-0.108199">
        <ele>14.829829</ele>
        <time>2026-03-23T09:54:36.003Z</time>
      </trkpt>
      <trkpt lat="38.904980" lon="-0.108308">
        <ele>14.939845</ele>
        <time>2026-03-23T09:54:37.827Z</time>
      </trkpt>
      <trkpt lat="38.904837" lon="-0.108456">
        <ele>15.152258</ele>
        <time>2026-03-23T09:54:41.380Z</time>
      </trkpt>
      <trkpt lat="38.904654" lon="-0.108481">
        <ele>15.365154</ele>
        <time>2026-03-23T09:54:44.955Z</time>
      </trkpt>
      <trkpt lat="38.904647" lon="-0.108623">
        <ele>15.493247</ele>
        <time>2026-03-23T09:54:57.855Z</time>
      </trkpt>
      <trkpt lat="38.904602" lon="-0.109109">
        <ele>15.933856</ele>
        <time>2026-03-23T09:55:42.144Z</time>
      </trkpt>
      <trkpt lat="38.904532" lon="-0.109390">
        <ele>16.199473</ele>
        <time>2026-03-23T09:56:08.868Z</time>
      </trkpt>
      <trkpt lat="38.904422" lon="-0.109759">
        <ele>16.533333</ele>
        <time>2026-03-23T09:56:44.708Z</time>
      </trkpt>
      <trkpt lat="38.904246" lon="-0.110190">
        <ele>16.870142</ele>
        <time>2026-03-23T09:57:28.590Z</time>
      </trkpt>
      <trkpt lat="38.904061" lon="-0.110511">
        <ele>17.146549</ele>
        <time>2026-03-23T09:58:04.113Z</time>
      </trkpt>
      <trkpt lat="38.903866" lon="-0.110787">
        <ele>17.404506</ele>
        <time>2026-03-23T09:58:37.302Z</time>
      </trkpt>
      <trkpt lat="38.903665" lon="-0.111003">
        <ele>17.637499</ele>
        <time>2026-03-23T09:59:07.342Z</time>
      </trkpt>
      <trkpt lat="38.904057" lon="-0.111520">
        <ele>18.120699</ele>
        <time>2026-03-23T10:00:11.529Z</time>
      </trkpt>
      <trkpt lat="38.903584" lon="-0.111981">
        <ele>18.536859</ele>
        <time>2026-03-23T10:01:18.656Z</time>
      </trkpt>
      <trkpt lat="38.903055" lon="-0.111955">
        <ele>18.907964</ele>
        <time>2026-03-23T10:02:18.786Z</time>
      </trkpt>
      <trkpt lat="38.902395" lon="-0.112079">
        <ele>19.409446</ele>
        <time>2026-03-23T10:03:35.087Z</time>
      </trkpt>
      <trkpt lat="38.902398" lon="-0.112099">
        <ele>19.427449</ele>
        <time>2026-03-23T10:03:35.723Z</time>
      </trkpt>
      <trkpt lat="38.902471" lon="-0.114253">
        <ele>21.333112</ele>
        <time>2026-03-23T10:04:08.592Z</time>
      </trkpt>
      <trkpt lat="38.902233" lon="-0.114228">
        <ele>21.574317</ele>
        <time>2026-03-23T10:04:13.384Z</time>
      </trkpt>
      <trkpt lat="38.902165" lon="-0.114221">
        <ele>21.642133</ele>
        <time>2026-03-23T10:04:15.156Z</time>
      </trkpt>
      <trkpt lat="38.901950" lon="-0.114198">
        <ele>21.856605</ele>
        <time>2026-03-23T10:04:20.669Z</time>
      </trkpt>
      <trkpt lat="38.901716" lon="-0.114184">
        <ele>22.089478</ele>
        <time>2026-03-23T10:04:26.715Z</time>
      </trkpt>
      <trkpt lat="38.901248" lon="-0.114157">
        <ele>22.555188</ele>
        <time>2026-03-23T10:04:38.860Z</time>
      </trkpt>
      <trkpt lat="38.901001" lon="-0.114141">
        <ele>22.801044</ele>
        <time>2026-03-23T10:04:44.641Z</time>
      </trkpt>
      <trkpt lat="38.900383" lon="-0.114098">
        <ele>23.064736</ele>
        <time>2026-03-23T10:04:57.531Z</time>
      </trkpt>
      <trkpt lat="38.900231" lon="-0.114072">
        <ele>23.014583</ele>
        <time>2026-03-23T10:05:00.656Z</time>
      </trkpt>
      <trkpt lat="38.900031" lon="-0.113980">
        <ele>22.945104</ele>
        <time>2026-03-23T10:05:04.863Z</time>
      </trkpt>
      <trkpt lat="38.899792" lon="-0.113930">
        <ele>22.865906</ele>
        <time>2026-03-23T10:05:09.258Z</time>
      </trkpt>
      <trkpt lat="38.899502" lon="-0.113913">
        <ele>22.770957</ele>
        <time>2026-03-23T10:05:14.273Z</time>
      </trkpt>
      <trkpt lat="38.899256" lon="-0.113954">
        <ele>22.689825</ele>
        <time>2026-03-23T10:05:18.458Z</time>
      </trkpt>
      <trkpt lat="38.899011" lon="-0.114170">
        <ele>22.592644</ele>
        <time>2026-03-23T10:05:23.702Z</time>
      </trkpt>
      <trkpt lat="38.898833" lon="-0.114316">
        <ele>22.696535</ele>
        <time>2026-03-23T10:05:27.962Z</time>
      </trkpt>
      <trkpt lat="38.898476" lon="-0.114788">
        <ele>23.254979</ele>
        <time>2026-03-23T10:05:39.743Z</time>
      </trkpt>
      <trkpt lat="38.898296" lon="-0.114954">
        <ele>23.496529</ele>
        <time>2026-03-23T10:05:45.141Z</time>
      </trkpt>
      <trkpt lat="38.897988" lon="-0.115161">
        <ele>23.875472</ele>
        <time>2026-03-23T10:05:53.955Z</time>
      </trkpt>
      <trkpt lat="38.897905" lon="-0.115262">
        <ele>24.000098</ele>
        <time>2026-03-23T10:05:57.141Z</time>
      </trkpt>
      <trkpt lat="38.897782" lon="-0.115662">
        <ele>24.365018</ele>
        <time>2026-03-23T10:06:06.784Z</time>
      </trkpt>
      <trkpt lat="38.897599" lon="-0.115991">
        <ele>24.750227</ele>
        <time>2026-03-23T10:06:16.146Z</time>
      </trkpt>
      <trkpt lat="38.897441" lon="-0.116175">
        <ele>25.035960</ele>
        <time>2026-03-23T10:06:22.118Z</time>
      </trkpt>
      <trkpt lat="38.897253" lon="-0.116295">
        <ele>25.317245</ele>
        <time>2026-03-23T10:06:27.533Z</time>
      </trkpt>
      <trkpt lat="38.895690" lon="-0.116461">
        <ele>27.301403</ele>
        <time>2026-03-23T10:07:05.501Z</time>
      </trkpt>
      <trkpt lat="38.895229" lon="-0.116582">
        <ele>27.779093</ele>
        <time>2026-03-23T10:07:17.085Z</time>
      </trkpt>
      <trkpt lat="38.894885" lon="-0.116625">
        <ele>28.129983</ele>
        <time>2026-03-23T10:07:25.557Z</time>
      </trkpt>
      <trkpt lat="38.894588" lon="-0.116633">
        <ele>28.431575</ele>
        <time>2026-03-23T10:07:32.797Z</time>
      </trkpt>
      <trkpt lat="38.893793" lon="-0.116564">
        <ele>29.405424</ele>
        <time>2026-03-23T10:07:52.044Z</time>
      </trkpt>
      <trkpt lat="38.893598" lon="-0.116606">
        <ele>29.675121</ele>
        <time>2026-03-23T10:07:56.815Z</time>
      </trkpt>
      <trkpt lat="38.893432" lon="-0.116687">
        <ele>29.917329</ele>
        <time>2026-03-23T10:08:01.184Z</time>
      </trkpt>
      <trkpt lat="38.892930" lon="-0.117008">
        <ele>30.682187</ele>
        <time>2026-03-23T10:08:15.799Z</time>
      </trkpt>
      <trkpt lat="38.892542" lon="-0.117218">
        <ele>31.277410</ele>
        <time>2026-03-23T10:08:27.518Z</time>
      </trkpt>
      <trkpt lat="38.892064" lon="-0.117306">
        <ele>32.260444</ele>
        <time>2026-03-23T10:08:40.967Z</time>
      </trkpt>
      <trkpt lat="38.891925" lon="-0.117363">
        <ele>32.557479</ele>
        <time>2026-03-23T10:08:45.148Z</time>
      </trkpt>
      <trkpt lat="38.891613" lon="-0.117562">
        <ele>33.266599</ele>
        <time>2026-03-23T10:08:55.360Z</time>
      </trkpt>
      <trkpt lat="38.891371" lon="-0.117730">
        <ele>33.826572</ele>
        <time>2026-03-23T10:09:03.511Z</time>
      </trkpt>
      <trkpt lat="38.890762" lon="-0.118256">
        <ele>35.155226</ele>
        <time>2026-03-23T10:09:24.406Z</time>
      </trkpt>
      <trkpt lat="38.890241" lon="-0.118802">
        <ele>36.015608</ele>
        <time>2026-03-23T10:09:41.746Z</time>
      </trkpt>
      <trkpt lat="38.890118" lon="-0.118956">
        <ele>36.235387</ele>
        <time>2026-03-23T10:09:46.008Z</time>
      </trkpt>
      <trkpt lat="38.889776" lon="-0.119294">
        <ele>36.787544</ele>
        <time>2026-03-23T10:09:56.319Z</time>
      </trkpt>
      <trkpt lat="38.889373" lon="-0.119584">
        <ele>37.363658</ele>
        <time>2026-03-23T10:10:06.939Z</time>
      </trkpt>
      <trkpt lat="38.888818" lon="-0.119841">
        <ele>38.062451</ele>
        <time>2026-03-23T10:10:20.557Z</time>
      </trkpt>
      <trkpt lat="38.888083" lon="-0.120077">
        <ele>38.959833</ele>
        <time>2026-03-23T10:10:39.722Z</time>
      </trkpt>
      <trkpt lat="38.887895" lon="-0.120225">
        <ele>39.221000</ele>
        <time>2026-03-23T10:10:45.717Z</time>
      </trkpt>
      <trkpt lat="38.887415" lon="-0.120721">
        <ele>40.430827</ele>
        <time>2026-03-23T10:11:03.322Z</time>
      </trkpt>
      <trkpt lat="38.886828" lon="-0.121466">
        <ele>42.138167</ele>
        <time>2026-03-23T10:11:27.569Z</time>
      </trkpt>
      <trkpt lat="38.886475" lon="-0.121806">
        <ele>43.045965</ele>
        <time>2026-03-23T10:11:40.317Z</time>
      </trkpt>
      <trkpt lat="38.885812" lon="-0.122398">
        <ele>44.323168</ele>
        <time>2026-03-23T10:12:02.077Z</time>
      </trkpt>
      <trkpt lat="38.885505" lon="-0.122673">
        <ele>44.915190</ele>
        <time>2026-03-23T10:12:11.398Z</time>
      </trkpt>
      <trkpt lat="38.885371" lon="-0.122824">
        <ele>45.197147</ele>
        <time>2026-03-23T10:12:15.868Z</time>
      </trkpt>
      <trkpt lat="38.885264" lon="-0.123011">
        <ele>45.482919</ele>
        <time>2026-03-23T10:12:20.511Z</time>
      </trkpt>
      <trkpt lat="38.884984" lon="-0.123786">
        <ele>46.631695</ele>
        <time>2026-03-23T10:12:38.103Z</time>
      </trkpt>
      <trkpt lat="38.884795" lon="-0.124240">
        <ele>47.358494</ele>
        <time>2026-03-23T10:12:49.041Z</time>
      </trkpt>
      <trkpt lat="38.884667" lon="-0.124433">
        <ele>47.716428</ele>
        <time>2026-03-23T10:12:54.501Z</time>
      </trkpt>
      <trkpt lat="38.884523" lon="-0.124613">
        <ele>48.080800</ele>
        <time>2026-03-23T10:13:00.166Z</time>
      </trkpt>
      <trkpt lat="38.884070" lon="-0.124996">
        <ele>49.064287</ele>
        <time>2026-03-23T10:13:15.669Z</time>
      </trkpt>
      <trkpt lat="38.883966" lon="-0.125111">
        <ele>49.270226</ele>
        <time>2026-03-23T10:13:19.509Z</time>
      </trkpt>
      <trkpt lat="38.883611" lon="-0.125682">
        <ele>50.051212</ele>
        <time>2026-03-23T10:13:34.996Z</time>
      </trkpt>
      <trkpt lat="38.883377" lon="-0.126088">
        <ele>50.591103</ele>
        <time>2026-03-23T10:13:45.294Z</time>
      </trkpt>
      <trkpt lat="38.883035" lon="-0.126850">
        <ele>51.531138</ele>
        <time>2026-03-23T10:14:02.241Z</time>
      </trkpt>
      <trkpt lat="38.882168" lon="-0.128644">
        <ele>52.618873</ele>
        <time>2026-03-23T10:14:38.822Z</time>
      </trkpt>
      <trkpt lat="38.882011" lon="-0.128843">
        <ele>52.770639</ele>
        <time>2026-03-23T10:14:43.506Z</time>
      </trkpt>
      <trkpt lat="38.881440" lon="-0.129384">
        <ele>53.931241</ele>
        <time>2026-03-23T10:15:00.616Z</time>
      </trkpt>
      <trkpt lat="38.881132" lon="-0.129738">
        <ele>54.607285</ele>
        <time>2026-03-23T10:15:12.107Z</time>
      </trkpt>
      <trkpt lat="38.880853" lon="-0.129934">
        <ele>55.127458</ele>
        <time>2026-03-23T10:15:21.366Z</time>
      </trkpt>
      <trkpt lat="38.880345" lon="-0.130408">
        <ele>56.256102</ele>
        <time>2026-03-23T10:15:40.626Z</time>
      </trkpt>
      <trkpt lat="38.880251" lon="-0.130502">
        <ele>56.493998</ele>
        <time>2026-03-23T10:15:44.274Z</time>
      </trkpt>
      <trkpt lat="38.879650" lon="-0.131187">
        <ele>58.098542</ele>
        <time>2026-03-23T10:16:07.552Z</time>
      </trkpt>
      <trkpt lat="38.879339" lon="-0.131665">
        <ele>59.067022</ele>
        <time>2026-03-23T10:16:20.177Z</time>
      </trkpt>
      <trkpt lat="38.879040" lon="-0.132124">
        <ele>59.734607</ele>
        <time>2026-03-23T10:16:31.914Z</time>
      </trkpt>
      <trkpt lat="38.878353" lon="-0.133064">
        <ele>60.998007</ele>
        <time>2026-03-23T10:16:57.041Z</time>
      </trkpt>
      <trkpt lat="38.877691" lon="-0.133848">
        <ele>62.278025</ele>
        <time>2026-03-23T10:17:19.858Z</time>
      </trkpt>
      <trkpt lat="38.877455" lon="-0.134384">
        <ele>63.033760</ele>
        <time>2026-03-23T10:17:32.330Z</time>
      </trkpt>
      <trkpt lat="38.877424" lon="-0.134459">
        <ele>63.137974</ele>
        <time>2026-03-23T10:17:34.070Z</time>
      </trkpt>
      <trkpt lat="38.877132" lon="-0.135559">
        <ele>64.599445</ele>
        <time>2026-03-23T10:17:58.845Z</time>
      </trkpt>
      <trkpt lat="38.876967" lon="-0.136087">
        <ele>65.435335</ele>
        <time>2026-03-23T10:18:11.233Z</time>
      </trkpt>
      <trkpt lat="38.876914" lon="-0.136447">
        <ele>65.973613</ele>
        <time>2026-03-23T10:18:19.414Z</time>
      </trkpt>
      <trkpt lat="38.876917" lon="-0.137163">
        <ele>67.025560</ele>
        <time>2026-03-23T10:18:35.431Z</time>
      </trkpt>
      <trkpt lat="38.876727" lon="-0.137720">
        <ele>67.850381</ele>
        <time>2026-03-23T10:18:48.424Z</time>
      </trkpt>
      <trkpt lat="38.876604" lon="-0.138042">
        <ele>68.116537</ele>
        <time>2026-03-23T10:18:55.605Z</time>
      </trkpt>
      <trkpt lat="38.876403" lon="-0.138466">
        <ele>68.484912</ele>
        <time>2026-03-23T10:19:05.024Z</time>
      </trkpt>
      <trkpt lat="38.876102" lon="-0.139536">
        <ele>69.329163</ele>
        <time>2026-03-23T10:19:25.166Z</time>
      </trkpt>
      <trkpt lat="38.875997" lon="-0.139769">
        <ele>69.515032</ele>
        <time>2026-03-23T10:19:29.891Z</time>
      </trkpt>
      <trkpt lat="38.875814" lon="-0.140059">
        <ele>69.679202</ele>
        <time>2026-03-23T10:19:36.506Z</time>
      </trkpt>
      <trkpt lat="38.875699" lon="-0.140419">
        <ele>69.850331</ele>
        <time>2026-03-23T10:19:43.299Z</time>
      </trkpt>
      <trkpt lat="38.875561" lon="-0.141178">
        <ele>70.193105</ele>
        <time>2026-03-23T10:19:57.174Z</time>
      </trkpt>
      <trkpt lat="38.875539" lon="-0.141465">
        <ele>70.319932</ele>
        <time>2026-03-23T10:20:02.439Z</time>
      </trkpt>
      <trkpt lat="38.875558" lon="-0.141656">
        <ele>70.404613</ele>
        <time>2026-03-23T10:20:05.738Z</time>
      </trkpt>
      <trkpt lat="38.875618" lon="-0.142426">
        <ele>70.708837</ele>
        <time>2026-03-23T10:20:18.641Z</time>
      </trkpt>
      <trkpt lat="38.875645" lon="-0.142773">
        <ele>70.838551</ele>
        <time>2026-03-23T10:20:23.972Z</time>
      </trkpt>
      <trkpt lat="38.875666" lon="-0.143049">
        <ele>70.941703</ele>
        <time>2026-03-23T10:20:28.238Z</time>
      </trkpt>
      <trkpt lat="38.875703" lon="-0.143533">
        <ele>71.122599</ele>
        <time>2026-03-23T10:20:36.146Z</time>
      </trkpt>
      <trkpt lat="38.875735" lon="-0.143664">
        <ele>71.173668</ele>
        <time>2026-03-23T10:20:38.480Z</time>
      </trkpt>
      <trkpt lat="38.875793" lon="-0.143774">
        <ele>71.223085</ele>
        <time>2026-03-23T10:20:40.807Z</time>
      </trkpt>
      <trkpt lat="38.875969" lon="-0.144021">
        <ele>71.347634</ele>
        <time>2026-03-23T10:20:45.577Z</time>
      </trkpt>
      <trkpt lat="38.876031" lon="-0.144171">
        <ele>71.603611</ele>
        <time>2026-03-23T10:20:48.169Z</time>
      </trkpt>
      <trkpt lat="38.876050" lon="-0.144593">
        <ele>72.507709</ele>
        <time>2026-03-23T10:20:55.569Z</time>
      </trkpt>
      <trkpt lat="38.876027" lon="-0.144794">
        <ele>72.942235</ele>
        <time>2026-03-23T10:20:59.482Z</time>
      </trkpt>
      <trkpt lat="38.875913" lon="-0.145213">
        <ele>73.891562</ele>
        <time>2026-03-23T10:21:08.582Z</time>
      </trkpt>
      <trkpt lat="38.876567" lon="-0.145421">
        <ele>75.742595</ele>
        <time>2026-03-23T10:21:31.988Z</time>
      </trkpt>
      <trkpt lat="38.876762" lon="-0.145984">
        <ele>77.067378</ele>
        <time>2026-03-23T10:21:48.774Z</time>
      </trkpt>
      <trkpt lat="38.877176" lon="-0.146947">
        <ele>79.441696</ele>
        <time>2026-03-23T10:22:15.993Z</time>
      </trkpt>
      <trkpt lat="38.877186" lon="-0.147212">
        <ele>80.014319</ele>
        <time>2026-03-23T10:22:22.077Z</time>
      </trkpt>
      <trkpt lat="38.877167" lon="-0.147526">
        <ele>80.694072</ele>
        <time>2026-03-23T10:22:29.057Z</time>
      </trkpt>
      <trkpt lat="38.877088" lon="-0.148065">
        <ele>82.298696</ele>
        <time>2026-03-23T10:22:40.500Z</time>
      </trkpt>
      <trkpt lat="38.877030" lon="-0.148422">
        <ele>83.657445</ele>
        <time>2026-03-23T10:22:48.223Z</time>
      </trkpt>
      <trkpt lat="38.876829" lon="-0.149109">
        <ele>86.391835</ele>
        <time>2026-03-23T10:23:08.940Z</time>
      </trkpt>
      <trkpt lat="38.876798" lon="-0.149323">
        <ele>87.202835</ele>
        <time>2026-03-23T10:23:16.215Z</time>
      </trkpt>
      <trkpt lat="38.876765" lon="-0.149548">
        <ele>88.055880</ele>
        <time>2026-03-23T10:23:24.391Z</time>
      </trkpt>
      <trkpt lat="38.876762" lon="-0.150101">
        <ele>90.258762</ele>
        <time>2026-03-23T10:23:46.179Z</time>
      </trkpt>
      <trkpt lat="38.876798" lon="-0.150443">
        <ele>92.417302</ele>
        <time>2026-03-23T10:24:01.348Z</time>
      </trkpt>
      <trkpt lat="38.876938" lon="-0.150940">
        <ele>95.723075</ele>
        <time>2026-03-23T10:24:26.523Z</time>
      </trkpt>
      <trkpt lat="38.876993" lon="-0.151615">
        <ele>99.967985</ele>
        <time>2026-03-23T10:24:59.013Z</time>
      </trkpt>
      <trkpt lat="38.877084" lon="-0.152746">
        <ele>105.218940</ele>
        <time>2026-03-23T10:25:36.908Z</time>
      </trkpt>
      <trkpt lat="38.877065" lon="-0.152877">
        <ele>105.482795</ele>
        <time>2026-03-23T10:25:40.329Z</time>
      </trkpt>
      <trkpt lat="38.876893" lon="-0.153125">
        <ele>106.140467</ele>
        <time>2026-03-23T10:25:47.863Z</time>
      </trkpt>
      <trkpt lat="38.876737" lon="-0.153349">
        <ele>106.735588</ele>
        <time>2026-03-23T10:25:53.955Z</time>
      </trkpt>
      <trkpt lat="38.876624" lon="-0.153416">
        <ele>107.052143</ele>
        <time>2026-03-23T10:25:57.044Z</time>
      </trkpt>
      <trkpt lat="38.876595" lon="-0.153432">
        <ele>107.132421</ele>
        <time>2026-03-23T10:25:57.756Z</time>
      </trkpt>
      <trkpt lat="38.876171" lon="-0.154462">
        <ele>109.486265</ele>
        <time>2026-03-23T10:26:18.529Z</time>
      </trkpt>
      <trkpt lat="38.875882" lon="-0.155758">
        <ele>112.401557</ele>
        <time>2026-03-23T10:26:51.888Z</time>
      </trkpt>
      <trkpt lat="38.875820" lon="-0.156185">
        <ele>113.340865</ele>
        <time>2026-03-23T10:27:03.952Z</time>
      </trkpt>
      <trkpt lat="38.875599" lon="-0.157855">
        <ele>117.813181</ele>
        <time>2026-03-23T10:27:50.761Z</time>
      </trkpt>
      <trkpt lat="38.874967" lon="-0.160244">
        <ele>123.930313</ele>
        <time>2026-03-23T10:28:54.891Z</time>
      </trkpt>
      <trkpt lat="38.874879" lon="-0.160918">
        <ele>125.477866</ele>
        <time>2026-03-23T10:29:10.549Z</time>
      </trkpt>
      <trkpt lat="38.874958" lon="-0.161189">
        <ele>126.291446</ele>
        <time>2026-03-23T10:29:17.000Z</time>
      </trkpt>
      <trkpt lat="38.874973" lon="-0.161347">
        <ele>126.738954</ele>
        <time>2026-03-23T10:29:20.593Z</time>
      </trkpt>
      <trkpt lat="38.874926" lon="-0.162609">
        <ele>130.291125</ele>
        <time>2026-03-23T10:29:54.082Z</time>
      </trkpt>
      <trkpt lat="38.874921" lon="-0.163166">
        <ele>131.857235</ele>
        <time>2026-03-23T10:30:11.454Z</time>
      </trkpt>
      <trkpt lat="38.874893" lon="-0.163434">
        <ele>132.566733</ele>
        <time>2026-03-23T10:30:20.026Z</time>
      </trkpt>
      <trkpt lat="38.874783" lon="-0.164065">
        <ele>134.246512</ele>
        <time>2026-03-23T10:30:40.358Z</time>
      </trkpt>
      <trkpt lat="38.874766" lon="-0.164309">
        <ele>134.882900</ele>
        <time>2026-03-23T10:30:47.570Z</time>
      </trkpt>
      <trkpt lat="38.874754" lon="-0.165186">
        <ele>137.161490</ele>
        <time>2026-03-23T10:31:09.177Z</time>
      </trkpt>
      <trkpt lat="38.874768" lon="-0.165467">
        <ele>137.892955</ele>
        <time>2026-03-23T10:31:14.409Z</time>
      </trkpt>
      <trkpt lat="38.874925" lon="-0.166079">
        <ele>138.932527</ele>
        <time>2026-03-23T10:31:24.827Z</time>
      </trkpt>
      <trkpt lat="38.874904" lon="-0.166280">
        <ele>139.252439</ele>
        <time>2026-03-23T10:31:28.431Z</time>
      </trkpt>
      <trkpt lat="38.874839" lon="-0.166489">
        <ele>139.607462</ele>
        <time>2026-03-23T10:31:32.674Z</time>
      </trkpt>
      <trkpt lat="38.874823" lon="-0.166685">
        <ele>139.918340</ele>
        <time>2026-03-23T10:31:36.623Z</time>
      </trkpt>
      <trkpt lat="38.874797" lon="-0.167077">
        <ele>140.538945</ele>
        <time>2026-03-23T10:31:45.692Z</time>
      </trkpt>
      <trkpt lat="38.874826" lon="-0.167326">
        <ele>140.936105</ele>
        <time>2026-03-23T10:31:51.995Z</time>
      </trkpt>
      <trkpt lat="38.875117" lon="-0.168363">
        <ele>143.912077</ele>
        <time>2026-03-23T10:32:22.666Z</time>
      </trkpt>
      <trkpt lat="38.875295" lon="-0.169224">
        <ele>146.928976</ele>
        <time>2026-03-23T10:32:50.235Z</time>
      </trkpt>
      <trkpt lat="38.875339" lon="-0.169518">
        <ele>147.942859</ele>
        <time>2026-03-23T10:32:59.384Z</time>
      </trkpt>
      <trkpt lat="38.875379" lon="-0.169703">
        <ele>148.593088</ele>
        <time>2026-03-23T10:33:05.162Z</time>
      </trkpt>
      <trkpt lat="38.875436" lon="-0.169830">
        <ele>149.089536</ele>
        <time>2026-03-23T10:33:09.324Z</time>
      </trkpt>
      <trkpt lat="38.875549" lon="-0.170117">
        <ele>150.138492</ele>
        <time>2026-03-23T10:33:19.345Z</time>
      </trkpt>
      <trkpt lat="38.875559" lon="-0.170202">
        <ele>150.414177</ele>
        <time>2026-03-23T10:33:21.746Z</time>
      </trkpt>
      <trkpt lat="38.875568" lon="-0.170305">
        <ele>150.746566</ele>
        <time>2026-03-23T10:33:25.001Z</time>
      </trkpt>
      <trkpt lat="38.875582" lon="-0.170473">
        <ele>151.288409</ele>
        <time>2026-03-23T10:33:29.717Z</time>
      </trkpt>
      <trkpt lat="38.875609" lon="-0.170945">
        <ele>152.806164</ele>
        <time>2026-03-23T10:33:40.988Z</time>
      </trkpt>
      <trkpt lat="38.875612" lon="-0.171010">
        <ele>153.014981</ele>
        <time>2026-03-23T10:33:42.467Z</time>
      </trkpt>
      <trkpt lat="38.875543" lon="-0.171137">
        <ele>153.511637</ele>
        <time>2026-03-23T10:33:46.330Z</time>
      </trkpt>
      <trkpt lat="38.875518" lon="-0.171199">
        <ele>153.735554</ele>
        <time>2026-03-23T10:33:48.090Z</time>
      </trkpt>
      <trkpt lat="38.875457" lon="-0.171447">
        <ele>154.569627</ele>
        <time>2026-03-23T10:33:54.855Z</time>
      </trkpt>
      <trkpt lat="38.875324" lon="-0.171459">
        <ele>155.118847</ele>
        <time>2026-03-23T10:33:59.704Z</time>
      </trkpt>
      <trkpt lat="38.875124" lon="-0.171455">
        <ele>155.942812</ele>
        <time>2026-03-23T10:34:07.914Z</time>
      </trkpt>
      <trkpt lat="38.875028" lon="-0.171449">
        <ele>156.338735</ele>
        <time>2026-03-23T10:34:11.850Z</time>
      </trkpt>
      <trkpt lat="38.874877" lon="-0.171450">
        <ele>157.078361</ele>
        <time>2026-03-23T10:34:18.360Z</time>
      </trkpt>
      <trkpt lat="38.874729" lon="-0.171563">
        <ele>158.423623</ele>
        <time>2026-03-23T10:34:25.519Z</time>
      </trkpt>
      <trkpt lat="38.874392" lon="-0.171629">
        <ele>161.087196</ele>
        <time>2026-03-23T10:34:40.845Z</time>
      </trkpt>
      <trkpt lat="38.874263" lon="-0.171723">
        <ele>162.246030</ele>
        <time>2026-03-23T10:34:47.516Z</time>
      </trkpt>
      <trkpt lat="38.874129" lon="-0.171876">
        <ele>163.646895</ele>
        <time>2026-03-23T10:34:56.320Z</time>
      </trkpt>
      <trkpt lat="38.873910" lon="-0.172082">
        <ele>165.767814</ele>
        <time>2026-03-23T10:35:11.605Z</time>
      </trkpt>
      <trkpt lat="38.873787" lon="-0.172146">
        <ele>166.804731</ele>
        <time>2026-03-23T10:35:20.044Z</time>
      </trkpt>
      <trkpt lat="38.873646" lon="-0.172209">
        <ele>167.971183</ele>
        <time>2026-03-23T10:35:29.855Z</time>
      </trkpt>
      <trkpt lat="38.873574" lon="-0.172214">
        <ele>168.534575</ele>
        <time>2026-03-23T10:35:34.871Z</time>
      </trkpt>
      <trkpt lat="38.873348" lon="-0.172101">
        <ele>170.429493</ele>
        <time>2026-03-23T10:35:50.776Z</time>
      </trkpt>
      <trkpt lat="38.873238" lon="-0.172044">
        <ele>171.045573</ele>
        <time>2026-03-23T10:35:57.187Z</time>
      </trkpt>
      <trkpt lat="38.873181" lon="-0.172069">
        <ele>171.207045</ele>
        <time>2026-03-23T10:36:00.442Z</time>
      </trkpt>
      <trkpt lat="38.873151" lon="-0.172142">
        <ele>171.379331</ele>
        <time>2026-03-23T10:36:03.419Z</time>
      </trkpt>
      <trkpt lat="38.873139" lon="-0.172604">
        <ele>172.344129</ele>
        <time>2026-03-23T10:36:18.276Z</time>
      </trkpt>
      <trkpt lat="38.873202" lon="-0.173031">
        <ele>173.251202</ele>
        <time>2026-03-23T10:36:29.537Z</time>
      </trkpt>
      <trkpt lat="38.873148" lon="-0.173299">
        <ele>173.828987</ele>
        <time>2026-03-23T10:36:34.302Z</time>
      </trkpt>
      <trkpt lat="38.873033" lon="-0.173516">
        <ele>174.376870</ele>
        <time>2026-03-23T10:36:37.649Z</time>
      </trkpt>
      <trkpt lat="38.872854" lon="-0.173689">
        <ele>174.977416</ele>
        <time>2026-03-23T10:36:40.386Z</time>
      </trkpt>
      <trkpt lat="38.872647" lon="-0.173785">
        <ele>175.567418</ele>
        <time>2026-03-23T10:36:42.664Z</time>
      </trkpt>
      <trkpt lat="38.872093" lon="-0.173923">
        <ele>171.946784</ele>
        <time>2026-03-23T10:36:47.852Z</time>
      </trkpt>
      <trkpt lat="38.871935" lon="-0.173988">
        <ele>170.731138</ele>
        <time>2026-03-23T10:36:49.329Z</time>
      </trkpt>
      <trkpt lat="38.871702" lon="-0.174131">
        <ele>168.838991</ele>
        <time>2026-03-23T10:36:51.600Z</time>
      </trkpt>
      <trkpt lat="38.870834" lon="-0.174913">
        <ele>160.747735</ele>
        <time>2026-03-23T10:37:00.876Z</time>
      </trkpt>
      <trkpt lat="38.870437" lon="-0.175233">
        <ele>156.552358</ele>
        <time>2026-03-23T10:37:04.883Z</time>
      </trkpt>
      <trkpt lat="38.870306" lon="-0.175278">
        <ele>155.338554</ele>
        <time>2026-03-23T10:37:06.049Z</time>
      </trkpt>
      <trkpt lat="38.870179" lon="-0.175274">
        <ele>154.201424</ele>
        <time>2026-03-23T10:37:07.139Z</time>
      </trkpt>
      <trkpt lat="38.869846" lon="-0.175154">
        <ele>151.105619</ele>
        <time>2026-03-23T10:37:10.136Z</time>
      </trkpt>
      <trkpt lat="38.869682" lon="-0.175046">
        <ele>149.455935</ele>
        <time>2026-03-23T10:37:11.756Z</time>
      </trkpt>
      <trkpt lat="38.869489" lon="-0.174918">
        <ele>147.511660</ele>
        <time>2026-03-23T10:37:13.674Z</time>
      </trkpt>
      <trkpt lat="38.868953" lon="-0.174565">
        <ele>143.919312</ele>
        <time>2026-03-23T10:37:19.095Z</time>
      </trkpt>
      <trkpt lat="38.868186" lon="-0.174127">
        <ele>139.545362</ele>
        <time>2026-03-23T10:37:27.182Z</time>
      </trkpt>
      <trkpt lat="38.867143" lon="-0.173637">
        <ele>135.959004</ele>
        <time>2026-03-23T10:37:37.906Z</time>
      </trkpt>
      <trkpt lat="38.867036" lon="-0.173520">
        <ele>135.715749</ele>
        <time>2026-03-23T10:37:39.314Z</time>
      </trkpt>
      <trkpt lat="38.866711" lon="-0.173037">
        <ele>134.855356</ele>
        <time>2026-03-23T10:37:44.773Z</time>
      </trkpt>
      <trkpt lat="38.866606" lon="-0.172923">
        <ele>134.617357</ele>
        <time>2026-03-23T10:37:46.605Z</time>
      </trkpt>
      <trkpt lat="38.866452" lon="-0.172812">
        <ele>134.311668</ele>
        <time>2026-03-23T10:37:49.475Z</time>
      </trkpt>
      <trkpt lat="38.866237" lon="-0.172723">
        <ele>134.004166</ele>
        <time>2026-03-23T10:37:54.207Z</time>
      </trkpt>
      <trkpt lat="38.866166" lon="-0.172694">
        <ele>134.424564</ele>
        <time>2026-03-23T10:37:55.990Z</time>
      </trkpt>
      <trkpt lat="38.865659" lon="-0.172475">
        <ele>137.442844</ele>
        <time>2026-03-23T10:38:12.370Z</time>
      </trkpt>
      <trkpt lat="38.865352" lon="-0.172277">
        <ele>139.381286</ele>
        <time>2026-03-23T10:38:25.554Z</time>
      </trkpt>
      <trkpt lat="38.864078" lon="-0.171283">
        <ele>150.426415</ele>
        <time>2026-03-23T10:39:34.909Z</time>
      </trkpt>
      <trkpt lat="38.863364" lon="-0.170923">
        <ele>157.832949</ele>
        <time>2026-03-23T10:40:17.518Z</time>
      </trkpt>
      <trkpt lat="38.862125" lon="-0.170140">
        <ele>170.277930</ele>
        <time>2026-03-23T10:41:42.432Z</time>
      </trkpt>
      <trkpt lat="38.862079" lon="-0.170110">
        <ele>170.730500</ele>
        <time>2026-03-23T10:41:45.095Z</time>
      </trkpt>
      <trkpt lat="38.861919" lon="-0.170028">
        <ele>172.241681</ele>
        <time>2026-03-23T10:41:53.812Z</time>
      </trkpt>
      <trkpt lat="38.861794" lon="-0.170019">
        <ele>173.339926</ele>
        <time>2026-03-23T10:41:59.697Z</time>
      </trkpt>
      <trkpt lat="38.861385" lon="-0.170168">
        <ele>177.069310</ele>
        <time>2026-03-23T10:42:16.016Z</time>
      </trkpt>
      <trkpt lat="38.860783" lon="-0.170398">
        <ele>176.794380</ele>
        <time>2026-03-23T10:42:27.929Z</time>
      </trkpt>
      <trkpt lat="38.860460" lon="-0.170505">
        <ele>176.553254</ele>
        <time>2026-03-23T10:42:31.309Z</time>
      </trkpt>
      <trkpt lat="38.860275" lon="-0.170524">
        <ele>176.419098</ele>
        <time>2026-03-23T10:42:33.271Z</time>
      </trkpt>
      <trkpt lat="38.860103" lon="-0.170505">
        <ele>176.294307</ele>
        <time>2026-03-23T10:42:35.100Z</time>
      </trkpt>
      <trkpt lat="38.859923" lon="-0.170451">
        <ele>176.160690</ele>
        <time>2026-03-23T10:42:37.026Z</time>
      </trkpt>
      <trkpt lat="38.859781" lon="-0.170376">
        <ele>176.049702</ele>
        <time>2026-03-23T10:42:38.641Z</time>
      </trkpt>
      <trkpt lat="38.859531" lon="-0.170150">
        <ele>175.446422</ele>
        <time>2026-03-23T10:42:41.852Z</time>
      </trkpt>
      <trkpt lat="38.859429" lon="-0.170032">
        <ele>174.988919</ele>
        <time>2026-03-23T10:42:43.319Z</time>
      </trkpt>
      <trkpt lat="38.859346" lon="-0.169883">
        <ele>174.513513</ele>
        <time>2026-03-23T10:42:44.860Z</time>
      </trkpt>
      <trkpt lat="38.858827" lon="-0.168517">
        <ele>170.569274</ele>
        <time>2026-03-23T10:42:57.426Z</time>
      </trkpt>
      <trkpt lat="38.858494" lon="-0.167873">
        <ele>166.550671</ele>
        <time>2026-03-23T10:43:02.838Z</time>
      </trkpt>
      <trkpt lat="38.858063" lon="-0.167352">
        <ele>161.695972</ele>
        <time>2026-03-23T10:43:08.011Z</time>
      </trkpt>
      <trkpt lat="38.857773" lon="-0.167071">
        <ele>158.716342</ele>
        <time>2026-03-23T10:43:11.144Z</time>
      </trkpt>
      <trkpt lat="38.857492" lon="-0.166953">
        <ele>156.291552</ele>
        <time>2026-03-23T10:43:13.681Z</time>
      </trkpt>
      <trkpt lat="38.856612" lon="-0.166735">
        <ele>150.316276</ele>
        <time>2026-03-23T10:43:21.536Z</time>
      </trkpt>
      <trkpt lat="38.856472" lon="-0.166675">
        <ele>149.372253</ele>
        <time>2026-03-23T10:43:22.861Z</time>
      </trkpt>
      <trkpt lat="38.856309" lon="-0.166531">
        <ele>148.106781</ele>
        <time>2026-03-23T10:43:24.677Z</time>
      </trkpt>
      <trkpt lat="38.855950" lon="-0.166089">
        <ele>144.925657</ele>
        <time>2026-03-23T10:43:29.381Z</time>
      </trkpt>
      <trkpt lat="38.855845" lon="-0.166002">
        <ele>144.126387</ele>
        <time>2026-03-23T10:43:30.626Z</time>
      </trkpt>
      <trkpt lat="38.855722" lon="-0.165940">
        <ele>143.593754</ele>
        <time>2026-03-23T10:43:31.962Z</time>
      </trkpt>
      <trkpt lat="38.855458" lon="-0.165874">
        <ele>143.208387</ele>
        <time>2026-03-23T10:43:34.894Z</time>
      </trkpt>
      <trkpt lat="38.853474" lon="-0.165790">
        <ele>142.041395</ele>
        <time>2026-03-23T10:43:59.508Z</time>
      </trkpt>
      <trkpt lat="38.853285" lon="-0.165867">
        <ele>142.398882</ele>
        <time>2026-03-23T10:44:03.049Z</time>
      </trkpt>
      <trkpt lat="38.853056" lon="-0.166101">
        <ele>142.926515</ele>
        <time>2026-03-23T10:44:08.817Z</time>
      </trkpt>
      <trkpt lat="38.852862" lon="-0.166241">
        <ele>143.327728</ele>
        <time>2026-03-23T10:44:13.932Z</time>
      </trkpt>
      <trkpt lat="38.852707" lon="-0.166262">
        <ele>143.608729</ele>
        <time>2026-03-23T10:44:17.626Z</time>
      </trkpt>
      <trkpt lat="38.852544" lon="-0.166219">
        <ele>143.908740</ele>
        <time>2026-03-23T10:44:21.572Z</time>
      </trkpt>
      <trkpt lat="38.852440" lon="-0.166137">
        <ele>144.128767</ele>
        <time>2026-03-23T10:44:25.131Z</time>
      </trkpt>
      <trkpt lat="38.852334" lon="-0.165977">
        <ele>144.696568</ele>
        <time>2026-03-23T10:44:31.276Z</time>
      </trkpt>
      <trkpt lat="38.852284" lon="-0.165853">
        <ele>145.614723</ele>
        <time>2026-03-23T10:44:35.674Z</time>
      </trkpt>
      <trkpt lat="38.852206" lon="-0.165688">
        <ele>146.883898</ele>
        <time>2026-03-23T10:44:42.376Z</time>
      </trkpt>
      <trkpt lat="38.852034" lon="-0.165486">
        <ele>148.851944</ele>
        <time>2026-03-23T10:44:53.848Z</time>
      </trkpt>
      <trkpt lat="38.851921" lon="-0.165702">
        <ele>150.562936</ele>
        <time>2026-03-23T10:45:04.391Z</time>
      </trkpt>
      <trkpt lat="38.851841" lon="-0.165826">
        <ele>151.621730</ele>
        <time>2026-03-23T10:45:11.376Z</time>
      </trkpt>
      <trkpt lat="38.851710" lon="-0.166002">
        <ele>153.222565</ele>
        <time>2026-03-23T10:45:22.248Z</time>
      </trkpt>
      <trkpt lat="38.851637" lon="-0.166060">
        <ele>153.947373</ele>
        <time>2026-03-23T10:45:27.320Z</time>
      </trkpt>
      <trkpt lat="38.850724" lon="-0.166493">
        <ele>160.231516</ele>
        <time>2026-03-23T10:46:20.200Z</time>
      </trkpt>
      <trkpt lat="38.850355" lon="-0.166703">
        <ele>161.132956</ele>
        <time>2026-03-23T10:46:34.689Z</time>
      </trkpt>
      <trkpt lat="38.850287" lon="-0.166779">
        <ele>161.334298</ele>
        <time>2026-03-23T10:46:37.080Z</time>
      </trkpt>
      <trkpt lat="38.849979" lon="-0.167590">
        <ele>162.903694</ele>
        <time>2026-03-23T10:46:46.380Z</time>
      </trkpt>
      <trkpt lat="38.849790" lon="-0.168517">
        <ele>162.405569</ele>
        <time>2026-03-23T10:46:53.689Z</time>
      </trkpt>
      <trkpt lat="38.849782" lon="-0.168934">
        <ele>161.587039</ele>
        <time>2026-03-23T10:46:56.794Z</time>
      </trkpt>
      <trkpt lat="38.849916" lon="-0.170546">
        <ele>160.274519</ele>
        <time>2026-03-23T10:47:10.391Z</time>
      </trkpt>
      <trkpt lat="38.849880" lon="-0.170877">
        <ele>161.610292</ele>
        <time>2026-03-23T10:47:16.669Z</time>
      </trkpt>
      <trkpt lat="38.849742" lon="-0.171239">
        <ele>163.221166</ele>
        <time>2026-03-23T10:47:27.159Z</time>
      </trkpt>
      <trkpt lat="38.849582" lon="-0.171523">
        <ele>164.622121</ele>
        <time>2026-03-23T10:47:38.852Z</time>
      </trkpt>
      <trkpt lat="38.849450" lon="-0.171651">
        <ele>165.471022</ele>
        <time>2026-03-23T10:47:46.954Z</time>
      </trkpt>
      <trkpt lat="38.848630" lon="-0.172141">
        <ele>169.240162</ele>
        <time>2026-03-23T10:48:35.232Z</time>
      </trkpt>
      <trkpt lat="38.848403" lon="-0.172347">
        <ele>169.997816</ele>
        <time>2026-03-23T10:48:47.646Z</time>
      </trkpt>
      <trkpt lat="38.848351" lon="-0.172450">
        <ele>170.258381</ele>
        <time>2026-03-23T10:48:51.355Z</time>
      </trkpt>
      <trkpt lat="38.848316" lon="-0.172576">
        <ele>170.542354</ele>
        <time>2026-03-23T10:48:55.093Z</time>
      </trkpt>
      <trkpt lat="38.848314" lon="-0.172707">
        <ele>170.820489</ele>
        <time>2026-03-23T10:48:58.417Z</time>
      </trkpt>
      <trkpt lat="38.848615" lon="-0.176159">
        <ele>168.468296</ele>
        <time>2026-03-23T10:49:26.564Z</time>
      </trkpt>
      <trkpt lat="38.848616" lon="-0.176312">
        <ele>168.488385</ele>
        <time>2026-03-23T10:49:27.835Z</time>
      </trkpt>
      <trkpt lat="38.848577" lon="-0.176451">
        <ele>168.507783</ele>
        <time>2026-03-23T10:49:29.105Z</time>
      </trkpt>
      <trkpt lat="38.848443" lon="-0.176575">
        <ele>168.535629</ele>
        <time>2026-03-23T10:49:30.998Z</time>
      </trkpt>
      <trkpt lat="38.848162" lon="-0.176668">
        <ele>168.584550</ele>
        <time>2026-03-23T10:49:34.633Z</time>
      </trkpt>
      <trkpt lat="38.847706" lon="-0.176782">
        <ele>168.662869</ele>
        <time>2026-03-23T10:49:42.166Z</time>
      </trkpt>
      <trkpt lat="38.847590" lon="-0.176771">
        <ele>168.682478</ele>
        <time>2026-03-23T10:49:44.450Z</time>
      </trkpt>
      <trkpt lat="38.846578" lon="-0.176393">
        <ele>171.172042</ele>
        <time>2026-03-23T10:50:11.044Z</time>
      </trkpt>
      <trkpt lat="38.846397" lon="-0.176276">
        <ele>172.019397</ele>
        <time>2026-03-23T10:50:17.268Z</time>
      </trkpt>
      <trkpt lat="38.845886" lon="-0.175864">
        <ele>174.542491</ele>
        <time>2026-03-23T10:50:37.630Z</time>
      </trkpt>
      <trkpt lat="38.845696" lon="-0.175799">
        <ele>175.364694</ele>
        <time>2026-03-23T10:50:44.845Z</time>
      </trkpt>
      <trkpt lat="38.845465" lon="-0.175838">
        <ele>176.343865</ele>
        <time>2026-03-23T10:50:53.814Z</time>
      </trkpt>
      <trkpt lat="38.845239" lon="-0.175944">
        <ele>177.440334</ele>
        <time>2026-03-23T10:51:03.442Z</time>
      </trkpt>
      <trkpt lat="38.845132" lon="-0.176049">
        <ele>178.054050</ele>
        <time>2026-03-23T10:51:08.904Z</time>
      </trkpt>
      <trkpt lat="38.845035" lon="-0.176242">
        <ele>178.869301</ele>
        <time>2026-03-23T10:51:16.151Z</time>
      </trkpt>
      <trkpt lat="38.844611" lon="-0.177399">
        <ele>183.407686</ele>
        <time>2026-03-23T10:51:46.368Z</time>
      </trkpt>
      <trkpt lat="38.844604" lon="-0.177511">
        <ele>183.806485</ele>
        <time>2026-03-23T10:51:48.952Z</time>
      </trkpt>
      <trkpt lat="38.844675" lon="-0.177675">
        <ele>184.472449</ele>
        <time>2026-03-23T10:51:53.087Z</time>
      </trkpt>
      <trkpt lat="38.844752" lon="-0.177748">
        <ele>184.986065</ele>
        <time>2026-03-23T10:51:55.643Z</time>
      </trkpt>
      <trkpt lat="38.844987" lon="-0.178049">
        <ele>186.772411</ele>
        <time>2026-03-23T10:52:05.146Z</time>
      </trkpt>
      <trkpt lat="38.845539" lon="-0.179049">
        <ele>191.909741</ele>
        <time>2026-03-23T10:52:39.355Z</time>
      </trkpt>
      <trkpt lat="38.845606" lon="-0.179234">
        <ele>192.764874</ele>
        <time>2026-03-23T10:52:47.286Z</time>
      </trkpt>
      <trkpt lat="38.845621" lon="-0.179571">
        <ele>194.173969</ele>
        <time>2026-03-23T10:53:01.381Z</time>
      </trkpt>
      <trkpt lat="38.845474" lon="-0.181159">
        <ele>198.922066</ele>
        <time>2026-03-23T10:53:46.998Z</time>
      </trkpt>
      <trkpt lat="38.845497" lon="-0.181373">
        <ele>199.563472</ele>
        <time>2026-03-23T10:53:49.347Z</time>
      </trkpt>
      <trkpt lat="38.845689" lon="-0.182160">
        <ele>200.892103</ele>
        <time>2026-03-23T10:53:57.949Z</time>
      </trkpt>
      <trkpt lat="38.845662" lon="-0.182358">
        <ele>200.817257</ele>
        <time>2026-03-23T10:53:59.779Z</time>
      </trkpt>
      <trkpt lat="38.845601" lon="-0.182457">
        <ele>200.770254</ele>
        <time>2026-03-23T10:54:00.906Z</time>
      </trkpt>
      <trkpt lat="38.845492" lon="-0.182540">
        <ele>200.709669</ele>
        <time>2026-03-23T10:54:02.263Z</time>
      </trkpt>
      <trkpt lat="38.845246" lon="-0.182610">
        <ele>200.589208</ele>
        <time>2026-03-23T10:54:05.240Z</time>
      </trkpt>
      <trkpt lat="38.845161" lon="-0.182661">
        <ele>200.544353</ele>
        <time>2026-03-23T10:54:06.467Z</time>
      </trkpt>
      <trkpt lat="38.845087" lon="-0.182754">
        <ele>200.494849</ele>
        <time>2026-03-23T10:54:07.932Z</time>
      </trkpt>
      <trkpt lat="38.845022" lon="-0.182929">
        <ele>200.422657</ele>
        <time>2026-03-23T10:54:10.299Z</time>
      </trkpt>
      <trkpt lat="38.844881" lon="-0.183799">
        <ele>200.013795</ele>
        <time>2026-03-23T10:54:23.278Z</time>
      </trkpt>
      <trkpt lat="38.844767" lon="-0.185360">
        <ele>198.732251</ele>
        <time>2026-03-23T10:54:35.848Z</time>
      </trkpt>
      <trkpt lat="38.844674" lon="-0.185694">
        <ele>198.442320</ele>
        <time>2026-03-23T10:54:38.990Z</time>
      </trkpt>
      <trkpt lat="38.844404" lon="-0.186189">
        <ele>200.210104</ele>
        <time>2026-03-23T10:54:49.819Z</time>
      </trkpt>
      <trkpt lat="38.844289" lon="-0.186267">
        <ele>201.035330</ele>
        <time>2026-03-23T10:54:54.306Z</time>
      </trkpt>
      <trkpt lat="38.844138" lon="-0.186255">
        <ele>201.995253</ele>
        <time>2026-03-23T10:55:00.399Z</time>
      </trkpt>
      <trkpt lat="38.843289" lon="-0.185838">
        <ele>207.762838</ele>
        <time>2026-03-23T10:55:47.638Z</time>
      </trkpt>
      <trkpt lat="38.843190" lon="-0.185837">
        <ele>208.391009</ele>
        <time>2026-03-23T10:55:52.804Z</time>
      </trkpt>
      <trkpt lat="38.843088" lon="-0.185876">
        <ele>209.066283</ele>
        <time>2026-03-23T10:55:58.217Z</time>
      </trkpt>
      <trkpt lat="38.842952" lon="-0.185980">
        <ele>209.833970</ele>
        <time>2026-03-23T10:56:05.825Z</time>
      </trkpt>
      <trkpt lat="38.842796" lon="-0.186224">
        <ele>210.444744</ele>
        <time>2026-03-23T10:56:15.947Z</time>
      </trkpt>
      <trkpt lat="38.842644" lon="-0.186682">
        <ele>211.407979</ele>
        <time>2026-03-23T10:56:27.549Z</time>
      </trkpt>
      <trkpt lat="38.842481" lon="-0.188237">
        <ele>214.314025</ele>
        <time>2026-03-23T10:56:45.536Z</time>
      </trkpt>
      <trkpt lat="38.842434" lon="-0.188479">
        <ele>214.583686</ele>
        <time>2026-03-23T10:56:48.449Z</time>
      </trkpt>
      <trkpt lat="38.842389" lon="-0.188579">
        <ele>214.708554</ele>
        <time>2026-03-23T10:56:49.817Z</time>
      </trkpt>
      <trkpt lat="38.842320" lon="-0.188646">
        <ele>214.828645</ele>
        <time>2026-03-23T10:56:51.263Z</time>
      </trkpt>
      <trkpt lat="38.842051" lon="-0.188793">
        <ele>215.234475</ele>
        <time>2026-03-23T10:56:56.664Z</time>
      </trkpt>
      <trkpt lat="38.841916" lon="-0.188767">
        <ele>215.423972</ele>
        <time>2026-03-23T10:56:59.651Z</time>
      </trkpt>
      <trkpt lat="38.841862" lon="-0.188726">
        <ele>215.511059</ele>
        <time>2026-03-23T10:57:01.126Z</time>
      </trkpt>
      <trkpt lat="38.841814" lon="-0.188637">
        <ele>215.628104</ele>
        <time>2026-03-23T10:57:03.197Z</time>
      </trkpt>
      <trkpt lat="38.841805" lon="-0.188470">
        <ele>215.809097</ele>
        <time>2026-03-23T10:57:06.590Z</time>
      </trkpt>
      <trkpt lat="38.841847" lon="-0.188175">
        <ele>216.133337</ele>
        <time>2026-03-23T10:57:13.036Z</time>
      </trkpt>
      <trkpt lat="38.841865" lon="-0.187818">
        <ele>216.520135</ele>
        <time>2026-03-23T10:57:20.026Z</time>
      </trkpt>
      <trkpt lat="38.841808" lon="-0.187639">
        <ele>216.725896</ele>
        <time>2026-03-23T10:57:23.350Z</time>
      </trkpt>
      <trkpt lat="38.841735" lon="-0.187514">
        <ele>216.888028</ele>
        <time>2026-03-23T10:57:25.792Z</time>
      </trkpt>
      <trkpt lat="38.841630" lon="-0.187419">
        <ele>217.059172</ele>
        <time>2026-03-23T10:57:28.235Z</time>
      </trkpt>
      <trkpt lat="38.841353" lon="-0.187330">
        <ele>217.439616</ele>
        <time>2026-03-23T10:57:33.544Z</time>
      </trkpt>
      <trkpt lat="38.841107" lon="-0.187423">
        <ele>217.781289</ele>
        <time>2026-03-23T10:57:38.495Z</time>
      </trkpt>
      <trkpt lat="38.840972" lon="-0.187547">
        <ele>218.002448</ele>
        <time>2026-03-23T10:57:41.825Z</time>
      </trkpt>
      <trkpt lat="38.840840" lon="-0.187755">
        <ele>218.280878</ele>
        <time>2026-03-23T10:57:45.926Z</time>
      </trkpt>
      <trkpt lat="38.840594" lon="-0.188325">
        <ele>218.957137</ele>
        <time>2026-03-23T10:57:55.307Z</time>
      </trkpt>
      <trkpt lat="38.840530" lon="-0.188406">
        <ele>219.115716</ele>
        <time>2026-03-23T10:57:56.884Z</time>
      </trkpt>
      <trkpt lat="38.840470" lon="-0.188437">
        <ele>219.300555</ele>
        <time>2026-03-23T10:57:58.041Z</time>
      </trkpt>
      <trkpt lat="38.840255" lon="-0.188438">
        <ele>219.915010</ele>
        <time>2026-03-23T10:58:02.000Z</time>
      </trkpt>
      <trkpt lat="38.840082" lon="-0.188389">
        <ele>220.421318</ele>
        <time>2026-03-23T10:58:05.569Z</time>
      </trkpt>
      <trkpt lat="38.838971" lon="-0.187795">
        <ele>223.860780</ele>
        <time>2026-03-23T10:58:42.551Z</time>
      </trkpt>
      <trkpt lat="38.838872" lon="-0.187786">
        <ele>224.144422</ele>
        <time>2026-03-23T10:58:45.552Z</time>
      </trkpt>
      <trkpt lat="38.838795" lon="-0.187812">
        <ele>224.220325</ele>
        <time>2026-03-23T10:58:47.794Z</time>
      </trkpt>
      <trkpt lat="38.838460" lon="-0.188078">
        <ele>224.441186</ele>
        <time>2026-03-23T10:58:57.386Z</time>
      </trkpt>
      <trkpt lat="38.838364" lon="-0.188220">
        <ele>224.523306</ele>
        <time>2026-03-23T10:59:00.212Z</time>
      </trkpt>
      <trkpt lat="38.838127" lon="-0.188978">
        <ele>224.880036</ele>
        <time>2026-03-23T10:59:10.105Z</time>
      </trkpt>
      <trkpt lat="38.838025" lon="-0.189194">
        <ele>224.990356</ele>
        <time>2026-03-23T10:59:12.435Z</time>
      </trkpt>
      <trkpt lat="38.837969" lon="-0.189268">
        <ele>225.035417</ele>
        <time>2026-03-23T10:59:13.360Z</time>
      </trkpt>
      <trkpt lat="38.837756" lon="-0.189438">
        <ele>225.176046</ele>
        <time>2026-03-23T10:59:16.085Z</time>
      </trkpt>
      <trkpt lat="38.837431" lon="-0.189626">
        <ele>225.458053</ele>
        <time>2026-03-23T10:59:20.164Z</time>
      </trkpt>
      <trkpt lat="38.837237" lon="-0.189634">
        <ele>225.615442</ele>
        <time>2026-03-23T10:59:22.672Z</time>
      </trkpt>
      <trkpt lat="38.836914" lon="-0.189572">
        <ele>225.880263</ele>
        <time>2026-03-23T10:59:27.819Z</time>
      </trkpt>
      <trkpt lat="38.836399" lon="-0.189211">
        <ele>226.356054</ele>
        <time>2026-03-23T10:59:41.325Z</time>
      </trkpt>
      <trkpt lat="38.836331" lon="-0.189173">
        <ele>226.416190</ele>
        <time>2026-03-23T10:59:43.304Z</time>
      </trkpt>
      <trkpt lat="38.836209" lon="-0.189171">
        <ele>226.515124</ele>
        <time>2026-03-23T10:59:46.615Z</time>
      </trkpt>
      <trkpt lat="38.836103" lon="-0.189236">
        <ele>226.610377</ele>
        <time>2026-03-23T10:59:49.817Z</time>
      </trkpt>
      <trkpt lat="38.835950" lon="-0.189399">
        <ele>226.877901</ele>
        <time>2026-03-23T10:59:55.386Z</time>
      </trkpt>
      <trkpt lat="38.835904" lon="-0.189490">
        <ele>227.006468</ele>
        <time>2026-03-23T10:59:57.429Z</time>
      </trkpt>
      <trkpt lat="38.835606" lon="-0.190422">
        <ele>228.200458</ele>
        <time>2026-03-23T11:00:12.644Z</time>
      </trkpt>
      <trkpt lat="38.835602" lon="-0.190538">
        <ele>228.338069</ele>
        <time>2026-03-23T11:00:14.432Z</time>
      </trkpt>
      <trkpt lat="38.835628" lon="-0.190666">
        <ele>228.494841</ele>
        <time>2026-03-23T11:00:16.391Z</time>
      </trkpt>
      <trkpt lat="38.835822" lon="-0.190982">
        <ele>228.971682</ele>
        <time>2026-03-23T11:00:22.572Z</time>
      </trkpt>
      <trkpt lat="38.835901" lon="-0.191106">
        <ele>229.161533</ele>
        <time>2026-03-23T11:00:24.942Z</time>
      </trkpt>
      <trkpt lat="38.835994" lon="-0.191307">
        <ele>229.458757</ele>
        <time>2026-03-23T11:00:28.378Z</time>
      </trkpt>
      <trkpt lat="38.836002" lon="-0.191420">
        <ele>229.645621</ele>
        <time>2026-03-23T11:00:30.029Z</time>
      </trkpt>
      <trkpt lat="38.835967" lon="-0.191572">
        <ele>229.906655</ele>
        <time>2026-03-23T11:00:32.269Z</time>
      </trkpt>
      <trkpt lat="38.835218" lon="-0.192927">
        <ele>232.642974</ele>
        <time>2026-03-23T11:01:01.707Z</time>
      </trkpt>
      <trkpt lat="38.834582" lon="-0.194082">
        <ele>235.894128</ele>
        <time>2026-03-23T11:01:33.809Z</time>
      </trkpt>
      <trkpt lat="38.834364" lon="-0.194481">
        <ele>237.111738</ele>
        <time>2026-03-23T11:01:44.064Z</time>
      </trkpt>
      <trkpt lat="38.834185" lon="-0.194845">
        <ele>238.187201</ele>
        <time>2026-03-23T11:01:53.049Z</time>
      </trkpt>
      <trkpt lat="38.834043" lon="-0.195224">
        <ele>239.209072</ele>
        <time>2026-03-23T11:02:02.297Z</time>
      </trkpt>
      <trkpt lat="38.833892" lon="-0.195768">
        <ele>240.502970</ele>
        <time>2026-03-23T11:02:14.236Z</time>
      </trkpt>
      <trkpt lat="38.833042" lon="-0.198787">
        <ele>246.648018</ele>
        <time>2026-03-23T11:03:19.345Z</time>
      </trkpt>
      <trkpt lat="38.832943" lon="-0.199145">
        <ele>247.249020</ele>
        <time>2026-03-23T11:03:25.865Z</time>
      </trkpt>
      <trkpt lat="38.832829" lon="-0.199316">
        <ele>247.605097</ele>
        <time>2026-03-23T11:03:28.970Z</time>
      </trkpt>
      <trkpt lat="38.832740" lon="-0.199368">
        <ele>247.778062</ele>
        <time>2026-03-23T11:03:30.493Z</time>
      </trkpt>
      <trkpt lat="38.832123" lon="-0.199513">
        <ele>247.334589</ele>
        <time>2026-03-23T11:03:38.213Z</time>
      </trkpt>
      <trkpt lat="38.832043" lon="-0.199543">
        <ele>247.275665</ele>
        <time>2026-03-23T11:03:39.217Z</time>
      </trkpt>
      <trkpt lat="38.831895" lon="-0.199667">
        <ele>247.150713</ele>
        <time>2026-03-23T11:03:41.651Z</time>
      </trkpt>
      <trkpt lat="38.831140" lon="-0.200613">
        <ele>246.548600</ele>
        <time>2026-03-23T11:03:54.263Z</time>
      </trkpt>
      <trkpt lat="38.831091" lon="-0.200723">
        <ele>246.571540</ele>
        <time>2026-03-23T11:03:55.406Z</time>
      </trkpt>
      <trkpt lat="38.831058" lon="-0.200875">
        <ele>246.600106</ele>
        <time>2026-03-23T11:03:56.857Z</time>
      </trkpt>
      <trkpt lat="38.831017" lon="-0.201429">
        <ele>246.700850</ele>
        <time>2026-03-23T11:04:02.528Z</time>
      </trkpt>
      <trkpt lat="38.830976" lon="-0.202044">
        <ele>246.812592</ele>
        <time>2026-03-23T11:04:10.764Z</time>
      </trkpt>
      <trkpt lat="38.830912" lon="-0.202248">
        <ele>246.852405</ele>
        <time>2026-03-23T11:04:14.111Z</time>
      </trkpt>
      <trkpt lat="38.830421" lon="-0.202949">
        <ele>247.929983</ele>
        <time>2026-03-23T11:04:30.095Z</time>
      </trkpt>
      <trkpt lat="38.830296" lon="-0.203075">
        <ele>248.330822</ele>
        <time>2026-03-23T11:04:33.889Z</time>
      </trkpt>
      <trkpt lat="38.829961" lon="-0.203305">
        <ele>249.288973</ele>
        <time>2026-03-23T11:04:43.325Z</time>
      </trkpt>
      <trkpt lat="38.829847" lon="-0.203492">
        <ele>249.755505</ele>
        <time>2026-03-23T11:04:48.021Z</time>
      </trkpt>
      <trkpt lat="38.828926" lon="-0.207976">
        <ele>260.860878</ele>
        <time>2026-03-23T11:06:27.506Z</time>
      </trkpt>
      <trkpt lat="38.828800" lon="-0.208214">
        <ele>261.586516</ele>
        <time>2026-03-23T11:06:33.643Z</time>
      </trkpt>
      <trkpt lat="38.828380" lon="-0.208689">
        <ele>263.491384</ele>
        <time>2026-03-23T11:06:49.146Z</time>
      </trkpt>
      <trkpt lat="38.827793" lon="-0.209222">
        <ele>266.373861</ele>
        <time>2026-03-23T11:07:10.817Z</time>
      </trkpt>
      <trkpt lat="38.827705" lon="-0.209410">
        <ele>267.058839</ele>
        <time>2026-03-23T11:07:16.059Z</time>
      </trkpt>
      <trkpt lat="38.827642" lon="-0.210553">
        <ele>270.664032</ele>
        <time>2026-03-23T11:07:44.547Z</time>
      </trkpt>
      <trkpt lat="38.827599" lon="-0.210737">
        <ele>271.302103</ele>
        <time>2026-03-23T11:07:50.075Z</time>
      </trkpt>
      <trkpt lat="38.827529" lon="-0.210908">
        <ele>271.943728</ele>
        <time>2026-03-23T11:07:55.409Z</time>
      </trkpt>
      <trkpt lat="38.827435" lon="-0.211059">
        <ele>272.585744</ele>
        <time>2026-03-23T11:08:00.700Z</time>
      </trkpt>
      <trkpt lat="38.827320" lon="-0.211184">
        <ele>273.228240</ele>
        <time>2026-03-23T11:08:05.934Z</time>
      </trkpt>
      <trkpt lat="38.826560" lon="-0.211594">
        <ele>276.743166</ele>
        <time>2026-03-23T11:08:32.307Z</time>
      </trkpt>
      <trkpt lat="38.826449" lon="-0.211697">
        <ele>277.327144</ele>
        <time>2026-03-23T11:08:36.156Z</time>
      </trkpt>
      <trkpt lat="38.826350" lon="-0.211867">
        <ele>277.983795</ele>
        <time>2026-03-23T11:08:40.676Z</time>
      </trkpt>
      <trkpt lat="38.826291" lon="-0.212089">
        <ele>278.501186</ele>
        <time>2026-03-23T11:08:45.904Z</time>
      </trkpt>
      <trkpt lat="38.826290" lon="-0.212272">
        <ele>278.904852</ele>
        <time>2026-03-23T11:08:49.878Z</time>
      </trkpt>
      <trkpt lat="38.826432" lon="-0.212792">
        <ele>280.120275</ele>
        <time>2026-03-23T11:09:00.927Z</time>
      </trkpt>
      <trkpt lat="38.826450" lon="-0.212997">
        <ele>280.575320</ele>
        <time>2026-03-23T11:09:04.830Z</time>
      </trkpt>
      <trkpt lat="38.826400" lon="-0.213194">
        <ele>281.032335</ele>
        <time>2026-03-23T11:09:08.717Z</time>
      </trkpt>
      <trkpt lat="38.826265" lon="-0.213399">
        <ele>281.624426</ele>
        <time>2026-03-23T11:09:13.848Z</time>
      </trkpt>
      <trkpt lat="38.826004" lon="-0.213721">
        <ele>282.649398</ele>
        <time>2026-03-23T11:09:22.699Z</time>
      </trkpt>
      <trkpt lat="38.825168" lon="-0.214460">
        <ele>285.403529</ele>
        <time>2026-03-23T11:09:50.013Z</time>
      </trkpt>
      <trkpt lat="38.825086" lon="-0.214638">
        <ele>285.838164</ele>
        <time>2026-03-23T11:09:54.241Z</time>
      </trkpt>
      <trkpt lat="38.825086" lon="-0.214889">
        <ele>286.365718</ele>
        <time>2026-03-23T11:09:59.238Z</time>
      </trkpt>
      <trkpt lat="38.825174" lon="-0.215609">
        <ele>287.897327</ele>
        <time>2026-03-23T11:10:12.935Z</time>
      </trkpt>
      <trkpt lat="38.825201" lon="-0.215834">
        <ele>288.374300</ele>
        <time>2026-03-23T11:10:17.039Z</time>
      </trkpt>
      <trkpt lat="38.825193" lon="-0.215963">
        <ele>288.645431</ele>
        <time>2026-03-23T11:10:19.393Z</time>
      </trkpt>
      <trkpt lat="38.825162" lon="-0.216100">
        <ele>288.944332</ele>
        <time>2026-03-23T11:10:22.131Z</time>
      </trkpt>
      <trkpt lat="38.825103" lon="-0.216207">
        <ele>289.218986</ele>
        <time>2026-03-23T11:10:24.672Z</time>
      </trkpt>
      <trkpt lat="38.824543" lon="-0.216921">
        <ele>291.341727</ele>
        <time>2026-03-23T11:10:44.935Z</time>
      </trkpt>
      <trkpt lat="38.824448" lon="-0.217114">
        <ele>291.820048</ele>
        <time>2026-03-23T11:10:50.006Z</time>
      </trkpt>
      <trkpt lat="38.824270" lon="-0.218367">
        <ele>293.648726</ele>
        <time>2026-03-23T11:11:16.575Z</time>
      </trkpt>
      <trkpt lat="38.824224" lon="-0.218728">
        <ele>294.061093</ele>
        <time>2026-03-23T11:11:22.608Z</time>
      </trkpt>
      <trkpt lat="38.824152" lon="-0.219101">
        <ele>294.494295</ele>
        <time>2026-03-23T11:11:27.651Z</time>
      </trkpt>
      <trkpt lat="38.824058" lon="-0.219351">
        <ele>294.807229</ele>
        <time>2026-03-23T11:11:30.638Z</time>
      </trkpt>
      <trkpt lat="38.823967" lon="-0.219493">
        <ele>295.014506</ele>
        <time>2026-03-23T11:11:32.503Z</time>
      </trkpt>
      <trkpt lat="38.823757" lon="-0.219725">
        <ele>295.448271</ele>
        <time>2026-03-23T11:11:36.087Z</time>
      </trkpt>
      <trkpt lat="38.823424" lon="-0.220033">
        <ele>296.179256</ele>
        <time>2026-03-23T11:11:43.128Z</time>
      </trkpt>
      <trkpt lat="38.823303" lon="-0.220088">
        <ele>296.407864</ele>
        <time>2026-03-23T11:11:45.909Z</time>
      </trkpt>
      <trkpt lat="38.823171" lon="-0.220109">
        <ele>296.644747</ele>
        <time>2026-03-23T11:11:49.051Z</time>
      </trkpt>
      <trkpt lat="38.822881" lon="-0.220055">
        <ele>297.166626</ele>
        <time>2026-03-23T11:11:56.314Z</time>
      </trkpt>
      <trkpt lat="38.822398" lon="-0.220046">
        <ele>298.026911</ele>
        <time>2026-03-23T11:12:09.123Z</time>
      </trkpt>
      <trkpt lat="38.822101" lon="-0.219935">
        <ele>298.567412</ele>
        <time>2026-03-23T11:12:17.200Z</time>
      </trkpt>
      <trkpt lat="38.822026" lon="-0.219931">
        <ele>298.687383</ele>
        <time>2026-03-23T11:12:19.044Z</time>
      </trkpt>
      <trkpt lat="38.821959" lon="-0.219967">
        <ele>298.803468</ele>
        <time>2026-03-23T11:12:20.830Z</time>
      </trkpt>
      <trkpt lat="38.821897" lon="-0.220076">
        <ele>298.971515</ele>
        <time>2026-03-23T11:12:23.360Z</time>
      </trkpt>
      <trkpt lat="38.821888" lon="-0.220216">
        <ele>299.146432</ele>
        <time>2026-03-23T11:12:26.037Z</time>
      </trkpt>
      <trkpt lat="38.822060" lon="-0.220710">
        <ele>299.820180</ele>
        <time>2026-03-23T11:12:35.518Z</time>
      </trkpt>
      <trkpt lat="38.822085" lon="-0.220943">
        <ele>300.113043</ele>
        <time>2026-03-23T11:12:38.916Z</time>
      </trkpt>
      <trkpt lat="38.822013" lon="-0.221154">
        <ele>300.399870</ele>
        <time>2026-03-23T11:12:41.608Z</time>
      </trkpt>
      <trkpt lat="38.821939" lon="-0.221236">
        <ele>300.556116</ele>
        <time>2026-03-23T11:12:43.148Z</time>
      </trkpt>
      <trkpt lat="38.821870" lon="-0.221245">
        <ele>300.666962</ele>
        <time>2026-03-23T11:12:44.192Z</time>
      </trkpt>
      <trkpt lat="38.821557" lon="-0.221155">
        <ele>301.179606</ele>
        <time>2026-03-23T11:12:50.067Z</time>
      </trkpt>
      <trkpt lat="38.821441" lon="-0.221189">
        <ele>301.377375</ele>
        <time>2026-03-23T11:12:52.458Z</time>
      </trkpt>
      <trkpt lat="38.821342" lon="-0.221275">
        <ele>301.645945</ele>
        <time>2026-03-23T11:12:55.128Z</time>
      </trkpt>
      <trkpt lat="38.821109" lon="-0.221595">
        <ele>302.412599</ele>
        <time>2026-03-23T11:13:02.893Z</time>
      </trkpt>
      <trkpt lat="38.820997" lon="-0.221796">
        <ele>302.845147</ele>
        <time>2026-03-23T11:13:07.761Z</time>
      </trkpt>
      <trkpt lat="38.820976" lon="-0.221914">
        <ele>303.057013</ele>
        <time>2026-03-23T11:13:10.251Z</time>
      </trkpt>
      <trkpt lat="38.821009" lon="-0.222058">
        <ele>303.319747</ele>
        <time>2026-03-23T11:13:13.297Z</time>
      </trkpt>
      <trkpt lat="38.821085" lon="-0.222164">
        <ele>303.571896</ele>
        <time>2026-03-23T11:13:16.077Z</time>
      </trkpt>
      <trkpt lat="38.821297" lon="-0.222341">
        <ele>304.140087</ele>
        <time>2026-03-23T11:13:22.325Z</time>
      </trkpt>
      <trkpt lat="38.821699" lon="-0.222695">
        <ele>305.235365</ele>
        <time>2026-03-23T11:13:34.490Z</time>
      </trkpt>
      <trkpt lat="38.821754" lon="-0.222821">
        <ele>305.547169</ele>
        <time>2026-03-23T11:13:37.340Z</time>
      </trkpt>
      <trkpt lat="38.821760" lon="-0.223077">
        <ele>306.270412</ele>
        <time>2026-03-23T11:13:42.177Z</time>
      </trkpt>
      <trkpt lat="38.821695" lon="-0.223453">
        <ele>307.358019</ele>
        <time>2026-03-23T11:13:49.679Z</time>
      </trkpt>
      <trkpt lat="38.821645" lon="-0.223617">
        <ele>307.855334</ele>
        <time>2026-03-23T11:13:53.108Z</time>
      </trkpt>
      <trkpt lat="38.821601" lon="-0.223696">
        <ele>308.129563</ele>
        <time>2026-03-23T11:13:55.077Z</time>
      </trkpt>
      <trkpt lat="38.821488" lon="-0.223803">
        <ele>308.638533</ele>
        <time>2026-03-23T11:13:58.838Z</time>
      </trkpt>
      <trkpt lat="38.820324" lon="-0.224526">
        <ele>313.675193</ele>
        <time>2026-03-23T11:14:41.333Z</time>
      </trkpt>
      <trkpt lat="38.820119" lon="-0.224616">
        <ele>314.654617</ele>
        <time>2026-03-23T11:14:50.411Z</time>
      </trkpt>
      <trkpt lat="38.819917" lon="-0.224596">
        <ele>315.570480</ele>
        <time>2026-03-23T11:14:58.769Z</time>
      </trkpt>
      <trkpt lat="38.819428" lon="-0.224382">
        <ele>317.905991</ele>
        <time>2026-03-23T11:15:17.386Z</time>
      </trkpt>
      <trkpt lat="38.819282" lon="-0.224321">
        <ele>318.600080</ele>
        <time>2026-03-23T11:15:22.001Z</time>
      </trkpt>
      <trkpt lat="38.819127" lon="-0.224349">
        <ele>319.307670</ele>
        <time>2026-03-23T11:15:26.296Z</time>
      </trkpt>
      <trkpt lat="38.819034" lon="-0.224481">
        <ele>319.934481</ele>
        <time>2026-03-23T11:15:29.580Z</time>
      </trkpt>
      <trkpt lat="38.818938" lon="-0.224751">
        <ele>319.837353</ele>
        <time>2026-03-23T11:15:34.582Z</time>
      </trkpt>
      <trkpt lat="38.818829" lon="-0.225191">
        <ele>319.482290</ele>
        <time>2026-03-23T11:15:42.008Z</time>
      </trkpt>
      <trkpt lat="38.818799" lon="-0.225411">
        <ele>319.310532</ele>
        <time>2026-03-23T11:15:45.189Z</time>
      </trkpt>
      <trkpt lat="38.818781" lon="-0.225711">
        <ele>319.079141</ele>
        <time>2026-03-23T11:15:47.993Z</time>
      </trkpt>
      <trkpt lat="38.818799" lon="-0.225892">
        <ele>318.938818</ele>
        <time>2026-03-23T11:15:49.465Z</time>
      </trkpt>
      <trkpt lat="38.819099" lon="-0.226576">
        <ele>318.335186</ele>
        <time>2026-03-23T11:15:55.437Z</time>
      </trkpt>
      <trkpt lat="38.819316" lon="-0.227605">
        <ele>316.328676</ele>
        <time>2026-03-23T11:16:03.807Z</time>
      </trkpt>
      <trkpt lat="38.819349" lon="-0.227932">
        <ele>315.674627</ele>
        <time>2026-03-23T11:16:06.799Z</time>
      </trkpt>
      <trkpt lat="38.819290" lon="-0.228090">
        <ele>315.327085</ele>
        <time>2026-03-23T11:16:08.309Z</time>
      </trkpt>
      <trkpt lat="38.819227" lon="-0.228143">
        <ele>315.135309</ele>
        <time>2026-03-23T11:16:09.164Z</time>
      </trkpt>
      <trkpt lat="38.819117" lon="-0.228220">
        <ele>314.816317</ele>
        <time>2026-03-23T11:16:10.457Z</time>
      </trkpt>
      <trkpt lat="38.818622" lon="-0.228532">
        <ele>313.684342</ele>
        <time>2026-03-23T11:16:16.115Z</time>
      </trkpt>
      <trkpt lat="38.818559" lon="-0.228611">
        <ele>313.681682</ele>
        <time>2026-03-23T11:16:17.276Z</time>
      </trkpt>
      <trkpt lat="38.818522" lon="-0.228729">
        <ele>313.678688</ele>
        <time>2026-03-23T11:16:18.470Z</time>
      </trkpt>
      <trkpt lat="38.818534" lon="-0.228823">
        <ele>313.676447</ele>
        <time>2026-03-23T11:16:19.817Z</time>
      </trkpt>
      <trkpt lat="38.818643" lon="-0.229010">
        <ele>313.670950</ele>
        <time>2026-03-23T11:16:22.917Z</time>
      </trkpt>
      <trkpt lat="38.818946" lon="-0.229241">
        <ele>313.660305</ele>
        <time>2026-03-23T11:16:29.034Z</time>
      </trkpt>
      <trkpt lat="38.819086" lon="-0.229320">
        <ele>313.655686</ele>
        <time>2026-03-23T11:16:31.503Z</time>
      </trkpt>
      <trkpt lat="38.819217" lon="-0.229452">
        <ele>313.650655</ele>
        <time>2026-03-23T11:16:34.085Z</time>
      </trkpt>
      <trkpt lat="38.819266" lon="-0.229552">
        <ele>313.647875</ele>
        <time>2026-03-23T11:16:35.399Z</time>
      </trkpt>
      <trkpt lat="38.819278" lon="-0.229702">
        <ele>313.644326</ele>
        <time>2026-03-23T11:16:36.906Z</time>
      </trkpt>
      <trkpt lat="38.819246" lon="-0.229832">
        <ele>313.641117</ele>
        <time>2026-03-23T11:16:38.184Z</time>
      </trkpt>
      <trkpt lat="38.818666" lon="-0.231311">
        <ele>314.137283</ele>
        <time>2026-03-23T11:17:05.442Z</time>
      </trkpt>
      <trkpt lat="38.818618" lon="-0.231469">
        <ele>314.201903</ele>
        <time>2026-03-23T11:17:07.740Z</time>
      </trkpt>
      <trkpt lat="38.818617" lon="-0.231574">
        <ele>314.241916</ele>
        <time>2026-03-23T11:17:08.876Z</time>
      </trkpt>
      <trkpt lat="38.818632" lon="-0.231659">
        <ele>314.275125</ele>
        <time>2026-03-23T11:17:10.008Z</time>
      </trkpt>
      <trkpt lat="38.818740" lon="-0.231865">
        <ele>314.369736</ele>
        <time>2026-03-23T11:17:12.482Z</time>
      </trkpt>
      <trkpt lat="38.818846" lon="-0.232001">
        <ele>314.443037</ele>
        <time>2026-03-23T11:17:14.333Z</time>
      </trkpt>
      <trkpt lat="38.818971" lon="-0.232082">
        <ele>314.511519</ele>
        <time>2026-03-23T11:17:16.018Z</time>
      </trkpt>
      <trkpt lat="38.819104" lon="-0.232057">
        <ele>314.751455</ele>
        <time>2026-03-23T11:17:17.577Z</time>
      </trkpt>
      <trkpt lat="38.819732" lon="-0.231609">
        <ele>316.054319</ele>
        <time>2026-03-23T11:17:25.916Z</time>
      </trkpt>
      <trkpt lat="38.820071" lon="-0.231360">
        <ele>316.762589</ele>
        <time>2026-03-23T11:17:34.863Z</time>
      </trkpt>
      <trkpt lat="38.820255" lon="-0.231257">
        <ele>317.126598</ele>
        <time>2026-03-23T11:17:40.636Z</time>
      </trkpt>
      <trkpt lat="38.820347" lon="-0.231242">
        <ele>317.294767</ele>
        <time>2026-03-23T11:17:43.804Z</time>
      </trkpt>
      <trkpt lat="38.820436" lon="-0.231272">
        <ele>317.461628</ele>
        <time>2026-03-23T11:17:47.125Z</time>
      </trkpt>
      <trkpt lat="38.820526" lon="-0.231367">
        <ele>317.672931</ele>
        <time>2026-03-23T11:17:51.720Z</time>
      </trkpt>
      <trkpt lat="38.820561" lon="-0.231455">
        <ele>317.925348</ele>
        <time>2026-03-23T11:17:55.052Z</time>
      </trkpt>
      <trkpt lat="38.820568" lon="-0.231591">
        <ele>318.689339</ele>
        <time>2026-03-23T11:17:59.740Z</time>
      </trkpt>
      <trkpt lat="38.820538" lon="-0.232184">
        <ele>322.020321</ele>
        <time>2026-03-23T11:18:22.493Z</time>
      </trkpt>
      <trkpt lat="38.820509" lon="-0.232468">
        <ele>323.625860</ele>
        <time>2026-03-23T11:18:33.990Z</time>
      </trkpt>
      <trkpt lat="38.820389" lon="-0.232878">
        <ele>326.080876</ele>
        <time>2026-03-23T11:18:51.327Z</time>
      </trkpt>
      <trkpt lat="38.820265" lon="-0.233251">
        <ele>328.354060</ele>
        <time>2026-03-23T11:19:05.832Z</time>
      </trkpt>
      <trkpt lat="38.820236" lon="-0.233522">
        <ele>329.887382</ele>
        <time>2026-03-23T11:19:14.439Z</time>
      </trkpt>
      <trkpt lat="38.820365" lon="-0.234017">
        <ele>331.581840</ele>
        <time>2026-03-23T11:19:28.493Z</time>
      </trkpt>
      <trkpt lat="38.820360" lon="-0.234247">
        <ele>332.114716</ele>
        <time>2026-03-23T11:19:33.628Z</time>
      </trkpt>
      <trkpt lat="38.819829" lon="-0.235298">
        <ele>335.015771</ele>
        <time>2026-03-23T11:19:54.381Z</time>
      </trkpt>
      <trkpt lat="38.819794" lon="-0.235466">
        <ele>335.418523</ele>
        <time>2026-03-23T11:19:57.310Z</time>
      </trkpt>
      <trkpt lat="38.819837" lon="-0.235681">
        <ele>335.932600</ele>
        <time>2026-03-23T11:20:01.296Z</time>
      </trkpt>
      <trkpt lat="38.820105" lon="-0.236032">
        <ele>337.770534</ele>
        <time>2026-03-23T11:20:11.424Z</time>
      </trkpt>
      <trkpt lat="38.820169" lon="-0.236150">
        <ele>338.334368</ele>
        <time>2026-03-23T11:20:14.817Z</time>
      </trkpt>
      <trkpt lat="38.820177" lon="-0.236319">
        <ele>338.998341</ele>
        <time>2026-03-23T11:20:19.105Z</time>
      </trkpt>
      <trkpt lat="38.820138" lon="-0.236419">
        <ele>339.436889</ele>
        <time>2026-03-23T11:20:22.105Z</time>
      </trkpt>
      <trkpt lat="38.820076" lon="-0.236498">
        <ele>339.876626</ele>
        <time>2026-03-23T11:20:25.181Z</time>
      </trkpt>
      <trkpt lat="38.819574" lon="-0.236842">
        <ele>342.740965</ele>
        <time>2026-03-23T11:20:48.473Z</time>
      </trkpt>
      <trkpt lat="38.819307" lon="-0.237072">
        <ele>344.359506</ele>
        <time>2026-03-23T11:21:02.447Z</time>
      </trkpt>
      <trkpt lat="38.818967" lon="-0.237531">
        <ele>346.361865</ele>
        <time>2026-03-23T11:21:21.756Z</time>
      </trkpt>
      <trkpt lat="38.818907" lon="-0.237673">
        <ele>346.818941</ele>
        <time>2026-03-23T11:21:25.802Z</time>
      </trkpt>
      <trkpt lat="38.818892" lon="-0.237771">
        <ele>347.101535</ele>
        <time>2026-03-23T11:21:28.194Z</time>
      </trkpt>
      <trkpt lat="38.818923" lon="-0.237928">
        <ele>347.559815</ele>
        <time>2026-03-23T11:21:31.840Z</time>
      </trkpt>
      <trkpt lat="38.819019" lon="-0.238044">
        <ele>348.038648</ele>
        <time>2026-03-23T11:21:35.396Z</time>
      </trkpt>
      <trkpt lat="38.819710" lon="-0.238334">
        <ele>350.678869</ele>
        <time>2026-03-23T11:21:52.832Z</time>
      </trkpt>
      <trkpt lat="38.819898" lon="-0.238471">
        <ele>351.463989</ele>
        <time>2026-03-23T11:21:57.598Z</time>
      </trkpt>
      <trkpt lat="38.819956" lon="-0.238578">
        <ele>351.816332</ele>
        <time>2026-03-23T11:21:59.919Z</time>
      </trkpt>
      <trkpt lat="38.819981" lon="-0.238735">
        <ele>352.229582</ele>
        <time>2026-03-23T11:22:02.914Z</time>
      </trkpt>
      <trkpt lat="38.819984" lon="-0.239395">
        <ele>353.931656</ele>
        <time>2026-03-23T11:22:18.185Z</time>
      </trkpt>
      <trkpt lat="38.819854" lon="-0.240931">
        <ele>357.803384</ele>
        <time>2026-03-23T11:22:55.327Z</time>
      </trkpt>
      <trkpt lat="38.819889" lon="-0.241123">
        <ele>358.130453</ele>
        <time>2026-03-23T11:22:58.102Z</time>
      </trkpt>
      <trkpt lat="38.819941" lon="-0.241190">
        <ele>358.287315</ele>
        <time>2026-03-23T11:22:59.679Z</time>
      </trkpt>
      <trkpt lat="38.820013" lon="-0.241230">
        <ele>358.454340</ele>
        <time>2026-03-23T11:23:01.174Z</time>
      </trkpt>
      <trkpt lat="38.820637" lon="-0.241220">
        <ele>359.782892</ele>
        <time>2026-03-23T11:23:13.587Z</time>
      </trkpt>
      <trkpt lat="38.820758" lon="-0.241290">
        <ele>360.065449</ele>
        <time>2026-03-23T11:23:16.141Z</time>
      </trkpt>
      <trkpt lat="38.820826" lon="-0.241449">
        <ele>360.366298</ele>
        <time>2026-03-23T11:23:18.705Z</time>
      </trkpt>
      <trkpt lat="38.820858" lon="-0.241734">
        <ele>360.843902</ele>
        <time>2026-03-23T11:23:21.546Z</time>
      </trkpt>
      <trkpt lat="38.820901" lon="-0.242646">
        <ele>364.074306</ele>
        <time>2026-03-23T11:23:42.917Z</time>
      </trkpt>
      <trkpt lat="38.820898" lon="-0.242945">
        <ele>365.484917</ele>
        <time>2026-03-23T11:23:54.006Z</time>
      </trkpt>
      <trkpt lat="38.820840" lon="-0.243161">
        <ele>366.562689</ele>
        <time>2026-03-23T11:24:02.794Z</time>
      </trkpt>
      <trkpt lat="38.820755" lon="-0.243297">
        <ele>367.385172</ele>
        <time>2026-03-23T11:24:09.437Z</time>
      </trkpt>
      <trkpt lat="38.820606" lon="-0.243397">
        <ele>368.403232</ele>
        <time>2026-03-23T11:24:17.496Z</time>
      </trkpt>
      <trkpt lat="38.820566" lon="-0.243411">
        <ele>368.654268</ele>
        <time>2026-03-23T11:24:19.498Z</time>
      </trkpt>
      <trkpt lat="38.820146" lon="-0.243473">
        <ele>371.214059</ele>
        <time>2026-03-23T11:24:37.500Z</time>
      </trkpt>
      <trkpt lat="38.820076" lon="-0.243506">
        <ele>371.665583</ele>
        <time>2026-03-23T11:24:40.639Z</time>
      </trkpt>
      <trkpt lat="38.820040" lon="-0.243528">
        <ele>371.907002</ele>
        <time>2026-03-23T11:24:41.983Z</time>
      </trkpt>
      <trkpt lat="38.819997" lon="-0.243594">
        <ele>372.312866</ele>
        <time>2026-03-23T11:24:44.704Z</time>
      </trkpt>
      <trkpt lat="38.819979" lon="-0.243677">
        <ele>372.465064</ele>
        <time>2026-03-23T11:24:47.057Z</time>
      </trkpt>
      <trkpt lat="38.819990" lon="-0.243761">
        <ele>372.611125</ele>
        <time>2026-03-23T11:24:49.580Z</time>
      </trkpt>
      <trkpt lat="38.820027" lon="-0.243832">
        <ele>372.757597</ele>
        <time>2026-03-23T11:24:52.062Z</time>
      </trkpt>
      <trkpt lat="38.820490" lon="-0.244182">
        <ele>373.940220</ele>
        <time>2026-03-23T11:25:09.174Z</time>
      </trkpt>
      <trkpt lat="38.820691" lon="-0.244528">
        <ele>374.680295</ele>
        <time>2026-03-23T11:25:16.327Z</time>
      </trkpt>
      <trkpt lat="38.820723" lon="-0.244592">
        <ele>374.810695</ele>
        <time>2026-03-23T11:25:17.263Z</time>
      </trkpt>
      <trkpt lat="38.820911" lon="-0.245010">
        <ele>375.638316</ele>
        <time>2026-03-23T11:25:21.740Z</time>
      </trkpt>
      <trkpt lat="38.820939" lon="-0.245437">
        <ele>376.415488</ele>
        <time>2026-03-23T11:25:25.705Z</time>
      </trkpt>
      <trkpt lat="38.820969" lon="-0.245560">
        <ele>376.735540</ele>
        <time>2026-03-23T11:25:27.041Z</time>
      </trkpt>
      <trkpt lat="38.821199" lon="-0.245839">
        <ele>377.744190</ele>
        <time>2026-03-23T11:25:32.490Z</time>
      </trkpt>
      <trkpt lat="38.821263" lon="-0.245951">
        <ele>378.089094</ele>
        <time>2026-03-23T11:25:34.898Z</time>
      </trkpt>
      <trkpt lat="38.821280" lon="-0.246104">
        <ele>378.472868</ele>
        <time>2026-03-23T11:25:37.750Z</time>
      </trkpt>
      <trkpt lat="38.821250" lon="-0.246238">
        <ele>378.819082</ele>
        <time>2026-03-23T11:25:40.472Z</time>
      </trkpt>
      <trkpt lat="38.821172" lon="-0.246397">
        <ele>379.285658</ele>
        <time>2026-03-23T11:25:44.416Z</time>
      </trkpt>
      <trkpt lat="38.821052" lon="-0.246566">
        <ele>379.853459</ele>
        <time>2026-03-23T11:25:49.574Z</time>
      </trkpt>
      <trkpt lat="38.820786" lon="-0.246838">
        <ele>380.937427</ele>
        <time>2026-03-23T11:26:00.648Z</time>
      </trkpt>
      <trkpt lat="38.820264" lon="-0.247124">
        <ele>383.289165</ele>
        <time>2026-03-23T11:26:23.937Z</time>
      </trkpt>
      <trkpt lat="38.819915" lon="-0.247436">
        <ele>385.645508</ele>
        <time>2026-03-23T11:26:45.681Z</time>
      </trkpt>
      <trkpt lat="38.819775" lon="-0.247519">
        <ele>386.499890</ele>
        <time>2026-03-23T11:26:53.246Z</time>
      </trkpt>
      <trkpt lat="38.819616" lon="-0.247608">
        <ele>387.460917</ele>
        <time>2026-03-23T11:27:01.021Z</time>
      </trkpt>
      <trkpt lat="38.819200" lon="-0.247771">
        <ele>389.870669</ele>
        <time>2026-03-23T11:27:17.521Z</time>
      </trkpt>
      <trkpt lat="38.819143" lon="-0.247814">
        <ele>390.236972</ele>
        <time>2026-03-23T11:27:19.524Z</time>
      </trkpt>
      <trkpt lat="38.819104" lon="-0.247952">
        <ele>390.870635</ele>
        <time>2026-03-23T11:27:22.789Z</time>
      </trkpt>
      <trkpt lat="38.819116" lon="-0.248065">
        <ele>391.362918</ele>
        <time>2026-03-23T11:27:25.095Z</time>
      </trkpt>
      <trkpt lat="38.819181" lon="-0.248185">
        <ele>391.972061</ele>
        <time>2026-03-23T11:27:27.644Z</time>
      </trkpt>
      <trkpt lat="38.819265" lon="-0.248240">
        <ele>391.850341</ele>
        <time>2026-03-23T11:27:29.477Z</time>
      </trkpt>
      <trkpt lat="38.819833" lon="-0.248291">
        <ele>391.115380</ele>
        <time>2026-03-23T11:27:36.047Z</time>
      </trkpt>
      <trkpt lat="38.820064" lon="-0.248267">
        <ele>390.816232</ele>
        <time>2026-03-23T11:27:38.220Z</time>
      </trkpt>
      <trkpt lat="38.820489" lon="-0.248135">
        <ele>390.251814</ele>
        <time>2026-03-23T11:27:42.358Z</time>
      </trkpt>
      <trkpt lat="38.820913" lon="-0.248122">
        <ele>389.704363</ele>
        <time>2026-03-23T11:27:47.258Z</time>
      </trkpt>
      <trkpt lat="38.821021" lon="-0.248167">
        <ele>389.996368</ele>
        <time>2026-03-23T11:27:49.312Z</time>
      </trkpt>
      <trkpt lat="38.821270" lon="-0.248373">
        <ele>391.348256</ele>
        <time>2026-03-23T11:27:57.154Z</time>
      </trkpt>
      <trkpt lat="38.821351" lon="-0.248514">
        <ele>391.971109</ele>
        <time>2026-03-23T11:28:01.613Z</time>
      </trkpt>
      <trkpt lat="38.821357" lon="-0.248637">
        <ele>392.409279</ele>
        <time>2026-03-23T11:28:05.123Z</time>
      </trkpt>
      <trkpt lat="38.821032" lon="-0.249544">
        <ele>395.958740</ele>
        <time>2026-03-23T11:28:37.355Z</time>
      </trkpt>
      <trkpt lat="38.821025" lon="-0.249639">
        <ele>396.298011</ele>
        <time>2026-03-23T11:28:40.582Z</time>
      </trkpt>
      <trkpt lat="38.821055" lon="-0.249753">
        <ele>396.725825</ele>
        <time>2026-03-23T11:28:44.725Z</time>
      </trkpt>
      <trkpt lat="38.821164" lon="-0.250002">
        <ele>397.741291</ele>
        <time>2026-03-23T11:28:53.898Z</time>
      </trkpt>
      <trkpt lat="38.821184" lon="-0.250113">
        <ele>398.045736</ele>
        <time>2026-03-23T11:28:57.238Z</time>
      </trkpt>
      <trkpt lat="38.821168" lon="-0.250362">
        <ele>398.619153</ele>
        <time>2026-03-23T11:29:03.949Z</time>
      </trkpt>
      <trkpt lat="38.821084" lon="-0.250613">
        <ele>399.246117</ele>
        <time>2026-03-23T11:29:10.338Z</time>
      </trkpt>
      <trkpt lat="38.820977" lon="-0.250756">
        <ele>399.701161</ele>
        <time>2026-03-23T11:29:14.192Z</time>
      </trkpt>
      <trkpt lat="38.820390" lon="-0.251343">
        <ele>401.893212</ele>
        <time>2026-03-23T11:29:28.524Z</time>
      </trkpt>
      <trkpt lat="38.820338" lon="-0.251402">
        <ele>402.097665</ele>
        <time>2026-03-23T11:29:30.125Z</time>
      </trkpt>
      <trkpt lat="38.820015" lon="-0.251998">
        <ele>403.410914</ele>
        <time>2026-03-23T11:29:45.485Z</time>
      </trkpt>
      <trkpt lat="38.819891" lon="-0.252142">
        <ele>403.615127</ele>
        <time>2026-03-23T11:29:50.304Z</time>
      </trkpt>
      <trkpt lat="38.819266" lon="-0.252592">
        <ele>404.490272</ele>
        <time>2026-03-23T11:30:07.301Z</time>
      </trkpt>
      <trkpt lat="38.819113" lon="-0.252798">
        <ele>404.761064</ele>
        <time>2026-03-23T11:30:11.347Z</time>
      </trkpt>
      <trkpt lat="38.819071" lon="-0.252897">
        <ele>404.868319</ele>
        <time>2026-03-23T11:30:12.883Z</time>
      </trkpt>
      <trkpt lat="38.818967" lon="-0.253838">
        <ele>405.165469</ele>
        <time>2026-03-23T11:30:21.927Z</time>
      </trkpt>
      <trkpt lat="38.818918" lon="-0.254043">
        <ele>405.071127</ele>
        <time>2026-03-23T11:30:23.610Z</time>
      </trkpt>
      <trkpt lat="38.818714" lon="-0.254534">
        <ele>404.826307</ele>
        <time>2026-03-23T11:30:27.889Z</time>
      </trkpt>
      <trkpt lat="38.818670" lon="-0.254717">
        <ele>404.742046</ele>
        <time>2026-03-23T11:30:29.468Z</time>
      </trkpt>
      <trkpt lat="38.818663" lon="-0.254843">
        <ele>404.686470</ele>
        <time>2026-03-23T11:30:30.562Z</time>
      </trkpt>
      <trkpt lat="38.818673" lon="-0.255492">
        <ele>404.400874</ele>
        <time>2026-03-23T11:30:38.181Z</time>
      </trkpt>
      <trkpt lat="38.818649" lon="-0.255607">
        <ele>404.348494</ele>
        <time>2026-03-23T11:30:40.600Z</time>
      </trkpt>
      <trkpt lat="38.818571" lon="-0.255759">
        <ele>405.274153</ele>
        <time>2026-03-23T11:30:45.090Z</time>
      </trkpt>
      <trkpt lat="38.818092" lon="-0.256192">
        <ele>409.479277</ele>
        <time>2026-03-23T11:31:11.102Z</time>
      </trkpt>
      <trkpt lat="38.817941" lon="-0.256272">
        <ele>410.651775</ele>
        <time>2026-03-23T11:31:19.845Z</time>
      </trkpt>
      <trkpt lat="38.817417" lon="-0.256402">
        <ele>414.482367</ele>
        <time>2026-03-23T11:31:50.217Z</time>
      </trkpt>
      <trkpt lat="38.817200" lon="-0.256464">
        <ele>416.077995</ele>
        <time>2026-03-23T11:32:01.537Z</time>
      </trkpt>
      <trkpt lat="38.817017" lon="-0.256581">
        <ele>417.298782</ele>
        <time>2026-03-23T11:32:11.251Z</time>
      </trkpt>
      <trkpt lat="38.816976" lon="-0.256667">
        <ele>417.389634</ele>
        <time>2026-03-23T11:32:14.547Z</time>
      </trkpt>
      <trkpt lat="38.816972" lon="-0.256726">
        <ele>417.443001</ele>
        <time>2026-03-23T11:32:16.552Z</time>
      </trkpt>
      <trkpt lat="38.816998" lon="-0.256818">
        <ele>417.531190</ele>
        <time>2026-03-23T11:32:19.593Z</time>
      </trkpt>
      <trkpt lat="38.817060" lon="-0.256927">
        <ele>417.652801</ele>
        <time>2026-03-23T11:32:23.554Z</time>
      </trkpt>
      <trkpt lat="38.817705" lon="-0.257465">
        <ele>418.542465</ele>
        <time>2026-03-23T11:32:37.608Z</time>
      </trkpt>
      <trkpt lat="38.818600" lon="-0.257953">
        <ele>419.389987</ele>
        <time>2026-03-23T11:32:47.513Z</time>
      </trkpt>
      <trkpt lat="38.818800" lon="-0.258196">
        <ele>419.445407</ele>
        <time>2026-03-23T11:32:51.041Z</time>
      </trkpt>
      <trkpt lat="38.819046" lon="-0.258396">
        <ele>419.504006</ele>
        <time>2026-03-23T11:32:56.118Z</time>
      </trkpt>
      <trkpt lat="38.819189" lon="-0.258642">
        <ele>419.552128</ele>
        <time>2026-03-23T11:33:00.401Z</time>
      </trkpt>
      <trkpt lat="38.819471" lon="-0.259478">
        <ele>419.703442</ele>
        <time>2026-03-23T11:33:15.238Z</time>
      </trkpt>
      <trkpt lat="38.819530" lon="-0.259578">
        <ele>419.842441</ele>
        <time>2026-03-23T11:33:17.646Z</time>
      </trkpt>
      <trkpt lat="38.819685" lon="-0.259739">
        <ele>420.126037</ele>
        <time>2026-03-23T11:33:22.973Z</time>
      </trkpt>
      <trkpt lat="38.820129" lon="-0.260025">
        <ele>420.832583</ele>
        <time>2026-03-23T11:33:34.644Z</time>
      </trkpt>
      <trkpt lat="38.820239" lon="-0.260128">
        <ele>421.026239</ele>
        <time>2026-03-23T11:33:37.174Z</time>
      </trkpt>
      <trkpt lat="38.820413" lon="-0.260375">
        <ele>421.395231</ele>
        <time>2026-03-23T11:33:41.176Z</time>
      </trkpt>
      <trkpt lat="38.820440" lon="-0.260479">
        <ele>421.516703</ele>
        <time>2026-03-23T11:33:42.490Z</time>
      </trkpt>
      <trkpt lat="38.820436" lon="-0.260605">
        <ele>421.656440</ele>
        <time>2026-03-23T11:33:44.421Z</time>
      </trkpt>
      <trkpt lat="38.820383" lon="-0.260791">
        <ele>421.875898</ele>
        <time>2026-03-23T11:33:47.674Z</time>
      </trkpt>
      <trkpt lat="38.820139" lon="-0.261062">
        <ele>422.298504</ele>
        <time>2026-03-23T11:33:54.411Z</time>
      </trkpt>
      <trkpt lat="38.819735" lon="-0.261423">
        <ele>422.692770</ele>
        <time>2026-03-23T11:34:03.758Z</time>
      </trkpt>
      <trkpt lat="38.819598" lon="-0.261545">
        <ele>422.826321</ele>
        <time>2026-03-23T11:34:06.057Z</time>
      </trkpt>
      <trkpt lat="38.818499" lon="-0.262579">
        <ele>424.406225</ele>
        <time>2026-03-23T11:34:28.393Z</time>
      </trkpt>
      <trkpt lat="38.818338" lon="-0.262685">
        <ele>424.865207</ele>
        <time>2026-03-23T11:34:33.853Z</time>
      </trkpt>
      <trkpt lat="38.818144" lon="-0.262733">
        <ele>425.366358</ele>
        <time>2026-03-23T11:34:40.325Z</time>
      </trkpt>
      <trkpt lat="38.817404" lon="-0.262815">
        <ele>427.250387</ele>
        <time>2026-03-23T11:35:02.409Z</time>
      </trkpt>
      <trkpt lat="38.817182" lon="-0.262915">
        <ele>427.847176</ele>
        <time>2026-03-23T11:35:08.679Z</time>
      </trkpt>
      <trkpt lat="38.816934" lon="-0.263097">
        <ele>428.294463</ele>
        <time>2026-03-23T11:35:15.024Z</time>
      </trkpt>
      <trkpt lat="38.816762" lon="-0.263407">
        <ele>428.388944</ele>
        <time>2026-03-23T11:35:20.105Z</time>
      </trkpt>
      <trkpt lat="38.816618" lon="-0.263903">
        <ele>428.520353</ele>
        <time>2026-03-23T11:35:25.210Z</time>
      </trkpt>
      <trkpt lat="38.816522" lon="-0.264352">
        <ele>428.635945</ele>
        <time>2026-03-23T11:35:29.255Z</time>
      </trkpt>
      <trkpt lat="38.816166" lon="-0.265550">
        <ele>430.452853</ele>
        <time>2026-03-23T11:35:46.888Z</time>
      </trkpt>
      <trkpt lat="38.816136" lon="-0.265906">
        <ele>431.594551</ele>
        <time>2026-03-23T11:35:55.414Z</time>
      </trkpt>
      <trkpt lat="38.816173" lon="-0.266422">
        <ele>433.246730</ele>
        <time>2026-03-23T11:36:09.394Z</time>
      </trkpt>
      <trkpt lat="38.816133" lon="-0.266552">
        <ele>433.692374</ele>
        <time>2026-03-23T11:36:13.467Z</time>
      </trkpt>
      <trkpt lat="38.816017" lon="-0.266692">
        <ele>434.343974</ele>
        <time>2026-03-23T11:36:19.501Z</time>
      </trkpt>
      <trkpt lat="38.815168" lon="-0.267190">
        <ele>438.513276</ele>
        <time>2026-03-23T11:36:55.968Z</time>
      </trkpt>
      <trkpt lat="38.815050" lon="-0.267318">
        <ele>439.257331</ele>
        <time>2026-03-23T11:37:02.159Z</time>
      </trkpt>
      <trkpt lat="38.815032" lon="-0.267418">
        <ele>439.642450</ele>
        <time>2026-03-23T11:37:05.342Z</time>
      </trkpt>
      <trkpt lat="38.815045" lon="-0.267738">
        <ele>440.844836</ele>
        <time>2026-03-23T11:37:15.200Z</time>
      </trkpt>
      <trkpt lat="38.815014" lon="-0.267861">
        <ele>441.329921</ele>
        <time>2026-03-23T11:37:18.968Z</time>
      </trkpt>
      <trkpt lat="38.814830" lon="-0.268211">
        <ele>442.914226</ele>
        <time>2026-03-23T11:37:29.276Z</time>
      </trkpt>
      <trkpt lat="38.814624" lon="-0.268802">
        <ele>445.393508</ele>
        <time>2026-03-23T11:37:40.616Z</time>
      </trkpt>
      <trkpt lat="38.814525" lon="-0.268989">
        <ele>446.327490</ele>
        <time>2026-03-23T11:37:44.639Z</time>
      </trkpt>
      <trkpt lat="38.814191" lon="-0.269576">
        <ele>449.330266</ele>
        <time>2026-03-23T11:38:02.274Z</time>
      </trkpt>
      <trkpt lat="38.814099" lon="-0.269661">
        <ele>449.931299</ele>
        <time>2026-03-23T11:38:06.763Z</time>
      </trkpt>
      <trkpt lat="38.813942" lon="-0.269713">
        <ele>450.790984</ele>
        <time>2026-03-23T11:38:13.722Z</time>
      </trkpt>
      <trkpt lat="38.813841" lon="-0.269702">
        <ele>451.328410</ele>
        <time>2026-03-23T11:38:18.126Z</time>
      </trkpt>
      <trkpt lat="38.813698" lon="-0.269639">
        <ele>452.130022</ele>
        <time>2026-03-23T11:38:24.304Z</time>
      </trkpt>
      <trkpt lat="38.813109" lon="-0.269082">
        <ele>456.391169</ele>
        <time>2026-03-23T11:38:56.054Z</time>
      </trkpt>
      <trkpt lat="38.813022" lon="-0.269035">
        <ele>457.009466</ele>
        <time>2026-03-23T11:39:00.975Z</time>
      </trkpt>
      <trkpt lat="38.812885" lon="-0.269082">
        <ele>457.938351</ele>
        <time>2026-03-23T11:39:08.115Z</time>
      </trkpt>
      <trkpt lat="38.812832" lon="-0.269193">
        <ele>458.602789</ele>
        <time>2026-03-23T11:39:12.809Z</time>
      </trkpt>
      <trkpt lat="38.812721" lon="-0.269568">
        <ele>460.650198</ele>
        <time>2026-03-23T11:39:27.332Z</time>
      </trkpt>
      <trkpt lat="38.812640" lon="-0.269647">
        <ele>461.316588</ele>
        <time>2026-03-23T11:39:31.669Z</time>
      </trkpt>
      <trkpt lat="38.812327" lon="-0.269779">
        <ele>463.474656</ele>
        <time>2026-03-23T11:39:43.825Z</time>
      </trkpt>
      <trkpt lat="38.812236" lon="-0.269817">
        <ele>464.101483</ele>
        <time>2026-03-23T11:39:47.077Z</time>
      </trkpt>
      <trkpt lat="38.812161" lon="-0.269872">
        <ele>464.667295</ele>
        <time>2026-03-23T11:39:49.546Z</time>
      </trkpt>
      <trkpt lat="38.812094" lon="-0.270063">
        <ele>465.736378</ele>
        <time>2026-03-23T11:39:54.424Z</time>
      </trkpt>
      <trkpt lat="38.812013" lon="-0.270430">
        <ele>467.696494</ele>
        <time>2026-03-23T11:40:04.506Z</time>
      </trkpt>
      <trkpt lat="38.811970" lon="-0.270700">
        <ele>469.115371</ele>
        <time>2026-03-23T11:40:12.401Z</time>
      </trkpt>
      <trkpt lat="38.811979" lon="-0.270868">
        <ele>469.982389</ele>
        <time>2026-03-23T11:40:17.287Z</time>
      </trkpt>
      <trkpt lat="38.812190" lon="-0.272003">
        <ele>475.990126</ele>
        <time>2026-03-23T11:40:55.699Z</time>
      </trkpt>
      <trkpt lat="38.812196" lon="-0.272114">
        <ele>476.563000</ele>
        <time>2026-03-23T11:40:59.845Z</time>
      </trkpt>
      <trkpt lat="38.812178" lon="-0.272170">
        <ele>476.874892</ele>
        <time>2026-03-23T11:41:02.187Z</time>
      </trkpt>
      <trkpt lat="38.812123" lon="-0.272278">
        <ele>477.539172</ele>
        <time>2026-03-23T11:41:07.179Z</time>
      </trkpt>
      <trkpt lat="38.811776" lon="-0.272689">
        <ele>480.393664</ele>
        <time>2026-03-23T11:41:31.047Z</time>
      </trkpt>
      <trkpt lat="38.811671" lon="-0.272915">
        <ele>481.610378</ele>
        <time>2026-03-23T11:41:40.817Z</time>
      </trkpt>
      <trkpt lat="38.811597" lon="-0.273137">
        <ele>482.726917</ele>
        <time>2026-03-23T11:41:49.217Z</time>
      </trkpt>
      <trkpt lat="38.811491" lon="-0.273641">
        <ele>485.140877</ele>
        <time>2026-03-23T11:42:06.016Z</time>
      </trkpt>
      <trkpt lat="38.811477" lon="-0.273859">
        <ele>486.152354</ele>
        <time>2026-03-23T11:42:12.337Z</time>
      </trkpt>
      <trkpt lat="38.811508" lon="-0.273956">
        <ele>486.637155</ele>
        <time>2026-03-23T11:42:15.146Z</time>
      </trkpt>
      <trkpt lat="38.811904" lon="-0.274516">
        <ele>489.217599</ele>
        <time>2026-03-23T11:42:29.102Z</time>
      </trkpt>
      <trkpt lat="38.812111" lon="-0.274678">
        <ele>489.719791</ele>
        <time>2026-03-23T11:42:32.740Z</time>
      </trkpt>
      <trkpt lat="38.812245" lon="-0.274732">
        <ele>490.010707</ele>
        <time>2026-03-23T11:42:34.807Z</time>
      </trkpt>
      <trkpt lat="38.812426" lon="-0.274754">
        <ele>490.387290</ele>
        <time>2026-03-23T11:42:37.843Z</time>
      </trkpt>
      <trkpt lat="38.812677" lon="-0.274736">
        <ele>490.907997</ele>
        <time>2026-03-23T11:42:42.732Z</time>
      </trkpt>
      <trkpt lat="38.812813" lon="-0.274753">
        <ele>491.191027</ele>
        <time>2026-03-23T11:42:45.615Z</time>
      </trkpt>
      <trkpt lat="38.813010" lon="-0.274812">
        <ele>491.610036</ele>
        <time>2026-03-23T11:42:50.200Z</time>
      </trkpt>
      <trkpt lat="38.813062" lon="-0.274851">
        <ele>491.734787</ele>
        <time>2026-03-23T11:42:51.707Z</time>
      </trkpt>
      <trkpt lat="38.813107" lon="-0.274930">
        <ele>491.892726</ele>
        <time>2026-03-23T11:42:53.483Z</time>
      </trkpt>
      <trkpt lat="38.813134" lon="-0.275016">
        <ele>492.042368</ele>
        <time>2026-03-23T11:42:55.358Z</time>
      </trkpt>
      <trkpt lat="38.813147" lon="-0.275594">
        <ele>494.373656</ele>
        <time>2026-03-23T11:43:07.531Z</time>
      </trkpt>
      <trkpt lat="38.813169" lon="-0.275696">
        <ele>495.000325</ele>
        <time>2026-03-23T11:43:10.228Z</time>
      </trkpt>
      <trkpt lat="38.813225" lon="-0.275781">
        <ele>495.659414</ele>
        <time>2026-03-23T11:43:13.549Z</time>
      </trkpt>
      <trkpt lat="38.813314" lon="-0.275846">
        <ele>496.437574</ele>
        <time>2026-03-23T11:43:17.819Z</time>
      </trkpt>
      <trkpt lat="38.813723" lon="-0.275961">
        <ele>499.619310</ele>
        <time>2026-03-23T11:43:38.783Z</time>
      </trkpt>
      <trkpt lat="38.813811" lon="-0.276029">
        <ele>500.399886</ele>
        <time>2026-03-23T11:43:43.986Z</time>
      </trkpt>
      <trkpt lat="38.813841" lon="-0.276114">
        <ele>500.952403</ele>
        <time>2026-03-23T11:43:47.718Z</time>
      </trkpt>
      <trkpt lat="38.813846" lon="-0.276211">
        <ele>501.528004</ele>
        <time>2026-03-23T11:43:51.610Z</time>
      </trkpt>
      <trkpt lat="38.813824" lon="-0.276294">
        <ele>502.047112</ele>
        <time>2026-03-23T11:43:55.143Z</time>
      </trkpt>
      <trkpt lat="38.813584" lon="-0.276664">
        <ele>504.897691</ele>
        <time>2026-03-23T11:44:15.164Z</time>
      </trkpt>
      <trkpt lat="38.813485" lon="-0.276978">
        <ele>507.052190</ele>
        <time>2026-03-23T11:44:30.118Z</time>
      </trkpt>
      <trkpt lat="38.812980" lon="-0.278612">
        <ele>519.437527</ele>
        <time>2026-03-23T11:45:45.194Z</time>
      </trkpt>
      <trkpt lat="38.812963" lon="-0.278718">
        <ele>520.200038</ele>
        <time>2026-03-23T11:45:48.911Z</time>
      </trkpt>
      <trkpt lat="38.813002" lon="-0.278950">
        <ele>521.872271</ele>
        <time>2026-03-23T11:45:56.746Z</time>
      </trkpt>
      <trkpt lat="38.813246" lon="-0.279642">
        <ele>524.490170</ele>
        <time>2026-03-23T11:46:18.927Z</time>
      </trkpt>
      <trkpt lat="38.813278" lon="-0.279956">
        <ele>525.461164</ele>
        <time>2026-03-23T11:46:26.830Z</time>
      </trkpt>
      <trkpt lat="38.813030" lon="-0.281585">
        <ele>530.161501</ele>
        <time>2026-03-23T11:46:59.103Z</time>
      </trkpt>
      <trkpt lat="38.813015" lon="-0.281899">
        <ele>530.781476</ele>
        <time>2026-03-23T11:47:03.651Z</time>
      </trkpt>
      <trkpt lat="38.813056" lon="-0.282032">
        <ele>531.063352</ele>
        <time>2026-03-23T11:47:05.638Z</time>
      </trkpt>
      <trkpt lat="38.813216" lon="-0.282774">
        <ele>532.580602</ele>
        <time>2026-03-23T11:47:17.937Z</time>
      </trkpt>
      <trkpt lat="38.813243" lon="-0.282884">
        <ele>532.807885</ele>
        <time>2026-03-23T11:47:19.998Z</time>
      </trkpt>
      <trkpt lat="38.813303" lon="-0.283147">
        <ele>533.347947</ele>
        <time>2026-03-23T11:47:24.822Z</time>
      </trkpt>
      <trkpt lat="38.813639" lon="-0.284702">
        <ele>540.447083</ele>
        <time>2026-03-23T11:48:12.051Z</time>
      </trkpt>
      <trkpt lat="38.813629" lon="-0.284965">
        <ele>541.773886</ele>
        <time>2026-03-23T11:48:22.427Z</time>
      </trkpt>
      <trkpt lat="38.813509" lon="-0.285355">
        <ele>543.886725</ele>
        <time>2026-03-23T11:48:38.771Z</time>
      </trkpt>
      <trkpt lat="38.813404" lon="-0.285716">
        <ele>545.788189</ele>
        <time>2026-03-23T11:48:53.607Z</time>
      </trkpt>
      <trkpt lat="38.813044" lon="-0.287323">
        <ele>552.393711</ele>
        <time>2026-03-23T11:49:43.315Z</time>
      </trkpt>
      <trkpt lat="38.812838" lon="-0.289099">
        <ele>558.024274</ele>
        <time>2026-03-23T11:50:14.412Z</time>
      </trkpt>
      <trkpt lat="38.812831" lon="-0.289165">
        <ele>558.205960</ele>
        <time>2026-03-23T11:50:15.960Z</time>
      </trkpt>
      <trkpt lat="38.812818" lon="-0.289283">
        <ele>558.531026</ele>
        <time>2026-03-23T11:50:18.771Z</time>
      </trkpt>
      <trkpt lat="38.812708" lon="-0.290329">
        <ele>561.549090</ele>
        <time>2026-03-23T11:50:48.021Z</time>
      </trkpt>
      <trkpt lat="38.812657" lon="-0.290572">
        <ele>562.506438</ele>
        <time>2026-03-23T11:50:56.146Z</time>
      </trkpt>
      <trkpt lat="38.812081" lon="-0.292087">
        <ele>568.919177</ele>
        <time>2026-03-23T11:51:41.243Z</time>
      </trkpt>
      <trkpt lat="38.812016" lon="-0.292214">
        <ele>569.497204</ele>
        <time>2026-03-23T11:51:44.860Z</time>
      </trkpt>
      <trkpt lat="38.811878" lon="-0.292351">
        <ele>570.259944</ele>
        <time>2026-03-23T11:51:50.345Z</time>
      </trkpt>
      <trkpt lat="38.811675" lon="-0.292432">
        <ele>571.116663</ele>
        <time>2026-03-23T11:51:57.166Z</time>
      </trkpt>
      <trkpt lat="38.810669" lon="-0.292810">
        <ele>575.341034</ele>
        <time>2026-03-23T11:52:29.208Z</time>
      </trkpt>
      <trkpt lat="38.810575" lon="-0.292908">
        <ele>575.829103</ele>
        <time>2026-03-23T11:52:33.126Z</time>
      </trkpt>
      <trkpt lat="38.810531" lon="-0.292993">
        <ele>576.149556</ele>
        <time>2026-03-23T11:52:35.697Z</time>
      </trkpt>
      <trkpt lat="38.810431" lon="-0.293495">
        <ele>577.610762</ele>
        <time>2026-03-23T11:52:48.189Z</time>
      </trkpt>
      <trkpt lat="38.810372" lon="-0.293609">
        <ele>577.937086</ele>
        <time>2026-03-23T11:52:51.307Z</time>
      </trkpt>
      <trkpt lat="38.810261" lon="-0.293721">
        <ele>578.369168</ele>
        <time>2026-03-23T11:52:55.381Z</time>
      </trkpt>
      <trkpt lat="38.809060" lon="-0.294556">
        <ele>582.548986</ele>
        <time>2026-03-23T11:53:31.182Z</time>
      </trkpt>
      <trkpt lat="38.808068" lon="-0.295123">
        <ele>585.339736</ele>
        <time>2026-03-23T11:53:58.312Z</time>
      </trkpt>
      <trkpt lat="38.807916" lon="-0.295183">
        <ele>585.747415</ele>
        <time>2026-03-23T11:54:02.432Z</time>
      </trkpt>
      <trkpt lat="38.807753" lon="-0.295144">
        <ele>586.172475</ele>
        <time>2026-03-23T11:54:06.768Z</time>
      </trkpt>
      <trkpt lat="38.807672" lon="-0.295044">
        <ele>586.460614</ele>
        <time>2026-03-23T11:54:09.654Z</time>
      </trkpt>
      <trkpt lat="38.807497" lon="-0.294735">
        <ele>587.211356</ele>
        <time>2026-03-23T11:54:17.541Z</time>
      </trkpt>
      <trkpt lat="38.807402" lon="-0.294677">
        <ele>587.326031</ele>
        <time>2026-03-23T11:54:20.332Z</time>
      </trkpt>
      <trkpt lat="38.807294" lon="-0.294675">
        <ele>587.443767</ele>
        <time>2026-03-23T11:54:23.296Z</time>
      </trkpt>
      <trkpt lat="38.806089" lon="-0.295412">
        <ele>588.898812</ele>
        <time>2026-03-23T11:54:47.457Z</time>
      </trkpt>
      <trkpt lat="38.805747" lon="-0.295507">
        <ele>589.517663</ele>
        <time>2026-03-23T11:54:52.134Z</time>
      </trkpt>
      <trkpt lat="38.805438" lon="-0.295518">
        <ele>590.535866</ele>
        <time>2026-03-23T11:54:57.271Z</time>
      </trkpt>
      <trkpt lat="38.805172" lon="-0.295421">
        <ele>591.446730</ele>
        <time>2026-03-23T11:55:02.679Z</time>
      </trkpt>
      <trkpt lat="38.804947" lon="-0.295252">
        <ele>592.305479</ele>
        <time>2026-03-23T11:55:08.371Z</time>
      </trkpt>
      <trkpt lat="38.804870" lon="-0.295091">
        <ele>592.790367</ele>
        <time>2026-03-23T11:55:12.069Z</time>
      </trkpt>
      <trkpt lat="38.804782" lon="-0.294702">
        <ele>593.830104</ele>
        <time>2026-03-23T11:55:22.669Z</time>
      </trkpt>
      <trkpt lat="38.804701" lon="-0.294602">
        <ele>594.200339</ele>
        <time>2026-03-23T11:55:27.891Z</time>
      </trkpt>
      <trkpt lat="38.804595" lon="-0.294573">
        <ele>594.557338</ele>
        <time>2026-03-23T11:55:33.508Z</time>
      </trkpt>
      <trkpt lat="38.804192" lon="-0.294656">
        <ele>595.508878</ele>
        <time>2026-03-23T11:55:54.386Z</time>
      </trkpt>
      <trkpt lat="38.804054" lon="-0.294640">
        <ele>595.745113</ele>
        <time>2026-03-23T11:56:00.185Z</time>
      </trkpt>
      <trkpt lat="38.803885" lon="-0.294530">
        <ele>596.068187</ele>
        <time>2026-03-23T11:56:06.715Z</time>
      </trkpt>
      <trkpt lat="38.803618" lon="-0.294195">
        <ele>596.704835</ele>
        <time>2026-03-23T11:56:15.888Z</time>
      </trkpt>
      <trkpt lat="38.803468" lon="-0.294126">
        <ele>596.976505</ele>
        <time>2026-03-23T11:56:18.314Z</time>
      </trkpt>
      <trkpt lat="38.803388" lon="-0.294144">
        <ele>597.114978</ele>
        <time>2026-03-23T11:56:19.263Z</time>
      </trkpt>
      <trkpt lat="38.803316" lon="-0.294196">
        <ele>597.255838</ele>
        <time>2026-03-23T11:56:20.340Z</time>
      </trkpt>
      <trkpt lat="38.803244" lon="-0.294337">
        <ele>597.479810</ele>
        <time>2026-03-23T11:56:21.840Z</time>
      </trkpt>
      <trkpt lat="38.803168" lon="-0.294794">
        <ele>598.100668</ele>
        <time>2026-03-23T11:56:25.781Z</time>
      </trkpt>
      <trkpt lat="38.803121" lon="-0.294943">
        <ele>597.999007</ele>
        <time>2026-03-23T11:56:27.031Z</time>
      </trkpt>
      <trkpt lat="38.803023" lon="-0.295066">
        <ele>597.773394</ele>
        <time>2026-03-23T11:56:28.319Z</time>
      </trkpt>
      <trkpt lat="38.802956" lon="-0.295098">
        <ele>597.655735</ele>
        <time>2026-03-23T11:56:28.970Z</time>
      </trkpt>
      <trkpt lat="38.802794" lon="-0.295069">
        <ele>597.386533</ele>
        <time>2026-03-23T11:56:30.442Z</time>
      </trkpt>
      <trkpt lat="38.802718" lon="-0.294993">
        <ele>597.227956</ele>
        <time>2026-03-23T11:56:31.312Z</time>
      </trkpt>
      <trkpt lat="38.802643" lon="-0.294842">
        <ele>596.998294</ele>
        <time>2026-03-23T11:56:32.597Z</time>
      </trkpt>
      <trkpt lat="38.802282" lon="-0.293778">
        <ele>595.509895</ele>
        <time>2026-03-23T11:56:43.478Z</time>
      </trkpt>
      <trkpt lat="38.802115" lon="-0.293413">
        <ele>595.699819</ele>
        <time>2026-03-23T11:56:52.669Z</time>
      </trkpt>
      <trkpt lat="38.801940" lon="-0.293189">
        <ele>596.608532</ele>
        <time>2026-03-23T11:57:00.113Z</time>
      </trkpt>
      <trkpt lat="38.801640" lon="-0.292872">
        <ele>598.037243</ele>
        <time>2026-03-23T11:57:12.361Z</time>
      </trkpt>
      <trkpt lat="38.801554" lon="-0.292816">
        <ele>598.391784</ele>
        <time>2026-03-23T11:57:15.483Z</time>
      </trkpt>
      <trkpt lat="38.801422" lon="-0.292808">
        <ele>598.877598</ele>
        <time>2026-03-23T11:57:19.853Z</time>
      </trkpt>
      <trkpt lat="38.801172" lon="-0.292936">
        <ele>599.867137</ele>
        <time>2026-03-23T11:57:28.677Z</time>
      </trkpt>
      <trkpt lat="38.799994" lon="-0.293827">
        <ele>605.996721</ele>
        <time>2026-03-23T11:58:11.156Z</time>
      </trkpt>
      <trkpt lat="38.798862" lon="-0.294592">
        <ele>611.760338</ele>
        <time>2026-03-23T11:58:59.554Z</time>
      </trkpt>
      <trkpt lat="38.798660" lon="-0.294775">
        <ele>612.516770</ele>
        <time>2026-03-23T11:59:10.582Z</time>
      </trkpt>
      <trkpt lat="38.798227" lon="-0.295304">
        <ele>614.345735</ele>
        <time>2026-03-23T11:59:28.491Z</time>
      </trkpt>
      <trkpt lat="38.798181" lon="-0.295411">
        <ele>614.637072</ele>
        <time>2026-03-23T11:59:30.345Z</time>
      </trkpt>
      <trkpt lat="38.798155" lon="-0.295557">
        <ele>614.994124</ele>
        <time>2026-03-23T11:59:32.345Z</time>
      </trkpt>
      <trkpt lat="38.798162" lon="-0.295672">
        <ele>615.269132</ele>
        <time>2026-03-23T11:59:33.598Z</time>
      </trkpt>
      <trkpt lat="38.798294" lon="-0.296077">
        <ele>616.279212</ele>
        <time>2026-03-23T11:59:38.368Z</time>
      </trkpt>
      <trkpt lat="38.798420" lon="-0.296307">
        <ele>616.240875</ele>
        <time>2026-03-23T11:59:41.008Z</time>
      </trkpt>
      <trkpt lat="38.798695" lon="-0.296681">
        <ele>616.170759</ele>
        <time>2026-03-23T11:59:45.352Z</time>
      </trkpt>
      <trkpt lat="38.798730" lon="-0.296795">
        <ele>616.154051</ele>
        <time>2026-03-23T11:59:46.292Z</time>
      </trkpt>
      <trkpt lat="38.798740" lon="-0.296933">
        <ele>616.135151</ele>
        <time>2026-03-23T11:59:47.353Z</time>
      </trkpt>
      <trkpt lat="38.798720" lon="-0.297096">
        <ele>616.112650</ele>
        <time>2026-03-23T11:59:48.679Z</time>
      </trkpt>
      <trkpt lat="38.798532" lon="-0.297890">
        <ele>615.999490</ele>
        <time>2026-03-23T11:59:59.371Z</time>
      </trkpt>
      <trkpt lat="38.798490" lon="-0.298262">
        <ele>616.101233</ele>
        <time>2026-03-23T12:00:08.194Z</time>
      </trkpt>
      <trkpt lat="38.798448" lon="-0.299123">
        <ele>616.970143</ele>
        <time>2026-03-23T12:00:28.345Z</time>
      </trkpt>
      <trkpt lat="38.798430" lon="-0.299315">
        <ele>617.164923</ele>
        <time>2026-03-23T12:00:32.289Z</time>
      </trkpt>
      <trkpt lat="38.797997" lon="-0.301828">
        <ele>617.578883</ele>
        <time>2026-03-23T12:00:57.978Z</time>
      </trkpt>
      <trkpt lat="38.797873" lon="-0.302069">
        <ele>617.437612</ele>
        <time>2026-03-23T12:01:00.279Z</time>
      </trkpt>
      <trkpt lat="38.797761" lon="-0.302171">
        <ele>617.351403</ele>
        <time>2026-03-23T12:01:01.792Z</time>
      </trkpt>
      <trkpt lat="38.797352" lon="-0.302399">
        <ele>617.628398</ele>
        <time>2026-03-23T12:01:08.355Z</time>
      </trkpt>
      <trkpt lat="38.797226" lon="-0.302380">
        <ele>618.038734</ele>
        <time>2026-03-23T12:01:11.085Z</time>
      </trkpt>
      <trkpt lat="38.797004" lon="-0.302292">
        <ele>618.790249</ele>
        <time>2026-03-23T12:01:16.638Z</time>
      </trkpt>
      <trkpt lat="38.796649" lon="-0.302252">
        <ele>619.942869</ele>
        <time>2026-03-23T12:01:28.694Z</time>
      </trkpt>
      <trkpt lat="38.796362" lon="-0.302054">
        <ele>620.996810</ele>
        <time>2026-03-23T12:01:41.246Z</time>
      </trkpt>
      <trkpt lat="38.796171" lon="-0.301950">
        <ele>621.667900</ele>
        <time>2026-03-23T12:01:49.416Z</time>
      </trkpt>
      <trkpt lat="38.796052" lon="-0.301916">
        <ele>622.062218</ele>
        <time>2026-03-23T12:01:54.205Z</time>
      </trkpt>
      <trkpt lat="38.795949" lon="-0.301943">
        <ele>622.402239</ele>
        <time>2026-03-23T12:01:58.039Z</time>
      </trkpt>
      <trkpt lat="38.795871" lon="-0.302008">
        <ele>622.703060</ele>
        <time>2026-03-23T12:02:01.340Z</time>
      </trkpt>
      <trkpt lat="38.795708" lon="-0.302313">
        <ele>622.633378</ele>
        <time>2026-03-23T12:02:08.018Z</time>
      </trkpt>
      <trkpt lat="38.795625" lon="-0.302420">
        <ele>622.432542</ele>
        <time>2026-03-23T12:02:09.575Z</time>
      </trkpt>
      <trkpt lat="38.795262" lon="-0.302697">
        <ele>621.711620</ele>
        <time>2026-03-23T12:02:14.403Z</time>
      </trkpt>
      <trkpt lat="38.795187" lon="-0.302733">
        <ele>621.574934</ele>
        <time>2026-03-23T12:02:15.314Z</time>
      </trkpt>
      <trkpt lat="38.795008" lon="-0.302748">
        <ele>621.268741</ele>
        <time>2026-03-23T12:02:17.141Z</time>
      </trkpt>
      <trkpt lat="38.794902" lon="-0.302692">
        <ele>621.073068</ele>
        <time>2026-03-23T12:02:18.292Z</time>
      </trkpt>
      <trkpt lat="38.794867" lon="-0.302613">
        <ele>620.952175</ele>
        <time>2026-03-23T12:02:18.960Z</time>
      </trkpt>
      <trkpt lat="38.794829" lon="-0.302356">
        <ele>620.604169</ele>
        <time>2026-03-23T12:02:20.927Z</time>
      </trkpt>
      <trkpt lat="38.794827" lon="-0.301909">
        <ele>620.009480</ele>
        <time>2026-03-23T12:02:24.337Z</time>
      </trkpt>
      <trkpt lat="38.794803" lon="-0.301823">
        <ele>619.868764</ele>
        <time>2026-03-23T12:02:25.001Z</time>
      </trkpt>
      <trkpt lat="38.794724" lon="-0.301710">
        <ele>619.485349</ele>
        <time>2026-03-23T12:02:26.143Z</time>
      </trkpt>
      <trkpt lat="38.794531" lon="-0.301642">
        <ele>618.836736</ele>
        <time>2026-03-23T12:02:28.052Z</time>
      </trkpt>
      <trkpt lat="38.794489" lon="-0.301575">
        <ele>618.619562</ele>
        <time>2026-03-23T12:02:28.733Z</time>
      </trkpt>
      <trkpt lat="38.794106" lon="-0.301224">
        <ele>617.094254</ele>
        <time>2026-03-23T12:02:33.786Z</time>
      </trkpt>
      <trkpt lat="38.793973" lon="-0.301205">
        <ele>616.660575</ele>
        <time>2026-03-23T12:02:35.197Z</time>
      </trkpt>
      <trkpt lat="38.793689" lon="-0.301284">
        <ele>615.718827</ele>
        <time>2026-03-23T12:02:38.271Z</time>
      </trkpt>
      <trkpt lat="38.793607" lon="-0.301231">
        <ele>615.421273</ele>
        <time>2026-03-23T12:02:39.240Z</time>
      </trkpt>
      <trkpt lat="38.793328" lon="-0.300442">
        <ele>612.885108</ele>
        <time>2026-03-23T12:02:46.011Z</time>
      </trkpt>
      <trkpt lat="38.793254" lon="-0.300371">
        <ele>612.462788</ele>
        <time>2026-03-23T12:02:46.926Z</time>
      </trkpt>
      <trkpt lat="38.792980" lon="-0.300244">
        <ele>611.131280</ele>
        <time>2026-03-23T12:02:49.646Z</time>
      </trkpt>
      <trkpt lat="38.792751" lon="-0.300028">
        <ele>609.832252</ele>
        <time>2026-03-23T12:02:52.284Z</time>
      </trkpt>
      <trkpt lat="38.792602" lon="-0.300002">
        <ele>609.144990</ele>
        <time>2026-03-23T12:02:53.723Z</time>
      </trkpt>
      <trkpt lat="38.792422" lon="-0.300051">
        <ele>608.304001</ele>
        <time>2026-03-23T12:02:55.496Z</time>
      </trkpt>
      <trkpt lat="38.792281" lon="-0.300136">
        <ele>607.591981</ele>
        <time>2026-03-23T12:02:57.008Z</time>
      </trkpt>
      <trkpt lat="38.792088" lon="-0.300310">
        <ele>606.513889</ele>
        <time>2026-03-23T12:02:59.294Z</time>
      </trkpt>
      <trkpt lat="38.792007" lon="-0.300324">
        <ele>606.140341</ele>
        <time>2026-03-23T12:03:00.059Z</time>
      </trkpt>
      <trkpt lat="38.791870" lon="-0.300270">
        <ele>605.589932</ele>
        <time>2026-03-23T12:03:01.391Z</time>
      </trkpt>
      <trkpt lat="38.791686" lon="-0.300026">
        <ele>604.718327</ele>
        <time>2026-03-23T12:03:03.819Z</time>
      </trkpt>
      <trkpt lat="38.791611" lon="-0.299868">
        <ele>604.243396</ele>
        <time>2026-03-23T12:03:05.169Z</time>
      </trkpt>
      <trkpt lat="38.791526" lon="-0.299446">
        <ele>603.124418</ele>
        <time>2026-03-23T12:03:08.416Z</time>
      </trkpt>
      <trkpt lat="38.791465" lon="-0.299339">
        <ele>602.784083</ele>
        <time>2026-03-23T12:03:09.490Z</time>
      </trkpt>
      <trkpt lat="38.791354" lon="-0.299232">
        <ele>602.326777</ele>
        <time>2026-03-23T12:03:11.036Z</time>
      </trkpt>
      <trkpt lat="38.791205" lon="-0.299138">
        <ele>601.779881</ele>
        <time>2026-03-23T12:03:12.889Z</time>
      </trkpt>
      <trkpt lat="38.791052" lon="-0.298977">
        <ele>601.128108</ele>
        <time>2026-03-23T12:03:15.057Z</time>
      </trkpt>
      <trkpt lat="38.790820" lon="-0.298600">
        <ele>599.919565</ele>
        <time>2026-03-23T12:03:19.125Z</time>
      </trkpt>
      <trkpt lat="38.790621" lon="-0.298348">
        <ele>599.557334</ele>
        <time>2026-03-23T12:03:22.357Z</time>
      </trkpt>
      <trkpt lat="38.790578" lon="-0.298257">
        <ele>599.449879</ele>
        <time>2026-03-23T12:03:23.353Z</time>
      </trkpt>
      <trkpt lat="38.790567" lon="-0.298158">
        <ele>599.348903</ele>
        <time>2026-03-23T12:03:24.307Z</time>
      </trkpt>
      <trkpt lat="38.790577" lon="-0.298095">
        <ele>599.283982</ele>
        <time>2026-03-23T12:03:24.906Z</time>
      </trkpt>
      <trkpt lat="38.790756" lon="-0.297759">
        <ele>598.873028</ele>
        <time>2026-03-23T12:03:29.447Z</time>
      </trkpt>
      <trkpt lat="38.790798" lon="-0.297632">
        <ele>598.733723</ele>
        <time>2026-03-23T12:03:30.832Z</time>
      </trkpt>
      <trkpt lat="38.790771" lon="-0.297393">
        <ele>598.489870</ele>
        <time>2026-03-23T12:03:33.115Z</time>
      </trkpt>
      <trkpt lat="38.790713" lon="-0.297295">
        <ele>598.365620</ele>
        <time>2026-03-23T12:03:34.251Z</time>
      </trkpt>
      <trkpt lat="38.790515" lon="-0.297129">
        <ele>598.059202</ele>
        <time>2026-03-23T12:03:36.944Z</time>
      </trkpt>
      <trkpt lat="38.790236" lon="-0.297078">
        <ele>597.694111</ele>
        <time>2026-03-23T12:03:40.182Z</time>
      </trkpt>
      <trkpt lat="38.789889" lon="-0.297043">
        <ele>596.634507</ele>
        <time>2026-03-23T12:03:44.314Z</time>
      </trkpt>
      <trkpt lat="38.789734" lon="-0.296996">
        <ele>596.081446</ele>
        <time>2026-03-23T12:03:46.090Z</time>
      </trkpt>
      <trkpt lat="38.789552" lon="-0.296893">
        <ele>595.390700</ele>
        <time>2026-03-23T12:03:48.121Z</time>
      </trkpt>
      <trkpt lat="38.789127" lon="-0.296580">
        <ele>593.689028</ele>
        <time>2026-03-23T12:03:52.817Z</time>
      </trkpt>
      <trkpt lat="38.788807" lon="-0.296503">
        <ele>592.558463</ele>
        <time>2026-03-23T12:03:55.958Z</time>
      </trkpt>
      <trkpt lat="38.788467" lon="-0.296483">
        <ele>591.376584</ele>
        <time>2026-03-23T12:03:59.238Z</time>
      </trkpt>
      <trkpt lat="38.788260" lon="-0.296367">
        <ele>590.394690</ele>
        <time>2026-03-23T12:04:01.399Z</time>
      </trkpt>
      <trkpt lat="38.787408" lon="-0.295403">
        <ele>585.434728</ele>
        <time>2026-03-23T12:04:12.310Z</time>
      </trkpt>
      <trkpt lat="38.787261" lon="-0.295123">
        <ele>584.285820</ele>
        <time>2026-03-23T12:04:14.937Z</time>
      </trkpt>
      <trkpt lat="38.787135" lon="-0.294729">
        <ele>582.747362</ele>
        <time>2026-03-23T12:04:18.159Z</time>
      </trkpt>
      <trkpt lat="38.787081" lon="-0.294622">
        <ele>582.255870</ele>
        <time>2026-03-23T12:04:19.113Z</time>
      </trkpt>
      <trkpt lat="38.786741" lon="-0.294157">
        <ele>579.797568</ele>
        <time>2026-03-23T12:04:23.817Z</time>
      </trkpt>
      <trkpt lat="38.786586" lon="-0.293934">
        <ele>578.645527</ele>
        <time>2026-03-23T12:04:25.983Z</time>
      </trkpt>
      <trkpt lat="38.786468" lon="-0.293615">
        <ele>577.284053</ele>
        <time>2026-03-23T12:04:28.546Z</time>
      </trkpt>
      <trkpt lat="38.786261" lon="-0.292762">
        <ele>573.958749</ele>
        <time>2026-03-23T12:04:35.019Z</time>
      </trkpt>
      <trkpt lat="38.786253" lon="-0.292408">
        <ele>572.804966</ele>
        <time>2026-03-23T12:04:37.638Z</time>
      </trkpt>
      <trkpt lat="38.786294" lon="-0.292168">
        <ele>572.004512</ele>
        <time>2026-03-23T12:04:39.496Z</time>
      </trkpt>
      <trkpt lat="38.786567" lon="-0.291294">
        <ele>568.937002</ele>
        <time>2026-03-23T12:04:46.837Z</time>
      </trkpt>
      <trkpt lat="38.786627" lon="-0.291129">
        <ele>568.343834</ele>
        <time>2026-03-23T12:04:48.259Z</time>
      </trkpt>
      <trkpt lat="38.786822" lon="-0.290746">
        <ele>566.829582</ele>
        <time>2026-03-23T12:04:51.769Z</time>
      </trkpt>
      <trkpt lat="38.786870" lon="-0.290598">
        <ele>566.255011</ele>
        <time>2026-03-23T12:04:52.985Z</time>
      </trkpt>
      <trkpt lat="38.786912" lon="-0.290313">
        <ele>565.215373</ele>
        <time>2026-03-23T12:04:55.146Z</time>
      </trkpt>
      <trkpt lat="38.786904" lon="-0.290094">
        <ele>564.429538</ele>
        <time>2026-03-23T12:04:56.758Z</time>
      </trkpt>
      <trkpt lat="38.786800" lon="-0.289746">
        <ele>563.093648</ele>
        <time>2026-03-23T12:04:59.462Z</time>
      </trkpt>
      <trkpt lat="38.786407" lon="-0.289082">
        <ele>560.105280</ele>
        <time>2026-03-23T12:05:05.488Z</time>
      </trkpt>
      <trkpt lat="38.786344" lon="-0.288922">
        <ele>559.462763</ele>
        <time>2026-03-23T12:05:06.824Z</time>
      </trkpt>
      <trkpt lat="38.786292" lon="-0.288699">
        <ele>558.819061</ele>
        <time>2026-03-23T12:05:08.593Z</time>
      </trkpt>
      <trkpt lat="38.786274" lon="-0.288433">
        <ele>558.809235</ele>
        <time>2026-03-23T12:05:10.684Z</time>
      </trkpt>
      <trkpt lat="38.786290" lon="-0.288304">
        <ele>558.804427</ele>
        <time>2026-03-23T12:05:11.753Z</time>
      </trkpt>
      <trkpt lat="38.786524" lon="-0.287242">
        <ele>558.763811</ele>
        <time>2026-03-23T12:05:22.263Z</time>
      </trkpt>
      <trkpt lat="38.786507" lon="-0.286892">
        <ele>558.750904</ele>
        <time>2026-03-23T12:05:28.434Z</time>
      </trkpt>
      <trkpt lat="38.786303" lon="-0.286271">
        <ele>560.785290</ele>
        <time>2026-03-23T12:05:44.488Z</time>
      </trkpt>
      <trkpt lat="38.786274" lon="-0.285843">
        <ele>564.021060</ele>
        <time>2026-03-23T12:05:57.276Z</time>
      </trkpt>
      <trkpt lat="38.786322" lon="-0.284578">
        <ele>573.560079</ele>
        <time>2026-03-23T12:06:55.337Z</time>
      </trkpt>
      <trkpt lat="38.786393" lon="-0.284187">
        <ele>576.766741</ele>
        <time>2026-03-23T12:07:18.939Z</time>
      </trkpt>
      <trkpt lat="38.786453" lon="-0.284011">
        <ele>578.778519</ele>
        <time>2026-03-23T12:07:30.531Z</time>
      </trkpt>
      <trkpt lat="38.786562" lon="-0.283847">
        <ele>581.035634</ele>
        <time>2026-03-23T12:07:43.447Z</time>
      </trkpt>
      <trkpt lat="38.786898" lon="-0.283598">
        <ele>586.248997</ele>
        <time>2026-03-23T12:08:13.638Z</time>
      </trkpt>
      <trkpt lat="38.786967" lon="-0.283518">
        <ele>587.498537</ele>
        <time>2026-03-23T12:08:20.968Z</time>
      </trkpt>
      <trkpt lat="38.787200" lon="-0.283064">
        <ele>593.191155</ele>
        <time>2026-03-23T12:08:52.927Z</time>
      </trkpt>
      <trkpt lat="38.787289" lon="-0.282934">
        <ele>595.003159</ele>
        <time>2026-03-23T12:09:01.799Z</time>
      </trkpt>
      <trkpt lat="38.787370" lon="-0.282877">
        <ele>596.244398</ele>
        <time>2026-03-23T12:09:07.998Z</time>
      </trkpt>
      <trkpt lat="38.787850" lon="-0.282679">
        <ele>601.381227</ele>
        <time>2026-03-23T12:09:37.511Z</time>
      </trkpt>
      <trkpt lat="38.787976" lon="-0.282598">
        <ele>602.142173</ele>
        <time>2026-03-23T12:09:43.926Z</time>
      </trkpt>
      <trkpt lat="38.788066" lon="-0.282471">
        <ele>602.864543</ele>
        <time>2026-03-23T12:09:49.319Z</time>
      </trkpt>
      <trkpt lat="38.788082" lon="-0.282396">
        <ele>603.191797</ele>
        <time>2026-03-23T12:09:51.615Z</time>
      </trkpt>
      <trkpt lat="38.788071" lon="-0.282229">
        <ele>603.897138</ele>
        <time>2026-03-23T12:09:55.829Z</time>
      </trkpt>
      <trkpt lat="38.788056" lon="-0.282122">
        <ele>604.354683</ele>
        <time>2026-03-23T12:09:58.593Z</time>
      </trkpt>
      <trkpt lat="38.788049" lon="-0.281953">
        <ele>605.066941</ele>
        <time>2026-03-23T12:10:02.482Z</time>
      </trkpt>
      <trkpt lat="38.788162" lon="-0.281697">
        <ele>606.305102</ele>
        <time>2026-03-23T12:10:08.187Z</time>
      </trkpt>
      <trkpt lat="38.788338" lon="-0.281507">
        <ele>607.547054</ele>
        <time>2026-03-23T12:10:13.585Z</time>
      </trkpt>
      <trkpt lat="38.788605" lon="-0.281328">
        <ele>609.173639</ele>
        <time>2026-03-23T12:10:21.235Z</time>
      </trkpt>
      <trkpt lat="38.788756" lon="-0.281176">
        <ele>610.182278</ele>
        <time>2026-03-23T12:10:27.087Z</time>
      </trkpt>
      <trkpt lat="38.788903" lon="-0.280849">
        <ele>611.568746</ele>
        <time>2026-03-23T12:10:36.552Z</time>
      </trkpt>
      <trkpt lat="38.788931" lon="-0.280683">
        <ele>612.192558</ele>
        <time>2026-03-23T12:10:41.128Z</time>
      </trkpt>
      <trkpt lat="38.788872" lon="-0.280490">
        <ele>612.953995</ele>
        <time>2026-03-23T12:10:47.151Z</time>
      </trkpt>
      <trkpt lat="38.788424" lon="-0.280064">
        <ele>615.581649</ele>
        <time>2026-03-23T12:11:09.457Z</time>
      </trkpt>
      <trkpt lat="38.788352" lon="-0.279963">
        <ele>616.084361</ele>
        <time>2026-03-23T12:11:13.641Z</time>
      </trkpt>
      <trkpt lat="38.788259" lon="-0.279735">
        <ele>617.029519</ele>
        <time>2026-03-23T12:11:21.294Z</time>
      </trkpt>
      <trkpt lat="38.788211" lon="-0.279390">
        <ele>618.316707</ele>
        <time>2026-03-23T12:11:31.077Z</time>
      </trkpt>
      <trkpt lat="38.788178" lon="-0.278536">
        <ele>618.249800</ele>
        <time>2026-03-23T12:11:45.465Z</time>
      </trkpt>
      <trkpt lat="38.787800" lon="-0.276247">
        <ele>616.464046</ele>
        <time>2026-03-23T12:12:05.107Z</time>
      </trkpt>
      <trkpt lat="38.787870" lon="-0.275168">
        <ele>614.691331</ele>
        <time>2026-03-23T12:12:14.455Z</time>
      </trkpt>
      <trkpt lat="38.788126" lon="-0.271886">
        <ele>610.271676</ele>
        <time>2026-03-23T12:12:42.442Z</time>
      </trkpt>
      <trkpt lat="38.788165" lon="-0.271713">
        <ele>610.261272</ele>
        <time>2026-03-23T12:12:43.935Z</time>
      </trkpt>
      <trkpt lat="38.788236" lon="-0.271543">
        <ele>610.250130</ele>
        <time>2026-03-23T12:12:45.587Z</time>
      </trkpt>
      <trkpt lat="38.788394" lon="-0.271323">
        <ele>610.232849</ele>
        <time>2026-03-23T12:12:48.329Z</time>
      </trkpt>
      <trkpt lat="38.788526" lon="-0.271207">
        <ele>610.220991</ele>
        <time>2026-03-23T12:12:50.505Z</time>
      </trkpt>
      <trkpt lat="38.789090" lon="-0.270913">
        <ele>610.175872</ele>
        <time>2026-03-23T12:13:02.858Z</time>
      </trkpt>
      <trkpt lat="38.789621" lon="-0.270590">
        <ele>613.582590</ele>
        <time>2026-03-23T12:13:23.322Z</time>
      </trkpt>
      <trkpt lat="38.789692" lon="-0.270511">
        <ele>614.155821</ele>
        <time>2026-03-23T12:13:27.248Z</time>
      </trkpt>
      <trkpt lat="38.789767" lon="-0.270283">
        <ele>615.332339</ele>
        <time>2026-03-23T12:13:35.506Z</time>
      </trkpt>
      <trkpt lat="38.789744" lon="-0.269695">
        <ele>618.131290</ele>
        <time>2026-03-23T12:13:56.192Z</time>
      </trkpt>
      <trkpt lat="38.789758" lon="-0.269520">
        <ele>618.967635</ele>
        <time>2026-03-23T12:14:02.416Z</time>
      </trkpt>
      <trkpt lat="38.789889" lon="-0.269001">
        <ele>621.630001</ele>
        <time>2026-03-23T12:14:21.271Z</time>
      </trkpt>
      <trkpt lat="38.790142" lon="-0.268147">
        <ele>626.690437</ele>
        <time>2026-03-23T12:14:52.251Z</time>
      </trkpt>
      <trkpt lat="38.790257" lon="-0.267934">
        <ele>628.125630</ele>
        <time>2026-03-23T12:15:01.034Z</time>
      </trkpt>
      <trkpt lat="38.790311" lon="-0.267883">
        <ele>628.602133</ele>
        <time>2026-03-23T12:15:03.944Z</time>
      </trkpt>
      <trkpt lat="38.790467" lon="-0.267855">
        <ele>629.721510</ele>
        <time>2026-03-23T12:15:10.786Z</time>
      </trkpt>
      <trkpt lat="38.790953" lon="-0.267938">
        <ele>633.205630</ele>
        <time>2026-03-23T12:15:32.115Z</time>
      </trkpt>
      <trkpt lat="38.791502" lon="-0.267777">
        <ele>636.585180</ele>
        <time>2026-03-23T12:15:56.021Z</time>
      </trkpt>
      <trkpt lat="38.792111" lon="-0.267558">
        <ele>640.227224</ele>
        <time>2026-03-23T12:16:20.848Z</time>
      </trkpt>
      <trkpt lat="38.793141" lon="-0.266572">
        <ele>646.277524</ele>
        <time>2026-03-23T12:17:03.457Z</time>
      </trkpt>
      <trkpt lat="38.793279" lon="-0.266438">
        <ele>646.871816</ele>
        <time>2026-03-23T12:17:08.763Z</time>
      </trkpt>
      <trkpt lat="38.793953" lon="-0.265329">
        <ele>650.458940</ele>
        <time>2026-03-23T12:17:38.340Z</time>
      </trkpt>
      <trkpt lat="38.793979" lon="-0.265101">
        <ele>650.456189</ele>
        <time>2026-03-23T12:17:42.212Z</time>
      </trkpt>
      <trkpt lat="38.793946" lon="-0.264742">
        <ele>650.451873</ele>
        <time>2026-03-23T12:17:47.774Z</time>
      </trkpt>
      <trkpt lat="38.793897" lon="-0.264332">
        <ele>650.446920</ele>
        <time>2026-03-23T12:17:53.116Z</time>
      </trkpt>
      <trkpt lat="38.793790" lon="-0.263926">
        <ele>650.441804</ele>
        <time>2026-03-23T12:17:57.537Z</time>
      </trkpt>
      <trkpt lat="38.793655" lon="-0.263453">
        <ele>650.435790</ele>
        <time>2026-03-23T12:18:02.110Z</time>
      </trkpt>
      <trkpt lat="38.793645" lon="-0.263114">
        <ele>650.354947</ele>
        <time>2026-03-23T12:18:05.044Z</time>
      </trkpt>
      <trkpt lat="38.793695" lon="-0.262904">
        <ele>649.887444</ele>
        <time>2026-03-23T12:18:06.911Z</time>
      </trkpt>
      <trkpt lat="38.793925" lon="-0.262267">
        <ele>648.392765</ele>
        <time>2026-03-23T12:18:12.732Z</time>
      </trkpt>
      <trkpt lat="38.794064" lon="-0.261937">
        <ele>647.594136</ele>
        <time>2026-03-23T12:18:15.768Z</time>
      </trkpt>
      <trkpt lat="38.794139" lon="-0.261516">
        <ele>646.674685</ele>
        <time>2026-03-23T12:18:19.213Z</time>
      </trkpt>
      <trkpt lat="38.794262" lon="-0.260326">
        <ele>643.694401</ele>
        <time>2026-03-23T12:18:28.549Z</time>
      </trkpt>
      <trkpt lat="38.794228" lon="-0.259219">
        <ele>640.620461</ele>
        <time>2026-03-23T12:18:37.000Z</time>
      </trkpt>
      <trkpt lat="38.794290" lon="-0.258997">
        <ele>639.966135</ele>
        <time>2026-03-23T12:18:38.822Z</time>
      </trkpt>
      <trkpt lat="38.794305" lon="-0.258956">
        <ele>639.840464</ele>
        <time>2026-03-23T12:18:39.172Z</time>
      </trkpt>
      <trkpt lat="38.794440" lon="-0.258597">
        <ele>638.902437</ele>
        <time>2026-03-23T12:18:42.320Z</time>
      </trkpt>
      <trkpt lat="38.794522" lon="-0.258261">
        <ele>638.355901</ele>
        <time>2026-03-23T12:18:45.174Z</time>
      </trkpt>
      <trkpt lat="38.794494" lon="-0.257719">
        <ele>637.512719</ele>
        <time>2026-03-23T12:18:49.704Z</time>
      </trkpt>
      <trkpt lat="38.794367" lon="-0.257119">
        <ele>636.547616</ele>
        <time>2026-03-23T12:18:55.281Z</time>
      </trkpt>
      <trkpt lat="38.794329" lon="-0.256789">
        <ele>636.029802</ele>
        <time>2026-03-23T12:18:58.365Z</time>
      </trkpt>
      <trkpt lat="38.794317" lon="-0.256336">
        <ele>635.550334</ele>
        <time>2026-03-23T12:19:02.518Z</time>
      </trkpt>
      <trkpt lat="38.794315" lon="-0.255871">
        <ele>635.609041</ele>
        <time>2026-03-23T12:19:06.898Z</time>
      </trkpt>
      <trkpt lat="38.794351" lon="-0.255589">
        <ele>635.645118</ele>
        <time>2026-03-23T12:19:09.881Z</time>
      </trkpt>
      <trkpt lat="38.794461" lon="-0.254987">
        <ele>635.723181</ele>
        <time>2026-03-23T12:19:18.408Z</time>
      </trkpt>
      <trkpt lat="38.794502" lon="-0.254874">
        <ele>635.738917</ele>
        <time>2026-03-23T12:19:20.380Z</time>
      </trkpt>
      <trkpt lat="38.794306" lon="-0.254594">
        <ele>635.786432</ele>
        <time>2026-03-23T12:19:26.417Z</time>
      </trkpt>
      <trkpt lat="38.794078" lon="-0.254192">
        <ele>635.794231</ele>
        <time>2026-03-23T12:19:33.733Z</time>
      </trkpt>
      <trkpt lat="38.794063" lon="-0.254119">
        <ele>635.782266</ele>
        <time>2026-03-23T12:19:34.817Z</time>
      </trkpt>
      <trkpt lat="38.794073" lon="-0.253964">
        <ele>635.757616</ele>
        <time>2026-03-23T12:19:36.832Z</time>
      </trkpt>
      <trkpt lat="38.794165" lon="-0.253733">
        <ele>635.716502</ele>
        <time>2026-03-23T12:19:40.041Z</time>
      </trkpt>
      <trkpt lat="38.794232" lon="-0.253583">
        <ele>635.689101</ele>
        <time>2026-03-23T12:19:42.166Z</time>
      </trkpt>
      <trkpt lat="38.794165" lon="-0.253733">
        <ele>635.661700</ele>
        <time>2026-03-23T12:19:44.057Z</time>
      </trkpt>
      <trkpt lat="38.794073" lon="-0.253964">
        <ele>635.620586</ele>
        <time>2026-03-23T12:19:46.868Z</time>
      </trkpt>
      <trkpt lat="38.794063" lon="-0.254119">
        <ele>635.595936</ele>
        <time>2026-03-23T12:19:48.488Z</time>
      </trkpt>
      <trkpt lat="38.794078" lon="-0.254192">
        <ele>635.583971</ele>
        <time>2026-03-23T12:19:49.225Z</time>
      </trkpt>
      <trkpt lat="38.794306" lon="-0.254594">
        <ele>635.505174</ele>
        <time>2026-03-23T12:19:53.960Z</time>
      </trkpt>
      <trkpt lat="38.794502" lon="-0.254874">
        <ele>635.483437</ele>
        <time>2026-03-23T12:19:57.350Z</time>
      </trkpt>
      <trkpt lat="38.794461" lon="-0.254987">
        <ele>635.518956</ele>
        <time>2026-03-23T12:19:58.490Z</time>
      </trkpt>
      <trkpt lat="38.794351" lon="-0.255589">
        <ele>635.695154</ele>
        <time>2026-03-23T12:20:04.646Z</time>
      </trkpt>
      <trkpt lat="38.794315" lon="-0.255871">
        <ele>635.776584</ele>
        <time>2026-03-23T12:20:08.335Z</time>
      </trkpt>
      <trkpt lat="38.794317" lon="-0.256336">
        <ele>635.909094</ele>
        <time>2026-03-23T12:20:15.294Z</time>
      </trkpt>
      <trkpt lat="38.794329" lon="-0.256789">
        <ele>636.038256</ele>
        <time>2026-03-23T12:20:22.358Z</time>
      </trkpt>
      <trkpt lat="38.794367" lon="-0.257119">
        <ele>636.231955</ele>
        <time>2026-03-23T12:20:27.514Z</time>
      </trkpt>
      <trkpt lat="38.794494" lon="-0.257719">
        <ele>637.460388</ele>
        <time>2026-03-23T12:20:37.620Z</time>
      </trkpt>
      <trkpt lat="38.794522" lon="-0.258261">
        <ele>638.533632</ele>
        <time>2026-03-23T12:20:47.840Z</time>
      </trkpt>
      <trkpt lat="38.794440" lon="-0.258597">
        <ele>639.229292</ele>
        <time>2026-03-23T12:20:54.924Z</time>
      </trkpt>
      <trkpt lat="38.794305" lon="-0.258956">
        <ele>640.016857</ele>
        <time>2026-03-23T12:21:03.526Z</time>
      </trkpt>
      <trkpt lat="38.794290" lon="-0.258997">
        <ele>640.106347</ele>
        <time>2026-03-23T12:21:04.559Z</time>
      </trkpt>
      <trkpt lat="38.794228" lon="-0.259219">
        <ele>640.572289</ele>
        <time>2026-03-23T12:21:09.988Z</time>
      </trkpt>
      <trkpt lat="38.794262" lon="-0.260326">
        <ele>643.585205</ele>
        <time>2026-03-23T12:21:36.391Z</time>
      </trkpt>
      <trkpt lat="38.794139" lon="-0.261516">
        <ele>646.894411</ele>
        <time>2026-03-23T12:22:03.439Z</time>
      </trkpt>
      <trkpt lat="38.794064" lon="-0.261937">
        <ele>647.707264</ele>
        <time>2026-03-23T12:22:12.495Z</time>
      </trkpt>
      <trkpt lat="38.793925" lon="-0.262267">
        <ele>648.368283</ele>
        <time>2026-03-23T12:22:20.136Z</time>
      </trkpt>
      <trkpt lat="38.793695" lon="-0.262904">
        <ele>649.605418</ele>
        <time>2026-03-23T12:22:33.488Z</time>
      </trkpt>
      <trkpt lat="38.793645" lon="-0.263114">
        <ele>649.992366</ele>
        <time>2026-03-23T12:22:37.460Z</time>
      </trkpt>
      <trkpt lat="38.793655" lon="-0.263453">
        <ele>650.590187</ele>
        <time>2026-03-23T12:22:43.345Z</time>
      </trkpt>
      <trkpt lat="38.793790" lon="-0.263926">
        <ele>650.941204</ele>
        <time>2026-03-23T12:22:51.340Z</time>
      </trkpt>
      <trkpt lat="38.793897" lon="-0.264332">
        <ele>650.610089</ele>
        <time>2026-03-23T12:22:56.955Z</time>
      </trkpt>
      <trkpt lat="38.793946" lon="-0.264742">
        <ele>650.289627</ele>
        <time>2026-03-23T12:23:01.306Z</time>
      </trkpt>
      <trkpt lat="38.793979" lon="-0.265101">
        <ele>650.010348</ele>
        <time>2026-03-23T12:23:04.662Z</time>
      </trkpt>
      <trkpt lat="38.793953" lon="-0.265329">
        <ele>649.832324</ele>
        <time>2026-03-23T12:23:06.681Z</time>
      </trkpt>
      <trkpt lat="38.793279" lon="-0.266438">
        <ele>646.985523</ele>
        <time>2026-03-23T12:23:17.888Z</time>
      </trkpt>
      <trkpt lat="38.793141" lon="-0.266572">
        <ele>646.289724</ele>
        <time>2026-03-23T12:23:19.585Z</time>
      </trkpt>
      <trkpt lat="38.792614" lon="-0.267076">
        <ele>643.647110</ele>
        <time>2026-03-23T12:23:25.960Z</time>
      </trkpt>
      <trkpt lat="38.792111" lon="-0.267558">
        <ele>640.567661</ele>
        <time>2026-03-23T12:23:31.883Z</time>
      </trkpt>
      <trkpt lat="38.791502" lon="-0.267777">
        <ele>636.565215</ele>
        <time>2026-03-23T12:23:37.676Z</time>
      </trkpt>
      <trkpt lat="38.790953" lon="-0.267938">
        <ele>633.001383</ele>
        <time>2026-03-23T12:23:42.738Z</time>
      </trkpt>
      <trkpt lat="38.790467" lon="-0.267855">
        <ele>629.787590</ele>
        <time>2026-03-23T12:23:47.134Z</time>
      </trkpt>
      <trkpt lat="38.790311" lon="-0.267883">
        <ele>628.653938</ele>
        <time>2026-03-23T12:23:48.541Z</time>
      </trkpt>
      <trkpt lat="38.790257" lon="-0.267934">
        <ele>628.171358</ele>
        <time>2026-03-23T12:23:49.143Z</time>
      </trkpt>
      <trkpt lat="38.790142" lon="-0.268147">
        <ele>626.717862</ele>
        <time>2026-03-23T12:23:50.950Z</time>
      </trkpt>
      <trkpt lat="38.789889" lon="-0.269001">
        <ele>621.592891</ele>
        <time>2026-03-23T12:23:57.332Z</time>
      </trkpt>
      <trkpt lat="38.789758" lon="-0.269520">
        <ele>618.532645</ele>
        <time>2026-03-23T12:24:01.123Z</time>
      </trkpt>
      <trkpt lat="38.789744" lon="-0.269695">
        <ele>617.612539</ele>
        <time>2026-03-23T12:24:02.347Z</time>
      </trkpt>
      <trkpt lat="38.789767" lon="-0.270283">
        <ele>615.322075</ele>
        <time>2026-03-23T12:24:06.426Z</time>
      </trkpt>
      <trkpt lat="38.789692" lon="-0.270511">
        <ele>614.359295</ele>
        <time>2026-03-23T12:24:08.161Z</time>
      </trkpt>
      <trkpt lat="38.789621" lon="-0.270590">
        <ele>613.890203</ele>
        <time>2026-03-23T12:24:09.008Z</time>
      </trkpt>
      <trkpt lat="38.789090" lon="-0.270913">
        <ele>610.957020</ele>
        <time>2026-03-23T12:24:14.556Z</time>
      </trkpt>
      <trkpt lat="38.788526" lon="-0.271207">
        <ele>608.561184</ele>
        <time>2026-03-23T12:24:21.357Z</time>
      </trkpt>
      <trkpt lat="38.788394" lon="-0.271323">
        <ele>608.354216</ele>
        <time>2026-03-23T12:24:23.347Z</time>
      </trkpt>
      <trkpt lat="38.788236" lon="-0.271543">
        <ele>608.052590</ele>
        <time>2026-03-23T12:24:26.531Z</time>
      </trkpt>
      <trkpt lat="38.788165" lon="-0.271713">
        <ele>607.858126</ele>
        <time>2026-03-23T12:24:28.723Z</time>
      </trkpt>
      <trkpt lat="38.788126" lon="-0.271886">
        <ele>607.676542</ele>
        <time>2026-03-23T12:24:30.835Z</time>
      </trkpt>
      <trkpt lat="38.787614" lon="-0.271883">
        <ele>607.014230</ele>
        <time>2026-03-23T12:24:38.074Z</time>
      </trkpt>
      <trkpt lat="38.785185" lon="-0.271837">
        <ele>600.768877</ele>
        <time>2026-03-23T12:25:03.340Z</time>
      </trkpt>
      <trkpt lat="38.785007" lon="-0.271807">
        <ele>600.103363</ele>
        <time>2026-03-23T12:25:05.113Z</time>
      </trkpt>
      <trkpt lat="38.784868" lon="-0.271743">
        <ele>599.555909</ele>
        <time>2026-03-23T12:25:06.572Z</time>
      </trkpt>
      <trkpt lat="38.784092" lon="-0.271389">
        <ele>596.502821</ele>
        <time>2026-03-23T12:25:14.636Z</time>
      </trkpt>
      <trkpt lat="38.783350" lon="-0.271065">
        <ele>594.841991</ele>
        <time>2026-03-23T12:25:22.133Z</time>
      </trkpt>
      <trkpt lat="38.782507" lon="-0.270836">
        <ele>594.824183</ele>
        <time>2026-03-23T12:25:32.973Z</time>
      </trkpt>
      <trkpt lat="38.782375" lon="-0.270762">
        <ele>594.821206</ele>
        <time>2026-03-23T12:25:36.205Z</time>
      </trkpt>
      <trkpt lat="38.782325" lon="-0.270693">
        <ele>594.819688</ele>
        <time>2026-03-23T12:25:38.065Z</time>
      </trkpt>
      <trkpt lat="38.782158" lon="-0.270291">
        <ele>594.812350</ele>
        <time>2026-03-23T12:25:47.993Z</time>
      </trkpt>
      <trkpt lat="38.782045" lon="-0.269950">
        <ele>596.432753</ele>
        <time>2026-03-23T12:25:57.929Z</time>
      </trkpt>
      <trkpt lat="38.782038" lon="-0.269840">
        <ele>596.964752</ele>
        <time>2026-03-23T12:26:01.212Z</time>
      </trkpt>
      <trkpt lat="38.782061" lon="-0.269731">
        <ele>597.509074</ele>
        <time>2026-03-23T12:26:04.653Z</time>
      </trkpt>
      <trkpt lat="38.782317" lon="-0.269265">
        <ele>600.257086</ele>
        <time>2026-03-23T12:26:24.894Z</time>
      </trkpt>
      <trkpt lat="38.782334" lon="-0.269169">
        <ele>600.731624</ele>
        <time>2026-03-23T12:26:28.501Z</time>
      </trkpt>
      <trkpt lat="38.782300" lon="-0.269029">
        <ele>601.438456</ele>
        <time>2026-03-23T12:26:33.769Z</time>
      </trkpt>
      <trkpt lat="38.782241" lon="-0.268961">
        <ele>601.928907</ele>
        <time>2026-03-23T12:26:37.501Z</time>
      </trkpt>
      <trkpt lat="38.782165" lon="-0.268931">
        <ele>602.420605</ele>
        <time>2026-03-23T12:26:40.991Z</time>
      </trkpt>
      <trkpt lat="38.782050" lon="-0.268968">
        <ele>603.153741</ele>
        <time>2026-03-23T12:26:45.944Z</time>
      </trkpt>
      <trkpt lat="38.781749" lon="-0.269446">
        <ele>606.100127</ele>
        <time>2026-03-23T12:27:04.748Z</time>
      </trkpt>
      <trkpt lat="38.781508" lon="-0.269881">
        <ele>608.452246</ele>
        <time>2026-03-23T12:27:20.585Z</time>
      </trkpt>
      <trkpt lat="38.781366" lon="-0.270249">
        <ele>610.262020</ele>
        <time>2026-03-23T12:27:32.115Z</time>
      </trkpt>
      <trkpt lat="38.781313" lon="-0.270790">
        <ele>612.665214</ele>
        <time>2026-03-23T12:27:47.049Z</time>
      </trkpt>
      <trkpt lat="38.781471" lon="-0.271620">
        <ele>616.522375</ele>
        <time>2026-03-23T12:28:11.585Z</time>
      </trkpt>
      <trkpt lat="38.781345" lon="-0.272246">
        <ele>620.167436</ele>
        <time>2026-03-23T12:28:32.450Z</time>
      </trkpt>
      <trkpt lat="38.781307" lon="-0.272333">
        <ele>620.729679</ele>
        <time>2026-03-23T12:28:35.786Z</time>
      </trkpt>
      <trkpt lat="38.781248" lon="-0.272382">
        <ele>621.238006</ele>
        <time>2026-03-23T12:28:38.784Z</time>
      </trkpt>
      <trkpt lat="38.781180" lon="-0.272402">
        <ele>621.742564</ele>
        <time>2026-03-23T12:28:41.842Z</time>
      </trkpt>
      <trkpt lat="38.780903" lon="-0.272388">
        <ele>623.747467</ele>
        <time>2026-03-23T12:28:54.149Z</time>
      </trkpt>
      <trkpt lat="38.780799" lon="-0.272311">
        <ele>624.615917</ele>
        <time>2026-03-23T12:28:59.694Z</time>
      </trkpt>
      <trkpt lat="38.780770" lon="-0.272252">
        <ele>625.009157</ele>
        <time>2026-03-23T12:29:02.251Z</time>
      </trkpt>
      <trkpt lat="38.780730" lon="-0.271793">
        <ele>627.613088</ele>
        <time>2026-03-23T12:29:19.506Z</time>
      </trkpt>
      <trkpt lat="38.780539" lon="-0.271114">
        <ele>631.755463</ele>
        <time>2026-03-23T12:29:46.511Z</time>
      </trkpt>
      <trkpt lat="38.780479" lon="-0.270971">
        <ele>632.696906</ele>
        <time>2026-03-23T12:29:52.440Z</time>
      </trkpt>
      <trkpt lat="38.780148" lon="-0.270542">
        <ele>636.196053</ele>
        <time>2026-03-23T12:30:13.480Z</time>
      </trkpt>
      <trkpt lat="38.779781" lon="-0.270282">
        <ele>639.313813</ele>
        <time>2026-03-23T12:30:31.804Z</time>
      </trkpt>
      <trkpt lat="38.779140" lon="-0.269416">
        <ele>645.609940</ele>
        <time>2026-03-23T12:31:11.256Z</time>
      </trkpt>
      <trkpt lat="38.779088" lon="-0.269392">
        <ele>645.952206</ele>
        <time>2026-03-23T12:31:13.340Z</time>
      </trkpt>
      <trkpt lat="38.778844" lon="-0.269340">
        <ele>647.484101</ele>
        <time>2026-03-23T12:31:23.457Z</time>
      </trkpt>
      <trkpt lat="38.778721" lon="-0.269231">
        <ele>648.409993</ele>
        <time>2026-03-23T12:31:29.475Z</time>
      </trkpt>
      <trkpt lat="38.778670" lon="-0.269048">
        <ele>649.348309</ele>
        <time>2026-03-23T12:31:35.519Z</time>
      </trkpt>
      <trkpt lat="38.778631" lon="-0.268470">
        <ele>652.149425</ele>
        <time>2026-03-23T12:31:52.942Z</time>
      </trkpt>
      <trkpt lat="38.778608" lon="-0.268391">
        <ele>652.556582</ele>
        <time>2026-03-23T12:31:55.307Z</time>
      </trkpt>
      <trkpt lat="38.778544" lon="-0.268323">
        <ele>653.071271</ele>
        <time>2026-03-23T12:31:58.485Z</time>
      </trkpt>
      <trkpt lat="38.778441" lon="-0.268314">
        <ele>653.688870</ele>
        <time>2026-03-23T12:32:02.269Z</time>
      </trkpt>
      <trkpt lat="38.778379" lon="-0.268363">
        <ele>654.022560</ele>
        <time>2026-03-23T12:32:04.894Z</time>
      </trkpt>
      <trkpt lat="38.778331" lon="-0.268479">
        <ele>654.491689</ele>
        <time>2026-03-23T12:32:08.450Z</time>
      </trkpt>
      <trkpt lat="38.778330" lon="-0.268602">
        <ele>654.931091</ele>
        <time>2026-03-23T12:32:11.697Z</time>
      </trkpt>
      <trkpt lat="38.778439" lon="-0.269286">
        <ele>657.424989</ele>
        <time>2026-03-23T12:32:30.381Z</time>
      </trkpt>
      <trkpt lat="38.778427" lon="-0.269848">
        <ele>659.433306</ele>
        <time>2026-03-23T12:32:44.699Z</time>
      </trkpt>
      <trkpt lat="38.778378" lon="-0.270230">
        <ele>660.816228</ele>
        <time>2026-03-23T12:32:53.475Z</time>
      </trkpt>
      <trkpt lat="38.778173" lon="-0.270717">
        <ele>662.909742</ele>
        <time>2026-03-23T12:33:06.057Z</time>
      </trkpt>
      <trkpt lat="38.777971" lon="-0.271493">
        <ele>666.200279</ele>
        <time>2026-03-23T12:33:27.659Z</time>
      </trkpt>
      <trkpt lat="38.777862" lon="-0.271555">
        <ele>666.815454</ele>
        <time>2026-03-23T12:33:31.909Z</time>
      </trkpt>
      <trkpt lat="38.777807" lon="-0.271528">
        <ele>667.119286</ele>
        <time>2026-03-23T12:33:34.077Z</time>
      </trkpt>
      <trkpt lat="38.777771" lon="-0.271511">
        <ele>667.317207</ele>
        <time>2026-03-23T12:33:35.450Z</time>
      </trkpt>
      <trkpt lat="38.777733" lon="-0.271442">
        <ele>667.656997</ele>
        <time>2026-03-23T12:33:37.843Z</time>
      </trkpt>
      <trkpt lat="38.777734" lon="-0.271205">
        <ele>668.610249</ele>
        <time>2026-03-23T12:33:44.707Z</time>
      </trkpt>
      <trkpt lat="38.777742" lon="-0.270921">
        <ele>669.753272</ele>
        <time>2026-03-23T12:33:53.311Z</time>
      </trkpt>
      <trkpt lat="38.777721" lon="-0.270708">
        <ele>670.616803</ele>
        <time>2026-03-23T12:34:00.324Z</time>
      </trkpt>
      <trkpt lat="38.777598" lon="-0.270162">
        <ele>672.662152</ele>
        <time>2026-03-23T12:34:18.649Z</time>
      </trkpt>
      <trkpt lat="38.777486" lon="-0.269876">
        <ele>673.772923</ele>
        <time>2026-03-23T12:34:28.399Z</time>
      </trkpt>
      <trkpt lat="38.777235" lon="-0.269490">
        <ele>675.517403</ele>
        <time>2026-03-23T12:34:41.944Z</time>
      </trkpt>
      <trkpt lat="38.777216" lon="-0.269471">
        <ele>675.624654</ele>
        <time>2026-03-23T12:34:42.676Z</time>
      </trkpt>
      <trkpt lat="38.776736" lon="-0.269022">
        <ele>678.269357</ele>
        <time>2026-03-23T12:34:58.650Z</time>
      </trkpt>
      <trkpt lat="38.776712" lon="-0.268999">
        <ele>678.402726</ele>
        <time>2026-03-23T12:34:59.486Z</time>
      </trkpt>
      <trkpt lat="38.776561" lon="-0.269090">
        <ele>679.145442</ele>
        <time>2026-03-23T12:35:04.549Z</time>
      </trkpt>
      <trkpt lat="38.776393" lon="-0.269064">
        <ele>680.008806</ele>
        <time>2026-03-23T12:35:09.567Z</time>
      </trkpt>
      <trkpt lat="38.776173" lon="-0.268991">
        <ele>681.170233</ele>
        <time>2026-03-23T12:35:15.011Z</time>
      </trkpt>
      <trkpt lat="38.776070" lon="-0.268957">
        <ele>681.713815</ele>
        <time>2026-03-23T12:35:17.666Z</time>
      </trkpt>
      <trkpt lat="38.775929" lon="-0.268977">
        <ele>682.438855</ele>
        <time>2026-03-23T12:35:21.664Z</time>
      </trkpt>
      <trkpt lat="38.775736" lon="-0.269225">
        <ele>683.835095</ele>
        <time>2026-03-23T12:35:30.447Z</time>
      </trkpt>
      <trkpt lat="38.775664" lon="-0.269288">
        <ele>684.280550</ele>
        <time>2026-03-23T12:35:33.592Z</time>
      </trkpt>
      <trkpt lat="38.775461" lon="-0.269367">
        <ele>685.364778</ele>
        <time>2026-03-23T12:35:41.488Z</time>
      </trkpt>
      <trkpt lat="38.775422" lon="-0.269415">
        <ele>685.641023</ele>
        <time>2026-03-23T12:35:43.567Z</time>
      </trkpt>
      <trkpt lat="38.775314" lon="-0.269651">
        <ele>686.731415</ele>
        <time>2026-03-23T12:35:52.473Z</time>
      </trkpt>
      <trkpt lat="38.775115" lon="-0.269967">
        <ele>688.351350</ele>
        <time>2026-03-23T12:36:07.276Z</time>
      </trkpt>
      <trkpt lat="38.774931" lon="-0.270668">
        <ele>693.811843</ele>
        <time>2026-03-23T12:36:36.440Z</time>
      </trkpt>
      <trkpt lat="38.774859" lon="-0.270786">
        <ele>694.918051</ele>
        <time>2026-03-23T12:36:42.559Z</time>
      </trkpt>
      <trkpt lat="38.774473" lon="-0.271205">
        <ele>699.706400</ele>
        <time>2026-03-23T12:37:09.248Z</time>
      </trkpt>
      <trkpt lat="38.774146" lon="-0.272175">
        <ele>707.850384</ele>
        <time>2026-03-23T12:37:56.608Z</time>
      </trkpt>
      <trkpt lat="38.773932" lon="-0.272488">
        <ele>711.418065</ele>
        <time>2026-03-23T12:38:15.468Z</time>
      </trkpt>
      <trkpt lat="38.773668" lon="-0.272791">
        <ele>715.312136</ele>
        <time>2026-03-23T12:38:36.074Z</time>
      </trkpt>
      <trkpt lat="38.773518" lon="-0.272873">
        <ele>717.104468</ele>
        <time>2026-03-23T12:38:45.656Z</time>
      </trkpt>
      <trkpt lat="38.773167" lon="-0.272938">
        <ele>721.002729</ele>
        <time>2026-03-23T12:39:07.404Z</time>
      </trkpt>
      <trkpt lat="38.772750" lon="-0.273057">
        <ele>725.575292</ele>
        <time>2026-03-23T12:39:34.376Z</time>
      </trkpt>
      <trkpt lat="38.772568" lon="-0.273139">
        <ele>727.218051</ele>
        <time>2026-03-23T12:39:46.174Z</time>
      </trkpt>
      <trkpt lat="38.772388" lon="-0.273238">
        <ele>728.885921</ele>
        <time>2026-03-23T12:39:57.444Z</time>
      </trkpt>
      <trkpt lat="38.772264" lon="-0.273339">
        <ele>730.136839</ele>
        <time>2026-03-23T12:40:05.363Z</time>
      </trkpt>
      <trkpt lat="38.771834" lon="-0.273783">
        <ele>734.837877</ele>
        <time>2026-03-23T12:40:32.327Z</time>
      </trkpt>
      <trkpt lat="38.771681" lon="-0.273812">
        <ele>736.154981</ele>
        <time>2026-03-23T12:40:39.082Z</time>
      </trkpt>
      <trkpt lat="38.771609" lon="-0.273783">
        <ele>736.797658</ele>
        <time>2026-03-23T12:40:42.240Z</time>
      </trkpt>
      <trkpt lat="38.771156" lon="-0.273423">
        <ele>741.242518</ele>
        <time>2026-03-23T12:41:03.240Z</time>
      </trkpt>
      <trkpt lat="38.771105" lon="-0.273319">
        <ele>741.970429</ele>
        <time>2026-03-23T12:41:06.825Z</time>
      </trkpt>
      <trkpt lat="38.771034" lon="-0.273029">
        <ele>743.771300</ele>
        <time>2026-03-23T12:41:15.447Z</time>
      </trkpt>
      <trkpt lat="38.770882" lon="-0.272938">
        <ele>745.045992</ele>
        <time>2026-03-23T12:41:21.460Z</time>
      </trkpt>
      <trkpt lat="38.770743" lon="-0.272974">
        <ele>746.123583</ele>
        <time>2026-03-23T12:41:26.597Z</time>
      </trkpt>
      <trkpt lat="38.769895" lon="-0.273448">
        <ele>753.152951</ele>
        <time>2026-03-23T12:42:10.615Z</time>
      </trkpt>
      <trkpt lat="38.769576" lon="-0.273411">
        <ele>756.032835</ele>
        <time>2026-03-23T12:42:29.575Z</time>
      </trkpt>
      <trkpt lat="38.769318" lon="-0.273460">
        <ele>758.624146</ele>
        <time>2026-03-23T12:42:44.944Z</time>
      </trkpt>
      <trkpt lat="38.768830" lon="-0.273270">
        <ele>763.691147</ele>
        <time>2026-03-23T12:43:13.723Z</time>
      </trkpt>
      <trkpt lat="38.768750" lon="-0.273195">
        <ele>764.675687</ele>
        <time>2026-03-23T12:43:19.161Z</time>
      </trkpt>
      <trkpt lat="38.768710" lon="-0.273102">
        <ele>765.498460</ele>
        <time>2026-03-23T12:43:23.541Z</time>
      </trkpt>
      <trkpt lat="38.768687" lon="-0.272984">
        <ele>766.440680</ele>
        <time>2026-03-23T12:43:28.371Z</time>
      </trkpt>
      <trkpt lat="38.768691" lon="-0.272846">
        <ele>767.510438</ele>
        <time>2026-03-23T12:43:33.982Z</time>
      </trkpt>
      <trkpt lat="38.768753" lon="-0.272643">
        <ele>769.199327</ele>
        <time>2026-03-23T12:43:43.069Z</time>
      </trkpt>
      <trkpt lat="38.768976" lon="-0.272150">
        <ele>773.315301</ele>
        <time>2026-03-23T12:44:07.406Z</time>
      </trkpt>
      <trkpt lat="38.769095" lon="-0.271911">
        <ele>775.103097</ele>
        <time>2026-03-23T12:44:19.384Z</time>
      </trkpt>
      <trkpt lat="38.769135" lon="-0.271715">
        <ele>776.380394</ele>
        <time>2026-03-23T12:44:27.799Z</time>
      </trkpt>
      <trkpt lat="38.769114" lon="-0.271500">
        <ele>777.746441</ele>
        <time>2026-03-23T12:44:36.759Z</time>
      </trkpt>
      <trkpt lat="38.768969" lon="-0.270940">
        <ele>781.466521</ele>
        <time>2026-03-23T12:44:59.460Z</time>
      </trkpt>
      <trkpt lat="38.768838" lon="-0.270206">
        <ele>786.213675</ele>
        <time>2026-03-23T12:45:24.998Z</time>
      </trkpt>
      <trkpt lat="38.768619" lon="-0.269733">
        <ele>787.198522</ele>
        <time>2026-03-23T12:45:39.896Z</time>
      </trkpt>
      <trkpt lat="38.768533" lon="-0.269373">
        <ele>787.689505</ele>
        <time>2026-03-23T12:45:47.273Z</time>
      </trkpt>
      <trkpt lat="38.768558" lon="-0.269021">
        <ele>788.150415</ele>
        <time>2026-03-23T12:45:52.085Z</time>
      </trkpt>
      <trkpt lat="38.768701" lon="-0.268456">
        <ele>788.925023</ele>
        <time>2026-03-23T12:45:58.130Z</time>
      </trkpt>
      <trkpt lat="38.768748" lon="-0.268222">
        <ele>789.240122</ele>
        <time>2026-03-23T12:46:00.570Z</time>
      </trkpt>
      <trkpt lat="38.768772" lon="-0.268069">
        <ele>789.443632</ele>
        <time>2026-03-23T12:46:02.072Z</time>
      </trkpt>
      <trkpt lat="38.768769" lon="-0.267898">
        <ele>789.534050</ele>
        <time>2026-03-23T12:46:03.759Z</time>
      </trkpt>
      <trkpt lat="38.768619" lon="-0.267533">
        <ele>789.408569</ele>
        <time>2026-03-23T12:46:07.963Z</time>
      </trkpt>
      <trkpt lat="38.768535" lon="-0.267387">
        <ele>789.353386</ele>
        <time>2026-03-23T12:46:09.827Z</time>
      </trkpt>
      <trkpt lat="38.768343" lon="-0.267151">
        <ele>789.249654</ele>
        <time>2026-03-23T12:46:13.378Z</time>
      </trkpt>
      <trkpt lat="38.768103" lon="-0.266997">
        <ele>789.144977</ele>
        <time>2026-03-23T12:46:16.855Z</time>
      </trkpt>
      <trkpt lat="38.767322" lon="-0.266706">
        <ele>788.971463</ele>
        <time>2026-03-23T12:46:28.394Z</time>
      </trkpt>
      <trkpt lat="38.767010" lon="-0.266651">
        <ele>789.440992</ele>
        <time>2026-03-23T12:46:32.973Z</time>
      </trkpt>
      <trkpt lat="38.766613" lon="-0.266692">
        <ele>790.034788</ele>
        <time>2026-03-23T12:46:39.228Z</time>
      </trkpt>
      <trkpt lat="38.766414" lon="-0.266761">
        <ele>790.342124</ele>
        <time>2026-03-23T12:46:43.197Z</time>
      </trkpt>
      <trkpt lat="38.765901" lon="-0.267052">
        <ele>791.178416</ele>
        <time>2026-03-23T12:46:55.963Z</time>
      </trkpt>
      <trkpt lat="38.765739" lon="-0.267111">
        <ele>791.429488</ele>
        <time>2026-03-23T12:47:00.569Z</time>
      </trkpt>
      <trkpt lat="38.765623" lon="-0.267094">
        <ele>791.830066</ele>
        <time>2026-03-23T12:47:04.034Z</time>
      </trkpt>
      <trkpt lat="38.765366" lon="-0.266970">
        <ele>793.678341</ele>
        <time>2026-03-23T12:47:13.107Z</time>
      </trkpt>
      <trkpt lat="38.764978" lon="-0.266926">
        <ele>796.300219</ele>
        <time>2026-03-23T12:47:27.684Z</time>
      </trkpt>
      <trkpt lat="38.764888" lon="-0.266878">
        <ele>796.956317</ele>
        <time>2026-03-23T12:47:31.768Z</time>
      </trkpt>
      <trkpt lat="38.764852" lon="-0.266701">
        <ele>797.916373</ele>
        <time>2026-03-23T12:47:37.748Z</time>
      </trkpt>
      <trkpt lat="38.764922" lon="-0.266246">
        <ele>800.350449</ele>
        <time>2026-03-23T12:47:53.868Z</time>
      </trkpt>
      <trkpt lat="38.764877" lon="-0.266140">
        <ele>800.983897</ele>
        <time>2026-03-23T12:47:58.575Z</time>
      </trkpt>
      <trkpt lat="38.764810" lon="-0.266158">
        <ele>801.444673</ele>
        <time>2026-03-23T12:48:01.692Z</time>
      </trkpt>
      <trkpt lat="38.764441" lon="-0.266789">
        <ele>806.475244</ele>
        <time>2026-03-23T12:48:34.235Z</time>
      </trkpt>
      <trkpt lat="38.764274" lon="-0.266976">
        <ele>808.653389</ele>
        <time>2026-03-23T12:48:47.070Z</time>
      </trkpt>
      <trkpt lat="38.763899" lon="-0.267284">
        <ele>813.028509</ele>
        <time>2026-03-23T12:49:12.607Z</time>
      </trkpt>
      <trkpt lat="38.763438" lon="-0.267751">
        <ele>818.800303</ele>
        <time>2026-03-23T12:49:46.024Z</time>
      </trkpt>
      <trkpt lat="38.763113" lon="-0.267911">
        <ele>821.592337</ele>
        <time>2026-03-23T12:50:05.128Z</time>
      </trkpt>
      <trkpt lat="38.762972" lon="-0.268077">
        <ele>822.164568</ele>
        <time>2026-03-23T12:50:14.524Z</time>
      </trkpt>
      <trkpt lat="38.762711" lon="-0.268650">
        <ele>823.711546</ele>
        <time>2026-03-23T12:50:35.526Z</time>
      </trkpt>
      <trkpt lat="38.762630" lon="-0.268733">
        <ele>824.021515</ele>
        <time>2026-03-23T12:50:38.789Z</time>
      </trkpt>
      <trkpt lat="38.762547" lon="-0.268738">
        <ele>824.269932</ele>
        <time>2026-03-23T12:50:41.210Z</time>
      </trkpt>
      <trkpt lat="38.762492" lon="-0.268703">
        <ele>824.453494</ele>
        <time>2026-03-23T12:50:42.847Z</time>
      </trkpt>
      <trkpt lat="38.762195" lon="-0.268293">
        <ele>825.758085</ele>
        <time>2026-03-23T12:50:51.006Z</time>
      </trkpt>
      <trkpt lat="38.761918" lon="-0.267618">
        <ele>823.608255</ele>
        <time>2026-03-23T12:50:56.794Z</time>
      </trkpt>
      <trkpt lat="38.761628" lon="-0.267025">
        <ele>817.621796</ele>
        <time>2026-03-23T12:51:01.513Z</time>
      </trkpt>
      <trkpt lat="38.761414" lon="-0.266427">
        <ele>811.994579</ele>
        <time>2026-03-23T12:51:05.815Z</time>
      </trkpt>
      <trkpt lat="38.761221" lon="-0.265661">
        <ele>804.468605</ele>
        <time>2026-03-23T12:51:11.006Z</time>
      </trkpt>
      <trkpt lat="38.761159" lon="-0.265102">
        <ele>797.972419</ele>
        <time>2026-03-23T12:51:14.626Z</time>
      </trkpt>
      <trkpt lat="38.761002" lon="-0.264694">
        <ele>792.737786</ele>
        <time>2026-03-23T12:51:17.552Z</time>
      </trkpt>
      <trkpt lat="38.760882" lon="-0.264247">
        <ele>787.298655</ele>
        <time>2026-03-23T12:51:20.595Z</time>
      </trkpt>
      <trkpt lat="38.760817" lon="-0.264096">
        <ele>785.314206</ele>
        <time>2026-03-23T12:51:21.715Z</time>
      </trkpt>
      <trkpt lat="38.760733" lon="-0.264003">
        <ele>783.676822</ele>
        <time>2026-03-23T12:51:22.643Z</time>
      </trkpt>
      <trkpt lat="38.760628" lon="-0.263978">
        <ele>782.101087</ele>
        <time>2026-03-23T12:51:23.549Z</time>
      </trkpt>
      <trkpt lat="38.760560" lon="-0.264004">
        <ele>781.054112</ele>
        <time>2026-03-23T12:51:24.149Z</time>
      </trkpt>
      <trkpt lat="38.760122" lon="-0.264414">
        <ele>777.933280</ele>
        <time>2026-03-23T12:51:28.926Z</time>
      </trkpt>
      <trkpt lat="38.759931" lon="-0.264668">
        <ele>776.559729</ele>
        <time>2026-03-23T12:51:31.603Z</time>
      </trkpt>
      <trkpt lat="38.759393" lon="-0.265776">
        <ele>771.478907</ele>
        <time>2026-03-23T12:51:42.718Z</time>
      </trkpt>
      <trkpt lat="38.758863" lon="-0.267011">
        <ele>767.267364</ele>
        <time>2026-03-23T12:51:53.659Z</time>
      </trkpt>
      <trkpt lat="38.758502" lon="-0.268096">
        <ele>763.874492</ele>
        <time>2026-03-23T12:52:02.378Z</time>
      </trkpt>
      <trkpt lat="38.758142" lon="-0.269015">
        <ele>761.276682</ele>
        <time>2026-03-23T12:52:10.266Z</time>
      </trkpt>
      <trkpt lat="38.758031" lon="-0.269382">
        <ele>760.282361</ele>
        <time>2026-03-23T12:52:13.393Z</time>
      </trkpt>
      <trkpt lat="38.757853" lon="-0.270190">
        <ele>758.607392</ele>
        <time>2026-03-23T12:52:20.740Z</time>
      </trkpt>
      <trkpt lat="38.757892" lon="-0.270672">
        <ele>758.321064</ele>
        <time>2026-03-23T12:52:25.514Z</time>
      </trkpt>
      <trkpt lat="38.757883" lon="-0.270900">
        <ele>758.186173</ele>
        <time>2026-03-23T12:52:27.799Z</time>
      </trkpt>
      <trkpt lat="38.757786" lon="-0.271390">
        <ele>757.887463</ele>
        <time>2026-03-23T12:52:32.796Z</time>
      </trkpt>
      <trkpt lat="38.757612" lon="-0.271718">
        <ele>757.653063</ele>
        <time>2026-03-23T12:52:37.121Z</time>
      </trkpt>
      <trkpt lat="38.757150" lon="-0.272224">
        <ele>756.979100</ele>
        <time>2026-03-23T12:52:46.408Z</time>
      </trkpt>
      <trkpt lat="38.756998" lon="-0.272423">
        <ele>756.627483</ele>
        <time>2026-03-23T12:52:49.274Z</time>
      </trkpt>
      <trkpt lat="38.756617" lon="-0.273381">
        <ele>755.270033</ele>
        <time>2026-03-23T12:52:59.013Z</time>
      </trkpt>
      <trkpt lat="38.756433" lon="-0.273603">
        <ele>754.861088</ele>
        <time>2026-03-23T12:53:01.819Z</time>
      </trkpt>
      <trkpt lat="38.756318" lon="-0.273832">
        <ele>754.517271</ele>
        <time>2026-03-23T12:53:04.026Z</time>
      </trkpt>
      <trkpt lat="38.756217" lon="-0.274360">
        <ele>752.040480</ele>
        <time>2026-03-23T12:53:08.139Z</time>
      </trkpt>
      <trkpt lat="38.756158" lon="-0.274554">
        <ele>751.040164</ele>
        <time>2026-03-23T12:53:09.651Z</time>
      </trkpt>
      <trkpt lat="38.756065" lon="-0.274587">
        <ele>750.445732</ele>
        <time>2026-03-23T12:53:10.539Z</time>
      </trkpt>
      <trkpt lat="38.755414" lon="-0.274196">
        <ele>746.017321</ele>
        <time>2026-03-23T12:53:17.062Z</time>
      </trkpt>
      <trkpt lat="38.754462" lon="-0.273621">
        <ele>738.578109</ele>
        <time>2026-03-23T12:53:26.259Z</time>
      </trkpt>
      <trkpt lat="38.753969" lon="-0.273310">
        <ele>734.353410</ele>
        <time>2026-03-23T12:53:31.105Z</time>
      </trkpt>
      <trkpt lat="38.753338" lon="-0.272773">
        <ele>729.077662</ele>
        <time>2026-03-23T12:53:37.883Z</time>
      </trkpt>
      <trkpt lat="38.753160" lon="-0.272681">
        <ele>728.387402</ele>
        <time>2026-03-23T12:53:39.661Z</time>
      </trkpt>
      <trkpt lat="38.752600" lon="-0.272551">
        <ele>726.340515</ele>
        <time>2026-03-23T12:53:45.189Z</time>
      </trkpt>
      <trkpt lat="38.752094" lon="-0.272607">
        <ele>724.513824</ele>
        <time>2026-03-23T12:53:50.565Z</time>
      </trkpt>
      <trkpt lat="38.751969" lon="-0.272652">
        <ele>724.046856</ele>
        <time>2026-03-23T12:53:52.009Z</time>
      </trkpt>
      <trkpt lat="38.751839" lon="-0.272649">
        <ele>723.579210</ele>
        <time>2026-03-23T12:53:53.475Z</time>
      </trkpt>
      <trkpt lat="38.751837" lon="-0.272629">
        <ele>723.522652</ele>
        <time>2026-03-23T12:53:53.666Z</time>
      </trkpt>
      <trkpt lat="38.751810" lon="-0.272401">
        <ele>722.989174</ele>
        <time>2026-03-23T12:53:55.797Z</time>
      </trkpt>
      <trkpt lat="38.751733" lon="-0.271507">
        <ele>721.803749</ele>
        <time>2026-03-23T12:54:04.506Z</time>
      </trkpt>
      <trkpt lat="38.751732" lon="-0.270805">
        <ele>720.878536</ele>
        <time>2026-03-23T12:54:10.863Z</time>
      </trkpt>
      <trkpt lat="38.751609" lon="-0.270459">
        <ele>720.377376</ele>
        <time>2026-03-23T12:54:13.934Z</time>
      </trkpt>
      <trkpt lat="38.750989" lon="-0.269158">
        <ele>719.479214</ele>
        <time>2026-03-23T12:54:26.398Z</time>
      </trkpt>
      <trkpt lat="38.750865" lon="-0.269002">
        <ele>719.379598</ele>
        <time>2026-03-23T12:54:28.745Z</time>
      </trkpt>
      <trkpt lat="38.750711" lon="-0.268950">
        <ele>719.288276</ele>
        <time>2026-03-23T12:54:31.340Z</time>
      </trkpt>
      <trkpt lat="38.749905" lon="-0.268853">
        <ele>720.392094</ele>
        <time>2026-03-23T12:54:52.047Z</time>
      </trkpt>
      <trkpt lat="38.749329" lon="-0.268772">
        <ele>722.738627</ele>
        <time>2026-03-23T12:55:11.743Z</time>
      </trkpt>
      <trkpt lat="38.748875" lon="-0.268725">
        <ele>724.583110</ele>
        <time>2026-03-23T12:55:26.829Z</time>
      </trkpt>
      <trkpt lat="38.748770" lon="-0.268747">
        <ele>725.013953</ele>
        <time>2026-03-23T12:55:30.235Z</time>
      </trkpt>
      <trkpt lat="38.748673" lon="-0.268803">
        <ele>725.444740</ele>
        <time>2026-03-23T12:55:33.636Z</time>
      </trkpt>
      <trkpt lat="38.747064" lon="-0.270585">
        <ele>734.883100</ele>
        <time>2026-03-23T12:56:42.097Z</time>
      </trkpt>
      <trkpt lat="38.746561" lon="-0.271102">
        <ele>738.067567</ele>
        <time>2026-03-23T12:57:05.955Z</time>
      </trkpt>
      <trkpt lat="38.745798" lon="-0.272269">
        <ele>743.584629</ele>
        <time>2026-03-23T12:57:48.212Z</time>
      </trkpt>
      <trkpt lat="38.745540" lon="-0.272625">
        <ele>744.569767</ele>
        <time>2026-03-23T12:57:58.631Z</time>
      </trkpt>
      <trkpt lat="38.745033" lon="-0.273246">
        <ele>746.392215</ele>
        <time>2026-03-23T12:58:15.730Z</time>
      </trkpt>
      <trkpt lat="38.744823" lon="-0.273434">
        <ele>747.057927</ele>
        <time>2026-03-23T12:58:21.669Z</time>
      </trkpt>
      <trkpt lat="38.743983" lon="-0.273961">
        <ele>747.975380</ele>
        <time>2026-03-23T12:58:38.919Z</time>
      </trkpt>
      <trkpt lat="38.743889" lon="-0.274043">
        <ele>747.994413</ele>
        <time>2026-03-23T12:58:40.835Z</time>
      </trkpt>
      <trkpt lat="38.743822" lon="-0.274126">
        <ele>748.010009</ele>
        <time>2026-03-23T12:58:42.205Z</time>
      </trkpt>
      <trkpt lat="38.743516" lon="-0.274768">
        <ele>748.108244</ele>
        <time>2026-03-23T12:58:50.143Z</time>
      </trkpt>
      <trkpt lat="38.743345" lon="-0.275042">
        <ele>748.154062</ele>
        <time>2026-03-23T12:58:53.547Z</time>
      </trkpt>
      <trkpt lat="38.743165" lon="-0.275267">
        <ele>748.201559</ele>
        <time>2026-03-23T12:58:56.501Z</time>
      </trkpt>
      <trkpt lat="38.742330" lon="-0.275705">
        <ele>748.386885</ele>
        <time>2026-03-23T12:59:11.174Z</time>
      </trkpt>
      <trkpt lat="38.741671" lon="-0.276053">
        <ele>748.533290</ele>
        <time>2026-03-23T12:59:23.049Z</time>
      </trkpt>
      <trkpt lat="38.741562" lon="-0.276200">
        <ele>748.812163</ele>
        <time>2026-03-23T12:59:25.378Z</time>
      </trkpt>
      <trkpt lat="38.741379" lon="-0.276736">
        <ele>749.868127</ele>
        <time>2026-03-23T12:59:33.245Z</time>
      </trkpt>
      <trkpt lat="38.741301" lon="-0.276832">
        <ele>750.118309</ele>
        <time>2026-03-23T12:59:35.258Z</time>
      </trkpt>
      <trkpt lat="38.740885" lon="-0.277059">
        <ele>751.164429</ele>
        <time>2026-03-23T12:59:44.880Z</time>
      </trkpt>
      <trkpt lat="38.740566" lon="-0.277085">
        <ele>751.904038</ele>
        <time>2026-03-23T12:59:53.273Z</time>
      </trkpt>
      <trkpt lat="38.739734" lon="-0.276821">
        <ele>755.964823</ele>
        <time>2026-03-23T13:00:24.789Z</time>
      </trkpt>
      <trkpt lat="38.739361" lon="-0.276584">
        <ele>758.618759</ele>
        <time>2026-03-23T13:00:42.677Z</time>
      </trkpt>
      <trkpt lat="38.739224" lon="-0.276444">
        <ele>759.735656</ele>
        <time>2026-03-23T13:00:50.176Z</time>
      </trkpt>
      <trkpt lat="38.739064" lon="-0.276092">
        <ele>761.761539</ele>
        <time>2026-03-23T13:01:03.758Z</time>
      </trkpt>
      <trkpt lat="38.738970" lon="-0.275535">
        <ele>764.649863</ele>
        <time>2026-03-23T13:01:22.697Z</time>
      </trkpt>
      <trkpt lat="38.738773" lon="-0.275068">
        <ele>767.628224</ele>
        <time>2026-03-23T13:01:40.541Z</time>
      </trkpt>
      <trkpt lat="38.737618" lon="-0.273782">
        <ele>777.556360</ele>
        <time>2026-03-23T13:02:49.110Z</time>
      </trkpt>
      <trkpt lat="38.737169" lon="-0.273314">
        <ele>778.785903</ele>
        <time>2026-03-23T13:03:10.047Z</time>
      </trkpt>
      <trkpt lat="38.736436" lon="-0.272536">
        <ele>780.807858</ele>
        <time>2026-03-23T13:03:25.151Z</time>
      </trkpt>
      <trkpt lat="38.736346" lon="-0.272398">
        <ele>780.494911</ele>
        <time>2026-03-23T13:03:26.526Z</time>
      </trkpt>
      <trkpt lat="38.736112" lon="-0.271905">
        <ele>778.173355</ele>
        <time>2026-03-23T13:03:30.717Z</time>
      </trkpt>
      <trkpt lat="38.735777" lon="-0.271090">
        <ele>774.467397</ele>
        <time>2026-03-23T13:03:37.213Z</time>
      </trkpt>
      <trkpt lat="38.735723" lon="-0.270969">
        <ele>773.906598</ele>
        <time>2026-03-23T13:03:38.194Z</time>
      </trkpt>
      <trkpt lat="38.735074" lon="-0.269452">
        <ele>767.668074</ele>
        <time>2026-03-23T13:03:50.871Z</time>
      </trkpt>
      <trkpt lat="38.734995" lon="-0.269253">
        <ele>766.907595</ele>
        <time>2026-03-23T13:03:52.618Z</time>
      </trkpt>
      <trkpt lat="38.734866" lon="-0.268977">
        <ele>765.811763</ele>
        <time>2026-03-23T13:03:55.156Z</time>
      </trkpt>
      <trkpt lat="38.734351" lon="-0.267804">
        <ele>761.268365</ele>
        <time>2026-03-23T13:04:05.593Z</time>
      </trkpt>
      <trkpt lat="38.734301" lon="-0.267305">
        <ele>759.582189</ele>
        <time>2026-03-23T13:04:09.421Z</time>
      </trkpt>
      <trkpt lat="38.734232" lon="-0.267167">
        <ele>759.032814</ele>
        <time>2026-03-23T13:04:10.644Z</time>
      </trkpt>
      <trkpt lat="38.734099" lon="-0.266909">
        <ele>757.996344</ele>
        <time>2026-03-23T13:04:12.939Z</time>
      </trkpt>
      <trkpt lat="38.733740" lon="-0.265971">
        <ele>754.336221</ele>
        <time>2026-03-23T13:04:20.597Z</time>
      </trkpt>
      <trkpt lat="38.733650" lon="-0.265391">
        <ele>752.155097</ele>
        <time>2026-03-23T13:04:24.944Z</time>
      </trkpt>
      <trkpt lat="38.733658" lon="-0.265021">
        <ele>750.789903</ele>
        <time>2026-03-23T13:04:27.692Z</time>
      </trkpt>
      <trkpt lat="38.733822" lon="-0.263699">
        <ele>745.994215</ele>
        <time>2026-03-23T13:04:37.751Z</time>
      </trkpt>
      <trkpt lat="38.733832" lon="-0.263079">
        <ele>743.895883</ele>
        <time>2026-03-23T13:04:42.398Z</time>
      </trkpt>
      <trkpt lat="38.733882" lon="-0.262459">
        <ele>741.786819</ele>
        <time>2026-03-23T13:04:47.077Z</time>
      </trkpt>
      <trkpt lat="38.733967" lon="-0.261799">
        <ele>739.515312</ele>
        <time>2026-03-23T13:04:52.131Z</time>
      </trkpt>
      <trkpt lat="38.734001" lon="-0.260903">
        <ele>736.378515</ele>
        <time>2026-03-23T13:04:58.909Z</time>
      </trkpt>
      <trkpt lat="38.734063" lon="-0.260388">
        <ele>734.556367</ele>
        <time>2026-03-23T13:05:02.837Z</time>
      </trkpt>
      <trkpt lat="38.733827" lon="-0.258177">
        <ele>725.898466</ele>
        <time>2026-03-23T13:05:19.274Z</time>
      </trkpt>
      <trkpt lat="38.733586" lon="-0.257508">
        <ele>722.876751</ele>
        <time>2026-03-23T13:05:24.569Z</time>
      </trkpt>
      <trkpt lat="38.733560" lon="-0.257374">
        <ele>722.310525</ele>
        <time>2026-03-23T13:05:25.562Z</time>
      </trkpt>
      <trkpt lat="38.733552" lon="-0.257207">
        <ele>721.719393</ele>
        <time>2026-03-23T13:05:26.763Z</time>
      </trkpt>
      <trkpt lat="38.733633" lon="-0.256454">
        <ele>719.078361</ele>
        <time>2026-03-23T13:05:32.289Z</time>
      </trkpt>
      <trkpt lat="38.733625" lon="-0.256242">
        <ele>718.340913</ele>
        <time>2026-03-23T13:05:33.860Z</time>
      </trkpt>
      <trkpt lat="38.733518" lon="-0.255062">
        <ele>714.216618</ele>
        <time>2026-03-23T13:05:42.988Z</time>
      </trkpt>
      <trkpt lat="38.733491" lon="-0.254887">
        <ele>713.688221</ele>
        <time>2026-03-23T13:05:44.414Z</time>
      </trkpt>
      <trkpt lat="38.733382" lon="-0.254571">
        <ele>712.664792</ele>
        <time>2026-03-23T13:05:47.222Z</time>
      </trkpt>
      <trkpt lat="38.733353" lon="-0.254418">
        <ele>712.198414</ele>
        <time>2026-03-23T13:05:48.501Z</time>
      </trkpt>
      <trkpt lat="38.733369" lon="-0.254212">
        <ele>711.585218</ele>
        <time>2026-03-23T13:05:50.192Z</time>
      </trkpt>
      <trkpt lat="38.733424" lon="-0.253984">
        <ele>710.878319</ele>
        <time>2026-03-23T13:05:52.136Z</time>
      </trkpt>
      <trkpt lat="38.733475" lon="-0.253592">
        <ele>709.701163</ele>
        <time>2026-03-23T13:05:55.312Z</time>
      </trkpt>
      <trkpt lat="38.733438" lon="-0.252545">
        <ele>706.121084</ele>
        <time>2026-03-23T13:06:03.014Z</time>
      </trkpt>
      <trkpt lat="38.733490" lon="-0.252303">
        <ele>704.940189</ele>
        <time>2026-03-23T13:06:04.820Z</time>
      </trkpt>
      <trkpt lat="38.733597" lon="-0.252026">
        <ele>703.486016</ele>
        <time>2026-03-23T13:06:07.029Z</time>
      </trkpt>
      <trkpt lat="38.733674" lon="-0.251755">
        <ele>702.129155</ele>
        <time>2026-03-23T13:06:09.077Z</time>
      </trkpt>
      <trkpt lat="38.733691" lon="-0.251422">
        <ele>700.559206</ele>
        <time>2026-03-23T13:06:11.437Z</time>
      </trkpt>
      <trkpt lat="38.733626" lon="-0.251208">
        <ele>699.478815</ele>
        <time>2026-03-23T13:06:13.059Z</time>
      </trkpt>
      <trkpt lat="38.733532" lon="-0.251079">
        <ele>698.648340</ele>
        <time>2026-03-23T13:06:14.294Z</time>
      </trkpt>
      <trkpt lat="38.733256" lon="-0.250830">
        <ele>696.612926</ele>
        <time>2026-03-23T13:06:17.353Z</time>
      </trkpt>
      <trkpt lat="38.733211" lon="-0.250736">
        <ele>696.102658</ele>
        <time>2026-03-23T13:06:18.149Z</time>
      </trkpt>
      <trkpt lat="38.733151" lon="-0.249388">
        <ele>689.868345</ele>
        <time>2026-03-23T13:06:27.891Z</time>
      </trkpt>
      <trkpt lat="38.733017" lon="-0.248397">
        <ele>685.493170</ele>
        <time>2026-03-23T13:06:35.064Z</time>
      </trkpt>
      <trkpt lat="38.732893" lon="-0.248095">
        <ele>684.534028</ele>
        <time>2026-03-23T13:06:37.513Z</time>
      </trkpt>
      <trkpt lat="38.732835" lon="-0.247904">
        <ele>683.957998</ele>
        <time>2026-03-23T13:06:39.005Z</time>
      </trkpt>
      <trkpt lat="38.732821" lon="-0.247757">
        <ele>683.541797</ele>
        <time>2026-03-23T13:06:40.079Z</time>
      </trkpt>
      <trkpt lat="38.732759" lon="-0.247181">
        <ele>681.907651</ele>
        <time>2026-03-23T13:06:44.429Z</time>
      </trkpt>
      <trkpt lat="38.732942" lon="-0.246339">
        <ele>679.451139</ele>
        <time>2026-03-23T13:06:52.225Z</time>
      </trkpt>
      <trkpt lat="38.732918" lon="-0.246170">
        <ele>679.724023</ele>
        <time>2026-03-23T13:06:54.115Z</time>
      </trkpt>
      <trkpt lat="38.732860" lon="-0.246103">
        <ele>679.901961</ele>
        <time>2026-03-23T13:06:55.314Z</time>
      </trkpt>
      <trkpt lat="38.732654" lon="-0.245983">
        <ele>680.417654</ele>
        <time>2026-03-23T13:06:58.993Z</time>
      </trkpt>
      <trkpt lat="38.732578" lon="-0.245920">
        <ele>680.623923</ele>
        <time>2026-03-23T13:07:00.592Z</time>
      </trkpt>
      <trkpt lat="38.732501" lon="-0.245763">
        <ele>680.953631</ele>
        <time>2026-03-23T13:07:03.205Z</time>
      </trkpt>
      <trkpt lat="38.732439" lon="-0.245604">
        <ele>681.269661</ele>
        <time>2026-03-23T13:07:06.383Z</time>
      </trkpt>
      <trkpt lat="38.732426" lon="-0.245471">
        <ele>681.507966</ele>
        <time>2026-03-23T13:07:08.827Z</time>
      </trkpt>
      <trkpt lat="38.732456" lon="-0.244363">
        <ele>683.479026</ele>
        <time>2026-03-23T13:07:34.939Z</time>
      </trkpt>
      <trkpt lat="38.732357" lon="-0.244411">
        <ele>683.841507</ele>
        <time>2026-03-23T13:07:39.361Z</time>
      </trkpt>
      <trkpt lat="38.732291" lon="-0.244593">
        <ele>684.426340</ele>
        <time>2026-03-23T13:07:45.705Z</time>
      </trkpt>
      <trkpt lat="38.732279" lon="-0.245046">
        <ele>685.747096</ele>
        <time>2026-03-23T13:08:01.386Z</time>
      </trkpt>
      <trkpt lat="38.732239" lon="-0.245211">
        <ele>686.250571</ele>
        <time>2026-03-23T13:08:07.809Z</time>
      </trkpt>
      <trkpt lat="38.731905" lon="-0.245734">
        <ele>688.220101</ele>
        <time>2026-03-23T13:08:29.931Z</time>
      </trkpt>
      <trkpt lat="38.731797" lon="-0.245819">
        <ele>688.693489</ele>
        <time>2026-03-23T13:08:34.029Z</time>
      </trkpt>
      <trkpt lat="38.731606" lon="-0.245826">
        <ele>689.407240</ele>
        <time>2026-03-23T13:08:39.475Z</time>
      </trkpt>
      <trkpt lat="38.731392" lon="-0.245866">
        <ele>690.215067</ele>
        <time>2026-03-23T13:08:44.524Z</time>
      </trkpt>
      <trkpt lat="38.731606" lon="-0.245826">
        <ele>689.308398</ele>
        <time>2026-03-23T13:08:48.365Z</time>
      </trkpt>
      <trkpt lat="38.731797" lon="-0.245819">
        <ele>688.440623</ele>
        <time>2026-03-23T13:08:51.371Z</time>
      </trkpt>
      <trkpt lat="38.731905" lon="-0.245734">
        <ele>687.865080</ele>
        <time>2026-03-23T13:08:53.227Z</time>
      </trkpt>
      <trkpt lat="38.732239" lon="-0.245211">
        <ele>685.470536</ele>
        <time>2026-03-23T13:09:00.182Z</time>
      </trkpt>
      <trkpt lat="38.732279" lon="-0.245046">
        <ele>684.858414</ele>
        <time>2026-03-23T13:09:01.888Z</time>
      </trkpt>
      <trkpt lat="38.732291" lon="-0.244593">
        <ele>683.252646</ele>
        <time>2026-03-23T13:09:06.391Z</time>
      </trkpt>
      <trkpt lat="38.732357" lon="-0.244411">
        <ele>682.541610</ele>
        <time>2026-03-23T13:09:08.396Z</time>
      </trkpt>
      <trkpt lat="38.732456" lon="-0.244363">
        <ele>682.060247</ele>
        <time>2026-03-23T13:09:09.764Z</time>
      </trkpt>
      <trkpt lat="38.732462" lon="-0.244162">
        <ele>681.323282</ele>
        <time>2026-03-23T13:09:11.192Z</time>
      </trkpt>
      <trkpt lat="38.732427" lon="-0.243637">
        <ele>679.392770</ele>
        <time>2026-03-23T13:09:14.980Z</time>
      </trkpt>
      <trkpt lat="38.732464" lon="-0.243506">
        <ele>678.882320</ele>
        <time>2026-03-23T13:09:15.998Z</time>
      </trkpt>
      <trkpt lat="38.732600" lon="-0.243359">
        <ele>678.046810</ele>
        <time>2026-03-23T13:09:17.666Z</time>
      </trkpt>
      <trkpt lat="38.732674" lon="-0.243241">
        <ele>677.492098</ele>
        <time>2026-03-23T13:09:18.784Z</time>
      </trkpt>
      <trkpt lat="38.732692" lon="-0.243140">
        <ele>677.112520</ele>
        <time>2026-03-23T13:09:19.541Z</time>
      </trkpt>
      <trkpt lat="38.732667" lon="-0.242956">
        <ele>676.428232</ele>
        <time>2026-03-23T13:09:20.970Z</time>
      </trkpt>
      <trkpt lat="38.732584" lon="-0.242712">
        <ele>675.452966</ele>
        <time>2026-03-23T13:09:23.064Z</time>
      </trkpt>
      <trkpt lat="38.732392" lon="-0.242482">
        <ele>674.218747</ele>
        <time>2026-03-23T13:09:25.733Z</time>
      </trkpt>
      <trkpt lat="38.732304" lon="-0.242340">
        <ele>673.590918</ele>
        <time>2026-03-23T13:09:27.194Z</time>
      </trkpt>
      <trkpt lat="38.732209" lon="-0.242022">
        <ele>672.924582</ele>
        <time>2026-03-23T13:09:29.985Z</time>
      </trkpt>
      <trkpt lat="38.731911" lon="-0.241630">
        <ele>671.853512</ele>
        <time>2026-03-23T13:09:34.551Z</time>
      </trkpt>
      <trkpt lat="38.731862" lon="-0.241432">
        <ele>671.447032</ele>
        <time>2026-03-23T13:09:36.294Z</time>
      </trkpt>
      <trkpt lat="38.731861" lon="-0.241218">
        <ele>671.028265</ele>
        <time>2026-03-23T13:09:38.120Z</time>
      </trkpt>
      <trkpt lat="38.731876" lon="-0.240547">
        <ele>669.714701</ele>
        <time>2026-03-23T13:09:43.758Z</time>
      </trkpt>
      <trkpt lat="38.731904" lon="-0.240284">
        <ele>669.195287</ele>
        <time>2026-03-23T13:09:45.924Z</time>
      </trkpt>
      <trkpt lat="38.732502" lon="-0.238248">
        <ele>664.936427</ele>
        <time>2026-03-23T13:10:03.401Z</time>
      </trkpt>
      <trkpt lat="38.732586" lon="-0.237664">
        <ele>664.457091</ele>
        <time>2026-03-23T13:10:08.978Z</time>
      </trkpt>
      <trkpt lat="38.732726" lon="-0.237305">
        <ele>664.315472</ele>
        <time>2026-03-23T13:10:13.169Z</time>
      </trkpt>
      <trkpt lat="38.732754" lon="-0.237147">
        <ele>664.258302</ele>
        <time>2026-03-23T13:10:15.008Z</time>
      </trkpt>
      <trkpt lat="38.732737" lon="-0.236730">
        <ele>664.110964</ele>
        <time>2026-03-23T13:10:20.230Z</time>
      </trkpt>
      <trkpt lat="38.732496" lon="-0.235407">
        <ele>662.453243</ele>
        <time>2026-03-23T13:10:37.213Z</time>
      </trkpt>
      <trkpt lat="38.732469" lon="-0.234913">
        <ele>661.008685</ele>
        <time>2026-03-23T13:10:41.414Z</time>
      </trkpt>
      <trkpt lat="38.732503" lon="-0.234472">
        <ele>659.715997</ele>
        <time>2026-03-23T13:10:44.773Z</time>
      </trkpt>
      <trkpt lat="38.732505" lon="-0.233970">
        <ele>658.251617</ele>
        <time>2026-03-23T13:10:48.376Z</time>
      </trkpt>
      <trkpt lat="38.732466" lon="-0.233183">
        <ele>654.856718</ele>
        <time>2026-03-23T13:10:53.876Z</time>
      </trkpt>
      <trkpt lat="38.732446" lon="-0.233059">
        <ele>654.125258</ele>
        <time>2026-03-23T13:10:54.751Z</time>
      </trkpt>
      <trkpt lat="38.732333" lon="-0.232801">
        <ele>652.416024</ele>
        <time>2026-03-23T13:10:56.792Z</time>
      </trkpt>
      <trkpt lat="38.732171" lon="-0.232601">
        <ele>650.750496</ele>
        <time>2026-03-23T13:10:58.774Z</time>
      </trkpt>
      <trkpt lat="38.731865" lon="-0.232383">
        <ele>648.158059</ele>
        <time>2026-03-23T13:11:01.878Z</time>
      </trkpt>
      <trkpt lat="38.731236" lon="-0.232098">
        <ele>643.352037</ele>
        <time>2026-03-23T13:11:07.840Z</time>
      </trkpt>
      <trkpt lat="38.731125" lon="-0.231995">
        <ele>642.594142</ele>
        <time>2026-03-23T13:11:09.069Z</time>
      </trkpt>
      <trkpt lat="38.730826" lon="-0.231611">
        <ele>640.253227</ele>
        <time>2026-03-23T13:11:12.901Z</time>
      </trkpt>
      <trkpt lat="38.730741" lon="-0.231509">
        <ele>639.609255</ele>
        <time>2026-03-23T13:11:13.978Z</time>
      </trkpt>
      <trkpt lat="38.730274" lon="-0.231126">
        <ele>636.542936</ele>
        <time>2026-03-23T13:11:19.113Z</time>
      </trkpt>
      <trkpt lat="38.730122" lon="-0.230983">
        <ele>635.500124</ele>
        <time>2026-03-23T13:11:20.860Z</time>
      </trkpt>
      <trkpt lat="38.729988" lon="-0.230822">
        <ele>634.484326</ele>
        <time>2026-03-23T13:11:22.600Z</time>
      </trkpt>
      <trkpt lat="38.729937" lon="-0.230629">
        <ele>633.885401</ele>
        <time>2026-03-23T13:11:24.133Z</time>
      </trkpt>
      <trkpt lat="38.729979" lon="-0.230453">
        <ele>634.232133</ele>
        <time>2026-03-23T13:11:25.565Z</time>
      </trkpt>
      <trkpt lat="38.730072" lon="-0.230300">
        <ele>634.597537</ele>
        <time>2026-03-23T13:11:27.172Z</time>
      </trkpt>
      <trkpt lat="38.730264" lon="-0.230016">
        <ele>635.305520</ele>
        <time>2026-03-23T13:11:30.962Z</time>
      </trkpt>
      <trkpt lat="38.730395" lon="-0.229744">
        <ele>635.907726</ele>
        <time>2026-03-23T13:11:36.306Z</time>
      </trkpt>
      <trkpt lat="38.730557" lon="-0.229586">
        <ele>636.399305</ele>
        <time>2026-03-23T13:11:41.833Z</time>
      </trkpt>
      <trkpt lat="38.730592" lon="-0.229499">
        <ele>636.583713</ele>
        <time>2026-03-23T13:11:44.033Z</time>
      </trkpt>
      <trkpt lat="38.730589" lon="-0.229351">
        <ele>636.862622</ele>
        <time>2026-03-23T13:11:47.875Z</time>
      </trkpt>
      <trkpt lat="38.730508" lon="-0.229098">
        <ele>637.377822</ele>
        <time>2026-03-23T13:11:55.812Z</time>
      </trkpt>
      <trkpt lat="38.730287" lon="-0.228591">
        <ele>639.096311</ele>
        <time>2026-03-23T13:12:17.674Z</time>
      </trkpt>
      <trkpt lat="38.730181" lon="-0.228477">
        <ele>640.066255</ele>
        <time>2026-03-23T13:12:25.294Z</time>
      </trkpt>
      <trkpt lat="38.729723" lon="-0.228103">
        <ele>643.872959</ele>
        <time>2026-03-23T13:12:55.238Z</time>
      </trkpt>
      <trkpt lat="38.729576" lon="-0.227900">
        <ele>645.387640</ele>
        <time>2026-03-23T13:13:05.776Z</time>
      </trkpt>
      <trkpt lat="38.729499" lon="-0.227714">
        <ele>646.539147</ele>
        <time>2026-03-23T13:13:12.972Z</time>
      </trkpt>
      <trkpt lat="38.729455" lon="-0.227567">
        <ele>647.400173</ele>
        <time>2026-03-23T13:13:17.909Z</time>
      </trkpt>
      <trkpt lat="38.729328" lon="-0.226738">
        <ele>651.223419</ele>
        <time>2026-03-23T13:13:38.028Z</time>
      </trkpt>
      <trkpt lat="38.729339" lon="-0.226600">
        <ele>651.505249</ele>
        <time>2026-03-23T13:13:40.605Z</time>
      </trkpt>
      <trkpt lat="38.729376" lon="-0.226483">
        <ele>651.761742</ele>
        <time>2026-03-23T13:13:42.833Z</time>
      </trkpt>
      <trkpt lat="38.729445" lon="-0.226367">
        <ele>652.058110</ele>
        <time>2026-03-23T13:13:45.383Z</time>
      </trkpt>
      <trkpt lat="38.729717" lon="-0.225897">
        <ele>653.247058</ele>
        <time>2026-03-23T13:13:55.901Z</time>
      </trkpt>
      <trkpt lat="38.729794" lon="-0.225720">
        <ele>653.658796</ele>
        <time>2026-03-23T13:13:59.950Z</time>
      </trkpt>
      <trkpt lat="38.729845" lon="-0.225467">
        <ele>654.189688</ele>
        <time>2026-03-23T13:14:05.034Z</time>
      </trkpt>
      <trkpt lat="38.729841" lon="-0.225346">
        <ele>654.435739</ele>
        <time>2026-03-23T13:14:07.337Z</time>
      </trkpt>
      <trkpt lat="38.729809" lon="-0.225211">
        <ele>654.722394</ele>
        <time>2026-03-23T13:14:10.103Z</time>
      </trkpt>
      <trkpt lat="38.729384" lon="-0.224616">
        <ele>656.078716</ele>
        <time>2026-03-23T13:14:24.810Z</time>
      </trkpt>
      <trkpt lat="38.729336" lon="-0.224482">
        <ele>656.286708</ele>
        <time>2026-03-23T13:14:27.539Z</time>
      </trkpt>
      <trkpt lat="38.729297" lon="-0.223926">
        <ele>657.074154</ele>
        <time>2026-03-23T13:14:36.883Z</time>
      </trkpt>
      <trkpt lat="38.729237" lon="-0.223679">
        <ele>657.439068</ele>
        <time>2026-03-23T13:14:40.860Z</time>
      </trkpt>
      <trkpt lat="38.729164" lon="-0.223575">
        <ele>657.636411</ele>
        <time>2026-03-23T13:14:42.875Z</time>
      </trkpt>
      <trkpt lat="38.728686" lon="-0.223111">
        <ele>658.784109</ele>
        <time>2026-03-23T13:14:53.557Z</time>
      </trkpt>
      <trkpt lat="38.728456" lon="-0.222967">
        <ele>660.176264</ele>
        <time>2026-03-23T13:14:59.740Z</time>
      </trkpt>
      <trkpt lat="38.727814" lon="-0.222674">
        <ele>663.882672</ele>
        <time>2026-03-23T13:15:24.807Z</time>
      </trkpt>
      <trkpt lat="38.727603" lon="-0.222617">
        <ele>665.055463</ele>
        <time>2026-03-23T13:15:34.748Z</time>
      </trkpt>
      <trkpt lat="38.726647" lon="-0.222687">
        <ele>669.291726</ele>
        <time>2026-03-23T13:16:17.978Z</time>
      </trkpt>
      <trkpt lat="38.726537" lon="-0.222657">
        <ele>669.571728</ele>
        <time>2026-03-23T13:16:22.049Z</time>
      </trkpt>
      <trkpt lat="38.726462" lon="-0.222588">
        <ele>669.801576</ele>
        <time>2026-03-23T13:16:25.131Z</time>
      </trkpt>
      <trkpt lat="38.726422" lon="-0.222486">
        <ele>670.023318</ele>
        <time>2026-03-23T13:16:27.848Z</time>
      </trkpt>
      <trkpt lat="38.726405" lon="-0.222368">
        <ele>670.256391</ele>
        <time>2026-03-23T13:16:30.358Z</time>
      </trkpt>
      <trkpt lat="38.726503" lon="-0.221963">
        <ele>671.080014</ele>
        <time>2026-03-23T13:16:36.587Z</time>
      </trkpt>
      <trkpt lat="38.726517" lon="-0.221842">
        <ele>671.317609</ele>
        <time>2026-03-23T13:16:38.016Z</time>
      </trkpt>
      <trkpt lat="38.726490" lon="-0.221738">
        <ele>671.530505</ele>
        <time>2026-03-23T13:16:39.495Z</time>
      </trkpt>
      <trkpt lat="38.726204" lon="-0.221069">
        <ele>672.898952</ele>
        <time>2026-03-23T13:16:47.952Z</time>
      </trkpt>
      <trkpt lat="38.726114" lon="-0.220973">
        <ele>672.663894</ele>
        <time>2026-03-23T13:16:49.353Z</time>
      </trkpt>
      <trkpt lat="38.726020" lon="-0.220921">
        <ele>672.458359</ele>
        <time>2026-03-23T13:16:50.544Z</time>
      </trkpt>
      <trkpt lat="38.725711" lon="-0.220987">
        <ele>671.829467</ele>
        <time>2026-03-23T13:16:54.176Z</time>
      </trkpt>
      <trkpt lat="38.725483" lon="-0.220987">
        <ele>671.371741</ele>
        <time>2026-03-23T13:16:56.901Z</time>
      </trkpt>
      <trkpt lat="38.725354" lon="-0.220953">
        <ele>671.107347</ele>
        <time>2026-03-23T13:16:58.421Z</time>
      </trkpt>
      <trkpt lat="38.725113" lon="-0.220834">
        <ele>670.588866</ele>
        <time>2026-03-23T13:17:01.376Z</time>
      </trkpt>
      <trkpt lat="38.725036" lon="-0.220759">
        <ele>670.394716</ele>
        <time>2026-03-23T13:17:02.519Z</time>
      </trkpt>
      <trkpt lat="38.724975" lon="-0.220547">
        <ele>670.040814</ele>
        <time>2026-03-23T13:17:04.554Z</time>
      </trkpt>
      <trkpt lat="38.724998" lon="-0.220143">
        <ele>669.406379</ele>
        <time>2026-03-23T13:17:07.707Z</time>
      </trkpt>
      <trkpt lat="38.724909" lon="-0.219666">
        <ele>666.843235</ele>
        <time>2026-03-23T13:17:11.297Z</time>
      </trkpt>
      <trkpt lat="38.724942" lon="-0.218805">
        <ele>662.032970</ele>
        <time>2026-03-23T13:17:17.414Z</time>
      </trkpt>
      <trkpt lat="38.724906" lon="-0.218713">
        <ele>661.458645</ele>
        <time>2026-03-23T13:17:18.116Z</time>
      </trkpt>
      <trkpt lat="38.724821" lon="-0.218635">
        <ele>660.710940</ele>
        <time>2026-03-23T13:17:19.034Z</time>
      </trkpt>
      <trkpt lat="38.724513" lon="-0.218481">
        <ele>658.346288</ele>
        <time>2026-03-23T13:17:21.909Z</time>
      </trkpt>
      <trkpt lat="38.724445" lon="-0.218420">
        <ele>657.752636</ele>
        <time>2026-03-23T13:17:22.621Z</time>
      </trkpt>
      <trkpt lat="38.724395" lon="-0.218313">
        <ele>657.056651</ele>
        <time>2026-03-23T13:17:23.455Z</time>
      </trkpt>
      <trkpt lat="38.724370" lon="-0.218184">
        <ele>656.338431</ele>
        <time>2026-03-23T13:17:24.343Z</time>
      </trkpt>
      <trkpt lat="38.724402" lon="-0.217712">
        <ele>654.085735</ele>
        <time>2026-03-23T13:17:27.514Z</time>
      </trkpt>
      <trkpt lat="38.724433" lon="-0.217602">
        <ele>653.529636</ele>
        <time>2026-03-23T13:17:28.307Z</time>
      </trkpt>
      <trkpt lat="38.724516" lon="-0.217474">
        <ele>652.738255</ele>
        <time>2026-03-23T13:17:29.417Z</time>
      </trkpt>
      <trkpt lat="38.724735" lon="-0.217134">
        <ele>650.641865</ele>
        <time>2026-03-23T13:17:32.376Z</time>
      </trkpt>
      <trkpt lat="38.724805" lon="-0.216896">
        <ele>649.432496</ele>
        <time>2026-03-23T13:17:34.128Z</time>
      </trkpt>
      <trkpt lat="38.724805" lon="-0.216797">
        <ele>648.961779</ele>
        <time>2026-03-23T13:17:34.833Z</time>
      </trkpt>
      <trkpt lat="38.724775" lon="-0.216686">
        <ele>648.403233</ele>
        <time>2026-03-23T13:17:35.694Z</time>
      </trkpt>
      <trkpt lat="38.724697" lon="-0.216610">
        <ele>647.806106</ele>
        <time>2026-03-23T13:17:36.661Z</time>
      </trkpt>
      <trkpt lat="38.724598" lon="-0.216583">
        <ele>647.189240</ele>
        <time>2026-03-23T13:17:37.735Z</time>
      </trkpt>
      <trkpt lat="38.724483" lon="-0.216623">
        <ele>646.463021</ele>
        <time>2026-03-23T13:17:39.217Z</time>
      </trkpt>
      <trkpt lat="38.724259" lon="-0.216887">
        <ele>646.284408</ele>
        <time>2026-03-23T13:17:46.266Z</time>
      </trkpt>
      <trkpt lat="38.724100" lon="-0.217124">
        <ele>647.555323</ele>
        <time>2026-03-23T13:17:55.319Z</time>
      </trkpt>
      <trkpt lat="38.723833" lon="-0.217751">
        <ele>650.459702</ele>
        <time>2026-03-23T13:18:21.848Z</time>
      </trkpt>
      <trkpt lat="38.723701" lon="-0.217945">
        <ele>651.506339</ele>
        <time>2026-03-23T13:18:31.251Z</time>
      </trkpt>
      <trkpt lat="38.723478" lon="-0.218108">
        <ele>652.844219</ele>
        <time>2026-03-23T13:18:42.577Z</time>
      </trkpt>
      <trkpt lat="38.723341" lon="-0.218074">
        <ele>653.571469</ele>
        <time>2026-03-23T13:18:48.301Z</time>
      </trkpt>
      <trkpt lat="38.723262" lon="-0.218010">
        <ele>654.058529</ele>
        <time>2026-03-23T13:18:51.825Z</time>
      </trkpt>
      <trkpt lat="38.723201" lon="-0.217933">
        <ele>654.504718</ele>
        <time>2026-03-23T13:18:54.967Z</time>
      </trkpt>
      <trkpt lat="38.723163" lon="-0.217827">
        <ele>654.886582</ele>
        <time>2026-03-23T13:18:57.990Z</time>
      </trkpt>
      <trkpt lat="38.723099" lon="-0.217110">
        <ele>654.914113</ele>
        <time>2026-03-23T13:19:11.383Z</time>
      </trkpt>
      <trkpt lat="38.723064" lon="-0.216985">
        <ele>654.919179</ele>
        <time>2026-03-23T13:19:12.779Z</time>
      </trkpt>
      <trkpt lat="38.722999" lon="-0.216905">
        <ele>654.923585</ele>
        <time>2026-03-23T13:19:13.845Z</time>
      </trkpt>
      <trkpt lat="38.722915" lon="-0.216868">
        <ele>654.927928</ele>
        <time>2026-03-23T13:19:14.835Z</time>
      </trkpt>
      <trkpt lat="38.722698" lon="-0.216872">
        <ele>654.938540</ele>
        <time>2026-03-23T13:19:17.115Z</time>
      </trkpt>
      <trkpt lat="38.722541" lon="-0.216827">
        <ele>654.946406</ele>
        <time>2026-03-23T13:19:18.740Z</time>
      </trkpt>
      <trkpt lat="38.722468" lon="-0.216710">
        <ele>654.952122</ele>
        <time>2026-03-23T13:19:19.990Z</time>
      </trkpt>
      <trkpt lat="38.722446" lon="-0.216320">
        <ele>654.967038</ele>
        <time>2026-03-23T13:19:23.585Z</time>
      </trkpt>
      <trkpt lat="38.722457" lon="-0.216044">
        <ele>654.809986</ele>
        <time>2026-03-23T13:19:26.480Z</time>
      </trkpt>
      <trkpt lat="38.722510" lon="-0.215604">
        <ele>654.102105</ele>
        <time>2026-03-23T13:19:30.445Z</time>
      </trkpt>
      <trkpt lat="38.722490" lon="-0.215483">
        <ele>653.905447</ele>
        <time>2026-03-23T13:19:31.424Z</time>
      </trkpt>
      <trkpt lat="38.722170" lon="-0.214942">
        <ele>652.825999</ele>
        <time>2026-03-23T13:19:36.804Z</time>
      </trkpt>
      <trkpt lat="38.722144" lon="-0.214719">
        <ele>652.467494</ele>
        <time>2026-03-23T13:19:38.631Z</time>
      </trkpt>
      <trkpt lat="38.722173" lon="-0.214603">
        <ele>652.273818</ele>
        <time>2026-03-23T13:19:39.641Z</time>
      </trkpt>
      <trkpt lat="38.722392" lon="-0.214192">
        <ele>651.482467</ele>
        <time>2026-03-23T13:19:44.511Z</time>
      </trkpt>
      <trkpt lat="38.722407" lon="-0.214122">
        <ele>651.367046</ele>
        <time>2026-03-23T13:19:45.241Z</time>
      </trkpt>
      <trkpt lat="38.722439" lon="-0.213511">
        <ele>650.500394</ele>
        <time>2026-03-23T13:19:50.720Z</time>
      </trkpt>
      <trkpt lat="38.722487" lon="-0.213347">
        <ele>650.254474</ele>
        <time>2026-03-23T13:19:52.181Z</time>
      </trkpt>
      <trkpt lat="38.722790" lon="-0.213162">
        <ele>649.650514</ele>
        <time>2026-03-23T13:19:56.047Z</time>
      </trkpt>
      <trkpt lat="38.723050" lon="-0.212722">
        <ele>648.875584</ele>
        <time>2026-03-23T13:20:01.083Z</time>
      </trkpt>
      <trkpt lat="38.723608" lon="-0.212228">
        <ele>647.035069</ele>
        <time>2026-03-23T13:20:08.398Z</time>
      </trkpt>
      <trkpt lat="38.723742" lon="-0.212030">
        <ele>646.118718</ele>
        <time>2026-03-23T13:20:10.444Z</time>
      </trkpt>
      <trkpt lat="38.723849" lon="-0.211789">
        <ele>645.149312</ele>
        <time>2026-03-23T13:20:12.569Z</time>
      </trkpt>
      <trkpt lat="38.724008" lon="-0.211201">
        <ele>642.973709</ele>
        <time>2026-03-23T13:20:17.261Z</time>
      </trkpt>
      <trkpt lat="38.724135" lon="-0.210211">
        <ele>639.111228</ele>
        <time>2026-03-23T13:20:24.549Z</time>
      </trkpt>
      <trkpt lat="38.724413" lon="-0.209559">
        <ele>634.822783</ele>
        <time>2026-03-23T13:20:29.621Z</time>
      </trkpt>
      <trkpt lat="38.724543" lon="-0.209085">
        <ele>631.922909</ele>
        <time>2026-03-23T13:20:33.024Z</time>
      </trkpt>
      <trkpt lat="38.724570" lon="-0.208865">
        <ele>630.637538</ele>
        <time>2026-03-23T13:20:34.537Z</time>
      </trkpt>
      <trkpt lat="38.724560" lon="-0.208715">
        <ele>629.768640</ele>
        <time>2026-03-23T13:20:35.572Z</time>
      </trkpt>
      <trkpt lat="38.724511" lon="-0.208574">
        <ele>628.877755</ele>
        <time>2026-03-23T13:20:36.636Z</time>
      </trkpt>
      <trkpt lat="38.724445" lon="-0.208510">
        <ele>628.265506</ele>
        <time>2026-03-23T13:20:37.368Z</time>
      </trkpt>
      <trkpt lat="38.724293" lon="-0.208452">
        <ele>627.092245</ele>
        <time>2026-03-23T13:20:38.794Z</time>
      </trkpt>
      <trkpt lat="38.724183" lon="-0.208475">
        <ele>626.655871</ele>
        <time>2026-03-23T13:20:39.810Z</time>
      </trkpt>
      <trkpt lat="38.724129" lon="-0.208516">
        <ele>626.603442</ele>
        <time>2026-03-23T13:20:40.386Z</time>
      </trkpt>
      <trkpt lat="38.723588" lon="-0.209079">
        <ele>626.021319</ele>
        <time>2026-03-23T13:20:48.001Z</time>
      </trkpt>
      <trkpt lat="38.723471" lon="-0.209233">
        <ele>625.881228</ele>
        <time>2026-03-23T13:20:51.725Z</time>
      </trkpt>
      <trkpt lat="38.723251" lon="-0.209603">
        <ele>625.578042</ele>
        <time>2026-03-23T13:21:01.314Z</time>
      </trkpt>
      <trkpt lat="38.723130" lon="-0.209737">
        <ele>625.444463</ele>
        <time>2026-03-23T13:21:05.429Z</time>
      </trkpt>
      <trkpt lat="38.722748" lon="-0.210052">
        <ele>624.489440</ele>
        <time>2026-03-23T13:21:15.182Z</time>
      </trkpt>
      <trkpt lat="38.722486" lon="-0.210167">
        <ele>623.291459</ele>
        <time>2026-03-23T13:21:18.993Z</time>
      </trkpt>
      <trkpt lat="38.722051" lon="-0.210250">
        <ele>621.388985</ele>
        <time>2026-03-23T13:21:23.460Z</time>
      </trkpt>
      <trkpt lat="38.721614" lon="-0.210111">
        <ele>619.441257</ele>
        <time>2026-03-23T13:21:27.524Z</time>
      </trkpt>
      <trkpt lat="38.721291" lon="-0.210051">
        <ele>618.029415</ele>
        <time>2026-03-23T13:21:30.386Z</time>
      </trkpt>
      <trkpt lat="38.721051" lon="-0.209904">
        <ele>616.533875</ele>
        <time>2026-03-23T13:21:32.708Z</time>
      </trkpt>
      <trkpt lat="38.720863" lon="-0.209753">
        <ele>614.964977</ele>
        <time>2026-03-23T13:21:34.654Z</time>
      </trkpt>
      <trkpt lat="38.720796" lon="-0.209629">
        <ele>614.132805</ele>
        <time>2026-03-23T13:21:35.684Z</time>
      </trkpt>
      <trkpt lat="38.720795" lon="-0.209478">
        <ele>613.299681</ele>
        <time>2026-03-23T13:21:36.722Z</time>
      </trkpt>
      <trkpt lat="38.720815" lon="-0.209409">
        <ele>612.893573</ele>
        <time>2026-03-23T13:21:37.222Z</time>
      </trkpt>
      <trkpt lat="38.720941" lon="-0.209249">
        <ele>611.639327</ele>
        <time>2026-03-23T13:21:38.789Z</time>
      </trkpt>
      <trkpt lat="38.721096" lon="-0.209208">
        <ele>610.520151</ele>
        <time>2026-03-23T13:21:40.179Z</time>
      </trkpt>
      <trkpt lat="38.721611" lon="-0.209388">
        <ele>606.745372</ele>
        <time>2026-03-23T13:21:44.934Z</time>
      </trkpt>
      <trkpt lat="38.721689" lon="-0.209389">
        <ele>606.193770</ele>
        <time>2026-03-23T13:21:45.666Z</time>
      </trkpt>
      <trkpt lat="38.721759" lon="-0.209306">
        <ele>605.519442</ele>
        <time>2026-03-23T13:21:46.580Z</time>
      </trkpt>
      <trkpt lat="38.721765" lon="-0.209116">
        <ele>604.599846</ele>
        <time>2026-03-23T13:21:48.064Z</time>
      </trkpt>
      <trkpt lat="38.721671" lon="-0.208527">
        <ele>603.128501</ele>
        <time>2026-03-23T13:21:52.906Z</time>
      </trkpt>
      <trkpt lat="38.721609" lon="-0.208449">
        <ele>602.855985</ele>
        <time>2026-03-23T13:21:53.817Z</time>
      </trkpt>
      <trkpt lat="38.721517" lon="-0.208418">
        <ele>602.557587</ele>
        <time>2026-03-23T13:21:54.812Z</time>
      </trkpt>
      <trkpt lat="38.721319" lon="-0.208547">
        <ele>601.860853</ele>
        <time>2026-03-23T13:21:57.169Z</time>
      </trkpt>
      <trkpt lat="38.721115" lon="-0.208664">
        <ele>601.159789</ele>
        <time>2026-03-23T13:21:59.559Z</time>
      </trkpt>
      <trkpt lat="38.721018" lon="-0.208657">
        <ele>600.855032</ele>
        <time>2026-03-23T13:22:00.607Z</time>
      </trkpt>
      <trkpt lat="38.720882" lon="-0.208594">
        <ele>600.401410</ele>
        <time>2026-03-23T13:22:02.161Z</time>
      </trkpt>
      <trkpt lat="38.720822" lon="-0.208487">
        <ele>600.078920</ele>
        <time>2026-03-23T13:22:03.266Z</time>
      </trkpt>
      <trkpt lat="38.720615" lon="-0.207802">
        <ele>597.481851</ele>
        <time>2026-03-23T13:22:09.253Z</time>
      </trkpt>
      <trkpt lat="38.720605" lon="-0.207646">
        <ele>596.706189</ele>
        <time>2026-03-23T13:22:10.427Z</time>
      </trkpt>
      <trkpt lat="38.720676" lon="-0.207359">
        <ele>595.214179</ele>
        <time>2026-03-23T13:22:12.610Z</time>
      </trkpt>
      <trkpt lat="38.720742" lon="-0.207226">
        <ele>594.433080</ele>
        <time>2026-03-23T13:22:13.732Z</time>
      </trkpt>
      <trkpt lat="38.720840" lon="-0.207099">
        <ele>593.547912</ele>
        <time>2026-03-23T13:22:14.983Z</time>
      </trkpt>
      <trkpt lat="38.721121" lon="-0.206811">
        <ele>591.262684</ele>
        <time>2026-03-23T13:22:18.185Z</time>
      </trkpt>
      <trkpt lat="38.721645" lon="-0.206135">
        <ele>586.592321</ele>
        <time>2026-03-23T13:22:24.699Z</time>
      </trkpt>
      <trkpt lat="38.721781" lon="-0.205997">
        <ele>585.542622</ele>
        <time>2026-03-23T13:22:26.220Z</time>
      </trkpt>
      <trkpt lat="38.721932" lon="-0.205921">
        <ele>584.560911</ele>
        <time>2026-03-23T13:22:27.653Z</time>
      </trkpt>
      <trkpt lat="38.722377" lon="-0.205970">
        <ele>581.858050</ele>
        <time>2026-03-23T13:22:31.631Z</time>
      </trkpt>
      <trkpt lat="38.722518" lon="-0.205944">
        <ele>580.995996</ele>
        <time>2026-03-23T13:22:32.911Z</time>
      </trkpt>
      <trkpt lat="38.722665" lon="-0.205881">
        <ele>580.058007</ele>
        <time>2026-03-23T13:22:34.337Z</time>
      </trkpt>
      <trkpt lat="38.722846" lon="-0.205757">
        <ele>578.816035</ele>
        <time>2026-03-23T13:22:36.269Z</time>
      </trkpt>
      <trkpt lat="38.722907" lon="-0.205667">
        <ele>578.253165</ele>
        <time>2026-03-23T13:22:37.169Z</time>
      </trkpt>
      <trkpt lat="38.722944" lon="-0.205535">
        <ele>577.590950</ele>
        <time>2026-03-23T13:22:38.256Z</time>
      </trkpt>
      <trkpt lat="38.722950" lon="-0.205396">
        <ele>576.933686</ele>
        <time>2026-03-23T13:22:39.378Z</time>
      </trkpt>
      <trkpt lat="38.722895" lon="-0.205215">
        <ele>576.711932</ele>
        <time>2026-03-23T13:22:41.049Z</time>
      </trkpt>
      <trkpt lat="38.722802" lon="-0.205075">
        <ele>576.664325</ele>
        <time>2026-03-23T13:22:42.817Z</time>
      </trkpt>
      <trkpt lat="38.722696" lon="-0.204960">
        <ele>576.618237</ele>
        <time>2026-03-23T13:22:44.891Z</time>
      </trkpt>
      <trkpt lat="38.722518" lon="-0.204824">
        <ele>576.549466</ele>
        <time>2026-03-23T13:22:48.649Z</time>
      </trkpt>
      <trkpt lat="38.722377" lon="-0.204816">
        <ele>576.502626</ele>
        <time>2026-03-23T13:22:51.417Z</time>
      </trkpt>
      <trkpt lat="38.722141" lon="-0.204902">
        <ele>576.421202</ele>
        <time>2026-03-23T13:22:56.541Z</time>
      </trkpt>
      <trkpt lat="38.722029" lon="-0.204911">
        <ele>576.383960</ele>
        <time>2026-03-23T13:22:58.973Z</time>
      </trkpt>
      <trkpt lat="38.721867" lon="-0.204855">
        <ele>576.328276</ele>
        <time>2026-03-23T13:23:02.526Z</time>
      </trkpt>
      <trkpt lat="38.721754" lon="-0.204743">
        <ele>576.280871</ele>
        <time>2026-03-23T13:23:05.417Z</time>
      </trkpt>
      <trkpt lat="38.721694" lon="-0.204615">
        <ele>576.242207</ele>
        <time>2026-03-23T13:23:07.533Z</time>
      </trkpt>
      <trkpt lat="38.721703" lon="-0.204470">
        <ele>576.204545</ele>
        <time>2026-03-23T13:23:09.268Z</time>
      </trkpt>
      <trkpt lat="38.721877" lon="-0.204060">
        <ele>575.117868</ele>
        <time>2026-03-23T13:23:13.572Z</time>
      </trkpt>
      <trkpt lat="38.722102" lon="-0.203574">
        <ele>572.999619</ele>
        <time>2026-03-23T13:23:17.982Z</time>
      </trkpt>
      <trkpt lat="38.722602" lon="-0.203202">
        <ele>570.222099</ele>
        <time>2026-03-23T13:23:23.299Z</time>
      </trkpt>
      <trkpt lat="38.723416" lon="-0.202210">
        <ele>564.326773</ele>
        <time>2026-03-23T13:23:33.345Z</time>
      </trkpt>
      <trkpt lat="38.723472" lon="-0.202093">
        <ele>563.716757</ele>
        <time>2026-03-23T13:23:34.317Z</time>
      </trkpt>
      <trkpt lat="38.723505" lon="-0.201930">
        <ele>562.968371</ele>
        <time>2026-03-23T13:23:35.503Z</time>
      </trkpt>
      <trkpt lat="38.723611" lon="-0.201206">
        <ele>559.694658</ele>
        <time>2026-03-23T13:23:40.827Z</time>
      </trkpt>
      <trkpt lat="38.723683" lon="-0.201016">
        <ele>558.755939</ele>
        <time>2026-03-23T13:23:42.414Z</time>
      </trkpt>
      <trkpt lat="38.723833" lon="-0.200732">
        <ele>557.243576</ele>
        <time>2026-03-23T13:23:45.047Z</time>
      </trkpt>
      <trkpt lat="38.723937" lon="-0.200595">
        <ele>556.667464</ele>
        <time>2026-03-23T13:23:46.544Z</time>
      </trkpt>
      <trkpt lat="38.724007" lon="-0.200551">
        <ele>556.366279</ele>
        <time>2026-03-23T13:23:47.335Z</time>
      </trkpt>
      <trkpt lat="38.724055" lon="-0.200551">
        <ele>556.180849</ele>
        <time>2026-03-23T13:23:47.820Z</time>
      </trkpt>
      <trkpt lat="38.724166" lon="-0.200605">
        <ele>555.722195</ele>
        <time>2026-03-23T13:23:49.028Z</time>
      </trkpt>
      <trkpt lat="38.724344" lon="-0.200831">
        <ele>554.754314</ele>
        <time>2026-03-23T13:23:51.587Z</time>
      </trkpt>
      <trkpt lat="38.724625" lon="-0.201290">
        <ele>552.995877</ele>
        <time>2026-03-23T13:23:56.235Z</time>
      </trkpt>
      <trkpt lat="38.724686" lon="-0.201336">
        <ele>552.722470</ele>
        <time>2026-03-23T13:23:56.944Z</time>
      </trkpt>
      <trkpt lat="38.724737" lon="-0.201359">
        <ele>552.513611</ele>
        <time>2026-03-23T13:23:57.490Z</time>
      </trkpt>
      <trkpt lat="38.724897" lon="-0.201321">
        <ele>551.884990</ele>
        <time>2026-03-23T13:23:59.103Z</time>
      </trkpt>
      <trkpt lat="38.725085" lon="-0.201196">
        <ele>551.066826</ele>
        <time>2026-03-23T13:24:01.164Z</time>
      </trkpt>
      <trkpt lat="38.725121" lon="-0.201119">
        <ele>550.796278</ele>
        <time>2026-03-23T13:24:01.838Z</time>
      </trkpt>
      <trkpt lat="38.725129" lon="-0.201014">
        <ele>550.478319</ele>
        <time>2026-03-23T13:24:02.616Z</time>
      </trkpt>
      <trkpt lat="38.724976" lon="-0.200550">
        <ele>548.281114</ele>
        <time>2026-03-23T13:24:06.253Z</time>
      </trkpt>
      <trkpt lat="38.724868" lon="-0.199918">
        <ele>545.357619</ele>
        <time>2026-03-23T13:24:10.792Z</time>
      </trkpt>
      <trkpt lat="38.724823" lon="-0.199767">
        <ele>544.627215</ele>
        <time>2026-03-23T13:24:11.927Z</time>
      </trkpt>
      <trkpt lat="38.724480" lon="-0.198928">
        <ele>540.347064</ele>
        <time>2026-03-23T13:24:18.740Z</time>
      </trkpt>
      <trkpt lat="38.724434" lon="-0.198777">
        <ele>539.689437</ele>
        <time>2026-03-23T13:24:19.929Z</time>
      </trkpt>
      <trkpt lat="38.724429" lon="-0.198673">
        <ele>539.341091</ele>
        <time>2026-03-23T13:24:20.700Z</time>
      </trkpt>
      <trkpt lat="38.724450" lon="-0.198577">
        <ele>539.007772</ele>
        <time>2026-03-23T13:24:21.440Z</time>
      </trkpt>
      <trkpt lat="38.724506" lon="-0.198500">
        <ele>538.655847</ele>
        <time>2026-03-23T13:24:22.215Z</time>
      </trkpt>
      <trkpt lat="38.724545" lon="-0.198447">
        <ele>538.412281</ele>
        <time>2026-03-23T13:24:22.751Z</time>
      </trkpt>
      <trkpt lat="38.724940" lon="-0.198156">
        <ele>536.459980</ele>
        <time>2026-03-23T13:24:27.080Z</time>
      </trkpt>
      <trkpt lat="38.725388" lon="-0.197946">
        <ele>534.415879</ele>
        <time>2026-03-23T13:24:31.702Z</time>
      </trkpt>
      <trkpt lat="38.725463" lon="-0.197869">
        <ele>534.004109</ele>
        <time>2026-03-23T13:24:32.651Z</time>
      </trkpt>
      <trkpt lat="38.725541" lon="-0.197649">
        <ele>533.196242</ele>
        <time>2026-03-23T13:24:34.523Z</time>
      </trkpt>
      <trkpt lat="38.725536" lon="-0.197396">
        <ele>532.350170</ele>
        <time>2026-03-23T13:24:36.503Z</time>
      </trkpt>
      <trkpt lat="38.725464" lon="-0.197282">
        <ele>532.068736</ele>
        <time>2026-03-23T13:24:37.661Z</time>
      </trkpt>
      <trkpt lat="38.725379" lon="-0.197226">
        <ele>531.914576</ele>
        <time>2026-03-23T13:24:38.636Z</time>
      </trkpt>
      <trkpt lat="38.724987" lon="-0.197159">
        <ele>531.276661</ele>
        <time>2026-03-23T13:24:42.774Z</time>
      </trkpt>
      <trkpt lat="38.724780" lon="-0.197168">
        <ele>530.942566</ele>
        <time>2026-03-23T13:24:45.069Z</time>
      </trkpt>
      <trkpt lat="38.724055" lon="-0.197286">
        <ele>529.763709</ele>
        <time>2026-03-23T13:24:54.167Z</time>
      </trkpt>
      <trkpt lat="38.723913" lon="-0.197287">
        <ele>529.534652</ele>
        <time>2026-03-23T13:24:56.087Z</time>
      </trkpt>
      <trkpt lat="38.723809" lon="-0.197258">
        <ele>529.362970</ele>
        <time>2026-03-23T13:24:57.588Z</time>
      </trkpt>
      <trkpt lat="38.723396" lon="-0.197045">
        <ele>529.440552</ele>
        <time>2026-03-23T13:25:03.450Z</time>
      </trkpt>
      <trkpt lat="38.723280" lon="-0.196959">
        <ele>529.489544</ele>
        <time>2026-03-23T13:25:05.174Z</time>
      </trkpt>
      <trkpt lat="38.723163" lon="-0.196812">
        <ele>529.549441</ele>
        <time>2026-03-23T13:25:07.276Z</time>
      </trkpt>
      <trkpt lat="38.723060" lon="-0.196525">
        <ele>529.639548</ele>
        <time>2026-03-23T13:25:10.526Z</time>
      </trkpt>
      <trkpt lat="38.722981" lon="-0.196422">
        <ele>529.680746</ele>
        <time>2026-03-23T13:25:12.166Z</time>
      </trkpt>
      <trkpt lat="38.722929" lon="-0.196392">
        <ele>529.701594</ele>
        <time>2026-03-23T13:25:13.107Z</time>
      </trkpt>
      <trkpt lat="38.722822" lon="-0.196372">
        <ele>529.741127</ele>
        <time>2026-03-23T13:25:15.133Z</time>
      </trkpt>
      <trkpt lat="38.722697" lon="-0.196409">
        <ele>529.788029</ele>
        <time>2026-03-23T13:25:17.848Z</time>
      </trkpt>
      <trkpt lat="38.722209" lon="-0.196659">
        <ele>530.121283</ele>
        <time>2026-03-23T13:25:30.075Z</time>
      </trkpt>
      <trkpt lat="38.721985" lon="-0.196714">
        <ele>530.609700</ele>
        <time>2026-03-23T13:25:34.432Z</time>
      </trkpt>
      <trkpt lat="38.721561" lon="-0.196602">
        <ele>531.536774</ele>
        <time>2026-03-23T13:25:44.105Z</time>
      </trkpt>
      <trkpt lat="38.721453" lon="-0.196516">
        <ele>531.809055</ele>
        <time>2026-03-23T13:25:47.235Z</time>
      </trkpt>
      <trkpt lat="38.721421" lon="-0.196393">
        <ele>532.025686</ele>
        <time>2026-03-23T13:25:49.465Z</time>
      </trkpt>
      <trkpt lat="38.721438" lon="-0.196279">
        <ele>532.219603</ele>
        <time>2026-03-23T13:25:51.855Z</time>
      </trkpt>
      <trkpt lat="38.721464" lon="-0.196208">
        <ele>532.350646</ele>
        <time>2026-03-23T13:25:53.337Z</time>
      </trkpt>
      <trkpt lat="38.721512" lon="-0.196067">
        <ele>532.607675</ele>
        <time>2026-03-23T13:25:56.488Z</time>
      </trkpt>
      <trkpt lat="38.721529" lon="-0.196023">
        <ele>532.689710</ele>
        <time>2026-03-23T13:25:57.542Z</time>
      </trkpt>
      <trkpt lat="38.721619" lon="-0.195923">
        <ele>532.944782</ele>
        <time>2026-03-23T13:26:00.661Z</time>
      </trkpt>
      <trkpt lat="38.721711" lon="-0.195890">
        <ele>533.149369</ele>
        <time>2026-03-23T13:26:03.419Z</time>
      </trkpt>
      <trkpt lat="38.721961" lon="-0.195908">
        <ele>533.685586</ele>
        <time>2026-03-23T13:26:09.202Z</time>
      </trkpt>
      <trkpt lat="38.722064" lon="-0.195886">
        <ele>533.866436</ele>
        <time>2026-03-23T13:26:11.357Z</time>
      </trkpt>
      <trkpt lat="38.722684" lon="-0.195623">
        <ele>534.702409</ele>
        <time>2026-03-23T13:26:27.067Z</time>
      </trkpt>
      <trkpt lat="38.722826" lon="-0.195523">
        <ele>534.909807</ele>
        <time>2026-03-23T13:26:31.009Z</time>
      </trkpt>
      <trkpt lat="38.723295" lon="-0.195055">
        <ele>535.670639</ele>
        <time>2026-03-23T13:26:42.646Z</time>
      </trkpt>
      <trkpt lat="38.723535" lon="-0.194955">
        <ele>535.993678</ele>
        <time>2026-03-23T13:26:46.380Z</time>
      </trkpt>
      <trkpt lat="38.723792" lon="-0.195004">
        <ele>535.696792</ele>
        <time>2026-03-23T13:26:49.674Z</time>
      </trkpt>
      <trkpt lat="38.724212" lon="-0.195045">
        <ele>534.700252</ele>
        <time>2026-03-23T13:26:54.715Z</time>
      </trkpt>
      <trkpt lat="38.724324" lon="-0.195103">
        <ele>534.414467</ele>
        <time>2026-03-23T13:26:56.054Z</time>
      </trkpt>
      <trkpt lat="38.724668" lon="-0.195359">
        <ele>533.473387</ele>
        <time>2026-03-23T13:27:00.212Z</time>
      </trkpt>
      <trkpt lat="38.724789" lon="-0.195390">
        <ele>533.181455</ele>
        <time>2026-03-23T13:27:01.483Z</time>
      </trkpt>
      <trkpt lat="38.724944" lon="-0.195383">
        <ele>532.814519</ele>
        <time>2026-03-23T13:27:03.060Z</time>
      </trkpt>
      <trkpt lat="38.725455" lon="-0.195326">
        <ele>531.424818</ele>
        <time>2026-03-23T13:27:08.082Z</time>
      </trkpt>
      <trkpt lat="38.725711" lon="-0.195337">
        <ele>530.389932</ele>
        <time>2026-03-23T13:27:10.511Z</time>
      </trkpt>
      <trkpt lat="38.725969" lon="-0.195392">
        <ele>529.333228</ele>
        <time>2026-03-23T13:27:12.980Z</time>
      </trkpt>
      <trkpt lat="38.726165" lon="-0.195480">
        <ele>528.494165</ele>
        <time>2026-03-23T13:27:14.944Z</time>
      </trkpt>
      <trkpt lat="38.726371" lon="-0.195626">
        <ele>527.543120</ele>
        <time>2026-03-23T13:27:17.171Z</time>
      </trkpt>
      <trkpt lat="38.726481" lon="-0.195713">
        <ele>527.020900</ele>
        <time>2026-03-23T13:27:18.401Z</time>
      </trkpt>
      <trkpt lat="38.726635" lon="-0.195849">
        <ele>526.265328</ele>
        <time>2026-03-23T13:27:20.174Z</time>
      </trkpt>
      <trkpt lat="38.726766" lon="-0.195967">
        <ele>525.618441</ele>
        <time>2026-03-23T13:27:21.689Z</time>
      </trkpt>
      <trkpt lat="38.726963" lon="-0.196155">
        <ele>524.626149</ele>
        <time>2026-03-23T13:27:24.111Z</time>
      </trkpt>
      <trkpt lat="38.727236" lon="-0.196523">
        <ele>524.758310</ele>
        <time>2026-03-23T13:27:28.692Z</time>
      </trkpt>
      <trkpt lat="38.727619" lon="-0.196869">
        <ele>524.971475</ele>
        <time>2026-03-23T13:27:37.611Z</time>
      </trkpt>
      <trkpt lat="38.728146" lon="-0.197289">
        <ele>525.253786</ele>
        <time>2026-03-23T13:27:51.435Z</time>
      </trkpt>
      <trkpt lat="38.728490" lon="-0.197500">
        <ele>525.481821</ele>
        <time>2026-03-23T13:28:00.105Z</time>
      </trkpt>
      <trkpt lat="38.729519" lon="-0.197994">
        <ele>527.027664</ele>
        <time>2026-03-23T13:28:23.263Z</time>
      </trkpt>
      <trkpt lat="38.729872" lon="-0.198118">
        <ele>527.542591</ele>
        <time>2026-03-23T13:28:30.388Z</time>
      </trkpt>
      <trkpt lat="38.730221" lon="-0.198132">
        <ele>527.891960</ele>
        <time>2026-03-23T13:28:37.064Z</time>
      </trkpt>
      <trkpt lat="38.730573" lon="-0.198024">
        <ele>527.694282</ele>
        <time>2026-03-23T13:28:43.761Z</time>
      </trkpt>
      <trkpt lat="38.730851" lon="-0.197976">
        <ele>527.541078</ele>
        <time>2026-03-23T13:28:48.575Z</time>
      </trkpt>
      <trkpt lat="38.731720" lon="-0.197974">
        <ele>527.066463</ele>
        <time>2026-03-23T13:28:59.297Z</time>
      </trkpt>
      <trkpt lat="38.731966" lon="-0.198036">
        <ele>526.867381</ele>
        <time>2026-03-23T13:29:01.922Z</time>
      </trkpt>
      <trkpt lat="38.732677" lon="-0.198437">
        <ele>525.107888</ele>
        <time>2026-03-23T13:29:09.954Z</time>
      </trkpt>
      <trkpt lat="38.732903" lon="-0.198518">
        <ele>524.576335</ele>
        <time>2026-03-23T13:29:12.449Z</time>
      </trkpt>
      <trkpt lat="38.733136" lon="-0.198564">
        <ele>524.042335</ele>
        <time>2026-03-23T13:29:14.950Z</time>
      </trkpt>
      <trkpt lat="38.733379" lon="-0.198573">
        <ele>523.491676</ele>
        <time>2026-03-23T13:29:17.605Z</time>
      </trkpt>
      <trkpt lat="38.733979" lon="-0.198534">
        <ele>522.301063</ele>
        <time>2026-03-23T13:29:24.411Z</time>
      </trkpt>
      <trkpt lat="38.734811" lon="-0.198748">
        <ele>520.818516</ele>
        <time>2026-03-23T13:29:33.807Z</time>
      </trkpt>
      <trkpt lat="38.735446" lon="-0.198823">
        <ele>519.684821</ele>
        <time>2026-03-23T13:29:41.034Z</time>
      </trkpt>
      <trkpt lat="38.735763" lon="-0.198820">
        <ele>518.747456</ele>
        <time>2026-03-23T13:29:44.858Z</time>
      </trkpt>
      <trkpt lat="38.736244" lon="-0.198772">
        <ele>517.320882</ele>
        <time>2026-03-23T13:29:50.404Z</time>
      </trkpt>
      <trkpt lat="38.736928" lon="-0.198639">
        <ele>515.275227</ele>
        <time>2026-03-23T13:29:57.220Z</time>
      </trkpt>
      <trkpt lat="38.737331" lon="-0.198589">
        <ele>514.317301</ele>
        <time>2026-03-23T13:30:00.914Z</time>
      </trkpt>
      <trkpt lat="38.737629" lon="-0.198665">
        <ele>514.058153</ele>
        <time>2026-03-23T13:30:03.975Z</time>
      </trkpt>
      <trkpt lat="38.737930" lon="-0.198890">
        <ele>513.760973</ele>
        <time>2026-03-23T13:30:07.837Z</time>
      </trkpt>
      <trkpt lat="38.738090" lon="-0.198966">
        <ele>513.615442</ele>
        <time>2026-03-23T13:30:09.799Z</time>
      </trkpt>
      <trkpt lat="38.738267" lon="-0.198975">
        <ele>513.464358</ele>
        <time>2026-03-23T13:30:12.037Z</time>
      </trkpt>
      <trkpt lat="38.738444" lon="-0.198906">
        <ele>513.306567</ele>
        <time>2026-03-23T13:30:14.797Z</time>
      </trkpt>
      <trkpt lat="38.738551" lon="-0.198816">
        <ele>513.197417</ele>
        <time>2026-03-23T13:30:17.056Z</time>
      </trkpt>
      <trkpt lat="38.738900" lon="-0.198411">
        <ele>512.953908</ele>
        <time>2026-03-23T13:30:28.483Z</time>
      </trkpt>
      <trkpt lat="38.739410" lon="-0.198027">
        <ele>513.394934</ele>
        <time>2026-03-23T13:30:49.332Z</time>
      </trkpt>
      <trkpt lat="38.739556" lon="-0.197829">
        <ele>513.553408</ele>
        <time>2026-03-23T13:30:54.131Z</time>
      </trkpt>
      <trkpt lat="38.739617" lon="-0.197669">
        <ele>513.656989</ele>
        <time>2026-03-23T13:30:56.832Z</time>
      </trkpt>
      <trkpt lat="38.739650" lon="-0.197411">
        <ele>513.809051</ele>
        <time>2026-03-23T13:30:59.814Z</time>
      </trkpt>
      <trkpt lat="38.739527" lon="-0.196603">
        <ele>513.847863</ele>
        <time>2026-03-23T13:31:06.559Z</time>
      </trkpt>
      <trkpt lat="38.739545" lon="-0.196313">
        <ele>512.896885</ele>
        <time>2026-03-23T13:31:08.759Z</time>
      </trkpt>
      <trkpt lat="38.739599" lon="-0.196127">
        <ele>512.248118</ele>
        <time>2026-03-23T13:31:10.246Z</time>
      </trkpt>
      <trkpt lat="38.739747" lon="-0.195894">
        <ele>511.265861</ele>
        <time>2026-03-23T13:31:12.470Z</time>
      </trkpt>
      <trkpt lat="38.740188" lon="-0.195590">
        <ele>509.167452</ele>
        <time>2026-03-23T13:31:17.227Z</time>
      </trkpt>
      <trkpt lat="38.740477" lon="-0.195309">
        <ele>507.647362</ele>
        <time>2026-03-23T13:31:20.689Z</time>
      </trkpt>
      <trkpt lat="38.740643" lon="-0.194958">
        <ele>506.165958</ele>
        <time>2026-03-23T13:31:23.764Z</time>
      </trkpt>
      <trkpt lat="38.740737" lon="-0.194430">
        <ele>503.741639</ele>
        <time>2026-03-23T13:31:27.888Z</time>
      </trkpt>
      <trkpt lat="38.740830" lon="-0.194092">
        <ele>502.137241</ele>
        <time>2026-03-23T13:31:30.608Z</time>
      </trkpt>
      <trkpt lat="38.740956" lon="-0.193872">
        <ele>500.915463</ele>
        <time>2026-03-23T13:31:32.639Z</time>
      </trkpt>
      <trkpt lat="38.741558" lon="-0.193099">
        <ele>495.929355</ele>
        <time>2026-03-23T13:31:40.291Z</time>
      </trkpt>
      <trkpt lat="38.741820" lon="-0.192670">
        <ele>492.789227</ele>
        <time>2026-03-23T13:31:43.978Z</time>
      </trkpt>
      <trkpt lat="38.742026" lon="-0.192430">
        <ele>490.732546</ele>
        <time>2026-03-23T13:31:46.401Z</time>
      </trkpt>
      <trkpt lat="38.742238" lon="-0.192254">
        <ele>488.866379</ele>
        <time>2026-03-23T13:31:48.620Z</time>
      </trkpt>
      <trkpt lat="38.742921" lon="-0.191974">
        <ele>483.568055</ele>
        <time>2026-03-23T13:31:55.131Z</time>
      </trkpt>
      <trkpt lat="38.743170" lon="-0.191825">
        <ele>482.098654</ele>
        <time>2026-03-23T13:31:57.692Z</time>
      </trkpt>
      <trkpt lat="38.743363" lon="-0.191642">
        <ele>480.973904</ele>
        <time>2026-03-23T13:31:59.939Z</time>
      </trkpt>
      <trkpt lat="38.743522" lon="-0.191444">
        <ele>479.935329</ele>
        <time>2026-03-23T13:32:02.026Z</time>
      </trkpt>
      <trkpt lat="38.743899" lon="-0.190861">
        <ele>477.167688</ele>
        <time>2026-03-23T13:32:07.806Z</time>
      </trkpt>
      <trkpt lat="38.744117" lon="-0.190382">
        <ele>475.140945</ele>
        <time>2026-03-23T13:32:12.064Z</time>
      </trkpt>
      <trkpt lat="38.744205" lon="-0.189950">
        <ele>473.405599</ele>
        <time>2026-03-23T13:32:15.408Z</time>
      </trkpt>
      <trkpt lat="38.744268" lon="-0.189220">
        <ele>470.476223</ele>
        <time>2026-03-23T13:32:20.758Z</time>
      </trkpt>
      <trkpt lat="38.744361" lon="-0.188888">
        <ele>469.069228</ele>
        <time>2026-03-23T13:32:23.335Z</time>
      </trkpt>
      <trkpt lat="38.744511" lon="-0.188597">
        <ele>467.678003</ele>
        <time>2026-03-23T13:32:25.881Z</time>
      </trkpt>
      <trkpt lat="38.744851" lon="-0.188180">
        <ele>465.272216</ele>
        <time>2026-03-23T13:32:30.251Z</time>
      </trkpt>
      <trkpt lat="38.744991" lon="-0.188035">
        <ele>464.353490</ele>
        <time>2026-03-23T13:32:31.912Z</time>
      </trkpt>
      <trkpt lat="38.745118" lon="-0.187955">
        <ele>463.631156</ele>
        <time>2026-03-23T13:32:33.220Z</time>
      </trkpt>
      <trkpt lat="38.746252" lon="-0.187585">
        <ele>457.657760</ele>
        <time>2026-03-23T13:32:44.212Z</time>
      </trkpt>
      <trkpt lat="38.746549" lon="-0.187440">
        <ele>456.048109</ele>
        <time>2026-03-23T13:32:47.294Z</time>
      </trkpt>
      <trkpt lat="38.746844" lon="-0.187196">
        <ele>454.355653</ele>
        <time>2026-03-23T13:32:50.654Z</time>
      </trkpt>
      <trkpt lat="38.746991" lon="-0.187015">
        <ele>453.373095</ele>
        <time>2026-03-23T13:32:52.564Z</time>
      </trkpt>
      <trkpt lat="38.747116" lon="-0.186811">
        <ele>452.397634</ele>
        <time>2026-03-23T13:32:54.454Z</time>
      </trkpt>
      <trkpt lat="38.747267" lon="-0.186448">
        <ele>450.850743</ele>
        <time>2026-03-23T13:32:57.460Z</time>
      </trkpt>
      <trkpt lat="38.747354" lon="-0.186051">
        <ele>449.300210</ele>
        <time>2026-03-23T13:33:00.519Z</time>
      </trkpt>
      <trkpt lat="38.747392" lon="-0.185402">
        <ele>447.042207</ele>
        <time>2026-03-23T13:33:05.350Z</time>
      </trkpt>
      <trkpt lat="38.747423" lon="-0.184700">
        <ele>445.074934</ele>
        <time>2026-03-23T13:33:10.636Z</time>
      </trkpt>
      <trkpt lat="38.747483" lon="-0.184343">
        <ele>444.053155</ele>
        <time>2026-03-23T13:33:13.478Z</time>
      </trkpt>
      <trkpt lat="38.747629" lon="-0.183986">
        <ele>442.925311</ele>
        <time>2026-03-23T13:33:16.791Z</time>
      </trkpt>
      <trkpt lat="38.747825" lon="-0.183707">
        <ele>441.874710</ele>
        <time>2026-03-23T13:33:19.901Z</time>
      </trkpt>
      <trkpt lat="38.747930" lon="-0.183607">
        <ele>441.405486</ele>
        <time>2026-03-23T13:33:21.253Z</time>
      </trkpt>
      <trkpt lat="38.748160" lon="-0.183453">
        <ele>440.628260</ele>
        <time>2026-03-23T13:33:23.868Z</time>
      </trkpt>
      <trkpt lat="38.748475" lon="-0.183359">
        <ele>439.736044</ele>
        <time>2026-03-23T13:33:27.107Z</time>
      </trkpt>
      <trkpt lat="38.748758" lon="-0.183362">
        <ele>438.955303</ele>
        <time>2026-03-23T13:33:29.968Z</time>
      </trkpt>
      <trkpt lat="38.749457" lon="-0.183477">
        <ele>437.011159</ele>
        <time>2026-03-23T13:33:37.521Z</time>
      </trkpt>
      <trkpt lat="38.749667" lon="-0.183454">
        <ele>436.429721</ele>
        <time>2026-03-23T13:33:39.896Z</time>
      </trkpt>
      <trkpt lat="38.749828" lon="-0.183400">
        <ele>435.970492</ele>
        <time>2026-03-23T13:33:41.625Z</time>
      </trkpt>
      <trkpt lat="38.750089" lon="-0.183251">
        <ele>435.181823</ele>
        <time>2026-03-23T13:33:44.536Z</time>
      </trkpt>
      <trkpt lat="38.750251" lon="-0.183091">
        <ele>434.617343</ele>
        <time>2026-03-23T13:33:46.598Z</time>
      </trkpt>
      <trkpt lat="38.750450" lon="-0.182792">
        <ele>433.771103</ele>
        <time>2026-03-23T13:33:49.725Z</time>
      </trkpt>
      <trkpt lat="38.750586" lon="-0.182441">
        <ele>432.927332</ele>
        <time>2026-03-23T13:33:52.896Z</time>
      </trkpt>
      <trkpt lat="38.750672" lon="-0.181888">
        <ele>431.713371</ele>
        <time>2026-03-23T13:33:57.432Z</time>
      </trkpt>
      <trkpt lat="38.750734" lon="-0.181629">
        <ele>431.183123</ele>
        <time>2026-03-23T13:33:59.639Z</time>
      </trkpt>
      <trkpt lat="38.750849" lon="-0.181329">
        <ele>430.926228</ele>
        <time>2026-03-23T13:34:02.314Z</time>
      </trkpt>
      <trkpt lat="38.751105" lon="-0.180864">
        <ele>430.488807</ele>
        <time>2026-03-23T13:34:07.552Z</time>
      </trkpt>
      <trkpt lat="38.751292" lon="-0.180271">
        <ele>429.997244</ele>
        <time>2026-03-23T13:34:14.904Z</time>
      </trkpt>
      <trkpt lat="38.751334" lon="-0.180036">
        <ele>429.811967</ele>
        <time>2026-03-23T13:34:17.674Z</time>
      </trkpt>
      <trkpt lat="38.751347" lon="-0.179143">
        <ele>428.990074</ele>
        <time>2026-03-23T13:34:27.388Z</time>
      </trkpt>
      <trkpt lat="38.751412" lon="-0.178799">
        <ele>428.600886</ele>
        <time>2026-03-23T13:34:30.852Z</time>
      </trkpt>
      <trkpt lat="38.751515" lon="-0.178545">
        <ele>428.286102</ele>
        <time>2026-03-23T13:34:33.477Z</time>
      </trkpt>
      <trkpt lat="38.751604" lon="-0.178391">
        <ele>428.075345</ele>
        <time>2026-03-23T13:34:35.197Z</time>
      </trkpt>
      <trkpt lat="38.751885" lon="-0.177998">
        <ele>427.489095</ele>
        <time>2026-03-23T13:34:39.870Z</time>
      </trkpt>
      <trkpt lat="38.752153" lon="-0.177571">
        <ele>426.861086</ele>
        <time>2026-03-23T13:34:44.498Z</time>
      </trkpt>
      <trkpt lat="38.752268" lon="-0.177246">
        <ele>425.909867</ele>
        <time>2026-03-23T13:34:47.419Z</time>
      </trkpt>
      <trkpt lat="38.752304" lon="-0.177004">
        <ele>425.253235</ele>
        <time>2026-03-23T13:34:49.388Z</time>
      </trkpt>
      <trkpt lat="38.752305" lon="-0.176454">
        <ele>423.787316</ele>
        <time>2026-03-23T13:34:53.667Z</time>
      </trkpt>
      <trkpt lat="38.752244" lon="-0.175500">
        <ele>421.236087</ele>
        <time>2026-03-23T13:35:01.008Z</time>
      </trkpt>
      <trkpt lat="38.752264" lon="-0.175003">
        <ele>419.849118</ele>
        <time>2026-03-23T13:35:04.763Z</time>
      </trkpt>
      <trkpt lat="38.752306" lon="-0.174692">
        <ele>418.947760</ele>
        <time>2026-03-23T13:35:07.136Z</time>
      </trkpt>
      <trkpt lat="38.752542" lon="-0.173588">
        <ele>415.678713</ele>
        <time>2026-03-23T13:35:15.975Z</time>
      </trkpt>
      <trkpt lat="38.752599" lon="-0.173198">
        <ele>414.545583</ele>
        <time>2026-03-23T13:35:19.121Z</time>
      </trkpt>
      <trkpt lat="38.752622" lon="-0.172796">
        <ele>413.659105</ele>
        <time>2026-03-23T13:35:22.335Z</time>
      </trkpt>
      <trkpt lat="38.752622" lon="-0.172745">
        <ele>413.563117</ele>
        <time>2026-03-23T13:35:22.748Z</time>
      </trkpt>
      <trkpt lat="38.752585" lon="-0.172073">
        <ele>412.295184</ele>
        <time>2026-03-23T13:35:28.120Z</time>
      </trkpt>
      <trkpt lat="38.752479" lon="-0.171551">
        <ele>411.279956</ele>
        <time>2026-03-23T13:35:32.427Z</time>
      </trkpt>
      <trkpt lat="38.752220" lon="-0.170510">
        <ele>410.363577</ele>
        <time>2026-03-23T13:35:41.857Z</time>
      </trkpt>
      <trkpt lat="38.752075" lon="-0.170218">
        <ele>410.937147</ele>
        <time>2026-03-23T13:35:47.514Z</time>
      </trkpt>
      <trkpt lat="38.751943" lon="-0.170057">
        <ele>411.324203</ele>
        <time>2026-03-23T13:35:51.898Z</time>
      </trkpt>
      <trkpt lat="38.751882" lon="-0.170001">
        <ele>411.483595</ele>
        <time>2026-03-23T13:35:53.699Z</time>
      </trkpt>
      <trkpt lat="38.751411" lon="-0.169625">
        <ele>412.662369</ele>
        <time>2026-03-23T13:36:09.210Z</time>
      </trkpt>
      <trkpt lat="38.751334" lon="-0.169493">
        <ele>412.935496</ele>
        <time>2026-03-23T13:36:13.001Z</time>
      </trkpt>
      <trkpt lat="38.751319" lon="-0.169305">
        <ele>413.248623</ele>
        <time>2026-03-23T13:36:17.506Z</time>
      </trkpt>
      <trkpt lat="38.751576" lon="-0.168810">
        <ele>414.432670</ele>
        <time>2026-03-23T13:36:32.878Z</time>
      </trkpt>
      <trkpt lat="38.751867" lon="-0.168341">
        <ele>415.764363</ele>
        <time>2026-03-23T13:36:46.570Z</time>
      </trkpt>
      <trkpt lat="38.752185" lon="-0.168080">
        <ele>416.840107</ele>
        <time>2026-03-23T13:36:56.243Z</time>
      </trkpt>
      <trkpt lat="38.752325" lon="-0.167925">
        <ele>417.367101</ele>
        <time>2026-03-23T13:37:00.694Z</time>
      </trkpt>
      <trkpt lat="38.752376" lon="-0.167781">
        <ele>417.718512</ele>
        <time>2026-03-23T13:37:03.498Z</time>
      </trkpt>
      <trkpt lat="38.752415" lon="-0.167567">
        <ele>418.206821</ele>
        <time>2026-03-23T13:37:07.350Z</time>
      </trkpt>
      <trkpt lat="38.752377" lon="-0.166915">
        <ele>418.664326</ele>
        <time>2026-03-23T13:37:18.929Z</time>
      </trkpt>
      <trkpt lat="38.752302" lon="-0.165402">
        <ele>418.239371</ele>
        <time>2026-03-23T13:37:36.763Z</time>
      </trkpt>
      <trkpt lat="38.752308" lon="-0.165012">
        <ele>418.130031</ele>
        <time>2026-03-23T13:37:39.878Z</time>
      </trkpt>
      <trkpt lat="38.752390" lon="-0.164245">
        <ele>415.165446</ele>
        <time>2026-03-23T13:37:45.778Z</time>
      </trkpt>
      <trkpt lat="38.752283" lon="-0.162319">
        <ele>407.477004</ele>
        <time>2026-03-23T13:37:59.634Z</time>
      </trkpt>
      <trkpt lat="38.752218" lon="-0.161705">
        <ele>404.671357</ele>
        <time>2026-03-23T13:38:04.054Z</time>
      </trkpt>
      <trkpt lat="38.752092" lon="-0.161199">
        <ele>402.266260</ele>
        <time>2026-03-23T13:38:07.860Z</time>
      </trkpt>
      <trkpt lat="38.751925" lon="-0.160814">
        <ele>400.271490</ele>
        <time>2026-03-23T13:38:11.046Z</time>
      </trkpt>
      <trkpt lat="38.751663" lon="-0.160397">
        <ele>398.008428</ele>
        <time>2026-03-23T13:38:14.929Z</time>
      </trkpt>
      <trkpt lat="38.751016" lon="-0.159509">
        <ele>393.412442</ele>
        <time>2026-03-23T13:38:23.853Z</time>
      </trkpt>
      <trkpt lat="38.750813" lon="-0.159116">
        <ele>391.629681</ele>
        <time>2026-03-23T13:38:27.384Z</time>
      </trkpt>
      <trkpt lat="38.750726" lon="-0.158707">
        <ele>390.053341</ele>
        <time>2026-03-23T13:38:30.551Z</time>
      </trkpt>
      <trkpt lat="38.750721" lon="-0.158137">
        <ele>388.633615</ele>
        <time>2026-03-23T13:38:34.842Z</time>
      </trkpt>
      <trkpt lat="38.750757" lon="-0.157742">
        <ele>387.643137</ele>
        <time>2026-03-23T13:38:37.904Z</time>
      </trkpt>
      <trkpt lat="38.750922" lon="-0.157459">
        <ele>386.763105</ele>
        <time>2026-03-23T13:38:41.917Z</time>
      </trkpt>
      <trkpt lat="38.751008" lon="-0.157183">
        <ele>386.022868</ele>
        <time>2026-03-23T13:38:45.312Z</time>
      </trkpt>
      <trkpt lat="38.751031" lon="-0.157020">
        <ele>385.610312</ele>
        <time>2026-03-23T13:38:47.222Z</time>
      </trkpt>
      <trkpt lat="38.751142" lon="-0.156978">
        <ele>385.240715</ele>
        <time>2026-03-23T13:38:48.939Z</time>
      </trkpt>
      <trkpt lat="38.751178" lon="-0.156991">
        <ele>385.121274</ele>
        <time>2026-03-23T13:38:49.509Z</time>
      </trkpt>
      <trkpt lat="38.751193" lon="-0.157030">
        <ele>385.012972</ele>
        <time>2026-03-23T13:38:50.008Z</time>
      </trkpt>
      <trkpt lat="38.751082" lon="-0.157475">
        <ele>384.542594</ele>
        <time>2026-03-23T13:38:55.725Z</time>
      </trkpt>
      <trkpt lat="38.751070" lon="-0.157746">
        <ele>384.781986</ele>
        <time>2026-03-23T13:38:59.468Z</time>
      </trkpt>
      <trkpt lat="38.751144" lon="-0.157809">
        <ele>384.882437</ele>
        <time>2026-03-23T13:39:01.215Z</time>
      </trkpt>
      <trkpt lat="38.751215" lon="-0.157800">
        <ele>384.963121</ele>
        <time>2026-03-23T13:39:02.320Z</time>
      </trkpt>
      <trkpt lat="38.751232" lon="-0.157769">
        <ele>384.996544</ele>
        <time>2026-03-23T13:39:02.783Z</time>
      </trkpt>
      <trkpt lat="38.751360" lon="-0.157308">
        <ele>385.428119</ele>
        <time>2026-03-23T13:39:10.304Z</time>
      </trkpt>
      <trkpt lat="38.751447" lon="-0.157156">
        <ele>385.594404</ele>
        <time>2026-03-23T13:39:13.774Z</time>
      </trkpt>
      <trkpt lat="38.751653" lon="-0.156993">
        <ele>385.868150</ele>
        <time>2026-03-23T13:39:19.582Z</time>
      </trkpt>
      <trkpt lat="38.751858" lon="-0.156907">
        <ele>386.112073</ele>
        <time>2026-03-23T13:39:24.896Z</time>
      </trkpt>
      <trkpt lat="38.752011" lon="-0.156893">
        <ele>386.285538</ele>
        <time>2026-03-23T13:39:28.990Z</time>
      </trkpt>
      <trkpt lat="38.752142" lon="-0.156917">
        <ele>386.495643</ele>
        <time>2026-03-23T13:39:32.835Z</time>
      </trkpt>
      <trkpt lat="38.752310" lon="-0.157042">
        <ele>387.048718</ele>
        <time>2026-03-23T13:39:38.639Z</time>
      </trkpt>
      <trkpt lat="38.752429" lon="-0.157057">
        <ele>387.389199</ele>
        <time>2026-03-23T13:39:42.399Z</time>
      </trkpt>
      <trkpt lat="38.752971" lon="-0.156964">
        <ele>388.946282</ele>
        <time>2026-03-23T13:40:00.009Z</time>
      </trkpt>
      <trkpt lat="38.753680" lon="-0.156880">
        <ele>390.973734</ele>
        <time>2026-03-23T13:40:21.534Z</time>
      </trkpt>
      <trkpt lat="38.753961" lon="-0.156981">
        <ele>391.658077</ele>
        <time>2026-03-23T13:40:28.598Z</time>
      </trkpt>
      <trkpt lat="38.754066" lon="-0.156944">
        <ele>391.810151</ele>
        <time>2026-03-23T13:40:31.202Z</time>
      </trkpt>
      <trkpt lat="38.754100" lon="-0.156902">
        <ele>391.876082</ele>
        <time>2026-03-23T13:40:31.998Z</time>
      </trkpt>
      <trkpt lat="38.754167" lon="-0.156742">
        <ele>392.073869</ele>
        <time>2026-03-23T13:40:34.460Z</time>
      </trkpt>
      <trkpt lat="38.754269" lon="-0.156384">
        <ele>392.488969</ele>
        <time>2026-03-23T13:40:39.503Z</time>
      </trkpt>
      <trkpt lat="38.754266" lon="-0.155961">
        <ele>392.949672</ele>
        <time>2026-03-23T13:40:44.607Z</time>
      </trkpt>
      <trkpt lat="38.754433" lon="-0.155639">
        <ele>393.370830</ele>
        <time>2026-03-23T13:40:48.506Z</time>
      </trkpt>
      <trkpt lat="38.754494" lon="-0.155465">
        <ele>393.578598</ele>
        <time>2026-03-23T13:40:50.357Z</time>
      </trkpt>
      <trkpt lat="38.754602" lon="-0.154978">
        <ele>394.740776</ele>
        <time>2026-03-23T13:40:59.141Z</time>
      </trkpt>
      <trkpt lat="38.754587" lon="-0.154638">
        <ele>397.350664</ele>
        <time>2026-03-23T13:41:10.861Z</time>
      </trkpt>
      <trkpt lat="38.754601" lon="-0.154562">
        <ele>397.949149</ele>
        <time>2026-03-23T13:41:13.644Z</time>
      </trkpt>
      <trkpt lat="38.754908" lon="-0.153995">
        <ele>403.239264</ele>
        <time>2026-03-23T13:41:41.353Z</time>
      </trkpt>
      <trkpt lat="38.754965" lon="-0.153926">
        <ele>404.009607</ele>
        <time>2026-03-23T13:41:45.812Z</time>
      </trkpt>
      <trkpt lat="38.755153" lon="-0.153814">
        <ele>406.046844</ele>
        <time>2026-03-23T13:41:58.503Z</time>
      </trkpt>
      <trkpt lat="38.755251" lon="-0.153827">
        <ele>407.015087</ele>
        <time>2026-03-23T13:42:04.661Z</time>
      </trkpt>
      <trkpt lat="38.755296" lon="-0.153915">
        <ele>407.821569</ele>
        <time>2026-03-23T13:42:10.261Z</time>
      </trkpt>
      <trkpt lat="38.755288" lon="-0.154147">
        <ele>409.601311</ele>
        <time>2026-03-23T13:42:23.111Z</time>
      </trkpt>
      <trkpt lat="38.755234" lon="-0.154581">
        <ele>413.242000</ele>
        <time>2026-03-23T13:42:49.462Z</time>
      </trkpt>
      <trkpt lat="38.755359" lon="-0.155069">
        <ele>418.027036</ele>
        <time>2026-03-23T13:43:22.100Z</time>
      </trkpt>
      <trkpt lat="38.755392" lon="-0.155137">
        <ele>418.773152</ele>
        <time>2026-03-23T13:43:26.621Z</time>
      </trkpt>
      <trkpt lat="38.755438" lon="-0.155169">
        <ele>419.398314</ele>
        <time>2026-03-23T13:43:30.154Z</time>
      </trkpt>
      <trkpt lat="38.755501" lon="-0.155189">
        <ele>420.173626</ele>
        <time>2026-03-23T13:43:34.498Z</time>
      </trkpt>
      <trkpt lat="38.755643" lon="-0.155100">
        <ele>422.061719</ele>
        <time>2026-03-23T13:43:45.123Z</time>
      </trkpt>
      <trkpt lat="38.756234" lon="-0.154450">
        <ele>431.362746</ele>
        <time>2026-03-23T13:44:32.388Z</time>
      </trkpt>
      <trkpt lat="38.756351" lon="-0.154256">
        <ele>433.307894</ele>
        <time>2026-03-23T13:44:41.348Z</time>
      </trkpt>
      <trkpt lat="38.756368" lon="-0.153974">
        <ele>433.980306</ele>
        <time>2026-03-23T13:44:50.044Z</time>
      </trkpt>
      <trkpt lat="38.756435" lon="-0.153766">
        <ele>434.515319</ele>
        <time>2026-03-23T13:44:55.736Z</time>
      </trkpt>
      <trkpt lat="38.756439" lon="-0.153669">
        <ele>434.746244</ele>
        <time>2026-03-23T13:44:57.855Z</time>
      </trkpt>
      <trkpt lat="38.756389" lon="-0.153579">
        <ele>435.008950</ele>
        <time>2026-03-23T13:45:00.062Z</time>
      </trkpt>
      <trkpt lat="38.756226" lon="-0.153464">
        <ele>435.576116</ele>
        <time>2026-03-23T13:45:04.039Z</time>
      </trkpt>
      <trkpt lat="38.756108" lon="-0.153313">
        <ele>436.084325</ele>
        <time>2026-03-23T13:45:06.865Z</time>
      </trkpt>
      <trkpt lat="38.756063" lon="-0.153224">
        <ele>436.336492</ele>
        <time>2026-03-23T13:45:07.978Z</time>
      </trkpt>
      <trkpt lat="38.755967" lon="-0.152904">
        <ele>437.151601</ele>
        <time>2026-03-23T13:45:11.001Z</time>
      </trkpt>
      <trkpt lat="38.755916" lon="-0.152620">
        <ele>437.844442</ele>
        <time>2026-03-23T13:45:13.718Z</time>
      </trkpt>
      <trkpt lat="38.755893" lon="-0.152298">
        <ele>438.613158</ele>
        <time>2026-03-23T13:45:18.888Z</time>
      </trkpt>
      <trkpt lat="38.755795" lon="-0.152001">
        <ele>440.559724</ele>
        <time>2026-03-23T13:45:27.092Z</time>
      </trkpt>
      <trkpt lat="38.755778" lon="-0.151863">
        <ele>441.447808</ele>
        <time>2026-03-23T13:45:31.125Z</time>
      </trkpt>
      <trkpt lat="38.755788" lon="-0.151497">
        <ele>443.775741</ele>
        <time>2026-03-23T13:45:43.202Z</time>
      </trkpt>
      <trkpt lat="38.755828" lon="-0.151263">
        <ele>445.298495</ele>
        <time>2026-03-23T13:45:51.789Z</time>
      </trkpt>
      <trkpt lat="38.755951" lon="-0.151034">
        <ele>447.066023</ele>
        <time>2026-03-23T13:46:02.213Z</time>
      </trkpt>
      <trkpt lat="38.756044" lon="-0.150920">
        <ele>448.114730</ele>
        <time>2026-03-23T13:46:08.697Z</time>
      </trkpt>
      <trkpt lat="38.756088" lon="-0.150882">
        <ele>448.547143</ele>
        <time>2026-03-23T13:46:11.414Z</time>
      </trkpt>
      <trkpt lat="38.756395" lon="-0.150770">
        <ele>451.148897</ele>
        <time>2026-03-23T13:46:29.376Z</time>
      </trkpt>
      <trkpt lat="38.756482" lon="-0.150678">
        <ele>452.068084</ele>
        <time>2026-03-23T13:46:36.929Z</time>
      </trkpt>
      <trkpt lat="38.756720" lon="-0.150077">
        <ele>457.844538</ele>
        <time>2026-03-23T13:47:15.592Z</time>
      </trkpt>
      <trkpt lat="38.756866" lon="-0.149944">
        <ele>460.026311</ele>
        <time>2026-03-23T13:47:27.812Z</time>
      </trkpt>
      <trkpt lat="38.757143" lon="-0.149771">
        <ele>463.779846</ele>
        <time>2026-03-23T13:47:47.677Z</time>
      </trkpt>
      <trkpt lat="38.757309" lon="-0.149622">
        <ele>466.248337</ele>
        <time>2026-03-23T13:48:00.276Z</time>
      </trkpt>
      <trkpt lat="38.757476" lon="-0.149642">
        <ele>468.291691</ele>
        <time>2026-03-23T13:48:10.482Z</time>
      </trkpt>
      <trkpt lat="38.757581" lon="-0.149737">
        <ele>469.857197</ele>
        <time>2026-03-23T13:48:18.342Z</time>
      </trkpt>
      <trkpt lat="38.757707" lon="-0.149793">
        <ele>471.481786</ele>
        <time>2026-03-23T13:48:26.597Z</time>
      </trkpt>
      <trkpt lat="38.757788" lon="-0.149783">
        <ele>472.473142</ele>
        <time>2026-03-23T13:48:31.684Z</time>
      </trkpt>
      <trkpt lat="38.757881" lon="-0.149535">
        <ele>475.087411</ele>
        <time>2026-03-23T13:48:45.172Z</time>
      </trkpt>
      <trkpt lat="38.758165" lon="-0.149264">
        <ele>479.184934</ele>
        <time>2026-03-23T13:49:06.787Z</time>
      </trkpt>
      <trkpt lat="38.758182" lon="-0.149001">
        <ele>481.562098</ele>
        <time>2026-03-23T13:49:18.259Z</time>
      </trkpt>
      <trkpt lat="38.758362" lon="-0.148523">
        <ele>486.343558</ele>
        <time>2026-03-23T13:49:40.804Z</time>
      </trkpt>
      <trkpt lat="38.758402" lon="-0.148465">
        <ele>487.041017</ele>
        <time>2026-03-23T13:49:43.960Z</time>
      </trkpt>
      <trkpt lat="38.758440" lon="-0.148463">
        <ele>487.480341</ele>
        <time>2026-03-23T13:49:46.028Z</time>
      </trkpt>
      <trkpt lat="38.758482" lon="-0.148542">
        <ele>488.341601</ele>
        <time>2026-03-23T13:49:49.939Z</time>
      </trkpt>
      <trkpt lat="38.758491" lon="-0.148790">
        <ele>490.577932</ele>
        <time>2026-03-23T13:50:00.251Z</time>
      </trkpt>
      <trkpt lat="38.758456" lon="-0.149024">
        <ele>492.724161</ele>
        <time>2026-03-23T13:50:11.544Z</time>
      </trkpt>
      <trkpt lat="38.758552" lon="-0.149356">
        <ele>495.913705</ele>
        <time>2026-03-23T13:50:30.990Z</time>
      </trkpt>
      <trkpt lat="38.758596" lon="-0.149376">
        <ele>496.533395</ele>
        <time>2026-03-23T13:50:34.692Z</time>
      </trkpt>
      <trkpt lat="38.758628" lon="-0.149359">
        <ele>497.008777</ele>
        <time>2026-03-23T13:50:37.439Z</time>
      </trkpt>
      <trkpt lat="38.758745" lon="-0.149022">
        <ele>500.956776</ele>
        <time>2026-03-23T13:51:00.672Z</time>
      </trkpt>
      <trkpt lat="38.758942" lon="-0.148842">
        <ele>504.276617</ele>
        <time>2026-03-23T13:51:21.146Z</time>
      </trkpt>
      <trkpt lat="38.759030" lon="-0.148837">
        <ele>505.485569</ele>
        <time>2026-03-23T13:51:28.710Z</time>
      </trkpt>
      <trkpt lat="38.759347" lon="-0.148942">
        <ele>509.979057</ele>
        <time>2026-03-23T13:51:54.409Z</time>
      </trkpt>
      <trkpt lat="38.759380" lon="-0.148977">
        <ele>510.566797</ele>
        <time>2026-03-23T13:51:57.437Z</time>
      </trkpt>
      <trkpt lat="38.759380" lon="-0.149095">
        <ele>511.829659</ele>
        <time>2026-03-23T13:52:04.250Z</time>
      </trkpt>
      <trkpt lat="38.759291" lon="-0.149526">
        <ele>516.601311</ele>
        <time>2026-03-23T13:52:27.620Z</time>
      </trkpt>
      <trkpt lat="38.759288" lon="-0.149771">
        <ele>519.223682</ele>
        <time>2026-03-23T13:52:39.819Z</time>
      </trkpt>
      <trkpt lat="38.759248" lon="-0.149888">
        <ele>520.590903</ele>
        <time>2026-03-23T13:52:46.008Z</time>
      </trkpt>
      <trkpt lat="38.759053" lon="-0.150215">
        <ele>521.927426</ele>
        <time>2026-03-23T13:53:02.980Z</time>
      </trkpt>
      <trkpt lat="38.758851" lon="-0.150495">
        <ele>523.086126</ele>
        <time>2026-03-23T13:53:14.616Z</time>
      </trkpt>
      <trkpt lat="38.758683" lon="-0.150792">
        <ele>524.200667</ele>
        <time>2026-03-23T13:53:22.791Z</time>
      </trkpt>
      <trkpt lat="38.758548" lon="-0.151090">
        <ele>525.247552</ele>
        <time>2026-03-23T13:53:27.791Z</time>
      </trkpt>
      <trkpt lat="38.758451" lon="-0.151414">
        <ele>526.301788</ele>
        <time>2026-03-23T13:53:31.705Z</time>
      </trkpt>
      <trkpt lat="38.758210" lon="-0.152027">
        <ele>527.920107</ele>
        <time>2026-03-23T13:53:39.011Z</time>
      </trkpt>
      <trkpt lat="38.758038" lon="-0.152794">
        <ele>528.653392</ele>
        <time>2026-03-23T13:53:49.227Z</time>
      </trkpt>
      <trkpt lat="38.758048" lon="-0.153108">
        <ele>528.942138</ele>
        <time>2026-03-23T13:53:53.944Z</time>
      </trkpt>
      <trkpt lat="38.758091" lon="-0.153304">
        <ele>529.129215</ele>
        <time>2026-03-23T13:53:57.207Z</time>
      </trkpt>
      <trkpt lat="38.758163" lon="-0.153395">
        <ele>529.248328</ele>
        <time>2026-03-23T13:53:59.309Z</time>
      </trkpt>
      <trkpt lat="38.758312" lon="-0.153516">
        <ele>529.456130</ele>
        <time>2026-03-23T13:54:03.049Z</time>
      </trkpt>
      <trkpt lat="38.758458" lon="-0.153750">
        <ele>529.731480</ele>
        <time>2026-03-23T13:54:08.432Z</time>
      </trkpt>
      <trkpt lat="38.758488" lon="-0.153846">
        <ele>529.826504</ele>
        <time>2026-03-23T13:54:10.524Z</time>
      </trkpt>
      <trkpt lat="38.758486" lon="-0.154012">
        <ele>530.556558</ele>
        <time>2026-03-23T13:54:14.019Z</time>
      </trkpt>
      <trkpt lat="38.758422" lon="-0.154415">
        <ele>532.469331</ele>
        <time>2026-03-23T13:54:23.174Z</time>
      </trkpt>
      <trkpt lat="38.758404" lon="-0.154879">
        <ele>534.630002</ele>
        <time>2026-03-23T13:54:34.990Z</time>
      </trkpt>
      <trkpt lat="38.758440" lon="-0.155289">
        <ele>536.548907</ele>
        <time>2026-03-23T13:54:47.440Z</time>
      </trkpt>
      <trkpt lat="38.758523" lon="-0.155514">
        <ele>537.706535</ele>
        <time>2026-03-23T13:54:55.908Z</time>
      </trkpt>
      <trkpt lat="38.758644" lon="-0.155794">
        <ele>539.195373</ele>
        <time>2026-03-23T13:55:07.868Z</time>
      </trkpt>
      <trkpt lat="38.758802" lon="-0.156318">
        <ele>542.841026</ele>
        <time>2026-03-23T13:55:31.329Z</time>
      </trkpt>
      <trkpt lat="38.759030" lon="-0.156700">
        <ele>546.935933</ele>
        <time>2026-03-23T13:55:53.429Z</time>
      </trkpt>
      <trkpt lat="38.759046" lon="-0.156787">
        <ele>547.696823</ele>
        <time>2026-03-23T13:55:57.799Z</time>
      </trkpt>
      <trkpt lat="38.758997" lon="-0.157149">
        <ele>550.824365</ele>
        <time>2026-03-23T13:56:15.480Z</time>
      </trkpt>
      <trkpt lat="38.758988" lon="-0.157454">
        <ele>553.422484</ele>
        <time>2026-03-23T13:56:30.503Z</time>
      </trkpt>
      <trkpt lat="38.759046" lon="-0.158009">
        <ele>558.189062</ele>
        <time>2026-03-23T13:56:59.467Z</time>
      </trkpt>
      <trkpt lat="38.759009" lon="-0.158623">
        <ele>562.331672</ele>
        <time>2026-03-23T13:57:26.317Z</time>
      </trkpt>
      <trkpt lat="38.759083" lon="-0.158668">
        <ele>562.921581</ele>
        <time>2026-03-23T13:57:30.674Z</time>
      </trkpt>
      <trkpt lat="38.759324" lon="-0.158409">
        <ele>565.186453</ele>
        <time>2026-03-23T13:57:45.967Z</time>
      </trkpt>
      <trkpt lat="38.759407" lon="-0.158207">
        <ele>566.468908</ele>
        <time>2026-03-23T13:57:54.006Z</time>
      </trkpt>
      <trkpt lat="38.759452" lon="-0.157611">
        <ele>569.832132</ele>
        <time>2026-03-23T13:58:12.807Z</time>
      </trkpt>
      <trkpt lat="38.759643" lon="-0.156990">
        <ele>573.528542</ele>
        <time>2026-03-23T13:58:28.633Z</time>
      </trkpt>
      <trkpt lat="38.759694" lon="-0.156759">
        <ele>574.709463</ele>
        <time>2026-03-23T13:58:33.996Z</time>
      </trkpt>
      <trkpt lat="38.759667" lon="-0.156309">
        <ele>576.929491</ele>
        <time>2026-03-23T13:58:45.171Z</time>
      </trkpt>
      <trkpt lat="38.759878" lon="-0.155879">
        <ele>579.428533</ele>
        <time>2026-03-23T13:58:59.121Z</time>
      </trkpt>
      <trkpt lat="38.759991" lon="-0.155639">
        <ele>580.807563</ele>
        <time>2026-03-23T13:59:07.771Z</time>
      </trkpt>
      <trkpt lat="38.760045" lon="-0.155413">
        <ele>581.970237</ele>
        <time>2026-03-23T13:59:15.248Z</time>
      </trkpt>
      <trkpt lat="38.760192" lon="-0.154023">
        <ele>592.354790</ele>
        <time>2026-03-23T14:00:15.646Z</time>
      </trkpt>
      <trkpt lat="38.760236" lon="-0.153827">
        <ele>594.158098</ele>
        <time>2026-03-23T14:00:25.562Z</time>
      </trkpt>
      <trkpt lat="38.760291" lon="-0.153634">
        <ele>595.974880</ele>
        <time>2026-03-23T14:00:35.919Z</time>
      </trkpt>
      <trkpt lat="38.760596" lon="-0.153148">
        <ele>601.490589</ele>
        <time>2026-03-23T14:01:09.059Z</time>
      </trkpt>
      <trkpt lat="38.760745" lon="-0.152978">
        <ele>603.751852</ele>
        <time>2026-03-23T14:01:22.723Z</time>
      </trkpt>
      <trkpt lat="38.760988" lon="-0.152877">
        <ele>606.085415</ele>
        <time>2026-03-23T14:01:39.799Z</time>
      </trkpt>
      <trkpt lat="38.761328" lon="-0.153023">
        <ele>608.846499</ele>
        <time>2026-03-23T14:02:00.720Z</time>
      </trkpt>
      <trkpt lat="38.761584" lon="-0.153195">
        <ele>611.072014</ele>
        <time>2026-03-23T14:02:14.533Z</time>
      </trkpt>
      <trkpt lat="38.761683" lon="-0.153184">
        <ele>611.837231</ele>
        <time>2026-03-23T14:02:18.853Z</time>
      </trkpt>
      <trkpt lat="38.761709" lon="-0.153159">
        <ele>612.087472</ele>
        <time>2026-03-23T14:02:20.182Z</time>
      </trkpt>
      <trkpt lat="38.761737" lon="-0.153026">
        <ele>612.914680</ele>
        <time>2026-03-23T14:02:24.570Z</time>
      </trkpt>
      <trkpt lat="38.761654" lon="-0.152358">
        <ele>616.976360</ele>
        <time>2026-03-23T14:02:42.240Z</time>
      </trkpt>
      <trkpt lat="38.761613" lon="-0.151962">
        <ele>619.404152</ele>
        <time>2026-03-23T14:02:51.646Z</time>
      </trkpt>
      <trkpt lat="38.761659" lon="-0.151530">
        <ele>622.143078</ele>
        <time>2026-03-23T14:03:03.009Z</time>
      </trkpt>
      <trkpt lat="38.761733" lon="-0.151379">
        <ele>623.263412</ele>
        <time>2026-03-23T14:03:08.235Z</time>
      </trkpt>
      <trkpt lat="38.761770" lon="-0.151354">
        <ele>623.600327</ele>
        <time>2026-03-23T14:03:09.931Z</time>
      </trkpt>
      <trkpt lat="38.761800" lon="-0.151342">
        <ele>623.853494</ele>
        <time>2026-03-23T14:03:11.212Z</time>
      </trkpt>
      <trkpt lat="38.761875" lon="-0.151405">
        <ele>624.575773</ele>
        <time>2026-03-23T14:03:15.041Z</time>
      </trkpt>
      <trkpt lat="38.761900" lon="-0.151542">
        <ele>625.459630</ele>
        <time>2026-03-23T14:03:20.044Z</time>
      </trkpt>
      <trkpt lat="38.761907" lon="-0.151966">
        <ele>628.123703</ele>
        <time>2026-03-23T14:03:37.153Z</time>
      </trkpt>
      <trkpt lat="38.761990" lon="-0.152313">
        <ele>630.403731</ele>
        <time>2026-03-23T14:03:53.662Z</time>
      </trkpt>
      <trkpt lat="38.762175" lon="-0.152905">
        <ele>634.833172</ele>
        <time>2026-03-23T14:04:23.541Z</time>
      </trkpt>
      <trkpt lat="38.762253" lon="-0.153436">
        <ele>639.449446</ele>
        <time>2026-03-23T14:04:48.052Z</time>
      </trkpt>
      <trkpt lat="38.762241" lon="-0.153693">
        <ele>641.649000</ele>
        <time>2026-03-23T14:04:59.210Z</time>
      </trkpt>
      <trkpt lat="38.762208" lon="-0.153831">
        <ele>642.882167</ele>
        <time>2026-03-23T14:05:05.478Z</time>
      </trkpt>
      <trkpt lat="38.762124" lon="-0.154001">
        <ele>644.601576</ele>
        <time>2026-03-23T14:05:14.447Z</time>
      </trkpt>
      <trkpt lat="38.762006" lon="-0.154083">
        <ele>646.072035</ele>
        <time>2026-03-23T14:05:22.340Z</time>
      </trkpt>
      <trkpt lat="38.761952" lon="-0.154163">
        <ele>646.976009</ele>
        <time>2026-03-23T14:05:27.307Z</time>
      </trkpt>
      <trkpt lat="38.761803" lon="-0.154737">
        <ele>652.144466</ele>
        <time>2026-03-23T14:05:56.200Z</time>
      </trkpt>
      <trkpt lat="38.761818" lon="-0.154851">
        <ele>653.109934</ele>
        <time>2026-03-23T14:06:01.664Z</time>
      </trkpt>
      <trkpt lat="38.761926" lon="-0.154914">
        <ele>654.258245</ele>
        <time>2026-03-23T14:06:08.884Z</time>
      </trkpt>
      <trkpt lat="38.762504" lon="-0.155025">
        <ele>659.914699</ele>
        <time>2026-03-23T14:06:44.768Z</time>
      </trkpt>
      <trkpt lat="38.762760" lon="-0.155074">
        <ele>662.419799</ele>
        <time>2026-03-23T14:06:59.644Z</time>
      </trkpt>
      <trkpt lat="38.762847" lon="-0.155075">
        <ele>663.261848</ele>
        <time>2026-03-23T14:07:04.482Z</time>
      </trkpt>
      <trkpt lat="38.762901" lon="-0.155043">
        <ele>663.837575</ele>
        <time>2026-03-23T14:07:07.705Z</time>
      </trkpt>
      <trkpt lat="38.763142" lon="-0.154409">
        <ele>669.160395</ele>
        <time>2026-03-23T14:07:34.279Z</time>
      </trkpt>
      <trkpt lat="38.763190" lon="-0.154205">
        <ele>670.640692</ele>
        <time>2026-03-23T14:07:41.064Z</time>
      </trkpt>
      <trkpt lat="38.763171" lon="-0.153986">
        <ele>671.796568</ele>
        <time>2026-03-23T14:07:47.756Z</time>
      </trkpt>
      <trkpt lat="38.763061" lon="-0.153550">
        <ele>674.200391</ele>
        <time>2026-03-23T14:08:01.529Z</time>
      </trkpt>
      <trkpt lat="38.763078" lon="-0.153307">
        <ele>675.480194</ele>
        <time>2026-03-23T14:08:08.310Z</time>
      </trkpt>
      <trkpt lat="38.763322" lon="-0.152790">
        <ele>678.650249</ele>
        <time>2026-03-23T14:08:26.233Z</time>
      </trkpt>
      <trkpt lat="38.763395" lon="-0.152737">
        <ele>679.214581</ele>
        <time>2026-03-23T14:08:29.700Z</time>
      </trkpt>
      <trkpt lat="38.763441" lon="-0.152767">
        <ele>679.561754</ele>
        <time>2026-03-23T14:08:31.957Z</time>
      </trkpt>
      <trkpt lat="38.763461" lon="-0.152849">
        <ele>680.012444</ele>
        <time>2026-03-23T14:08:34.880Z</time>
      </trkpt>
      <trkpt lat="38.763391" lon="-0.153051">
        <ele>681.171982</ele>
        <time>2026-03-23T14:08:42.623Z</time>
      </trkpt>
      <trkpt lat="38.763379" lon="-0.153246">
        <ele>682.198052</ele>
        <time>2026-03-23T14:08:49.858Z</time>
      </trkpt>
      <trkpt lat="38.763495" lon="-0.153475">
        <ele>684.086766</ele>
        <time>2026-03-23T14:09:00.059Z</time>
      </trkpt>
      <trkpt lat="38.763840" lon="-0.153904">
        <ele>688.568457</ele>
        <time>2026-03-23T14:09:23.490Z</time>
      </trkpt>
      <trkpt lat="38.763954" lon="-0.154101">
        <ele>690.352479</ele>
        <time>2026-03-23T14:09:32.991Z</time>
      </trkpt>
      <trkpt lat="38.763985" lon="-0.154307">
        <ele>691.878165</ele>
        <time>2026-03-23T14:09:41.608Z</time>
      </trkpt>
      <trkpt lat="38.763940" lon="-0.154559">
        <ele>693.758165</ele>
        <time>2026-03-23T14:09:53.350Z</time>
      </trkpt>
      <trkpt lat="38.763943" lon="-0.154699">
        <ele>694.776637</ele>
        <time>2026-03-23T14:09:59.707Z</time>
      </trkpt>
      <trkpt lat="38.764025" lon="-0.154807">
        <ele>695.872850</ele>
        <time>2026-03-23T14:10:06.564Z</time>
      </trkpt>
      <trkpt lat="38.764129" lon="-0.154879">
        <ele>696.975087</ele>
        <time>2026-03-23T14:10:13.432Z</time>
      </trkpt>
      <trkpt lat="38.764223" lon="-0.154894">
        <ele>697.858524</ele>
        <time>2026-03-23T14:10:18.944Z</time>
      </trkpt>
      <trkpt lat="38.764306" lon="-0.154872">
        <ele>698.648970</ele>
        <time>2026-03-23T14:10:23.868Z</time>
      </trkpt>
      <trkpt lat="38.764555" lon="-0.154716">
        <ele>700.764764</ele>
        <time>2026-03-23T14:10:39.633Z</time>
      </trkpt>
      <trkpt lat="38.764668" lon="-0.154521">
        <ele>702.119352</ele>
        <time>2026-03-23T14:10:50.217Z</time>
      </trkpt>
      <trkpt lat="38.764840" lon="-0.154057">
        <ele>704.983825</ele>
        <time>2026-03-23T14:11:11.279Z</time>
      </trkpt>
      <trkpt lat="38.764923" lon="-0.153981">
        <ele>705.713061</ele>
        <time>2026-03-23T14:11:16.047Z</time>
      </trkpt>
      <trkpt lat="38.764985" lon="-0.153964">
        <ele>706.166412</ele>
        <time>2026-03-23T14:11:19.039Z</time>
      </trkpt>
      <trkpt lat="38.765632" lon="-0.153825">
        <ele>710.857264</ele>
        <time>2026-03-23T14:11:43.143Z</time>
      </trkpt>
      <trkpt lat="38.765766" lon="-0.153755">
        <ele>711.891868</ele>
        <time>2026-03-23T14:11:47.069Z</time>
      </trkpt>
      <trkpt lat="38.765929" lon="-0.153589">
        <ele>712.175843</ele>
        <time>2026-03-23T14:11:52.013Z</time>
      </trkpt>
      <trkpt lat="38.766107" lon="-0.153321">
        <ele>712.312733</ele>
        <time>2026-03-23T14:11:57.838Z</time>
      </trkpt>
      <trkpt lat="38.766389" lon="-0.152964">
        <ele>712.510333</ele>
        <time>2026-03-23T14:12:04.817Z</time>
      </trkpt>
      <trkpt lat="38.766542" lon="-0.152860">
        <ele>712.596687</ele>
        <time>2026-03-23T14:12:07.383Z</time>
      </trkpt>
      <trkpt lat="38.766832" lon="-0.152500">
        <ele>712.797955</ele>
        <time>2026-03-23T14:12:12.666Z</time>
      </trkpt>
      <trkpt lat="38.766875" lon="-0.152391">
        <ele>712.845454</ele>
        <time>2026-03-23T14:12:13.825Z</time>
      </trkpt>
      <trkpt lat="38.766898" lon="-0.152240">
        <ele>712.905277</ele>
        <time>2026-03-23T14:12:15.204Z</time>
      </trkpt>
      <trkpt lat="38.766812" lon="-0.151982">
        <ele>712.999196</ele>
        <time>2026-03-23T14:12:17.633Z</time>
      </trkpt>
      <trkpt lat="38.766686" lon="-0.151828">
        <ele>713.044633</ele>
        <time>2026-03-23T14:12:19.600Z</time>
      </trkpt>
      <trkpt lat="38.766348" lon="-0.151632">
        <ele>713.141468</ele>
        <time>2026-03-23T14:12:23.802Z</time>
      </trkpt>
      <trkpt lat="38.766270" lon="-0.151569">
        <ele>713.165531</ele>
        <time>2026-03-23T14:12:24.883Z</time>
      </trkpt>
      <trkpt lat="38.766171" lon="-0.151439">
        <ele>713.202518</ele>
        <time>2026-03-23T14:12:26.583Z</time>
      </trkpt>
      <trkpt lat="38.766105" lon="-0.151300">
        <ele>713.235644</ele>
        <time>2026-03-23T14:12:28.146Z</time>
      </trkpt>
      <trkpt lat="38.766078" lon="-0.151150">
        <ele>713.266979</ele>
        <time>2026-03-23T14:12:29.730Z</time>
      </trkpt>
      <trkpt lat="38.766069" lon="-0.150808">
        <ele>713.336630</ele>
        <time>2026-03-23T14:12:34.488Z</time>
      </trkpt>
      <trkpt lat="38.766092" lon="-0.150530">
        <ele>713.393533</ele>
        <time>2026-03-23T14:12:39.353Z</time>
      </trkpt>
      <trkpt lat="38.766288" lon="-0.149643">
        <ele>717.222464</ele>
        <time>2026-03-23T14:13:00.406Z</time>
      </trkpt>
      <trkpt lat="38.766357" lon="-0.149623">
        <ele>717.761672</ele>
        <time>2026-03-23T14:13:03.215Z</time>
      </trkpt>
      <trkpt lat="38.766380" lon="-0.149712">
        <ele>718.318913</ele>
        <time>2026-03-23T14:13:05.960Z</time>
      </trkpt>
      <trkpt lat="38.766343" lon="-0.150458">
        <ele>722.761503</ele>
        <time>2026-03-23T14:13:33.977Z</time>
      </trkpt>
      <trkpt lat="38.766357" lon="-0.150874">
        <ele>725.236178</ele>
        <time>2026-03-23T14:13:52.514Z</time>
      </trkpt>
      <trkpt lat="38.766404" lon="-0.151010">
        <ele>726.120289</ele>
        <time>2026-03-23T14:13:59.776Z</time>
      </trkpt>
      <trkpt lat="38.766532" lon="-0.151157">
        <ele>727.601321</ele>
        <time>2026-03-23T14:14:10.297Z</time>
      </trkpt>
      <trkpt lat="38.766859" lon="-0.151184">
        <ele>731.696435</ele>
        <time>2026-03-23T14:14:30.850Z</time>
      </trkpt>
      <trkpt lat="38.767352" lon="-0.151438">
        <ele>738.336197</ele>
        <time>2026-03-23T14:15:06.871Z</time>
      </trkpt>
      <trkpt lat="38.767476" lon="-0.151486">
        <ele>739.954921</ele>
        <time>2026-03-23T14:15:17.108Z</time>
      </trkpt>
      <trkpt lat="38.767661" lon="-0.151507">
        <ele>742.275980</ele>
        <time>2026-03-23T14:15:31.330Z</time>
      </trkpt>
      <trkpt lat="38.767718" lon="-0.151542">
        <ele>743.065763</ele>
        <time>2026-03-23T14:15:35.957Z</time>
      </trkpt>
      <trkpt lat="38.767759" lon="-0.151605">
        <ele>743.865385</ele>
        <time>2026-03-23T14:15:40.636Z</time>
      </trkpt>
      <trkpt lat="38.767787" lon="-0.151809">
        <ele>745.883749</ele>
        <time>2026-03-23T14:15:51.954Z</time>
      </trkpt>
      <trkpt lat="38.767816" lon="-0.151869">
        <ele>746.571617</ele>
        <time>2026-03-23T14:15:55.661Z</time>
      </trkpt>
      <trkpt lat="38.767862" lon="-0.151905">
        <ele>747.245071</ele>
        <time>2026-03-23T14:15:59.223Z</time>
      </trkpt>
      <trkpt lat="38.767921" lon="-0.151892">
        <ele>747.993220</ele>
        <time>2026-03-23T14:16:03.126Z</time>
      </trkpt>
      <trkpt lat="38.768101" lon="-0.151735">
        <ele>750.016092</ele>
        <time>2026-03-23T14:16:16.177Z</time>
      </trkpt>
      <trkpt lat="38.768366" lon="-0.151633">
        <ele>751.226556</ele>
        <time>2026-03-23T14:16:30.421Z</time>
      </trkpt>
      <trkpt lat="38.768429" lon="-0.151574">
        <ele>751.567839</ele>
        <time>2026-03-23T14:16:33.963Z</time>
      </trkpt>
      <trkpt lat="38.768615" lon="-0.151272">
        <ele>752.880632</ele>
        <time>2026-03-23T14:16:45.891Z</time>
      </trkpt>
      <trkpt lat="38.768700" lon="-0.151188">
        <ele>753.350094</ele>
        <time>2026-03-23T14:16:49.986Z</time>
      </trkpt>
      <trkpt lat="38.768861" lon="-0.151062">
        <ele>754.175247</ele>
        <time>2026-03-23T14:16:57.383Z</time>
      </trkpt>
      <trkpt lat="38.769267" lon="-0.150977">
        <ele>755.975014</ele>
        <time>2026-03-23T14:17:07.717Z</time>
      </trkpt>
      <trkpt lat="38.769432" lon="-0.150909">
        <ele>756.733243</ele>
        <time>2026-03-23T14:17:09.753Z</time>
      </trkpt>
      <trkpt lat="38.769681" lon="-0.150724">
        <ele>756.804707</ele>
        <time>2026-03-23T14:17:12.677Z</time>
      </trkpt>
      <trkpt lat="38.769868" lon="-0.150461">
        <ele>755.032162</ele>
        <time>2026-03-23T14:17:15.256Z</time>
      </trkpt>
      <trkpt lat="38.769956" lon="-0.150208">
        <ele>753.652568</ele>
        <time>2026-03-23T14:17:17.202Z</time>
      </trkpt>
      <trkpt lat="38.770019" lon="-0.149580">
        <ele>750.499440</ele>
        <time>2026-03-23T14:17:21.575Z</time>
      </trkpt>
      <trkpt lat="38.770071" lon="-0.149380">
        <ele>749.449551</ele>
        <time>2026-03-23T14:17:23.024Z</time>
      </trkpt>
      <trkpt lat="38.770241" lon="-0.148950">
        <ele>747.048655</ele>
        <time>2026-03-23T14:17:26.350Z</time>
      </trkpt>
      <trkpt lat="38.770265" lon="-0.148819">
        <ele>746.378529</ele>
        <time>2026-03-23T14:17:27.271Z</time>
      </trkpt>
      <trkpt lat="38.770257" lon="-0.148688">
        <ele>745.719518</ele>
        <time>2026-03-23T14:17:28.177Z</time>
      </trkpt>
      <trkpt lat="38.770161" lon="-0.148486">
        <ele>744.522982</ele>
        <time>2026-03-23T14:17:29.815Z</time>
      </trkpt>
      <trkpt lat="38.769814" lon="-0.148074">
        <ele>741.455449</ele>
        <time>2026-03-23T14:17:34.075Z</time>
      </trkpt>
      <trkpt lat="38.769690" lon="-0.147860">
        <ele>740.106873</ele>
        <time>2026-03-23T14:17:36.054Z</time>
      </trkpt>
      <trkpt lat="38.769583" lon="-0.147519">
        <ele>738.247686</ele>
        <time>2026-03-23T14:17:38.789Z</time>
      </trkpt>
      <trkpt lat="38.769570" lon="-0.147116">
        <ele>736.207603</ele>
        <time>2026-03-23T14:17:41.715Z</time>
      </trkpt>
      <trkpt lat="38.769595" lon="-0.146934">
        <ele>735.272886</ele>
        <time>2026-03-23T14:17:43.018Z</time>
      </trkpt>
      <trkpt lat="38.769740" lon="-0.146517">
        <ele>732.495317</ele>
        <time>2026-03-23T14:17:46.179Z</time>
      </trkpt>
      <trkpt lat="38.769784" lon="-0.146307">
        <ele>731.024904</ele>
        <time>2026-03-23T14:17:47.666Z</time>
      </trkpt>
      <trkpt lat="38.769821" lon="-0.145468">
        <ele>725.342475</ele>
        <time>2026-03-23T14:17:53.437Z</time>
      </trkpt>
      <trkpt lat="38.769790" lon="-0.144933">
        <ele>721.714801</ele>
        <time>2026-03-23T14:17:57.052Z</time>
      </trkpt>
      <trkpt lat="38.769808" lon="-0.144766">
        <ele>720.574799</ele>
        <time>2026-03-23T14:17:58.192Z</time>
      </trkpt>
      <trkpt lat="38.769963" lon="-0.144129">
        <ele>714.886861</ele>
        <time>2026-03-23T14:18:02.682Z</time>
      </trkpt>
      <trkpt lat="38.770039" lon="-0.143524">
        <ele>708.932723</ele>
        <time>2026-03-23T14:18:06.712Z</time>
      </trkpt>
      <trkpt lat="38.770067" lon="-0.143247">
        <ele>706.218800</ele>
        <time>2026-03-23T14:18:08.542Z</time>
      </trkpt>
      <trkpt lat="38.770182" lon="-0.142853">
        <ele>702.131142</ele>
        <time>2026-03-23T14:18:11.286Z</time>
      </trkpt>
      <trkpt lat="38.770258" lon="-0.142689">
        <ele>700.277459</ele>
        <time>2026-03-23T14:18:12.526Z</time>
      </trkpt>
      <trkpt lat="38.770368" lon="-0.142531">
        <ele>698.219333</ele>
        <time>2026-03-23T14:18:13.903Z</time>
      </trkpt>
      <trkpt lat="38.770723" lon="-0.141944">
        <ele>692.102330</ele>
        <time>2026-03-23T14:18:18.727Z</time>
      </trkpt>
      <trkpt lat="38.770751" lon="-0.141854">
        <ele>691.355057</ele>
        <time>2026-03-23T14:18:19.358Z</time>
      </trkpt>
      <trkpt lat="38.770760" lon="-0.141707">
        <ele>690.217943</ele>
        <time>2026-03-23T14:18:20.330Z</time>
      </trkpt>
      <trkpt lat="38.770732" lon="-0.141412">
        <ele>687.926186</ele>
        <time>2026-03-23T14:18:22.309Z</time>
      </trkpt>
      <trkpt lat="38.770756" lon="-0.141338">
        <ele>687.308113</ele>
        <time>2026-03-23T14:18:22.850Z</time>
      </trkpt>
      <trkpt lat="38.770821" lon="-0.141301">
        <ele>686.604714</ele>
        <time>2026-03-23T14:18:23.468Z</time>
      </trkpt>
      <trkpt lat="38.770911" lon="-0.141357">
        <ele>685.615287</ele>
        <time>2026-03-23T14:18:24.355Z</time>
      </trkpt>
      <trkpt lat="38.771572" lon="-0.142157">
        <ele>676.979520</ele>
        <time>2026-03-23T14:18:32.598Z</time>
      </trkpt>
      <trkpt lat="38.771676" lon="-0.142353">
        <ele>675.487494</ele>
        <time>2026-03-23T14:18:34.281Z</time>
      </trkpt>
      <trkpt lat="38.771907" lon="-0.143038">
        <ele>670.790703</ele>
        <time>2026-03-23T14:18:39.511Z</time>
      </trkpt>
      <trkpt lat="38.771958" lon="-0.143085">
        <ele>670.283800</ele>
        <time>2026-03-23T14:18:40.067Z</time>
      </trkpt>
      <trkpt lat="38.772013" lon="-0.143070">
        <ele>669.829925</ele>
        <time>2026-03-23T14:18:40.559Z</time>
      </trkpt>
      <trkpt lat="38.772058" lon="-0.142958">
        <ele>669.037003</ele>
        <time>2026-03-23T14:18:41.427Z</time>
      </trkpt>
      <trkpt lat="38.772143" lon="-0.142064">
        <ele>663.066067</ele>
        <time>2026-03-23T14:18:47.508Z</time>
      </trkpt>
      <trkpt lat="38.772142" lon="-0.141729">
        <ele>659.989859</ele>
        <time>2026-03-23T14:18:49.720Z</time>
      </trkpt>
      <trkpt lat="38.772089" lon="-0.141487">
        <ele>657.681647</ele>
        <time>2026-03-23T14:18:51.378Z</time>
      </trkpt>
      <trkpt lat="38.771904" lon="-0.141027">
        <ele>652.928740</ele>
        <time>2026-03-23T14:18:54.791Z</time>
      </trkpt>
      <trkpt lat="38.771816" lon="-0.140740">
        <ele>650.096825</ele>
        <time>2026-03-23T14:18:56.820Z</time>
      </trkpt>
      <trkpt lat="38.771587" lon="-0.140208">
        <ele>644.516517</ele>
        <time>2026-03-23T14:19:00.819Z</time>
      </trkpt>
      <trkpt lat="38.771553" lon="-0.139110">
        <ele>633.928745</ele>
        <time>2026-03-23T14:19:08.013Z</time>
      </trkpt>
      <trkpt lat="38.771382" lon="-0.137935">
        <ele>622.304476</ele>
        <time>2026-03-23T14:19:15.848Z</time>
      </trkpt>
      <trkpt lat="38.771487" lon="-0.136071">
        <ele>606.804339</ele>
        <time>2026-03-23T14:19:28.268Z</time>
      </trkpt>
      <trkpt lat="38.771580" lon="-0.135420">
        <ele>601.453234</ele>
        <time>2026-03-23T14:19:32.812Z</time>
      </trkpt>
      <trkpt lat="38.771585" lon="-0.135352">
        <ele>600.964061</ele>
        <time>2026-03-23T14:19:33.470Z</time>
      </trkpt>
      <trkpt lat="38.771573" lon="-0.135220">
        <ele>600.012280</ele>
        <time>2026-03-23T14:19:34.748Z</time>
      </trkpt>
      <trkpt lat="38.771402" lon="-0.134820">
        <ele>596.745103</ele>
        <time>2026-03-23T14:19:39.131Z</time>
      </trkpt>
      <trkpt lat="38.771354" lon="-0.134582">
        <ele>594.984450</ele>
        <time>2026-03-23T14:19:41.498Z</time>
      </trkpt>
      <trkpt lat="38.771351" lon="-0.134447">
        <ele>594.017193</ele>
        <time>2026-03-23T14:19:42.404Z</time>
      </trkpt>
      <trkpt lat="38.771386" lon="-0.134303">
        <ele>592.936917</ele>
        <time>2026-03-23T14:19:43.422Z</time>
      </trkpt>
      <trkpt lat="38.771445" lon="-0.134070">
        <ele>591.182375</ele>
        <time>2026-03-23T14:19:45.087Z</time>
      </trkpt>
      <trkpt lat="38.771473" lon="-0.133647">
        <ele>588.141971</ele>
        <time>2026-03-23T14:19:47.983Z</time>
      </trkpt>
      <trkpt lat="38.771555" lon="-0.133087">
        <ele>584.175928</ele>
        <time>2026-03-23T14:19:51.802Z</time>
      </trkpt>
      <trkpt lat="38.771611" lon="-0.132367">
        <ele>579.546335</ele>
        <time>2026-03-23T14:19:56.705Z</time>
      </trkpt>
      <trkpt lat="38.771684" lon="-0.131972">
        <ele>576.949003</ele>
        <time>2026-03-23T14:19:59.503Z</time>
      </trkpt>
      <trkpt lat="38.771741" lon="-0.131870">
        <ele>576.146056</ele>
        <time>2026-03-23T14:20:00.376Z</time>
      </trkpt>
      <trkpt lat="38.771830" lon="-0.131743">
        <ele>575.053474</ele>
        <time>2026-03-23T14:20:01.559Z</time>
      </trkpt>
      <trkpt lat="38.771943" lon="-0.131566">
        <ele>573.589754</ele>
        <time>2026-03-23T14:20:03.149Z</time>
      </trkpt>
      <trkpt lat="38.772039" lon="-0.131257">
        <ele>571.461522</ele>
        <time>2026-03-23T14:20:05.462Z</time>
      </trkpt>
      <trkpt lat="38.772082" lon="-0.131024">
        <ele>569.970555</ele>
        <time>2026-03-23T14:20:07.133Z</time>
      </trkpt>
      <trkpt lat="38.772130" lon="-0.130495">
        <ele>566.875503</ele>
        <time>2026-03-23T14:20:10.852Z</time>
      </trkpt>
      <trkpt lat="38.772128" lon="-0.130063">
        <ele>564.364878</ele>
        <time>2026-03-23T14:20:13.875Z</time>
      </trkpt>
      <trkpt lat="38.772002" lon="-0.129779">
        <ele>562.465878</ele>
        <time>2026-03-23T14:20:16.151Z</time>
      </trkpt>
      <trkpt lat="38.771947" lon="-0.129498">
        <ele>560.782159</ele>
        <time>2026-03-23T14:20:18.154Z</time>
      </trkpt>
      <trkpt lat="38.771943" lon="-0.128948">
        <ele>557.585669</ele>
        <time>2026-03-23T14:20:21.957Z</time>
      </trkpt>
      <trkpt lat="38.772103" lon="-0.128655">
        <ele>555.866014</ele>
        <time>2026-03-23T14:20:24.432Z</time>
      </trkpt>
      <trkpt lat="38.772163" lon="-0.128584">
        <ele>555.406957</ele>
        <time>2026-03-23T14:20:25.154Z</time>
      </trkpt>
      <trkpt lat="38.772377" lon="-0.128434">
        <ele>554.035595</ele>
        <time>2026-03-23T14:20:27.307Z</time>
      </trkpt>
      <trkpt lat="38.772599" lon="-0.128103">
        <ele>552.121351</ele>
        <time>2026-03-23T14:20:30.312Z</time>
      </trkpt>
      <trkpt lat="38.772767" lon="-0.127975">
        <ele>551.022528</ele>
        <time>2026-03-23T14:20:32.057Z</time>
      </trkpt>
      <trkpt lat="38.772844" lon="-0.127850">
        <ele>550.324092</ele>
        <time>2026-03-23T14:20:33.179Z</time>
      </trkpt>
      <trkpt lat="38.773340" lon="-0.128057">
        <ele>547.390989</ele>
        <time>2026-03-23T14:20:38.167Z</time>
      </trkpt>
      <trkpt lat="38.773420" lon="-0.128005">
        <ele>546.886655</ele>
        <time>2026-03-23T14:20:39.205Z</time>
      </trkpt>
      <trkpt lat="38.773469" lon="-0.127884">
        <ele>547.514854</ele>
        <time>2026-03-23T14:20:40.610Z</time>
      </trkpt>
      <trkpt lat="38.773986" lon="-0.128188">
        <ele>551.240984</ele>
        <time>2026-03-23T14:20:55.284Z</time>
      </trkpt>
      <trkpt lat="38.774273" lon="-0.128385">
        <ele>553.373600</ele>
        <time>2026-03-23T14:21:10.008Z</time>
      </trkpt>
      <trkpt lat="38.774528" lon="-0.128360">
        <ele>555.049130</ele>
        <time>2026-03-23T14:21:24.375Z</time>
      </trkpt>
      <trkpt lat="38.774599" lon="-0.128378">
        <ele>555.523292</ele>
        <time>2026-03-23T14:21:28.759Z</time>
      </trkpt>
      <trkpt lat="38.774627" lon="-0.128419">
        <ele>555.801694</ele>
        <time>2026-03-23T14:21:31.353Z</time>
      </trkpt>
      <trkpt lat="38.774631" lon="-0.128483">
        <ele>556.129637</ele>
        <time>2026-03-23T14:21:34.483Z</time>
      </trkpt>
      <trkpt lat="38.774527" lon="-0.128712">
        <ele>557.483294</ele>
        <time>2026-03-23T14:21:47.906Z</time>
      </trkpt>
      <trkpt lat="38.774534" lon="-0.128782">
        <ele>557.843764</ele>
        <time>2026-03-23T14:21:51.654Z</time>
      </trkpt>
      <trkpt lat="38.774588" lon="-0.128853">
        <ele>558.350399</ele>
        <time>2026-03-23T14:21:56.957Z</time>
      </trkpt>
      <trkpt lat="38.774961" lon="-0.128984">
        <ele>558.639116</ele>
        <time>2026-03-23T14:22:22.095Z</time>
      </trkpt>
      <trkpt lat="38.775293" lon="-0.129014">
        <ele>558.639116</ele>
        <time>2026-03-23T14:22:41.067Z</time>
      </trkpt>
      <trkpt lat="38.775538" lon="-0.129169">
        <ele>558.639116</ele>
        <time>2026-03-23T14:22:54.628Z</time>
      </trkpt>
      <trkpt lat="38.775581" lon="-0.129261">
        <ele>558.639116</ele>
        <time>2026-03-23T14:22:58.523Z</time>
      </trkpt>
      <trkpt lat="38.775227" lon="-0.129457">
        <ele>558.639116</ele>
        <time>2026-03-23T14:23:12.927Z</time>
      </trkpt>
      <trkpt lat="38.775191" lon="-0.129513">
        <ele>558.639116</ele>
        <time>2026-03-23T14:23:14.684Z</time>
      </trkpt>
    </trkseg>
  </trk>
</gpx>