<?xml version='1.0' encoding='UTF-8'?>
<gpx version="1.1" creator="https://www.komoot.de" xmlns="http://www.topografix.com/GPX/1/1" xmlns:xsi="http://www.w3.org/2001/XMLSchema-instance" xsi:schemaLocation="http://www.topografix.com/GPX/1/1 http://www.topografix.com/GPX/1/1/gpx.xsd">
  <metadata>
    <name>KLLKTV-Camp 2026: Montdúver und Vall de la Gallinera (Tag 3)</name>
    <author>
      <link href="https://www.komoot.de">
        <text>komoot</text>
        <type>text/html</type>
      </link>
    </author>
  </metadata>
  <wpt lat="39.009410" lon="-0.266660">
    <name>El Mondúver</name>
    <sym>Summit</sym>
  </wpt>
  <wpt lat="39.015182" lon="-0.301972">
    <name>La Font</name>
    <sym>Restaurant</sym>
  </wpt>
  <wpt lat="38.880577" lon="-0.207195">
    <name>Wunderschöner Abschnitt zwischen Villalonga und La Llacuna</name>
    <sym>Flag, Blue</sym>
  </wpt>
  <wpt lat="38.826683" lon="-0.276417">
    <name>Abfahrt ins Vall de la Gallinera</name>
    <sym>Flag, Blue</sym>
  </wpt>
  <wpt lat="38.820483" lon="-0.262637">
    <name>Trinkwasserstelle</name>
    <sym>Drinking Water</sym>
  </wpt>
  <wpt lat="38.822117" lon="-0.220827">
    <name>Nou Tarrasó Benialí</name>
    <sym>Restaurant</sym>
  </wpt>
  <wpt lat="38.822117" lon="-0.220827">
    <name>Vall de la Gallinera</name>
    <sym>Flag, Blue</sym>
  </wpt>
  <trk>
    <name>KLLKTV-Camp 2026: Montdúver und Vall de la Gallinera (Tag 3)</name>
    <type>racebike</type>
    <trkseg>
      <trkpt lat="38.775279" lon="-0.129428">
        <ele>563.621274</ele>
        <time>2026-02-09T14:02:24.254Z</time>
      </trkpt>
      <trkpt lat="38.775581" lon="-0.129261">
        <ele>563.621274</ele>
        <time>2026-02-09T14:02:27.283Z</time>
      </trkpt>
      <trkpt lat="38.775538" lon="-0.129169">
        <ele>563.621274</ele>
        <time>2026-02-09T14:02:28.021Z</time>
      </trkpt>
      <trkpt lat="38.775293" lon="-0.129014">
        <ele>563.621274</ele>
        <time>2026-02-09T14:02:30.406Z</time>
      </trkpt>
      <trkpt lat="38.774961" lon="-0.128984">
        <ele>562.391157</ele>
        <time>2026-02-09T14:02:33.254Z</time>
      </trkpt>
      <trkpt lat="38.774588" lon="-0.128853">
        <ele>558.399370</ele>
        <time>2026-02-09T14:02:36.515Z</time>
      </trkpt>
      <trkpt lat="38.774534" lon="-0.128782">
        <ele>557.601176</ele>
        <time>2026-02-09T14:02:37.155Z</time>
      </trkpt>
      <trkpt lat="38.774527" lon="-0.128712">
        <ele>557.033262</ele>
        <time>2026-02-09T14:02:37.619Z</time>
      </trkpt>
      <trkpt lat="38.774631" lon="-0.128483">
        <ele>554.900600</ele>
        <time>2026-02-09T14:02:39.355Z</time>
      </trkpt>
      <trkpt lat="38.774627" lon="-0.128419">
        <ele>554.383931</ele>
        <time>2026-02-09T14:02:39.780Z</time>
      </trkpt>
      <trkpt lat="38.774599" lon="-0.128378">
        <ele>553.945315</ele>
        <time>2026-02-09T14:02:40.137Z</time>
      </trkpt>
      <trkpt lat="38.774528" lon="-0.128360">
        <ele>553.198281</ele>
        <time>2026-02-09T14:02:40.754Z</time>
      </trkpt>
      <trkpt lat="38.774273" lon="-0.128385">
        <ele>550.558515</ele>
        <time>2026-02-09T14:02:42.932Z</time>
      </trkpt>
      <trkpt lat="38.773986" lon="-0.128188">
        <ele>547.198616</ele>
        <time>2026-02-09T14:02:45.754Z</time>
      </trkpt>
      <trkpt lat="38.773469" lon="-0.127884">
        <ele>542.772073</ele>
        <time>2026-02-09T14:02:50.815Z</time>
      </trkpt>
      <trkpt lat="38.773497" lon="-0.127459">
        <ele>540.669290</ele>
        <time>2026-02-09T14:02:53.859Z</time>
      </trkpt>
      <trkpt lat="38.773333" lon="-0.127457">
        <ele>539.632152</ele>
        <time>2026-02-09T14:02:55.379Z</time>
      </trkpt>
      <trkpt lat="38.773358" lon="-0.126686">
        <ele>535.827710</ele>
        <time>2026-02-09T14:03:00.954Z</time>
      </trkpt>
      <trkpt lat="38.773300" lon="-0.126693">
        <ele>535.459314</ele>
        <time>2026-02-09T14:03:01.744Z</time>
      </trkpt>
      <trkpt lat="38.773044" lon="-0.126573">
        <ele>533.735722</ele>
        <time>2026-02-09T14:03:05.307Z</time>
      </trkpt>
      <trkpt lat="38.773065" lon="-0.126454">
        <ele>533.344892</ele>
        <time>2026-02-09T14:03:06.562Z</time>
      </trkpt>
      <trkpt lat="38.773076" lon="-0.126365">
        <ele>533.071599</ele>
        <time>2026-02-09T14:03:07.210Z</time>
      </trkpt>
      <trkpt lat="38.772966" lon="-0.126323">
        <ele>532.625132</ele>
        <time>2026-02-09T14:03:08.272Z</time>
      </trkpt>
      <trkpt lat="38.772968" lon="-0.126298">
        <ele>532.548913</ele>
        <time>2026-02-09T14:03:08.451Z</time>
      </trkpt>
      <trkpt lat="38.772835" lon="-0.126203">
        <ele>531.956715</ele>
        <time>2026-02-09T14:03:09.865Z</time>
      </trkpt>
      <trkpt lat="38.772677" lon="-0.126131">
        <ele>531.304443</ele>
        <time>2026-02-09T14:03:11.482Z</time>
      </trkpt>
      <trkpt lat="38.772661" lon="-0.125946">
        <ele>530.739923</ele>
        <time>2026-02-09T14:03:12.914Z</time>
      </trkpt>
      <trkpt lat="38.772651" lon="-0.125869">
        <ele>530.503175</ele>
        <time>2026-02-09T14:03:13.547Z</time>
      </trkpt>
      <trkpt lat="38.772625" lon="-0.125663">
        <ele>529.870272</ele>
        <time>2026-02-09T14:03:15.198Z</time>
      </trkpt>
      <trkpt lat="38.772492" lon="-0.125554">
        <ele>529.256294</ele>
        <time>2026-02-09T14:03:16.855Z</time>
      </trkpt>
      <trkpt lat="38.772274" lon="-0.125237">
        <ele>527.974304</ele>
        <time>2026-02-09T14:03:20.417Z</time>
      </trkpt>
      <trkpt lat="38.772044" lon="-0.124770">
        <ele>526.248188</ele>
        <time>2026-02-09T14:03:24.867Z</time>
      </trkpt>
      <trkpt lat="38.771889" lon="-0.124373">
        <ele>524.724179</ele>
        <time>2026-02-09T14:03:28.247Z</time>
      </trkpt>
      <trkpt lat="38.771797" lon="-0.124012">
        <ele>523.420536</ele>
        <time>2026-02-09T14:03:31.093Z</time>
      </trkpt>
      <trkpt lat="38.771629" lon="-0.123076">
        <ele>520.123692</ele>
        <time>2026-02-09T14:03:38.128Z</time>
      </trkpt>
      <trkpt lat="38.771433" lon="-0.122471">
        <ele>518.061552</ele>
        <time>2026-02-09T14:03:42.940Z</time>
      </trkpt>
      <trkpt lat="38.771365" lon="-0.122381">
        <ele>517.721469</ele>
        <time>2026-02-09T14:03:43.872Z</time>
      </trkpt>
      <trkpt lat="38.771286" lon="-0.122334">
        <ele>517.418374</ele>
        <time>2026-02-09T14:03:44.716Z</time>
      </trkpt>
      <trkpt lat="38.770801" lon="-0.122240">
        <ele>515.711187</ele>
        <time>2026-02-09T14:03:49.525Z</time>
      </trkpt>
      <trkpt lat="38.770715" lon="-0.122178">
        <ele>515.367825</ele>
        <time>2026-02-09T14:03:50.530Z</time>
      </trkpt>
      <trkpt lat="38.770655" lon="-0.122063">
        <ele>514.992337</ele>
        <time>2026-02-09T14:03:51.647Z</time>
      </trkpt>
      <trkpt lat="38.770648" lon="-0.121981">
        <ele>514.768494</ele>
        <time>2026-02-09T14:03:52.312Z</time>
      </trkpt>
      <trkpt lat="38.770678" lon="-0.121879">
        <ele>514.472670</ele>
        <time>2026-02-09T14:03:53.210Z</time>
      </trkpt>
      <trkpt lat="38.771087" lon="-0.121141">
        <ele>511.825006</ele>
        <time>2026-02-09T14:04:00.899Z</time>
      </trkpt>
      <trkpt lat="38.771167" lon="-0.120932">
        <ele>510.947514</ele>
        <time>2026-02-09T14:04:02.817Z</time>
      </trkpt>
      <trkpt lat="38.771191" lon="-0.120783">
        <ele>510.374103</ele>
        <time>2026-02-09T14:04:04.022Z</time>
      </trkpt>
      <trkpt lat="38.771177" lon="-0.120691">
        <ele>510.020830</ele>
        <time>2026-02-09T14:04:04.733Z</time>
      </trkpt>
      <trkpt lat="38.771131" lon="-0.120597">
        <ele>509.602559</ele>
        <time>2026-02-09T14:04:05.565Z</time>
      </trkpt>
      <trkpt lat="38.770793" lon="-0.120186">
        <ele>507.351136</ele>
        <time>2026-02-09T14:04:09.927Z</time>
      </trkpt>
      <trkpt lat="38.770711" lon="-0.120041">
        <ele>506.676035</ele>
        <time>2026-02-09T14:04:11.214Z</time>
      </trkpt>
      <trkpt lat="38.770664" lon="-0.119804">
        <ele>505.754380</ele>
        <time>2026-02-09T14:04:12.945Z</time>
      </trkpt>
      <trkpt lat="38.770666" lon="-0.119695">
        <ele>505.343463</ele>
        <time>2026-02-09T14:04:13.719Z</time>
      </trkpt>
      <trkpt lat="38.770697" lon="-0.119596">
        <ele>504.941381</ele>
        <time>2026-02-09T14:04:14.468Z</time>
      </trkpt>
      <trkpt lat="38.770799" lon="-0.119494">
        <ele>504.316168</ele>
        <time>2026-02-09T14:04:15.641Z</time>
      </trkpt>
      <trkpt lat="38.771490" lon="-0.119174">
        <ele>501.087812</ele>
        <time>2026-02-09T14:04:22.338Z</time>
      </trkpt>
      <trkpt lat="38.771593" lon="-0.119071">
        <ele>500.523400</ele>
        <time>2026-02-09T14:04:23.546Z</time>
      </trkpt>
      <trkpt lat="38.771631" lon="-0.118981">
        <ele>500.178554</ele>
        <time>2026-02-09T14:04:24.282Z</time>
      </trkpt>
      <trkpt lat="38.771622" lon="-0.118902">
        <ele>499.909556</ele>
        <time>2026-02-09T14:04:24.865Z</time>
      </trkpt>
      <trkpt lat="38.771569" lon="-0.118818">
        <ele>499.545469</ele>
        <time>2026-02-09T14:04:25.660Z</time>
      </trkpt>
      <trkpt lat="38.771406" lon="-0.118663">
        <ele>498.668588</ele>
        <time>2026-02-09T14:04:27.649Z</time>
      </trkpt>
      <trkpt lat="38.771384" lon="-0.118515">
        <ele>498.160953</ele>
        <time>2026-02-09T14:04:28.913Z</time>
      </trkpt>
      <trkpt lat="38.771438" lon="-0.118398">
        <ele>497.702853</ele>
        <time>2026-02-09T14:04:30.169Z</time>
      </trkpt>
      <trkpt lat="38.771660" lon="-0.118144">
        <ele>496.417245</ele>
        <time>2026-02-09T14:04:33.714Z</time>
      </trkpt>
      <trkpt lat="38.771769" lon="-0.117971">
        <ele>495.494893</ele>
        <time>2026-02-09T14:04:35.895Z</time>
      </trkpt>
      <trkpt lat="38.771837" lon="-0.117813">
        <ele>494.603186</ele>
        <time>2026-02-09T14:04:37.521Z</time>
      </trkpt>
      <trkpt lat="38.771862" lon="-0.117682">
        <ele>493.936820</ele>
        <time>2026-02-09T14:04:38.629Z</time>
      </trkpt>
      <trkpt lat="38.771789" lon="-0.117228">
        <ele>491.646446</ele>
        <time>2026-02-09T14:04:42.204Z</time>
      </trkpt>
      <trkpt lat="38.771802" lon="-0.117079">
        <ele>490.905657</ele>
        <time>2026-02-09T14:04:43.287Z</time>
      </trkpt>
      <trkpt lat="38.771845" lon="-0.116968">
        <ele>490.293248</ele>
        <time>2026-02-09T14:04:44.161Z</time>
      </trkpt>
      <trkpt lat="38.772061" lon="-0.116672">
        <ele>488.290073</ele>
        <time>2026-02-09T14:04:46.953Z</time>
      </trkpt>
      <trkpt lat="38.772153" lon="-0.116430">
        <ele>486.959806</ele>
        <time>2026-02-09T14:04:48.790Z</time>
      </trkpt>
      <trkpt lat="38.772205" lon="-0.116356">
        <ele>486.467587</ele>
        <time>2026-02-09T14:04:49.466Z</time>
      </trkpt>
      <trkpt lat="38.772391" lon="-0.116191">
        <ele>485.034386</ele>
        <time>2026-02-09T14:04:51.411Z</time>
      </trkpt>
      <trkpt lat="38.772545" lon="-0.116094">
        <ele>483.604458</ele>
        <time>2026-02-09T14:04:52.863Z</time>
      </trkpt>
      <trkpt lat="38.772699" lon="-0.116027">
        <ele>482.064186</ele>
        <time>2026-02-09T14:04:54.248Z</time>
      </trkpt>
      <trkpt lat="38.773285" lon="-0.115883">
        <ele>476.412810</ele>
        <time>2026-02-09T14:04:59.322Z</time>
      </trkpt>
      <trkpt lat="38.773986" lon="-0.115715">
        <ele>469.658226</ele>
        <time>2026-02-09T14:05:05.532Z</time>
      </trkpt>
      <trkpt lat="38.774121" lon="-0.115660">
        <ele>468.316592</ele>
        <time>2026-02-09T14:05:06.791Z</time>
      </trkpt>
      <trkpt lat="38.774550" lon="-0.115395">
        <ele>465.486943</ele>
        <time>2026-02-09T14:05:11.082Z</time>
      </trkpt>
      <trkpt lat="38.774787" lon="-0.115175">
        <ele>463.942248</ele>
        <time>2026-02-09T14:05:13.761Z</time>
      </trkpt>
      <trkpt lat="38.775099" lon="-0.114736">
        <ele>461.496945</ele>
        <time>2026-02-09T14:05:18.155Z</time>
      </trkpt>
      <trkpt lat="38.775771" lon="-0.114252">
        <ele>457.674004</ele>
        <time>2026-02-09T14:05:25.685Z</time>
      </trkpt>
      <trkpt lat="38.775929" lon="-0.114059">
        <ele>456.939954</ele>
        <time>2026-02-09T14:05:27.815Z</time>
      </trkpt>
      <trkpt lat="38.776155" lon="-0.113716">
        <ele>455.762029</ele>
        <time>2026-02-09T14:05:31.605Z</time>
      </trkpt>
      <trkpt lat="38.776330" lon="-0.113350">
        <ele>454.635885</ele>
        <time>2026-02-09T14:05:35.850Z</time>
      </trkpt>
      <trkpt lat="38.776437" lon="-0.113081">
        <ele>453.843800</ele>
        <time>2026-02-09T14:05:38.308Z</time>
      </trkpt>
      <trkpt lat="38.776588" lon="-0.112842">
        <ele>453.036924</ele>
        <time>2026-02-09T14:05:40.606Z</time>
      </trkpt>
      <trkpt lat="38.776728" lon="-0.112512">
        <ele>452.050080</ele>
        <time>2026-02-09T14:05:43.308Z</time>
      </trkpt>
      <trkpt lat="38.776833" lon="-0.112343">
        <ele>451.268296</ele>
        <time>2026-02-09T14:05:44.841Z</time>
      </trkpt>
      <trkpt lat="38.777253" lon="-0.111913">
        <ele>448.774651</ele>
        <time>2026-02-09T14:05:49.993Z</time>
      </trkpt>
      <trkpt lat="38.777808" lon="-0.111631">
        <ele>446.004542</ele>
        <time>2026-02-09T14:05:55.645Z</time>
      </trkpt>
      <trkpt lat="38.777873" lon="-0.111574">
        <ele>445.639169</ele>
        <time>2026-02-09T14:05:56.357Z</time>
      </trkpt>
      <trkpt lat="38.777975" lon="-0.111410">
        <ele>444.880214</ele>
        <time>2026-02-09T14:05:57.854Z</time>
      </trkpt>
      <trkpt lat="38.778074" lon="-0.111185">
        <ele>443.945569</ele>
        <time>2026-02-09T14:05:59.813Z</time>
      </trkpt>
      <trkpt lat="38.778095" lon="-0.111062">
        <ele>443.460680</ele>
        <time>2026-02-09T14:06:00.814Z</time>
      </trkpt>
      <trkpt lat="38.778176" lon="-0.110579">
        <ele>441.433437</ele>
        <time>2026-02-09T14:06:04.976Z</time>
      </trkpt>
      <trkpt lat="38.778308" lon="-0.110142">
        <ele>439.510391</ele>
        <time>2026-02-09T14:06:08.664Z</time>
      </trkpt>
      <trkpt lat="38.778322" lon="-0.110050">
        <ele>439.125762</ele>
        <time>2026-02-09T14:06:09.366Z</time>
      </trkpt>
      <trkpt lat="38.778318" lon="-0.110008">
        <ele>438.952141</ele>
        <time>2026-02-09T14:06:09.669Z</time>
      </trkpt>
      <trkpt lat="38.778273" lon="-0.109877">
        <ele>438.364737</ele>
        <time>2026-02-09T14:06:10.703Z</time>
      </trkpt>
      <trkpt lat="38.778164" lon="-0.109730">
        <ele>437.532274</ele>
        <time>2026-02-09T14:06:12.140Z</time>
      </trkpt>
      <trkpt lat="38.778108" lon="-0.109582">
        <ele>436.857230</ele>
        <time>2026-02-09T14:06:13.295Z</time>
      </trkpt>
      <trkpt lat="38.778108" lon="-0.109449">
        <ele>436.311488</ele>
        <time>2026-02-09T14:06:14.234Z</time>
      </trkpt>
      <trkpt lat="38.778305" lon="-0.108905">
        <ele>433.677620</ele>
        <time>2026-02-09T14:06:18.420Z</time>
      </trkpt>
      <trkpt lat="38.778380" lon="-0.108781">
        <ele>432.749737</ele>
        <time>2026-02-09T14:06:19.510Z</time>
      </trkpt>
      <trkpt lat="38.778490" lon="-0.108670">
        <ele>431.688328</ele>
        <time>2026-02-09T14:06:20.750Z</time>
      </trkpt>
      <trkpt lat="38.778703" lon="-0.108589">
        <ele>430.003482</ele>
        <time>2026-02-09T14:06:22.687Z</time>
      </trkpt>
      <trkpt lat="38.778772" lon="-0.108568">
        <ele>429.465671</ele>
        <time>2026-02-09T14:06:23.306Z</time>
      </trkpt>
      <trkpt lat="38.779706" lon="-0.108190">
        <ele>422.038200</ele>
        <time>2026-02-09T14:06:31.977Z</time>
      </trkpt>
      <trkpt lat="38.779882" lon="-0.108078">
        <ele>420.564579</ele>
        <time>2026-02-09T14:06:33.742Z</time>
      </trkpt>
      <trkpt lat="38.779990" lon="-0.107898">
        <ele>419.637050</ele>
        <time>2026-02-09T14:06:35.342Z</time>
      </trkpt>
      <trkpt lat="38.780223" lon="-0.107261">
        <ele>416.763775</ele>
        <time>2026-02-09T14:06:40.379Z</time>
      </trkpt>
      <trkpt lat="38.780337" lon="-0.107020">
        <ele>415.612656</ele>
        <time>2026-02-09T14:06:42.448Z</time>
      </trkpt>
      <trkpt lat="38.780605" lon="-0.106680">
        <ele>413.638234</ele>
        <time>2026-02-09T14:06:46.067Z</time>
      </trkpt>
      <trkpt lat="38.781325" lon="-0.106090">
        <ele>409.120518</ele>
        <time>2026-02-09T14:06:54.498Z</time>
      </trkpt>
      <trkpt lat="38.781524" lon="-0.105955">
        <ele>407.916543</ele>
        <time>2026-02-09T14:06:56.606Z</time>
      </trkpt>
      <trkpt lat="38.782039" lon="-0.105719">
        <ele>404.991700</ele>
        <time>2026-02-09T14:07:01.679Z</time>
      </trkpt>
      <trkpt lat="38.782247" lon="-0.105719">
        <ele>403.879253</ele>
        <time>2026-02-09T14:07:03.650Z</time>
      </trkpt>
      <trkpt lat="38.782515" lon="-0.105807">
        <ele>402.399697</ele>
        <time>2026-02-09T14:07:06.248Z</time>
      </trkpt>
      <trkpt lat="38.782705" lon="-0.105774">
        <ele>401.203591</ele>
        <time>2026-02-09T14:07:08.003Z</time>
      </trkpt>
      <trkpt lat="38.782839" lon="-0.105667">
        <ele>399.582767</ele>
        <time>2026-02-09T14:07:09.411Z</time>
      </trkpt>
      <trkpt lat="38.782940" lon="-0.105523">
        <ele>398.032157</ele>
        <time>2026-02-09T14:07:10.740Z</time>
      </trkpt>
      <trkpt lat="38.782984" lon="-0.105375">
        <ele>396.764208</ele>
        <time>2026-02-09T14:07:11.812Z</time>
      </trkpt>
      <trkpt lat="38.782983" lon="-0.105236">
        <ele>395.651492</ele>
        <time>2026-02-09T14:07:12.748Z</time>
      </trkpt>
      <trkpt lat="38.782873" lon="-0.104702">
        <ele>391.230190</ele>
        <time>2026-02-09T14:07:16.438Z</time>
      </trkpt>
      <trkpt lat="38.782824" lon="-0.104362">
        <ele>388.462427</ele>
        <time>2026-02-09T14:07:18.736Z</time>
      </trkpt>
      <trkpt lat="38.782742" lon="-0.103797">
        <ele>383.861976</ele>
        <time>2026-02-09T14:07:22.515Z</time>
      </trkpt>
      <trkpt lat="38.782635" lon="-0.103566">
        <ele>381.889868</ele>
        <time>2026-02-09T14:07:24.261Z</time>
      </trkpt>
      <trkpt lat="38.782487" lon="-0.103513">
        <ele>380.516637</ele>
        <time>2026-02-09T14:07:25.544Z</time>
      </trkpt>
      <trkpt lat="38.781955" lon="-0.103550">
        <ele>375.755221</ele>
        <time>2026-02-09T14:07:30.007Z</time>
      </trkpt>
      <trkpt lat="38.781399" lon="-0.103759">
        <ele>370.577366</ele>
        <time>2026-02-09T14:07:35.171Z</time>
      </trkpt>
      <trkpt lat="38.780967" lon="-0.104007">
        <ele>366.843213</ele>
        <time>2026-02-09T14:07:39.783Z</time>
      </trkpt>
      <trkpt lat="38.780788" lon="-0.104159">
        <ele>366.348414</ele>
        <time>2026-02-09T14:07:42.171Z</time>
      </trkpt>
      <trkpt lat="38.780544" lon="-0.104372">
        <ele>365.668125</ele>
        <time>2026-02-09T14:07:45.641Z</time>
      </trkpt>
      <trkpt lat="38.779596" lon="-0.105043">
        <ele>363.172436</ele>
        <time>2026-02-09T14:07:58.730Z</time>
      </trkpt>
      <trkpt lat="38.779493" lon="-0.105043">
        <ele>362.935023</ele>
        <time>2026-02-09T14:07:59.743Z</time>
      </trkpt>
      <trkpt lat="38.779403" lon="-0.104966">
        <ele>362.469591</ele>
        <time>2026-02-09T14:08:00.808Z</time>
      </trkpt>
      <trkpt lat="38.779348" lon="-0.104880">
        <ele>362.034911</ele>
        <time>2026-02-09T14:08:01.659Z</time>
      </trkpt>
      <trkpt lat="38.779162" lon="-0.104342">
        <ele>359.735095</ele>
        <time>2026-02-09T14:08:05.976Z</time>
      </trkpt>
      <trkpt lat="38.779150" lon="-0.104215">
        <ele>359.235184</ele>
        <time>2026-02-09T14:08:06.890Z</time>
      </trkpt>
      <trkpt lat="38.779316" lon="-0.103907">
        <ele>357.771972</ele>
        <time>2026-02-09T14:08:09.572Z</time>
      </trkpt>
      <trkpt lat="38.779598" lon="-0.103384">
        <ele>355.287017</ele>
        <time>2026-02-09T14:08:14.058Z</time>
      </trkpt>
      <trkpt lat="38.779648" lon="-0.103338">
        <ele>354.978587</ele>
        <time>2026-02-09T14:08:14.633Z</time>
      </trkpt>
      <trkpt lat="38.780046" lon="-0.102589">
        <ele>351.866207</ele>
        <time>2026-02-09T14:08:21.401Z</time>
      </trkpt>
      <trkpt lat="38.780070" lon="-0.102477">
        <ele>351.493013</ele>
        <time>2026-02-09T14:08:22.297Z</time>
      </trkpt>
      <trkpt lat="38.780215" lon="-0.102450">
        <ele>350.889137</ele>
        <time>2026-02-09T14:08:23.761Z</time>
      </trkpt>
      <trkpt lat="38.780814" lon="-0.101738">
        <ele>347.523458</ele>
        <time>2026-02-09T14:08:31.928Z</time>
      </trkpt>
      <trkpt lat="38.781113" lon="-0.101376">
        <ele>345.290491</ele>
        <time>2026-02-09T14:08:35.955Z</time>
      </trkpt>
      <trkpt lat="38.781163" lon="-0.101313">
        <ele>344.747315</ele>
        <time>2026-02-09T14:08:36.624Z</time>
      </trkpt>
      <trkpt lat="38.781352" lon="-0.101021">
        <ele>342.454304</ele>
        <time>2026-02-09T14:08:39.443Z</time>
      </trkpt>
      <trkpt lat="38.781389" lon="-0.100812">
        <ele>341.159449</ele>
        <time>2026-02-09T14:08:40.984Z</time>
      </trkpt>
      <trkpt lat="38.781327" lon="-0.100438">
        <ele>338.849346</ele>
        <time>2026-02-09T14:08:43.650Z</time>
      </trkpt>
      <trkpt lat="38.781156" lon="-0.099806">
        <ele>334.807564</ele>
        <time>2026-02-09T14:08:48.167Z</time>
      </trkpt>
      <trkpt lat="38.781158" lon="-0.099656">
        <ele>333.901183</ele>
        <time>2026-02-09T14:08:49.166Z</time>
      </trkpt>
      <trkpt lat="38.781188" lon="-0.099413">
        <ele>332.375828</ele>
        <time>2026-02-09T14:08:50.792Z</time>
      </trkpt>
      <trkpt lat="38.781177" lon="-0.098788">
        <ele>326.885792</ele>
        <time>2026-02-09T14:08:54.888Z</time>
      </trkpt>
      <trkpt lat="38.781227" lon="-0.098556">
        <ele>324.771982</ele>
        <time>2026-02-09T14:08:56.464Z</time>
      </trkpt>
      <trkpt lat="38.781379" lon="-0.098310">
        <ele>322.015340</ele>
        <time>2026-02-09T14:08:58.517Z</time>
      </trkpt>
      <trkpt lat="38.781400" lon="-0.098224">
        <ele>321.223921</ele>
        <time>2026-02-09T14:08:59.106Z</time>
      </trkpt>
      <trkpt lat="38.781397" lon="-0.098039">
        <ele>319.598937</ele>
        <time>2026-02-09T14:09:00.323Z</time>
      </trkpt>
      <trkpt lat="38.781320" lon="-0.097880">
        <ele>317.955129</ele>
        <time>2026-02-09T14:09:01.554Z</time>
      </trkpt>
      <trkpt lat="38.781251" lon="-0.097854">
        <ele>317.144981</ele>
        <time>2026-02-09T14:09:02.165Z</time>
      </trkpt>
      <trkpt lat="38.781120" lon="-0.097868">
        <ele>315.664110</ele>
        <time>2026-02-09T14:09:03.295Z</time>
      </trkpt>
      <trkpt lat="38.780316" lon="-0.098093">
        <ele>309.362879</ele>
        <time>2026-02-09T14:09:10.499Z</time>
      </trkpt>
      <trkpt lat="38.780102" lon="-0.098288">
        <ele>307.908034</ele>
        <time>2026-02-09T14:09:12.978Z</time>
      </trkpt>
      <trkpt lat="38.779713" lon="-0.098743">
        <ele>304.990352</ele>
        <time>2026-02-09T14:09:18.184Z</time>
      </trkpt>
      <trkpt lat="38.779601" lon="-0.098821">
        <ele>304.284026</ele>
        <time>2026-02-09T14:09:19.471Z</time>
      </trkpt>
      <trkpt lat="38.779522" lon="-0.098824">
        <ele>303.845988</ele>
        <time>2026-02-09T14:09:20.260Z</time>
      </trkpt>
      <trkpt lat="38.779447" lon="-0.098771">
        <ele>303.371409</ele>
        <time>2026-02-09T14:09:21.112Z</time>
      </trkpt>
      <trkpt lat="38.779362" lon="-0.098606">
        <ele>302.516912</ele>
        <time>2026-02-09T14:09:22.644Z</time>
      </trkpt>
      <trkpt lat="38.779333" lon="-0.098255">
        <ele>300.751892</ele>
        <time>2026-02-09T14:09:25.353Z</time>
      </trkpt>
      <trkpt lat="38.779358" lon="-0.097991">
        <ele>299.387041</ele>
        <time>2026-02-09T14:09:27.345Z</time>
      </trkpt>
      <trkpt lat="38.779388" lon="-0.097868">
        <ele>298.725610</ele>
        <time>2026-02-09T14:09:28.313Z</time>
      </trkpt>
      <trkpt lat="38.779465" lon="-0.097711">
        <ele>297.773665</ele>
        <time>2026-02-09T14:09:29.697Z</time>
      </trkpt>
      <trkpt lat="38.779831" lon="-0.097234">
        <ele>294.338752</ele>
        <time>2026-02-09T14:09:34.433Z</time>
      </trkpt>
      <trkpt lat="38.779945" lon="-0.097044">
        <ele>293.108271</ele>
        <time>2026-02-09T14:09:36.059Z</time>
      </trkpt>
      <trkpt lat="38.780024" lon="-0.096744">
        <ele>291.483165</ele>
        <time>2026-02-09T14:09:38.202Z</time>
      </trkpt>
      <trkpt lat="38.780069" lon="-0.096267">
        <ele>288.823128</ele>
        <time>2026-02-09T14:09:41.439Z</time>
      </trkpt>
      <trkpt lat="38.780094" lon="-0.096177">
        <ele>288.265326</ele>
        <time>2026-02-09T14:09:42.082Z</time>
      </trkpt>
      <trkpt lat="38.780160" lon="-0.096074">
        <ele>287.486913</ele>
        <time>2026-02-09T14:09:42.974Z</time>
      </trkpt>
      <trkpt lat="38.780511" lon="-0.095823">
        <ele>284.477352</ele>
        <time>2026-02-09T14:09:46.427Z</time>
      </trkpt>
      <trkpt lat="38.780706" lon="-0.095637">
        <ele>282.657480</ele>
        <time>2026-02-09T14:09:48.537Z</time>
      </trkpt>
      <trkpt lat="38.781283" lon="-0.094685">
        <ele>276.641197</ele>
        <time>2026-02-09T14:09:57.327Z</time>
      </trkpt>
      <trkpt lat="38.781391" lon="-0.094509">
        <ele>276.332158</ele>
        <time>2026-02-09T14:09:59.232Z</time>
      </trkpt>
      <trkpt lat="38.781558" lon="-0.094152">
        <ele>275.757722</ele>
        <time>2026-02-09T14:10:02.890Z</time>
      </trkpt>
      <trkpt lat="38.781914" lon="-0.093474">
        <ele>274.629864</ele>
        <time>2026-02-09T14:10:12.011Z</time>
      </trkpt>
      <trkpt lat="38.782196" lon="-0.092850">
        <ele>273.540751</ele>
        <time>2026-02-09T14:10:19.372Z</time>
      </trkpt>
      <trkpt lat="38.782474" lon="-0.091408">
        <ele>270.114817</ele>
        <time>2026-02-09T14:10:31.294Z</time>
      </trkpt>
      <trkpt lat="38.782611" lon="-0.090902">
        <ele>268.879426</ele>
        <time>2026-02-09T14:10:35.524Z</time>
      </trkpt>
      <trkpt lat="38.782629" lon="-0.090712">
        <ele>268.417201</ele>
        <time>2026-02-09T14:10:36.999Z</time>
      </trkpt>
      <trkpt lat="38.782597" lon="-0.090414">
        <ele>266.768897</ele>
        <time>2026-02-09T14:10:39.241Z</time>
      </trkpt>
      <trkpt lat="38.782654" lon="-0.090155">
        <ele>265.294238</ele>
        <time>2026-02-09T14:10:41.187Z</time>
      </trkpt>
      <trkpt lat="38.782796" lon="-0.089913">
        <ele>263.634520</ele>
        <time>2026-02-09T14:10:43.327Z</time>
      </trkpt>
      <trkpt lat="38.783054" lon="-0.089601">
        <ele>261.142206</ele>
        <time>2026-02-09T14:10:46.497Z</time>
      </trkpt>
      <trkpt lat="38.783513" lon="-0.088645">
        <ele>254.798425</ele>
        <time>2026-02-09T14:10:54.131Z</time>
      </trkpt>
      <trkpt lat="38.783562" lon="-0.088492">
        <ele>253.680371</ele>
        <time>2026-02-09T14:10:55.248Z</time>
      </trkpt>
      <trkpt lat="38.783608" lon="-0.088145">
        <ele>251.301217</ele>
        <time>2026-02-09T14:10:57.635Z</time>
      </trkpt>
      <trkpt lat="38.784103" lon="-0.086825">
        <ele>241.400221</ele>
        <time>2026-02-09T14:11:07.651Z</time>
      </trkpt>
      <trkpt lat="38.784603" lon="-0.086161">
        <ele>235.108406</ele>
        <time>2026-02-09T14:11:13.962Z</time>
      </trkpt>
      <trkpt lat="38.784764" lon="-0.085846">
        <ele>232.536395</ele>
        <time>2026-02-09T14:11:16.501Z</time>
      </trkpt>
      <trkpt lat="38.784827" lon="-0.085791">
        <ele>231.868873</ele>
        <time>2026-02-09T14:11:17.163Z</time>
      </trkpt>
      <trkpt lat="38.784883" lon="-0.085804">
        <ele>231.370367</ele>
        <time>2026-02-09T14:11:17.650Z</time>
      </trkpt>
      <trkpt lat="38.784908" lon="-0.085838">
        <ele>231.051220</ele>
        <time>2026-02-09T14:11:17.961Z</time>
      </trkpt>
      <trkpt lat="38.784897" lon="-0.085935">
        <ele>230.381915</ele>
        <time>2026-02-09T14:11:18.624Z</time>
      </trkpt>
      <trkpt lat="38.784529" lon="-0.086652">
        <ele>224.520154</ele>
        <time>2026-02-09T14:11:24.443Z</time>
      </trkpt>
      <trkpt lat="38.784485" lon="-0.086848">
        <ele>223.560092</ele>
        <time>2026-02-09T14:11:25.856Z</time>
      </trkpt>
      <trkpt lat="38.784508" lon="-0.087073">
        <ele>222.514337</ele>
        <time>2026-02-09T14:11:27.435Z</time>
      </trkpt>
      <trkpt lat="38.784638" lon="-0.087531">
        <ele>220.268148</ele>
        <time>2026-02-09T14:11:30.915Z</time>
      </trkpt>
      <trkpt lat="38.784711" lon="-0.087651">
        <ele>219.566680</ele>
        <time>2026-02-09T14:11:32.026Z</time>
      </trkpt>
      <trkpt lat="38.784748" lon="-0.087672">
        <ele>219.327489</ele>
        <time>2026-02-09T14:11:32.410Z</time>
      </trkpt>
      <trkpt lat="38.784819" lon="-0.087651">
        <ele>218.896735</ele>
        <time>2026-02-09T14:11:33.095Z</time>
      </trkpt>
      <trkpt lat="38.784855" lon="-0.087600">
        <ele>218.579668</ele>
        <time>2026-02-09T14:11:33.609Z</time>
      </trkpt>
      <trkpt lat="38.784864" lon="-0.087480">
        <ele>218.024116</ele>
        <time>2026-02-09T14:11:34.513Z</time>
      </trkpt>
      <trkpt lat="38.784798" lon="-0.087089">
        <ele>216.180500</ele>
        <time>2026-02-09T14:11:37.560Z</time>
      </trkpt>
      <trkpt lat="38.784836" lon="-0.086840">
        <ele>215.011244</ele>
        <time>2026-02-09T14:11:39.502Z</time>
      </trkpt>
      <trkpt lat="38.785254" lon="-0.085864">
        <ele>208.195617</ele>
        <time>2026-02-09T14:11:47.507Z</time>
      </trkpt>
      <trkpt lat="38.785298" lon="-0.085835">
        <ele>207.778373</ele>
        <time>2026-02-09T14:11:47.923Z</time>
      </trkpt>
      <trkpt lat="38.785352" lon="-0.085907">
        <ele>207.121442</ele>
        <time>2026-02-09T14:11:48.592Z</time>
      </trkpt>
      <trkpt lat="38.785225" lon="-0.086279">
        <ele>204.451292</ele>
        <time>2026-02-09T14:11:51.298Z</time>
      </trkpt>
      <trkpt lat="38.785204" lon="-0.086602">
        <ele>202.320229</ele>
        <time>2026-02-09T14:11:53.456Z</time>
      </trkpt>
      <trkpt lat="38.785229" lon="-0.086733">
        <ele>201.433482</ele>
        <time>2026-02-09T14:11:54.351Z</time>
      </trkpt>
      <trkpt lat="38.785298" lon="-0.086883">
        <ele>200.288329</ele>
        <time>2026-02-09T14:11:55.508Z</time>
      </trkpt>
      <trkpt lat="38.785340" lon="-0.086908">
        <ele>199.897794</ele>
        <time>2026-02-09T14:11:55.904Z</time>
      </trkpt>
      <trkpt lat="38.785467" lon="-0.086853">
        <ele>198.767190</ele>
        <time>2026-02-09T14:11:57.049Z</time>
      </trkpt>
      <trkpt lat="38.785491" lon="-0.086796">
        <ele>198.479858</ele>
        <time>2026-02-09T14:11:57.475Z</time>
      </trkpt>
      <trkpt lat="38.785480" lon="-0.086562">
        <ele>197.622020</ele>
        <time>2026-02-09T14:11:59.064Z</time>
      </trkpt>
      <trkpt lat="38.785551" lon="-0.086286">
        <ele>196.558470</ele>
        <time>2026-02-09T14:12:01.080Z</time>
      </trkpt>
      <trkpt lat="38.785621" lon="-0.086122">
        <ele>195.874262</ele>
        <time>2026-02-09T14:12:02.413Z</time>
      </trkpt>
      <trkpt lat="38.785795" lon="-0.085738">
        <ele>194.248919</ele>
        <time>2026-02-09T14:12:05.742Z</time>
      </trkpt>
      <trkpt lat="38.785986" lon="-0.085133">
        <ele>191.860357</ele>
        <time>2026-02-09T14:12:11.875Z</time>
      </trkpt>
      <trkpt lat="38.786039" lon="-0.084405">
        <ele>189.324317</ele>
        <time>2026-02-09T14:12:18.325Z</time>
      </trkpt>
      <trkpt lat="38.785896" lon="-0.082564">
        <ele>183.475393</ele>
        <time>2026-02-09T14:12:32.315Z</time>
      </trkpt>
      <trkpt lat="38.785822" lon="-0.082383">
        <ele>182.687603</ele>
        <time>2026-02-09T14:12:33.843Z</time>
      </trkpt>
      <trkpt lat="38.785513" lon="-0.082033">
        <ele>178.267311</ele>
        <time>2026-02-09T14:12:37.576Z</time>
      </trkpt>
      <trkpt lat="38.785246" lon="-0.081684">
        <ele>174.179734</ele>
        <time>2026-02-09T14:12:40.880Z</time>
      </trkpt>
      <trkpt lat="38.785160" lon="-0.081510">
        <ele>172.457540</ele>
        <time>2026-02-09T14:12:42.248Z</time>
      </trkpt>
      <trkpt lat="38.785124" lon="-0.081330">
        <ele>170.904188</ele>
        <time>2026-02-09T14:12:43.474Z</time>
      </trkpt>
      <trkpt lat="38.785113" lon="-0.081161">
        <ele>169.486603</ele>
        <time>2026-02-09T14:12:44.589Z</time>
      </trkpt>
      <trkpt lat="38.785151" lon="-0.080259">
        <ele>161.623065</ele>
        <time>2026-02-09T14:12:50.442Z</time>
      </trkpt>
      <trkpt lat="38.785175" lon="-0.080027">
        <ele>159.305166</ele>
        <time>2026-02-09T14:12:51.947Z</time>
      </trkpt>
      <trkpt lat="38.785247" lon="-0.079598">
        <ele>154.958939</ele>
        <time>2026-02-09T14:12:54.760Z</time>
      </trkpt>
      <trkpt lat="38.785539" lon="-0.078703">
        <ele>145.349686</ele>
        <time>2026-02-09T14:13:01.108Z</time>
      </trkpt>
      <trkpt lat="38.785693" lon="-0.078374">
        <ele>141.548900</ele>
        <time>2026-02-09T14:13:03.704Z</time>
      </trkpt>
      <trkpt lat="38.786632" lon="-0.077165">
        <ele>134.017676</ele>
        <time>2026-02-09T14:13:16.017Z</time>
      </trkpt>
      <trkpt lat="38.787930" lon="-0.075327">
        <ele>127.344803</ele>
        <time>2026-02-09T14:13:36.010Z</time>
      </trkpt>
      <trkpt lat="38.787963" lon="-0.075284">
        <ele>127.215625</ele>
        <time>2026-02-09T14:13:36.498Z</time>
      </trkpt>
      <trkpt lat="38.788759" lon="-0.074051">
        <ele>124.265430</ele>
        <time>2026-02-09T14:13:49.992Z</time>
      </trkpt>
      <trkpt lat="38.789032" lon="-0.073631">
        <ele>123.320606</ele>
        <time>2026-02-09T14:13:54.622Z</time>
      </trkpt>
      <trkpt lat="38.789766" lon="-0.072568">
        <ele>121.069330</ele>
        <time>2026-02-09T14:14:06.627Z</time>
      </trkpt>
      <trkpt lat="38.789951" lon="-0.072296">
        <ele>120.535283</ele>
        <time>2026-02-09T14:14:09.667Z</time>
      </trkpt>
      <trkpt lat="38.790183" lon="-0.072087">
        <ele>119.997242</ele>
        <time>2026-02-09T14:14:12.786Z</time>
      </trkpt>
      <trkpt lat="38.790222" lon="-0.072048">
        <ele>119.903392</ele>
        <time>2026-02-09T14:14:13.334Z</time>
      </trkpt>
      <trkpt lat="38.790408" lon="-0.071874">
        <ele>119.466488</ele>
        <time>2026-02-09T14:14:15.929Z</time>
      </trkpt>
      <trkpt lat="38.790632" lon="-0.071513">
        <ele>118.799293</ele>
        <time>2026-02-09T14:14:20.077Z</time>
      </trkpt>
      <trkpt lat="38.791619" lon="-0.069546">
        <ele>115.947859</ele>
        <time>2026-02-09T14:14:41.541Z</time>
      </trkpt>
      <trkpt lat="38.791690" lon="-0.069372">
        <ele>115.510745</ele>
        <time>2026-02-09T14:14:43.130Z</time>
      </trkpt>
      <trkpt lat="38.792255" lon="-0.069666">
        <ele>113.769784</ele>
        <time>2026-02-09T14:14:49.314Z</time>
      </trkpt>
      <trkpt lat="38.792690" lon="-0.069886">
        <ele>112.434651</ele>
        <time>2026-02-09T14:14:53.918Z</time>
      </trkpt>
      <trkpt lat="38.793353" lon="-0.069959">
        <ele>111.038287</ele>
        <time>2026-02-09T14:15:00.676Z</time>
      </trkpt>
      <trkpt lat="38.793927" lon="-0.070020">
        <ele>111.181938</ele>
        <time>2026-02-09T14:15:07.744Z</time>
      </trkpt>
      <trkpt lat="38.794307" lon="-0.070035">
        <ele>111.276759</ele>
        <time>2026-02-09T14:15:14.432Z</time>
      </trkpt>
      <trkpt lat="38.795981" lon="-0.070182">
        <ele>113.330423</ele>
        <time>2026-02-09T14:15:55.076Z</time>
      </trkpt>
      <trkpt lat="38.797048" lon="-0.070285">
        <ele>114.833645</ele>
        <time>2026-02-09T14:16:17.786Z</time>
      </trkpt>
      <trkpt lat="38.800652" lon="-0.070628">
        <ele>113.965343</ele>
        <time>2026-02-09T14:17:05.994Z</time>
      </trkpt>
      <trkpt lat="38.800961" lon="-0.070627">
        <ele>113.931676</ele>
        <time>2026-02-09T14:17:10.706Z</time>
      </trkpt>
      <trkpt lat="38.801133" lon="-0.070597">
        <ele>113.912763</ele>
        <time>2026-02-09T14:17:13.390Z</time>
      </trkpt>
      <trkpt lat="38.801721" lon="-0.070313">
        <ele>113.844308</ele>
        <time>2026-02-09T14:17:23.232Z</time>
      </trkpt>
      <trkpt lat="38.801911" lon="-0.070213">
        <ele>113.821932</ele>
        <time>2026-02-09T14:17:26.369Z</time>
      </trkpt>
      <trkpt lat="38.802458" lon="-0.069925">
        <ele>113.141360</ele>
        <time>2026-02-09T14:17:34.318Z</time>
      </trkpt>
      <trkpt lat="38.802747" lon="-0.069795">
        <ele>112.629665</ele>
        <time>2026-02-09T14:17:37.945Z</time>
      </trkpt>
      <trkpt lat="38.802984" lon="-0.069667">
        <ele>112.200021</ele>
        <time>2026-02-09T14:17:40.813Z</time>
      </trkpt>
      <trkpt lat="38.803352" lon="-0.069476">
        <ele>111.536744</ele>
        <time>2026-02-09T14:17:45.073Z</time>
      </trkpt>
      <trkpt lat="38.805017" lon="-0.068589">
        <ele>108.062947</ele>
        <time>2026-02-09T14:18:03.921Z</time>
      </trkpt>
      <trkpt lat="38.806578" lon="-0.067772">
        <ele>107.729956</ele>
        <time>2026-02-09T14:18:26.932Z</time>
      </trkpt>
      <trkpt lat="38.807142" lon="-0.067505">
        <ele>108.090202</ele>
        <time>2026-02-09T14:18:40.807Z</time>
      </trkpt>
      <trkpt lat="38.807840" lon="-0.067343">
        <ele>109.780151</ele>
        <time>2026-02-09T14:18:59.441Z</time>
      </trkpt>
      <trkpt lat="38.808564" lon="-0.067223">
        <ele>111.519393</ele>
        <time>2026-02-09T14:19:18.279Z</time>
      </trkpt>
      <trkpt lat="38.808722" lon="-0.067197">
        <ele>111.898907</ele>
        <time>2026-02-09T14:19:22.012Z</time>
      </trkpt>
      <trkpt lat="38.809103" lon="-0.067060">
        <ele>112.158641</ele>
        <time>2026-02-09T14:19:30.919Z</time>
      </trkpt>
      <trkpt lat="38.809712" lon="-0.066795">
        <ele>111.893290</ele>
        <time>2026-02-09T14:19:41.677Z</time>
      </trkpt>
      <trkpt lat="38.810130" lon="-0.066835">
        <ele>111.720328</ele>
        <time>2026-02-09T14:19:46.823Z</time>
      </trkpt>
      <trkpt lat="38.810198" lon="-0.066090">
        <ele>111.153511</ele>
        <time>2026-02-09T14:19:53.208Z</time>
      </trkpt>
      <trkpt lat="38.810206" lon="-0.066020">
        <ele>110.936487</ele>
        <time>2026-02-09T14:19:53.766Z</time>
      </trkpt>
      <trkpt lat="38.810350" lon="-0.066037">
        <ele>110.367218</ele>
        <time>2026-02-09T14:19:55.253Z</time>
      </trkpt>
      <trkpt lat="38.810377" lon="-0.066011">
        <ele>110.234333</ele>
        <time>2026-02-09T14:19:55.588Z</time>
      </trkpt>
      <trkpt lat="38.810670" lon="-0.065700">
        <ele>108.737496</ele>
        <time>2026-02-09T14:19:59.272Z</time>
      </trkpt>
      <trkpt lat="38.811103" lon="-0.065233">
        <ele>106.510916</ele>
        <time>2026-02-09T14:20:04.732Z</time>
      </trkpt>
      <trkpt lat="38.811225" lon="-0.065077">
        <ele>105.832942</ele>
        <time>2026-02-09T14:20:06.398Z</time>
      </trkpt>
      <trkpt lat="38.811353" lon="-0.064760">
        <ele>104.737747</ele>
        <time>2026-02-09T14:20:09.070Z</time>
      </trkpt>
      <trkpt lat="38.811366" lon="-0.064729">
        <ele>104.629759</ele>
        <time>2026-02-09T14:20:09.335Z</time>
      </trkpt>
      <trkpt lat="38.811526" lon="-0.064492">
        <ele>103.452589</ele>
        <time>2026-02-09T14:20:11.659Z</time>
      </trkpt>
      <trkpt lat="38.811580" lon="-0.064424">
        <ele>103.071372</ele>
        <time>2026-02-09T14:20:12.364Z</time>
      </trkpt>
      <trkpt lat="38.811849" lon="-0.064125">
        <ele>101.278173</ele>
        <time>2026-02-09T14:20:15.711Z</time>
      </trkpt>
      <trkpt lat="38.812021" lon="-0.063659">
        <ele>99.253589</ele>
        <time>2026-02-09T14:20:19.452Z</time>
      </trkpt>
      <trkpt lat="38.812064" lon="-0.063566">
        <ele>98.828991</ele>
        <time>2026-02-09T14:20:20.248Z</time>
      </trkpt>
      <trkpt lat="38.812189" lon="-0.063448">
        <ele>98.047076</ele>
        <time>2026-02-09T14:20:21.688Z</time>
      </trkpt>
      <trkpt lat="38.813062" lon="-0.063024">
        <ele>94.053515</ele>
        <time>2026-02-09T14:20:30.448Z</time>
      </trkpt>
      <trkpt lat="38.813151" lon="-0.062956">
        <ele>93.714129</ele>
        <time>2026-02-09T14:20:31.449Z</time>
      </trkpt>
      <trkpt lat="38.813782" lon="-0.062257">
        <ele>90.982896</ele>
        <time>2026-02-09T14:20:39.912Z</time>
      </trkpt>
      <trkpt lat="38.813883" lon="-0.062117">
        <ele>90.495783</ele>
        <time>2026-02-09T14:20:41.546Z</time>
      </trkpt>
      <trkpt lat="38.814269" lon="-0.061081">
        <ele>88.904602</ele>
        <time>2026-02-09T14:20:51.945Z</time>
      </trkpt>
      <trkpt lat="38.814630" lon="-0.059975">
        <ele>87.985299</ele>
        <time>2026-02-09T14:21:03.643Z</time>
      </trkpt>
      <trkpt lat="38.814791" lon="-0.059588">
        <ele>87.690958</ele>
        <time>2026-02-09T14:21:08.182Z</time>
      </trkpt>
      <trkpt lat="38.815721" lon="-0.057996">
        <ele>87.211050</ele>
        <time>2026-02-09T14:21:30.329Z</time>
      </trkpt>
      <trkpt lat="38.816185" lon="-0.057356">
        <ele>86.639725</ele>
        <time>2026-02-09T14:21:39.093Z</time>
      </trkpt>
      <trkpt lat="38.816708" lon="-0.055998">
        <ele>85.415050</ele>
        <time>2026-02-09T14:21:52.964Z</time>
      </trkpt>
      <trkpt lat="38.816800" lon="-0.055847">
        <ele>85.277062</ele>
        <time>2026-02-09T14:21:54.693Z</time>
      </trkpt>
      <trkpt lat="38.817230" lon="-0.055330">
        <ele>85.048567</ele>
        <time>2026-02-09T14:22:02.000Z</time>
      </trkpt>
      <trkpt lat="38.817521" lon="-0.055110">
        <ele>84.917594</ele>
        <time>2026-02-09T14:22:06.731Z</time>
      </trkpt>
      <trkpt lat="38.818626" lon="-0.054440">
        <ele>85.019182</ele>
        <time>2026-02-09T14:22:25.288Z</time>
      </trkpt>
      <trkpt lat="38.818807" lon="-0.054259">
        <ele>85.280914</ele>
        <time>2026-02-09T14:22:28.740Z</time>
      </trkpt>
      <trkpt lat="38.819455" lon="-0.053448">
        <ele>86.313322</ele>
        <time>2026-02-09T14:22:45.913Z</time>
      </trkpt>
      <trkpt lat="38.819519" lon="-0.053359">
        <ele>86.420960</ele>
        <time>2026-02-09T14:22:48.203Z</time>
      </trkpt>
      <trkpt lat="38.819616" lon="-0.053231">
        <ele>86.579653</ele>
        <time>2026-02-09T14:22:52.637Z</time>
      </trkpt>
      <trkpt lat="38.819694" lon="-0.053230">
        <ele>86.690916</ele>
        <time>2026-02-09T14:22:55.145Z</time>
      </trkpt>
      <trkpt lat="38.819742" lon="-0.053201">
        <ele>86.800887</ele>
        <time>2026-02-09T14:22:56.892Z</time>
      </trkpt>
      <trkpt lat="38.819880" lon="-0.053047">
        <ele>87.179950</ele>
        <time>2026-02-09T14:23:02.923Z</time>
      </trkpt>
      <trkpt lat="38.819934" lon="-0.052983">
        <ele>87.332310</ele>
        <time>2026-02-09T14:23:05.396Z</time>
      </trkpt>
      <trkpt lat="38.820020" lon="-0.052954">
        <ele>87.516628</ele>
        <time>2026-02-09T14:23:08.345Z</time>
      </trkpt>
      <trkpt lat="38.820320" lon="-0.053012">
        <ele>88.145511</ele>
        <time>2026-02-09T14:23:18.495Z</time>
      </trkpt>
      <trkpt lat="38.820627" lon="-0.053033">
        <ele>88.782793</ele>
        <time>2026-02-09T14:23:28.516Z</time>
      </trkpt>
      <trkpt lat="38.820959" lon="-0.053135">
        <ele>89.490434</ele>
        <time>2026-02-09T14:23:38.015Z</time>
      </trkpt>
      <trkpt lat="38.821258" lon="-0.052628">
        <ele>90.417026</ele>
        <time>2026-02-09T14:23:49.570Z</time>
      </trkpt>
      <trkpt lat="38.821773" lon="-0.051972">
        <ele>90.898657</ele>
        <time>2026-02-09T14:24:03.424Z</time>
      </trkpt>
      <trkpt lat="38.821817" lon="-0.051926">
        <ele>90.936327</ele>
        <time>2026-02-09T14:24:04.507Z</time>
      </trkpt>
      <trkpt lat="38.821879" lon="-0.051879">
        <ele>90.984125</ele>
        <time>2026-02-09T14:24:05.925Z</time>
      </trkpt>
      <trkpt lat="38.821991" lon="-0.051862">
        <ele>91.058989</ele>
        <time>2026-02-09T14:24:08.220Z</time>
      </trkpt>
      <trkpt lat="38.822349" lon="-0.052046">
        <ele>91.314975</ele>
        <time>2026-02-09T14:24:16.767Z</time>
      </trkpt>
      <trkpt lat="38.822472" lon="-0.052046">
        <ele>91.396623</ele>
        <time>2026-02-09T14:24:19.831Z</time>
      </trkpt>
      <trkpt lat="38.822892" lon="-0.051862">
        <ele>91.991542</ele>
        <time>2026-02-09T14:24:32.410Z</time>
      </trkpt>
      <trkpt lat="38.823386" lon="-0.051824">
        <ele>93.093801</ele>
        <time>2026-02-09T14:24:47.550Z</time>
      </trkpt>
      <trkpt lat="38.823629" lon="-0.051851">
        <ele>93.637058</ele>
        <time>2026-02-09T14:24:55.292Z</time>
      </trkpt>
      <trkpt lat="38.823708" lon="-0.051868">
        <ele>93.815471</ele>
        <time>2026-02-09T14:24:57.738Z</time>
      </trkpt>
      <trkpt lat="38.823783" lon="-0.051843">
        <ele>93.988059</ele>
        <time>2026-02-09T14:25:00.134Z</time>
      </trkpt>
      <trkpt lat="38.824185" lon="-0.051503">
        <ele>95.060332</ele>
        <time>2026-02-09T14:25:14.088Z</time>
      </trkpt>
      <trkpt lat="38.824164" lon="-0.051368">
        <ele>95.299212</ele>
        <time>2026-02-09T14:25:16.570Z</time>
      </trkpt>
      <trkpt lat="38.824207" lon="-0.051242">
        <ele>95.537907</ele>
        <time>2026-02-09T14:25:19.010Z</time>
      </trkpt>
      <trkpt lat="38.824250" lon="-0.051196">
        <ele>95.659592</ele>
        <time>2026-02-09T14:25:20.351Z</time>
      </trkpt>
      <trkpt lat="38.824357" lon="-0.051165">
        <ele>95.896033</ele>
        <time>2026-02-09T14:25:22.802Z</time>
      </trkpt>
      <trkpt lat="38.824411" lon="-0.051182">
        <ele>96.015879</ele>
        <time>2026-02-09T14:25:24.136Z</time>
      </trkpt>
      <trkpt lat="38.824493" lon="-0.051275">
        <ele>96.251741</ele>
        <time>2026-02-09T14:25:26.565Z</time>
      </trkpt>
      <trkpt lat="38.824512" lon="-0.051453">
        <ele>96.553446</ele>
        <time>2026-02-09T14:25:29.665Z</time>
      </trkpt>
      <trkpt lat="38.824463" lon="-0.051557">
        <ele>96.757546</ele>
        <time>2026-02-09T14:25:31.791Z</time>
      </trkpt>
      <trkpt lat="38.825527" lon="-0.052777">
        <ele>100.185706</ele>
        <time>2026-02-09T14:26:04.637Z</time>
      </trkpt>
      <trkpt lat="38.825688" lon="-0.053086">
        <ele>101.380690</ele>
        <time>2026-02-09T14:26:12.687Z</time>
      </trkpt>
      <trkpt lat="38.825815" lon="-0.053314">
        <ele>102.281683</ele>
        <time>2026-02-09T14:26:19.204Z</time>
      </trkpt>
      <trkpt lat="38.826258" lon="-0.053770">
        <ele>104.624760</ele>
        <time>2026-02-09T14:26:37.898Z</time>
      </trkpt>
      <trkpt lat="38.826415" lon="-0.053868">
        <ele>105.345116</ele>
        <time>2026-02-09T14:26:44.166Z</time>
      </trkpt>
      <trkpt lat="38.827397" lon="-0.054382">
        <ele>110.342156</ele>
        <time>2026-02-09T14:27:22.810Z</time>
      </trkpt>
      <trkpt lat="38.827473" lon="-0.054393">
        <ele>110.726455</ele>
        <time>2026-02-09T14:27:25.638Z</time>
      </trkpt>
      <trkpt lat="38.827646" lon="-0.054321">
        <ele>111.640280</ele>
        <time>2026-02-09T14:27:32.293Z</time>
      </trkpt>
      <trkpt lat="38.827997" lon="-0.054038">
        <ele>113.723006</ele>
        <time>2026-02-09T14:27:46.965Z</time>
      </trkpt>
      <trkpt lat="38.828192" lon="-0.053946">
        <ele>114.766913</ele>
        <time>2026-02-09T14:27:53.924Z</time>
      </trkpt>
      <trkpt lat="38.828480" lon="-0.053933">
        <ele>116.201823</ele>
        <time>2026-02-09T14:28:03.013Z</time>
      </trkpt>
      <trkpt lat="38.828878" lon="-0.054001">
        <ele>118.133680</ele>
        <time>2026-02-09T14:28:15.120Z</time>
      </trkpt>
      <trkpt lat="38.828947" lon="-0.053992">
        <ele>118.467381</ele>
        <time>2026-02-09T14:28:17.306Z</time>
      </trkpt>
      <trkpt lat="38.829112" lon="-0.053925">
        <ele>119.300049</ele>
        <time>2026-02-09T14:28:22.913Z</time>
      </trkpt>
      <trkpt lat="38.829579" lon="-0.053648">
        <ele>121.775288</ele>
        <time>2026-02-09T14:28:40.222Z</time>
      </trkpt>
      <trkpt lat="38.830715" lon="-0.053428">
        <ele>128.118170</ele>
        <time>2026-02-09T14:29:22.612Z</time>
      </trkpt>
      <trkpt lat="38.830992" lon="-0.053401">
        <ele>129.852054</ele>
        <time>2026-02-09T14:29:34.948Z</time>
      </trkpt>
      <trkpt lat="38.831156" lon="-0.053407">
        <ele>130.876083</ele>
        <time>2026-02-09T14:29:42.686Z</time>
      </trkpt>
      <trkpt lat="38.831317" lon="-0.053459">
        <ele>131.912290</ele>
        <time>2026-02-09T14:29:50.905Z</time>
      </trkpt>
      <trkpt lat="38.831537" lon="-0.053597">
        <ele>133.440595</ele>
        <time>2026-02-09T14:30:02.653Z</time>
      </trkpt>
      <trkpt lat="38.831818" lon="-0.053809">
        <ele>135.474939</ele>
        <time>2026-02-09T14:30:15.238Z</time>
      </trkpt>
      <trkpt lat="38.832170" lon="-0.054261">
        <ele>136.807747</ele>
        <time>2026-02-09T14:30:29.246Z</time>
      </trkpt>
      <trkpt lat="38.832348" lon="-0.054346">
        <ele>137.240697</ele>
        <time>2026-02-09T14:30:34.208Z</time>
      </trkpt>
      <trkpt lat="38.832872" lon="-0.054101">
        <ele>138.512019</ele>
        <time>2026-02-09T14:30:46.517Z</time>
      </trkpt>
      <trkpt lat="38.833010" lon="-0.054081">
        <ele>138.828615</ele>
        <time>2026-02-09T14:30:48.971Z</time>
      </trkpt>
      <trkpt lat="38.833416" lon="-0.054250">
        <ele>139.801609</ele>
        <time>2026-02-09T14:30:54.485Z</time>
      </trkpt>
      <trkpt lat="38.834091" lon="-0.054716">
        <ele>143.163532</ele>
        <time>2026-02-09T14:31:11.276Z</time>
      </trkpt>
      <trkpt lat="38.834404" lon="-0.054805">
        <ele>144.604467</ele>
        <time>2026-02-09T14:31:22.711Z</time>
      </trkpt>
      <trkpt lat="38.834469" lon="-0.054856">
        <ele>144.946868</ele>
        <time>2026-02-09T14:31:25.533Z</time>
      </trkpt>
      <trkpt lat="38.835001" lon="-0.055565">
        <ele>148.538955</ele>
        <time>2026-02-09T14:31:59.101Z</time>
      </trkpt>
      <trkpt lat="38.835161" lon="-0.055711">
        <ele>149.725029</ele>
        <time>2026-02-09T14:32:08.747Z</time>
      </trkpt>
      <trkpt lat="38.835426" lon="-0.055800">
        <ele>151.380079</ele>
        <time>2026-02-09T14:32:22.880Z</time>
      </trkpt>
      <trkpt lat="38.835545" lon="-0.055891">
        <ele>152.216988</ele>
        <time>2026-02-09T14:32:29.931Z</time>
      </trkpt>
      <trkpt lat="38.836117" lon="-0.056567">
        <ele>156.914555</ele>
        <time>2026-02-09T14:33:01.303Z</time>
      </trkpt>
      <trkpt lat="38.836363" lon="-0.056767">
        <ele>158.673905</ele>
        <time>2026-02-09T14:33:09.019Z</time>
      </trkpt>
      <trkpt lat="38.836441" lon="-0.056864">
        <ele>158.881282</ele>
        <time>2026-02-09T14:33:11.349Z</time>
      </trkpt>
      <trkpt lat="38.836537" lon="-0.057050">
        <ele>158.971896</ele>
        <time>2026-02-09T14:33:14.735Z</time>
      </trkpt>
      <trkpt lat="38.836625" lon="-0.057127">
        <ele>159.027419</ele>
        <time>2026-02-09T14:33:16.568Z</time>
      </trkpt>
      <trkpt lat="38.836728" lon="-0.057179">
        <ele>159.085122</ele>
        <time>2026-02-09T14:33:18.403Z</time>
      </trkpt>
      <trkpt lat="38.836909" lon="-0.057210">
        <ele>159.180325</ele>
        <time>2026-02-09T14:33:21.146Z</time>
      </trkpt>
      <trkpt lat="38.837317" lon="-0.057378">
        <ele>159.403714</ele>
        <time>2026-02-09T14:33:26.680Z</time>
      </trkpt>
      <trkpt lat="38.837629" lon="-0.057562">
        <ele>159.582721</ele>
        <time>2026-02-09T14:33:30.788Z</time>
      </trkpt>
      <trkpt lat="38.837981" lon="-0.058090">
        <ele>160.094776</ele>
        <time>2026-02-09T14:33:39.134Z</time>
      </trkpt>
      <trkpt lat="38.838241" lon="-0.058587">
        <ele>160.970640</ele>
        <time>2026-02-09T14:33:48.954Z</time>
      </trkpt>
      <trkpt lat="38.838391" lon="-0.058812">
        <ele>161.403911</ele>
        <time>2026-02-09T14:33:54.377Z</time>
      </trkpt>
      <trkpt lat="38.840403" lon="-0.061990">
        <ele>165.825654</ele>
        <time>2026-02-09T14:35:15.287Z</time>
      </trkpt>
      <trkpt lat="38.840616" lon="-0.062259">
        <ele>164.635088</ele>
        <time>2026-02-09T14:35:18.711Z</time>
      </trkpt>
      <trkpt lat="38.841176" lon="-0.062892">
        <ele>161.661993</ele>
        <time>2026-02-09T14:35:25.670Z</time>
      </trkpt>
      <trkpt lat="38.841636" lon="-0.063153">
        <ele>157.892073</ele>
        <time>2026-02-09T14:35:29.961Z</time>
      </trkpt>
      <trkpt lat="38.841753" lon="-0.063269">
        <ele>156.049172</ele>
        <time>2026-02-09T14:35:31.206Z</time>
      </trkpt>
      <trkpt lat="38.841816" lon="-0.063413">
        <ele>154.445428</ele>
        <time>2026-02-09T14:35:32.277Z</time>
      </trkpt>
      <trkpt lat="38.841914" lon="-0.063827">
        <ele>150.243879</ele>
        <time>2026-02-09T14:35:35.076Z</time>
      </trkpt>
      <trkpt lat="38.842011" lon="-0.064034">
        <ele>147.898153</ele>
        <time>2026-02-09T14:35:36.641Z</time>
      </trkpt>
      <trkpt lat="38.842116" lon="-0.064187">
        <ele>145.918088</ele>
        <time>2026-02-09T14:35:37.961Z</time>
      </trkpt>
      <trkpt lat="38.842485" lon="-0.064415">
        <ele>140.812838</ele>
        <time>2026-02-09T14:35:41.382Z</time>
      </trkpt>
      <trkpt lat="38.842663" lon="-0.064583">
        <ele>138.060927</ele>
        <time>2026-02-09T14:35:43.257Z</time>
      </trkpt>
      <trkpt lat="38.842754" lon="-0.064618">
        <ele>137.352704</ele>
        <time>2026-02-09T14:35:44.075Z</time>
      </trkpt>
      <trkpt lat="38.843264" lon="-0.064560">
        <ele>133.535594</ele>
        <time>2026-02-09T14:35:48.541Z</time>
      </trkpt>
      <trkpt lat="38.843598" lon="-0.064617">
        <ele>131.023610</ele>
        <time>2026-02-09T14:35:51.549Z</time>
      </trkpt>
      <trkpt lat="38.843790" lon="-0.064532">
        <ele>129.509482</ele>
        <time>2026-02-09T14:35:53.390Z</time>
      </trkpt>
      <trkpt lat="38.844106" lon="-0.064518">
        <ele>127.152192</ele>
        <time>2026-02-09T14:35:56.283Z</time>
      </trkpt>
      <trkpt lat="38.844612" lon="-0.064601">
        <ele>124.165366</ele>
        <time>2026-02-09T14:36:01.093Z</time>
      </trkpt>
      <trkpt lat="38.844850" lon="-0.064735">
        <ele>123.439107</ele>
        <time>2026-02-09T14:36:03.674Z</time>
      </trkpt>
      <trkpt lat="38.845011" lon="-0.064736">
        <ele>122.989168</ele>
        <time>2026-02-09T14:36:05.312Z</time>
      </trkpt>
      <trkpt lat="38.845099" lon="-0.064647">
        <ele>122.676110</ele>
        <time>2026-02-09T14:36:06.473Z</time>
      </trkpt>
      <trkpt lat="38.845166" lon="-0.064512">
        <ele>122.327686</ele>
        <time>2026-02-09T14:36:07.791Z</time>
      </trkpt>
      <trkpt lat="38.845410" lon="-0.064314">
        <ele>121.521027</ele>
        <time>2026-02-09T14:36:11.057Z</time>
      </trkpt>
      <trkpt lat="38.845613" lon="-0.063953">
        <ele>120.551891</ele>
        <time>2026-02-09T14:36:15.298Z</time>
      </trkpt>
      <trkpt lat="38.845659" lon="-0.063735">
        <ele>120.060295</ele>
        <time>2026-02-09T14:36:17.469Z</time>
      </trkpt>
      <trkpt lat="38.845627" lon="-0.063376">
        <ele>118.799536</ele>
        <time>2026-02-09T14:36:20.792Z</time>
      </trkpt>
      <trkpt lat="38.845638" lon="-0.063279">
        <ele>118.300709</ele>
        <time>2026-02-09T14:36:21.608Z</time>
      </trkpt>
      <trkpt lat="38.845681" lon="-0.063231">
        <ele>117.928413</ele>
        <time>2026-02-09T14:36:22.207Z</time>
      </trkpt>
      <trkpt lat="38.845720" lon="-0.063226">
        <ele>117.672323</ele>
        <time>2026-02-09T14:36:22.604Z</time>
      </trkpt>
      <trkpt lat="38.845777" lon="-0.063263">
        <ele>117.254998</ele>
        <time>2026-02-09T14:36:23.237Z</time>
      </trkpt>
      <trkpt lat="38.845802" lon="-0.063323">
        <ele>116.908717</ele>
        <time>2026-02-09T14:36:23.748Z</time>
      </trkpt>
      <trkpt lat="38.845807" lon="-0.063446">
        <ele>116.281934</ele>
        <time>2026-02-09T14:36:24.652Z</time>
      </trkpt>
      <trkpt lat="38.845754" lon="-0.063901">
        <ele>113.940743</ele>
        <time>2026-02-09T14:36:27.867Z</time>
      </trkpt>
      <trkpt lat="38.845640" lon="-0.064286">
        <ele>111.844707</ele>
        <time>2026-02-09T14:36:30.666Z</time>
      </trkpt>
      <trkpt lat="38.845541" lon="-0.064488">
        <ele>110.630163</ele>
        <time>2026-02-09T14:36:32.270Z</time>
      </trkpt>
      <trkpt lat="38.845326" lon="-0.064812">
        <ele>108.464059</ele>
        <time>2026-02-09T14:36:35.132Z</time>
      </trkpt>
      <trkpt lat="38.844954" lon="-0.065207">
        <ele>106.079422</ele>
        <time>2026-02-09T14:36:39.391Z</time>
      </trkpt>
      <trkpt lat="38.844808" lon="-0.065216">
        <ele>105.410757</ele>
        <time>2026-02-09T14:36:40.701Z</time>
      </trkpt>
      <trkpt lat="38.844571" lon="-0.065179">
        <ele>104.318585</ele>
        <time>2026-02-09T14:36:42.886Z</time>
      </trkpt>
      <trkpt lat="38.844341" lon="-0.065204">
        <ele>103.262657</ele>
        <time>2026-02-09T14:36:45.125Z</time>
      </trkpt>
      <trkpt lat="38.844139" lon="-0.065307">
        <ele>102.268378</ele>
        <time>2026-02-09T14:36:47.428Z</time>
      </trkpt>
      <trkpt lat="38.843607" lon="-0.065694">
        <ele>99.564067</ele>
        <time>2026-02-09T14:36:54.631Z</time>
      </trkpt>
      <trkpt lat="38.843190" lon="-0.065749">
        <ele>98.654137</ele>
        <time>2026-02-09T14:36:59.631Z</time>
      </trkpt>
      <trkpt lat="38.842954" lon="-0.065718">
        <ele>98.139187</ele>
        <time>2026-02-09T14:37:02.299Z</time>
      </trkpt>
      <trkpt lat="38.842879" lon="-0.065760">
        <ele>97.961575</ele>
        <time>2026-02-09T14:37:03.230Z</time>
      </trkpt>
      <trkpt lat="38.842832" lon="-0.065849">
        <ele>97.779781</ele>
        <time>2026-02-09T14:37:04.170Z</time>
      </trkpt>
      <trkpt lat="38.842836" lon="-0.065982">
        <ele>97.554755</ele>
        <time>2026-02-09T14:37:05.368Z</time>
      </trkpt>
      <trkpt lat="38.842931" lon="-0.066303">
        <ele>96.974196</ele>
        <time>2026-02-09T14:37:08.491Z</time>
      </trkpt>
      <trkpt lat="38.842941" lon="-0.066423">
        <ele>96.770159</ele>
        <time>2026-02-09T14:37:09.556Z</time>
      </trkpt>
      <trkpt lat="38.842900" lon="-0.066558">
        <ele>96.525182</ele>
        <time>2026-02-09T14:37:10.813Z</time>
      </trkpt>
      <trkpt lat="38.842672" lon="-0.066869">
        <ele>95.803102</ele>
        <time>2026-02-09T14:37:14.285Z</time>
      </trkpt>
      <trkpt lat="38.842581" lon="-0.067057">
        <ele>94.509289</ele>
        <time>2026-02-09T14:37:15.953Z</time>
      </trkpt>
      <trkpt lat="38.842523" lon="-0.067275">
        <ele>92.982066</ele>
        <time>2026-02-09T14:37:17.639Z</time>
      </trkpt>
      <trkpt lat="38.842516" lon="-0.067667">
        <ele>90.382618</ele>
        <time>2026-02-09T14:37:20.399Z</time>
      </trkpt>
      <trkpt lat="38.842456" lon="-0.068037">
        <ele>87.877100</ele>
        <time>2026-02-09T14:37:22.988Z</time>
      </trkpt>
      <trkpt lat="38.842461" lon="-0.068203">
        <ele>86.775779</ele>
        <time>2026-02-09T14:37:24.113Z</time>
      </trkpt>
      <trkpt lat="38.842718" lon="-0.069140">
        <ele>80.149089</ele>
        <time>2026-02-09T14:37:30.675Z</time>
      </trkpt>
      <trkpt lat="38.842782" lon="-0.069504">
        <ele>77.260472</ele>
        <time>2026-02-09T14:37:33.116Z</time>
      </trkpt>
      <trkpt lat="38.842783" lon="-0.069649">
        <ele>76.137987</ele>
        <time>2026-02-09T14:37:34.066Z</time>
      </trkpt>
      <trkpt lat="38.842658" lon="-0.069929">
        <ele>73.639717</ele>
        <time>2026-02-09T14:37:36.187Z</time>
      </trkpt>
      <trkpt lat="38.842374" lon="-0.070303">
        <ele>69.596346</ele>
        <time>2026-02-09T14:37:39.673Z</time>
      </trkpt>
      <trkpt lat="38.841490" lon="-0.071231">
        <ele>59.256161</ele>
        <time>2026-02-09T14:37:49.831Z</time>
      </trkpt>
      <trkpt lat="38.841432" lon="-0.071342">
        <ele>58.463576</ele>
        <time>2026-02-09T14:37:50.775Z</time>
      </trkpt>
      <trkpt lat="38.841411" lon="-0.071511">
        <ele>57.448786</ele>
        <time>2026-02-09T14:37:51.984Z</time>
      </trkpt>
      <trkpt lat="38.841456" lon="-0.071623">
        <ele>56.701506</ele>
        <time>2026-02-09T14:37:52.878Z</time>
      </trkpt>
      <trkpt lat="38.841526" lon="-0.071697">
        <ele>56.011188</ele>
        <time>2026-02-09T14:37:53.688Z</time>
      </trkpt>
      <trkpt lat="38.841621" lon="-0.071725">
        <ele>55.269136</ele>
        <time>2026-02-09T14:37:54.567Z</time>
      </trkpt>
      <trkpt lat="38.841898" lon="-0.071628">
        <ele>53.083290</ele>
        <time>2026-02-09T14:37:57.132Z</time>
      </trkpt>
      <trkpt lat="38.842559" lon="-0.071557">
        <ele>47.914284</ele>
        <time>2026-02-09T14:38:02.976Z</time>
      </trkpt>
      <trkpt lat="38.843263" lon="-0.071422">
        <ele>41.718260</ele>
        <time>2026-02-09T14:38:09.155Z</time>
      </trkpt>
      <trkpt lat="38.843567" lon="-0.071371">
        <ele>39.049563</ele>
        <time>2026-02-09T14:38:11.815Z</time>
      </trkpt>
      <trkpt lat="38.844565" lon="-0.071366">
        <ele>31.241097</ele>
        <time>2026-02-09T14:38:20.559Z</time>
      </trkpt>
      <trkpt lat="38.845120" lon="-0.071644">
        <ele>27.656642</ele>
        <time>2026-02-09T14:38:25.984Z</time>
      </trkpt>
      <trkpt lat="38.845472" lon="-0.071592">
        <ele>25.524751</ele>
        <time>2026-02-09T14:38:29.318Z</time>
      </trkpt>
      <trkpt lat="38.845599" lon="-0.071519">
        <ele>24.687538</ele>
        <time>2026-02-09T14:38:30.635Z</time>
      </trkpt>
      <trkpt lat="38.845672" lon="-0.071442">
        <ele>24.119101</ele>
        <time>2026-02-09T14:38:31.539Z</time>
      </trkpt>
      <trkpt lat="38.846007" lon="-0.070944">
        <ele>21.404131</ele>
        <time>2026-02-09T14:38:36.461Z</time>
      </trkpt>
      <trkpt lat="38.846192" lon="-0.070766">
        <ele>20.392802</ele>
        <time>2026-02-09T14:38:38.706Z</time>
      </trkpt>
      <trkpt lat="38.846426" lon="-0.070697">
        <ele>19.342486</ele>
        <time>2026-02-09T14:38:41.036Z</time>
      </trkpt>
      <trkpt lat="38.846739" lon="-0.070675">
        <ele>17.971170</ele>
        <time>2026-02-09T14:38:44.069Z</time>
      </trkpt>
      <trkpt lat="38.847161" lon="-0.070646">
        <ele>16.122426</ele>
        <time>2026-02-09T14:38:48.121Z</time>
      </trkpt>
      <trkpt lat="38.847283" lon="-0.070599">
        <ele>15.565214</ele>
        <time>2026-02-09T14:38:49.343Z</time>
      </trkpt>
      <trkpt lat="38.847384" lon="-0.070523">
        <ele>15.053090</ele>
        <time>2026-02-09T14:38:50.462Z</time>
      </trkpt>
      <trkpt lat="38.847581" lon="-0.070292">
        <ele>13.991230</ele>
        <time>2026-02-09T14:38:53.017Z</time>
      </trkpt>
      <trkpt lat="38.847771" lon="-0.070119">
        <ele>13.141990</ele>
        <time>2026-02-09T14:38:55.265Z</time>
      </trkpt>
      <trkpt lat="38.847907" lon="-0.070027">
        <ele>12.581528</ele>
        <time>2026-02-09T14:38:56.766Z</time>
      </trkpt>
      <trkpt lat="38.848080" lon="-0.069971">
        <ele>11.931036</ele>
        <time>2026-02-09T14:38:58.521Z</time>
      </trkpt>
      <trkpt lat="38.848672" lon="-0.069994">
        <ele>9.771620</ele>
        <time>2026-02-09T14:39:04.372Z</time>
      </trkpt>
      <trkpt lat="38.849089" lon="-0.070087">
        <ele>8.228478</ele>
        <time>2026-02-09T14:39:08.674Z</time>
      </trkpt>
      <trkpt lat="38.849227" lon="-0.070085">
        <ele>7.856752</ele>
        <time>2026-02-09T14:39:10.103Z</time>
      </trkpt>
      <trkpt lat="38.849287" lon="-0.070086">
        <ele>7.760516</ele>
        <time>2026-02-09T14:39:10.725Z</time>
      </trkpt>
      <trkpt lat="38.849380" lon="-0.070035">
        <ele>7.598331</ele>
        <time>2026-02-09T14:39:11.786Z</time>
      </trkpt>
      <trkpt lat="38.849400" lon="-0.070021">
        <ele>7.561798</ele>
        <time>2026-02-09T14:39:12.026Z</time>
      </trkpt>
      <trkpt lat="38.849518" lon="-0.070005">
        <ele>7.371498</ele>
        <time>2026-02-09T14:39:13.292Z</time>
      </trkpt>
      <trkpt lat="38.849599" lon="-0.070081">
        <ele>7.210605</ele>
        <time>2026-02-09T14:39:14.379Z</time>
      </trkpt>
      <trkpt lat="38.849615" lon="-0.070120">
        <ele>7.155547</ele>
        <time>2026-02-09T14:39:14.754Z</time>
      </trkpt>
      <trkpt lat="38.850091" lon="-0.070621">
        <ele>6.168451</ele>
        <time>2026-02-09T14:39:21.799Z</time>
      </trkpt>
      <trkpt lat="38.850684" lon="-0.071432">
        <ele>4.977311</ele>
        <time>2026-02-09T14:39:32.698Z</time>
      </trkpt>
      <trkpt lat="38.850991" lon="-0.071851">
        <ele>4.739617</ele>
        <time>2026-02-09T14:39:38.576Z</time>
      </trkpt>
      <trkpt lat="38.851276" lon="-0.072182">
        <ele>4.535740</ele>
        <time>2026-02-09T14:39:43.487Z</time>
      </trkpt>
      <trkpt lat="38.851945" lon="-0.072930">
        <ele>4.163277</ele>
        <time>2026-02-09T14:39:55.434Z</time>
      </trkpt>
      <trkpt lat="38.852159" lon="-0.073241">
        <ele>4.292508</ele>
        <time>2026-02-09T14:40:00.293Z</time>
      </trkpt>
      <trkpt lat="38.852498" lon="-0.073718">
        <ele>4.493597</ele>
        <time>2026-02-09T14:40:08.597Z</time>
      </trkpt>
      <trkpt lat="38.853063" lon="-0.074528">
        <ele>4.832209</ele>
        <time>2026-02-09T14:40:23.990Z</time>
      </trkpt>
      <trkpt lat="38.853238" lon="-0.074774">
        <ele>4.901236</ele>
        <time>2026-02-09T14:40:28.526Z</time>
      </trkpt>
      <trkpt lat="38.853783" lon="-0.075541">
        <ele>5.107206</ele>
        <time>2026-02-09T14:40:41.539Z</time>
      </trkpt>
      <trkpt lat="38.855070" lon="-0.077238">
        <ele>5.217392</ele>
        <time>2026-02-09T14:41:08.593Z</time>
      </trkpt>
      <trkpt lat="38.855656" lon="-0.077914">
        <ele>5.137924</ele>
        <time>2026-02-09T14:41:19.992Z</time>
      </trkpt>
      <trkpt lat="38.857757" lon="-0.080696">
        <ele>4.347671</ele>
        <time>2026-02-09T14:42:01.197Z</time>
      </trkpt>
      <trkpt lat="38.859013" lon="-0.082477">
        <ele>4.507270</ele>
        <time>2026-02-09T14:42:30.636Z</time>
      </trkpt>
      <trkpt lat="38.859316" lon="-0.082998">
        <ele>4.583295</ele>
        <time>2026-02-09T14:42:38.328Z</time>
      </trkpt>
      <trkpt lat="38.859358" lon="-0.083097">
        <ele>4.583401</ele>
        <time>2026-02-09T14:42:39.639Z</time>
      </trkpt>
      <trkpt lat="38.859480" lon="-0.083682">
        <ele>4.583972</ele>
        <time>2026-02-09T14:42:46.671Z</time>
      </trkpt>
      <trkpt lat="38.859536" lon="-0.083866">
        <ele>4.584158</ele>
        <time>2026-02-09T14:42:48.952Z</time>
      </trkpt>
      <trkpt lat="38.859625" lon="-0.084032">
        <ele>4.584348</ele>
        <time>2026-02-09T14:42:51.284Z</time>
      </trkpt>
      <trkpt lat="38.859766" lon="-0.084261">
        <ele>4.584623</ele>
        <time>2026-02-09T14:42:54.672Z</time>
      </trkpt>
      <trkpt lat="38.860439" lon="-0.085034">
        <ele>4.593497</ele>
        <time>2026-02-09T14:43:07.849Z</time>
      </trkpt>
      <trkpt lat="38.860969" lon="-0.085661">
        <ele>4.614108</ele>
        <time>2026-02-09T14:43:18.234Z</time>
      </trkpt>
      <trkpt lat="38.861087" lon="-0.085924">
        <ele>4.620869</ele>
        <time>2026-02-09T14:43:21.780Z</time>
      </trkpt>
      <trkpt lat="38.861450" lon="-0.086503">
        <ele>4.643328</ele>
        <time>2026-02-09T14:43:30.689Z</time>
      </trkpt>
      <trkpt lat="38.861979" lon="-0.086916">
        <ele>4.833541</ele>
        <time>2026-02-09T14:43:40.614Z</time>
      </trkpt>
      <trkpt lat="38.862467" lon="-0.087517">
        <ele>5.041281</ele>
        <time>2026-02-09T14:43:51.795Z</time>
      </trkpt>
      <trkpt lat="38.863076" lon="-0.088452">
        <ele>5.263579</ele>
        <time>2026-02-09T14:44:06.877Z</time>
      </trkpt>
      <trkpt lat="38.863402" lon="-0.088965">
        <ele>5.345432</ele>
        <time>2026-02-09T14:44:14.949Z</time>
      </trkpt>
      <trkpt lat="38.863731" lon="-0.089483">
        <ele>5.428064</ele>
        <time>2026-02-09T14:44:23.041Z</time>
      </trkpt>
      <trkpt lat="38.864298" lon="-0.090233">
        <ele>5.429758</ele>
        <time>2026-02-09T14:44:35.176Z</time>
      </trkpt>
      <trkpt lat="38.865384" lon="-0.091495">
        <ele>5.316662</ele>
        <time>2026-02-09T14:44:56.075Z</time>
      </trkpt>
      <trkpt lat="38.865705" lon="-0.091929">
        <ele>5.313259</ele>
        <time>2026-02-09T14:45:02.676Z</time>
      </trkpt>
      <trkpt lat="38.865817" lon="-0.092043">
        <ele>5.312216</ele>
        <time>2026-02-09T14:45:04.704Z</time>
      </trkpt>
      <trkpt lat="38.866903" lon="-0.092698">
        <ele>5.399470</ele>
        <time>2026-02-09T14:45:22.666Z</time>
      </trkpt>
      <trkpt lat="38.867345" lon="-0.092957">
        <ele>5.635911</ele>
        <time>2026-02-09T14:45:30.633Z</time>
      </trkpt>
      <trkpt lat="38.867679" lon="-0.093204">
        <ele>5.823480</ele>
        <time>2026-02-09T14:45:37.140Z</time>
      </trkpt>
      <trkpt lat="38.867739" lon="-0.093279">
        <ele>5.864227</ele>
        <time>2026-02-09T14:45:38.590Z</time>
      </trkpt>
      <trkpt lat="38.867761" lon="-0.093379">
        <ele>5.903603</ele>
        <time>2026-02-09T14:45:39.983Z</time>
      </trkpt>
      <trkpt lat="38.867762" lon="-0.093499">
        <ele>5.949077</ele>
        <time>2026-02-09T14:45:41.638Z</time>
      </trkpt>
      <trkpt lat="38.867722" lon="-0.093636">
        <ele>6.004519</ele>
        <time>2026-02-09T14:45:43.650Z</time>
      </trkpt>
      <trkpt lat="38.867392" lon="-0.093970">
        <ele>6.232697</ele>
        <time>2026-02-09T14:45:51.103Z</time>
      </trkpt>
      <trkpt lat="38.867311" lon="-0.094086">
        <ele>6.340387</ele>
        <time>2026-02-09T14:45:53.268Z</time>
      </trkpt>
      <trkpt lat="38.866418" lon="-0.095435">
        <ele>7.564145</ele>
        <time>2026-02-09T14:46:18.433Z</time>
      </trkpt>
      <trkpt lat="38.865725" lon="-0.096585">
        <ele>8.781664</ele>
        <time>2026-02-09T14:46:40.219Z</time>
      </trkpt>
      <trkpt lat="38.865041" lon="-0.097623">
        <ele>9.987580</ele>
        <time>2026-02-09T14:47:01.040Z</time>
      </trkpt>
      <trkpt lat="38.864473" lon="-0.099241">
        <ele>11.670329</ele>
        <time>2026-02-09T14:47:27.970Z</time>
      </trkpt>
      <trkpt lat="38.864103" lon="-0.100343">
        <ele>12.816302</ele>
        <time>2026-02-09T14:47:46.850Z</time>
      </trkpt>
      <trkpt lat="38.863596" lon="-0.101813">
        <ele>14.261630</ele>
        <time>2026-02-09T14:48:11.858Z</time>
      </trkpt>
      <trkpt lat="38.863584" lon="-0.101987">
        <ele>14.325365</ele>
        <time>2026-02-09T14:48:14.274Z</time>
      </trkpt>
      <trkpt lat="38.863627" lon="-0.102088">
        <ele>14.367365</ele>
        <time>2026-02-09T14:48:15.827Z</time>
      </trkpt>
      <trkpt lat="38.863780" lon="-0.101968">
        <ele>14.451371</ele>
        <time>2026-02-09T14:48:18.827Z</time>
      </trkpt>
      <trkpt lat="38.864701" lon="-0.101250">
        <ele>14.956229</ele>
        <time>2026-02-09T14:48:36.038Z</time>
      </trkpt>
      <trkpt lat="38.865001" lon="-0.101143">
        <ele>15.096191</ele>
        <time>2026-02-09T14:48:40.741Z</time>
      </trkpt>
      <trkpt lat="38.865316" lon="-0.101113">
        <ele>15.228424</ele>
        <time>2026-02-09T14:48:45.580Z</time>
      </trkpt>
      <trkpt lat="38.866583" lon="-0.101010">
        <ele>15.759899</ele>
        <time>2026-02-09T14:49:07.381Z</time>
      </trkpt>
      <trkpt lat="38.866794" lon="-0.100997">
        <ele>15.740646</ele>
        <time>2026-02-09T14:49:10.997Z</time>
      </trkpt>
      <trkpt lat="38.867674" lon="-0.100952">
        <ele>15.297519</ele>
        <time>2026-02-09T14:49:24.174Z</time>
      </trkpt>
      <trkpt lat="38.867997" lon="-0.100883">
        <ele>15.132767</ele>
        <time>2026-02-09T14:49:28.479Z</time>
      </trkpt>
      <trkpt lat="38.868252" lon="-0.100753">
        <ele>14.994725</ele>
        <time>2026-02-09T14:49:31.737Z</time>
      </trkpt>
      <trkpt lat="38.868631" lon="-0.100466">
        <ele>14.383583</ele>
        <time>2026-02-09T14:49:36.542Z</time>
      </trkpt>
      <trkpt lat="38.869383" lon="-0.099887">
        <ele>12.522304</ele>
        <time>2026-02-09T14:49:45.878Z</time>
      </trkpt>
      <trkpt lat="38.872055" lon="-0.097865">
        <ele>6.439976</ele>
        <time>2026-02-09T14:50:19.713Z</time>
      </trkpt>
      <trkpt lat="38.873533" lon="-0.096833">
        <ele>4.598093</ele>
        <time>2026-02-09T14:50:40.095Z</time>
      </trkpt>
      <trkpt lat="38.874074" lon="-0.096547">
        <ele>4.405419</ele>
        <time>2026-02-09T14:50:47.657Z</time>
      </trkpt>
      <trkpt lat="38.874436" lon="-0.096441">
        <ele>4.283139</ele>
        <time>2026-02-09T14:50:52.887Z</time>
      </trkpt>
      <trkpt lat="38.875138" lon="-0.096310">
        <ele>4.863803</ele>
        <time>2026-02-09T14:51:04.941Z</time>
      </trkpt>
      <trkpt lat="38.875555" lon="-0.096298">
        <ele>5.639319</ele>
        <time>2026-02-09T14:51:14.347Z</time>
      </trkpt>
      <trkpt lat="38.876013" lon="-0.096353">
        <ele>6.494584</ele>
        <time>2026-02-09T14:51:25.846Z</time>
      </trkpt>
      <trkpt lat="38.876563" lon="-0.096490">
        <ele>7.540546</ele>
        <time>2026-02-09T14:51:40.590Z</time>
      </trkpt>
      <trkpt lat="38.878549" lon="-0.097400">
        <ele>12.665361</ele>
        <time>2026-02-09T14:52:29.411Z</time>
      </trkpt>
      <trkpt lat="38.879947" lon="-0.098057">
        <ele>17.693715</ele>
        <time>2026-02-09T14:53:13.536Z</time>
      </trkpt>
      <trkpt lat="38.880708" lon="-0.098424">
        <ele>19.851482</ele>
        <time>2026-02-09T14:53:39.161Z</time>
      </trkpt>
      <trkpt lat="38.881357" lon="-0.098744">
        <ele>21.696822</ele>
        <time>2026-02-09T14:53:56.786Z</time>
      </trkpt>
      <trkpt lat="38.881660" lon="-0.098852">
        <ele>22.420156</ele>
        <time>2026-02-09T14:54:01.863Z</time>
      </trkpt>
      <trkpt lat="38.882065" lon="-0.099016">
        <ele>22.176154</ele>
        <time>2026-02-09T14:54:07.025Z</time>
      </trkpt>
      <trkpt lat="38.885568" lon="-0.100443">
        <ele>19.983057</ele>
        <time>2026-02-09T14:54:53.189Z</time>
      </trkpt>
      <trkpt lat="38.885809" lon="-0.100527">
        <ele>19.989232</ele>
        <time>2026-02-09T14:54:56.816Z</time>
      </trkpt>
      <trkpt lat="38.887517" lon="-0.101132">
        <ele>20.333123</ele>
        <time>2026-02-09T14:55:26.694Z</time>
      </trkpt>
      <trkpt lat="38.888425" lon="-0.101454">
        <ele>20.728555</ele>
        <time>2026-02-09T14:55:42.487Z</time>
      </trkpt>
      <trkpt lat="38.890662" lon="-0.102245">
        <ele>20.559668</ele>
        <time>2026-02-09T14:56:16.026Z</time>
      </trkpt>
      <trkpt lat="38.891137" lon="-0.102414">
        <ele>20.454486</ele>
        <time>2026-02-09T14:56:23.025Z</time>
      </trkpt>
      <trkpt lat="38.895860" lon="-0.104117">
        <ele>19.113385</ele>
        <time>2026-02-09T14:57:30.951Z</time>
      </trkpt>
      <trkpt lat="38.897312" lon="-0.104649">
        <ele>18.435567</ele>
        <time>2026-02-09T14:57:51.071Z</time>
      </trkpt>
      <trkpt lat="38.897791" lon="-0.104826">
        <ele>18.162715</ele>
        <time>2026-02-09T14:57:57.402Z</time>
      </trkpt>
      <trkpt lat="38.898467" lon="-0.105077">
        <ele>17.777505</ele>
        <time>2026-02-09T14:58:06.477Z</time>
      </trkpt>
      <trkpt lat="38.898655" lon="-0.105145">
        <ele>17.670586</ele>
        <time>2026-02-09T14:58:09.059Z</time>
      </trkpt>
      <trkpt lat="38.900384" lon="-0.105777">
        <ele>17.276099</ele>
        <time>2026-02-09T14:58:34.871Z</time>
      </trkpt>
      <trkpt lat="38.901069" lon="-0.106021">
        <ele>16.983206</ele>
        <time>2026-02-09T14:58:44.911Z</time>
      </trkpt>
      <trkpt lat="38.901851" lon="-0.106358">
        <ele>16.521893</ele>
        <time>2026-02-09T14:58:55.824Z</time>
      </trkpt>
      <trkpt lat="38.902484" lon="-0.106706">
        <ele>16.100863</ele>
        <time>2026-02-09T14:59:04.499Z</time>
      </trkpt>
      <trkpt lat="38.903038" lon="-0.107046">
        <ele>15.620591</ele>
        <time>2026-02-09T14:59:11.699Z</time>
      </trkpt>
      <trkpt lat="38.903246" lon="-0.107180">
        <ele>15.438574</ele>
        <time>2026-02-09T14:59:14.603Z</time>
      </trkpt>
      <trkpt lat="38.903749" lon="-0.107513">
        <ele>14.995939</ele>
        <time>2026-02-09T14:59:22.059Z</time>
      </trkpt>
      <trkpt lat="38.903763" lon="-0.107523">
        <ele>14.983409</ele>
        <time>2026-02-09T14:59:22.291Z</time>
      </trkpt>
      <trkpt lat="38.904400" lon="-0.107936">
        <ele>14.723012</ele>
        <time>2026-02-09T14:59:31.806Z</time>
      </trkpt>
      <trkpt lat="38.904448" lon="-0.107815">
        <ele>14.702703</ele>
        <time>2026-02-09T14:59:33.394Z</time>
      </trkpt>
      <trkpt lat="38.904525" lon="-0.107720">
        <ele>14.682192</ele>
        <time>2026-02-09T14:59:35.041Z</time>
      </trkpt>
      <trkpt lat="38.904621" lon="-0.107661">
        <ele>14.661744</ele>
        <time>2026-02-09T14:59:36.717Z</time>
      </trkpt>
      <trkpt lat="38.904707" lon="-0.107645">
        <ele>14.645047</ele>
        <time>2026-02-09T14:59:38.137Z</time>
      </trkpt>
      <trkpt lat="38.904873" lon="-0.107700">
        <ele>14.612106</ele>
        <time>2026-02-09T14:59:40.884Z</time>
      </trkpt>
      <trkpt lat="38.904996" lon="-0.107856">
        <ele>14.578899</ele>
        <time>2026-02-09T14:59:43.466Z</time>
      </trkpt>
      <trkpt lat="38.905029" lon="-0.107959">
        <ele>14.562243</ele>
        <time>2026-02-09T14:59:44.733Z</time>
      </trkpt>
      <trkpt lat="38.905039" lon="-0.108079">
        <ele>14.544197</ele>
        <time>2026-02-09T14:59:46.072Z</time>
      </trkpt>
      <trkpt lat="38.905023" lon="-0.108199">
        <ele>14.525991</ele>
        <time>2026-02-09T14:59:47.356Z</time>
      </trkpt>
      <trkpt lat="38.904980" lon="-0.108308">
        <ele>14.507718</ele>
        <time>2026-02-09T14:59:48.646Z</time>
      </trkpt>
      <trkpt lat="38.905580" lon="-0.108698">
        <ele>14.233794</ele>
        <time>2026-02-09T14:59:57.541Z</time>
      </trkpt>
      <trkpt lat="38.905687" lon="-0.108773">
        <ele>14.175006</ele>
        <time>2026-02-09T14:59:59.203Z</time>
      </trkpt>
      <trkpt lat="38.907281" lon="-0.109799">
        <ele>13.326509</ele>
        <time>2026-02-09T15:00:22.697Z</time>
      </trkpt>
      <trkpt lat="38.909709" lon="-0.111373">
        <ele>12.180075</ele>
        <time>2026-02-09T15:00:59.245Z</time>
      </trkpt>
      <trkpt lat="38.910609" lon="-0.111964">
        <ele>12.268943</ele>
        <time>2026-02-09T15:01:13.488Z</time>
      </trkpt>
      <trkpt lat="38.910758" lon="-0.112064">
        <ele>12.313392</ele>
        <time>2026-02-09T15:01:16.031Z</time>
      </trkpt>
      <trkpt lat="38.911639" lon="-0.112635">
        <ele>12.621687</ele>
        <time>2026-02-09T15:01:33.371Z</time>
      </trkpt>
      <trkpt lat="38.911882" lon="-0.112793">
        <ele>12.831366</ele>
        <time>2026-02-09T15:01:38.456Z</time>
      </trkpt>
      <trkpt lat="38.912288" lon="-0.113056">
        <ele>13.181427</ele>
        <time>2026-02-09T15:01:46.736Z</time>
      </trkpt>
      <trkpt lat="38.913083" lon="-0.113564">
        <ele>13.865017</ele>
        <time>2026-02-09T15:02:02.881Z</time>
      </trkpt>
      <trkpt lat="38.914068" lon="-0.114210">
        <ele>14.068652</ele>
        <time>2026-02-09T15:02:20.907Z</time>
      </trkpt>
      <trkpt lat="38.914831" lon="-0.114705">
        <ele>14.140104</ele>
        <time>2026-02-09T15:02:33.084Z</time>
      </trkpt>
      <trkpt lat="38.914902" lon="-0.114751">
        <ele>14.104629</ele>
        <time>2026-02-09T15:02:34.126Z</time>
      </trkpt>
      <trkpt lat="38.914945" lon="-0.114779">
        <ele>14.083123</ele>
        <time>2026-02-09T15:02:34.757Z</time>
      </trkpt>
      <trkpt lat="38.915074" lon="-0.114863">
        <ele>14.018603</ele>
        <time>2026-02-09T15:02:36.616Z</time>
      </trkpt>
      <trkpt lat="38.915248" lon="-0.114975">
        <ele>13.931780</ele>
        <time>2026-02-09T15:02:39.104Z</time>
      </trkpt>
      <trkpt lat="38.915605" lon="-0.115207">
        <ele>13.753299</ele>
        <time>2026-02-09T15:02:44.036Z</time>
      </trkpt>
      <trkpt lat="38.915659" lon="-0.115242">
        <ele>13.726317</ele>
        <time>2026-02-09T15:02:44.818Z</time>
      </trkpt>
      <trkpt lat="38.915847" lon="-0.115284">
        <ele>13.641182</ele>
        <time>2026-02-09T15:02:47.240Z</time>
      </trkpt>
      <trkpt lat="38.915884" lon="-0.115323">
        <ele>13.619833</ele>
        <time>2026-02-09T15:02:47.858Z</time>
      </trkpt>
      <trkpt lat="38.916155" lon="-0.115643">
        <ele>13.455642</ele>
        <time>2026-02-09T15:02:53.068Z</time>
      </trkpt>
      <trkpt lat="38.916328" lon="-0.115856">
        <ele>13.386506</ele>
        <time>2026-02-09T15:02:56.771Z</time>
      </trkpt>
      <trkpt lat="38.916640" lon="-0.116214">
        <ele>13.536709</ele>
        <time>2026-02-09T15:03:02.951Z</time>
      </trkpt>
      <trkpt lat="38.917093" lon="-0.116748">
        <ele>13.757455</ele>
        <time>2026-02-09T15:03:13.369Z</time>
      </trkpt>
      <trkpt lat="38.917113" lon="-0.116774">
        <ele>13.767671</ele>
        <time>2026-02-09T15:03:13.830Z</time>
      </trkpt>
      <trkpt lat="38.917388" lon="-0.117119">
        <ele>13.905678</ele>
        <time>2026-02-09T15:03:20.406Z</time>
      </trkpt>
      <trkpt lat="38.917727" lon="-0.117447">
        <ele>14.088053</ele>
        <time>2026-02-09T15:03:27.551Z</time>
      </trkpt>
      <trkpt lat="38.918097" lon="-0.117725">
        <ele>14.350695</ele>
        <time>2026-02-09T15:03:34.509Z</time>
      </trkpt>
      <trkpt lat="38.918458" lon="-0.117981">
        <ele>14.603358</ele>
        <time>2026-02-09T15:03:41.910Z</time>
      </trkpt>
      <trkpt lat="38.918647" lon="-0.118052">
        <ele>14.724025</ele>
        <time>2026-02-09T15:03:45.614Z</time>
      </trkpt>
      <trkpt lat="38.918812" lon="-0.118074">
        <ele>14.825682</ele>
        <time>2026-02-09T15:03:48.447Z</time>
      </trkpt>
      <trkpt lat="38.918869" lon="-0.118039">
        <ele>14.864393</ele>
        <time>2026-02-09T15:03:49.563Z</time>
      </trkpt>
      <trkpt lat="38.919064" lon="-0.117816">
        <ele>15.024345</ele>
        <time>2026-02-09T15:03:53.887Z</time>
      </trkpt>
      <trkpt lat="38.919174" lon="-0.117794">
        <ele>15.092566</ele>
        <time>2026-02-09T15:03:55.837Z</time>
      </trkpt>
      <trkpt lat="38.919584" lon="-0.117820">
        <ele>15.245827</ele>
        <time>2026-02-09T15:04:02.921Z</time>
      </trkpt>
      <trkpt lat="38.920023" lon="-0.117850">
        <ele>15.398208</ele>
        <time>2026-02-09T15:04:10.344Z</time>
      </trkpt>
      <trkpt lat="38.920363" lon="-0.117877">
        <ele>15.516282</ele>
        <time>2026-02-09T15:04:16.055Z</time>
      </trkpt>
      <trkpt lat="38.920471" lon="-0.117965">
        <ele>15.560606</ele>
        <time>2026-02-09T15:04:17.935Z</time>
      </trkpt>
      <trkpt lat="38.920642" lon="-0.118290">
        <ele>15.666410</ele>
        <time>2026-02-09T15:04:21.812Z</time>
      </trkpt>
      <trkpt lat="38.920804" lon="-0.118604">
        <ele>15.846366</ele>
        <time>2026-02-09T15:04:25.978Z</time>
      </trkpt>
      <trkpt lat="38.920989" lon="-0.118958">
        <ele>16.298339</ele>
        <time>2026-02-09T15:04:32.280Z</time>
      </trkpt>
      <trkpt lat="38.921168" lon="-0.119339">
        <ele>16.770056</ele>
        <time>2026-02-09T15:04:39.251Z</time>
      </trkpt>
      <trkpt lat="38.921217" lon="-0.119538">
        <ele>16.991277</ele>
        <time>2026-02-09T15:04:42.793Z</time>
      </trkpt>
      <trkpt lat="38.921355" lon="-0.120209">
        <ele>17.726864</ele>
        <time>2026-02-09T15:04:54.835Z</time>
      </trkpt>
      <trkpt lat="38.921428" lon="-0.120587">
        <ele>18.139644</ele>
        <time>2026-02-09T15:05:02.063Z</time>
      </trkpt>
      <trkpt lat="38.921459" lon="-0.120776">
        <ele>18.248861</ele>
        <time>2026-02-09T15:05:05.679Z</time>
      </trkpt>
      <trkpt lat="38.921418" lon="-0.121705">
        <ele>18.618979</ele>
        <time>2026-02-09T15:05:20.378Z</time>
      </trkpt>
      <trkpt lat="38.921405" lon="-0.121889">
        <ele>18.692469</ele>
        <time>2026-02-09T15:05:22.830Z</time>
      </trkpt>
      <trkpt lat="38.921388" lon="-0.122563">
        <ele>18.960705</ele>
        <time>2026-02-09T15:05:29.999Z</time>
      </trkpt>
      <trkpt lat="38.921442" lon="-0.122710">
        <ele>19.025366</ele>
        <time>2026-02-09T15:05:31.581Z</time>
      </trkpt>
      <trkpt lat="38.921547" lon="-0.122848">
        <ele>19.102145</ele>
        <time>2026-02-09T15:05:33.446Z</time>
      </trkpt>
      <trkpt lat="38.921733" lon="-0.123055">
        <ele>18.745528</ele>
        <time>2026-02-09T15:05:36.472Z</time>
      </trkpt>
      <trkpt lat="38.922188" lon="-0.123555">
        <ele>17.788253</ele>
        <time>2026-02-09T15:05:43.627Z</time>
      </trkpt>
      <trkpt lat="38.922457" lon="-0.123853">
        <ele>17.220363</ele>
        <time>2026-02-09T15:05:47.765Z</time>
      </trkpt>
      <trkpt lat="38.922798" lon="-0.124240">
        <ele>16.492919</ele>
        <time>2026-02-09T15:05:52.672Z</time>
      </trkpt>
      <trkpt lat="38.923189" lon="-0.124679">
        <ele>15.253250</ele>
        <time>2026-02-09T15:05:58.114Z</time>
      </trkpt>
      <trkpt lat="38.924279" lon="-0.125867">
        <ele>11.332247</ele>
        <time>2026-02-09T15:06:12.624Z</time>
      </trkpt>
      <trkpt lat="38.924391" lon="-0.125858">
        <ele>11.189155</ele>
        <time>2026-02-09T15:06:13.893Z</time>
      </trkpt>
      <trkpt lat="38.924571" lon="-0.125938">
        <ele>10.979159</ele>
        <time>2026-02-09T15:06:16.120Z</time>
      </trkpt>
      <trkpt lat="38.924736" lon="-0.126140">
        <ele>10.727920</ele>
        <time>2026-02-09T15:06:18.901Z</time>
      </trkpt>
      <trkpt lat="38.924824" lon="-0.126275">
        <ele>10.576843</ele>
        <time>2026-02-09T15:06:20.628Z</time>
      </trkpt>
      <trkpt lat="38.924867" lon="-0.126192">
        <ele>10.491305</ele>
        <time>2026-02-09T15:06:22.081Z</time>
      </trkpt>
      <trkpt lat="38.924881" lon="-0.125989">
        <ele>10.316492</ele>
        <time>2026-02-09T15:06:25.060Z</time>
      </trkpt>
      <trkpt lat="38.924931" lon="-0.125773">
        <ele>10.123183</ele>
        <time>2026-02-09T15:06:28.488Z</time>
      </trkpt>
      <trkpt lat="38.924969" lon="-0.125673">
        <ele>10.027719</ele>
        <time>2026-02-09T15:06:30.263Z</time>
      </trkpt>
      <trkpt lat="38.925094" lon="-0.125516">
        <ele>9.835023</ele>
        <time>2026-02-09T15:06:33.699Z</time>
      </trkpt>
      <trkpt lat="38.925805" lon="-0.124784">
        <ele>8.731610</ele>
        <time>2026-02-09T15:06:49.174Z</time>
      </trkpt>
      <trkpt lat="38.925898" lon="-0.124740">
        <ele>8.600086</ele>
        <time>2026-02-09T15:06:50.738Z</time>
      </trkpt>
      <trkpt lat="38.926003" lon="-0.124732">
        <ele>8.460487</ele>
        <time>2026-02-09T15:06:52.389Z</time>
      </trkpt>
      <trkpt lat="38.926113" lon="-0.124758">
        <ele>8.312048</ele>
        <time>2026-02-09T15:06:54.150Z</time>
      </trkpt>
      <trkpt lat="38.926192" lon="-0.124826">
        <ele>8.185864</ele>
        <time>2026-02-09T15:06:55.643Z</time>
      </trkpt>
      <trkpt lat="38.926495" lon="-0.125125">
        <ele>7.678892</ele>
        <time>2026-02-09T15:06:59.883Z</time>
      </trkpt>
      <trkpt lat="38.926768" lon="-0.125442">
        <ele>7.190628</ele>
        <time>2026-02-09T15:07:04.042Z</time>
      </trkpt>
      <trkpt lat="38.926827" lon="-0.125603">
        <ele>7.006878</ele>
        <time>2026-02-09T15:07:05.651Z</time>
      </trkpt>
      <trkpt lat="38.931086" lon="-0.132297">
        <ele>9.573376</ele>
        <time>2026-02-09T15:08:57.184Z</time>
      </trkpt>
      <trkpt lat="38.933197" lon="-0.135616">
        <ele>11.586374</ele>
        <time>2026-02-09T15:09:55.325Z</time>
      </trkpt>
      <trkpt lat="38.933250" lon="-0.135700">
        <ele>11.638220</ele>
        <time>2026-02-09T15:09:56.775Z</time>
      </trkpt>
      <trkpt lat="38.934786" lon="-0.138116">
        <ele>13.023716</ele>
        <time>2026-02-09T15:10:38.020Z</time>
      </trkpt>
      <trkpt lat="38.935690" lon="-0.139537">
        <ele>13.948529</ele>
        <time>2026-02-09T15:11:02.747Z</time>
      </trkpt>
      <trkpt lat="38.937046" lon="-0.141669">
        <ele>15.403170</ele>
        <time>2026-02-09T15:11:40.973Z</time>
      </trkpt>
      <trkpt lat="38.937884" lon="-0.142988">
        <ele>15.963983</ele>
        <time>2026-02-09T15:12:02.521Z</time>
      </trkpt>
      <trkpt lat="38.938418" lon="-0.143808">
        <ele>16.247693</ele>
        <time>2026-02-09T15:12:16.108Z</time>
      </trkpt>
      <trkpt lat="38.938489" lon="-0.143914">
        <ele>16.270006</ele>
        <time>2026-02-09T15:12:18.470Z</time>
      </trkpt>
      <trkpt lat="38.939022" lon="-0.144696">
        <ele>16.435857</ele>
        <time>2026-02-09T15:12:31.421Z</time>
      </trkpt>
      <trkpt lat="38.939128" lon="-0.144835">
        <ele>16.466907</ele>
        <time>2026-02-09T15:12:34.609Z</time>
      </trkpt>
      <trkpt lat="38.940493" lon="-0.146470">
        <ele>16.827261</ele>
        <time>2026-02-09T15:13:01.867Z</time>
      </trkpt>
      <trkpt lat="38.940760" lon="-0.146788">
        <ele>16.896084</ele>
        <time>2026-02-09T15:13:08.033Z</time>
      </trkpt>
      <trkpt lat="38.941908" lon="-0.148075">
        <ele>18.112525</ele>
        <time>2026-02-09T15:13:37.321Z</time>
      </trkpt>
      <trkpt lat="38.944311" lon="-0.150790">
        <ele>18.856700</ele>
        <time>2026-02-09T15:14:27.113Z</time>
      </trkpt>
      <trkpt lat="38.946988" lon="-0.153805">
        <ele>18.468375</ele>
        <time>2026-02-09T15:15:18.001Z</time>
      </trkpt>
      <trkpt lat="38.947050" lon="-0.153874">
        <ele>18.454370</ele>
        <time>2026-02-09T15:15:19.191Z</time>
      </trkpt>
      <trkpt lat="38.947295" lon="-0.154150">
        <ele>18.398738</ele>
        <time>2026-02-09T15:15:23.926Z</time>
      </trkpt>
      <trkpt lat="38.948199" lon="-0.155173">
        <ele>18.305012</ele>
        <time>2026-02-09T15:15:41.095Z</time>
      </trkpt>
      <trkpt lat="38.948947" lon="-0.156014">
        <ele>18.287801</ele>
        <time>2026-02-09T15:15:55.528Z</time>
      </trkpt>
      <trkpt lat="38.948953" lon="-0.156021">
        <ele>18.291038</ele>
        <time>2026-02-09T15:15:55.661Z</time>
      </trkpt>
      <trkpt lat="38.949055" lon="-0.156137">
        <ele>18.345461</ele>
        <time>2026-02-09T15:15:57.688Z</time>
      </trkpt>
      <trkpt lat="38.950442" lon="-0.157694">
        <ele>19.092622</ele>
        <time>2026-02-09T15:16:28.899Z</time>
      </trkpt>
      <trkpt lat="38.951626" lon="-0.159017">
        <ele>19.791094</ele>
        <time>2026-02-09T15:16:55.014Z</time>
      </trkpt>
      <trkpt lat="38.953952" lon="-0.161655">
        <ele>20.007875</ele>
        <time>2026-02-09T15:17:41.598Z</time>
      </trkpt>
      <trkpt lat="38.955387" lon="-0.163265">
        <ele>20.016253</ele>
        <time>2026-02-09T15:18:10.066Z</time>
      </trkpt>
      <trkpt lat="38.959127" lon="-0.167480">
        <ele>19.280705</ele>
        <time>2026-02-09T15:19:20.714Z</time>
      </trkpt>
      <trkpt lat="38.959277" lon="-0.167652">
        <ele>19.260660</ele>
        <time>2026-02-09T15:19:23.606Z</time>
      </trkpt>
      <trkpt lat="38.959409" lon="-0.167869">
        <ele>19.239291</ele>
        <time>2026-02-09T15:19:26.703Z</time>
      </trkpt>
      <trkpt lat="38.959522" lon="-0.168004">
        <ele>19.223907</ele>
        <time>2026-02-09T15:19:28.924Z</time>
      </trkpt>
      <trkpt lat="38.960512" lon="-0.169035">
        <ele>19.330192</ele>
        <time>2026-02-09T15:19:48.114Z</time>
      </trkpt>
      <trkpt lat="38.961009" lon="-0.169576">
        <ele>19.411559</ele>
        <time>2026-02-09T15:19:58.405Z</time>
      </trkpt>
      <trkpt lat="38.961516" lon="-0.170177">
        <ele>19.528322</ele>
        <time>2026-02-09T15:20:09.431Z</time>
      </trkpt>
      <trkpt lat="38.962898" lon="-0.171715">
        <ele>19.890773</ele>
        <time>2026-02-09T15:20:37.503Z</time>
      </trkpt>
      <trkpt lat="38.962962" lon="-0.171786">
        <ele>19.911024</ele>
        <time>2026-02-09T15:20:38.825Z</time>
      </trkpt>
      <trkpt lat="38.963022" lon="-0.171852">
        <ele>19.929940</ele>
        <time>2026-02-09T15:20:40.042Z</time>
      </trkpt>
      <trkpt lat="38.963074" lon="-0.171910">
        <ele>19.946432</ele>
        <time>2026-02-09T15:20:41.134Z</time>
      </trkpt>
      <trkpt lat="38.964636" lon="-0.173681">
        <ele>20.303695</ele>
        <time>2026-02-09T15:21:14.408Z</time>
      </trkpt>
      <trkpt lat="38.965098" lon="-0.174078">
        <ele>20.366886</ele>
        <time>2026-02-09T15:21:25.946Z</time>
      </trkpt>
      <trkpt lat="38.965231" lon="-0.174225">
        <ele>20.269969</ele>
        <time>2026-02-09T15:21:29.473Z</time>
      </trkpt>
      <trkpt lat="38.965326" lon="-0.174380">
        <ele>19.976852</ele>
        <time>2026-02-09T15:21:32.437Z</time>
      </trkpt>
      <trkpt lat="38.965561" lon="-0.174627">
        <ele>19.397156</ele>
        <time>2026-02-09T15:21:36.192Z</time>
      </trkpt>
      <trkpt lat="38.965808" lon="-0.174840">
        <ele>18.829130</ele>
        <time>2026-02-09T15:21:39.489Z</time>
      </trkpt>
      <trkpt lat="38.966163" lon="-0.175100">
        <ele>18.048816</ele>
        <time>2026-02-09T15:21:43.662Z</time>
      </trkpt>
      <trkpt lat="38.967492" lon="-0.176075">
        <ele>17.099631</ele>
        <time>2026-02-09T15:21:59.727Z</time>
      </trkpt>
      <trkpt lat="38.967980" lon="-0.176438">
        <ele>17.191377</ele>
        <time>2026-02-09T15:22:12.223Z</time>
      </trkpt>
      <trkpt lat="38.968399" lon="-0.176808">
        <ele>18.173472</ele>
        <time>2026-02-09T15:22:29.115Z</time>
      </trkpt>
      <trkpt lat="38.968634" lon="-0.177194">
        <ele>19.757089</ele>
        <time>2026-02-09T15:22:43.792Z</time>
      </trkpt>
      <trkpt lat="38.968659" lon="-0.177247">
        <ele>19.957331</ele>
        <time>2026-02-09T15:22:45.534Z</time>
      </trkpt>
      <trkpt lat="38.968695" lon="-0.177326">
        <ele>20.253114</ele>
        <time>2026-02-09T15:22:48.516Z</time>
      </trkpt>
      <trkpt lat="38.968393" lon="-0.177566">
        <ele>21.727984</ele>
        <time>2026-02-09T15:23:02.535Z</time>
      </trkpt>
      <trkpt lat="38.968830" lon="-0.179038">
        <ele>25.173120</ele>
        <time>2026-02-09T15:23:37.186Z</time>
      </trkpt>
      <trkpt lat="38.969192" lon="-0.180295">
        <ele>26.124448</ele>
        <time>2026-02-09T15:23:53.800Z</time>
      </trkpt>
      <trkpt lat="38.969291" lon="-0.180351">
        <ele>26.223170</ele>
        <time>2026-02-09T15:23:55.095Z</time>
      </trkpt>
      <trkpt lat="38.969274" lon="-0.180536">
        <ele>26.350483</ele>
        <time>2026-02-09T15:23:57.540Z</time>
      </trkpt>
      <trkpt lat="38.969345" lon="-0.180620">
        <ele>26.314747</ele>
        <time>2026-02-09T15:23:58.678Z</time>
      </trkpt>
      <trkpt lat="38.969372" lon="-0.180714">
        <ele>26.285886</ele>
        <time>2026-02-09T15:23:59.585Z</time>
      </trkpt>
      <trkpt lat="38.969500" lon="-0.182146">
        <ele>25.870743</ele>
        <time>2026-02-09T15:24:12.973Z</time>
      </trkpt>
      <trkpt lat="38.969605" lon="-0.183255">
        <ele>26.016954</ele>
        <time>2026-02-09T15:24:29.441Z</time>
      </trkpt>
      <trkpt lat="38.969677" lon="-0.184114">
        <ele>26.620395</ele>
        <time>2026-02-09T15:24:44.496Z</time>
      </trkpt>
      <trkpt lat="38.969759" lon="-0.185075">
        <ele>27.295630</ele>
        <time>2026-02-09T15:24:57.748Z</time>
      </trkpt>
      <trkpt lat="38.969851" lon="-0.186036">
        <ele>26.717237</ele>
        <time>2026-02-09T15:25:06.905Z</time>
      </trkpt>
      <trkpt lat="38.969886" lon="-0.186518">
        <ele>26.422645</ele>
        <time>2026-02-09T15:25:11.344Z</time>
      </trkpt>
      <trkpt lat="38.969970" lon="-0.187251">
        <ele>25.971767</ele>
        <time>2026-02-09T15:25:18.737Z</time>
      </trkpt>
      <trkpt lat="38.970069" lon="-0.187810">
        <ele>25.361474</ele>
        <time>2026-02-09T15:25:24.489Z</time>
      </trkpt>
      <trkpt lat="38.970145" lon="-0.188171">
        <ele>24.914119</ele>
        <time>2026-02-09T15:25:27.934Z</time>
      </trkpt>
      <trkpt lat="38.970165" lon="-0.188283">
        <ele>24.776664</ele>
        <time>2026-02-09T15:25:29.383Z</time>
      </trkpt>
      <trkpt lat="38.970399" lon="-0.189463">
        <ele>23.320040</ele>
        <time>2026-02-09T15:25:39.778Z</time>
      </trkpt>
      <trkpt lat="38.970544" lon="-0.189782">
        <ele>23.038280</ele>
        <time>2026-02-09T15:25:42.832Z</time>
      </trkpt>
      <trkpt lat="38.970225" lon="-0.190637">
        <ele>22.635752</ele>
        <time>2026-02-09T15:25:51.618Z</time>
      </trkpt>
      <trkpt lat="38.970108" lon="-0.190998">
        <ele>22.469745</ele>
        <time>2026-02-09T15:25:55.990Z</time>
      </trkpt>
      <trkpt lat="38.970020" lon="-0.191264">
        <ele>22.347044</ele>
        <time>2026-02-09T15:25:59.882Z</time>
      </trkpt>
      <trkpt lat="38.969966" lon="-0.191462">
        <ele>22.257982</ele>
        <time>2026-02-09T15:26:02.819Z</time>
      </trkpt>
      <trkpt lat="38.969924" lon="-0.191525">
        <ele>22.222757</ele>
        <time>2026-02-09T15:26:03.988Z</time>
      </trkpt>
      <trkpt lat="38.969851" lon="-0.191803">
        <ele>22.160573</ele>
        <time>2026-02-09T15:26:08.135Z</time>
      </trkpt>
      <trkpt lat="38.969654" lon="-0.192398">
        <ele>22.256137</ele>
        <time>2026-02-09T15:26:16.820Z</time>
      </trkpt>
      <trkpt lat="38.969535" lon="-0.192726">
        <ele>22.309623</ele>
        <time>2026-02-09T15:26:21.433Z</time>
      </trkpt>
      <trkpt lat="38.969502" lon="-0.192855">
        <ele>22.329691</ele>
        <time>2026-02-09T15:26:23.196Z</time>
      </trkpt>
      <trkpt lat="38.969488" lon="-0.192980">
        <ele>22.348352</ele>
        <time>2026-02-09T15:26:24.842Z</time>
      </trkpt>
      <trkpt lat="38.969460" lon="-0.193662">
        <ele>22.449272</ele>
        <time>2026-02-09T15:26:32.690Z</time>
      </trkpt>
      <trkpt lat="38.969470" lon="-0.193848">
        <ele>22.476823</ele>
        <time>2026-02-09T15:26:34.648Z</time>
      </trkpt>
      <trkpt lat="38.969514" lon="-0.194419">
        <ele>22.272215</ele>
        <time>2026-02-09T15:26:40.272Z</time>
      </trkpt>
      <trkpt lat="38.969553" lon="-0.194779">
        <ele>22.119470</ele>
        <time>2026-02-09T15:26:43.765Z</time>
      </trkpt>
      <trkpt lat="38.969597" lon="-0.195214">
        <ele>21.935129</ele>
        <time>2026-02-09T15:26:48.069Z</time>
      </trkpt>
      <trkpt lat="38.969747" lon="-0.195681">
        <ele>21.722793</ele>
        <time>2026-02-09T15:26:53.038Z</time>
      </trkpt>
      <trkpt lat="38.969813" lon="-0.195948">
        <ele>21.605057</ele>
        <time>2026-02-09T15:26:55.817Z</time>
      </trkpt>
      <trkpt lat="38.969823" lon="-0.196009">
        <ele>21.578860</ele>
        <time>2026-02-09T15:26:56.470Z</time>
      </trkpt>
      <trkpt lat="38.969926" lon="-0.196207">
        <ele>21.541307</ele>
        <time>2026-02-09T15:26:59.106Z</time>
      </trkpt>
      <trkpt lat="38.970310" lon="-0.197215">
        <ele>21.903159</ele>
        <time>2026-02-09T15:27:13.588Z</time>
      </trkpt>
      <trkpt lat="38.970429" lon="-0.197534">
        <ele>22.017216</ele>
        <time>2026-02-09T15:27:18.470Z</time>
      </trkpt>
      <trkpt lat="38.970458" lon="-0.197569">
        <ele>22.033705</ele>
        <time>2026-02-09T15:27:19.199Z</time>
      </trkpt>
      <trkpt lat="38.970498" lon="-0.197658">
        <ele>22.066844</ele>
        <time>2026-02-09T15:27:20.644Z</time>
      </trkpt>
      <trkpt lat="38.970506" lon="-0.197704">
        <ele>22.082039</ele>
        <time>2026-02-09T15:27:21.307Z</time>
      </trkpt>
      <trkpt lat="38.970666" lon="-0.197963">
        <ele>22.188678</ele>
        <time>2026-02-09T15:27:25.909Z</time>
      </trkpt>
      <trkpt lat="38.970669" lon="-0.198012">
        <ele>22.204522</ele>
        <time>2026-02-09T15:27:26.577Z</time>
      </trkpt>
      <trkpt lat="38.970673" lon="-0.198050">
        <ele>22.216884</ele>
        <time>2026-02-09T15:27:27.107Z</time>
      </trkpt>
      <trkpt lat="38.970995" lon="-0.198950">
        <ele>22.600654</ele>
        <time>2026-02-09T15:27:40.063Z</time>
      </trkpt>
      <trkpt lat="38.971251" lon="-0.199544">
        <ele>22.870610</ele>
        <time>2026-02-09T15:27:48.846Z</time>
      </trkpt>
      <trkpt lat="38.971369" lon="-0.199730">
        <ele>22.966032</ele>
        <time>2026-02-09T15:27:51.955Z</time>
      </trkpt>
      <trkpt lat="38.971421" lon="-0.199770">
        <ele>22.997009</ele>
        <time>2026-02-09T15:27:52.975Z</time>
      </trkpt>
      <trkpt lat="38.971490" lon="-0.199807">
        <ele>23.035229</ele>
        <time>2026-02-09T15:27:54.217Z</time>
      </trkpt>
      <trkpt lat="38.971540" lon="-0.199826">
        <ele>23.061884</ele>
        <time>2026-02-09T15:27:55.070Z</time>
      </trkpt>
      <trkpt lat="38.971614" lon="-0.199916">
        <ele>23.113952</ele>
        <time>2026-02-09T15:27:56.784Z</time>
      </trkpt>
      <trkpt lat="38.971633" lon="-0.199978">
        <ele>23.140441</ele>
        <time>2026-02-09T15:27:57.638Z</time>
      </trkpt>
      <trkpt lat="38.971625" lon="-0.200109">
        <ele>23.198462</ele>
        <time>2026-02-09T15:27:59.349Z</time>
      </trkpt>
      <trkpt lat="38.971759" lon="-0.200515">
        <ele>23.450775</ele>
        <time>2026-02-09T15:28:05.157Z</time>
      </trkpt>
      <trkpt lat="38.972208" lon="-0.201443">
        <ele>24.076040</ele>
        <time>2026-02-09T15:28:20.486Z</time>
      </trkpt>
      <trkpt lat="38.972495" lon="-0.202100">
        <ele>24.507937</ele>
        <time>2026-02-09T15:28:31.174Z</time>
      </trkpt>
      <trkpt lat="38.972546" lon="-0.202224">
        <ele>24.603435</ele>
        <time>2026-02-09T15:28:33.144Z</time>
      </trkpt>
      <trkpt lat="38.972769" lon="-0.202718">
        <ele>24.992303</ele>
        <time>2026-02-09T15:28:41.110Z</time>
      </trkpt>
      <trkpt lat="38.973147" lon="-0.203402">
        <ele>25.563583</ele>
        <time>2026-02-09T15:28:52.861Z</time>
      </trkpt>
      <trkpt lat="38.973379" lon="-0.203818">
        <ele>25.912099</ele>
        <time>2026-02-09T15:29:00.215Z</time>
      </trkpt>
      <trkpt lat="38.973874" lon="-0.204707">
        <ele>26.800628</ele>
        <time>2026-02-09T15:29:16.492Z</time>
      </trkpt>
      <trkpt lat="38.974157" lon="-0.205283">
        <ele>27.380023</ele>
        <time>2026-02-09T15:29:26.625Z</time>
      </trkpt>
      <trkpt lat="38.974714" lon="-0.206601">
        <ele>28.832246</ele>
        <time>2026-02-09T15:29:49.208Z</time>
      </trkpt>
      <trkpt lat="38.975343" lon="-0.207834">
        <ele>30.449040</ele>
        <time>2026-02-09T15:30:13.323Z</time>
      </trkpt>
      <trkpt lat="38.975445" lon="-0.208084">
        <ele>30.777917</ele>
        <time>2026-02-09T15:30:17.901Z</time>
      </trkpt>
      <trkpt lat="38.975534" lon="-0.208748">
        <ele>31.597346</ele>
        <time>2026-02-09T15:30:28.873Z</time>
      </trkpt>
      <trkpt lat="38.975576" lon="-0.209105">
        <ele>32.036450</ele>
        <time>2026-02-09T15:30:34.907Z</time>
      </trkpt>
      <trkpt lat="38.975672" lon="-0.209521">
        <ele>32.564180</ele>
        <time>2026-02-09T15:30:42.233Z</time>
      </trkpt>
      <trkpt lat="38.975929" lon="-0.210707">
        <ele>33.939536</ele>
        <time>2026-02-09T15:31:02.169Z</time>
      </trkpt>
      <trkpt lat="38.976076" lon="-0.211386">
        <ele>34.639803</ele>
        <time>2026-02-09T15:31:12.886Z</time>
      </trkpt>
      <trkpt lat="38.976173" lon="-0.211619">
        <ele>34.902394</ele>
        <time>2026-02-09T15:31:16.757Z</time>
      </trkpt>
      <trkpt lat="38.976283" lon="-0.211767">
        <ele>35.105822</ele>
        <time>2026-02-09T15:31:19.790Z</time>
      </trkpt>
      <trkpt lat="38.976652" lon="-0.212085">
        <ele>35.673447</ele>
        <time>2026-02-09T15:31:28.397Z</time>
      </trkpt>
      <trkpt lat="38.976664" lon="-0.212102">
        <ele>35.697750</ele>
        <time>2026-02-09T15:31:28.753Z</time>
      </trkpt>
      <trkpt lat="38.976908" lon="-0.212319">
        <ele>36.312773</ele>
        <time>2026-02-09T15:31:34.736Z</time>
      </trkpt>
      <trkpt lat="38.977086" lon="-0.212544">
        <ele>36.830183</ele>
        <time>2026-02-09T15:31:39.989Z</time>
      </trkpt>
      <trkpt lat="38.977308" lon="-0.212909">
        <ele>37.577143</ele>
        <time>2026-02-09T15:31:48.179Z</time>
      </trkpt>
      <trkpt lat="38.977511" lon="-0.213156">
        <ele>38.156480</ele>
        <time>2026-02-09T15:31:55.055Z</time>
      </trkpt>
      <trkpt lat="38.978666" lon="-0.214071">
        <ele>41.228438</ele>
        <time>2026-02-09T15:32:29.741Z</time>
      </trkpt>
      <trkpt lat="38.979198" lon="-0.214492">
        <ele>42.740914</ele>
        <time>2026-02-09T15:32:44.961Z</time>
      </trkpt>
      <trkpt lat="38.979387" lon="-0.214659">
        <ele>43.296140</ele>
        <time>2026-02-09T15:32:50.414Z</time>
      </trkpt>
      <trkpt lat="38.979563" lon="-0.214860">
        <ele>43.849246</ele>
        <time>2026-02-09T15:32:55.964Z</time>
      </trkpt>
      <trkpt lat="38.980369" lon="-0.216160">
        <ele>46.379523</ele>
        <time>2026-02-09T15:33:25.301Z</time>
      </trkpt>
      <trkpt lat="38.980535" lon="-0.216386">
        <ele>46.852648</ele>
        <time>2026-02-09T15:33:30.622Z</time>
      </trkpt>
      <trkpt lat="38.981775" lon="-0.217876">
        <ele>49.881667</ele>
        <time>2026-02-09T15:34:07.658Z</time>
      </trkpt>
      <trkpt lat="38.982076" lon="-0.218358">
        <ele>50.705931</ele>
        <time>2026-02-09T15:34:18.115Z</time>
      </trkpt>
      <trkpt lat="38.982685" lon="-0.219462">
        <ele>52.410842</ele>
        <time>2026-02-09T15:34:41.189Z</time>
      </trkpt>
      <trkpt lat="38.982800" lon="-0.219696">
        <ele>52.759501</ele>
        <time>2026-02-09T15:34:45.744Z</time>
      </trkpt>
      <trkpt lat="38.982879" lon="-0.220080">
        <ele>53.259764</ele>
        <time>2026-02-09T15:34:52.161Z</time>
      </trkpt>
      <trkpt lat="38.982863" lon="-0.220409">
        <ele>53.522217</ele>
        <time>2026-02-09T15:34:57.317Z</time>
      </trkpt>
      <trkpt lat="38.982774" lon="-0.221197">
        <ele>54.012893</ele>
        <time>2026-02-09T15:35:08.874Z</time>
      </trkpt>
      <trkpt lat="38.982788" lon="-0.221497">
        <ele>54.198090</ele>
        <time>2026-02-09T15:35:12.858Z</time>
      </trkpt>
      <trkpt lat="38.983092" lon="-0.222639">
        <ele>55.038349</ele>
        <time>2026-02-09T15:35:28.093Z</time>
      </trkpt>
      <trkpt lat="38.983455" lon="-0.223570">
        <ele>56.121669</ele>
        <time>2026-02-09T15:35:42.491Z</time>
      </trkpt>
      <trkpt lat="38.983666" lon="-0.224132">
        <ele>56.770813</ele>
        <time>2026-02-09T15:35:53.364Z</time>
      </trkpt>
      <trkpt lat="38.983761" lon="-0.224549">
        <ele>57.242341</ele>
        <time>2026-02-09T15:36:01.595Z</time>
      </trkpt>
      <trkpt lat="38.983865" lon="-0.225298">
        <ele>59.111840</ele>
        <time>2026-02-09T15:36:16.835Z</time>
      </trkpt>
      <trkpt lat="38.983864" lon="-0.225666">
        <ele>60.016058</ele>
        <time>2026-02-09T15:36:24.497Z</time>
      </trkpt>
      <trkpt lat="38.983749" lon="-0.227072">
        <ele>63.779919</ele>
        <time>2026-02-09T15:36:55.569Z</time>
      </trkpt>
      <trkpt lat="38.983480" lon="-0.229832">
        <ele>73.649439</ele>
        <time>2026-02-09T15:38:10.970Z</time>
      </trkpt>
      <trkpt lat="38.983493" lon="-0.230257">
        <ele>75.028175</ele>
        <time>2026-02-09T15:38:22.701Z</time>
      </trkpt>
      <trkpt lat="38.983822" lon="-0.232274">
        <ele>79.230386</ele>
        <time>2026-02-09T15:39:08.030Z</time>
      </trkpt>
      <trkpt lat="38.983853" lon="-0.232817">
        <ele>79.466445</ele>
        <time>2026-02-09T15:39:14.655Z</time>
      </trkpt>
      <trkpt lat="38.983790" lon="-0.233349">
        <ele>79.699763</ele>
        <time>2026-02-09T15:39:19.641Z</time>
      </trkpt>
      <trkpt lat="38.983668" lon="-0.233920">
        <ele>79.530153</ele>
        <time>2026-02-09T15:39:24.476Z</time>
      </trkpt>
      <trkpt lat="38.983273" lon="-0.235008">
        <ele>77.948370</ele>
        <time>2026-02-09T15:39:33.992Z</time>
      </trkpt>
      <trkpt lat="38.983109" lon="-0.235271">
        <ele>77.504234</ele>
        <time>2026-02-09T15:39:36.934Z</time>
      </trkpt>
      <trkpt lat="38.982784" lon="-0.235603">
        <ele>76.806087</ele>
        <time>2026-02-09T15:39:43.068Z</time>
      </trkpt>
      <trkpt lat="38.982479" lon="-0.235894">
        <ele>77.821295</ele>
        <time>2026-02-09T15:39:51.070Z</time>
      </trkpt>
      <trkpt lat="38.982354" lon="-0.235955">
        <ele>78.178720</ele>
        <time>2026-02-09T15:39:54.487Z</time>
      </trkpt>
      <trkpt lat="38.982248" lon="-0.236054">
        <ele>78.528923</ele>
        <time>2026-02-09T15:39:57.972Z</time>
      </trkpt>
      <trkpt lat="38.982201" lon="-0.236150">
        <ele>78.764705</ele>
        <time>2026-02-09T15:40:00.452Z</time>
      </trkpt>
      <trkpt lat="38.982220" lon="-0.236233">
        <ele>78.944522</ele>
        <time>2026-02-09T15:40:02.316Z</time>
      </trkpt>
      <trkpt lat="38.982206" lon="-0.236356">
        <ele>79.202870</ele>
        <time>2026-02-09T15:40:05.087Z</time>
      </trkpt>
      <trkpt lat="38.982120" lon="-0.236479">
        <ele>79.546683</ele>
        <time>2026-02-09T15:40:08.781Z</time>
      </trkpt>
      <trkpt lat="38.982048" lon="-0.236507">
        <ele>79.747779</ele>
        <time>2026-02-09T15:40:10.937Z</time>
      </trkpt>
      <trkpt lat="38.981933" lon="-0.236618">
        <ele>80.132152</ele>
        <time>2026-02-09T15:40:15.182Z</time>
      </trkpt>
      <trkpt lat="38.981859" lon="-0.236816">
        <ele>80.588732</ele>
        <time>2026-02-09T15:40:20.266Z</time>
      </trkpt>
      <trkpt lat="38.981859" lon="-0.237000">
        <ele>80.971128</ele>
        <time>2026-02-09T15:40:24.573Z</time>
      </trkpt>
      <trkpt lat="38.981822" lon="-0.237193">
        <ele>81.384247</ele>
        <time>2026-02-09T15:40:29.172Z</time>
      </trkpt>
      <trkpt lat="38.981756" lon="-0.237363">
        <ele>81.829239</ele>
        <time>2026-02-09T15:40:33.541Z</time>
      </trkpt>
      <trkpt lat="38.981480" lon="-0.237945">
        <ele>83.669660</ele>
        <time>2026-02-09T15:40:48.322Z</time>
      </trkpt>
      <trkpt lat="38.981132" lon="-0.238592">
        <ele>85.793613</ele>
        <time>2026-02-09T15:41:05.247Z</time>
      </trkpt>
      <trkpt lat="38.979528" lon="-0.241563">
        <ele>96.157996</ele>
        <time>2026-02-09T15:42:29.273Z</time>
      </trkpt>
      <trkpt lat="38.979246" lon="-0.242129">
        <ele>98.071092</ele>
        <time>2026-02-09T15:42:44.955Z</time>
      </trkpt>
      <trkpt lat="38.978744" lon="-0.243840">
        <ele>103.147212</ele>
        <time>2026-02-09T15:43:26.001Z</time>
      </trkpt>
      <trkpt lat="38.978212" lon="-0.245723">
        <ele>108.622933</ele>
        <time>2026-02-09T15:44:10.207Z</time>
      </trkpt>
      <trkpt lat="38.978136" lon="-0.245990">
        <ele>109.469328</ele>
        <time>2026-02-09T15:44:16.816Z</time>
      </trkpt>
      <trkpt lat="38.977584" lon="-0.247864">
        <ele>115.412787</ele>
        <time>2026-02-09T15:45:04.710Z</time>
      </trkpt>
      <trkpt lat="38.977460" lon="-0.248454">
        <ele>117.197690</ele>
        <time>2026-02-09T15:45:19.043Z</time>
      </trkpt>
      <trkpt lat="38.977239" lon="-0.250234">
        <ele>122.499527</ele>
        <time>2026-02-09T15:46:00.290Z</time>
      </trkpt>
      <trkpt lat="38.977245" lon="-0.250370">
        <ele>122.907786</ele>
        <time>2026-02-09T15:46:03.448Z</time>
      </trkpt>
      <trkpt lat="38.977284" lon="-0.250558">
        <ele>123.490953</ele>
        <time>2026-02-09T15:46:08.020Z</time>
      </trkpt>
      <trkpt lat="38.977322" lon="-0.250645">
        <ele>123.790037</ele>
        <time>2026-02-09T15:46:10.388Z</time>
      </trkpt>
      <trkpt lat="38.977321" lon="-0.250745">
        <ele>124.089769</ele>
        <time>2026-02-09T15:46:12.749Z</time>
      </trkpt>
      <trkpt lat="38.977280" lon="-0.250830">
        <ele>124.389575</ele>
        <time>2026-02-09T15:46:15.136Z</time>
      </trkpt>
      <trkpt lat="38.977211" lon="-0.250877">
        <ele>124.690584</ele>
        <time>2026-02-09T15:46:17.514Z</time>
      </trkpt>
      <trkpt lat="38.977527" lon="-0.252432">
        <ele>129.421607</ele>
        <time>2026-02-09T15:46:55.897Z</time>
      </trkpt>
      <trkpt lat="38.978120" lon="-0.255374">
        <ele>138.148081</ele>
        <time>2026-02-09T15:48:04.495Z</time>
      </trkpt>
      <trkpt lat="38.978442" lon="-0.256940">
        <ele>143.040203</ele>
        <time>2026-02-09T15:48:43.482Z</time>
      </trkpt>
      <trkpt lat="38.978646" lon="-0.257929">
        <ele>146.309577</ele>
        <time>2026-02-09T15:49:08.688Z</time>
      </trkpt>
      <trkpt lat="38.979047" lon="-0.259804">
        <ele>151.919811</ele>
        <time>2026-02-09T15:49:55.361Z</time>
      </trkpt>
      <trkpt lat="38.979212" lon="-0.260271">
        <ele>153.301193</ele>
        <time>2026-02-09T15:50:06.398Z</time>
      </trkpt>
      <trkpt lat="38.979351" lon="-0.260559">
        <ele>154.214065</ele>
        <time>2026-02-09T15:50:13.265Z</time>
      </trkpt>
      <trkpt lat="38.980011" lon="-0.261836">
        <ele>157.764038</ele>
        <time>2026-02-09T15:50:43.530Z</time>
      </trkpt>
      <trkpt lat="38.980320" lon="-0.262415">
        <ele>159.335526</ele>
        <time>2026-02-09T15:50:58.002Z</time>
      </trkpt>
      <trkpt lat="38.980530" lon="-0.262735">
        <ele>160.307406</ele>
        <time>2026-02-09T15:51:07.087Z</time>
      </trkpt>
      <trkpt lat="38.980720" lon="-0.262924">
        <ele>161.132931</ele>
        <time>2026-02-09T15:51:13.986Z</time>
      </trkpt>
      <trkpt lat="38.981627" lon="-0.263551">
        <ele>164.672020</ele>
        <time>2026-02-09T15:51:42.188Z</time>
      </trkpt>
      <trkpt lat="38.981665" lon="-0.263575">
        <ele>164.817523</ele>
        <time>2026-02-09T15:51:43.410Z</time>
      </trkpt>
      <trkpt lat="38.981923" lon="-0.263605">
        <ele>165.707918</ele>
        <time>2026-02-09T15:51:50.992Z</time>
      </trkpt>
      <trkpt lat="38.981973" lon="-0.263566">
        <ele>165.908897</ele>
        <time>2026-02-09T15:51:52.843Z</time>
      </trkpt>
      <trkpt lat="38.982032" lon="-0.263563">
        <ele>166.111846</ele>
        <time>2026-02-09T15:51:54.685Z</time>
      </trkpt>
      <trkpt lat="38.982084" lon="-0.263597">
        <ele>166.333245</ele>
        <time>2026-02-09T15:51:56.513Z</time>
      </trkpt>
      <trkpt lat="38.982118" lon="-0.263659">
        <ele>166.650536</ele>
        <time>2026-02-09T15:51:58.471Z</time>
      </trkpt>
      <trkpt lat="38.982349" lon="-0.263614">
        <ele>167.907374</ele>
        <time>2026-02-09T15:52:06.065Z</time>
      </trkpt>
      <trkpt lat="38.982528" lon="-0.263526">
        <ele>168.938229</ele>
        <time>2026-02-09T15:52:12.617Z</time>
      </trkpt>
      <trkpt lat="38.982669" lon="-0.263514">
        <ele>169.698400</ele>
        <time>2026-02-09T15:52:17.469Z</time>
      </trkpt>
      <trkpt lat="38.982986" lon="-0.263633">
        <ele>171.474832</ele>
        <time>2026-02-09T15:52:29.135Z</time>
      </trkpt>
      <trkpt lat="38.983131" lon="-0.263650">
        <ele>172.258097</ele>
        <time>2026-02-09T15:52:34.271Z</time>
      </trkpt>
      <trkpt lat="38.983269" lon="-0.263606">
        <ele>173.022933</ele>
        <time>2026-02-09T15:52:39.361Z</time>
      </trkpt>
      <trkpt lat="38.983782" lon="-0.263308">
        <ele>176.070399</ele>
        <time>2026-02-09T15:53:02.799Z</time>
      </trkpt>
      <trkpt lat="38.984249" lon="-0.263283">
        <ele>179.075597</ele>
        <time>2026-02-09T15:53:22.655Z</time>
      </trkpt>
      <trkpt lat="38.984422" lon="-0.263246">
        <ele>180.203176</ele>
        <time>2026-02-09T15:53:30.137Z</time>
      </trkpt>
      <trkpt lat="38.985078" lon="-0.263015">
        <ele>184.576108</ele>
        <time>2026-02-09T15:53:58.678Z</time>
      </trkpt>
      <trkpt lat="38.985543" lon="-0.262820">
        <ele>187.664603</ele>
        <time>2026-02-09T15:54:18.326Z</time>
      </trkpt>
      <trkpt lat="38.986146" lon="-0.262397">
        <ele>190.872731</ele>
        <time>2026-02-09T15:54:41.444Z</time>
      </trkpt>
      <trkpt lat="38.986534" lon="-0.262298">
        <ele>192.720384</ele>
        <time>2026-02-09T15:54:53.258Z</time>
      </trkpt>
      <trkpt lat="38.986766" lon="-0.262268">
        <ele>193.809518</ele>
        <time>2026-02-09T15:55:00.142Z</time>
      </trkpt>
      <trkpt lat="38.986870" lon="-0.262296">
        <ele>194.305827</ele>
        <time>2026-02-09T15:55:03.292Z</time>
      </trkpt>
      <trkpt lat="38.986967" lon="-0.262391">
        <ele>194.875263</ele>
        <time>2026-02-09T15:55:07.027Z</time>
      </trkpt>
      <trkpt lat="38.987095" lon="-0.262591">
        <ele>195.815878</ele>
        <time>2026-02-09T15:55:13.548Z</time>
      </trkpt>
      <trkpt lat="38.987190" lon="-0.262664">
        <ele>196.552457</ele>
        <time>2026-02-09T15:55:17.231Z</time>
      </trkpt>
      <trkpt lat="38.987639" lon="-0.262679">
        <ele>199.759509</ele>
        <time>2026-02-09T15:55:34.374Z</time>
      </trkpt>
      <trkpt lat="38.987881" lon="-0.262745">
        <ele>201.525847</ele>
        <time>2026-02-09T15:55:45.341Z</time>
      </trkpt>
      <trkpt lat="38.988034" lon="-0.262756">
        <ele>202.620010</ele>
        <time>2026-02-09T15:55:52.807Z</time>
      </trkpt>
      <trkpt lat="38.988726" lon="-0.262502">
        <ele>207.758219</ele>
        <time>2026-02-09T15:56:28.750Z</time>
      </trkpt>
      <trkpt lat="38.989120" lon="-0.262180">
        <ele>211.118073</ele>
        <time>2026-02-09T15:56:50.108Z</time>
      </trkpt>
      <trkpt lat="38.989265" lon="-0.262086">
        <ele>212.290836</ele>
        <time>2026-02-09T15:56:56.823Z</time>
      </trkpt>
      <trkpt lat="38.989388" lon="-0.262060">
        <ele>213.191165</ele>
        <time>2026-02-09T15:57:01.809Z</time>
      </trkpt>
      <trkpt lat="38.989464" lon="-0.262104">
        <ele>213.793123</ele>
        <time>2026-02-09T15:57:05.061Z</time>
      </trkpt>
      <trkpt lat="38.989513" lon="-0.262219">
        <ele>214.529388</ele>
        <time>2026-02-09T15:57:09.095Z</time>
      </trkpt>
      <trkpt lat="38.989499" lon="-0.262311">
        <ele>215.055689</ele>
        <time>2026-02-09T15:57:11.941Z</time>
      </trkpt>
      <trkpt lat="38.989359" lon="-0.262532">
        <ele>216.656285</ele>
        <time>2026-02-09T15:57:20.919Z</time>
      </trkpt>
      <trkpt lat="38.989362" lon="-0.262605">
        <ele>217.066686</ele>
        <time>2026-02-09T15:57:23.207Z</time>
      </trkpt>
      <trkpt lat="38.989392" lon="-0.262659">
        <ele>217.439325</ele>
        <time>2026-02-09T15:57:25.323Z</time>
      </trkpt>
      <trkpt lat="38.989466" lon="-0.262700">
        <ele>218.021275</ele>
        <time>2026-02-09T15:57:28.776Z</time>
      </trkpt>
      <trkpt lat="38.989697" lon="-0.262711">
        <ele>219.690908</ele>
        <time>2026-02-09T15:57:38.659Z</time>
      </trkpt>
      <trkpt lat="38.989964" lon="-0.262856">
        <ele>221.781053</ele>
        <time>2026-02-09T15:57:52.069Z</time>
      </trkpt>
      <trkpt lat="38.990078" lon="-0.262869">
        <ele>222.528811</ele>
        <time>2026-02-09T15:57:57.621Z</time>
      </trkpt>
      <trkpt lat="38.990177" lon="-0.262832">
        <ele>223.202382</ele>
        <time>2026-02-09T15:58:02.741Z</time>
      </trkpt>
      <trkpt lat="38.990265" lon="-0.262751">
        <ele>223.909338</ele>
        <time>2026-02-09T15:58:08.125Z</time>
      </trkpt>
      <trkpt lat="38.990421" lon="-0.262347">
        <ele>226.200207</ele>
        <time>2026-02-09T15:58:25.170Z</time>
      </trkpt>
      <trkpt lat="38.990507" lon="-0.262221">
        <ele>227.051767</ele>
        <time>2026-02-09T15:58:31.215Z</time>
      </trkpt>
      <trkpt lat="38.990775" lon="-0.262087">
        <ele>228.930370</ele>
        <time>2026-02-09T15:58:43.601Z</time>
      </trkpt>
      <trkpt lat="38.990980" lon="-0.261918">
        <ele>230.521140</ele>
        <time>2026-02-09T15:58:52.922Z</time>
      </trkpt>
      <trkpt lat="38.991038" lon="-0.261901">
        <ele>230.909802</ele>
        <time>2026-02-09T15:58:55.023Z</time>
      </trkpt>
      <trkpt lat="38.991143" lon="-0.261971">
        <ele>231.682466</ele>
        <time>2026-02-09T15:58:59.114Z</time>
      </trkpt>
      <trkpt lat="38.991167" lon="-0.262035">
        <ele>232.043324</ele>
        <time>2026-02-09T15:59:00.958Z</time>
      </trkpt>
      <trkpt lat="38.991165" lon="-0.262121">
        <ele>232.480249</ele>
        <time>2026-02-09T15:59:03.168Z</time>
      </trkpt>
      <trkpt lat="38.991138" lon="-0.262202">
        <ele>232.927819</ele>
        <time>2026-02-09T15:59:05.411Z</time>
      </trkpt>
      <trkpt lat="38.990924" lon="-0.262535">
        <ele>234.969383</ele>
        <time>2026-02-09T15:59:15.310Z</time>
      </trkpt>
      <trkpt lat="38.990881" lon="-0.262726">
        <ele>235.883977</ele>
        <time>2026-02-09T15:59:19.510Z</time>
      </trkpt>
      <trkpt lat="38.990918" lon="-0.262898">
        <ele>236.704812</ele>
        <time>2026-02-09T15:59:23.146Z</time>
      </trkpt>
      <trkpt lat="38.991053" lon="-0.263034">
        <ele>237.719437</ele>
        <time>2026-02-09T15:59:27.750Z</time>
      </trkpt>
      <trkpt lat="38.991992" lon="-0.263159">
        <ele>243.305681</ele>
        <time>2026-02-09T16:00:05.814Z</time>
      </trkpt>
      <trkpt lat="38.992149" lon="-0.263118">
        <ele>244.310661</ele>
        <time>2026-02-09T16:00:14.521Z</time>
      </trkpt>
      <trkpt lat="38.992500" lon="-0.262852">
        <ele>248.004212</ele>
        <time>2026-02-09T16:00:37.593Z</time>
      </trkpt>
      <trkpt lat="38.992635" lon="-0.262791">
        <ele>249.301547</ele>
        <time>2026-02-09T16:00:45.477Z</time>
      </trkpt>
      <trkpt lat="38.992749" lon="-0.262785">
        <ele>250.336050</ele>
        <time>2026-02-09T16:00:51.608Z</time>
      </trkpt>
      <trkpt lat="38.993096" lon="-0.262840">
        <ele>253.506083</ele>
        <time>2026-02-09T16:01:09.831Z</time>
      </trkpt>
      <trkpt lat="38.993217" lon="-0.262830">
        <ele>254.605451</ele>
        <time>2026-02-09T16:01:16.016Z</time>
      </trkpt>
      <trkpt lat="38.993378" lon="-0.262779">
        <ele>256.108829</ele>
        <time>2026-02-09T16:01:24.512Z</time>
      </trkpt>
      <trkpt lat="38.993625" lon="-0.262670">
        <ele>258.476444</ele>
        <time>2026-02-09T16:01:37.729Z</time>
      </trkpt>
      <trkpt lat="38.993871" lon="-0.262620">
        <ele>260.732205</ele>
        <time>2026-02-09T16:01:50.126Z</time>
      </trkpt>
      <trkpt lat="38.994128" lon="-0.262645">
        <ele>263.049189</ele>
        <time>2026-02-09T16:02:02.637Z</time>
      </trkpt>
      <trkpt lat="38.994368" lon="-0.262730">
        <ele>265.286998</ele>
        <time>2026-02-09T16:02:15.024Z</time>
      </trkpt>
      <trkpt lat="38.994519" lon="-0.262816">
        <ele>266.771508</ele>
        <time>2026-02-09T16:02:23.166Z</time>
      </trkpt>
      <trkpt lat="38.995668" lon="-0.263635">
        <ele>278.551701</ele>
        <time>2026-02-09T16:03:31.281Z</time>
      </trkpt>
      <trkpt lat="38.996099" lon="-0.263981">
        <ele>283.052620</ele>
        <time>2026-02-09T16:03:58.078Z</time>
      </trkpt>
      <trkpt lat="38.996324" lon="-0.264203">
        <ele>285.564743</ele>
        <time>2026-02-09T16:04:12.745Z</time>
      </trkpt>
      <trkpt lat="38.998176" lon="-0.266679">
        <ele>308.308493</ele>
        <time>2026-02-09T16:06:21.217Z</time>
      </trkpt>
      <trkpt lat="38.998681" lon="-0.267473">
        <ele>315.821898</ele>
        <time>2026-02-09T16:06:59.893Z</time>
      </trkpt>
      <trkpt lat="38.999135" lon="-0.268075">
        <ele>321.964766</ele>
        <time>2026-02-09T16:07:35.538Z</time>
      </trkpt>
      <trkpt lat="38.999288" lon="-0.268352">
        <ele>324.453351</ele>
        <time>2026-02-09T16:07:50.671Z</time>
      </trkpt>
      <trkpt lat="38.999561" lon="-0.268997">
        <ele>331.062441</ele>
        <time>2026-02-09T16:08:25.953Z</time>
      </trkpt>
      <trkpt lat="38.999885" lon="-0.269492">
        <ele>336.891347</ele>
        <time>2026-02-09T16:08:57.579Z</time>
      </trkpt>
      <trkpt lat="39.000024" lon="-0.269752">
        <ele>339.733662</ele>
        <time>2026-02-09T16:09:12.985Z</time>
      </trkpt>
      <trkpt lat="39.000241" lon="-0.270318">
        <ele>345.418604</ele>
        <time>2026-02-09T16:09:43.325Z</time>
      </trkpt>
      <trkpt lat="39.000508" lon="-0.271195">
        <ele>353.956661</ele>
        <time>2026-02-09T16:10:28.847Z</time>
      </trkpt>
      <trkpt lat="39.000718" lon="-0.271799">
        <ele>359.954718</ele>
        <time>2026-02-09T16:11:00.819Z</time>
      </trkpt>
      <trkpt lat="39.000779" lon="-0.272074">
        <ele>362.547070</ele>
        <time>2026-02-09T16:11:14.765Z</time>
      </trkpt>
      <trkpt lat="39.000842" lon="-0.272615">
        <ele>367.177210</ele>
        <time>2026-02-09T16:11:41.086Z</time>
      </trkpt>
      <trkpt lat="39.000887" lon="-0.272815">
        <ele>368.548499</ele>
        <time>2026-02-09T16:11:50.780Z</time>
      </trkpt>
      <trkpt lat="39.001186" lon="-0.273665">
        <ele>374.693334</ele>
        <time>2026-02-09T16:12:32.037Z</time>
      </trkpt>
      <trkpt lat="39.001457" lon="-0.274678">
        <ele>381.562646</ele>
        <time>2026-02-09T16:13:06.795Z</time>
      </trkpt>
      <trkpt lat="39.001539" lon="-0.275108">
        <ele>381.788854</ele>
        <time>2026-02-09T16:13:16.054Z</time>
      </trkpt>
      <trkpt lat="39.001605" lon="-0.275629">
        <ele>382.058550</ele>
        <time>2026-02-09T16:13:24.090Z</time>
      </trkpt>
      <trkpt lat="39.001621" lon="-0.275788">
        <ele>382.140463</ele>
        <time>2026-02-09T16:13:25.964Z</time>
      </trkpt>
      <trkpt lat="39.001697" lon="-0.276299">
        <ele>382.406274</ele>
        <time>2026-02-09T16:13:30.888Z</time>
      </trkpt>
      <trkpt lat="39.001797" lon="-0.276715">
        <ele>382.628747</ele>
        <time>2026-02-09T16:13:34.612Z</time>
      </trkpt>
      <trkpt lat="39.002261" lon="-0.278141">
        <ele>381.112407</ele>
        <time>2026-02-09T16:13:47.714Z</time>
      </trkpt>
      <trkpt lat="39.002756" lon="-0.279640">
        <ele>380.092434</ele>
        <time>2026-02-09T16:14:03.363Z</time>
      </trkpt>
      <trkpt lat="39.002848" lon="-0.279917">
        <ele>380.154970</ele>
        <time>2026-02-09T16:14:07.146Z</time>
      </trkpt>
      <trkpt lat="39.003753" lon="-0.282716">
        <ele>381.636637</ele>
        <time>2026-02-09T16:14:50.404Z</time>
      </trkpt>
      <trkpt lat="39.004026" lon="-0.283568">
        <ele>382.595195</ele>
        <time>2026-02-09T16:15:03.646Z</time>
      </trkpt>
      <trkpt lat="39.004169" lon="-0.283995">
        <ele>383.411124</ele>
        <time>2026-02-09T16:15:10.713Z</time>
      </trkpt>
      <trkpt lat="39.004643" lon="-0.283466">
        <ele>384.827961</ele>
        <time>2026-02-09T16:15:27.971Z</time>
      </trkpt>
      <trkpt lat="39.005328" lon="-0.283086">
        <ele>386.760252</ele>
        <time>2026-02-09T16:15:54.203Z</time>
      </trkpt>
      <trkpt lat="39.005729" lon="-0.282886">
        <ele>388.396725</ele>
        <time>2026-02-09T16:16:10.511Z</time>
      </trkpt>
      <trkpt lat="39.005755" lon="-0.282870">
        <ele>388.506389</ele>
        <time>2026-02-09T16:16:11.594Z</time>
      </trkpt>
      <trkpt lat="39.006360" lon="-0.282492">
        <ele>391.065513</ele>
        <time>2026-02-09T16:16:37.252Z</time>
      </trkpt>
      <trkpt lat="39.006446" lon="-0.282450">
        <ele>391.415531</ele>
        <time>2026-02-09T16:16:40.645Z</time>
      </trkpt>
      <trkpt lat="39.007133" lon="-0.283049">
        <ele>394.195736</ele>
        <time>2026-02-09T16:17:06.205Z</time>
      </trkpt>
      <trkpt lat="39.007145" lon="-0.283101">
        <ele>394.317773</ele>
        <time>2026-02-09T16:17:07.520Z</time>
      </trkpt>
      <trkpt lat="39.007099" lon="-0.283262">
        <ele>394.703691</ele>
        <time>2026-02-09T16:17:11.780Z</time>
      </trkpt>
      <trkpt lat="39.007501" lon="-0.283857">
        <ele>396.477511</ele>
        <time>2026-02-09T16:17:30.981Z</time>
      </trkpt>
      <trkpt lat="39.008044" lon="-0.283526">
        <ele>398.224209</ele>
        <time>2026-02-09T16:17:48.721Z</time>
      </trkpt>
      <trkpt lat="39.008323" lon="-0.284215">
        <ele>400.816135</ele>
        <time>2026-02-09T16:18:11.021Z</time>
      </trkpt>
      <trkpt lat="39.008512" lon="-0.284683">
        <ele>402.575675</ele>
        <time>2026-02-09T16:18:27.526Z</time>
      </trkpt>
      <trkpt lat="39.008802" lon="-0.285156">
        <ele>404.585658</ele>
        <time>2026-02-09T16:18:44.613Z</time>
      </trkpt>
      <trkpt lat="39.008888" lon="-0.285190">
        <ele>404.971904</ele>
        <time>2026-02-09T16:18:47.930Z</time>
      </trkpt>
      <trkpt lat="39.009327" lon="-0.285128">
        <ele>407.950805</ele>
        <time>2026-02-09T16:19:04.433Z</time>
      </trkpt>
      <trkpt lat="39.009335" lon="-0.285192">
        <ele>408.415176</ele>
        <time>2026-02-09T16:19:06.365Z</time>
      </trkpt>
      <trkpt lat="39.009415" lon="-0.285773">
        <ele>412.642120</ele>
        <time>2026-02-09T16:19:27.754Z</time>
      </trkpt>
      <trkpt lat="39.009578" lon="-0.286318">
        <ele>416.825538</ele>
        <time>2026-02-09T16:19:52.181Z</time>
      </trkpt>
      <trkpt lat="39.009630" lon="-0.286253">
        <ele>417.493849</ele>
        <time>2026-02-09T16:19:56.945Z</time>
      </trkpt>
      <trkpt lat="39.009972" lon="-0.285890">
        <ele>421.580807</ele>
        <time>2026-02-09T16:20:27.540Z</time>
      </trkpt>
      <trkpt lat="39.010273" lon="-0.285584">
        <ele>427.136198</ele>
        <time>2026-02-09T16:21:00.052Z</time>
      </trkpt>
      <trkpt lat="39.010478" lon="-0.285412">
        <ele>431.136944</ele>
        <time>2026-02-09T16:21:24.937Z</time>
      </trkpt>
      <trkpt lat="39.011047" lon="-0.285085">
        <ele>441.324496</ele>
        <time>2026-02-09T16:22:22.692Z</time>
      </trkpt>
      <trkpt lat="39.011326" lon="-0.284992">
        <ele>446.036196</ele>
        <time>2026-02-09T16:22:47.338Z</time>
      </trkpt>
      <trkpt lat="39.011399" lon="-0.284971">
        <ele>447.259077</ele>
        <time>2026-02-09T16:22:54.019Z</time>
      </trkpt>
      <trkpt lat="39.011447" lon="-0.284859">
        <ele>448.883874</ele>
        <time>2026-02-09T16:23:11.344Z</time>
      </trkpt>
      <trkpt lat="39.011502" lon="-0.284318">
        <ele>455.464387</ele>
        <time>2026-02-09T16:24:24.765Z</time>
      </trkpt>
      <trkpt lat="39.011492" lon="-0.283795">
        <ele>461.513582</ele>
        <time>2026-02-09T16:25:35.017Z</time>
      </trkpt>
      <trkpt lat="39.011700" lon="-0.283068">
        <ele>470.471501</ele>
        <time>2026-02-09T16:27:16.757Z</time>
      </trkpt>
      <trkpt lat="39.011750" lon="-0.282661">
        <ele>475.236017</ele>
        <time>2026-02-09T16:28:12.949Z</time>
      </trkpt>
      <trkpt lat="39.011900" lon="-0.282218">
        <ele>480.147395</ele>
        <time>2026-02-09T16:29:18.706Z</time>
      </trkpt>
      <trkpt lat="39.011942" lon="-0.281906">
        <ele>482.655599</ele>
        <time>2026-02-09T16:30:00.510Z</time>
      </trkpt>
      <trkpt lat="39.011933" lon="-0.281762">
        <ele>483.799925</ele>
        <time>2026-02-09T16:30:19.230Z</time>
      </trkpt>
      <trkpt lat="39.011843" lon="-0.281404">
        <ele>486.780416</ele>
        <time>2026-02-09T16:31:06.511Z</time>
      </trkpt>
      <trkpt lat="39.011802" lon="-0.280993">
        <ele>490.062722</ele>
        <time>2026-02-09T16:31:55.214Z</time>
      </trkpt>
      <trkpt lat="39.011822" lon="-0.280330">
        <ele>495.318390</ele>
        <time>2026-02-09T16:33:06.441Z</time>
      </trkpt>
      <trkpt lat="39.011794" lon="-0.279971">
        <ele>497.974299</ele>
        <time>2026-02-09T16:33:43.040Z</time>
      </trkpt>
      <trkpt lat="39.011652" lon="-0.279552">
        <ele>500.966534</ele>
        <time>2026-02-09T16:34:29.591Z</time>
      </trkpt>
      <trkpt lat="39.011372" lon="-0.279018">
        <ele>505.183456</ele>
        <time>2026-02-09T16:35:36.760Z</time>
      </trkpt>
      <trkpt lat="39.011293" lon="-0.278825">
        <ele>506.611385</ele>
        <time>2026-02-09T16:36:00.377Z</time>
      </trkpt>
      <trkpt lat="39.011223" lon="-0.278638">
        <ele>507.970106</ele>
        <time>2026-02-09T16:36:23.618Z</time>
      </trkpt>
      <trkpt lat="39.011116" lon="-0.278200">
        <ele>510.975567</ele>
        <time>2026-02-09T16:37:18.437Z</time>
      </trkpt>
      <trkpt lat="39.010897" lon="-0.277845">
        <ele>515.618188</ele>
        <time>2026-02-09T16:38:19.017Z</time>
      </trkpt>
      <trkpt lat="39.010790" lon="-0.277417">
        <ele>521.335038</ele>
        <time>2026-02-09T16:39:25.344Z</time>
      </trkpt>
      <trkpt lat="39.010762" lon="-0.277045">
        <ele>526.087242</ele>
        <time>2026-02-09T16:40:22.253Z</time>
      </trkpt>
      <trkpt lat="39.010775" lon="-0.276912">
        <ele>527.791695</ele>
        <time>2026-02-09T16:40:42.598Z</time>
      </trkpt>
      <trkpt lat="39.010965" lon="-0.276255">
        <ele>536.705410</ele>
        <time>2026-02-09T16:42:26.089Z</time>
      </trkpt>
      <trkpt lat="39.010976" lon="-0.276100">
        <ele>538.684467</ele>
        <time>2026-02-09T16:42:47.408Z</time>
      </trkpt>
      <trkpt lat="39.010925" lon="-0.275838">
        <ele>541.830622</ele>
        <time>2026-02-09T16:43:23.061Z</time>
      </trkpt>
      <trkpt lat="39.010745" lon="-0.275412">
        <ele>544.586204</ele>
        <time>2026-02-09T16:44:20.810Z</time>
      </trkpt>
      <trkpt lat="39.010666" lon="-0.275321">
        <ele>545.361584</ele>
        <time>2026-02-09T16:44:35.534Z</time>
      </trkpt>
      <trkpt lat="39.009684" lon="-0.274755">
        <ele>553.230635</ele>
        <time>2026-02-09T16:46:46.197Z</time>
      </trkpt>
      <trkpt lat="39.009555" lon="-0.274690">
        <ele>554.243790</ele>
        <time>2026-02-09T16:47:05.207Z</time>
      </trkpt>
      <trkpt lat="39.009307" lon="-0.274640">
        <ele>557.034399</ele>
        <time>2026-02-09T16:47:43.973Z</time>
      </trkpt>
      <trkpt lat="39.009249" lon="-0.274585">
        <ele>557.940164</ele>
        <time>2026-02-09T16:47:55.709Z</time>
      </trkpt>
      <trkpt lat="39.009228" lon="-0.274523">
        <ele>558.600893</ele>
        <time>2026-02-09T16:48:04.443Z</time>
      </trkpt>
      <trkpt lat="39.009294" lon="-0.274042">
        <ele>563.372558</ele>
        <time>2026-02-09T16:49:10.909Z</time>
      </trkpt>
      <trkpt lat="39.009290" lon="-0.273932">
        <ele>564.448341</ele>
        <time>2026-02-09T16:49:25.963Z</time>
      </trkpt>
      <trkpt lat="39.009141" lon="-0.273493">
        <ele>569.128270</ele>
        <time>2026-02-09T16:50:30.877Z</time>
      </trkpt>
      <trkpt lat="39.009020" lon="-0.272970">
        <ele>574.459212</ele>
        <time>2026-02-09T16:51:41.137Z</time>
      </trkpt>
      <trkpt lat="39.008935" lon="-0.272880">
        <ele>575.843057</ele>
        <time>2026-02-09T16:51:59.011Z</time>
      </trkpt>
      <trkpt lat="39.008829" lon="-0.272852">
        <ele>577.203494</ele>
        <time>2026-02-09T16:52:16.326Z</time>
      </trkpt>
      <trkpt lat="39.008524" lon="-0.272902">
        <ele>581.050940</ele>
        <time>2026-02-09T16:53:05.323Z</time>
      </trkpt>
      <trkpt lat="39.008234" lon="-0.273024">
        <ele>584.868039</ele>
        <time>2026-02-09T16:53:51.262Z</time>
      </trkpt>
      <trkpt lat="39.008153" lon="-0.273006">
        <ele>585.896419</ele>
        <time>2026-02-09T16:54:03.604Z</time>
      </trkpt>
      <trkpt lat="39.008105" lon="-0.272956">
        <ele>586.669016</ele>
        <time>2026-02-09T16:54:12.799Z</time>
      </trkpt>
      <trkpt lat="39.008076" lon="-0.272871">
        <ele>587.571500</ele>
        <time>2026-02-09T16:54:23.539Z</time>
      </trkpt>
      <trkpt lat="39.008089" lon="-0.272487">
        <ele>591.308168</ele>
        <time>2026-02-09T16:55:08.346Z</time>
      </trkpt>
      <trkpt lat="39.007719" lon="-0.271631">
        <ele>601.104153</ele>
        <time>2026-02-09T16:57:17.808Z</time>
      </trkpt>
      <trkpt lat="39.007738" lon="-0.271530">
        <ele>602.401094</ele>
        <time>2026-02-09T16:57:33.090Z</time>
      </trkpt>
      <trkpt lat="39.007795" lon="-0.271521">
        <ele>603.323443</ele>
        <time>2026-02-09T16:57:43.854Z</time>
      </trkpt>
      <trkpt lat="39.008279" lon="-0.271781">
        <ele>611.747107</ele>
        <time>2026-02-09T16:59:22.610Z</time>
      </trkpt>
      <trkpt lat="39.008311" lon="-0.271772">
        <ele>612.273194</ele>
        <time>2026-02-09T16:59:28.491Z</time>
      </trkpt>
      <trkpt lat="39.008334" lon="-0.271728">
        <ele>612.935018</ele>
        <time>2026-02-09T16:59:36.000Z</time>
      </trkpt>
      <trkpt lat="39.008326" lon="-0.271669">
        <ele>613.682487</ele>
        <time>2026-02-09T16:59:44.359Z</time>
      </trkpt>
      <trkpt lat="39.008207" lon="-0.271531">
        <ele>616.255280</ele>
        <time>2026-02-09T17:00:12.773Z</time>
      </trkpt>
      <trkpt lat="39.008159" lon="-0.271424">
        <ele>617.797240</ele>
        <time>2026-02-09T17:00:29.891Z</time>
      </trkpt>
      <trkpt lat="39.008181" lon="-0.271383">
        <ele>618.419080</ele>
        <time>2026-02-09T17:00:36.708Z</time>
      </trkpt>
      <trkpt lat="39.008224" lon="-0.271372">
        <ele>619.123222</ele>
        <time>2026-02-09T17:00:44.453Z</time>
      </trkpt>
      <trkpt lat="39.008815" lon="-0.271746">
        <ele>629.464635</ele>
        <time>2026-02-09T17:02:41.189Z</time>
      </trkpt>
      <trkpt lat="39.009043" lon="-0.271809">
        <ele>632.273862</ele>
        <time>2026-02-09T17:03:18.977Z</time>
      </trkpt>
      <trkpt lat="39.009487" lon="-0.271875">
        <ele>637.658124</ele>
        <time>2026-02-09T17:04:28.664Z</time>
      </trkpt>
      <trkpt lat="39.009540" lon="-0.271909">
        <ele>638.371523</ele>
        <time>2026-02-09T17:04:38.036Z</time>
      </trkpt>
      <trkpt lat="39.009672" lon="-0.272109">
        <ele>640.827842</ele>
        <time>2026-02-09T17:05:08.665Z</time>
      </trkpt>
      <trkpt lat="39.009815" lon="-0.272448">
        <ele>644.438556</ele>
        <time>2026-02-09T17:05:54.216Z</time>
      </trkpt>
      <trkpt lat="39.009881" lon="-0.272552">
        <ele>645.695485</ele>
        <time>2026-02-09T17:06:10.666Z</time>
      </trkpt>
      <trkpt lat="39.010102" lon="-0.272841">
        <ele>649.491026</ele>
        <time>2026-02-09T17:07:01.517Z</time>
      </trkpt>
      <trkpt lat="39.010228" lon="-0.273070">
        <ele>652.240802</ele>
        <time>2026-02-09T17:07:37.288Z</time>
      </trkpt>
      <trkpt lat="39.010492" lon="-0.273394">
        <ele>656.954929</ele>
        <time>2026-02-09T17:08:37.201Z</time>
      </trkpt>
      <trkpt lat="39.010609" lon="-0.273459">
        <ele>658.601726</ele>
        <time>2026-02-09T17:08:59.018Z</time>
      </trkpt>
      <trkpt lat="39.010924" lon="-0.273511">
        <ele>662.705675</ele>
        <time>2026-02-09T17:09:54.950Z</time>
      </trkpt>
      <trkpt lat="39.011042" lon="-0.273498">
        <ele>664.236111</ele>
        <time>2026-02-09T17:10:15.686Z</time>
      </trkpt>
      <trkpt lat="39.011065" lon="-0.273458">
        <ele>664.735768</ele>
        <time>2026-02-09T17:10:22.300Z</time>
      </trkpt>
      <trkpt lat="39.011100" lon="-0.273380">
        <ele>665.640190</ele>
        <time>2026-02-09T17:10:27.814Z</time>
      </trkpt>
      <trkpt lat="39.011133" lon="-0.272934">
        <ele>670.138786</ele>
        <time>2026-02-09T17:10:52.988Z</time>
      </trkpt>
      <trkpt lat="39.011132" lon="-0.272494">
        <ele>674.106429</ele>
        <time>2026-02-09T17:11:13.641Z</time>
      </trkpt>
      <trkpt lat="39.011201" lon="-0.271987">
        <ele>676.660790</ele>
        <time>2026-02-09T17:11:29.808Z</time>
      </trkpt>
      <trkpt lat="39.011167" lon="-0.271189">
        <ele>680.626928</ele>
        <time>2026-02-09T17:11:48.236Z</time>
      </trkpt>
      <trkpt lat="39.011143" lon="-0.271012">
        <ele>681.518589</ele>
        <time>2026-02-09T17:11:53.603Z</time>
      </trkpt>
      <trkpt lat="39.011120" lon="-0.270792">
        <ele>682.620209</ele>
        <time>2026-02-09T17:12:00.481Z</time>
      </trkpt>
      <trkpt lat="39.011158" lon="-0.270470">
        <ele>684.236506</ele>
        <time>2026-02-09T17:12:09.761Z</time>
      </trkpt>
      <trkpt lat="39.011135" lon="-0.270427">
        <ele>684.495572</ele>
        <time>2026-02-09T17:12:11.169Z</time>
      </trkpt>
      <trkpt lat="39.011100" lon="-0.270421">
        <ele>684.721082</ele>
        <time>2026-02-09T17:12:12.292Z</time>
      </trkpt>
      <trkpt lat="39.011060" lon="-0.270431">
        <ele>684.981327</ele>
        <time>2026-02-09T17:12:13.552Z</time>
      </trkpt>
      <trkpt lat="39.010981" lon="-0.270547">
        <ele>686.258130</ele>
        <time>2026-02-09T17:12:17.336Z</time>
      </trkpt>
      <trkpt lat="39.010719" lon="-0.270996">
        <ele>691.447007</ele>
        <time>2026-02-09T17:12:37.339Z</time>
      </trkpt>
      <trkpt lat="39.010632" lon="-0.271089">
        <ele>692.792040</ele>
        <time>2026-02-09T17:12:43.744Z</time>
      </trkpt>
      <trkpt lat="39.010444" lon="-0.271130">
        <ele>695.059741</ele>
        <time>2026-02-09T17:12:55.137Z</time>
      </trkpt>
      <trkpt lat="39.010320" lon="-0.271321">
        <ele>697.359753</ele>
        <time>2026-02-09T17:13:08.189Z</time>
      </trkpt>
      <trkpt lat="39.010275" lon="-0.271343">
        <ele>697.932238</ele>
        <time>2026-02-09T17:13:11.581Z</time>
      </trkpt>
      <trkpt lat="39.010212" lon="-0.271330">
        <ele>698.691048</ele>
        <time>2026-02-09T17:13:16.029Z</time>
      </trkpt>
      <trkpt lat="39.010175" lon="-0.271223">
        <ele>699.773328</ele>
        <time>2026-02-09T17:13:22.718Z</time>
      </trkpt>
      <trkpt lat="39.010188" lon="-0.271158">
        <ele>700.393572</ele>
        <time>2026-02-09T17:13:26.605Z</time>
      </trkpt>
      <trkpt lat="39.010456" lon="-0.270384">
        <ele>709.437801</ele>
        <time>2026-02-09T17:14:16.341Z</time>
      </trkpt>
      <trkpt lat="39.010564" lon="-0.269944">
        <ele>716.782924</ele>
        <time>2026-02-09T17:14:51.029Z</time>
      </trkpt>
      <trkpt lat="39.010593" lon="-0.269089">
        <ele>730.405887</ele>
        <time>2026-02-09T17:16:01.362Z</time>
      </trkpt>
      <trkpt lat="39.010503" lon="-0.268745">
        <ele>736.183790</ele>
        <time>2026-02-09T17:16:31.268Z</time>
      </trkpt>
      <trkpt lat="39.010433" lon="-0.268271">
        <ele>743.767122</ele>
        <time>2026-02-09T17:17:10.446Z</time>
      </trkpt>
      <trkpt lat="39.010395" lon="-0.267749">
        <ele>750.402003</ele>
        <time>2026-02-09T17:17:51.250Z</time>
      </trkpt>
      <trkpt lat="39.010334" lon="-0.267449">
        <ele>754.326365</ele>
        <time>2026-02-09T17:18:13.612Z</time>
      </trkpt>
      <trkpt lat="39.010355" lon="-0.267049">
        <ele>759.399944</ele>
        <time>2026-02-09T17:18:40.658Z</time>
      </trkpt>
      <trkpt lat="39.010340" lon="-0.266963">
        <ele>760.515364</ele>
        <time>2026-02-09T17:18:46.263Z</time>
      </trkpt>
      <trkpt lat="39.010309" lon="-0.266959">
        <ele>761.022775</ele>
        <time>2026-02-09T17:18:48.781Z</time>
      </trkpt>
      <trkpt lat="39.010283" lon="-0.266992">
        <ele>761.617513</ele>
        <time>2026-02-09T17:18:51.668Z</time>
      </trkpt>
      <trkpt lat="39.010167" lon="-0.267281">
        <ele>765.733973</ele>
        <time>2026-02-09T17:19:10.861Z</time>
      </trkpt>
      <trkpt lat="39.009954" lon="-0.268157">
        <ele>773.335597</ele>
        <time>2026-02-09T17:19:53.157Z</time>
      </trkpt>
      <trkpt lat="39.009919" lon="-0.268176">
        <ele>773.421914</ele>
        <time>2026-02-09T17:19:54.813Z</time>
      </trkpt>
      <trkpt lat="39.009899" lon="-0.268131">
        <ele>773.513448</ele>
        <time>2026-02-09T17:19:56.464Z</time>
      </trkpt>
      <trkpt lat="39.009952" lon="-0.267576">
        <ele>774.500771</ele>
        <time>2026-02-09T17:20:08.594Z</time>
      </trkpt>
      <trkpt lat="39.009911" lon="-0.267491">
        <ele>774.677419</ele>
        <time>2026-02-09T17:20:09.710Z</time>
      </trkpt>
      <trkpt lat="39.009863" lon="-0.267510">
        <ele>774.791533</ele>
        <time>2026-02-09T17:20:10.386Z</time>
      </trkpt>
      <trkpt lat="39.009845" lon="-0.267739">
        <ele>775.197937</ele>
        <time>2026-02-09T17:20:12.342Z</time>
      </trkpt>
      <trkpt lat="39.009735" lon="-0.268008">
        <ele>775.734660</ele>
        <time>2026-02-09T17:20:14.638Z</time>
      </trkpt>
      <trkpt lat="39.009670" lon="-0.268242">
        <ele>776.173437</ele>
        <time>2026-02-09T17:20:16.585Z</time>
      </trkpt>
      <trkpt lat="39.009645" lon="-0.268637">
        <ele>777.035322</ele>
        <time>2026-02-09T17:20:19.858Z</time>
      </trkpt>
      <trkpt lat="39.009555" lon="-0.269013">
        <ele>778.840611</ele>
        <time>2026-02-09T17:20:23.516Z</time>
      </trkpt>
      <trkpt lat="39.009461" lon="-0.269191">
        <ele>779.828140</ele>
        <time>2026-02-09T17:20:26.101Z</time>
      </trkpt>
      <trkpt lat="39.009394" lon="-0.269182">
        <ele>780.225934</ele>
        <time>2026-02-09T17:20:27.663Z</time>
      </trkpt>
      <trkpt lat="39.009440" lon="-0.268979">
        <ele>781.196207</ele>
        <time>2026-02-09T17:20:31.952Z</time>
      </trkpt>
      <trkpt lat="39.009430" lon="-0.268800">
        <ele>782.019676</ele>
        <time>2026-02-09T17:20:36.870Z</time>
      </trkpt>
      <trkpt lat="39.009362" lon="-0.268494">
        <ele>783.480060</ele>
        <time>2026-02-09T17:20:48.900Z</time>
      </trkpt>
      <trkpt lat="39.009236" lon="-0.268243">
        <ele>784.851220</ele>
        <time>2026-02-09T17:21:04.823Z</time>
      </trkpt>
      <trkpt lat="39.009193" lon="-0.268032">
        <ele>785.852149</ele>
        <time>2026-02-09T17:21:17.793Z</time>
      </trkpt>
      <trkpt lat="39.009261" lon="-0.267716">
        <ele>787.356707</ele>
        <time>2026-02-09T17:21:38.354Z</time>
      </trkpt>
      <trkpt lat="39.009364" lon="-0.266877">
        <ele>786.893693</ele>
        <time>2026-02-09T17:22:10.233Z</time>
      </trkpt>
      <trkpt lat="39.009383" lon="-0.266706">
        <ele>786.791195</ele>
        <time>2026-02-09T17:22:13.018Z</time>
      </trkpt>
      <trkpt lat="39.009395" lon="-0.266654">
        <ele>786.759007</ele>
        <time>2026-02-09T17:22:14.596Z</time>
      </trkpt>
      <trkpt lat="39.009383" lon="-0.266706">
        <ele>786.726820</ele>
        <time>2026-02-09T17:22:16.131Z</time>
      </trkpt>
      <trkpt lat="39.009364" lon="-0.266877">
        <ele>786.624322</ele>
        <time>2026-02-09T17:22:17.669Z</time>
      </trkpt>
      <trkpt lat="39.009261" lon="-0.267716">
        <ele>786.120308</ele>
        <time>2026-02-09T17:22:23.472Z</time>
      </trkpt>
      <trkpt lat="39.009193" lon="-0.268032">
        <ele>785.399016</ele>
        <time>2026-02-09T17:22:25.575Z</time>
      </trkpt>
      <trkpt lat="39.009236" lon="-0.268243">
        <ele>784.542541</ele>
        <time>2026-02-09T17:22:26.984Z</time>
      </trkpt>
      <trkpt lat="39.009362" lon="-0.268494">
        <ele>783.369268</ele>
        <time>2026-02-09T17:22:28.931Z</time>
      </trkpt>
      <trkpt lat="39.009430" lon="-0.268800">
        <ele>782.119646</ele>
        <time>2026-02-09T17:22:31.098Z</time>
      </trkpt>
      <trkpt lat="39.009440" lon="-0.268979">
        <ele>781.415021</ele>
        <time>2026-02-09T17:22:32.409Z</time>
      </trkpt>
      <trkpt lat="39.009394" lon="-0.269182">
        <ele>780.584778</ele>
        <time>2026-02-09T17:22:34.107Z</time>
      </trkpt>
      <trkpt lat="39.009461" lon="-0.269191">
        <ele>780.244394</ele>
        <time>2026-02-09T17:22:34.839Z</time>
      </trkpt>
      <trkpt lat="39.009555" lon="-0.269013">
        <ele>779.399385</ele>
        <time>2026-02-09T17:22:37.208Z</time>
      </trkpt>
      <trkpt lat="39.009645" lon="-0.268637">
        <ele>777.854636</ele>
        <time>2026-02-09T17:22:43.186Z</time>
      </trkpt>
      <trkpt lat="39.009670" lon="-0.268242">
        <ele>776.536291</ele>
        <time>2026-02-09T17:22:50.724Z</time>
      </trkpt>
      <trkpt lat="39.009735" lon="-0.268008">
        <ele>775.927223</ele>
        <time>2026-02-09T17:22:56.211Z</time>
      </trkpt>
      <trkpt lat="39.009845" lon="-0.267739">
        <ele>775.182194</ele>
        <time>2026-02-09T17:23:03.517Z</time>
      </trkpt>
      <trkpt lat="39.009863" lon="-0.267510">
        <ele>774.618062</ele>
        <time>2026-02-09T17:23:07.662Z</time>
      </trkpt>
      <trkpt lat="39.009911" lon="-0.267491">
        <ele>774.459660</ele>
        <time>2026-02-09T17:23:08.486Z</time>
      </trkpt>
      <trkpt lat="39.009952" lon="-0.267576">
        <ele>774.214454</ele>
        <time>2026-02-09T17:23:09.662Z</time>
      </trkpt>
      <trkpt lat="39.009899" lon="-0.268131">
        <ele>772.843945</ele>
        <time>2026-02-09T17:23:14.050Z</time>
      </trkpt>
      <trkpt lat="39.009919" lon="-0.268176">
        <ele>772.716885</ele>
        <time>2026-02-09T17:23:14.421Z</time>
      </trkpt>
      <trkpt lat="39.009954" lon="-0.268157">
        <ele>772.597068</ele>
        <time>2026-02-09T17:23:14.761Z</time>
      </trkpt>
      <trkpt lat="39.010167" lon="-0.267281">
        <ele>766.318108</ele>
        <time>2026-02-09T17:23:20.834Z</time>
      </trkpt>
      <trkpt lat="39.010283" lon="-0.266992">
        <ele>761.992601</ele>
        <time>2026-02-09T17:23:22.933Z</time>
      </trkpt>
      <trkpt lat="39.010309" lon="-0.266959">
        <ele>761.367661</ele>
        <time>2026-02-09T17:23:23.231Z</time>
      </trkpt>
      <trkpt lat="39.010340" lon="-0.266963">
        <ele>760.834481</ele>
        <time>2026-02-09T17:23:23.489Z</time>
      </trkpt>
      <trkpt lat="39.010355" lon="-0.267049">
        <ele>759.662417</ele>
        <time>2026-02-09T17:23:24.048Z</time>
      </trkpt>
      <trkpt lat="39.010334" lon="-0.267449">
        <ele>754.331184</ele>
        <time>2026-02-09T17:23:26.610Z</time>
      </trkpt>
      <trkpt lat="39.010395" lon="-0.267749">
        <ele>750.207530</ele>
        <time>2026-02-09T17:23:28.581Z</time>
      </trkpt>
      <trkpt lat="39.010433" lon="-0.268271">
        <ele>743.235708</ele>
        <time>2026-02-09T17:23:31.904Z</time>
      </trkpt>
      <trkpt lat="39.010503" lon="-0.268745">
        <ele>736.166597</ele>
        <time>2026-02-09T17:23:34.957Z</time>
      </trkpt>
      <trkpt lat="39.010593" lon="-0.269089">
        <ele>730.477753</ele>
        <time>2026-02-09T17:23:37.258Z</time>
      </trkpt>
      <trkpt lat="39.010564" lon="-0.269944">
        <ele>717.064769</ele>
        <time>2026-02-09T17:23:42.668Z</time>
      </trkpt>
      <trkpt lat="39.010456" lon="-0.270384">
        <ele>709.832860</ele>
        <time>2026-02-09T17:23:45.599Z</time>
      </trkpt>
      <trkpt lat="39.010188" lon="-0.271158">
        <ele>699.990742</ele>
        <time>2026-02-09T17:23:51.065Z</time>
      </trkpt>
      <trkpt lat="39.010175" lon="-0.271223">
        <ele>699.411899</ele>
        <time>2026-02-09T17:23:51.500Z</time>
      </trkpt>
      <trkpt lat="39.010212" lon="-0.271330">
        <ele>698.401861</ele>
        <time>2026-02-09T17:23:52.252Z</time>
      </trkpt>
      <trkpt lat="39.010275" lon="-0.271343">
        <ele>697.693703</ele>
        <time>2026-02-09T17:23:52.787Z</time>
      </trkpt>
      <trkpt lat="39.010320" lon="-0.271321">
        <ele>697.159431</ele>
        <time>2026-02-09T17:23:53.189Z</time>
      </trkpt>
      <trkpt lat="39.010444" lon="-0.271130">
        <ele>695.012946</ele>
        <time>2026-02-09T17:23:54.813Z</time>
      </trkpt>
      <trkpt lat="39.010632" lon="-0.271089">
        <ele>692.896615</ele>
        <time>2026-02-09T17:23:56.431Z</time>
      </trkpt>
      <trkpt lat="39.010719" lon="-0.270996">
        <ele>691.641363</ele>
        <time>2026-02-09T17:23:57.398Z</time>
      </trkpt>
      <trkpt lat="39.010981" lon="-0.270547">
        <ele>686.798846</ele>
        <time>2026-02-09T17:24:01.276Z</time>
      </trkpt>
      <trkpt lat="39.011060" lon="-0.270431">
        <ele>685.468590</ele>
        <time>2026-02-09T17:24:02.434Z</time>
      </trkpt>
      <trkpt lat="39.011100" lon="-0.270421">
        <ele>685.016337</ele>
        <time>2026-02-09T17:24:02.827Z</time>
      </trkpt>
      <trkpt lat="39.011135" lon="-0.270427">
        <ele>684.624447</ele>
        <time>2026-02-09T17:24:03.168Z</time>
      </trkpt>
      <trkpt lat="39.011158" lon="-0.270470">
        <ele>684.198595</ele>
        <time>2026-02-09T17:24:03.552Z</time>
      </trkpt>
      <trkpt lat="39.011120" lon="-0.270792">
        <ele>682.515639</ele>
        <time>2026-02-09T17:24:05.902Z</time>
      </trkpt>
      <trkpt lat="39.011143" lon="-0.271012">
        <ele>681.368587</ele>
        <time>2026-02-09T17:24:07.475Z</time>
      </trkpt>
      <trkpt lat="39.011167" lon="-0.271189">
        <ele>680.440152</ele>
        <time>2026-02-09T17:24:08.765Z</time>
      </trkpt>
      <trkpt lat="39.011201" lon="-0.271987">
        <ele>676.310445</ele>
        <time>2026-02-09T17:24:14.899Z</time>
      </trkpt>
      <trkpt lat="39.011132" lon="-0.272494">
        <ele>673.650737</ele>
        <time>2026-02-09T17:24:18.537Z</time>
      </trkpt>
      <trkpt lat="39.011133" lon="-0.272934">
        <ele>670.507829</ele>
        <time>2026-02-09T17:24:21.449Z</time>
      </trkpt>
      <trkpt lat="39.011100" lon="-0.273380">
        <ele>665.948436</ele>
        <time>2026-02-09T17:24:24.346Z</time>
      </trkpt>
      <trkpt lat="39.011065" lon="-0.273458">
        <ele>665.031791</ele>
        <time>2026-02-09T17:24:24.929Z</time>
      </trkpt>
      <trkpt lat="39.011042" lon="-0.273498">
        <ele>664.525381</ele>
        <time>2026-02-09T17:24:28.161Z</time>
      </trkpt>
      <trkpt lat="39.010924" lon="-0.273511">
        <ele>662.974262</ele>
        <time>2026-02-09T17:24:37.866Z</time>
      </trkpt>
      <trkpt lat="39.010609" lon="-0.273459">
        <ele>658.814850</ele>
        <time>2026-02-09T17:25:04.129Z</time>
      </trkpt>
      <trkpt lat="39.010492" lon="-0.273394">
        <ele>657.145797</ele>
        <time>2026-02-09T17:25:14.662Z</time>
      </trkpt>
      <trkpt lat="39.010228" lon="-0.273070">
        <ele>652.367960</ele>
        <time>2026-02-09T17:25:45.686Z</time>
      </trkpt>
      <trkpt lat="39.010102" lon="-0.272841">
        <ele>649.512327</ele>
        <time>2026-02-09T17:26:04.223Z</time>
      </trkpt>
      <trkpt lat="39.009881" lon="-0.272552">
        <ele>645.618415</ele>
        <time>2026-02-09T17:26:31.189Z</time>
      </trkpt>
      <trkpt lat="39.009815" lon="-0.272448">
        <ele>644.347313</ele>
        <time>2026-02-09T17:26:40.223Z</time>
      </trkpt>
      <trkpt lat="39.009672" lon="-0.272109">
        <ele>640.695884</ele>
        <time>2026-02-09T17:27:06.598Z</time>
      </trkpt>
      <trkpt lat="39.009540" lon="-0.271909">
        <ele>638.211867</ele>
        <time>2026-02-09T17:27:24.767Z</time>
      </trkpt>
      <trkpt lat="39.009487" lon="-0.271875">
        <ele>637.490424</ele>
        <time>2026-02-09T17:27:29.885Z</time>
      </trkpt>
      <trkpt lat="39.009043" lon="-0.271809">
        <ele>632.045449</ele>
        <time>2026-02-09T17:28:08.759Z</time>
      </trkpt>
      <trkpt lat="39.008815" lon="-0.271746">
        <ele>629.204545</ele>
        <time>2026-02-09T17:28:28.670Z</time>
      </trkpt>
      <trkpt lat="39.008224" lon="-0.271372">
        <ele>619.349020</ele>
        <time>2026-02-09T17:29:22.778Z</time>
      </trkpt>
      <trkpt lat="39.008181" lon="-0.271383">
        <ele>618.640899</ele>
        <time>2026-02-09T17:29:26.405Z</time>
      </trkpt>
      <trkpt lat="39.008159" lon="-0.271424">
        <ele>618.015544</ele>
        <time>2026-02-09T17:29:29.597Z</time>
      </trkpt>
      <trkpt lat="39.008207" lon="-0.271531">
        <ele>616.464870</ele>
        <time>2026-02-09T17:29:37.501Z</time>
      </trkpt>
      <trkpt lat="39.008326" lon="-0.271669">
        <ele>613.877537</ele>
        <time>2026-02-09T17:29:50.639Z</time>
      </trkpt>
      <trkpt lat="39.008334" lon="-0.271728">
        <ele>613.125845</ele>
        <time>2026-02-09T17:29:54.424Z</time>
      </trkpt>
      <trkpt lat="39.008311" lon="-0.271772">
        <ele>612.460280</ele>
        <time>2026-02-09T17:29:57.785Z</time>
      </trkpt>
      <trkpt lat="39.008279" lon="-0.271781">
        <ele>611.931220</ele>
        <time>2026-02-09T17:30:00.387Z</time>
      </trkpt>
      <trkpt lat="39.007795" lon="-0.271521">
        <ele>603.459952</ele>
        <time>2026-02-09T17:30:42.613Z</time>
      </trkpt>
      <trkpt lat="39.007738" lon="-0.271530">
        <ele>602.532390</ele>
        <time>2026-02-09T17:30:47.241Z</time>
      </trkpt>
      <trkpt lat="39.007719" lon="-0.271631">
        <ele>601.228120</ele>
        <time>2026-02-09T17:30:53.777Z</time>
      </trkpt>
      <trkpt lat="39.008089" lon="-0.272487">
        <ele>591.052579</ele>
        <time>2026-02-09T17:31:57.354Z</time>
      </trkpt>
      <trkpt lat="39.008076" lon="-0.272871">
        <ele>587.387232</ele>
        <time>2026-02-09T17:32:23.969Z</time>
      </trkpt>
      <trkpt lat="39.008105" lon="-0.272956">
        <ele>586.501972</ele>
        <time>2026-02-09T17:32:30.356Z</time>
      </trkpt>
      <trkpt lat="39.008153" lon="-0.273006">
        <ele>585.744122</ele>
        <time>2026-02-09T17:32:35.798Z</time>
      </trkpt>
      <trkpt lat="39.008234" lon="-0.273024">
        <ele>584.735370</ele>
        <time>2026-02-09T17:32:43.132Z</time>
      </trkpt>
      <trkpt lat="39.008524" lon="-0.272902">
        <ele>580.991127</ele>
        <time>2026-02-09T17:33:10.258Z</time>
      </trkpt>
      <trkpt lat="39.008829" lon="-0.272852">
        <ele>577.217888</ele>
        <time>2026-02-09T17:33:36.734Z</time>
      </trkpt>
      <trkpt lat="39.008935" lon="-0.272880">
        <ele>575.889924</ele>
        <time>2026-02-09T17:33:45.954Z</time>
      </trkpt>
      <trkpt lat="39.009020" lon="-0.272970">
        <ele>574.537842</ele>
        <time>2026-02-09T17:33:55.415Z</time>
      </trkpt>
      <trkpt lat="39.009141" lon="-0.273493">
        <ele>569.328360</ele>
        <time>2026-02-09T17:34:31.288Z</time>
      </trkpt>
      <trkpt lat="39.009290" lon="-0.273932">
        <ele>564.755059</ele>
        <time>2026-02-09T17:35:02.105Z</time>
      </trkpt>
      <trkpt lat="39.009294" lon="-0.274042">
        <ele>563.703786</ele>
        <time>2026-02-09T17:35:09.162Z</time>
      </trkpt>
      <trkpt lat="39.009228" lon="-0.274523">
        <ele>559.040838</ele>
        <time>2026-02-09T17:35:40.566Z</time>
      </trkpt>
      <trkpt lat="39.009249" lon="-0.274585">
        <ele>558.395163</ele>
        <time>2026-02-09T17:35:45.042Z</time>
      </trkpt>
      <trkpt lat="39.009307" lon="-0.274640">
        <ele>557.510035</ele>
        <time>2026-02-09T17:35:51.147Z</time>
      </trkpt>
      <trkpt lat="39.009555" lon="-0.274690">
        <ele>554.426004</ele>
        <time>2026-02-09T17:36:13.144Z</time>
      </trkpt>
      <trkpt lat="39.009684" lon="-0.274755">
        <ele>553.047321</ele>
        <time>2026-02-09T17:36:26.027Z</time>
      </trkpt>
      <trkpt lat="39.010666" lon="-0.275321">
        <ele>544.807275</ele>
        <time>2026-02-09T17:38:16.406Z</time>
      </trkpt>
      <trkpt lat="39.010745" lon="-0.275412">
        <ele>543.995339</ele>
        <time>2026-02-09T17:38:26.257Z</time>
      </trkpt>
      <trkpt lat="39.010925" lon="-0.275838">
        <ele>541.109842</ele>
        <time>2026-02-09T17:38:59.329Z</time>
      </trkpt>
      <trkpt lat="39.010976" lon="-0.276100">
        <ele>539.153465</ele>
        <time>2026-02-09T17:39:16.950Z</time>
      </trkpt>
      <trkpt lat="39.010965" lon="-0.276255">
        <ele>537.168890</ele>
        <time>2026-02-09T17:39:26.917Z</time>
      </trkpt>
      <trkpt lat="39.010775" lon="-0.276912">
        <ele>528.230325</ele>
        <time>2026-02-09T17:40:10.615Z</time>
      </trkpt>
      <trkpt lat="39.010762" lon="-0.277045">
        <ele>526.521121</ele>
        <time>2026-02-09T17:40:18.853Z</time>
      </trkpt>
      <trkpt lat="39.010790" lon="-0.277417">
        <ele>521.755669</ele>
        <time>2026-02-09T17:40:41.936Z</time>
      </trkpt>
      <trkpt lat="39.010897" lon="-0.277845">
        <ele>516.022882</ele>
        <time>2026-02-09T17:41:09.958Z</time>
      </trkpt>
      <trkpt lat="39.011116" lon="-0.278200">
        <ele>510.269281</ele>
        <time>2026-02-09T17:41:39.257Z</time>
      </trkpt>
      <trkpt lat="39.011223" lon="-0.278638">
        <ele>507.461541</ele>
        <time>2026-02-09T17:42:10.514Z</time>
      </trkpt>
      <trkpt lat="39.011293" lon="-0.278825">
        <ele>506.192207</ele>
        <time>2026-02-09T17:42:25.263Z</time>
      </trkpt>
      <trkpt lat="39.011372" lon="-0.279018">
        <ele>504.858217</ele>
        <time>2026-02-09T17:42:40.957Z</time>
      </trkpt>
      <trkpt lat="39.011652" lon="-0.279552">
        <ele>500.918714</ele>
        <time>2026-02-09T17:43:28.568Z</time>
      </trkpt>
      <trkpt lat="39.011794" lon="-0.279971">
        <ele>498.123330</ele>
        <time>2026-02-09T17:44:02.949Z</time>
      </trkpt>
      <trkpt lat="39.011822" lon="-0.280330">
        <ele>495.834465</ele>
        <time>2026-02-09T17:44:30.094Z</time>
      </trkpt>
      <trkpt lat="39.011802" lon="-0.280993">
        <ele>490.261263</ele>
        <time>2026-02-09T17:45:18.179Z</time>
      </trkpt>
      <trkpt lat="39.011843" lon="-0.281404">
        <ele>486.780649</ele>
        <time>2026-02-09T17:45:46.668Z</time>
      </trkpt>
      <trkpt lat="39.011933" lon="-0.281762">
        <ele>483.620083</ele>
        <time>2026-02-09T17:46:11.703Z</time>
      </trkpt>
      <trkpt lat="39.011942" lon="-0.281906">
        <ele>482.406621</ele>
        <time>2026-02-09T17:46:21.167Z</time>
      </trkpt>
      <trkpt lat="39.011900" lon="-0.282218">
        <ele>479.746877</ele>
        <time>2026-02-09T17:46:41.714Z</time>
      </trkpt>
      <trkpt lat="39.011750" lon="-0.282661">
        <ele>475.299379</ele>
        <time>2026-02-09T17:47:12.792Z</time>
      </trkpt>
      <trkpt lat="39.011700" lon="-0.283068">
        <ele>470.501906</ele>
        <time>2026-02-09T17:47:39.196Z</time>
      </trkpt>
      <trkpt lat="39.011492" lon="-0.283795">
        <ele>461.482024</ele>
        <time>2026-02-09T17:48:29.705Z</time>
      </trkpt>
      <trkpt lat="39.011502" lon="-0.284318">
        <ele>455.390985</ele>
        <time>2026-02-09T17:49:03.463Z</time>
      </trkpt>
      <trkpt lat="39.011447" lon="-0.284859">
        <ele>448.922428</ele>
        <time>2026-02-09T17:49:38.647Z</time>
      </trkpt>
      <trkpt lat="39.011399" lon="-0.284971">
        <ele>447.187874</ele>
        <time>2026-02-09T17:49:46.795Z</time>
      </trkpt>
      <trkpt lat="39.011326" lon="-0.284992">
        <ele>445.882386</ele>
        <time>2026-02-09T17:49:47.669Z</time>
      </trkpt>
      <trkpt lat="39.011047" lon="-0.285085">
        <ele>440.852405</ele>
        <time>2026-02-09T17:49:51.004Z</time>
      </trkpt>
      <trkpt lat="39.010478" lon="-0.285412">
        <ele>429.976673</ele>
        <time>2026-02-09T17:49:58.184Z</time>
      </trkpt>
      <trkpt lat="39.010273" lon="-0.285584">
        <ele>425.705673</ele>
        <time>2026-02-09T17:50:00.971Z</time>
      </trkpt>
      <trkpt lat="39.009972" lon="-0.285890">
        <ele>419.011093</ele>
        <time>2026-02-09T17:50:05.369Z</time>
      </trkpt>
      <trkpt lat="39.009630" lon="-0.286253">
        <ele>412.513747</ele>
        <time>2026-02-09T17:50:10.489Z</time>
      </trkpt>
      <trkpt lat="39.009578" lon="-0.286318">
        <ele>411.470157</ele>
        <time>2026-02-09T17:50:11.330Z</time>
      </trkpt>
      <trkpt lat="39.009464" lon="-0.286469">
        <ele>409.115048</ele>
        <time>2026-02-09T17:50:13.230Z</time>
      </trkpt>
      <trkpt lat="39.009207" lon="-0.286807">
        <ele>403.825036</ele>
        <time>2026-02-09T17:50:17.536Z</time>
      </trkpt>
      <trkpt lat="39.008729" lon="-0.287361">
        <ele>394.564449</ele>
        <time>2026-02-09T17:50:25.149Z</time>
      </trkpt>
      <trkpt lat="39.008502" lon="-0.287649">
        <ele>390.938177</ele>
        <time>2026-02-09T17:50:28.991Z</time>
      </trkpt>
      <trkpt lat="39.008380" lon="-0.287861">
        <ele>389.131164</ele>
        <time>2026-02-09T17:50:31.495Z</time>
      </trkpt>
      <trkpt lat="39.008351" lon="-0.288150">
        <ele>387.135145</ele>
        <time>2026-02-09T17:50:34.275Z</time>
      </trkpt>
      <trkpt lat="39.008280" lon="-0.288458">
        <ele>384.934539</ele>
        <time>2026-02-09T17:50:37.353Z</time>
      </trkpt>
      <trkpt lat="39.008140" lon="-0.288787">
        <ele>382.365175</ele>
        <time>2026-02-09T17:50:40.989Z</time>
      </trkpt>
      <trkpt lat="39.007963" lon="-0.289260">
        <ele>378.769106</ele>
        <time>2026-02-09T17:50:46.169Z</time>
      </trkpt>
      <trkpt lat="39.007612" lon="-0.289816">
        <ele>375.098742</ele>
        <time>2026-02-09T17:50:53.345Z</time>
      </trkpt>
      <trkpt lat="39.007229" lon="-0.290404">
        <ele>372.213796</ele>
        <time>2026-02-09T17:51:01.282Z</time>
      </trkpt>
      <trkpt lat="39.007036" lon="-0.290688">
        <ele>370.795162</ele>
        <time>2026-02-09T17:51:05.272Z</time>
      </trkpt>
      <trkpt lat="39.006777" lon="-0.291048">
        <ele>368.950431</ele>
        <time>2026-02-09T17:51:10.661Z</time>
      </trkpt>
      <trkpt lat="39.006545" lon="-0.291176">
        <ele>367.812835</ele>
        <time>2026-02-09T17:51:14.408Z</time>
      </trkpt>
      <trkpt lat="39.006557" lon="-0.291209">
        <ele>367.742917</ele>
        <time>2026-02-09T17:51:14.720Z</time>
      </trkpt>
      <trkpt lat="39.006988" lon="-0.292513">
        <ele>365.023608</ele>
        <time>2026-02-09T17:51:26.895Z</time>
      </trkpt>
      <trkpt lat="39.007042" lon="-0.292683">
        <ele>364.671179</ele>
        <time>2026-02-09T17:51:28.425Z</time>
      </trkpt>
      <trkpt lat="39.007204" lon="-0.293161">
        <ele>363.670463</ele>
        <time>2026-02-09T17:51:32.681Z</time>
      </trkpt>
      <trkpt lat="39.007634" lon="-0.294462">
        <ele>360.533753</ele>
        <time>2026-02-09T17:51:43.738Z</time>
      </trkpt>
      <trkpt lat="39.007978" lon="-0.295502">
        <ele>358.088029</ele>
        <time>2026-02-09T17:51:52.847Z</time>
      </trkpt>
      <trkpt lat="39.008053" lon="-0.295810">
        <ele>357.609880</ele>
        <time>2026-02-09T17:51:55.689Z</time>
      </trkpt>
      <trkpt lat="39.008057" lon="-0.296195">
        <ele>357.039491</ele>
        <time>2026-02-09T17:51:59.128Z</time>
      </trkpt>
      <trkpt lat="39.007928" lon="-0.296744">
        <ele>356.189834</ele>
        <time>2026-02-09T17:52:04.403Z</time>
      </trkpt>
      <trkpt lat="39.007878" lon="-0.296960">
        <ele>355.855955</ele>
        <time>2026-02-09T17:52:06.460Z</time>
      </trkpt>
      <trkpt lat="39.007870" lon="-0.297183">
        <ele>355.525251</ele>
        <time>2026-02-09T17:52:08.453Z</time>
      </trkpt>
      <trkpt lat="39.007890" lon="-0.297314">
        <ele>355.327477</ele>
        <time>2026-02-09T17:52:09.619Z</time>
      </trkpt>
      <trkpt lat="39.007921" lon="-0.297440">
        <ele>355.131688</ele>
        <time>2026-02-09T17:52:10.759Z</time>
      </trkpt>
      <trkpt lat="39.008036" lon="-0.297671">
        <ele>354.633730</ele>
        <time>2026-02-09T17:52:13.046Z</time>
      </trkpt>
      <trkpt lat="39.008236" lon="-0.297866">
        <ele>353.757213</ele>
        <time>2026-02-09T17:52:15.622Z</time>
      </trkpt>
      <trkpt lat="39.008575" lon="-0.298043">
        <ele>352.479254</ele>
        <time>2026-02-09T17:52:19.238Z</time>
      </trkpt>
      <trkpt lat="39.009266" lon="-0.298396">
        <ele>349.882206</ele>
        <time>2026-02-09T17:52:26.524Z</time>
      </trkpt>
      <trkpt lat="39.009963" lon="-0.298936">
        <ele>347.280286</ele>
        <time>2026-02-09T17:52:34.488Z</time>
      </trkpt>
      <trkpt lat="39.010891" lon="-0.299714">
        <ele>344.025594</ele>
        <time>2026-02-09T17:52:45.808Z</time>
      </trkpt>
      <trkpt lat="39.011204" lon="-0.299736">
        <ele>343.323845</ele>
        <time>2026-02-09T17:52:49.251Z</time>
      </trkpt>
      <trkpt lat="39.011282" lon="-0.299668">
        <ele>343.421642</ele>
        <time>2026-02-09T17:52:50.341Z</time>
      </trkpt>
      <trkpt lat="39.011330" lon="-0.299662">
        <ele>343.471703</ele>
        <time>2026-02-09T17:52:50.896Z</time>
      </trkpt>
      <trkpt lat="39.011417" lon="-0.299710">
        <ele>343.569962</ele>
        <time>2026-02-09T17:52:52.051Z</time>
      </trkpt>
      <trkpt lat="39.011446" lon="-0.299758">
        <ele>343.619005</ele>
        <time>2026-02-09T17:52:52.639Z</time>
      </trkpt>
      <trkpt lat="39.011707" lon="-0.299975">
        <ele>343.941556</ele>
        <time>2026-02-09T17:52:56.963Z</time>
      </trkpt>
      <trkpt lat="39.011864" lon="-0.299978">
        <ele>344.104549</ele>
        <time>2026-02-09T17:52:59.604Z</time>
      </trkpt>
      <trkpt lat="39.012151" lon="-0.299996">
        <ele>344.402823</ele>
        <time>2026-02-09T17:53:05.259Z</time>
      </trkpt>
      <trkpt lat="39.012314" lon="-0.300087">
        <ele>344.587260</ele>
        <time>2026-02-09T17:53:09.229Z</time>
      </trkpt>
      <trkpt lat="39.013064" lon="-0.300730">
        <ele>346.203828</ele>
        <time>2026-02-09T17:53:35.847Z</time>
      </trkpt>
      <trkpt lat="39.013143" lon="-0.300772">
        <ele>346.447881</ele>
        <time>2026-02-09T17:53:38.682Z</time>
      </trkpt>
      <trkpt lat="39.014073" lon="-0.300942">
        <ele>349.129910</ele>
        <time>2026-02-09T17:54:06.416Z</time>
      </trkpt>
      <trkpt lat="39.014508" lon="-0.301032">
        <ele>350.276363</ele>
        <time>2026-02-09T17:54:14.152Z</time>
      </trkpt>
      <trkpt lat="39.014585" lon="-0.301071">
        <ele>350.290574</ele>
        <time>2026-02-09T17:54:15.450Z</time>
      </trkpt>
      <trkpt lat="39.014833" lon="-0.301354">
        <ele>350.347498</ele>
        <time>2026-02-09T17:54:20.679Z</time>
      </trkpt>
      <trkpt lat="39.014874" lon="-0.301405">
        <ele>350.357291</ele>
        <time>2026-02-09T17:54:21.618Z</time>
      </trkpt>
      <trkpt lat="39.015072" lon="-0.301665">
        <ele>350.405872</ele>
        <time>2026-02-09T17:54:26.318Z</time>
      </trkpt>
      <trkpt lat="39.015240" lon="-0.301905">
        <ele>350.448979</ele>
        <time>2026-02-09T17:54:30.399Z</time>
      </trkpt>
      <trkpt lat="39.015072" lon="-0.301665">
        <ele>350.492086</ele>
        <time>2026-02-09T17:54:33.820Z</time>
      </trkpt>
      <trkpt lat="39.014874" lon="-0.301405">
        <ele>350.540667</ele>
        <time>2026-02-09T17:54:37.616Z</time>
      </trkpt>
      <trkpt lat="39.014833" lon="-0.301354">
        <ele>350.550460</ele>
        <time>2026-02-09T17:54:38.382Z</time>
      </trkpt>
      <trkpt lat="39.014585" lon="-0.301071">
        <ele>350.159495</ele>
        <time>2026-02-09T17:54:43.002Z</time>
      </trkpt>
      <trkpt lat="39.014508" lon="-0.301032">
        <ele>349.956090</ele>
        <time>2026-02-09T17:54:44.172Z</time>
      </trkpt>
      <trkpt lat="39.014073" lon="-0.300942">
        <ele>348.873075</ele>
        <time>2026-02-09T17:54:49.828Z</time>
      </trkpt>
      <trkpt lat="39.013143" lon="-0.300772">
        <ele>346.564071</ele>
        <time>2026-02-09T17:54:59.130Z</time>
      </trkpt>
      <trkpt lat="39.013064" lon="-0.300730">
        <ele>346.353962</ele>
        <time>2026-02-09T17:54:59.953Z</time>
      </trkpt>
      <trkpt lat="39.012314" lon="-0.300087">
        <ele>344.710768</ele>
        <time>2026-02-09T17:55:08.883Z</time>
      </trkpt>
      <trkpt lat="39.012151" lon="-0.299996">
        <ele>344.397812</ele>
        <time>2026-02-09T17:55:10.863Z</time>
      </trkpt>
      <trkpt lat="39.011864" lon="-0.299978">
        <ele>343.891693</ele>
        <time>2026-02-09T17:55:14.298Z</time>
      </trkpt>
      <trkpt lat="39.011707" lon="-0.299975">
        <ele>343.615125</ele>
        <time>2026-02-09T17:55:16.389Z</time>
      </trkpt>
      <trkpt lat="39.011389" lon="-0.300009">
        <ele>343.053073</ele>
        <time>2026-02-09T17:55:21.514Z</time>
      </trkpt>
      <trkpt lat="39.011313" lon="-0.300034">
        <ele>343.095324</ele>
        <time>2026-02-09T17:55:22.972Z</time>
      </trkpt>
      <trkpt lat="39.011279" lon="-0.300023">
        <ele>343.184495</ele>
        <time>2026-02-09T17:55:23.638Z</time>
      </trkpt>
      <trkpt lat="39.011196" lon="-0.299941">
        <ele>343.450644</ele>
        <time>2026-02-09T17:55:25.761Z</time>
      </trkpt>
      <trkpt lat="39.010891" lon="-0.299714">
        <ele>344.346817</ele>
        <time>2026-02-09T17:55:33.749Z</time>
      </trkpt>
      <trkpt lat="39.009963" lon="-0.298936">
        <ele>347.163907</ele>
        <time>2026-02-09T17:56:03.546Z</time>
      </trkpt>
      <trkpt lat="39.009266" lon="-0.298396">
        <ele>349.939717</ele>
        <time>2026-02-09T17:56:28.431Z</time>
      </trkpt>
      <trkpt lat="39.008575" lon="-0.298043">
        <ele>352.630920</ele>
        <time>2026-02-09T17:56:51.101Z</time>
      </trkpt>
      <trkpt lat="39.008236" lon="-0.297866">
        <ele>353.955210</ele>
        <time>2026-02-09T17:57:01.958Z</time>
      </trkpt>
      <trkpt lat="39.008036" lon="-0.297671">
        <ele>354.513541</ele>
        <time>2026-02-09T17:57:08.690Z</time>
      </trkpt>
      <trkpt lat="39.007921" lon="-0.297440">
        <ele>354.942923</ele>
        <time>2026-02-09T17:57:13.775Z</time>
      </trkpt>
      <trkpt lat="39.007890" lon="-0.297314">
        <ele>355.149779</ele>
        <time>2026-02-09T17:57:16.078Z</time>
      </trkpt>
      <trkpt lat="39.007870" lon="-0.297183">
        <ele>355.358732</ele>
        <time>2026-02-09T17:57:18.357Z</time>
      </trkpt>
      <trkpt lat="39.007878" lon="-0.296960">
        <ele>355.708130</ele>
        <time>2026-02-09T17:57:21.971Z</time>
      </trkpt>
      <trkpt lat="39.007928" lon="-0.296744">
        <ele>356.060881</ele>
        <time>2026-02-09T17:57:25.475Z</time>
      </trkpt>
      <trkpt lat="39.008057" lon="-0.296195">
        <ele>356.958566</ele>
        <time>2026-02-09T17:57:34.333Z</time>
      </trkpt>
      <trkpt lat="39.008053" lon="-0.295810">
        <ele>357.561197</ele>
        <time>2026-02-09T17:57:40.573Z</time>
      </trkpt>
      <trkpt lat="39.007978" lon="-0.295502">
        <ele>358.199967</ele>
        <time>2026-02-09T17:57:45.945Z</time>
      </trkpt>
      <trkpt lat="39.007634" lon="-0.294462">
        <ele>360.609466</ele>
        <time>2026-02-09T17:58:08.790Z</time>
      </trkpt>
      <trkpt lat="39.007204" lon="-0.293161">
        <ele>363.417115</ele>
        <time>2026-02-09T17:58:39.747Z</time>
      </trkpt>
      <trkpt lat="39.007042" lon="-0.292683">
        <ele>364.297646</ele>
        <time>2026-02-09T17:58:49.998Z</time>
      </trkpt>
      <trkpt lat="39.006988" lon="-0.292513">
        <ele>364.607749</ele>
        <time>2026-02-09T17:58:53.392Z</time>
      </trkpt>
      <trkpt lat="39.006557" lon="-0.291209">
        <ele>366.847418</ele>
        <time>2026-02-09T17:59:15.991Z</time>
      </trkpt>
      <trkpt lat="39.006545" lon="-0.291176">
        <ele>366.888493</ele>
        <time>2026-02-09T17:59:16.513Z</time>
      </trkpt>
      <trkpt lat="39.006370" lon="-0.290643">
        <ele>367.540818</ele>
        <time>2026-02-09T17:59:25.371Z</time>
      </trkpt>
      <trkpt lat="39.006051" lon="-0.289685">
        <ele>368.715825</ele>
        <time>2026-02-09T17:59:41.887Z</time>
      </trkpt>
      <trkpt lat="39.005992" lon="-0.289495">
        <ele>368.946497</ele>
        <time>2026-02-09T17:59:45.275Z</time>
      </trkpt>
      <trkpt lat="39.005840" lon="-0.289035">
        <ele>369.712165</ele>
        <time>2026-02-09T17:59:53.818Z</time>
      </trkpt>
      <trkpt lat="39.005536" lon="-0.288125">
        <ele>371.454753</ele>
        <time>2026-02-09T18:00:11.661Z</time>
      </trkpt>
      <trkpt lat="39.004828" lon="-0.285989">
        <ele>376.133506</ele>
        <time>2026-02-09T18:00:57.801Z</time>
      </trkpt>
      <trkpt lat="39.004217" lon="-0.284145">
        <ele>379.661879</ele>
        <time>2026-02-09T18:01:40.052Z</time>
      </trkpt>
      <trkpt lat="39.004169" lon="-0.283995">
        <ele>379.875336</ele>
        <time>2026-02-09T18:01:42.858Z</time>
      </trkpt>
      <trkpt lat="39.004026" lon="-0.283568">
        <ele>380.487162</ele>
        <time>2026-02-09T18:01:50.145Z</time>
      </trkpt>
      <trkpt lat="39.003753" lon="-0.282716">
        <ele>381.254017</ele>
        <time>2026-02-09T18:02:01.282Z</time>
      </trkpt>
      <trkpt lat="39.002848" lon="-0.279917">
        <ele>380.199030</ele>
        <time>2026-02-09T18:02:30.564Z</time>
      </trkpt>
      <trkpt lat="39.002756" lon="-0.279640">
        <ele>380.208908</ele>
        <time>2026-02-09T18:02:33.774Z</time>
      </trkpt>
      <trkpt lat="39.002261" lon="-0.278141">
        <ele>380.982768</ele>
        <time>2026-02-09T18:02:57.226Z</time>
      </trkpt>
      <trkpt lat="39.001797" lon="-0.276715">
        <ele>382.971191</ele>
        <time>2026-02-09T18:03:25.049Z</time>
      </trkpt>
      <trkpt lat="39.001697" lon="-0.276299">
        <ele>382.876782</ele>
        <time>2026-02-09T18:03:32.706Z</time>
      </trkpt>
      <trkpt lat="39.001621" lon="-0.275788">
        <ele>382.137159</ele>
        <time>2026-02-09T18:03:40.362Z</time>
      </trkpt>
      <trkpt lat="39.001605" lon="-0.275629">
        <ele>381.909237</ele>
        <time>2026-02-09T18:03:42.186Z</time>
      </trkpt>
      <trkpt lat="39.001539" lon="-0.275108">
        <ele>381.158805</ele>
        <time>2026-02-09T18:03:47.088Z</time>
      </trkpt>
      <trkpt lat="39.001457" lon="-0.274678">
        <ele>380.529379</ele>
        <time>2026-02-09T18:03:50.612Z</time>
      </trkpt>
      <trkpt lat="39.001186" lon="-0.273665">
        <ele>375.134105</ele>
        <time>2026-02-09T18:03:58.127Z</time>
      </trkpt>
      <trkpt lat="39.000887" lon="-0.272815">
        <ele>368.247755</ele>
        <time>2026-02-09T18:04:04.339Z</time>
      </trkpt>
      <trkpt lat="39.000842" lon="-0.272615">
        <ele>366.710989</ele>
        <time>2026-02-09T18:04:05.721Z</time>
      </trkpt>
      <trkpt lat="39.000779" lon="-0.272074">
        <ele>362.632471</ele>
        <time>2026-02-09T18:04:09.319Z</time>
      </trkpt>
      <trkpt lat="39.000718" lon="-0.271799">
        <ele>360.025843</ele>
        <time>2026-02-09T18:04:11.204Z</time>
      </trkpt>
      <trkpt lat="39.000508" lon="-0.271195">
        <ele>353.994758</ele>
        <time>2026-02-09T18:04:15.556Z</time>
      </trkpt>
      <trkpt lat="39.000241" lon="-0.270318">
        <ele>345.409684</ele>
        <time>2026-02-09T18:04:21.758Z</time>
      </trkpt>
      <trkpt lat="39.000024" lon="-0.269752">
        <ele>339.715508</ele>
        <time>2026-02-09T18:04:25.914Z</time>
      </trkpt>
      <trkpt lat="38.999885" lon="-0.269492">
        <ele>336.919224</ele>
        <time>2026-02-09T18:04:27.988Z</time>
      </trkpt>
      <trkpt lat="38.999561" lon="-0.268997">
        <ele>331.184716</ele>
        <time>2026-02-09T18:04:32.241Z</time>
      </trkpt>
      <trkpt lat="38.999288" lon="-0.268352">
        <ele>324.676823</ele>
        <time>2026-02-09T18:04:37.083Z</time>
      </trkpt>
      <trkpt lat="38.999135" lon="-0.268075">
        <ele>321.665592</ele>
        <time>2026-02-09T18:04:39.337Z</time>
      </trkpt>
      <trkpt lat="38.998681" lon="-0.267473">
        <ele>315.688787</ele>
        <time>2026-02-09T18:04:44.960Z</time>
      </trkpt>
      <trkpt lat="38.998176" lon="-0.266679">
        <ele>308.485333</ele>
        <time>2026-02-09T18:04:51.955Z</time>
      </trkpt>
      <trkpt lat="38.996324" lon="-0.264203">
        <ele>285.624202</ele>
        <time>2026-02-09T18:05:15.438Z</time>
      </trkpt>
      <trkpt lat="38.996099" lon="-0.263981">
        <ele>283.072587</ele>
        <time>2026-02-09T18:05:17.899Z</time>
      </trkpt>
      <trkpt lat="38.995668" lon="-0.263635">
        <ele>278.500910</ele>
        <time>2026-02-09T18:05:22.306Z</time>
      </trkpt>
      <trkpt lat="38.994519" lon="-0.262816">
        <ele>266.749095</ele>
        <time>2026-02-09T18:05:33.708Z</time>
      </trkpt>
      <trkpt lat="38.994368" lon="-0.262730">
        <ele>265.277407</ele>
        <time>2026-02-09T18:05:35.154Z</time>
      </trkpt>
      <trkpt lat="38.994128" lon="-0.262645">
        <ele>263.058927</ele>
        <time>2026-02-09T18:05:37.334Z</time>
      </trkpt>
      <trkpt lat="38.993871" lon="-0.262620">
        <ele>260.761956</ele>
        <time>2026-02-09T18:05:39.588Z</time>
      </trkpt>
      <trkpt lat="38.993625" lon="-0.262670">
        <ele>258.542370</ele>
        <time>2026-02-09T18:05:41.775Z</time>
      </trkpt>
      <trkpt lat="38.993378" lon="-0.262779">
        <ele>256.206983</ele>
        <time>2026-02-09T18:05:44.048Z</time>
      </trkpt>
      <trkpt lat="38.993217" lon="-0.262830">
        <ele>254.721534</ele>
        <time>2026-02-09T18:05:45.490Z</time>
      </trkpt>
      <trkpt lat="38.993096" lon="-0.262840">
        <ele>253.635277</ele>
        <time>2026-02-09T18:05:46.544Z</time>
      </trkpt>
      <trkpt lat="38.992749" lon="-0.262785">
        <ele>250.503050</ele>
        <time>2026-02-09T18:05:49.583Z</time>
      </trkpt>
      <trkpt lat="38.992635" lon="-0.262791">
        <ele>249.480885</ele>
        <time>2026-02-09T18:05:50.564Z</time>
      </trkpt>
      <trkpt lat="38.992500" lon="-0.262852">
        <ele>248.199022</ele>
        <time>2026-02-09T18:05:51.793Z</time>
      </trkpt>
      <trkpt lat="38.992149" lon="-0.263118">
        <ele>244.549520</ele>
        <time>2026-02-09T18:05:55.286Z</time>
      </trkpt>
      <trkpt lat="38.991992" lon="-0.263159">
        <ele>243.114298</ele>
        <time>2026-02-09T18:05:56.666Z</time>
      </trkpt>
      <trkpt lat="38.991053" lon="-0.263034">
        <ele>237.483044</ele>
        <time>2026-02-09T18:06:05.265Z</time>
      </trkpt>
      <trkpt lat="38.990918" lon="-0.262898">
        <ele>236.566279</ele>
        <time>2026-02-09T18:06:07.021Z</time>
      </trkpt>
      <trkpt lat="38.990881" lon="-0.262726">
        <ele>235.824612</ele>
        <time>2026-02-09T18:06:08.454Z</time>
      </trkpt>
      <trkpt lat="38.990924" lon="-0.262535">
        <ele>234.998230</ele>
        <time>2026-02-09T18:06:10.040Z</time>
      </trkpt>
      <trkpt lat="38.991138" lon="-0.262202">
        <ele>233.202585</ele>
        <time>2026-02-09T18:06:13.368Z</time>
      </trkpt>
      <trkpt lat="38.991165" lon="-0.262121">
        <ele>232.836318</ele>
        <time>2026-02-09T18:06:14.029Z</time>
      </trkpt>
      <trkpt lat="38.991167" lon="-0.262035">
        <ele>232.478761</ele>
        <time>2026-02-09T18:06:14.660Z</time>
      </trkpt>
      <trkpt lat="38.991143" lon="-0.261971">
        <ele>232.183454</ele>
        <time>2026-02-09T18:06:15.194Z</time>
      </trkpt>
      <trkpt lat="38.991038" lon="-0.261901">
        <ele>231.397082</ele>
        <time>2026-02-09T18:06:16.304Z</time>
      </trkpt>
      <trkpt lat="38.990980" lon="-0.261918">
        <ele>230.980659</ele>
        <time>2026-02-09T18:06:16.858Z</time>
      </trkpt>
      <trkpt lat="38.990775" lon="-0.262087">
        <ele>229.276263</ele>
        <time>2026-02-09T18:06:19.104Z</time>
      </trkpt>
      <trkpt lat="38.990507" lon="-0.262221">
        <ele>227.263475</ele>
        <time>2026-02-09T18:06:21.684Z</time>
      </trkpt>
      <trkpt lat="38.990421" lon="-0.262347">
        <ele>226.351090</ele>
        <time>2026-02-09T18:06:22.834Z</time>
      </trkpt>
      <trkpt lat="38.990265" lon="-0.262751">
        <ele>223.896587</ele>
        <time>2026-02-09T18:06:25.913Z</time>
      </trkpt>
      <trkpt lat="38.990177" lon="-0.262832">
        <ele>223.139136</ele>
        <time>2026-02-09T18:06:26.857Z</time>
      </trkpt>
      <trkpt lat="38.990078" lon="-0.262869">
        <ele>222.417452</ele>
        <time>2026-02-09T18:06:27.759Z</time>
      </trkpt>
      <trkpt lat="38.989964" lon="-0.262856">
        <ele>221.616283</ele>
        <time>2026-02-09T18:06:28.761Z</time>
      </trkpt>
      <trkpt lat="38.989697" lon="-0.262711">
        <ele>219.587498</ele>
        <time>2026-02-09T18:06:31.330Z</time>
      </trkpt>
      <trkpt lat="38.989466" lon="-0.262700">
        <ele>217.911853</ele>
        <time>2026-02-09T18:06:33.402Z</time>
      </trkpt>
      <trkpt lat="38.989392" lon="-0.262659">
        <ele>217.326067</ele>
        <time>2026-02-09T18:06:34.137Z</time>
      </trkpt>
      <trkpt lat="38.989362" lon="-0.262605">
        <ele>216.950972</ele>
        <time>2026-02-09T18:06:34.605Z</time>
      </trkpt>
      <trkpt lat="38.989359" lon="-0.262532">
        <ele>216.537866</ele>
        <time>2026-02-09T18:06:35.120Z</time>
      </trkpt>
      <trkpt lat="38.989499" lon="-0.262311">
        <ele>214.926722</ele>
        <time>2026-02-09T18:06:37.131Z</time>
      </trkpt>
      <trkpt lat="38.989513" lon="-0.262219">
        <ele>214.396952</ele>
        <time>2026-02-09T18:06:37.803Z</time>
      </trkpt>
      <trkpt lat="38.989464" lon="-0.262104">
        <ele>213.655835</ele>
        <time>2026-02-09T18:06:38.733Z</time>
      </trkpt>
      <trkpt lat="38.989388" lon="-0.262060">
        <ele>213.049909</ele>
        <time>2026-02-09T18:06:39.492Z</time>
      </trkpt>
      <trkpt lat="38.989265" lon="-0.262086">
        <ele>212.143648</ele>
        <time>2026-02-09T18:06:40.630Z</time>
      </trkpt>
      <trkpt lat="38.989120" lon="-0.262180">
        <ele>210.963155</ele>
        <time>2026-02-09T18:06:42.099Z</time>
      </trkpt>
      <trkpt lat="38.988726" lon="-0.262502">
        <ele>207.569487</ele>
        <time>2026-02-09T18:06:46.238Z</time>
      </trkpt>
      <trkpt lat="38.988034" lon="-0.262756">
        <ele>202.689293</ele>
        <time>2026-02-09T18:06:52.524Z</time>
      </trkpt>
      <trkpt lat="38.987881" lon="-0.262745">
        <ele>201.672086</ele>
        <time>2026-02-09T18:06:53.874Z</time>
      </trkpt>
      <trkpt lat="38.987639" lon="-0.262679">
        <ele>200.029981</ele>
        <time>2026-02-09T18:06:56.083Z</time>
      </trkpt>
      <trkpt lat="38.987190" lon="-0.262664">
        <ele>197.048491</ele>
        <time>2026-02-09T18:07:00.222Z</time>
      </trkpt>
      <trkpt lat="38.987095" lon="-0.262591">
        <ele>196.313954</ele>
        <time>2026-02-09T18:07:01.269Z</time>
      </trkpt>
      <trkpt lat="38.986967" lon="-0.262391">
        <ele>194.977230</ele>
        <time>2026-02-09T18:07:03.212Z</time>
      </trkpt>
      <trkpt lat="38.986870" lon="-0.262296">
        <ele>194.242632</ele>
        <time>2026-02-09T18:07:04.406Z</time>
      </trkpt>
      <trkpt lat="38.986766" lon="-0.262268">
        <ele>193.729685</ele>
        <time>2026-02-09T18:07:05.455Z</time>
      </trkpt>
      <trkpt lat="38.986534" lon="-0.262298">
        <ele>192.604038</ele>
        <time>2026-02-09T18:07:07.764Z</time>
      </trkpt>
      <trkpt lat="38.986146" lon="-0.262397">
        <ele>190.694443</ele>
        <time>2026-02-09T18:07:11.664Z</time>
      </trkpt>
      <trkpt lat="38.985543" lon="-0.262820">
        <ele>187.378763</ele>
        <time>2026-02-09T18:07:18.204Z</time>
      </trkpt>
      <trkpt lat="38.985078" lon="-0.263015">
        <ele>184.760458</ele>
        <time>2026-02-09T18:07:22.660Z</time>
      </trkpt>
      <trkpt lat="38.984422" lon="-0.263246">
        <ele>180.337076</ele>
        <time>2026-02-09T18:07:28.792Z</time>
      </trkpt>
      <trkpt lat="38.984249" lon="-0.263283">
        <ele>179.196489</ele>
        <time>2026-02-09T18:07:30.377Z</time>
      </trkpt>
      <trkpt lat="38.983782" lon="-0.263308">
        <ele>176.156620</ele>
        <time>2026-02-09T18:07:34.585Z</time>
      </trkpt>
      <trkpt lat="38.983269" lon="-0.263606">
        <ele>172.891053</ele>
        <time>2026-02-09T18:07:39.671Z</time>
      </trkpt>
      <trkpt lat="38.983131" lon="-0.263650">
        <ele>172.199923</ele>
        <time>2026-02-09T18:07:41.013Z</time>
      </trkpt>
      <trkpt lat="38.982986" lon="-0.263633">
        <ele>171.492141</ele>
        <time>2026-02-09T18:07:42.385Z</time>
      </trkpt>
      <trkpt lat="38.982669" lon="-0.263514">
        <ele>169.886901</ele>
        <time>2026-02-09T18:07:45.512Z</time>
      </trkpt>
      <trkpt lat="38.982528" lon="-0.263526">
        <ele>169.199986</ele>
        <time>2026-02-09T18:07:46.844Z</time>
      </trkpt>
      <trkpt lat="38.982349" lon="-0.263614">
        <ele>168.268473</ele>
        <time>2026-02-09T18:07:48.675Z</time>
      </trkpt>
      <trkpt lat="38.982114" lon="-0.263777">
        <ele>166.970643</ele>
        <time>2026-02-09T18:07:51.247Z</time>
      </trkpt>
      <trkpt lat="38.982080" lon="-0.263831">
        <ele>166.708052</ele>
        <time>2026-02-09T18:07:51.776Z</time>
      </trkpt>
      <trkpt lat="38.982027" lon="-0.263862">
        <ele>166.425032</ele>
        <time>2026-02-09T18:07:52.342Z</time>
      </trkpt>
      <trkpt lat="38.981943" lon="-0.263840">
        <ele>166.008323</ele>
        <time>2026-02-09T18:07:53.181Z</time>
      </trkpt>
      <trkpt lat="38.981895" lon="-0.263763">
        <ele>165.635355</ele>
        <time>2026-02-09T18:07:53.941Z</time>
      </trkpt>
      <trkpt lat="38.981665" lon="-0.263575">
        <ele>164.638718</ele>
        <time>2026-02-09T18:07:56.683Z</time>
      </trkpt>
      <trkpt lat="38.981627" lon="-0.263551">
        <ele>164.499997</ele>
        <time>2026-02-09T18:07:57.113Z</time>
      </trkpt>
      <trkpt lat="38.980720" lon="-0.262924">
        <ele>161.125880</ele>
        <time>2026-02-09T18:08:07.577Z</time>
      </trkpt>
      <trkpt lat="38.980530" lon="-0.262735">
        <ele>160.338836</ele>
        <time>2026-02-09T18:08:09.976Z</time>
      </trkpt>
      <trkpt lat="38.980320" lon="-0.262415">
        <ele>159.291421</ele>
        <time>2026-02-09T18:08:13.274Z</time>
      </trkpt>
      <trkpt lat="38.980011" lon="-0.261836">
        <ele>157.731539</ele>
        <time>2026-02-09T18:08:18.893Z</time>
      </trkpt>
      <trkpt lat="38.979351" lon="-0.260559">
        <ele>154.325565</ele>
        <time>2026-02-09T18:08:31.382Z</time>
      </trkpt>
      <trkpt lat="38.979212" lon="-0.260271">
        <ele>153.387454</ele>
        <time>2026-02-09T18:08:34.106Z</time>
      </trkpt>
      <trkpt lat="38.979047" lon="-0.259804">
        <ele>151.951593</ele>
        <time>2026-02-09T18:08:38.148Z</time>
      </trkpt>
      <trkpt lat="38.978646" lon="-0.257929">
        <ele>146.324311</ele>
        <time>2026-02-09T18:08:52.906Z</time>
      </trkpt>
      <trkpt lat="38.978442" lon="-0.256940">
        <ele>143.054766</ele>
        <time>2026-02-09T18:09:00.610Z</time>
      </trkpt>
      <trkpt lat="38.978120" lon="-0.255374">
        <ele>138.128213</ele>
        <time>2026-02-09T18:09:12.893Z</time>
      </trkpt>
      <trkpt lat="38.977527" lon="-0.252432">
        <ele>129.457733</ele>
        <time>2026-02-09T18:09:36.431Z</time>
      </trkpt>
      <trkpt lat="38.977211" lon="-0.250877">
        <ele>124.869359</ele>
        <time>2026-02-09T18:09:48.720Z</time>
      </trkpt>
      <trkpt lat="38.977098" lon="-0.250849">
        <ele>124.442389</ele>
        <time>2026-02-09T18:09:49.863Z</time>
      </trkpt>
      <trkpt lat="38.977035" lon="-0.250742">
        <ele>124.055234</ele>
        <time>2026-02-09T18:09:50.896Z</time>
      </trkpt>
      <trkpt lat="38.977042" lon="-0.250625">
        <ele>123.716765</ele>
        <time>2026-02-09T18:09:51.795Z</time>
      </trkpt>
      <trkpt lat="38.977110" lon="-0.250525">
        <ele>123.333554</ele>
        <time>2026-02-09T18:09:52.823Z</time>
      </trkpt>
      <trkpt lat="38.977185" lon="-0.250366">
        <ele>122.797119</ele>
        <time>2026-02-09T18:09:54.255Z</time>
      </trkpt>
      <trkpt lat="38.977239" lon="-0.250234">
        <ele>122.366885</ele>
        <time>2026-02-09T18:09:55.411Z</time>
      </trkpt>
      <trkpt lat="38.977460" lon="-0.248454">
        <ele>117.277530</ele>
        <time>2026-02-09T18:10:09.360Z</time>
      </trkpt>
      <trkpt lat="38.977584" lon="-0.247864">
        <ele>115.572098</ele>
        <time>2026-02-09T18:10:14.031Z</time>
      </trkpt>
      <trkpt lat="38.978136" lon="-0.245990">
        <ele>111.027059</ele>
        <time>2026-02-09T18:10:29.646Z</time>
      </trkpt>
      <trkpt lat="38.976979" lon="-0.245858">
        <ele>108.742106</ele>
        <time>2026-02-09T18:12:32.830Z</time>
      </trkpt>
      <trkpt lat="38.976183" lon="-0.245752">
        <ele>107.899789</ele>
        <time>2026-02-09T18:14:00.564Z</time>
      </trkpt>
      <trkpt lat="38.975464" lon="-0.245685">
        <ele>106.860947</ele>
        <time>2026-02-09T18:15:17.705Z</time>
      </trkpt>
      <trkpt lat="38.974987" lon="-0.242935">
        <ele>101.713614</ele>
        <time>2026-02-09T18:19:02.337Z</time>
      </trkpt>
      <trkpt lat="38.974711" lon="-0.243124">
        <ele>100.921146</ele>
        <time>2026-02-09T18:19:07.094Z</time>
      </trkpt>
      <trkpt lat="38.974258" lon="-0.240314">
        <ele>95.565174</ele>
        <time>2026-02-09T18:19:40.957Z</time>
      </trkpt>
      <trkpt lat="38.974026" lon="-0.239201">
        <ele>94.056698</ele>
        <time>2026-02-09T18:19:55.174Z</time>
      </trkpt>
      <trkpt lat="38.973560" lon="-0.239419">
        <ele>93.514910</ele>
        <time>2026-02-09T18:20:01.248Z</time>
      </trkpt>
      <trkpt lat="38.973110" lon="-0.239706">
        <ele>92.966110</ele>
        <time>2026-02-09T18:20:07.682Z</time>
      </trkpt>
      <trkpt lat="38.972786" lon="-0.239907">
        <ele>92.579260</ele>
        <time>2026-02-09T18:20:12.423Z</time>
      </trkpt>
      <trkpt lat="38.972592" lon="-0.239980">
        <ele>92.415065</ele>
        <time>2026-02-09T18:20:15.076Z</time>
      </trkpt>
      <trkpt lat="38.971667" lon="-0.240154">
        <ele>91.655674</ele>
        <time>2026-02-09T18:20:26.924Z</time>
      </trkpt>
      <trkpt lat="38.971339" lon="-0.240156">
        <ele>91.389230</ele>
        <time>2026-02-09T18:20:30.842Z</time>
      </trkpt>
      <trkpt lat="38.970464" lon="-0.240085">
        <ele>90.698613</ele>
        <time>2026-02-09T18:20:41.705Z</time>
      </trkpt>
      <trkpt lat="38.970258" lon="-0.240101">
        <ele>90.538850</ele>
        <time>2026-02-09T18:20:44.316Z</time>
      </trkpt>
      <trkpt lat="38.969626" lon="-0.240237">
        <ele>90.042793</ele>
        <time>2026-02-09T18:20:52.442Z</time>
      </trkpt>
      <trkpt lat="38.969015" lon="-0.240380">
        <ele>89.612041</ele>
        <time>2026-02-09T18:21:00.470Z</time>
      </trkpt>
      <trkpt lat="38.967884" lon="-0.240680">
        <ele>88.964180</ele>
        <time>2026-02-09T18:21:15.283Z</time>
      </trkpt>
      <trkpt lat="38.967130" lon="-0.240857">
        <ele>88.594762</ele>
        <time>2026-02-09T18:21:26.108Z</time>
      </trkpt>
      <trkpt lat="38.966225" lon="-0.241163">
        <ele>88.228441</ele>
        <time>2026-02-09T18:21:39.367Z</time>
      </trkpt>
      <trkpt lat="38.965507" lon="-0.241401">
        <ele>87.828403</ele>
        <time>2026-02-09T18:21:48.685Z</time>
      </trkpt>
      <trkpt lat="38.965118" lon="-0.241468">
        <ele>87.492094</ele>
        <time>2026-02-09T18:21:53.497Z</time>
      </trkpt>
      <trkpt lat="38.965063" lon="-0.241457">
        <ele>87.444398</ele>
        <time>2026-02-09T18:21:54.171Z</time>
      </trkpt>
      <trkpt lat="38.964764" lon="-0.241272">
        <ele>87.160079</ele>
        <time>2026-02-09T18:21:58.215Z</time>
      </trkpt>
      <trkpt lat="38.964320" lon="-0.241620">
        <ele>86.714533</ele>
        <time>2026-02-09T18:22:04.648Z</time>
      </trkpt>
      <trkpt lat="38.964028" lon="-0.241724">
        <ele>86.455753</ele>
        <time>2026-02-09T18:22:08.631Z</time>
      </trkpt>
      <trkpt lat="38.963832" lon="-0.241749">
        <ele>86.291160</ele>
        <time>2026-02-09T18:22:11.272Z</time>
      </trkpt>
      <trkpt lat="38.963408" lon="-0.241703">
        <ele>85.935582</ele>
        <time>2026-02-09T18:22:16.893Z</time>
      </trkpt>
      <trkpt lat="38.962194" lon="-0.241762">
        <ele>84.881417</ele>
        <time>2026-02-09T18:22:31.841Z</time>
      </trkpt>
      <trkpt lat="38.961936" lon="-0.240286">
        <ele>83.316856</ele>
        <time>2026-02-09T18:22:51.543Z</time>
      </trkpt>
      <trkpt lat="38.961788" lon="-0.239653">
        <ele>82.633257</ele>
        <time>2026-02-09T18:23:00.017Z</time>
      </trkpt>
      <trkpt lat="38.961592" lon="-0.238916">
        <ele>81.757400</ele>
        <time>2026-02-09T18:23:10.043Z</time>
      </trkpt>
      <trkpt lat="38.961564" lon="-0.238878">
        <ele>81.698290</ele>
        <time>2026-02-09T18:23:10.724Z</time>
      </trkpt>
      <trkpt lat="38.960782" lon="-0.238938">
        <ele>80.560741</ele>
        <time>2026-02-09T18:23:23.624Z</time>
      </trkpt>
      <trkpt lat="38.960326" lon="-0.239107">
        <ele>79.871489</ele>
        <time>2026-02-09T18:23:31.499Z</time>
      </trkpt>
      <trkpt lat="38.959969" lon="-0.239045">
        <ele>79.347656</ele>
        <time>2026-02-09T18:23:37.429Z</time>
      </trkpt>
      <trkpt lat="38.959646" lon="-0.238934">
        <ele>78.861496</ele>
        <time>2026-02-09T18:23:42.929Z</time>
      </trkpt>
      <trkpt lat="38.959088" lon="-0.238696">
        <ele>78.006635</ele>
        <time>2026-02-09T18:23:52.633Z</time>
      </trkpt>
      <trkpt lat="38.958246" lon="-0.238282">
        <ele>76.683597</ele>
        <time>2026-02-09T18:24:07.588Z</time>
      </trkpt>
      <trkpt lat="38.957395" lon="-0.237888">
        <ele>75.344407</ele>
        <time>2026-02-09T18:24:22.694Z</time>
      </trkpt>
      <trkpt lat="38.956848" lon="-0.237552">
        <ele>74.474600</ele>
        <time>2026-02-09T18:24:32.443Z</time>
      </trkpt>
      <trkpt lat="38.956590" lon="-0.237371">
        <ele>74.086484</ele>
        <time>2026-02-09T18:24:37.170Z</time>
      </trkpt>
      <trkpt lat="38.956211" lon="-0.237137">
        <ele>73.531281</ele>
        <time>2026-02-09T18:24:44.004Z</time>
      </trkpt>
      <trkpt lat="38.956056" lon="-0.236989">
        <ele>73.276332</ele>
        <time>2026-02-09T18:24:47.170Z</time>
      </trkpt>
      <trkpt lat="38.953058" lon="-0.235456">
        <ele>70.460567</ele>
        <time>2026-02-09T18:25:44.558Z</time>
      </trkpt>
      <trkpt lat="38.951931" lon="-0.234768">
        <ele>69.633893</ele>
        <time>2026-02-09T18:26:08.351Z</time>
      </trkpt>
      <trkpt lat="38.950906" lon="-0.233963">
        <ele>68.210253</ele>
        <time>2026-02-09T18:26:28.715Z</time>
      </trkpt>
      <trkpt lat="38.950827" lon="-0.233968">
        <ele>68.116500</ele>
        <time>2026-02-09T18:26:29.983Z</time>
      </trkpt>
      <trkpt lat="38.950530" lon="-0.233544">
        <ele>67.669614</ele>
        <time>2026-02-09T18:26:37.059Z</time>
      </trkpt>
      <trkpt lat="38.950335" lon="-0.233353">
        <ele>67.609978</ele>
        <time>2026-02-09T18:26:40.973Z</time>
      </trkpt>
      <trkpt lat="38.950142" lon="-0.233085">
        <ele>67.540871</ele>
        <time>2026-02-09T18:26:45.609Z</time>
      </trkpt>
      <trkpt lat="38.949702" lon="-0.232236">
        <ele>67.347839</ele>
        <time>2026-02-09T18:27:00.002Z</time>
      </trkpt>
      <trkpt lat="38.949064" lon="-0.231446">
        <ele>68.257586</ele>
        <time>2026-02-09T18:27:26.146Z</time>
      </trkpt>
      <trkpt lat="38.949035" lon="-0.231245">
        <ele>68.581256</ele>
        <time>2026-02-09T18:27:31.101Z</time>
      </trkpt>
      <trkpt lat="38.949109" lon="-0.230763">
        <ele>69.359125</ele>
        <time>2026-02-09T18:27:42.973Z</time>
      </trkpt>
      <trkpt lat="38.949098" lon="-0.230665">
        <ele>69.515895</ele>
        <time>2026-02-09T18:27:45.288Z</time>
      </trkpt>
      <trkpt lat="38.949054" lon="-0.230600">
        <ele>69.652332</ele>
        <time>2026-02-09T18:27:47.324Z</time>
      </trkpt>
      <trkpt lat="38.948854" lon="-0.230493">
        <ele>70.093337</ele>
        <time>2026-02-09T18:27:53.717Z</time>
      </trkpt>
      <trkpt lat="38.948586" lon="-0.230415">
        <ele>70.652744</ele>
        <time>2026-02-09T18:28:01.560Z</time>
      </trkpt>
      <trkpt lat="38.948374" lon="-0.230319">
        <ele>70.876672</ele>
        <time>2026-02-09T18:28:07.618Z</time>
      </trkpt>
      <trkpt lat="38.948069" lon="-0.230117">
        <ele>70.742960</ele>
        <time>2026-02-09T18:28:15.057Z</time>
      </trkpt>
      <trkpt lat="38.947640" lon="-0.229740">
        <ele>70.540443</ele>
        <time>2026-02-09T18:28:24.315Z</time>
      </trkpt>
      <trkpt lat="38.947018" lon="-0.229360">
        <ele>70.272054</ele>
        <time>2026-02-09T18:28:36.277Z</time>
      </trkpt>
      <trkpt lat="38.946244" lon="-0.228774">
        <ele>68.981711</ele>
        <time>2026-02-09T18:28:51.191Z</time>
      </trkpt>
      <trkpt lat="38.945880" lon="-0.228458">
        <ele>68.257879</ele>
        <time>2026-02-09T18:28:58.321Z</time>
      </trkpt>
      <trkpt lat="38.944961" lon="-0.227217">
        <ele>65.938097</ele>
        <time>2026-02-09T18:29:19.263Z</time>
      </trkpt>
      <trkpt lat="38.944899" lon="-0.227134">
        <ele>65.775261</ele>
        <time>2026-02-09T18:29:20.673Z</time>
      </trkpt>
      <trkpt lat="38.944308" lon="-0.226473">
        <ele>64.350187</ele>
        <time>2026-02-09T18:29:33.203Z</time>
      </trkpt>
      <trkpt lat="38.944207" lon="-0.226360">
        <ele>64.106611</ele>
        <time>2026-02-09T18:29:35.384Z</time>
      </trkpt>
      <trkpt lat="38.943592" lon="-0.225655">
        <ele>62.958567</ele>
        <time>2026-02-09T18:29:49.270Z</time>
      </trkpt>
      <trkpt lat="38.942988" lon="-0.225056">
        <ele>61.926558</ele>
        <time>2026-02-09T18:30:02.483Z</time>
      </trkpt>
      <trkpt lat="38.942692" lon="-0.224771">
        <ele>61.367070</ele>
        <time>2026-02-09T18:30:08.427Z</time>
      </trkpt>
      <trkpt lat="38.942416" lon="-0.224482">
        <ele>60.641896</ele>
        <time>2026-02-09T18:30:14.019Z</time>
      </trkpt>
      <trkpt lat="38.942134" lon="-0.224401">
        <ele>60.053218</ele>
        <time>2026-02-09T18:30:18.556Z</time>
      </trkpt>
      <trkpt lat="38.942069" lon="-0.224410">
        <ele>59.920028</ele>
        <time>2026-02-09T18:30:19.558Z</time>
      </trkpt>
      <trkpt lat="38.941751" lon="-0.224450">
        <ele>59.269077</ele>
        <time>2026-02-09T18:30:24.549Z</time>
      </trkpt>
      <trkpt lat="38.941478" lon="-0.224298">
        <ele>58.662984</ele>
        <time>2026-02-09T18:30:29.036Z</time>
      </trkpt>
      <trkpt lat="38.940703" lon="-0.224001">
        <ele>57.486512</ele>
        <time>2026-02-09T18:30:41.698Z</time>
      </trkpt>
      <trkpt lat="38.940400" lon="-0.223966">
        <ele>57.204868</ele>
        <time>2026-02-09T18:30:46.788Z</time>
      </trkpt>
      <trkpt lat="38.939973" lon="-0.223752">
        <ele>56.780583</ele>
        <time>2026-02-09T18:30:54.715Z</time>
      </trkpt>
      <trkpt lat="38.939775" lon="-0.223587">
        <ele>56.562138</ele>
        <time>2026-02-09T18:30:58.993Z</time>
      </trkpt>
      <trkpt lat="38.939734" lon="-0.223574">
        <ele>56.523043</ele>
        <time>2026-02-09T18:30:59.786Z</time>
      </trkpt>
      <trkpt lat="38.939688" lon="-0.223620">
        <ele>56.469092</ele>
        <time>2026-02-09T18:31:00.905Z</time>
      </trkpt>
      <trkpt lat="38.939749" lon="-0.223926">
        <ele>56.241623</ele>
        <time>2026-02-09T18:31:05.933Z</time>
      </trkpt>
      <trkpt lat="38.939744" lon="-0.224628">
        <ele>57.084987</ele>
        <time>2026-02-09T18:31:19.237Z</time>
      </trkpt>
      <trkpt lat="38.939759" lon="-0.224686">
        <ele>57.165277</ele>
        <time>2026-02-09T18:31:20.473Z</time>
      </trkpt>
      <trkpt lat="38.940076" lon="-0.225472">
        <ele>58.328314</ele>
        <time>2026-02-09T18:31:40.043Z</time>
      </trkpt>
      <trkpt lat="38.940366" lon="-0.226286">
        <ele>59.524869</ele>
        <time>2026-02-09T18:32:01.142Z</time>
      </trkpt>
      <trkpt lat="38.940557" lon="-0.226918">
        <ele>60.487530</ele>
        <time>2026-02-09T18:32:16.438Z</time>
      </trkpt>
      <trkpt lat="38.940679" lon="-0.227575">
        <ele>61.446545</ele>
        <time>2026-02-09T18:32:30.893Z</time>
      </trkpt>
      <trkpt lat="38.940712" lon="-0.228177">
        <ele>62.303376</ele>
        <time>2026-02-09T18:32:43.211Z</time>
      </trkpt>
      <trkpt lat="38.940709" lon="-0.228783">
        <ele>62.620416</ele>
        <time>2026-02-09T18:32:54.838Z</time>
      </trkpt>
      <trkpt lat="38.940377" lon="-0.228807">
        <ele>62.703211</ele>
        <time>2026-02-09T18:33:02.671Z</time>
      </trkpt>
      <trkpt lat="38.940339" lon="-0.228997">
        <ele>62.741204</ele>
        <time>2026-02-09T18:33:06.155Z</time>
      </trkpt>
      <trkpt lat="38.940303" lon="-0.229049">
        <ele>62.754686</ele>
        <time>2026-02-09T18:33:07.357Z</time>
      </trkpt>
      <trkpt lat="38.940206" lon="-0.229111">
        <ele>62.781658</ele>
        <time>2026-02-09T18:33:09.751Z</time>
      </trkpt>
      <trkpt lat="38.940149" lon="-0.229118">
        <ele>62.795915</ele>
        <time>2026-02-09T18:33:10.967Z</time>
      </trkpt>
      <trkpt lat="38.940041" lon="-0.229073">
        <ele>62.824183</ele>
        <time>2026-02-09T18:33:13.314Z</time>
      </trkpt>
      <trkpt lat="38.939964" lon="-0.228965">
        <ele>62.852556</ele>
        <time>2026-02-09T18:33:15.528Z</time>
      </trkpt>
      <trkpt lat="38.939941" lon="-0.228834">
        <ele>62.878565</ele>
        <time>2026-02-09T18:33:17.409Z</time>
      </trkpt>
      <trkpt lat="38.939292" lon="-0.228831">
        <ele>62.753194</ele>
        <time>2026-02-09T18:33:28.648Z</time>
      </trkpt>
      <trkpt lat="38.939258" lon="-0.228963">
        <ele>62.646249</ele>
        <time>2026-02-09T18:33:30.640Z</time>
      </trkpt>
      <trkpt lat="38.939212" lon="-0.229028">
        <ele>62.578661</ele>
        <time>2026-02-09T18:33:31.920Z</time>
      </trkpt>
      <trkpt lat="38.939089" lon="-0.229096">
        <ele>62.446268</ele>
        <time>2026-02-09T18:33:34.455Z</time>
      </trkpt>
      <trkpt lat="38.938972" lon="-0.229074">
        <ele>62.329346</ele>
        <time>2026-02-09T18:33:36.607Z</time>
      </trkpt>
      <trkpt lat="38.938920" lon="-0.229036">
        <ele>62.270201</ele>
        <time>2026-02-09T18:33:37.638Z</time>
      </trkpt>
      <trkpt lat="38.938838" lon="-0.229278">
        <ele>62.067180</ele>
        <time>2026-02-09T18:33:41.158Z</time>
      </trkpt>
      <trkpt lat="38.938851" lon="-0.229425">
        <ele>61.953391</ele>
        <time>2026-02-09T18:33:43.069Z</time>
      </trkpt>
      <trkpt lat="38.939089" lon="-0.229770">
        <ele>61.598719</ele>
        <time>2026-02-09T18:33:48.970Z</time>
      </trkpt>
      <trkpt lat="38.939144" lon="-0.229961">
        <ele>61.442074</ele>
        <time>2026-02-09T18:33:51.573Z</time>
      </trkpt>
      <trkpt lat="38.939067" lon="-0.229982">
        <ele>61.364241</ele>
        <time>2026-02-09T18:33:52.482Z</time>
      </trkpt>
      <trkpt lat="38.938972" lon="-0.229787">
        <ele>61.192913</ele>
        <time>2026-02-09T18:33:54.640Z</time>
      </trkpt>
      <trkpt lat="38.938786" lon="-0.229579">
        <ele>61.031798</ele>
        <time>2026-02-09T18:33:57.959Z</time>
      </trkpt>
      <trkpt lat="38.938730" lon="-0.229482">
        <ele>60.970389</ele>
        <time>2026-02-09T18:33:59.316Z</time>
      </trkpt>
      <trkpt lat="38.938702" lon="-0.229348">
        <ele>60.899854</ele>
        <time>2026-02-09T18:34:00.776Z</time>
      </trkpt>
      <trkpt lat="38.938676" lon="-0.228551">
        <ele>60.494337</ele>
        <time>2026-02-09T18:34:08.728Z</time>
      </trkpt>
      <trkpt lat="38.938699" lon="-0.228440">
        <ele>60.435941</ele>
        <time>2026-02-09T18:34:09.902Z</time>
      </trkpt>
      <trkpt lat="38.938758" lon="-0.228337">
        <ele>60.370914</ele>
        <time>2026-02-09T18:34:11.246Z</time>
      </trkpt>
      <trkpt lat="38.938971" lon="-0.228137">
        <ele>60.198530</ele>
        <time>2026-02-09T18:34:14.982Z</time>
      </trkpt>
      <trkpt lat="38.939070" lon="-0.227976">
        <ele>60.094198</ele>
        <time>2026-02-09T18:34:17.223Z</time>
      </trkpt>
      <trkpt lat="38.939248" lon="-0.227245">
        <ele>58.908008</ele>
        <time>2026-02-09T18:34:24.780Z</time>
      </trkpt>
      <trkpt lat="38.939339" lon="-0.226815">
        <ele>58.123608</ele>
        <time>2026-02-09T18:34:28.682Z</time>
      </trkpt>
      <trkpt lat="38.939419" lon="-0.226208">
        <ele>57.039940</ele>
        <time>2026-02-09T18:34:33.620Z</time>
      </trkpt>
      <trkpt lat="38.939371" lon="-0.225366">
        <ele>55.470010</ele>
        <time>2026-02-09T18:34:40.093Z</time>
      </trkpt>
      <trkpt lat="38.939302" lon="-0.224823">
        <ele>54.300575</ele>
        <time>2026-02-09T18:34:44.331Z</time>
      </trkpt>
      <trkpt lat="38.939216" lon="-0.224442">
        <ele>53.457356</ele>
        <time>2026-02-09T18:34:47.457Z</time>
      </trkpt>
      <trkpt lat="38.939042" lon="-0.223912">
        <ele>52.234614</ele>
        <time>2026-02-09T18:34:52.156Z</time>
      </trkpt>
      <trkpt lat="38.938734" lon="-0.223239">
        <ele>50.892093</ele>
        <time>2026-02-09T18:34:59.032Z</time>
      </trkpt>
      <trkpt lat="38.938385" lon="-0.222683">
        <ele>50.402542</ele>
        <time>2026-02-09T18:35:05.883Z</time>
      </trkpt>
      <trkpt lat="38.936968" lon="-0.221186">
        <ele>49.114510</ele>
        <time>2026-02-09T18:35:29.925Z</time>
      </trkpt>
      <trkpt lat="38.936087" lon="-0.220292">
        <ele>48.642926</ele>
        <time>2026-02-09T18:35:45.042Z</time>
      </trkpt>
      <trkpt lat="38.935491" lon="-0.219737">
        <ele>48.608459</ele>
        <time>2026-02-09T18:35:55.286Z</time>
      </trkpt>
      <trkpt lat="38.934076" lon="-0.218313">
        <ele>48.476987</ele>
        <time>2026-02-09T18:36:23.236Z</time>
      </trkpt>
      <trkpt lat="38.933859" lon="-0.218127">
        <ele>48.449732</ele>
        <time>2026-02-09T18:36:27.292Z</time>
      </trkpt>
      <trkpt lat="38.933257" lon="-0.217477">
        <ele>48.335822</ele>
        <time>2026-02-09T18:36:37.912Z</time>
      </trkpt>
      <trkpt lat="38.933225" lon="-0.217578">
        <ele>48.287775</ele>
        <time>2026-02-09T18:36:39.430Z</time>
      </trkpt>
      <trkpt lat="38.933138" lon="-0.217579">
        <ele>48.238499</ele>
        <time>2026-02-09T18:36:41.032Z</time>
      </trkpt>
      <trkpt lat="38.933074" lon="-0.217641">
        <ele>48.193111</ele>
        <time>2026-02-09T18:36:42.441Z</time>
      </trkpt>
      <trkpt lat="38.932507" lon="-0.218355">
        <ele>47.743578</ele>
        <time>2026-02-09T18:36:56.417Z</time>
      </trkpt>
      <trkpt lat="38.932419" lon="-0.218488">
        <ele>47.666652</ele>
        <time>2026-02-09T18:36:58.727Z</time>
      </trkpt>
      <trkpt lat="38.932273" lon="-0.218625">
        <ele>47.564276</ele>
        <time>2026-02-09T18:37:01.875Z</time>
      </trkpt>
      <trkpt lat="38.931365" lon="-0.219048">
        <ele>48.119570</ele>
        <time>2026-02-09T18:37:21.637Z</time>
      </trkpt>
      <trkpt lat="38.931034" lon="-0.219252">
        <ele>48.588119</ele>
        <time>2026-02-09T18:37:30.544Z</time>
      </trkpt>
      <trkpt lat="38.930963" lon="-0.219298">
        <ele>48.689605</ele>
        <time>2026-02-09T18:37:32.133Z</time>
      </trkpt>
      <trkpt lat="38.930836" lon="-0.219281">
        <ele>48.852590</ele>
        <time>2026-02-09T18:37:34.759Z</time>
      </trkpt>
      <trkpt lat="38.930472" lon="-0.219194">
        <ele>49.325176</ele>
        <time>2026-02-09T18:37:43.162Z</time>
      </trkpt>
      <trkpt lat="38.929783" lon="-0.219214">
        <ele>51.347950</ele>
        <time>2026-02-09T18:38:01.922Z</time>
      </trkpt>
      <trkpt lat="38.929241" lon="-0.219257">
        <ele>53.474008</ele>
        <time>2026-02-09T18:38:18.280Z</time>
      </trkpt>
      <trkpt lat="38.928908" lon="-0.219313">
        <ele>54.788867</ele>
        <time>2026-02-09T18:38:29.298Z</time>
      </trkpt>
      <trkpt lat="38.928714" lon="-0.219360">
        <ele>55.561781</ele>
        <time>2026-02-09T18:38:36.107Z</time>
      </trkpt>
      <trkpt lat="38.928673" lon="-0.219369">
        <ele>55.724627</ele>
        <time>2026-02-09T18:38:37.525Z</time>
      </trkpt>
      <trkpt lat="38.928424" lon="-0.219570">
        <ele>56.865341</ele>
        <time>2026-02-09T18:38:47.848Z</time>
      </trkpt>
      <trkpt lat="38.927903" lon="-0.220076">
        <ele>59.275110</ele>
        <time>2026-02-09T18:39:08.918Z</time>
      </trkpt>
      <trkpt lat="38.927606" lon="-0.220301">
        <ele>60.547340</ele>
        <time>2026-02-09T18:39:19.009Z</time>
      </trkpt>
      <trkpt lat="38.926946" lon="-0.220651">
        <ele>63.182124</ele>
        <time>2026-02-09T18:39:38.671Z</time>
      </trkpt>
      <trkpt lat="38.926757" lon="-0.220762">
        <ele>63.793962</ele>
        <time>2026-02-09T18:39:43.882Z</time>
      </trkpt>
      <trkpt lat="38.926380" lon="-0.221006">
        <ele>64.960564</ele>
        <time>2026-02-09T18:39:53.847Z</time>
      </trkpt>
      <trkpt lat="38.925470" lon="-0.221266">
        <ele>67.537062</ele>
        <time>2026-02-09T18:40:18.005Z</time>
      </trkpt>
      <trkpt lat="38.925336" lon="-0.221323">
        <ele>67.927173</ele>
        <time>2026-02-09T18:40:21.807Z</time>
      </trkpt>
      <trkpt lat="38.924769" lon="-0.221700">
        <ele>69.796957</ele>
        <time>2026-02-09T18:40:39.074Z</time>
      </trkpt>
      <trkpt lat="38.924616" lon="-0.221803">
        <ele>70.310554</ele>
        <time>2026-02-09T18:40:43.691Z</time>
      </trkpt>
      <trkpt lat="38.924166" lon="-0.222101">
        <ele>71.815864</ele>
        <time>2026-02-09T18:40:57.225Z</time>
      </trkpt>
      <trkpt lat="38.923484" lon="-0.222563">
        <ele>73.995681</ele>
        <time>2026-02-09T18:41:17.762Z</time>
      </trkpt>
      <trkpt lat="38.923253" lon="-0.222695">
        <ele>74.562088</ele>
        <time>2026-02-09T18:41:24.876Z</time>
      </trkpt>
      <trkpt lat="38.923165" lon="-0.222744">
        <ele>74.776962</ele>
        <time>2026-02-09T18:41:27.617Z</time>
      </trkpt>
      <trkpt lat="38.922215" lon="-0.223154">
        <ele>77.022262</ele>
        <time>2026-02-09T18:41:51.296Z</time>
      </trkpt>
      <trkpt lat="38.922146" lon="-0.223181">
        <ele>77.183865</ele>
        <time>2026-02-09T18:41:52.723Z</time>
      </trkpt>
      <trkpt lat="38.922018" lon="-0.223241">
        <ele>77.489131</ele>
        <time>2026-02-09T18:41:55.329Z</time>
      </trkpt>
      <trkpt lat="38.921789" lon="-0.223218">
        <ele>77.878719</ele>
        <time>2026-02-09T18:41:59.536Z</time>
      </trkpt>
      <trkpt lat="38.921729" lon="-0.223212">
        <ele>77.961257</ele>
        <time>2026-02-09T18:42:00.756Z</time>
      </trkpt>
      <trkpt lat="38.921441" lon="-0.223152">
        <ele>78.361399</ele>
        <time>2026-02-09T18:42:06.280Z</time>
      </trkpt>
      <trkpt lat="38.921105" lon="-0.223085">
        <ele>78.827730</ele>
        <time>2026-02-09T18:42:12.842Z</time>
      </trkpt>
      <trkpt lat="38.920857" lon="-0.223012">
        <ele>79.176663</ele>
        <time>2026-02-09T18:42:17.916Z</time>
      </trkpt>
      <trkpt lat="38.919621" lon="-0.222792">
        <ele>80.137600</ele>
        <time>2026-02-09T18:42:44.926Z</time>
      </trkpt>
      <trkpt lat="38.919562" lon="-0.222776">
        <ele>80.136419</ele>
        <time>2026-02-09T18:42:46.091Z</time>
      </trkpt>
      <trkpt lat="38.918833" lon="-0.222670">
        <ele>80.122048</ele>
        <time>2026-02-09T18:42:56.314Z</time>
      </trkpt>
      <trkpt lat="38.918080" lon="-0.222631">
        <ele>80.066791</ele>
        <time>2026-02-09T18:43:04.581Z</time>
      </trkpt>
      <trkpt lat="38.917559" lon="-0.222609">
        <ele>79.983373</ele>
        <time>2026-02-09T18:43:11.140Z</time>
      </trkpt>
      <trkpt lat="38.916933" lon="-0.222570">
        <ele>79.883080</ele>
        <time>2026-02-09T18:43:21.000Z</time>
      </trkpt>
      <trkpt lat="38.916176" lon="-0.222530">
        <ele>80.396539</ele>
        <time>2026-02-09T18:43:35.984Z</time>
      </trkpt>
      <trkpt lat="38.915697" lon="-0.222494">
        <ele>81.090034</ele>
        <time>2026-02-09T18:43:47.248Z</time>
      </trkpt>
      <trkpt lat="38.915396" lon="-0.222434">
        <ele>81.530279</ele>
        <time>2026-02-09T18:43:54.113Z</time>
      </trkpt>
      <trkpt lat="38.915222" lon="-0.222394">
        <ele>81.785758</ele>
        <time>2026-02-09T18:43:57.906Z</time>
      </trkpt>
      <trkpt lat="38.915164" lon="-0.222378">
        <ele>81.871496</ele>
        <time>2026-02-09T18:43:59.177Z</time>
      </trkpt>
      <trkpt lat="38.915132" lon="-0.222366">
        <ele>81.919675</ele>
        <time>2026-02-09T18:43:59.849Z</time>
      </trkpt>
      <trkpt lat="38.914872" lon="-0.222269">
        <ele>82.310973</ele>
        <time>2026-02-09T18:44:05.387Z</time>
      </trkpt>
      <trkpt lat="38.912783" lon="-0.221385">
        <ele>83.326835</ele>
        <time>2026-02-09T18:44:41.472Z</time>
      </trkpt>
      <trkpt lat="38.912476" lon="-0.221283">
        <ele>83.346353</ele>
        <time>2026-02-09T18:44:45.974Z</time>
      </trkpt>
      <trkpt lat="38.912112" lon="-0.221216">
        <ele>83.368987</ele>
        <time>2026-02-09T18:44:51.290Z</time>
      </trkpt>
      <trkpt lat="38.911207" lon="-0.221195">
        <ele>83.372339</ele>
        <time>2026-02-09T18:45:04.807Z</time>
      </trkpt>
      <trkpt lat="38.910779" lon="-0.221142">
        <ele>83.200054</ele>
        <time>2026-02-09T18:45:11.423Z</time>
      </trkpt>
      <trkpt lat="38.910285" lon="-0.221016">
        <ele>82.998258</ele>
        <time>2026-02-09T18:45:18.344Z</time>
      </trkpt>
      <trkpt lat="38.909889" lon="-0.220858">
        <ele>82.832118</ele>
        <time>2026-02-09T18:45:23.632Z</time>
      </trkpt>
      <trkpt lat="38.909271" lon="-0.220527">
        <ele>82.449713</ele>
        <time>2026-02-09T18:45:31.955Z</time>
      </trkpt>
      <trkpt lat="38.907358" lon="-0.219407">
        <ele>81.086744</ele>
        <time>2026-02-09T18:45:58.763Z</time>
      </trkpt>
      <trkpt lat="38.906944" lon="-0.219207">
        <ele>80.897537</ele>
        <time>2026-02-09T18:46:04.698Z</time>
      </trkpt>
      <trkpt lat="38.906466" lon="-0.219022">
        <ele>80.683981</ele>
        <time>2026-02-09T18:46:11.704Z</time>
      </trkpt>
      <trkpt lat="38.906235" lon="-0.218896">
        <ele>80.582995</ele>
        <time>2026-02-09T18:46:15.370Z</time>
      </trkpt>
      <trkpt lat="38.905762" lon="-0.218556">
        <ele>80.467114</ele>
        <time>2026-02-09T18:46:23.123Z</time>
      </trkpt>
      <trkpt lat="38.905697" lon="-0.218626">
        <ele>80.448981</ele>
        <time>2026-02-09T18:46:24.327Z</time>
      </trkpt>
      <trkpt lat="38.905614" lon="-0.218655">
        <ele>80.430590</ele>
        <time>2026-02-09T18:46:25.535Z</time>
      </trkpt>
      <trkpt lat="38.905492" lon="-0.218610">
        <ele>80.403452</ele>
        <time>2026-02-09T18:46:27.329Z</time>
      </trkpt>
      <trkpt lat="38.905414" lon="-0.218468">
        <ele>80.374531</ele>
        <time>2026-02-09T18:46:29.231Z</time>
      </trkpt>
      <trkpt lat="38.905426" lon="-0.218289">
        <ele>80.344638</ele>
        <time>2026-02-09T18:46:31.219Z</time>
      </trkpt>
      <trkpt lat="38.904779" lon="-0.217918">
        <ele>80.199382</ele>
        <time>2026-02-09T18:46:41.085Z</time>
      </trkpt>
      <trkpt lat="38.903632" lon="-0.217178">
        <ele>80.071952</ele>
        <time>2026-02-09T18:46:58.694Z</time>
      </trkpt>
      <trkpt lat="38.901522" lon="-0.215568">
        <ele>81.184593</ele>
        <time>2026-02-09T18:47:39.166Z</time>
      </trkpt>
      <trkpt lat="38.900296" lon="-0.214591">
        <ele>83.196564</ele>
        <time>2026-02-09T18:48:11.092Z</time>
      </trkpt>
      <trkpt lat="38.900241" lon="-0.214574">
        <ele>83.275458</ele>
        <time>2026-02-09T18:48:12.313Z</time>
      </trkpt>
      <trkpt lat="38.899923" lon="-0.214341">
        <ele>83.400505</ele>
        <time>2026-02-09T18:48:19.269Z</time>
      </trkpt>
      <trkpt lat="38.899746" lon="-0.214317">
        <ele>83.385990</ele>
        <time>2026-02-09T18:48:22.284Z</time>
      </trkpt>
      <trkpt lat="38.899728" lon="-0.214327">
        <ele>83.384390</ele>
        <time>2026-02-09T18:48:22.630Z</time>
      </trkpt>
      <trkpt lat="38.899663" lon="-0.214339">
        <ele>83.379035</ele>
        <time>2026-02-09T18:48:23.719Z</time>
      </trkpt>
      <trkpt lat="38.899539" lon="-0.214286">
        <ele>83.368378</ele>
        <time>2026-02-09T18:48:25.829Z</time>
      </trkpt>
      <trkpt lat="38.899465" lon="-0.214161">
        <ele>83.358410</ele>
        <time>2026-02-09T18:48:27.790Z</time>
      </trkpt>
      <trkpt lat="38.899460" lon="-0.214150">
        <ele>83.357601</ele>
        <time>2026-02-09T18:48:27.933Z</time>
      </trkpt>
      <trkpt lat="38.899454" lon="-0.214109">
        <ele>83.354953</ele>
        <time>2026-02-09T18:48:28.422Z</time>
      </trkpt>
      <trkpt lat="38.899397" lon="-0.213954">
        <ele>83.344073</ele>
        <time>2026-02-09T18:48:30.460Z</time>
      </trkpt>
      <trkpt lat="38.899001" lon="-0.213585">
        <ele>83.304179</ele>
        <time>2026-02-09T18:48:37.000Z</time>
      </trkpt>
      <trkpt lat="38.897601" lon="-0.212523">
        <ele>81.189109</ele>
        <time>2026-02-09T18:48:55.607Z</time>
      </trkpt>
      <trkpt lat="38.897276" lon="-0.212298">
        <ele>80.582444</ele>
        <time>2026-02-09T18:48:59.910Z</time>
      </trkpt>
      <trkpt lat="38.896896" lon="-0.212116">
        <ele>79.853363</ele>
        <time>2026-02-09T18:49:04.245Z</time>
      </trkpt>
      <trkpt lat="38.896729" lon="-0.212136">
        <ele>79.534932</ele>
        <time>2026-02-09T18:49:05.972Z</time>
      </trkpt>
      <trkpt lat="38.896641" lon="-0.212171">
        <ele>79.360039</ele>
        <time>2026-02-09T18:49:06.924Z</time>
      </trkpt>
      <trkpt lat="38.896536" lon="-0.212255">
        <ele>79.125210</ele>
        <time>2026-02-09T18:49:08.190Z</time>
      </trkpt>
      <trkpt lat="38.896431" lon="-0.212359">
        <ele>78.873508</ele>
        <time>2026-02-09T18:49:09.553Z</time>
      </trkpt>
      <trkpt lat="38.896364" lon="-0.212371">
        <ele>78.745076</ele>
        <time>2026-02-09T18:49:10.244Z</time>
      </trkpt>
      <trkpt lat="38.896298" lon="-0.212353">
        <ele>78.616980</ele>
        <time>2026-02-09T18:49:10.965Z</time>
      </trkpt>
      <trkpt lat="38.896199" lon="-0.212239">
        <ele>78.364588</ele>
        <time>2026-02-09T18:49:12.381Z</time>
      </trkpt>
      <trkpt lat="38.896080" lon="-0.212131">
        <ele>78.087985</ele>
        <time>2026-02-09T18:49:14.006Z</time>
      </trkpt>
      <trkpt lat="38.895781" lon="-0.212067">
        <ele>77.512497</ele>
        <time>2026-02-09T18:49:17.595Z</time>
      </trkpt>
      <trkpt lat="38.895685" lon="-0.212085">
        <ele>77.328306</ele>
        <time>2026-02-09T18:49:18.721Z</time>
      </trkpt>
      <trkpt lat="38.895486" lon="-0.212123">
        <ele>76.946346</ele>
        <time>2026-02-09T18:49:20.932Z</time>
      </trkpt>
      <trkpt lat="38.894816" lon="-0.212302">
        <ele>77.999286</ele>
        <time>2026-02-09T18:49:30.503Z</time>
      </trkpt>
      <trkpt lat="38.894659" lon="-0.212255">
        <ele>78.265722</ele>
        <time>2026-02-09T18:49:34.064Z</time>
      </trkpt>
      <trkpt lat="38.894558" lon="-0.212053">
        <ele>78.574567</ele>
        <time>2026-02-09T18:49:38.589Z</time>
      </trkpt>
      <trkpt lat="38.894472" lon="-0.211501">
        <ele>79.298725</ele>
        <time>2026-02-09T18:49:51.227Z</time>
      </trkpt>
      <trkpt lat="38.894431" lon="-0.211396">
        <ele>79.449839</ele>
        <time>2026-02-09T18:49:54.008Z</time>
      </trkpt>
      <trkpt lat="38.894388" lon="-0.211362">
        <ele>79.533288</ele>
        <time>2026-02-09T18:49:55.540Z</time>
      </trkpt>
      <trkpt lat="38.894294" lon="-0.211362">
        <ele>79.688649</ele>
        <time>2026-02-09T18:49:58.251Z</time>
      </trkpt>
      <trkpt lat="38.894004" lon="-0.211451">
        <ele>80.229248</ele>
        <time>2026-02-09T18:50:06.523Z</time>
      </trkpt>
      <trkpt lat="38.893735" lon="-0.211607">
        <ele>80.793728</ele>
        <time>2026-02-09T18:50:15.305Z</time>
      </trkpt>
      <trkpt lat="38.893487" lon="-0.211812">
        <ele>81.357749</ele>
        <time>2026-02-09T18:50:23.195Z</time>
      </trkpt>
      <trkpt lat="38.893401" lon="-0.211928">
        <ele>81.596233</ele>
        <time>2026-02-09T18:50:26.137Z</time>
      </trkpt>
      <trkpt lat="38.893327" lon="-0.212084">
        <ele>81.868191</ele>
        <time>2026-02-09T18:50:29.236Z</time>
      </trkpt>
      <trkpt lat="38.893206" lon="-0.212378">
        <ele>82.363271</ele>
        <time>2026-02-09T18:50:34.481Z</time>
      </trkpt>
      <trkpt lat="38.893104" lon="-0.212550">
        <ele>82.685170</ele>
        <time>2026-02-09T18:50:37.541Z</time>
      </trkpt>
      <trkpt lat="38.892996" lon="-0.212689">
        <ele>82.977549</ele>
        <time>2026-02-09T18:50:40.049Z</time>
      </trkpt>
      <trkpt lat="38.892823" lon="-0.212838">
        <ele>83.312329</ele>
        <time>2026-02-09T18:50:43.084Z</time>
      </trkpt>
      <trkpt lat="38.892618" lon="-0.212944">
        <ele>83.274973</ele>
        <time>2026-02-09T18:50:45.877Z</time>
      </trkpt>
      <trkpt lat="38.891599" lon="-0.213292">
        <ele>83.096729</ele>
        <time>2026-02-09T18:51:00.038Z</time>
      </trkpt>
      <trkpt lat="38.890809" lon="-0.213386">
        <ele>83.475234</ele>
        <time>2026-02-09T18:51:11.766Z</time>
      </trkpt>
      <trkpt lat="38.890362" lon="-0.213379">
        <ele>84.161911</ele>
        <time>2026-02-09T18:51:19.798Z</time>
      </trkpt>
      <trkpt lat="38.890132" lon="-0.213331">
        <ele>84.519839</ele>
        <time>2026-02-09T18:51:24.500Z</time>
      </trkpt>
      <trkpt lat="38.889836" lon="-0.213194">
        <ele>85.003122</ele>
        <time>2026-02-09T18:51:31.380Z</time>
      </trkpt>
      <trkpt lat="38.889223" lon="-0.212757">
        <ele>86.361352</ele>
        <time>2026-02-09T18:51:50.403Z</time>
      </trkpt>
      <trkpt lat="38.888940" lon="-0.212640">
        <ele>87.241104</ele>
        <time>2026-02-09T18:51:59.086Z</time>
      </trkpt>
      <trkpt lat="38.888721" lon="-0.212544">
        <ele>87.925858</ele>
        <time>2026-02-09T18:52:05.463Z</time>
      </trkpt>
      <trkpt lat="38.888677" lon="-0.212534">
        <ele>88.058085</ele>
        <time>2026-02-09T18:52:06.683Z</time>
      </trkpt>
      <trkpt lat="38.888383" lon="-0.212347">
        <ele>89.028881</ele>
        <time>2026-02-09T18:52:15.292Z</time>
      </trkpt>
      <trkpt lat="38.888343" lon="-0.212325">
        <ele>89.157640</ele>
        <time>2026-02-09T18:52:16.387Z</time>
      </trkpt>
      <trkpt lat="38.888287" lon="-0.212251">
        <ele>89.395369</ele>
        <time>2026-02-09T18:52:18.427Z</time>
      </trkpt>
      <trkpt lat="38.888269" lon="-0.212147">
        <ele>89.640770</ele>
        <time>2026-02-09T18:52:20.445Z</time>
      </trkpt>
      <trkpt lat="38.888279" lon="-0.212086">
        <ele>89.784358</ele>
        <time>2026-02-09T18:52:21.656Z</time>
      </trkpt>
      <trkpt lat="38.888143" lon="-0.211737">
        <ele>90.683351</ele>
        <time>2026-02-09T18:52:29.054Z</time>
      </trkpt>
      <trkpt lat="38.888059" lon="-0.211619">
        <ele>91.051676</ele>
        <time>2026-02-09T18:52:32.219Z</time>
      </trkpt>
      <trkpt lat="38.887485" lon="-0.210747">
        <ele>94.695368</ele>
        <time>2026-02-09T18:52:57.051Z</time>
      </trkpt>
      <trkpt lat="38.887287" lon="-0.210440">
        <ele>95.973899</ele>
        <time>2026-02-09T18:53:07.534Z</time>
      </trkpt>
      <trkpt lat="38.887065" lon="-0.210126">
        <ele>97.334207</ele>
        <time>2026-02-09T18:53:19.247Z</time>
      </trkpt>
      <trkpt lat="38.886671" lon="-0.209482">
        <ele>99.973449</ele>
        <time>2026-02-09T18:53:43.072Z</time>
      </trkpt>
      <trkpt lat="38.886605" lon="-0.209334">
        <ele>100.525134</ele>
        <time>2026-02-09T18:53:47.795Z</time>
      </trkpt>
      <trkpt lat="38.886531" lon="-0.209312">
        <ele>100.840748</ele>
        <time>2026-02-09T18:53:50.391Z</time>
      </trkpt>
      <trkpt lat="38.886503" lon="-0.209257">
        <ele>101.053309</ele>
        <time>2026-02-09T18:53:52.137Z</time>
      </trkpt>
      <trkpt lat="38.886506" lon="-0.209190">
        <ele>101.270372</ele>
        <time>2026-02-09T18:53:53.802Z</time>
      </trkpt>
      <trkpt lat="38.886211" lon="-0.209193">
        <ele>102.496207</ele>
        <time>2026-02-09T18:54:04.929Z</time>
      </trkpt>
      <trkpt lat="38.886155" lon="-0.209192">
        <ele>102.728923</ele>
        <time>2026-02-09T18:54:07.015Z</time>
      </trkpt>
      <trkpt lat="38.886119" lon="-0.209191">
        <ele>102.878547</ele>
        <time>2026-02-09T18:54:08.345Z</time>
      </trkpt>
      <trkpt lat="38.885885" lon="-0.208482">
        <ele>105.369375</ele>
        <time>2026-02-09T18:54:28.277Z</time>
      </trkpt>
      <trkpt lat="38.885503" lon="-0.208711">
        <ele>106.849351</ele>
        <time>2026-02-09T18:54:41.696Z</time>
      </trkpt>
      <trkpt lat="38.885468" lon="-0.208703">
        <ele>106.961815</ele>
        <time>2026-02-09T18:54:46.052Z</time>
      </trkpt>
      <trkpt lat="38.885424" lon="-0.208551">
        <ele>107.361163</ele>
        <time>2026-02-09T18:55:01.354Z</time>
      </trkpt>
      <trkpt lat="38.885163" lon="-0.208649">
        <ele>108.221398</ele>
        <time>2026-02-09T18:55:33.961Z</time>
      </trkpt>
      <trkpt lat="38.884943" lon="-0.208657">
        <ele>108.917661</ele>
        <time>2026-02-09T18:56:00.324Z</time>
      </trkpt>
      <trkpt lat="38.884875" lon="-0.208932">
        <ele>109.628209</ele>
        <time>2026-02-09T18:56:27.577Z</time>
      </trkpt>
      <trkpt lat="38.884795" lon="-0.208870">
        <ele>109.923781</ele>
        <time>2026-02-09T18:56:38.855Z</time>
      </trkpt>
      <trkpt lat="38.884740" lon="-0.208780">
        <ele>110.205551</ele>
        <time>2026-02-09T18:56:49.781Z</time>
      </trkpt>
      <trkpt lat="38.884451" lon="-0.208551">
        <ele>111.279749</ele>
        <time>2026-02-09T18:57:32.338Z</time>
      </trkpt>
      <trkpt lat="38.884362" lon="-0.208503">
        <ele>111.585112</ele>
        <time>2026-02-09T18:57:44.840Z</time>
      </trkpt>
      <trkpt lat="38.884324" lon="-0.208442">
        <ele>111.886906</ele>
        <time>2026-02-09T18:57:52.771Z</time>
      </trkpt>
      <trkpt lat="38.884328" lon="-0.208689">
        <ele>113.131659</ele>
        <time>2026-02-09T18:58:18.459Z</time>
      </trkpt>
      <trkpt lat="38.884297" lon="-0.208703">
        <ele>113.344348</ele>
        <time>2026-02-09T18:58:22.778Z</time>
      </trkpt>
      <trkpt lat="38.884098" lon="-0.208801">
        <ele>114.723800</ele>
        <time>2026-02-09T18:58:51.486Z</time>
      </trkpt>
      <trkpt lat="38.884054" lon="-0.208877">
        <ele>115.201017</ele>
        <time>2026-02-09T18:59:01.516Z</time>
      </trkpt>
      <trkpt lat="38.883766" lon="-0.208916">
        <ele>117.075464</ele>
        <time>2026-02-09T18:59:41.332Z</time>
      </trkpt>
      <trkpt lat="38.883354" lon="-0.209014">
        <ele>119.787517</ele>
        <time>2026-02-09T19:00:40.243Z</time>
      </trkpt>
      <trkpt lat="38.883206" lon="-0.209083">
        <ele>120.806601</ele>
        <time>2026-02-09T19:01:02.418Z</time>
      </trkpt>
      <trkpt lat="38.883016" lon="-0.209218">
        <ele>122.211974</ele>
        <time>2026-02-09T19:01:33.073Z</time>
      </trkpt>
      <trkpt lat="38.882585" lon="-0.209490">
        <ele>125.720268</ele>
        <time>2026-02-09T19:02:41.830Z</time>
      </trkpt>
      <trkpt lat="38.882385" lon="-0.209464">
        <ele>127.281040</ele>
        <time>2026-02-09T19:02:51.694Z</time>
      </trkpt>
      <trkpt lat="38.882200" lon="-0.209359">
        <ele>128.851363</ele>
        <time>2026-02-09T19:03:01.085Z</time>
      </trkpt>
      <trkpt lat="38.882109" lon="-0.209034">
        <ele>130.938855</ele>
        <time>2026-02-09T19:03:13.595Z</time>
      </trkpt>
      <trkpt lat="38.882057" lon="-0.208927">
        <ele>131.701241</ele>
        <time>2026-02-09T19:03:18.184Z</time>
      </trkpt>
      <trkpt lat="38.881849" lon="-0.208650">
        <ele>134.027388</ele>
        <time>2026-02-09T19:03:32.951Z</time>
      </trkpt>
      <trkpt lat="38.881560" lon="-0.208379">
        <ele>136.805459</ele>
        <time>2026-02-09T19:03:52.614Z</time>
      </trkpt>
      <trkpt lat="38.881398" lon="-0.208286">
        <ele>138.468864</ele>
        <time>2026-02-09T19:04:03.526Z</time>
      </trkpt>
      <trkpt lat="38.881150" lon="-0.208196">
        <ele>141.102696</ele>
        <time>2026-02-09T19:04:19.886Z</time>
      </trkpt>
      <trkpt lat="38.881127" lon="-0.208161">
        <ele>141.467108</ele>
        <time>2026-02-09T19:04:22.114Z</time>
      </trkpt>
      <trkpt lat="38.880668" lon="-0.207241">
        <ele>150.160904</ele>
        <time>2026-02-09T19:05:14.258Z</time>
      </trkpt>
      <trkpt lat="38.880601" lon="-0.207161">
        <ele>151.095788</ele>
        <time>2026-02-09T19:05:20.027Z</time>
      </trkpt>
      <trkpt lat="38.880498" lon="-0.207038">
        <ele>152.533078</ele>
        <time>2026-02-09T19:05:29.047Z</time>
      </trkpt>
      <trkpt lat="38.880296" lon="-0.206858">
        <ele>155.045656</ele>
        <time>2026-02-09T19:05:45.168Z</time>
      </trkpt>
      <trkpt lat="38.880078" lon="-0.206613">
        <ele>157.948305</ele>
        <time>2026-02-09T19:06:03.813Z</time>
      </trkpt>
      <trkpt lat="38.879880" lon="-0.206340">
        <ele>160.843838</ele>
        <time>2026-02-09T19:06:21.721Z</time>
      </trkpt>
      <trkpt lat="38.879707" lon="-0.206033">
        <ele>163.784927</ele>
        <time>2026-02-09T19:06:39.225Z</time>
      </trkpt>
      <trkpt lat="38.879539" lon="-0.205768">
        <ele>166.437063</ele>
        <time>2026-02-09T19:06:54.886Z</time>
      </trkpt>
      <trkpt lat="38.879479" lon="-0.205629">
        <ele>167.670473</ele>
        <time>2026-02-09T19:07:01.914Z</time>
      </trkpt>
      <trkpt lat="38.879456" lon="-0.205404">
        <ele>169.431528</ele>
        <time>2026-02-09T19:07:11.846Z</time>
      </trkpt>
      <trkpt lat="38.879441" lon="-0.204652">
        <ele>175.425124</ele>
        <time>2026-02-09T19:07:46.258Z</time>
      </trkpt>
      <trkpt lat="38.879413" lon="-0.204400">
        <ele>177.584276</ele>
        <time>2026-02-09T19:07:58.296Z</time>
      </trkpt>
      <trkpt lat="38.879368" lon="-0.204201">
        <ele>179.341987</ele>
        <time>2026-02-09T19:08:08.392Z</time>
      </trkpt>
      <trkpt lat="38.879322" lon="-0.204107">
        <ele>180.283757</ele>
        <time>2026-02-09T19:08:14.015Z</time>
      </trkpt>
      <trkpt lat="38.879040" lon="-0.203627">
        <ele>185.384502</ele>
        <time>2026-02-09T19:08:47.061Z</time>
      </trkpt>
      <trkpt lat="38.878987" lon="-0.203583">
        <ele>186.072088</ele>
        <time>2026-02-09T19:08:51.421Z</time>
      </trkpt>
      <trkpt lat="38.878863" lon="-0.203565">
        <ele>187.431777</ele>
        <time>2026-02-09T19:08:59.898Z</time>
      </trkpt>
      <trkpt lat="38.878719" lon="-0.203615">
        <ele>189.057093</ele>
        <time>2026-02-09T19:09:09.713Z</time>
      </trkpt>
      <trkpt lat="38.878187" lon="-0.203861">
        <ele>194.657450</ele>
        <time>2026-02-09T19:09:45.558Z</time>
      </trkpt>
      <trkpt lat="38.878141" lon="-0.203902">
        <ele>195.098875</ele>
        <time>2026-02-09T19:09:48.957Z</time>
      </trkpt>
      <trkpt lat="38.878120" lon="-0.203998">
        <ele>195.710913</ele>
        <time>2026-02-09T19:09:53.465Z</time>
      </trkpt>
      <trkpt lat="38.878118" lon="-0.204587">
        <ele>199.326043</ele>
        <time>2026-02-09T19:10:18.771Z</time>
      </trkpt>
      <trkpt lat="38.878174" lon="-0.205007">
        <ele>201.941406</ele>
        <time>2026-02-09T19:10:34.562Z</time>
      </trkpt>
      <trkpt lat="38.878295" lon="-0.205369">
        <ele>204.359390</ele>
        <time>2026-02-09T19:10:46.121Z</time>
      </trkpt>
      <trkpt lat="38.878306" lon="-0.205482">
        <ele>205.058348</ele>
        <time>2026-02-09T19:10:49.919Z</time>
      </trkpt>
      <trkpt lat="38.878255" lon="-0.205609">
        <ele>205.935431</ele>
        <time>2026-02-09T19:10:55.467Z</time>
      </trkpt>
      <trkpt lat="38.878188" lon="-0.205632">
        <ele>206.482207</ele>
        <time>2026-02-09T19:10:58.911Z</time>
      </trkpt>
      <trkpt lat="38.877996" lon="-0.205460">
        <ele>208.080886</ele>
        <time>2026-02-09T19:11:11.321Z</time>
      </trkpt>
      <trkpt lat="38.877941" lon="-0.205443">
        <ele>208.411789</ele>
        <time>2026-02-09T19:11:14.059Z</time>
      </trkpt>
      <trkpt lat="38.877894" lon="-0.205461">
        <ele>208.698673</ele>
        <time>2026-02-09T19:11:16.522Z</time>
      </trkpt>
      <trkpt lat="38.877852" lon="-0.205562">
        <ele>209.220103</ele>
        <time>2026-02-09T19:11:21.187Z</time>
      </trkpt>
      <trkpt lat="38.877809" lon="-0.205908">
        <ele>210.815643</ele>
        <time>2026-02-09T19:11:34.695Z</time>
      </trkpt>
      <trkpt lat="38.877773" lon="-0.205968">
        <ele>211.160600</ele>
        <time>2026-02-09T19:11:37.238Z</time>
      </trkpt>
      <trkpt lat="38.877720" lon="-0.205976">
        <ele>211.472755</ele>
        <time>2026-02-09T19:11:39.759Z</time>
      </trkpt>
      <trkpt lat="38.877636" lon="-0.205930">
        <ele>212.006897</ele>
        <time>2026-02-09T19:11:44.047Z</time>
      </trkpt>
      <trkpt lat="38.877566" lon="-0.205821">
        <ele>212.650350</ele>
        <time>2026-02-09T19:11:49.261Z</time>
      </trkpt>
      <trkpt lat="38.877533" lon="-0.205715">
        <ele>213.170213</ele>
        <time>2026-02-09T19:11:52.863Z</time>
      </trkpt>
      <trkpt lat="38.877531" lon="-0.205607">
        <ele>213.662156</ele>
        <time>2026-02-09T19:11:56.577Z</time>
      </trkpt>
      <trkpt lat="38.877590" lon="-0.205304">
        <ele>215.084447</ele>
        <time>2026-02-09T19:12:06.112Z</time>
      </trkpt>
      <trkpt lat="38.877620" lon="-0.204992">
        <ele>216.516011</ele>
        <time>2026-02-09T19:12:14.799Z</time>
      </trkpt>
      <trkpt lat="38.877565" lon="-0.204020">
        <ele>223.675507</ele>
        <time>2026-02-09T19:12:43.865Z</time>
      </trkpt>
      <trkpt lat="38.877502" lon="-0.203921">
        <ele>224.775396</ele>
        <time>2026-02-09T19:12:48.394Z</time>
      </trkpt>
      <trkpt lat="38.877286" lon="-0.203851">
        <ele>227.236842</ele>
        <time>2026-02-09T19:13:00.049Z</time>
      </trkpt>
      <trkpt lat="38.877132" lon="-0.203846">
        <ele>228.938988</ele>
        <time>2026-02-09T19:13:09.475Z</time>
      </trkpt>
      <trkpt lat="38.876944" lon="-0.203936">
        <ele>231.155839</ele>
        <time>2026-02-09T19:13:23.261Z</time>
      </trkpt>
      <trkpt lat="38.876855" lon="-0.204030">
        <ele>232.428969</ele>
        <time>2026-02-09T19:13:31.958Z</time>
      </trkpt>
      <trkpt lat="38.876758" lon="-0.204203">
        <ele>234.262887</ele>
        <time>2026-02-09T19:13:45.697Z</time>
      </trkpt>
      <trkpt lat="38.876464" lon="-0.205067">
        <ele>244.915427</ele>
        <time>2026-02-09T19:15:01.360Z</time>
      </trkpt>
      <trkpt lat="38.876440" lon="-0.205125">
        <ele>245.792091</ele>
        <time>2026-02-09T19:15:07.057Z</time>
      </trkpt>
      <trkpt lat="38.876345" lon="-0.205216">
        <ele>247.823778</ele>
        <time>2026-02-09T19:15:20.231Z</time>
      </trkpt>
      <trkpt lat="38.876271" lon="-0.205253">
        <ele>249.185162</ele>
        <time>2026-02-09T19:15:29.021Z</time>
      </trkpt>
      <trkpt lat="38.876160" lon="-0.205262">
        <ele>251.091941</ele>
        <time>2026-02-09T19:15:41.025Z</time>
      </trkpt>
      <trkpt lat="38.875859" lon="-0.205224">
        <ele>256.277170</ele>
        <time>2026-02-09T19:16:11.686Z</time>
      </trkpt>
      <trkpt lat="38.875505" lon="-0.205053">
        <ele>262.761127</ele>
        <time>2026-02-09T19:16:45.157Z</time>
      </trkpt>
      <trkpt lat="38.875326" lon="-0.204916">
        <ele>266.333375</ele>
        <time>2026-02-09T19:17:01.191Z</time>
      </trkpt>
      <trkpt lat="38.875276" lon="-0.204789">
        <ele>268.232852</ele>
        <time>2026-02-09T19:17:08.977Z</time>
      </trkpt>
      <trkpt lat="38.875288" lon="-0.204703">
        <ele>268.807918</ele>
        <time>2026-02-09T19:17:13.415Z</time>
      </trkpt>
      <trkpt lat="38.875402" lon="-0.204415">
        <ele>269.920913</ele>
        <time>2026-02-09T19:17:28.120Z</time>
      </trkpt>
      <trkpt lat="38.875412" lon="-0.203221">
        <ele>274.034303</ele>
        <time>2026-02-09T19:17:57.158Z</time>
      </trkpt>
      <trkpt lat="38.875471" lon="-0.202915">
        <ele>275.120274</ele>
        <time>2026-02-09T19:18:01.583Z</time>
      </trkpt>
      <trkpt lat="38.875630" lon="-0.202583">
        <ele>276.463041</ele>
        <time>2026-02-09T19:18:08.118Z</time>
      </trkpt>
      <trkpt lat="38.875655" lon="-0.202433">
        <ele>277.326005</ele>
        <time>2026-02-09T19:18:11.276Z</time>
      </trkpt>
      <trkpt lat="38.875635" lon="-0.202218">
        <ele>278.651752</ele>
        <time>2026-02-09T19:18:16.396Z</time>
      </trkpt>
      <trkpt lat="38.875475" lon="-0.201741">
        <ele>281.831841</ele>
        <time>2026-02-09T19:18:32.251Z</time>
      </trkpt>
      <trkpt lat="38.875422" lon="-0.201648">
        <ele>282.537516</ele>
        <time>2026-02-09T19:18:36.504Z</time>
      </trkpt>
      <trkpt lat="38.875336" lon="-0.201637">
        <ele>283.217221</ele>
        <time>2026-02-09T19:18:40.788Z</time>
      </trkpt>
      <trkpt lat="38.875284" lon="-0.201701">
        <ele>283.783614</ele>
        <time>2026-02-09T19:18:44.622Z</time>
      </trkpt>
      <trkpt lat="38.875268" lon="-0.201768">
        <ele>284.212703</ele>
        <time>2026-02-09T19:18:47.554Z</time>
      </trkpt>
      <trkpt lat="38.875270" lon="-0.201988">
        <ele>285.559799</ele>
        <time>2026-02-09T19:18:57.600Z</time>
      </trkpt>
      <trkpt lat="38.875239" lon="-0.202187">
        <ele>286.802378</ele>
        <time>2026-02-09T19:19:07.717Z</time>
      </trkpt>
      <trkpt lat="38.875058" lon="-0.202637">
        <ele>289.903620</ele>
        <time>2026-02-09T19:19:35.276Z</time>
      </trkpt>
      <trkpt lat="38.874806" lon="-0.203510">
        <ele>299.580369</ele>
        <time>2026-02-09T19:20:30.939Z</time>
      </trkpt>
      <trkpt lat="38.874696" lon="-0.203789">
        <ele>303.049706</ele>
        <time>2026-02-09T19:20:50.474Z</time>
      </trkpt>
      <trkpt lat="38.874373" lon="-0.204312">
        <ele>310.455472</ele>
        <time>2026-02-09T19:21:33.292Z</time>
      </trkpt>
      <trkpt lat="38.874198" lon="-0.204526">
        <ele>313.898463</ele>
        <time>2026-02-09T19:21:53.068Z</time>
      </trkpt>
      <trkpt lat="38.874101" lon="-0.204604">
        <ele>315.529165</ele>
        <time>2026-02-09T19:22:02.067Z</time>
      </trkpt>
      <trkpt lat="38.873795" lon="-0.204738">
        <ele>319.919343</ele>
        <time>2026-02-09T19:22:26.293Z</time>
      </trkpt>
      <trkpt lat="38.873688" lon="-0.204833">
        <ele>321.667166</ele>
        <time>2026-02-09T19:22:35.435Z</time>
      </trkpt>
      <trkpt lat="38.873573" lon="-0.205234">
        <ele>326.137699</ele>
        <time>2026-02-09T19:23:00.245Z</time>
      </trkpt>
      <trkpt lat="38.873289" lon="-0.205647">
        <ele>331.902242</ele>
        <time>2026-02-09T19:23:32.590Z</time>
      </trkpt>
      <trkpt lat="38.873208" lon="-0.205819">
        <ele>334.005168</ele>
        <time>2026-02-09T19:23:44.207Z</time>
      </trkpt>
      <trkpt lat="38.873048" lon="-0.205988">
        <ele>336.788689</ele>
        <time>2026-02-09T19:23:59.232Z</time>
      </trkpt>
      <trkpt lat="38.872892" lon="-0.206111">
        <ele>339.248319</ele>
        <time>2026-02-09T19:24:12.188Z</time>
      </trkpt>
      <trkpt lat="38.872768" lon="-0.206144">
        <ele>340.979856</ele>
        <time>2026-02-09T19:24:20.791Z</time>
      </trkpt>
      <trkpt lat="38.872678" lon="-0.206108">
        <ele>342.331741</ele>
        <time>2026-02-09T19:24:27.176Z</time>
      </trkpt>
      <trkpt lat="38.872639" lon="-0.206056">
        <ele>343.137934</ele>
        <time>2026-02-09T19:24:30.999Z</time>
      </trkpt>
      <trkpt lat="38.872503" lon="-0.205638">
        <ele>348.196303</ele>
        <time>2026-02-09T19:24:57.076Z</time>
      </trkpt>
      <trkpt lat="38.872398" lon="-0.205452">
        <ele>350.761597</ele>
        <time>2026-02-09T19:25:11.788Z</time>
      </trkpt>
      <trkpt lat="38.872247" lon="-0.205329">
        <ele>353.325946</ele>
        <time>2026-02-09T19:25:27.632Z</time>
      </trkpt>
      <trkpt lat="38.872165" lon="-0.205299">
        <ele>354.548733</ele>
        <time>2026-02-09T19:25:35.231Z</time>
      </trkpt>
      <trkpt lat="38.872033" lon="-0.205280">
        <ele>356.453674</ele>
        <time>2026-02-09T19:25:46.789Z</time>
      </trkpt>
      <trkpt lat="38.871924" lon="-0.205305">
        <ele>358.041636</ele>
        <time>2026-02-09T19:25:56.382Z</time>
      </trkpt>
      <trkpt lat="38.871447" lon="-0.205511">
        <ele>365.258916</ele>
        <time>2026-02-09T19:26:37.837Z</time>
      </trkpt>
      <trkpt lat="38.871241" lon="-0.205549">
        <ele>367.331501</ele>
        <time>2026-02-09T19:26:53.089Z</time>
      </trkpt>
      <trkpt lat="38.870996" lon="-0.205554">
        <ele>369.196058</ele>
        <time>2026-02-09T19:27:09.550Z</time>
      </trkpt>
      <trkpt lat="38.870878" lon="-0.205508">
        <ele>370.134422</ele>
        <time>2026-02-09T19:27:17.100Z</time>
      </trkpt>
      <trkpt lat="38.870803" lon="-0.205445">
        <ele>370.816345</ele>
        <time>2026-02-09T19:27:22.450Z</time>
      </trkpt>
      <trkpt lat="38.870779" lon="-0.205402">
        <ele>371.129796</ele>
        <time>2026-02-09T19:27:24.745Z</time>
      </trkpt>
      <trkpt lat="38.870771" lon="-0.205286">
        <ele>371.819724</ele>
        <time>2026-02-09T19:27:29.663Z</time>
      </trkpt>
      <trkpt lat="38.870995" lon="-0.204600">
        <ele>376.226866</ele>
        <time>2026-02-09T19:27:57.336Z</time>
      </trkpt>
      <trkpt lat="38.871206" lon="-0.204180">
        <ele>379.188183</ele>
        <time>2026-02-09T19:28:10.622Z</time>
      </trkpt>
      <trkpt lat="38.871394" lon="-0.203929">
        <ele>380.364567</ele>
        <time>2026-02-09T19:28:17.637Z</time>
      </trkpt>
      <trkpt lat="38.871461" lon="-0.203786">
        <ele>380.659625</ele>
        <time>2026-02-09T19:28:20.947Z</time>
      </trkpt>
      <trkpt lat="38.871501" lon="-0.203613">
        <ele>380.978674</ele>
        <time>2026-02-09T19:28:24.482Z</time>
      </trkpt>
      <trkpt lat="38.871507" lon="-0.203333">
        <ele>381.473872</ele>
        <time>2026-02-09T19:28:29.767Z</time>
      </trkpt>
      <trkpt lat="38.871452" lon="-0.203080">
        <ele>381.938260</ele>
        <time>2026-02-09T19:28:35.029Z</time>
      </trkpt>
      <trkpt lat="38.870565" lon="-0.201330">
        <ele>388.848018</ele>
        <time>2026-02-09T19:29:24.598Z</time>
      </trkpt>
      <trkpt lat="38.870492" lon="-0.201277">
        <ele>389.431622</ele>
        <time>2026-02-09T19:29:28.315Z</time>
      </trkpt>
      <trkpt lat="38.870440" lon="-0.201272">
        <ele>389.794537</ele>
        <time>2026-02-09T19:29:30.713Z</time>
      </trkpt>
      <trkpt lat="38.870245" lon="-0.201419">
        <ele>391.368152</ele>
        <time>2026-02-09T19:29:41.833Z</time>
      </trkpt>
      <trkpt lat="38.869168" lon="-0.202687">
        <ele>404.088274</ele>
        <time>2026-02-09T19:31:16.324Z</time>
      </trkpt>
      <trkpt lat="38.869042" lon="-0.203008">
        <ele>407.041114</ele>
        <time>2026-02-09T19:31:34.662Z</time>
      </trkpt>
      <trkpt lat="38.869040" lon="-0.203528">
        <ele>411.312471</ele>
        <time>2026-02-09T19:31:59.935Z</time>
      </trkpt>
      <trkpt lat="38.868991" lon="-0.203730">
        <ele>413.050375</ele>
        <time>2026-02-09T19:32:09.774Z</time>
      </trkpt>
      <trkpt lat="38.868937" lon="-0.203824">
        <ele>414.009922</ele>
        <time>2026-02-09T19:32:15.310Z</time>
      </trkpt>
      <trkpt lat="38.868804" lon="-0.203952">
        <ele>415.735520</ele>
        <time>2026-02-09T19:32:25.750Z</time>
      </trkpt>
      <trkpt lat="38.868084" lon="-0.204510">
        <ele>423.364115</ele>
        <time>2026-02-09T19:33:12.668Z</time>
      </trkpt>
      <trkpt lat="38.868025" lon="-0.204621">
        <ele>424.313403</ele>
        <time>2026-02-09T19:33:18.740Z</time>
      </trkpt>
      <trkpt lat="38.868028" lon="-0.204718">
        <ele>424.999071</ele>
        <time>2026-02-09T19:33:23.096Z</time>
      </trkpt>
      <trkpt lat="38.868074" lon="-0.204763">
        <ele>425.523630</ele>
        <time>2026-02-09T19:33:26.379Z</time>
      </trkpt>
      <trkpt lat="38.868625" lon="-0.204888">
        <ele>430.599515</ele>
        <time>2026-02-09T19:33:57.378Z</time>
      </trkpt>
      <trkpt lat="38.868751" lon="-0.204984">
        <ele>431.940529</ele>
        <time>2026-02-09T19:34:05.245Z</time>
      </trkpt>
      <trkpt lat="38.868799" lon="-0.205085">
        <ele>432.991321</ele>
        <time>2026-02-09T19:34:10.170Z</time>
      </trkpt>
      <trkpt lat="38.868811" lon="-0.205188">
        <ele>433.916171</ele>
        <time>2026-02-09T19:34:14.710Z</time>
      </trkpt>
      <trkpt lat="38.868738" lon="-0.205283">
        <ele>435.101475</ele>
        <time>2026-02-09T19:34:20.355Z</time>
      </trkpt>
      <trkpt lat="38.868024" lon="-0.205264">
        <ele>443.246847</ele>
        <time>2026-02-09T19:35:02.555Z</time>
      </trkpt>
      <trkpt lat="38.867932" lon="-0.205310">
        <ele>444.372874</ele>
        <time>2026-02-09T19:35:09.671Z</time>
      </trkpt>
      <trkpt lat="38.867869" lon="-0.205388">
        <ele>445.370928</ele>
        <time>2026-02-09T19:35:16.072Z</time>
      </trkpt>
      <trkpt lat="38.867778" lon="-0.205613">
        <ele>447.622507</ele>
        <time>2026-02-09T19:35:30.702Z</time>
      </trkpt>
      <trkpt lat="38.867691" lon="-0.205989">
        <ele>451.105859</ele>
        <time>2026-02-09T19:35:54.396Z</time>
      </trkpt>
      <trkpt lat="38.867391" lon="-0.206813">
        <ele>458.663900</ele>
        <time>2026-02-09T19:36:52.137Z</time>
      </trkpt>
      <trkpt lat="38.867336" lon="-0.207129">
        <ele>461.319115</ele>
        <time>2026-02-09T19:37:10.975Z</time>
      </trkpt>
      <trkpt lat="38.867323" lon="-0.207415">
        <ele>463.668364</ele>
        <time>2026-02-09T19:37:26.024Z</time>
      </trkpt>
      <trkpt lat="38.867275" lon="-0.207535">
        <ele>464.774649</ele>
        <time>2026-02-09T19:37:32.585Z</time>
      </trkpt>
      <trkpt lat="38.867213" lon="-0.207552">
        <ele>465.442345</ele>
        <time>2026-02-09T19:37:36.291Z</time>
      </trkpt>
      <trkpt lat="38.867153" lon="-0.207526">
        <ele>466.109261</ele>
        <time>2026-02-09T19:37:39.848Z</time>
      </trkpt>
      <trkpt lat="38.866906" lon="-0.207100">
        <ele>470.464760</ele>
        <time>2026-02-09T19:37:58.945Z</time>
      </trkpt>
      <trkpt lat="38.866787" lon="-0.206986">
        <ele>471.333302</ele>
        <time>2026-02-09T19:38:04.287Z</time>
      </trkpt>
      <trkpt lat="38.866694" lon="-0.206947">
        <ele>471.323545</ele>
        <time>2026-02-09T19:38:07.414Z</time>
      </trkpt>
      <trkpt lat="38.866493" lon="-0.206975">
        <ele>471.303382</ele>
        <time>2026-02-09T19:38:12.784Z</time>
      </trkpt>
      <trkpt lat="38.866373" lon="-0.206952">
        <ele>471.291282</ele>
        <time>2026-02-09T19:38:15.435Z</time>
      </trkpt>
      <trkpt lat="38.866214" lon="-0.206700">
        <ele>471.266096</ele>
        <time>2026-02-09T19:38:20.014Z</time>
      </trkpt>
      <trkpt lat="38.866163" lon="-0.206675">
        <ele>471.260652</ele>
        <time>2026-02-09T19:38:20.961Z</time>
      </trkpt>
      <trkpt lat="38.866087" lon="-0.206666">
        <ele>471.253041</ele>
        <time>2026-02-09T19:38:22.231Z</time>
      </trkpt>
      <trkpt lat="38.865882" lon="-0.206757">
        <ele>471.231409</ele>
        <time>2026-02-09T19:38:25.773Z</time>
      </trkpt>
      <trkpt lat="38.865118" lon="-0.207142">
        <ele>471.057134</ele>
        <time>2026-02-09T19:38:38.504Z</time>
      </trkpt>
      <trkpt lat="38.865016" lon="-0.207201">
        <ele>470.951231</ele>
        <time>2026-02-09T19:38:40.261Z</time>
      </trkpt>
      <trkpt lat="38.864921" lon="-0.207307">
        <ele>470.832096</ele>
        <time>2026-02-09T19:38:42.175Z</time>
      </trkpt>
      <trkpt lat="38.864797" lon="-0.207402">
        <ele>470.695408</ele>
        <time>2026-02-09T19:38:44.359Z</time>
      </trkpt>
      <trkpt lat="38.864756" lon="-0.207516">
        <ele>470.602846</ele>
        <time>2026-02-09T19:38:45.853Z</time>
      </trkpt>
      <trkpt lat="38.864754" lon="-0.207638">
        <ele>470.512898</ele>
        <time>2026-02-09T19:38:47.332Z</time>
      </trkpt>
      <trkpt lat="38.864805" lon="-0.208036">
        <ele>470.215580</ele>
        <time>2026-02-09T19:38:52.393Z</time>
      </trkpt>
      <trkpt lat="38.864763" lon="-0.208232">
        <ele>470.065734</ele>
        <time>2026-02-09T19:38:55.128Z</time>
      </trkpt>
      <trkpt lat="38.864648" lon="-0.208576">
        <ele>469.789783</ele>
        <time>2026-02-09T19:39:00.665Z</time>
      </trkpt>
      <trkpt lat="38.864445" lon="-0.209113">
        <ele>469.662431</ele>
        <time>2026-02-09T19:39:12.049Z</time>
      </trkpt>
      <trkpt lat="38.864251" lon="-0.209742">
        <ele>470.608362</ele>
        <time>2026-02-09T19:39:26.693Z</time>
      </trkpt>
      <trkpt lat="38.864139" lon="-0.210009">
        <ele>471.032401</ele>
        <time>2026-02-09T19:39:33.793Z</time>
      </trkpt>
      <trkpt lat="38.863872" lon="-0.210570">
        <ele>471.951702</ele>
        <time>2026-02-09T19:39:49.260Z</time>
      </trkpt>
      <trkpt lat="38.863364" lon="-0.211028">
        <ele>473.022129</ele>
        <time>2026-02-09T19:40:06.204Z</time>
      </trkpt>
      <trkpt lat="38.863323" lon="-0.211065">
        <ele>473.101632</ele>
        <time>2026-02-09T19:40:07.466Z</time>
      </trkpt>
      <trkpt lat="38.863146" lon="-0.211256">
        <ele>473.468426</ele>
        <time>2026-02-09T19:40:13.016Z</time>
      </trkpt>
      <trkpt lat="38.863115" lon="-0.211288">
        <ele>473.531528</ele>
        <time>2026-02-09T19:40:13.936Z</time>
      </trkpt>
      <trkpt lat="38.862964" lon="-0.211481">
        <ele>473.869527</ele>
        <time>2026-02-09T19:40:19.041Z</time>
      </trkpt>
      <trkpt lat="38.862693" lon="-0.211938">
        <ele>474.579181</ele>
        <time>2026-02-09T19:40:30.278Z</time>
      </trkpt>
      <trkpt lat="38.862415" lon="-0.212330">
        <ele>475.234209</ele>
        <time>2026-02-09T19:40:41.392Z</time>
      </trkpt>
      <trkpt lat="38.861961" lon="-0.212966">
        <ele>476.801496</ele>
        <time>2026-02-09T19:41:00.961Z</time>
      </trkpt>
      <trkpt lat="38.861684" lon="-0.213453">
        <ele>478.038735</ele>
        <time>2026-02-09T19:41:15.672Z</time>
      </trkpt>
      <trkpt lat="38.861403" lon="-0.213823">
        <ele>479.099047</ele>
        <time>2026-02-09T19:41:28.662Z</time>
      </trkpt>
      <trkpt lat="38.860965" lon="-0.214183">
        <ele>480.511737</ele>
        <time>2026-02-09T19:41:45.137Z</time>
      </trkpt>
      <trkpt lat="38.860504" lon="-0.214445">
        <ele>482.139113</ele>
        <time>2026-02-09T19:42:01.103Z</time>
      </trkpt>
      <trkpt lat="38.860426" lon="-0.214523">
        <ele>482.458240</ele>
        <time>2026-02-09T19:42:04.356Z</time>
      </trkpt>
      <trkpt lat="38.860329" lon="-0.214661">
        <ele>482.925550</ele>
        <time>2026-02-09T19:42:09.129Z</time>
      </trkpt>
      <trkpt lat="38.860226" lon="-0.214955">
        <ele>483.735921</ele>
        <time>2026-02-09T19:42:17.577Z</time>
      </trkpt>
      <trkpt lat="38.860125" lon="-0.215265">
        <ele>484.580619</ele>
        <time>2026-02-09T19:42:26.596Z</time>
      </trkpt>
      <trkpt lat="38.859845" lon="-0.215950">
        <ele>486.550662</ele>
        <time>2026-02-09T19:42:47.228Z</time>
      </trkpt>
      <trkpt lat="38.859774" lon="-0.216049">
        <ele>486.908512</ele>
        <time>2026-02-09T19:42:50.797Z</time>
      </trkpt>
      <trkpt lat="38.859665" lon="-0.216103">
        <ele>487.307424</ele>
        <time>2026-02-09T19:42:54.747Z</time>
      </trkpt>
      <trkpt lat="38.859496" lon="-0.216119">
        <ele>487.886037</ele>
        <time>2026-02-09T19:43:00.488Z</time>
      </trkpt>
      <trkpt lat="38.859389" lon="-0.216160">
        <ele>488.267303</ele>
        <time>2026-02-09T19:43:04.216Z</time>
      </trkpt>
      <trkpt lat="38.858967" lon="-0.216462">
        <ele>489.916842</ele>
        <time>2026-02-09T19:43:20.369Z</time>
      </trkpt>
      <trkpt lat="38.858518" lon="-0.216749">
        <ele>491.629356</ele>
        <time>2026-02-09T19:43:37.094Z</time>
      </trkpt>
      <trkpt lat="38.858370" lon="-0.216940">
        <ele>492.384098</ele>
        <time>2026-02-09T19:43:44.165Z</time>
      </trkpt>
      <trkpt lat="38.858288" lon="-0.217089">
        <ele>493.026486</ele>
        <time>2026-02-09T19:43:49.079Z</time>
      </trkpt>
      <trkpt lat="38.858004" lon="-0.217852">
        <ele>496.003975</ele>
        <time>2026-02-09T19:44:13.245Z</time>
      </trkpt>
      <trkpt lat="38.857612" lon="-0.218924">
        <ele>500.173727</ele>
        <time>2026-02-09T19:44:50.648Z</time>
      </trkpt>
      <trkpt lat="38.857562" lon="-0.219059">
        <ele>500.713579</ele>
        <time>2026-02-09T19:44:55.517Z</time>
      </trkpt>
      <trkpt lat="38.857353" lon="-0.219378">
        <ele>502.239708</ele>
        <time>2026-02-09T19:45:08.968Z</time>
      </trkpt>
      <trkpt lat="38.857209" lon="-0.219480">
        <ele>503.012814</ele>
        <time>2026-02-09T19:45:15.622Z</time>
      </trkpt>
      <trkpt lat="38.856856" lon="-0.219818">
        <ele>505.082811</ele>
        <time>2026-02-09T19:45:32.717Z</time>
      </trkpt>
      <trkpt lat="38.856665" lon="-0.219980">
        <ele>506.158887</ele>
        <time>2026-02-09T19:45:41.319Z</time>
      </trkpt>
      <trkpt lat="38.856419" lon="-0.220220">
        <ele>507.611241</ele>
        <time>2026-02-09T19:45:52.992Z</time>
      </trkpt>
      <trkpt lat="38.856227" lon="-0.220453">
        <ele>508.850112</ele>
        <time>2026-02-09T19:46:02.973Z</time>
      </trkpt>
      <trkpt lat="38.856006" lon="-0.220811">
        <ele>510.388919</ele>
        <time>2026-02-09T19:46:16.311Z</time>
      </trkpt>
      <trkpt lat="38.855788" lon="-0.221119">
        <ele>511.790875</ele>
        <time>2026-02-09T19:46:28.336Z</time>
      </trkpt>
      <trkpt lat="38.855731" lon="-0.221353">
        <ele>512.616736</ele>
        <time>2026-02-09T19:46:35.435Z</time>
      </trkpt>
      <trkpt lat="38.855697" lon="-0.221597">
        <ele>513.451673</ele>
        <time>2026-02-09T19:46:42.616Z</time>
      </trkpt>
      <trkpt lat="38.855674" lon="-0.221803">
        <ele>514.152654</ele>
        <time>2026-02-09T19:46:48.749Z</time>
      </trkpt>
      <trkpt lat="38.855595" lon="-0.222042">
        <ele>515.027218</ele>
        <time>2026-02-09T19:46:56.550Z</time>
      </trkpt>
      <trkpt lat="38.855502" lon="-0.222288">
        <ele>515.948323</ele>
        <time>2026-02-09T19:47:04.998Z</time>
      </trkpt>
      <trkpt lat="38.855377" lon="-0.222535">
        <ele>516.909015</ele>
        <time>2026-02-09T19:47:13.734Z</time>
      </trkpt>
      <trkpt lat="38.855034" lon="-0.222972">
        <ele>518.807872</ele>
        <time>2026-02-09T19:47:31.116Z</time>
      </trkpt>
      <trkpt lat="38.854838" lon="-0.223240">
        <ele>519.933052</ele>
        <time>2026-02-09T19:47:41.161Z</time>
      </trkpt>
      <trkpt lat="38.854710" lon="-0.223560">
        <ele>521.034022</ele>
        <time>2026-02-09T19:47:50.831Z</time>
      </trkpt>
      <trkpt lat="38.854612" lon="-0.223737">
        <ele>521.698674</ele>
        <time>2026-02-09T19:47:56.699Z</time>
      </trkpt>
      <trkpt lat="38.854494" lon="-0.223839">
        <ele>522.257688</ele>
        <time>2026-02-09T19:48:01.635Z</time>
      </trkpt>
      <trkpt lat="38.854419" lon="-0.223881">
        <ele>522.579243</ele>
        <time>2026-02-09T19:48:04.493Z</time>
      </trkpt>
      <trkpt lat="38.854329" lon="-0.223997">
        <ele>523.080375</ele>
        <time>2026-02-09T19:48:09.002Z</time>
      </trkpt>
      <trkpt lat="38.854247" lon="-0.224233">
        <ele>523.903214</ele>
        <time>2026-02-09T19:48:16.245Z</time>
      </trkpt>
      <trkpt lat="38.854045" lon="-0.225059">
        <ele>526.961416</ele>
        <time>2026-02-09T19:48:41.735Z</time>
      </trkpt>
      <trkpt lat="38.853888" lon="-0.225699">
        <ele>529.331636</ele>
        <time>2026-02-09T19:49:02.402Z</time>
      </trkpt>
      <trkpt lat="38.853796" lon="-0.226215">
        <ele>531.201494</ele>
        <time>2026-02-09T19:49:18.581Z</time>
      </trkpt>
      <trkpt lat="38.853745" lon="-0.226534">
        <ele>532.371561</ele>
        <time>2026-02-09T19:49:28.551Z</time>
      </trkpt>
      <trkpt lat="38.853677" lon="-0.226958">
        <ele>533.957761</ele>
        <time>2026-02-09T19:49:41.813Z</time>
      </trkpt>
      <trkpt lat="38.853474" lon="-0.227763">
        <ele>537.058194</ele>
        <time>2026-02-09T19:50:07.126Z</time>
      </trkpt>
      <trkpt lat="38.853405" lon="-0.228844">
        <ele>541.141103</ele>
        <time>2026-02-09T19:50:39.891Z</time>
      </trkpt>
      <trkpt lat="38.853398" lon="-0.228913">
        <ele>541.433163</ele>
        <time>2026-02-09T19:50:42.092Z</time>
      </trkpt>
      <trkpt lat="38.853311" lon="-0.229548">
        <ele>544.139375</ele>
        <time>2026-02-09T19:51:03.000Z</time>
      </trkpt>
      <trkpt lat="38.853311" lon="-0.229626">
        <ele>544.466764</ele>
        <time>2026-02-09T19:51:05.534Z</time>
      </trkpt>
      <trkpt lat="38.853311" lon="-0.229696">
        <ele>544.760574</ele>
        <time>2026-02-09T19:51:07.841Z</time>
      </trkpt>
      <trkpt lat="38.853320" lon="-0.229971">
        <ele>545.915848</ele>
        <time>2026-02-09T19:51:15.694Z</time>
      </trkpt>
      <trkpt lat="38.853336" lon="-0.230077">
        <ele>546.369042</ele>
        <time>2026-02-09T19:51:18.808Z</time>
      </trkpt>
      <trkpt lat="38.853386" lon="-0.230245">
        <ele>547.123927</ele>
        <time>2026-02-09T19:51:23.941Z</time>
      </trkpt>
      <trkpt lat="38.854056" lon="-0.231566">
        <ele>554.171020</ele>
        <time>2026-02-09T19:52:10.664Z</time>
      </trkpt>
      <trkpt lat="38.854121" lon="-0.231804">
        <ele>555.350713</ele>
        <time>2026-02-09T19:52:18.475Z</time>
      </trkpt>
      <trkpt lat="38.854134" lon="-0.232243">
        <ele>557.405569</ele>
        <time>2026-02-09T19:52:32.385Z</time>
      </trkpt>
      <trkpt lat="38.854138" lon="-0.232388">
        <ele>558.084215</ele>
        <time>2026-02-09T19:52:36.933Z</time>
      </trkpt>
      <trkpt lat="38.854125" lon="-0.232639">
        <ele>559.260832</ele>
        <time>2026-02-09T19:52:44.912Z</time>
      </trkpt>
      <trkpt lat="38.854077" lon="-0.232918">
        <ele>560.597290</ele>
        <time>2026-02-09T19:52:53.628Z</time>
      </trkpt>
      <trkpt lat="38.853980" lon="-0.233262">
        <ele>562.064547</ele>
        <time>2026-02-09T19:53:04.511Z</time>
      </trkpt>
      <trkpt lat="38.853749" lon="-0.233884">
        <ele>564.772275</ele>
        <time>2026-02-09T19:53:23.946Z</time>
      </trkpt>
      <trkpt lat="38.853657" lon="-0.234091">
        <ele>565.708785</ele>
        <time>2026-02-09T19:53:30.385Z</time>
      </trkpt>
      <trkpt lat="38.853502" lon="-0.234433">
        <ele>567.263624</ele>
        <time>2026-02-09T19:53:40.582Z</time>
      </trkpt>
      <trkpt lat="38.852971" lon="-0.235292">
        <ele>571.710241</ele>
        <time>2026-02-09T19:54:07.673Z</time>
      </trkpt>
      <trkpt lat="38.852958" lon="-0.235324">
        <ele>571.863409</ele>
        <time>2026-02-09T19:54:08.599Z</time>
      </trkpt>
      <trkpt lat="38.852935" lon="-0.235386">
        <ele>572.154850</ele>
        <time>2026-02-09T19:54:10.394Z</time>
      </trkpt>
      <trkpt lat="38.852342" lon="-0.236945">
        <ele>579.517911</ele>
        <time>2026-02-09T19:55:00.868Z</time>
      </trkpt>
      <trkpt lat="38.852026" lon="-0.237659">
        <ele>584.324539</ele>
        <time>2026-02-09T19:55:28.207Z</time>
      </trkpt>
      <trkpt lat="38.851968" lon="-0.237837">
        <ele>585.467045</ele>
        <time>2026-02-09T19:55:34.875Z</time>
      </trkpt>
      <trkpt lat="38.851408" lon="-0.239044">
        <ele>593.867577</ele>
        <time>2026-02-09T19:56:27.062Z</time>
      </trkpt>
      <trkpt lat="38.851224" lon="-0.239226">
        <ele>595.952655</ele>
        <time>2026-02-09T19:56:38.741Z</time>
      </trkpt>
      <trkpt lat="38.850871" lon="-0.239454">
        <ele>599.499955</ele>
        <time>2026-02-09T19:56:58.780Z</time>
      </trkpt>
      <trkpt lat="38.850671" lon="-0.239621">
        <ele>601.641648</ele>
        <time>2026-02-09T19:57:10.966Z</time>
      </trkpt>
      <trkpt lat="38.850293" lon="-0.240071">
        <ele>606.269100</ele>
        <time>2026-02-09T19:57:37.598Z</time>
      </trkpt>
      <trkpt lat="38.850215" lon="-0.240270">
        <ele>607.826663</ele>
        <time>2026-02-09T19:57:46.756Z</time>
      </trkpt>
      <trkpt lat="38.850032" lon="-0.241195">
        <ele>614.074934</ele>
        <time>2026-02-09T19:58:25.435Z</time>
      </trkpt>
      <trkpt lat="38.849745" lon="-0.241710">
        <ele>618.128045</ele>
        <time>2026-02-09T19:58:49.144Z</time>
      </trkpt>
      <trkpt lat="38.849599" lon="-0.242075">
        <ele>620.754274</ele>
        <time>2026-02-09T19:59:03.861Z</time>
      </trkpt>
      <trkpt lat="38.849430" lon="-0.243003">
        <ele>627.118834</ele>
        <time>2026-02-09T19:59:36.164Z</time>
      </trkpt>
      <trkpt lat="38.849110" lon="-0.243819">
        <ele>633.564172</ele>
        <time>2026-02-09T20:00:08.288Z</time>
      </trkpt>
      <trkpt lat="38.849056" lon="-0.243990">
        <ele>634.865946</ele>
        <time>2026-02-09T20:00:15.593Z</time>
      </trkpt>
      <trkpt lat="38.849008" lon="-0.244256">
        <ele>636.792242</ele>
        <time>2026-02-09T20:00:27.166Z</time>
      </trkpt>
      <trkpt lat="38.848937" lon="-0.245393">
        <ele>645.597265</ele>
        <time>2026-02-09T20:01:23.760Z</time>
      </trkpt>
      <trkpt lat="38.848941" lon="-0.245578">
        <ele>647.134006</ele>
        <time>2026-02-09T20:01:33.750Z</time>
      </trkpt>
      <trkpt lat="38.849081" lon="-0.246286">
        <ele>653.199419</ele>
        <time>2026-02-09T20:02:10.329Z</time>
      </trkpt>
      <trkpt lat="38.849064" lon="-0.246710">
        <ele>656.724762</ele>
        <time>2026-02-09T20:02:29.012Z</time>
      </trkpt>
      <trkpt lat="38.849022" lon="-0.246933">
        <ele>658.629819</ele>
        <time>2026-02-09T20:02:38.319Z</time>
      </trkpt>
      <trkpt lat="38.848185" lon="-0.249545">
        <ele>671.790170</ele>
        <time>2026-02-09T20:03:56.298Z</time>
      </trkpt>
      <trkpt lat="38.848039" lon="-0.249864">
        <ele>673.556369</ele>
        <time>2026-02-09T20:04:07.466Z</time>
      </trkpt>
      <trkpt lat="38.847936" lon="-0.250012">
        <ele>674.503807</ele>
        <time>2026-02-09T20:04:13.762Z</time>
      </trkpt>
      <trkpt lat="38.846925" lon="-0.250934">
        <ele>681.730091</ele>
        <time>2026-02-09T20:05:06.319Z</time>
      </trkpt>
      <trkpt lat="38.846088" lon="-0.251964">
        <ele>686.447759</ele>
        <time>2026-02-09T20:05:43.336Z</time>
      </trkpt>
      <trkpt lat="38.845726" lon="-0.252221">
        <ele>688.131012</ele>
        <time>2026-02-09T20:05:53.636Z</time>
      </trkpt>
      <trkpt lat="38.845524" lon="-0.252286">
        <ele>687.946658</ele>
        <time>2026-02-09T20:05:58.414Z</time>
      </trkpt>
      <trkpt lat="38.845340" lon="-0.252310">
        <ele>687.537577</ele>
        <time>2026-02-09T20:06:02.270Z</time>
      </trkpt>
      <trkpt lat="38.844962" lon="-0.252287">
        <ele>686.700549</ele>
        <time>2026-02-09T20:06:08.144Z</time>
      </trkpt>
      <trkpt lat="38.844359" lon="-0.252236">
        <ele>685.363895</ele>
        <time>2026-02-09T20:06:14.524Z</time>
      </trkpt>
      <trkpt lat="38.844029" lon="-0.252215">
        <ele>684.633078</ele>
        <time>2026-02-09T20:06:17.649Z</time>
      </trkpt>
      <trkpt lat="38.843913" lon="-0.252226">
        <ele>684.375802</ele>
        <time>2026-02-09T20:06:18.706Z</time>
      </trkpt>
      <trkpt lat="38.843856" lon="-0.252231">
        <ele>683.938230</ele>
        <time>2026-02-09T20:06:19.213Z</time>
      </trkpt>
      <trkpt lat="38.843740" lon="-0.252259">
        <ele>682.688495</ele>
        <time>2026-02-09T20:06:20.257Z</time>
      </trkpt>
      <trkpt lat="38.843481" lon="-0.252399">
        <ele>679.713056</ele>
        <time>2026-02-09T20:06:22.697Z</time>
      </trkpt>
      <trkpt lat="38.843234" lon="-0.252613">
        <ele>676.558051</ele>
        <time>2026-02-09T20:06:25.234Z</time>
      </trkpt>
      <trkpt lat="38.843099" lon="-0.252748">
        <ele>674.746253</ele>
        <time>2026-02-09T20:06:26.682Z</time>
      </trkpt>
      <trkpt lat="38.842973" lon="-0.252823">
        <ele>673.275754</ele>
        <time>2026-02-09T20:06:27.855Z</time>
      </trkpt>
      <trkpt lat="38.842828" lon="-0.252837">
        <ele>671.736145</ele>
        <time>2026-02-09T20:06:29.073Z</time>
      </trkpt>
      <trkpt lat="38.842640" lon="-0.252796">
        <ele>669.717072</ele>
        <time>2026-02-09T20:06:30.679Z</time>
      </trkpt>
      <trkpt lat="38.842512" lon="-0.252800">
        <ele>668.361395</ele>
        <time>2026-02-09T20:06:31.757Z</time>
      </trkpt>
      <trkpt lat="38.840711" lon="-0.253263">
        <ele>648.550650</ele>
        <time>2026-02-09T20:06:47.325Z</time>
      </trkpt>
      <trkpt lat="38.840358" lon="-0.253446">
        <ele>645.009421</ele>
        <time>2026-02-09T20:06:50.691Z</time>
      </trkpt>
      <trkpt lat="38.840104" lon="-0.253698">
        <ele>642.981803</ele>
        <time>2026-02-09T20:06:53.589Z</time>
      </trkpt>
      <trkpt lat="38.839470" lon="-0.254421">
        <ele>637.625449</ele>
        <time>2026-02-09T20:07:01.531Z</time>
      </trkpt>
      <trkpt lat="38.839343" lon="-0.254573">
        <ele>636.528736</ele>
        <time>2026-02-09T20:07:03.145Z</time>
      </trkpt>
      <trkpt lat="38.839105" lon="-0.254806">
        <ele>634.638196</ele>
        <time>2026-02-09T20:07:05.905Z</time>
      </trkpt>
      <trkpt lat="38.838858" lon="-0.254952">
        <ele>633.101200</ele>
        <time>2026-02-09T20:07:08.390Z</time>
      </trkpt>
      <trkpt lat="38.838619" lon="-0.255039">
        <ele>631.716163</ele>
        <time>2026-02-09T20:07:10.631Z</time>
      </trkpt>
      <trkpt lat="38.838358" lon="-0.255056">
        <ele>630.259125</ele>
        <time>2026-02-09T20:07:12.995Z</time>
      </trkpt>
      <trkpt lat="38.837648" lon="-0.255007">
        <ele>626.294910</ele>
        <time>2026-02-09T20:07:19.500Z</time>
      </trkpt>
      <trkpt lat="38.837352" lon="-0.255085">
        <ele>624.610200</ele>
        <time>2026-02-09T20:07:22.383Z</time>
      </trkpt>
      <trkpt lat="38.837197" lon="-0.255171">
        <ele>624.318766</ele>
        <time>2026-02-09T20:07:24.048Z</time>
      </trkpt>
      <trkpt lat="38.837015" lon="-0.255339">
        <ele>624.133769</ele>
        <time>2026-02-09T20:07:26.360Z</time>
      </trkpt>
      <trkpt lat="38.836855" lon="-0.255593">
        <ele>623.923777</ele>
        <time>2026-02-09T20:07:29.179Z</time>
      </trkpt>
      <trkpt lat="38.836679" lon="-0.255983">
        <ele>623.634032</ele>
        <time>2026-02-09T20:07:33.742Z</time>
      </trkpt>
      <trkpt lat="38.836577" lon="-0.256232">
        <ele>623.453179</ele>
        <time>2026-02-09T20:07:37.320Z</time>
      </trkpt>
      <trkpt lat="38.836442" lon="-0.256738">
        <ele>623.109349</ele>
        <time>2026-02-09T20:07:45.401Z</time>
      </trkpt>
      <trkpt lat="38.836344" lon="-0.257680">
        <ele>623.249171</ele>
        <time>2026-02-09T20:08:00.898Z</time>
      </trkpt>
      <trkpt lat="38.836278" lon="-0.257949">
        <ele>623.371088</ele>
        <time>2026-02-09T20:08:05.545Z</time>
      </trkpt>
      <trkpt lat="38.836178" lon="-0.258118">
        <ele>623.462832</ele>
        <time>2026-02-09T20:08:09.022Z</time>
      </trkpt>
      <trkpt lat="38.836066" lon="-0.258215">
        <ele>623.537809</ele>
        <time>2026-02-09T20:08:11.846Z</time>
      </trkpt>
      <trkpt lat="38.835950" lon="-0.258283">
        <ele>623.608578</ele>
        <time>2026-02-09T20:08:14.498Z</time>
      </trkpt>
      <trkpt lat="38.835729" lon="-0.258336">
        <ele>623.733347</ele>
        <time>2026-02-09T20:08:18.355Z</time>
      </trkpt>
      <trkpt lat="38.835583" lon="-0.258420">
        <ele>623.822136</ele>
        <time>2026-02-09T20:08:20.560Z</time>
      </trkpt>
      <trkpt lat="38.835497" lon="-0.258501">
        <ele>623.881330</ele>
        <time>2026-02-09T20:08:21.881Z</time>
      </trkpt>
      <trkpt lat="38.835387" lon="-0.258680">
        <ele>623.726115</ele>
        <time>2026-02-09T20:08:23.890Z</time>
      </trkpt>
      <trkpt lat="38.835177" lon="-0.259136">
        <ele>622.265843</ele>
        <time>2026-02-09T20:08:28.202Z</time>
      </trkpt>
      <trkpt lat="38.834747" lon="-0.260033">
        <ele>619.362416</ele>
        <time>2026-02-09T20:08:36.268Z</time>
      </trkpt>
      <trkpt lat="38.834623" lon="-0.260337">
        <ele>618.416455</ele>
        <time>2026-02-09T20:08:38.793Z</time>
      </trkpt>
      <trkpt lat="38.834535" lon="-0.260680">
        <ele>617.355112</ele>
        <time>2026-02-09T20:08:41.421Z</time>
      </trkpt>
      <trkpt lat="38.834519" lon="-0.260853">
        <ele>616.676395</ele>
        <time>2026-02-09T20:08:42.702Z</time>
      </trkpt>
      <trkpt lat="38.834528" lon="-0.261215">
        <ele>615.265378</ele>
        <time>2026-02-09T20:08:45.391Z</time>
      </trkpt>
      <trkpt lat="38.834633" lon="-0.261639">
        <ele>613.532070</ele>
        <time>2026-02-09T20:08:48.706Z</time>
      </trkpt>
      <trkpt lat="38.834771" lon="-0.262076">
        <ele>611.695004</ele>
        <time>2026-02-09T20:08:52.189Z</time>
      </trkpt>
      <trkpt lat="38.834801" lon="-0.262276">
        <ele>610.901521</ele>
        <time>2026-02-09T20:08:53.670Z</time>
      </trkpt>
      <trkpt lat="38.834807" lon="-0.262654">
        <ele>609.428588</ele>
        <time>2026-02-09T20:08:56.400Z</time>
      </trkpt>
      <trkpt lat="38.834749" lon="-0.263022">
        <ele>608.315333</ele>
        <time>2026-02-09T20:08:59.097Z</time>
      </trkpt>
      <trkpt lat="38.834693" lon="-0.263209">
        <ele>607.975632</ele>
        <time>2026-02-09T20:09:00.544Z</time>
      </trkpt>
      <trkpt lat="38.834541" lon="-0.263499">
        <ele>607.382956</ele>
        <time>2026-02-09T20:09:03.090Z</time>
      </trkpt>
      <trkpt lat="38.834356" lon="-0.263754">
        <ele>606.792095</ele>
        <time>2026-02-09T20:09:05.728Z</time>
      </trkpt>
      <trkpt lat="38.834221" lon="-0.263989">
        <ele>606.296988</ele>
        <time>2026-02-09T20:09:08.101Z</time>
      </trkpt>
      <trkpt lat="38.834006" lon="-0.264580">
        <ele>605.190985</ele>
        <time>2026-02-09T20:09:14.663Z</time>
      </trkpt>
      <trkpt lat="38.833611" lon="-0.265758">
        <ele>606.497835</ele>
        <time>2026-02-09T20:09:42.155Z</time>
      </trkpt>
      <trkpt lat="38.833485" lon="-0.266208">
        <ele>607.394637</ele>
        <time>2026-02-09T20:09:54.293Z</time>
      </trkpt>
      <trkpt lat="38.833330" lon="-0.266899">
        <ele>608.743212</ele>
        <time>2026-02-09T20:10:08.684Z</time>
      </trkpt>
      <trkpt lat="38.833194" lon="-0.267775">
        <ele>607.139946</ele>
        <time>2026-02-09T20:10:17.636Z</time>
      </trkpt>
      <trkpt lat="38.833059" lon="-0.268924">
        <ele>604.282891</ele>
        <time>2026-02-09T20:10:26.298Z</time>
      </trkpt>
      <trkpt lat="38.832949" lon="-0.269452">
        <ele>602.814696</ele>
        <time>2026-02-09T20:10:30.200Z</time>
      </trkpt>
      <trkpt lat="38.832861" lon="-0.269764">
        <ele>601.734307</ele>
        <time>2026-02-09T20:10:32.587Z</time>
      </trkpt>
      <trkpt lat="38.832713" lon="-0.270105">
        <ele>600.463334</ele>
        <time>2026-02-09T20:10:35.440Z</time>
      </trkpt>
      <trkpt lat="38.832505" lon="-0.270459">
        <ele>599.019615</ele>
        <time>2026-02-09T20:10:38.742Z</time>
      </trkpt>
      <trkpt lat="38.831959" lon="-0.271108">
        <ele>595.909404</ele>
        <time>2026-02-09T20:10:46.249Z</time>
      </trkpt>
      <trkpt lat="38.831699" lon="-0.271343">
        <ele>595.308931</ele>
        <time>2026-02-09T20:10:49.699Z</time>
      </trkpt>
      <trkpt lat="38.831019" lon="-0.271800">
        <ele>594.009870</ele>
        <time>2026-02-09T20:10:58.485Z</time>
      </trkpt>
      <trkpt lat="38.830473" lon="-0.272232">
        <ele>592.924353</ele>
        <time>2026-02-09T20:11:06.030Z</time>
      </trkpt>
      <trkpt lat="38.829631" lon="-0.273015">
        <ele>592.173215</ele>
        <time>2026-02-09T20:11:18.679Z</time>
      </trkpt>
      <trkpt lat="38.829371" lon="-0.273283">
        <ele>591.965516</ele>
        <time>2026-02-09T20:11:24.902Z</time>
      </trkpt>
      <trkpt lat="38.828969" lon="-0.273977">
        <ele>591.554252</ele>
        <time>2026-02-09T20:11:38.523Z</time>
      </trkpt>
      <trkpt lat="38.828878" lon="-0.274181">
        <ele>591.450320</ele>
        <time>2026-02-09T20:11:42.334Z</time>
      </trkpt>
      <trkpt lat="38.828794" lon="-0.274296">
        <ele>591.380622</ele>
        <time>2026-02-09T20:11:44.933Z</time>
      </trkpt>
      <trkpt lat="38.828702" lon="-0.274351">
        <ele>591.323024</ele>
        <time>2026-02-09T20:11:47.073Z</time>
      </trkpt>
      <trkpt lat="38.828593" lon="-0.274371">
        <ele>591.260534</ele>
        <time>2026-02-09T20:11:49.430Z</time>
      </trkpt>
      <trkpt lat="38.828511" lon="-0.274432">
        <ele>591.206747</ele>
        <time>2026-02-09T20:11:51.403Z</time>
      </trkpt>
      <trkpt lat="38.828341" lon="-0.274667">
        <ele>591.064960</ele>
        <time>2026-02-09T20:11:56.359Z</time>
      </trkpt>
      <trkpt lat="38.827787" lon="-0.275279">
        <ele>590.650147</ele>
        <time>2026-02-09T20:12:09.092Z</time>
      </trkpt>
      <trkpt lat="38.827616" lon="-0.275562">
        <ele>589.904799</ele>
        <time>2026-02-09T20:12:13.564Z</time>
      </trkpt>
      <trkpt lat="38.827314" lon="-0.276062">
        <ele>588.338506</ele>
        <time>2026-02-09T20:12:21.020Z</time>
      </trkpt>
      <trkpt lat="38.826847" lon="-0.276502">
        <ele>586.497583</ele>
        <time>2026-02-09T20:12:29.346Z</time>
      </trkpt>
      <trkpt lat="38.826758" lon="-0.276512">
        <ele>586.213672</ele>
        <time>2026-02-09T20:12:30.587Z</time>
      </trkpt>
      <trkpt lat="38.826690" lon="-0.276485">
        <ele>585.987476</ele>
        <time>2026-02-09T20:12:31.593Z</time>
      </trkpt>
      <trkpt lat="38.826662" lon="-0.276438">
        <ele>585.840996</ele>
        <time>2026-02-09T20:12:32.238Z</time>
      </trkpt>
      <trkpt lat="38.826320" lon="-0.275855">
        <ele>583.144282</ele>
        <time>2026-02-09T20:12:40.062Z</time>
      </trkpt>
      <trkpt lat="38.826167" lon="-0.275711">
        <ele>581.924201</ele>
        <time>2026-02-09T20:12:42.627Z</time>
      </trkpt>
      <trkpt lat="38.826034" lon="-0.275676">
        <ele>581.051099</ele>
        <time>2026-02-09T20:12:44.448Z</time>
      </trkpt>
      <trkpt lat="38.825485" lon="-0.275853">
        <ele>577.410861</ele>
        <time>2026-02-09T20:12:51.955Z</time>
      </trkpt>
      <trkpt lat="38.825160" lon="-0.275918">
        <ele>575.295594</ele>
        <time>2026-02-09T20:12:56.200Z</time>
      </trkpt>
      <trkpt lat="38.824700" lon="-0.275906">
        <ele>571.087501</ele>
        <time>2026-02-09T20:13:01.911Z</time>
      </trkpt>
      <trkpt lat="38.824601" lon="-0.275914">
        <ele>569.652581</ele>
        <time>2026-02-09T20:13:03.103Z</time>
      </trkpt>
      <trkpt lat="38.824528" lon="-0.275957">
        <ele>568.490716</ele>
        <time>2026-02-09T20:13:04.075Z</time>
      </trkpt>
      <trkpt lat="38.824152" lon="-0.276348">
        <ele>561.490735</ele>
        <time>2026-02-09T20:13:09.790Z</time>
      </trkpt>
      <trkpt lat="38.824102" lon="-0.276370">
        <ele>560.726145</ele>
        <time>2026-02-09T20:13:10.400Z</time>
      </trkpt>
      <trkpt lat="38.824047" lon="-0.276340">
        <ele>559.861686</ele>
        <time>2026-02-09T20:13:11.087Z</time>
      </trkpt>
      <trkpt lat="38.824022" lon="-0.276289">
        <ele>559.182624</ele>
        <time>2026-02-09T20:13:11.633Z</time>
      </trkpt>
      <trkpt lat="38.823949" lon="-0.275592">
        <ele>551.256966</ele>
        <time>2026-02-09T20:13:17.955Z</time>
      </trkpt>
      <trkpt lat="38.823849" lon="-0.275026">
        <ele>544.890624</ele>
        <time>2026-02-09T20:13:23.136Z</time>
      </trkpt>
      <trkpt lat="38.823857" lon="-0.273779">
        <ele>531.778156</ele>
        <time>2026-02-09T20:13:34.389Z</time>
      </trkpt>
      <trkpt lat="38.823751" lon="-0.273556">
        <ele>529.031363</ele>
        <time>2026-02-09T20:13:36.861Z</time>
      </trkpt>
      <trkpt lat="38.823692" lon="-0.273604">
        <ele>528.088588</ele>
        <time>2026-02-09T20:13:37.718Z</time>
      </trkpt>
      <trkpt lat="38.823667" lon="-0.273813">
        <ele>525.865226</ele>
        <time>2026-02-09T20:13:39.795Z</time>
      </trkpt>
      <trkpt lat="38.823613" lon="-0.273980">
        <ele>523.964001</ele>
        <time>2026-02-09T20:13:41.617Z</time>
      </trkpt>
      <trkpt lat="38.823527" lon="-0.274173">
        <ele>521.815201</ele>
        <time>2026-02-09T20:13:43.902Z</time>
      </trkpt>
      <trkpt lat="38.823362" lon="-0.274441">
        <ele>518.702793</ele>
        <time>2026-02-09T20:13:47.510Z</time>
      </trkpt>
      <trkpt lat="38.823283" lon="-0.274666">
        <ele>516.454064</ele>
        <time>2026-02-09T20:13:50.059Z</time>
      </trkpt>
      <trkpt lat="38.823266" lon="-0.274798">
        <ele>515.234988</ele>
        <time>2026-02-09T20:13:51.403Z</time>
      </trkpt>
      <trkpt lat="38.823297" lon="-0.275018">
        <ele>513.197874</ele>
        <time>2026-02-09T20:13:53.603Z</time>
      </trkpt>
      <trkpt lat="38.823293" lon="-0.275096">
        <ele>512.485618</ele>
        <time>2026-02-09T20:13:54.355Z</time>
      </trkpt>
      <trkpt lat="38.823257" lon="-0.275158">
        <ele>511.781048</ele>
        <time>2026-02-09T20:13:55.089Z</time>
      </trkpt>
      <trkpt lat="38.823205" lon="-0.275176">
        <ele>511.151154</ele>
        <time>2026-02-09T20:13:55.750Z</time>
      </trkpt>
      <trkpt lat="38.822975" lon="-0.275104">
        <ele>508.382343</ele>
        <time>2026-02-09T20:13:58.562Z</time>
      </trkpt>
      <trkpt lat="38.822831" lon="-0.275122">
        <ele>506.690223</ele>
        <time>2026-02-09T20:14:00.254Z</time>
      </trkpt>
      <trkpt lat="38.822760" lon="-0.275098">
        <ele>505.831529</ele>
        <time>2026-02-09T20:14:01.105Z</time>
      </trkpt>
      <trkpt lat="38.822451" lon="-0.274666">
        <ele>499.286827</ele>
        <time>2026-02-09T20:14:06.336Z</time>
      </trkpt>
      <trkpt lat="38.822211" lon="-0.274157">
        <ele>489.579369</ele>
        <time>2026-02-09T20:14:11.613Z</time>
      </trkpt>
      <trkpt lat="38.822056" lon="-0.274004">
        <ele>485.484368</ele>
        <time>2026-02-09T20:14:13.838Z</time>
      </trkpt>
      <trkpt lat="38.821912" lon="-0.273958">
        <ele>482.376650</ele>
        <time>2026-02-09T20:14:15.526Z</time>
      </trkpt>
      <trkpt lat="38.821657" lon="-0.274060">
        <ele>476.782990</ele>
        <time>2026-02-09T20:14:18.561Z</time>
      </trkpt>
      <trkpt lat="38.821494" lon="-0.274159">
        <ele>473.006466</ele>
        <time>2026-02-09T20:14:20.613Z</time>
      </trkpt>
      <trkpt lat="38.821333" lon="-0.274210">
        <ele>469.533553</ele>
        <time>2026-02-09T20:14:22.503Z</time>
      </trkpt>
      <trkpt lat="38.820913" lon="-0.274100">
        <ele>461.400794</ele>
        <time>2026-02-09T20:14:27.418Z</time>
      </trkpt>
      <trkpt lat="38.820046" lon="-0.273197">
        <ele>443.237648</ele>
        <time>2026-02-09T20:14:40.302Z</time>
      </trkpt>
      <trkpt lat="38.819807" lon="-0.273124">
        <ele>439.241172</ele>
        <time>2026-02-09T20:14:43.149Z</time>
      </trkpt>
      <trkpt lat="38.819774" lon="-0.273046">
        <ele>438.116230</ele>
        <time>2026-02-09T20:14:43.960Z</time>
      </trkpt>
      <trkpt lat="38.819799" lon="-0.272588">
        <ele>434.510893</ele>
        <time>2026-02-09T20:14:48.210Z</time>
      </trkpt>
      <trkpt lat="38.819776" lon="-0.272453">
        <ele>434.152936</ele>
        <time>2026-02-09T20:14:49.527Z</time>
      </trkpt>
      <trkpt lat="38.819768" lon="-0.272408">
        <ele>434.033376</ele>
        <time>2026-02-09T20:14:49.969Z</time>
      </trkpt>
      <trkpt lat="38.819665" lon="-0.272282">
        <ele>433.560311</ele>
        <time>2026-02-09T20:14:51.757Z</time>
      </trkpt>
      <trkpt lat="38.819435" lon="-0.272084">
        <ele>432.639563</ele>
        <time>2026-02-09T20:14:55.482Z</time>
      </trkpt>
      <trkpt lat="38.819091" lon="-0.271897">
        <ele>431.397526</ele>
        <time>2026-02-09T20:15:01.496Z</time>
      </trkpt>
      <trkpt lat="38.818905" lon="-0.271746">
        <ele>430.665818</ele>
        <time>2026-02-09T20:15:06.911Z</time>
      </trkpt>
      <trkpt lat="38.818770" lon="-0.271486">
        <ele>429.856472</ele>
        <time>2026-02-09T20:15:14.269Z</time>
      </trkpt>
      <trkpt lat="38.818177" lon="-0.271030">
        <ele>429.503789</ele>
        <time>2026-02-09T20:15:39.440Z</time>
      </trkpt>
      <trkpt lat="38.818002" lon="-0.270955">
        <ele>429.664609</ele>
        <time>2026-02-09T20:15:46.119Z</time>
      </trkpt>
      <trkpt lat="38.817610" lon="-0.270959">
        <ele>430.006311</ele>
        <time>2026-02-09T20:15:58.098Z</time>
      </trkpt>
      <trkpt lat="38.817536" lon="-0.270942">
        <ele>430.071839</ele>
        <time>2026-02-09T20:16:00.024Z</time>
      </trkpt>
      <trkpt lat="38.817294" lon="-0.270840">
        <ele>430.293864</ele>
        <time>2026-02-09T20:16:05.200Z</time>
      </trkpt>
      <trkpt lat="38.817208" lon="-0.270833">
        <ele>430.368978</ele>
        <time>2026-02-09T20:16:06.671Z</time>
      </trkpt>
      <trkpt lat="38.817173" lon="-0.270792">
        <ele>430.410283</ele>
        <time>2026-02-09T20:16:07.192Z</time>
      </trkpt>
      <trkpt lat="38.816884" lon="-0.270461">
        <ele>430.164692</ele>
        <time>2026-02-09T20:16:10.997Z</time>
      </trkpt>
      <trkpt lat="38.816566" lon="-0.270257">
        <ele>428.228353</ele>
        <time>2026-02-09T20:16:14.338Z</time>
      </trkpt>
      <trkpt lat="38.816297" lon="-0.269859">
        <ele>425.992406</ele>
        <time>2026-02-09T20:16:18.167Z</time>
      </trkpt>
      <trkpt lat="38.816278" lon="-0.269767">
        <ele>425.588495</ele>
        <time>2026-02-09T20:16:18.858Z</time>
      </trkpt>
      <trkpt lat="38.816285" lon="-0.269652">
        <ele>425.098971</ele>
        <time>2026-02-09T20:16:19.687Z</time>
      </trkpt>
      <trkpt lat="38.816334" lon="-0.269556">
        <ele>424.611933</ele>
        <time>2026-02-09T20:16:20.508Z</time>
      </trkpt>
      <trkpt lat="38.816430" lon="-0.269537">
        <ele>424.082876</ele>
        <time>2026-02-09T20:16:21.400Z</time>
      </trkpt>
      <trkpt lat="38.816584" lon="-0.269589">
        <ele>423.215552</ele>
        <time>2026-02-09T20:16:22.837Z</time>
      </trkpt>
      <trkpt lat="38.816749" lon="-0.269601">
        <ele>422.315416</ele>
        <time>2026-02-09T20:16:24.331Z</time>
      </trkpt>
      <trkpt lat="38.817133" lon="-0.269401">
        <ele>419.954399</ele>
        <time>2026-02-09T20:16:28.053Z</time>
      </trkpt>
      <trkpt lat="38.817246" lon="-0.269321">
        <ele>419.161674</ele>
        <time>2026-02-09T20:16:29.220Z</time>
      </trkpt>
      <trkpt lat="38.817316" lon="-0.269226">
        <ele>418.535877</ele>
        <time>2026-02-09T20:16:30.162Z</time>
      </trkpt>
      <trkpt lat="38.817641" lon="-0.268474">
        <ele>414.420149</ele>
        <time>2026-02-09T20:16:36.327Z</time>
      </trkpt>
      <trkpt lat="38.817949" lon="-0.267444">
        <ele>409.353953</ele>
        <time>2026-02-09T20:16:44.158Z</time>
      </trkpt>
      <trkpt lat="38.817984" lon="-0.267136">
        <ele>408.331443</ele>
        <time>2026-02-09T20:16:46.424Z</time>
      </trkpt>
      <trkpt lat="38.818105" lon="-0.266668">
        <ele>406.711591</ele>
        <time>2026-02-09T20:16:50.037Z</time>
      </trkpt>
      <trkpt lat="38.818272" lon="-0.266354">
        <ele>405.462671</ele>
        <time>2026-02-09T20:16:52.850Z</time>
      </trkpt>
      <trkpt lat="38.818421" lon="-0.265854">
        <ele>403.704099</ele>
        <time>2026-02-09T20:16:56.942Z</time>
      </trkpt>
      <trkpt lat="38.818508" lon="-0.265612">
        <ele>402.828568</ele>
        <time>2026-02-09T20:16:59.062Z</time>
      </trkpt>
      <trkpt lat="38.818666" lon="-0.265413">
        <ele>402.338795</ele>
        <time>2026-02-09T20:17:01.500Z</time>
      </trkpt>
      <trkpt lat="38.818768" lon="-0.265234">
        <ele>402.550849</ele>
        <time>2026-02-09T20:17:03.528Z</time>
      </trkpt>
      <trkpt lat="38.818836" lon="-0.264766">
        <ele>403.006071</ele>
        <time>2026-02-09T20:17:08.410Z</time>
      </trkpt>
      <trkpt lat="38.818874" lon="-0.264491">
        <ele>403.273132</ele>
        <time>2026-02-09T20:17:12.169Z</time>
      </trkpt>
      <trkpt lat="38.819036" lon="-0.264295">
        <ele>403.546361</ele>
        <time>2026-02-09T20:17:17.216Z</time>
      </trkpt>
      <trkpt lat="38.819448" lon="-0.263935">
        <ele>404.158053</ele>
        <time>2026-02-09T20:17:32.068Z</time>
      </trkpt>
      <trkpt lat="38.819505" lon="-0.263879">
        <ele>404.246149</ele>
        <time>2026-02-09T20:17:34.352Z</time>
      </trkpt>
      <trkpt lat="38.819602" lon="-0.263667">
        <ele>404.523255</ele>
        <time>2026-02-09T20:17:40.467Z</time>
      </trkpt>
      <trkpt lat="38.819781" lon="-0.262988">
        <ele>406.031257</ele>
        <time>2026-02-09T20:17:55.991Z</time>
      </trkpt>
      <trkpt lat="38.819865" lon="-0.262868">
        <ele>406.370632</ele>
        <time>2026-02-09T20:17:59.581Z</time>
      </trkpt>
      <trkpt lat="38.820154" lon="-0.262696">
        <ele>407.230788</ele>
        <time>2026-02-09T20:18:07.666Z</time>
      </trkpt>
      <trkpt lat="38.820191" lon="-0.262779">
        <ele>407.431960</ele>
        <time>2026-02-09T20:18:09.770Z</time>
      </trkpt>
      <trkpt lat="38.820566" lon="-0.262941">
        <ele>408.500333</ele>
        <time>2026-02-09T20:18:21.263Z</time>
      </trkpt>
      <trkpt lat="38.820603" lon="-0.262766">
        <ele>408.881800</ele>
        <time>2026-02-09T20:18:37.925Z</time>
      </trkpt>
      <trkpt lat="38.820465" lon="-0.262707">
        <ele>409.274550</ele>
        <time>2026-02-09T20:18:54.709Z</time>
      </trkpt>
      <trkpt lat="38.820603" lon="-0.262766">
        <ele>409.860581</ele>
        <time>2026-02-09T20:19:11.662Z</time>
      </trkpt>
      <trkpt lat="38.820566" lon="-0.262941">
        <ele>410.444346</ele>
        <time>2026-02-09T20:19:28.419Z</time>
      </trkpt>
      <trkpt lat="38.820191" lon="-0.262779">
        <ele>412.079296</ele>
        <time>2026-02-09T20:19:40.772Z</time>
      </trkpt>
      <trkpt lat="38.820154" lon="-0.262696">
        <ele>412.387152</ele>
        <time>2026-02-09T20:19:43.548Z</time>
      </trkpt>
      <trkpt lat="38.820270" lon="-0.262623">
        <ele>412.920989</ele>
        <time>2026-02-09T20:19:47.889Z</time>
      </trkpt>
      <trkpt lat="38.820469" lon="-0.262483">
        <ele>413.858698</ele>
        <time>2026-02-09T20:19:55.765Z</time>
      </trkpt>
      <trkpt lat="38.820492" lon="-0.262383">
        <ele>414.194370</ele>
        <time>2026-02-09T20:19:58.775Z</time>
      </trkpt>
      <trkpt lat="38.820461" lon="-0.262288">
        <ele>414.525952</ele>
        <time>2026-02-09T20:20:01.889Z</time>
      </trkpt>
      <trkpt lat="38.820408" lon="-0.262230">
        <ele>414.813749</ele>
        <time>2026-02-09T20:20:04.514Z</time>
      </trkpt>
      <trkpt lat="38.819823" lon="-0.261849">
        <ele>417.206033</ele>
        <time>2026-02-09T20:20:30.207Z</time>
      </trkpt>
      <trkpt lat="38.819788" lon="-0.261762">
        <ele>417.394121</ele>
        <time>2026-02-09T20:20:33.139Z</time>
      </trkpt>
      <trkpt lat="38.819780" lon="-0.261526">
        <ele>417.847897</ele>
        <time>2026-02-09T20:20:39.748Z</time>
      </trkpt>
      <trkpt lat="38.819735" lon="-0.261423">
        <ele>418.074741</ele>
        <time>2026-02-09T20:20:42.841Z</time>
      </trkpt>
      <trkpt lat="38.820139" lon="-0.261062">
        <ele>419.288444</ele>
        <time>2026-02-09T20:20:54.859Z</time>
      </trkpt>
      <trkpt lat="38.820383" lon="-0.260791">
        <ele>420.084005</ele>
        <time>2026-02-09T20:21:01.047Z</time>
      </trkpt>
      <trkpt lat="38.820436" lon="-0.260605">
        <ele>420.464447</ele>
        <time>2026-02-09T20:21:03.650Z</time>
      </trkpt>
      <trkpt lat="38.820440" lon="-0.260479">
        <ele>420.706687</ele>
        <time>2026-02-09T20:21:05.257Z</time>
      </trkpt>
      <trkpt lat="38.820413" lon="-0.260375">
        <ele>420.917265</ele>
        <time>2026-02-09T20:21:06.476Z</time>
      </trkpt>
      <trkpt lat="38.820239" lon="-0.260128">
        <ele>420.949035</ele>
        <time>2026-02-09T20:21:10.177Z</time>
      </trkpt>
      <trkpt lat="38.820129" lon="-0.260025">
        <ele>420.757801</ele>
        <time>2026-02-09T20:21:11.865Z</time>
      </trkpt>
      <trkpt lat="38.819685" lon="-0.259739">
        <ele>420.060095</ele>
        <time>2026-02-09T20:21:17.241Z</time>
      </trkpt>
      <trkpt lat="38.819530" lon="-0.259578">
        <ele>419.780047</ele>
        <time>2026-02-09T20:21:19.294Z</time>
      </trkpt>
      <trkpt lat="38.819471" lon="-0.259478">
        <ele>419.642787</ele>
        <time>2026-02-09T20:21:20.321Z</time>
      </trkpt>
      <trkpt lat="38.819189" lon="-0.258642">
        <ele>418.645934</ele>
        <time>2026-02-09T20:21:28.479Z</time>
      </trkpt>
      <trkpt lat="38.819046" lon="-0.258396">
        <ele>418.865304</ele>
        <time>2026-02-09T20:21:31.510Z</time>
      </trkpt>
      <trkpt lat="38.818800" lon="-0.258196">
        <ele>419.137338</ele>
        <time>2026-02-09T20:21:35.274Z</time>
      </trkpt>
      <trkpt lat="38.818600" lon="-0.257953">
        <ele>419.394612</ele>
        <time>2026-02-09T20:21:40.106Z</time>
      </trkpt>
      <trkpt lat="38.817705" lon="-0.257465">
        <ele>420.303023</ele>
        <time>2026-02-09T20:22:06.582Z</time>
      </trkpt>
      <trkpt lat="38.817060" lon="-0.256927">
        <ele>416.761413</ele>
        <time>2026-02-09T20:22:16.181Z</time>
      </trkpt>
      <trkpt lat="38.816998" lon="-0.256818">
        <ele>416.259982</ele>
        <time>2026-02-09T20:22:17.153Z</time>
      </trkpt>
      <trkpt lat="38.816972" lon="-0.256726">
        <ele>415.896362</ele>
        <time>2026-02-09T20:22:17.844Z</time>
      </trkpt>
      <trkpt lat="38.816976" lon="-0.256667">
        <ele>415.676317</ele>
        <time>2026-02-09T20:22:18.262Z</time>
      </trkpt>
      <trkpt lat="38.817017" lon="-0.256581">
        <ele>415.301711</ele>
        <time>2026-02-09T20:22:18.968Z</time>
      </trkpt>
      <trkpt lat="38.817200" lon="-0.256464">
        <ele>414.326759</ele>
        <time>2026-02-09T20:22:20.766Z</time>
      </trkpt>
      <trkpt lat="38.817417" lon="-0.256402">
        <ele>413.266623</ele>
        <time>2026-02-09T20:22:22.705Z</time>
      </trkpt>
      <trkpt lat="38.817941" lon="-0.256272">
        <ele>410.767367</ele>
        <time>2026-02-09T20:22:27.276Z</time>
      </trkpt>
      <trkpt lat="38.818092" lon="-0.256192">
        <ele>410.023158</ele>
        <time>2026-02-09T20:22:28.696Z</time>
      </trkpt>
      <trkpt lat="38.818571" lon="-0.255759">
        <ele>407.354082</ele>
        <time>2026-02-09T20:22:33.915Z</time>
      </trkpt>
      <trkpt lat="38.818649" lon="-0.255607">
        <ele>406.708056</ele>
        <time>2026-02-09T20:22:35.291Z</time>
      </trkpt>
      <trkpt lat="38.818673" lon="-0.255492">
        <ele>406.285478</ele>
        <time>2026-02-09T20:22:36.257Z</time>
      </trkpt>
      <trkpt lat="38.818663" lon="-0.254843">
        <ele>403.981423</ele>
        <time>2026-02-09T20:22:43.644Z</time>
      </trkpt>
      <trkpt lat="38.818670" lon="-0.254717">
        <ele>403.556959</ele>
        <time>2026-02-09T20:22:45.809Z</time>
      </trkpt>
      <trkpt lat="38.818714" lon="-0.254534">
        <ele>403.708471</ele>
        <time>2026-02-09T20:22:49.480Z</time>
      </trkpt>
      <trkpt lat="38.818918" lon="-0.254043">
        <ele>404.148689</ele>
        <time>2026-02-09T20:23:02.454Z</time>
      </trkpt>
      <trkpt lat="38.818967" lon="-0.253838">
        <ele>404.318329</ele>
        <time>2026-02-09T20:23:07.139Z</time>
      </trkpt>
      <trkpt lat="38.819071" lon="-0.252897">
        <ele>405.070223</ele>
        <time>2026-02-09T20:23:21.127Z</time>
      </trkpt>
      <trkpt lat="38.819113" lon="-0.252798">
        <ele>405.159402</ele>
        <time>2026-02-09T20:23:22.257Z</time>
      </trkpt>
      <trkpt lat="38.819266" lon="-0.252592">
        <ele>405.367230</ele>
        <time>2026-02-09T20:23:25.037Z</time>
      </trkpt>
      <trkpt lat="38.819891" lon="-0.252142">
        <ele>403.857932</ele>
        <time>2026-02-09T20:23:32.756Z</time>
      </trkpt>
      <trkpt lat="38.820015" lon="-0.251998">
        <ele>403.505741</ele>
        <time>2026-02-09T20:23:34.430Z</time>
      </trkpt>
      <trkpt lat="38.820338" lon="-0.251402">
        <ele>402.314424</ele>
        <time>2026-02-09T20:23:40.207Z</time>
      </trkpt>
      <trkpt lat="38.820390" lon="-0.251343">
        <ele>402.168249</ele>
        <time>2026-02-09T20:23:40.955Z</time>
      </trkpt>
      <trkpt lat="38.820977" lon="-0.250756">
        <ele>399.562081</ele>
        <time>2026-02-09T20:23:49.929Z</time>
      </trkpt>
      <trkpt lat="38.821084" lon="-0.250613">
        <ele>398.895229</ele>
        <time>2026-02-09T20:23:51.549Z</time>
      </trkpt>
      <trkpt lat="38.821168" lon="-0.250362">
        <ele>397.976435</ele>
        <time>2026-02-09T20:23:53.651Z</time>
      </trkpt>
      <trkpt lat="38.821184" lon="-0.250113">
        <ele>397.136112</ele>
        <time>2026-02-09T20:23:55.485Z</time>
      </trkpt>
      <trkpt lat="38.821164" lon="-0.250002">
        <ele>396.752924</ele>
        <time>2026-02-09T20:23:56.314Z</time>
      </trkpt>
      <trkpt lat="38.821055" lon="-0.249753">
        <ele>395.792305</ele>
        <time>2026-02-09T20:23:58.326Z</time>
      </trkpt>
      <trkpt lat="38.821025" lon="-0.249639">
        <ele>395.387598</ele>
        <time>2026-02-09T20:23:59.166Z</time>
      </trkpt>
      <trkpt lat="38.821032" lon="-0.249544">
        <ele>395.066651</ele>
        <time>2026-02-09T20:23:59.833Z</time>
      </trkpt>
      <trkpt lat="38.821357" lon="-0.248637">
        <ele>392.908541</ele>
        <time>2026-02-09T20:24:06.870Z</time>
      </trkpt>
      <trkpt lat="38.821351" lon="-0.248514">
        <ele>392.728904</ele>
        <time>2026-02-09T20:24:07.769Z</time>
      </trkpt>
      <trkpt lat="38.821270" lon="-0.248373">
        <ele>392.473552</ele>
        <time>2026-02-09T20:24:09.073Z</time>
      </trkpt>
      <trkpt lat="38.821021" lon="-0.248167">
        <ele>391.919317</ele>
        <time>2026-02-09T20:24:12.124Z</time>
      </trkpt>
      <trkpt lat="38.820913" lon="-0.248122">
        <ele>391.706882</ele>
        <time>2026-02-09T20:24:13.549Z</time>
      </trkpt>
      <trkpt lat="38.820489" lon="-0.248135">
        <ele>390.913403</ele>
        <time>2026-02-09T20:24:22.334Z</time>
      </trkpt>
      <trkpt lat="38.820064" lon="-0.248267">
        <ele>390.347286</ele>
        <time>2026-02-09T20:24:37.322Z</time>
      </trkpt>
      <trkpt lat="38.819833" lon="-0.248291">
        <ele>390.212421</ele>
        <time>2026-02-09T20:24:45.669Z</time>
      </trkpt>
      <trkpt lat="38.819265" lon="-0.248240">
        <ele>389.881080</ele>
        <time>2026-02-09T20:24:57.484Z</time>
      </trkpt>
      <trkpt lat="38.819181" lon="-0.248185">
        <ele>389.826205</ele>
        <time>2026-02-09T20:24:58.608Z</time>
      </trkpt>
      <trkpt lat="38.819116" lon="-0.248065">
        <ele>389.759942</ele>
        <time>2026-02-09T20:24:59.864Z</time>
      </trkpt>
      <trkpt lat="38.819104" lon="-0.247952">
        <ele>389.708234</ele>
        <time>2026-02-09T20:25:00.788Z</time>
      </trkpt>
      <trkpt lat="38.819143" lon="-0.247814">
        <ele>389.641677</ele>
        <time>2026-02-09T20:25:01.935Z</time>
      </trkpt>
      <trkpt lat="38.819200" lon="-0.247771">
        <ele>389.603202</ele>
        <time>2026-02-09T20:25:02.585Z</time>
      </trkpt>
      <trkpt lat="38.819616" lon="-0.247608">
        <ele>388.728783</ele>
        <time>2026-02-09T20:25:06.598Z</time>
      </trkpt>
      <trkpt lat="38.819775" lon="-0.247519">
        <ele>387.651999</ele>
        <time>2026-02-09T20:25:08.140Z</time>
      </trkpt>
      <trkpt lat="38.819915" lon="-0.247436">
        <ele>386.694705</ele>
        <time>2026-02-09T20:25:09.494Z</time>
      </trkpt>
      <trkpt lat="38.820264" lon="-0.247124">
        <ele>384.054537</ele>
        <time>2026-02-09T20:25:13.197Z</time>
      </trkpt>
      <trkpt lat="38.820786" lon="-0.246838">
        <ele>380.531297</ele>
        <time>2026-02-09T20:25:18.347Z</time>
      </trkpt>
      <trkpt lat="38.821052" lon="-0.246566">
        <ele>378.420124</ele>
        <time>2026-02-09T20:25:21.615Z</time>
      </trkpt>
      <trkpt lat="38.821172" lon="-0.246397">
        <ele>378.053767</ele>
        <time>2026-02-09T20:25:23.388Z</time>
      </trkpt>
      <trkpt lat="38.821250" lon="-0.246238">
        <ele>377.863872</ele>
        <time>2026-02-09T20:25:24.892Z</time>
      </trkpt>
      <trkpt lat="38.821280" lon="-0.246104">
        <ele>377.722963</ele>
        <time>2026-02-09T20:25:26.034Z</time>
      </trkpt>
      <trkpt lat="38.821263" lon="-0.245951">
        <ele>377.566768</ele>
        <time>2026-02-09T20:25:27.334Z</time>
      </trkpt>
      <trkpt lat="38.821199" lon="-0.245839">
        <ele>377.426393</ele>
        <time>2026-02-09T20:25:28.532Z</time>
      </trkpt>
      <trkpt lat="38.820969" lon="-0.245560">
        <ele>377.015875</ele>
        <time>2026-02-09T20:25:32.652Z</time>
      </trkpt>
      <trkpt lat="38.820939" lon="-0.245437">
        <ele>376.885615</ele>
        <time>2026-02-09T20:25:34.319Z</time>
      </trkpt>
      <trkpt lat="38.820911" lon="-0.245010">
        <ele>376.452537</ele>
        <time>2026-02-09T20:25:40.900Z</time>
      </trkpt>
      <trkpt lat="38.820723" lon="-0.244592">
        <ele>375.964742</ele>
        <time>2026-02-09T20:25:48.330Z</time>
      </trkpt>
      <trkpt lat="38.820691" lon="-0.244528">
        <ele>375.816934</ele>
        <time>2026-02-09T20:25:49.146Z</time>
      </trkpt>
      <trkpt lat="38.820490" lon="-0.244182">
        <ele>374.277119</ele>
        <time>2026-02-09T20:25:52.978Z</time>
      </trkpt>
      <trkpt lat="38.820027" lon="-0.243832">
        <ele>371.816530</ele>
        <time>2026-02-09T20:25:58.170Z</time>
      </trkpt>
      <trkpt lat="38.819990" lon="-0.243761">
        <ele>371.511777</ele>
        <time>2026-02-09T20:25:58.787Z</time>
      </trkpt>
      <trkpt lat="38.819979" lon="-0.243677">
        <ele>371.207880</ele>
        <time>2026-02-09T20:25:59.401Z</time>
      </trkpt>
      <trkpt lat="38.819997" lon="-0.243594">
        <ele>370.900497</ele>
        <time>2026-02-09T20:26:00.031Z</time>
      </trkpt>
      <trkpt lat="38.820040" lon="-0.243528">
        <ele>370.593544</ele>
        <time>2026-02-09T20:26:00.640Z</time>
      </trkpt>
      <trkpt lat="38.820076" lon="-0.243506">
        <ele>370.410959</ele>
        <time>2026-02-09T20:26:01.021Z</time>
      </trkpt>
      <trkpt lat="38.820146" lon="-0.243473">
        <ele>370.069474</ele>
        <time>2026-02-09T20:26:01.702Z</time>
      </trkpt>
      <trkpt lat="38.820566" lon="-0.243411">
        <ele>368.133513</ele>
        <time>2026-02-09T20:26:05.496Z</time>
      </trkpt>
      <trkpt lat="38.820606" lon="-0.243397">
        <ele>367.943655</ele>
        <time>2026-02-09T20:26:05.858Z</time>
      </trkpt>
      <trkpt lat="38.820755" lon="-0.243297">
        <ele>367.187605</ele>
        <time>2026-02-09T20:26:07.347Z</time>
      </trkpt>
      <trkpt lat="38.820840" lon="-0.243161">
        <ele>366.582665</ele>
        <time>2026-02-09T20:26:08.535Z</time>
      </trkpt>
      <trkpt lat="38.820898" lon="-0.242945">
        <ele>365.789960</ele>
        <time>2026-02-09T20:26:10.091Z</time>
      </trkpt>
      <trkpt lat="38.820901" lon="-0.242646">
        <ele>364.752449</ele>
        <time>2026-02-09T20:26:12.147Z</time>
      </trkpt>
      <trkpt lat="38.820858" lon="-0.241734">
        <ele>361.582342</ele>
        <time>2026-02-09T20:26:19.157Z</time>
      </trkpt>
      <trkpt lat="38.820826" lon="-0.241449">
        <ele>360.583276</ele>
        <time>2026-02-09T20:26:23.161Z</time>
      </trkpt>
      <trkpt lat="38.820758" lon="-0.241290">
        <ele>359.953951</ele>
        <time>2026-02-09T20:26:24.946Z</time>
      </trkpt>
      <trkpt lat="38.820637" lon="-0.241220">
        <ele>359.503049</ele>
        <time>2026-02-09T20:26:26.541Z</time>
      </trkpt>
      <trkpt lat="38.820013" lon="-0.241230">
        <ele>357.994280</ele>
        <time>2026-02-09T20:26:33.918Z</time>
      </trkpt>
      <trkpt lat="38.819941" lon="-0.241190">
        <ele>357.804598</ele>
        <time>2026-02-09T20:26:34.873Z</time>
      </trkpt>
      <trkpt lat="38.819889" lon="-0.241123">
        <ele>357.626458</ele>
        <time>2026-02-09T20:26:35.711Z</time>
      </trkpt>
      <trkpt lat="38.819854" lon="-0.240931">
        <ele>357.255022</ele>
        <time>2026-02-09T20:26:37.636Z</time>
      </trkpt>
      <trkpt lat="38.819984" lon="-0.239395">
        <ele>354.063502</ele>
        <time>2026-02-09T20:26:49.395Z</time>
      </trkpt>
      <trkpt lat="38.819981" lon="-0.238735">
        <ele>352.462201</ele>
        <time>2026-02-09T20:26:54.480Z</time>
      </trkpt>
      <trkpt lat="38.819956" lon="-0.238578">
        <ele>352.073417</ele>
        <time>2026-02-09T20:26:55.819Z</time>
      </trkpt>
      <trkpt lat="38.819898" lon="-0.238471">
        <ele>351.757169</ele>
        <time>2026-02-09T20:26:56.941Z</time>
      </trkpt>
      <trkpt lat="38.819710" lon="-0.238334">
        <ele>351.083960</ele>
        <time>2026-02-09T20:26:59.344Z</time>
      </trkpt>
      <trkpt lat="38.819019" lon="-0.238044">
        <ele>348.310553</ele>
        <time>2026-02-09T20:27:07.147Z</time>
      </trkpt>
      <trkpt lat="38.818923" lon="-0.237928">
        <ele>347.667495</ele>
        <time>2026-02-09T20:27:08.488Z</time>
      </trkpt>
      <trkpt lat="38.818892" lon="-0.237771">
        <ele>347.052039</ele>
        <time>2026-02-09T20:27:09.752Z</time>
      </trkpt>
      <trkpt lat="38.818907" lon="-0.237673">
        <ele>346.672524</ele>
        <time>2026-02-09T20:27:10.519Z</time>
      </trkpt>
      <trkpt lat="38.818967" lon="-0.237531">
        <ele>346.058686</ele>
        <time>2026-02-09T20:27:11.729Z</time>
      </trkpt>
      <trkpt lat="38.819307" lon="-0.237072">
        <ele>343.652039</ele>
        <time>2026-02-09T20:27:16.246Z</time>
      </trkpt>
      <trkpt lat="38.819574" lon="-0.236842">
        <ele>342.083726</ele>
        <time>2026-02-09T20:27:19.129Z</time>
      </trkpt>
      <trkpt lat="38.820076" lon="-0.236498">
        <ele>339.726998</ele>
        <time>2026-02-09T20:27:24.290Z</time>
      </trkpt>
      <trkpt lat="38.820138" lon="-0.236419">
        <ele>339.409740</ele>
        <time>2026-02-09T20:27:25.111Z</time>
      </trkpt>
      <trkpt lat="38.820177" lon="-0.236319">
        <ele>339.093339</ele>
        <time>2026-02-09T20:27:25.938Z</time>
      </trkpt>
      <trkpt lat="38.820169" lon="-0.236150">
        <ele>338.614300</ele>
        <time>2026-02-09T20:27:27.204Z</time>
      </trkpt>
      <trkpt lat="38.820105" lon="-0.236032">
        <ele>338.207509</ele>
        <time>2026-02-09T20:27:28.312Z</time>
      </trkpt>
      <trkpt lat="38.819837" lon="-0.235681">
        <ele>336.817033</ele>
        <time>2026-02-09T20:27:32.254Z</time>
      </trkpt>
      <trkpt lat="38.819794" lon="-0.235466">
        <ele>336.189002</ele>
        <time>2026-02-09T20:27:34.137Z</time>
      </trkpt>
      <trkpt lat="38.819829" lon="-0.235298">
        <ele>335.696972</ele>
        <time>2026-02-09T20:27:35.673Z</time>
      </trkpt>
      <trkpt lat="38.820360" lon="-0.234247">
        <ele>331.522378</ele>
        <time>2026-02-09T20:27:46.773Z</time>
      </trkpt>
      <trkpt lat="38.820365" lon="-0.234017">
        <ele>330.690020</ele>
        <time>2026-02-09T20:27:48.566Z</time>
      </trkpt>
      <trkpt lat="38.820236" lon="-0.233522">
        <ele>328.801818</ele>
        <time>2026-02-09T20:27:52.409Z</time>
      </trkpt>
      <trkpt lat="38.820265" lon="-0.233251">
        <ele>327.812260</ele>
        <time>2026-02-09T20:27:54.349Z</time>
      </trkpt>
      <trkpt lat="38.820389" lon="-0.232878">
        <ele>326.345218</ele>
        <time>2026-02-09T20:27:57.156Z</time>
      </trkpt>
      <trkpt lat="38.820509" lon="-0.232468">
        <ele>324.304229</ele>
        <time>2026-02-09T20:28:00.122Z</time>
      </trkpt>
      <trkpt lat="38.820538" lon="-0.232184">
        <ele>322.905181</ele>
        <time>2026-02-09T20:28:02.062Z</time>
      </trkpt>
      <trkpt lat="38.820568" lon="-0.231591">
        <ele>320.002600</ele>
        <time>2026-02-09T20:28:06.122Z</time>
      </trkpt>
      <trkpt lat="38.820561" lon="-0.231455">
        <ele>319.336866</ele>
        <time>2026-02-09T20:28:07.067Z</time>
      </trkpt>
      <trkpt lat="38.820526" lon="-0.231367">
        <ele>318.854267</ele>
        <time>2026-02-09T20:28:07.764Z</time>
      </trkpt>
      <trkpt lat="38.820436" lon="-0.231272">
        <ele>318.123736</ele>
        <time>2026-02-09T20:28:08.822Z</time>
      </trkpt>
      <trkpt lat="38.820347" lon="-0.231242">
        <ele>317.546852</ele>
        <time>2026-02-09T20:28:09.690Z</time>
      </trkpt>
      <trkpt lat="38.820255" lon="-0.231257">
        <ele>316.965446</ele>
        <time>2026-02-09T20:28:10.568Z</time>
      </trkpt>
      <trkpt lat="38.820071" lon="-0.231360">
        <ele>315.706967</ele>
        <time>2026-02-09T20:28:12.571Z</time>
      </trkpt>
      <trkpt lat="38.819732" lon="-0.231609">
        <ele>314.768225</ele>
        <time>2026-02-09T20:28:16.849Z</time>
      </trkpt>
      <trkpt lat="38.819104" lon="-0.232057">
        <ele>314.708729</ele>
        <time>2026-02-09T20:28:31.618Z</time>
      </trkpt>
      <trkpt lat="38.818971" lon="-0.232082">
        <ele>314.697599</ele>
        <time>2026-02-09T20:28:34.377Z</time>
      </trkpt>
      <trkpt lat="38.818846" lon="-0.232001">
        <ele>314.686003</ele>
        <time>2026-02-09T20:28:37.073Z</time>
      </trkpt>
      <trkpt lat="38.818740" lon="-0.231865">
        <ele>314.673592</ele>
        <time>2026-02-09T20:28:39.841Z</time>
      </trkpt>
      <trkpt lat="38.818632" lon="-0.231659">
        <ele>314.657573</ele>
        <time>2026-02-09T20:28:43.256Z</time>
      </trkpt>
      <trkpt lat="38.818617" lon="-0.231574">
        <ele>314.651950</ele>
        <time>2026-02-09T20:28:44.176Z</time>
      </trkpt>
      <trkpt lat="38.818618" lon="-0.231469">
        <ele>314.645175</ele>
        <time>2026-02-09T20:28:45.469Z</time>
      </trkpt>
      <trkpt lat="38.818666" lon="-0.231311">
        <ele>314.585240</ele>
        <time>2026-02-09T20:28:47.179Z</time>
      </trkpt>
      <trkpt lat="38.819246" lon="-0.229832">
        <ele>313.483737</ele>
        <time>2026-02-09T20:29:01.919Z</time>
      </trkpt>
      <trkpt lat="38.819278" lon="-0.229702">
        <ele>313.393041</ele>
        <time>2026-02-09T20:29:03.966Z</time>
      </trkpt>
      <trkpt lat="38.819266" lon="-0.229552">
        <ele>313.292730</ele>
        <time>2026-02-09T20:29:06.016Z</time>
      </trkpt>
      <trkpt lat="38.819217" lon="-0.229452">
        <ele>313.214143</ele>
        <time>2026-02-09T20:29:07.430Z</time>
      </trkpt>
      <trkpt lat="38.819086" lon="-0.229320">
        <ele>313.143868</ele>
        <time>2026-02-09T20:29:09.797Z</time>
      </trkpt>
      <trkpt lat="38.818946" lon="-0.229241">
        <ele>313.308521</ele>
        <time>2026-02-09T20:29:11.911Z</time>
      </trkpt>
      <trkpt lat="38.818643" lon="-0.229010">
        <ele>313.687951</ele>
        <time>2026-02-09T20:29:16.464Z</time>
      </trkpt>
      <trkpt lat="38.818534" lon="-0.228823">
        <ele>313.883854</ele>
        <time>2026-02-09T20:29:18.844Z</time>
      </trkpt>
      <trkpt lat="38.818522" lon="-0.228729">
        <ele>313.963757</ele>
        <time>2026-02-09T20:29:19.783Z</time>
      </trkpt>
      <trkpt lat="38.818559" lon="-0.228611">
        <ele>314.070455</ele>
        <time>2026-02-09T20:29:21.710Z</time>
      </trkpt>
      <trkpt lat="38.818622" lon="-0.228532">
        <ele>314.165282</ele>
        <time>2026-02-09T20:29:23.188Z</time>
      </trkpt>
      <trkpt lat="38.819117" lon="-0.228220">
        <ele>314.759012</ele>
        <time>2026-02-09T20:29:37.975Z</time>
      </trkpt>
      <trkpt lat="38.819227" lon="-0.228143">
        <ele>314.893910</ele>
        <time>2026-02-09T20:29:41.292Z</time>
      </trkpt>
      <trkpt lat="38.819290" lon="-0.228090">
        <ele>314.975010</ele>
        <time>2026-02-09T20:29:42.900Z</time>
      </trkpt>
      <trkpt lat="38.819349" lon="-0.227932">
        <ele>315.257400</ele>
        <time>2026-02-09T20:29:45.989Z</time>
      </trkpt>
      <trkpt lat="38.819316" lon="-0.227605">
        <ele>315.992170</ele>
        <time>2026-02-09T20:29:51.196Z</time>
      </trkpt>
      <trkpt lat="38.819099" lon="-0.226576">
        <ele>318.367695</ele>
        <time>2026-02-09T20:30:14.509Z</time>
      </trkpt>
      <trkpt lat="38.818799" lon="-0.225892">
        <ele>320.116833</ele>
        <time>2026-02-09T20:30:33.425Z</time>
      </trkpt>
      <trkpt lat="38.818781" lon="-0.225711">
        <ele>320.004012</ele>
        <time>2026-02-09T20:30:37.119Z</time>
      </trkpt>
      <trkpt lat="38.818799" lon="-0.225411">
        <ele>319.646816</ele>
        <time>2026-02-09T20:30:41.693Z</time>
      </trkpt>
      <trkpt lat="38.818829" lon="-0.225191">
        <ele>319.381675</ele>
        <time>2026-02-09T20:30:43.866Z</time>
      </trkpt>
      <trkpt lat="38.818938" lon="-0.224751">
        <ele>318.833568</ele>
        <time>2026-02-09T20:30:48.032Z</time>
      </trkpt>
      <trkpt lat="38.819034" lon="-0.224481">
        <ele>318.481243</ele>
        <time>2026-02-09T20:30:50.631Z</time>
      </trkpt>
      <trkpt lat="38.819127" lon="-0.224349">
        <ele>318.269974</ele>
        <time>2026-02-09T20:30:52.132Z</time>
      </trkpt>
      <trkpt lat="38.819282" lon="-0.224321">
        <ele>318.031478</ele>
        <time>2026-02-09T20:30:53.724Z</time>
      </trkpt>
      <trkpt lat="38.819428" lon="-0.224382">
        <ele>317.797532</ele>
        <time>2026-02-09T20:30:55.231Z</time>
      </trkpt>
      <trkpt lat="38.819917" lon="-0.224596">
        <ele>316.081345</ele>
        <time>2026-02-09T20:31:00.067Z</time>
      </trkpt>
      <trkpt lat="38.820119" lon="-0.224616">
        <ele>315.111384</ele>
        <time>2026-02-09T20:31:01.895Z</time>
      </trkpt>
      <trkpt lat="38.820324" lon="-0.224526">
        <ele>314.074108</ele>
        <time>2026-02-09T20:31:03.857Z</time>
      </trkpt>
      <trkpt lat="38.821488" lon="-0.223803">
        <ele>308.257488</ele>
        <time>2026-02-09T20:31:16.247Z</time>
      </trkpt>
      <trkpt lat="38.821601" lon="-0.223696">
        <ele>307.850184</ele>
        <time>2026-02-09T20:31:17.680Z</time>
      </trkpt>
      <trkpt lat="38.821645" lon="-0.223617">
        <ele>307.630730</ele>
        <time>2026-02-09T20:31:18.466Z</time>
      </trkpt>
      <trkpt lat="38.821695" lon="-0.223453">
        <ele>307.232752</ele>
        <time>2026-02-09T20:31:19.909Z</time>
      </trkpt>
      <trkpt lat="38.821760" lon="-0.223077">
        <ele>306.362391</ele>
        <time>2026-02-09T20:31:23.072Z</time>
      </trkpt>
      <trkpt lat="38.821754" lon="-0.222821">
        <ele>305.783613</ele>
        <time>2026-02-09T20:31:25.214Z</time>
      </trkpt>
      <trkpt lat="38.821699" lon="-0.222695">
        <ele>305.457230</ele>
        <time>2026-02-09T20:31:26.386Z</time>
      </trkpt>
      <trkpt lat="38.821297" lon="-0.222341">
        <ele>304.043163</ele>
        <time>2026-02-09T20:31:31.536Z</time>
      </trkpt>
      <trkpt lat="38.821085" lon="-0.222164">
        <ele>303.427930</ele>
        <time>2026-02-09T20:31:34.213Z</time>
      </trkpt>
      <trkpt lat="38.821009" lon="-0.222058">
        <ele>303.228186</ele>
        <time>2026-02-09T20:31:35.394Z</time>
      </trkpt>
      <trkpt lat="38.820976" lon="-0.221914">
        <ele>303.020057</ele>
        <time>2026-02-09T20:31:36.613Z</time>
      </trkpt>
      <trkpt lat="38.820997" lon="-0.221796">
        <ele>302.852224</ele>
        <time>2026-02-09T20:31:37.578Z</time>
      </trkpt>
      <trkpt lat="38.821109" lon="-0.221595">
        <ele>302.509574</ele>
        <time>2026-02-09T20:31:39.595Z</time>
      </trkpt>
      <trkpt lat="38.821342" lon="-0.221275">
        <ele>301.902257</ele>
        <time>2026-02-09T20:31:43.356Z</time>
      </trkpt>
      <trkpt lat="38.821441" lon="-0.221189">
        <ele>301.689504</ele>
        <time>2026-02-09T20:31:44.671Z</time>
      </trkpt>
      <trkpt lat="38.821557" lon="-0.221155">
        <ele>301.477742</ele>
        <time>2026-02-09T20:31:46.069Z</time>
      </trkpt>
      <trkpt lat="38.821870" lon="-0.221245">
        <ele>300.906881</ele>
        <time>2026-02-09T20:31:50.064Z</time>
      </trkpt>
      <trkpt lat="38.821939" lon="-0.221236">
        <ele>300.783448</ele>
        <time>2026-02-09T20:31:51.075Z</time>
      </trkpt>
      <trkpt lat="38.822013" lon="-0.221154">
        <ele>300.609458</ele>
        <time>2026-02-09T20:31:52.444Z</time>
      </trkpt>
      <trkpt lat="38.822085" lon="-0.220943">
        <ele>300.271488</ele>
        <time>2026-02-09T20:31:55.088Z</time>
      </trkpt>
      <trkpt lat="38.822073" lon="-0.220835">
        <ele>300.097692</ele>
        <time>2026-02-09T20:31:56.154Z</time>
      </trkpt>
      <trkpt lat="38.822073" lon="-0.220835">
        <ele>300.097692</ele>
        <time>2026-02-09T20:31:56.158Z</time>
      </trkpt>
      <trkpt lat="38.822073" lon="-0.220835">
        <ele>300.097692</ele>
        <time>2026-02-09T20:31:56.162Z</time>
      </trkpt>
      <trkpt lat="38.822073" lon="-0.220835">
        <ele>300.097692</ele>
        <time>2026-02-09T20:31:56.166Z</time>
      </trkpt>
      <trkpt lat="38.822060" lon="-0.220710">
        <ele>299.896788</ele>
        <time>2026-02-09T20:31:57.358Z</time>
      </trkpt>
      <trkpt lat="38.821888" lon="-0.220216">
        <ele>299.034780</ele>
        <time>2026-02-09T20:32:02.021Z</time>
      </trkpt>
      <trkpt lat="38.821897" lon="-0.220076">
        <ele>298.810987</ele>
        <time>2026-02-09T20:32:03.195Z</time>
      </trkpt>
      <trkpt lat="38.821959" lon="-0.219967">
        <ele>298.595983</ele>
        <time>2026-02-09T20:32:04.323Z</time>
      </trkpt>
      <trkpt lat="38.822026" lon="-0.219931">
        <ele>298.447461</ele>
        <time>2026-02-09T20:32:05.090Z</time>
      </trkpt>
      <trkpt lat="38.822101" lon="-0.219935">
        <ele>298.293968</ele>
        <time>2026-02-09T20:32:05.895Z</time>
      </trkpt>
      <trkpt lat="38.822398" lon="-0.220046">
        <ele>297.661438</ele>
        <time>2026-02-09T20:32:09.105Z</time>
      </trkpt>
      <trkpt lat="38.822881" lon="-0.220055">
        <ele>296.704242</ele>
        <time>2026-02-09T20:32:14.065Z</time>
      </trkpt>
      <trkpt lat="38.823171" lon="-0.220109">
        <ele>296.394858</ele>
        <time>2026-02-09T20:32:17.169Z</time>
      </trkpt>
      <trkpt lat="38.823303" lon="-0.220088">
        <ele>296.254427</ele>
        <time>2026-02-09T20:32:18.610Z</time>
      </trkpt>
      <trkpt lat="38.823424" lon="-0.220033">
        <ele>296.118902</ele>
        <time>2026-02-09T20:32:20.055Z</time>
      </trkpt>
      <trkpt lat="38.823757" lon="-0.219725">
        <ele>295.685553</ele>
        <time>2026-02-09T20:32:25.423Z</time>
      </trkpt>
      <trkpt lat="38.823967" lon="-0.219493">
        <ele>295.393022</ele>
        <time>2026-02-09T20:32:30.224Z</time>
      </trkpt>
      <trkpt lat="38.824058" lon="-0.219351">
        <ele>295.241783</ele>
        <time>2026-02-09T20:32:32.693Z</time>
      </trkpt>
      <trkpt lat="38.824152" lon="-0.219101">
        <ele>295.013451</ele>
        <time>2026-02-09T20:32:36.154Z</time>
      </trkpt>
      <trkpt lat="38.824224" lon="-0.218728">
        <ele>294.527383</ele>
        <time>2026-02-09T20:32:40.111Z</time>
      </trkpt>
      <trkpt lat="38.824270" lon="-0.218367">
        <ele>293.862466</ele>
        <time>2026-02-09T20:32:43.364Z</time>
      </trkpt>
      <trkpt lat="38.824448" lon="-0.217114">
        <ele>291.547310</ele>
        <time>2026-02-09T20:32:53.540Z</time>
      </trkpt>
      <trkpt lat="38.824543" lon="-0.216921">
        <ele>291.132335</ele>
        <time>2026-02-09T20:32:55.324Z</time>
      </trkpt>
      <trkpt lat="38.825103" lon="-0.216207">
        <ele>289.161071</ele>
        <time>2026-02-09T20:33:03.550Z</time>
      </trkpt>
      <trkpt lat="38.825162" lon="-0.216100">
        <ele>288.899918</ele>
        <time>2026-02-09T20:33:04.634Z</time>
      </trkpt>
      <trkpt lat="38.825193" lon="-0.215963">
        <ele>288.615709</ele>
        <time>2026-02-09T20:33:05.812Z</time>
      </trkpt>
      <trkpt lat="38.825201" lon="-0.215834">
        <ele>288.357905</ele>
        <time>2026-02-09T20:33:06.905Z</time>
      </trkpt>
      <trkpt lat="38.825174" lon="-0.215609">
        <ele>287.904377</ele>
        <time>2026-02-09T20:33:08.838Z</time>
      </trkpt>
      <trkpt lat="38.825086" lon="-0.214889">
        <ele>286.452459</ele>
        <time>2026-02-09T20:33:14.920Z</time>
      </trkpt>
      <trkpt lat="38.825086" lon="-0.214638">
        <ele>285.945725</ele>
        <time>2026-02-09T20:33:16.968Z</time>
      </trkpt>
      <trkpt lat="38.825168" lon="-0.214460">
        <ele>285.502928</ele>
        <time>2026-02-09T20:33:18.633Z</time>
      </trkpt>
      <trkpt lat="38.826004" lon="-0.213721">
        <ele>282.712997</ele>
        <time>2026-02-09T20:33:29.020Z</time>
      </trkpt>
      <trkpt lat="38.826265" lon="-0.213399">
        <ele>281.718011</ele>
        <time>2026-02-09T20:33:32.874Z</time>
      </trkpt>
      <trkpt lat="38.826400" lon="-0.213194">
        <ele>281.143241</ele>
        <time>2026-02-09T20:33:35.092Z</time>
      </trkpt>
      <trkpt lat="38.826450" lon="-0.212997">
        <ele>280.620538</ele>
        <time>2026-02-09T20:33:36.822Z</time>
      </trkpt>
      <trkpt lat="38.826432" lon="-0.212792">
        <ele>280.091208</ele>
        <time>2026-02-09T20:33:38.534Z</time>
      </trkpt>
      <trkpt lat="38.826290" lon="-0.212272">
        <ele>278.677368</ele>
        <time>2026-02-09T20:33:43.012Z</time>
      </trkpt>
      <trkpt lat="38.826291" lon="-0.212089">
        <ele>278.207804</ele>
        <time>2026-02-09T20:33:44.455Z</time>
      </trkpt>
      <trkpt lat="38.826350" lon="-0.211867">
        <ele>277.605950</ele>
        <time>2026-02-09T20:33:46.278Z</time>
      </trkpt>
      <trkpt lat="38.826449" lon="-0.211697">
        <ele>277.061354</ele>
        <time>2026-02-09T20:33:47.962Z</time>
      </trkpt>
      <trkpt lat="38.826560" lon="-0.211594">
        <ele>276.610246</ele>
        <time>2026-02-09T20:33:49.346Z</time>
      </trkpt>
      <trkpt lat="38.827320" lon="-0.211184">
        <ele>273.436833</ele>
        <time>2026-02-09T20:33:57.305Z</time>
      </trkpt>
      <trkpt lat="38.827435" lon="-0.211059">
        <ele>272.762744</ele>
        <time>2026-02-09T20:33:58.728Z</time>
      </trkpt>
      <trkpt lat="38.827529" lon="-0.210908">
        <ele>272.089159</ele>
        <time>2026-02-09T20:34:00.144Z</time>
      </trkpt>
      <trkpt lat="38.827599" lon="-0.210737">
        <ele>271.415984</ele>
        <time>2026-02-09T20:34:01.552Z</time>
      </trkpt>
      <trkpt lat="38.827642" lon="-0.210553">
        <ele>270.746538</ele>
        <time>2026-02-09T20:34:02.947Z</time>
      </trkpt>
      <trkpt lat="38.827705" lon="-0.209410">
        <ele>266.827288</ele>
        <time>2026-02-09T20:34:11.578Z</time>
      </trkpt>
      <trkpt lat="38.827793" lon="-0.209222">
        <ele>266.213601</ele>
        <time>2026-02-09T20:34:13.244Z</time>
      </trkpt>
      <trkpt lat="38.828380" lon="-0.208689">
        <ele>263.631127</ele>
        <time>2026-02-09T20:34:20.326Z</time>
      </trkpt>
      <trkpt lat="38.828800" lon="-0.208214">
        <ele>261.620653</ele>
        <time>2026-02-09T20:34:25.987Z</time>
      </trkpt>
      <trkpt lat="38.828926" lon="-0.207976">
        <ele>260.815505</ele>
        <time>2026-02-09T20:34:28.271Z</time>
      </trkpt>
      <trkpt lat="38.829847" lon="-0.203492">
        <ele>249.465798</ele>
        <time>2026-02-09T20:35:04.931Z</time>
      </trkpt>
      <trkpt lat="38.829961" lon="-0.203305">
        <ele>249.101617</ele>
        <time>2026-02-09T20:35:06.872Z</time>
      </trkpt>
      <trkpt lat="38.830296" lon="-0.203075">
        <ele>248.422720</ele>
        <time>2026-02-09T20:35:10.892Z</time>
      </trkpt>
      <trkpt lat="38.830421" lon="-0.202949">
        <ele>248.138706</ele>
        <time>2026-02-09T20:35:12.596Z</time>
      </trkpt>
      <trkpt lat="38.830912" lon="-0.202248">
        <ele>246.826390</ele>
        <time>2026-02-09T20:35:20.851Z</time>
      </trkpt>
      <trkpt lat="38.830976" lon="-0.202044">
        <ele>246.520240</ele>
        <time>2026-02-09T20:35:22.899Z</time>
      </trkpt>
      <trkpt lat="38.831017" lon="-0.201429">
        <ele>246.340457</ele>
        <time>2026-02-09T20:35:29.183Z</time>
      </trkpt>
      <trkpt lat="38.831058" lon="-0.200875">
        <ele>246.596124</ele>
        <time>2026-02-09T20:35:36.592Z</time>
      </trkpt>
      <trkpt lat="38.831091" lon="-0.200723">
        <ele>246.668618</ele>
        <time>2026-02-09T20:35:39.018Z</time>
      </trkpt>
      <trkpt lat="38.831140" lon="-0.200613">
        <ele>246.726834</ele>
        <time>2026-02-09T20:35:41.081Z</time>
      </trkpt>
      <trkpt lat="38.831895" lon="-0.199667">
        <ele>247.201850</ele>
        <time>2026-02-09T20:36:01.679Z</time>
      </trkpt>
      <trkpt lat="38.832043" lon="-0.199543">
        <ele>247.174296</ele>
        <time>2026-02-09T20:36:04.514Z</time>
      </trkpt>
      <trkpt lat="38.832123" lon="-0.199513">
        <ele>247.161301</ele>
        <time>2026-02-09T20:36:06.127Z</time>
      </trkpt>
      <trkpt lat="38.832740" lon="-0.199368">
        <ele>247.063505</ele>
        <time>2026-02-09T20:36:17.820Z</time>
      </trkpt>
      <trkpt lat="38.832829" lon="-0.199316">
        <ele>247.048259</ele>
        <time>2026-02-09T20:36:19.194Z</time>
      </trkpt>
      <trkpt lat="38.832943" lon="-0.199145">
        <ele>247.020924</ele>
        <time>2026-02-09T20:36:21.438Z</time>
      </trkpt>
      <trkpt lat="38.833042" lon="-0.198787">
        <ele>246.974785</ele>
        <time>2026-02-09T20:36:24.737Z</time>
      </trkpt>
      <trkpt lat="38.833892" lon="-0.195768">
        <ele>240.478059</ele>
        <time>2026-02-09T20:36:50.673Z</time>
      </trkpt>
      <trkpt lat="38.834043" lon="-0.195224">
        <ele>239.122700</ele>
        <time>2026-02-09T20:36:55.294Z</time>
      </trkpt>
      <trkpt lat="38.834185" lon="-0.194845">
        <ele>238.135677</ele>
        <time>2026-02-09T20:36:58.600Z</time>
      </trkpt>
      <trkpt lat="38.834364" lon="-0.194481">
        <ele>237.125413</ele>
        <time>2026-02-09T20:37:02.029Z</time>
      </trkpt>
      <trkpt lat="38.834582" lon="-0.194082">
        <ele>235.977989</ele>
        <time>2026-02-09T20:37:05.914Z</time>
      </trkpt>
      <trkpt lat="38.835218" lon="-0.192927">
        <ele>232.642494</ele>
        <time>2026-02-09T20:37:16.869Z</time>
      </trkpt>
      <trkpt lat="38.835967" lon="-0.191572">
        <ele>229.978100</ele>
        <time>2026-02-09T20:37:31.118Z</time>
      </trkpt>
      <trkpt lat="38.836002" lon="-0.191420">
        <ele>229.786807</ele>
        <time>2026-02-09T20:37:32.664Z</time>
      </trkpt>
      <trkpt lat="38.835994" lon="-0.191307">
        <ele>229.649867</ele>
        <time>2026-02-09T20:37:33.744Z</time>
      </trkpt>
      <trkpt lat="38.835901" lon="-0.191106">
        <ele>229.367716</ele>
        <time>2026-02-09T20:37:35.978Z</time>
      </trkpt>
      <trkpt lat="38.835822" lon="-0.190982">
        <ele>229.174381</ele>
        <time>2026-02-09T20:37:37.487Z</time>
      </trkpt>
      <trkpt lat="38.835628" lon="-0.190666">
        <ele>228.688792</ele>
        <time>2026-02-09T20:37:41.214Z</time>
      </trkpt>
      <trkpt lat="38.835602" lon="-0.190538">
        <ele>228.529145</ele>
        <time>2026-02-09T20:37:42.472Z</time>
      </trkpt>
      <trkpt lat="38.835606" lon="-0.190422">
        <ele>228.373844</ele>
        <time>2026-02-09T20:37:43.545Z</time>
      </trkpt>
      <trkpt lat="38.835904" lon="-0.189490">
        <ele>226.999778</ele>
        <time>2026-02-09T20:37:52.961Z</time>
      </trkpt>
      <trkpt lat="38.835950" lon="-0.189399">
        <ele>226.851821</ele>
        <time>2026-02-09T20:37:53.859Z</time>
      </trkpt>
      <trkpt lat="38.836103" lon="-0.189236">
        <ele>226.503697</ele>
        <time>2026-02-09T20:37:55.870Z</time>
      </trkpt>
      <trkpt lat="38.836209" lon="-0.189171">
        <ele>226.298012</ele>
        <time>2026-02-09T20:37:57.065Z</time>
      </trkpt>
      <trkpt lat="38.836331" lon="-0.189173">
        <ele>226.084380</ele>
        <time>2026-02-09T20:37:58.308Z</time>
      </trkpt>
      <trkpt lat="38.836399" lon="-0.189211">
        <ele>225.954526</ele>
        <time>2026-02-09T20:37:59.059Z</time>
      </trkpt>
      <trkpt lat="38.836914" lon="-0.189572">
        <ele>225.394986</ele>
        <time>2026-02-09T20:38:05.486Z</time>
      </trkpt>
      <trkpt lat="38.837237" lon="-0.189634">
        <ele>225.446585</ele>
        <time>2026-02-09T20:38:10.051Z</time>
      </trkpt>
      <trkpt lat="38.837431" lon="-0.189626">
        <ele>225.477252</ele>
        <time>2026-02-09T20:38:13.412Z</time>
      </trkpt>
      <trkpt lat="38.837756" lon="-0.189438">
        <ele>225.533571</ele>
        <time>2026-02-09T20:38:20.972Z</time>
      </trkpt>
      <trkpt lat="38.837969" lon="-0.189268">
        <ele>225.573197</ele>
        <time>2026-02-09T20:38:26.769Z</time>
      </trkpt>
      <trkpt lat="38.838025" lon="-0.189194">
        <ele>225.585894</ele>
        <time>2026-02-09T20:38:28.438Z</time>
      </trkpt>
      <trkpt lat="38.838127" lon="-0.188978">
        <ele>225.616980</ele>
        <time>2026-02-09T20:38:32.336Z</time>
      </trkpt>
      <trkpt lat="38.838364" lon="-0.188220">
        <ele>224.619028</ele>
        <time>2026-02-09T20:38:41.354Z</time>
      </trkpt>
      <trkpt lat="38.838460" lon="-0.188078">
        <ele>224.312318</ele>
        <time>2026-02-09T20:38:43.124Z</time>
      </trkpt>
      <trkpt lat="38.838795" lon="-0.187812">
        <ele>223.487426</ele>
        <time>2026-02-09T20:38:47.319Z</time>
      </trkpt>
      <trkpt lat="38.838872" lon="-0.187786">
        <ele>223.320689</ele>
        <time>2026-02-09T20:38:48.124Z</time>
      </trkpt>
      <trkpt lat="38.838971" lon="-0.187795">
        <ele>223.112845</ele>
        <time>2026-02-09T20:38:49.097Z</time>
      </trkpt>
      <trkpt lat="38.840082" lon="-0.188389">
        <ele>220.615792</ele>
        <time>2026-02-09T20:39:00.871Z</time>
      </trkpt>
      <trkpt lat="38.840255" lon="-0.188438">
        <ele>220.251527</ele>
        <time>2026-02-09T20:39:02.942Z</time>
      </trkpt>
      <trkpt lat="38.840470" lon="-0.188437">
        <ele>219.809455</ele>
        <time>2026-02-09T20:39:05.617Z</time>
      </trkpt>
      <trkpt lat="38.840530" lon="-0.188406">
        <ele>219.676472</ele>
        <time>2026-02-09T20:39:06.440Z</time>
      </trkpt>
      <trkpt lat="38.840594" lon="-0.188325">
        <ele>219.491690</ele>
        <time>2026-02-09T20:39:07.581Z</time>
      </trkpt>
      <trkpt lat="38.840840" lon="-0.187755">
        <ele>218.448064</ele>
        <time>2026-02-09T20:39:13.876Z</time>
      </trkpt>
      <trkpt lat="38.840972" lon="-0.187547">
        <ele>218.054584</ele>
        <time>2026-02-09T20:39:16.349Z</time>
      </trkpt>
      <trkpt lat="38.841107" lon="-0.187423">
        <ele>217.791935</ele>
        <time>2026-02-09T20:39:18.315Z</time>
      </trkpt>
      <trkpt lat="38.841353" lon="-0.187330">
        <ele>217.386164</ele>
        <time>2026-02-09T20:39:21.404Z</time>
      </trkpt>
      <trkpt lat="38.841630" lon="-0.187419">
        <ele>216.934349</ele>
        <time>2026-02-09T20:39:24.928Z</time>
      </trkpt>
      <trkpt lat="38.841735" lon="-0.187514">
        <ele>216.731098</ele>
        <time>2026-02-09T20:39:26.476Z</time>
      </trkpt>
      <trkpt lat="38.841808" lon="-0.187639">
        <ele>216.538551</ele>
        <time>2026-02-09T20:39:27.905Z</time>
      </trkpt>
      <trkpt lat="38.841865" lon="-0.187818">
        <ele>216.300222</ele>
        <time>2026-02-09T20:39:29.599Z</time>
      </trkpt>
      <trkpt lat="38.841847" lon="-0.188175">
        <ele>215.859325</ele>
        <time>2026-02-09T20:39:32.530Z</time>
      </trkpt>
      <trkpt lat="38.841805" lon="-0.188470">
        <ele>215.489736</ele>
        <time>2026-02-09T20:39:34.898Z</time>
      </trkpt>
      <trkpt lat="38.841814" lon="-0.188637">
        <ele>215.305082</ele>
        <time>2026-02-09T20:39:36.250Z</time>
      </trkpt>
      <trkpt lat="38.841862" lon="-0.188726">
        <ele>215.234400</ele>
        <time>2026-02-09T20:39:37.144Z</time>
      </trkpt>
      <trkpt lat="38.841916" lon="-0.188767">
        <ele>215.181809</ele>
        <time>2026-02-09T20:39:37.823Z</time>
      </trkpt>
      <trkpt lat="38.842051" lon="-0.188793">
        <ele>215.067374</ele>
        <time>2026-02-09T20:39:39.354Z</time>
      </trkpt>
      <trkpt lat="38.842320" lon="-0.188646">
        <ele>214.822298</ele>
        <time>2026-02-09T20:39:42.972Z</time>
      </trkpt>
      <trkpt lat="38.842389" lon="-0.188579">
        <ele>214.749776</ele>
        <time>2026-02-09T20:39:44.122Z</time>
      </trkpt>
      <trkpt lat="38.842434" lon="-0.188479">
        <ele>214.674370</ele>
        <time>2026-02-09T20:39:45.412Z</time>
      </trkpt>
      <trkpt lat="38.842481" lon="-0.188237">
        <ele>214.511525</ele>
        <time>2026-02-09T20:39:48.268Z</time>
      </trkpt>
      <trkpt lat="38.842644" lon="-0.186682">
        <ele>211.690478</ele>
        <time>2026-02-09T20:40:06.522Z</time>
      </trkpt>
      <trkpt lat="38.842796" lon="-0.186224">
        <ele>209.620168</ele>
        <time>2026-02-09T20:40:10.339Z</time>
      </trkpt>
      <trkpt lat="38.842952" lon="-0.185980">
        <ele>208.307411</ele>
        <time>2026-02-09T20:40:12.569Z</time>
      </trkpt>
      <trkpt lat="38.843088" lon="-0.185876">
        <ele>207.462242</ele>
        <time>2026-02-09T20:40:13.965Z</time>
      </trkpt>
      <trkpt lat="38.843190" lon="-0.185837">
        <ele>206.894007</ele>
        <time>2026-02-09T20:40:14.890Z</time>
      </trkpt>
      <trkpt lat="38.843289" lon="-0.185838">
        <ele>206.365410</ele>
        <time>2026-02-09T20:40:15.754Z</time>
      </trkpt>
      <trkpt lat="38.844138" lon="-0.186255">
        <ele>202.569154</ele>
        <time>2026-02-09T20:40:23.635Z</time>
      </trkpt>
      <trkpt lat="38.844289" lon="-0.186267">
        <ele>202.076905</ele>
        <time>2026-02-09T20:40:25.014Z</time>
      </trkpt>
      <trkpt lat="38.844404" lon="-0.186189">
        <ele>201.653729</ele>
        <time>2026-02-09T20:40:26.248Z</time>
      </trkpt>
      <trkpt lat="38.844674" lon="-0.185694">
        <ele>200.122296</ele>
        <time>2026-02-09T20:40:31.400Z</time>
      </trkpt>
      <trkpt lat="38.844767" lon="-0.185360">
        <ele>199.223430</ele>
        <time>2026-02-09T20:40:37.267Z</time>
      </trkpt>
      <trkpt lat="38.844881" lon="-0.183799">
        <ele>199.548934</ele>
        <time>2026-02-09T20:41:09.694Z</time>
      </trkpt>
      <trkpt lat="38.845022" lon="-0.182929">
        <ele>200.403782</ele>
        <time>2026-02-09T20:41:18.178Z</time>
      </trkpt>
      <trkpt lat="38.845087" lon="-0.182754">
        <ele>200.586813</ele>
        <time>2026-02-09T20:41:20.301Z</time>
      </trkpt>
      <trkpt lat="38.845161" lon="-0.182661">
        <ele>200.543365</ele>
        <time>2026-02-09T20:41:21.903Z</time>
      </trkpt>
      <trkpt lat="38.845246" lon="-0.182610">
        <ele>200.503997</ele>
        <time>2026-02-09T20:41:23.513Z</time>
      </trkpt>
      <trkpt lat="38.845492" lon="-0.182540">
        <ele>200.398273</ele>
        <time>2026-02-09T20:41:28.539Z</time>
      </trkpt>
      <trkpt lat="38.845601" lon="-0.182457">
        <ele>200.345099</ele>
        <time>2026-02-09T20:41:31.597Z</time>
      </trkpt>
      <trkpt lat="38.845662" lon="-0.182358">
        <ele>200.303847</ele>
        <time>2026-02-09T20:41:33.676Z</time>
      </trkpt>
      <trkpt lat="38.845689" lon="-0.182160">
        <ele>200.238157</ele>
        <time>2026-02-09T20:41:36.820Z</time>
      </trkpt>
      <trkpt lat="38.845497" lon="-0.181373">
        <ele>199.968647</ele>
        <time>2026-02-09T20:41:47.495Z</time>
      </trkpt>
      <trkpt lat="38.845474" lon="-0.181159">
        <ele>199.898050</ele>
        <time>2026-02-09T20:41:50.156Z</time>
      </trkpt>
      <trkpt lat="38.845621" lon="-0.179571">
        <ele>193.740840</ele>
        <time>2026-02-09T20:42:01.746Z</time>
      </trkpt>
      <trkpt lat="38.845606" lon="-0.179234">
        <ele>192.272103</ele>
        <time>2026-02-09T20:42:04.019Z</time>
      </trkpt>
      <trkpt lat="38.845539" lon="-0.179049">
        <ele>191.384364</ele>
        <time>2026-02-09T20:42:05.407Z</time>
      </trkpt>
      <trkpt lat="38.844987" lon="-0.178049">
        <ele>186.772432</ele>
        <time>2026-02-09T20:42:14.340Z</time>
      </trkpt>
      <trkpt lat="38.844752" lon="-0.177748">
        <ele>185.276260</ele>
        <time>2026-02-09T20:42:17.668Z</time>
      </trkpt>
      <trkpt lat="38.844675" lon="-0.177675">
        <ele>184.844832</ele>
        <time>2026-02-09T20:42:18.646Z</time>
      </trkpt>
      <trkpt lat="38.844604" lon="-0.177511">
        <ele>184.186135</ele>
        <time>2026-02-09T20:42:20.108Z</time>
      </trkpt>
      <trkpt lat="38.844611" lon="-0.177399">
        <ele>183.791688</ele>
        <time>2026-02-09T20:42:20.981Z</time>
      </trkpt>
      <trkpt lat="38.845035" lon="-0.176242">
        <ele>179.030436</ele>
        <time>2026-02-09T20:42:30.762Z</time>
      </trkpt>
      <trkpt lat="38.845132" lon="-0.176049">
        <ele>178.131579</ele>
        <time>2026-02-09T20:42:32.385Z</time>
      </trkpt>
      <trkpt lat="38.845239" lon="-0.175944">
        <ele>177.454924</ele>
        <time>2026-02-09T20:42:33.608Z</time>
      </trkpt>
      <trkpt lat="38.845465" lon="-0.175838">
        <ele>176.246010</ele>
        <time>2026-02-09T20:42:35.803Z</time>
      </trkpt>
      <trkpt lat="38.845696" lon="-0.175799">
        <ele>175.075374</ele>
        <time>2026-02-09T20:42:37.946Z</time>
      </trkpt>
      <trkpt lat="38.845886" lon="-0.175864">
        <ele>174.087426</ele>
        <time>2026-02-09T20:42:39.773Z</time>
      </trkpt>
      <trkpt lat="38.846397" lon="-0.176276">
        <ele>171.765858</ele>
        <time>2026-02-09T20:42:45.514Z</time>
      </trkpt>
      <trkpt lat="38.846578" lon="-0.176393">
        <ele>171.204037</ele>
        <time>2026-02-09T20:42:47.487Z</time>
      </trkpt>
      <trkpt lat="38.847590" lon="-0.176771">
        <ele>168.282003</ele>
        <time>2026-02-09T20:42:58.555Z</time>
      </trkpt>
      <trkpt lat="38.847706" lon="-0.176782">
        <ele>167.959522</ele>
        <time>2026-02-09T20:42:59.949Z</time>
      </trkpt>
      <trkpt lat="38.848162" lon="-0.176668">
        <ele>168.148281</ele>
        <time>2026-02-09T20:43:06.299Z</time>
      </trkpt>
      <trkpt lat="38.848443" lon="-0.176575">
        <ele>168.553690</ele>
        <time>2026-02-09T20:43:11.564Z</time>
      </trkpt>
      <trkpt lat="38.848577" lon="-0.176451">
        <ele>168.784450</ele>
        <time>2026-02-09T20:43:15.025Z</time>
      </trkpt>
      <trkpt lat="38.848616" lon="-0.176312">
        <ele>168.945204</ele>
        <time>2026-02-09T20:43:17.653Z</time>
      </trkpt>
      <trkpt lat="38.848615" lon="-0.176159">
        <ele>169.111682</ele>
        <time>2026-02-09T20:43:20.507Z</time>
      </trkpt>
      <trkpt lat="38.848314" lon="-0.172707">
        <ele>172.790748</ele>
        <time>2026-02-09T20:44:30.371Z</time>
      </trkpt>
      <trkpt lat="38.848316" lon="-0.172576">
        <ele>172.161701</ele>
        <time>2026-02-09T20:44:31.351Z</time>
      </trkpt>
      <trkpt lat="38.848351" lon="-0.172450">
        <ele>171.519455</ele>
        <time>2026-02-09T20:44:32.323Z</time>
      </trkpt>
      <trkpt lat="38.848403" lon="-0.172347">
        <ele>170.930147</ele>
        <time>2026-02-09T20:44:33.196Z</time>
      </trkpt>
      <trkpt lat="38.848630" lon="-0.172141">
        <ele>169.216594</ele>
        <time>2026-02-09T20:44:35.675Z</time>
      </trkpt>
      <trkpt lat="38.849450" lon="-0.171651">
        <ele>163.641126</ele>
        <time>2026-02-09T20:44:43.491Z</time>
      </trkpt>
      <trkpt lat="38.849582" lon="-0.171523">
        <ele>162.634512</ele>
        <time>2026-02-09T20:44:44.945Z</time>
      </trkpt>
      <trkpt lat="38.849742" lon="-0.171239">
        <ele>162.259231</ele>
        <time>2026-02-09T20:44:47.398Z</time>
      </trkpt>
      <trkpt lat="38.849880" lon="-0.170877">
        <ele>161.827719</ele>
        <time>2026-02-09T20:44:50.390Z</time>
      </trkpt>
      <trkpt lat="38.849916" lon="-0.170546">
        <ele>161.469899</ele>
        <time>2026-02-09T20:44:53.176Z</time>
      </trkpt>
      <trkpt lat="38.849782" lon="-0.168934">
        <ele>160.926388</ele>
        <time>2026-02-09T20:45:23.237Z</time>
      </trkpt>
      <trkpt lat="38.849790" lon="-0.168517">
        <ele>161.714035</ele>
        <time>2026-02-09T20:45:33.971Z</time>
      </trkpt>
      <trkpt lat="38.849979" lon="-0.167590">
        <ele>163.523445</ele>
        <time>2026-02-09T20:45:56.821Z</time>
      </trkpt>
      <trkpt lat="38.850287" lon="-0.166779">
        <ele>162.901435</ele>
        <time>2026-02-09T20:46:08.642Z</time>
      </trkpt>
      <trkpt lat="38.850355" lon="-0.166703">
        <ele>162.394407</ele>
        <time>2026-02-09T20:46:09.580Z</time>
      </trkpt>
      <trkpt lat="38.850724" lon="-0.166493">
        <ele>160.124372</ele>
        <time>2026-02-09T20:46:13.355Z</time>
      </trkpt>
      <trkpt lat="38.851509" lon="-0.166121">
        <ele>155.418301</ele>
        <time>2026-02-09T20:46:20.604Z</time>
      </trkpt>
      <trkpt lat="38.851637" lon="-0.166060">
        <ele>154.650421</ele>
        <time>2026-02-09T20:46:21.798Z</time>
      </trkpt>
      <trkpt lat="38.851710" lon="-0.166002">
        <ele>154.376865</ele>
        <time>2026-02-09T20:46:22.557Z</time>
      </trkpt>
      <trkpt lat="38.851841" lon="-0.165826">
        <ele>154.228639</ele>
        <time>2026-02-09T20:46:24.245Z</time>
      </trkpt>
      <trkpt lat="38.851921" lon="-0.165702">
        <ele>154.130602</ele>
        <time>2026-02-09T20:46:25.400Z</time>
      </trkpt>
      <trkpt lat="38.852034" lon="-0.165486">
        <ele>153.972177</ele>
        <time>2026-02-09T20:46:27.338Z</time>
      </trkpt>
      <trkpt lat="38.852055" lon="-0.165425">
        <ele>153.931571</ele>
        <time>2026-02-09T20:46:27.855Z</time>
      </trkpt>
      <trkpt lat="38.852153" lon="-0.165048">
        <ele>153.689593</ele>
        <time>2026-02-09T20:46:31.287Z</time>
      </trkpt>
      <trkpt lat="38.852113" lon="-0.164383">
        <ele>153.283515</ele>
        <time>2026-02-09T20:46:44.913Z</time>
      </trkpt>
      <trkpt lat="38.852056" lon="-0.163944">
        <ele>153.012548</ele>
        <time>2026-02-09T20:46:59.612Z</time>
      </trkpt>
      <trkpt lat="38.852016" lon="-0.163773">
        <ele>152.820077</ele>
        <time>2026-02-09T20:47:05.438Z</time>
      </trkpt>
      <trkpt lat="38.851628" lon="-0.162620">
        <ele>151.418903</ele>
        <time>2026-02-09T20:47:29.285Z</time>
      </trkpt>
      <trkpt lat="38.851400" lon="-0.161902">
        <ele>150.553908</ele>
        <time>2026-02-09T20:47:34.742Z</time>
      </trkpt>
      <trkpt lat="38.851378" lon="-0.161754">
        <ele>150.116980</ele>
        <time>2026-02-09T20:47:35.758Z</time>
      </trkpt>
      <trkpt lat="38.851371" lon="-0.161134">
        <ele>145.018461</ele>
        <time>2026-02-09T20:47:39.823Z</time>
      </trkpt>
      <trkpt lat="38.851372" lon="-0.160591">
        <ele>140.553601</ele>
        <time>2026-02-09T20:47:43.363Z</time>
      </trkpt>
      <trkpt lat="38.851364" lon="-0.160124">
        <ele>136.712739</ele>
        <time>2026-02-09T20:47:46.426Z</time>
      </trkpt>
      <trkpt lat="38.851194" lon="-0.159351">
        <ele>130.735707</ele>
        <time>2026-02-09T20:47:51.908Z</time>
      </trkpt>
      <trkpt lat="38.851163" lon="-0.159228">
        <ele>130.174566</ele>
        <time>2026-02-09T20:47:52.810Z</time>
      </trkpt>
      <trkpt lat="38.850985" lon="-0.158509">
        <ele>126.899866</ele>
        <time>2026-02-09T20:47:58.165Z</time>
      </trkpt>
      <trkpt lat="38.850950" lon="-0.158421">
        <ele>126.470973</ele>
        <time>2026-02-09T20:47:58.886Z</time>
      </trkpt>
      <trkpt lat="38.850864" lon="-0.158305">
        <ele>125.775809</ele>
        <time>2026-02-09T20:48:00.068Z</time>
      </trkpt>
      <trkpt lat="38.850451" lon="-0.157956">
        <ele>123.020236</ele>
        <time>2026-02-09T20:48:04.873Z</time>
      </trkpt>
      <trkpt lat="38.850337" lon="-0.157845">
        <ele>122.222847</ele>
        <time>2026-02-09T20:48:06.316Z</time>
      </trkpt>
      <trkpt lat="38.850235" lon="-0.157643">
        <ele>121.252104</ele>
        <time>2026-02-09T20:48:08.201Z</time>
      </trkpt>
      <trkpt lat="38.850206" lon="-0.157413">
        <ele>120.560360</ele>
        <time>2026-02-09T20:48:09.992Z</time>
      </trkpt>
      <trkpt lat="38.850191" lon="-0.156891">
        <ele>119.009525</ele>
        <time>2026-02-09T20:48:13.978Z</time>
      </trkpt>
      <trkpt lat="38.850150" lon="-0.156490">
        <ele>117.808769</ele>
        <time>2026-02-09T20:48:17.152Z</time>
      </trkpt>
      <trkpt lat="38.850058" lon="-0.156331">
        <ele>117.220680</ele>
        <time>2026-02-09T20:48:18.719Z</time>
      </trkpt>
      <trkpt lat="38.849545" lon="-0.155713">
        <ele>114.539303</ele>
        <time>2026-02-09T20:48:25.618Z</time>
      </trkpt>
      <trkpt lat="38.849233" lon="-0.155283">
        <ele>112.821691</ele>
        <time>2026-02-09T20:48:29.955Z</time>
      </trkpt>
      <trkpt lat="38.848932" lon="-0.154702">
        <ele>110.782275</ele>
        <time>2026-02-09T20:48:35.192Z</time>
      </trkpt>
      <trkpt lat="38.848880" lon="-0.154464">
        <ele>110.059841</ele>
        <time>2026-02-09T20:48:37.097Z</time>
      </trkpt>
      <trkpt lat="38.848765" lon="-0.153223">
        <ele>106.880686</ele>
        <time>2026-02-09T20:48:47.103Z</time>
      </trkpt>
      <trkpt lat="38.848727" lon="-0.152891">
        <ele>106.231849</ele>
        <time>2026-02-09T20:48:49.977Z</time>
      </trkpt>
      <trkpt lat="38.848653" lon="-0.152425">
        <ele>105.312270</ele>
        <time>2026-02-09T20:48:54.000Z</time>
      </trkpt>
      <trkpt lat="38.848533" lon="-0.151907">
        <ele>104.267314</ele>
        <time>2026-02-09T20:48:58.560Z</time>
      </trkpt>
      <trkpt lat="38.848477" lon="-0.151650">
        <ele>103.751305</ele>
        <time>2026-02-09T20:49:00.812Z</time>
      </trkpt>
      <trkpt lat="38.848337" lon="-0.151107">
        <ele>102.541545</ele>
        <time>2026-02-09T20:49:05.472Z</time>
      </trkpt>
      <trkpt lat="38.848013" lon="-0.150317">
        <ele>100.557438</ele>
        <time>2026-02-09T20:49:12.524Z</time>
      </trkpt>
      <trkpt lat="38.847675" lon="-0.149436">
        <ele>98.374985</ele>
        <time>2026-02-09T20:49:20.420Z</time>
      </trkpt>
      <trkpt lat="38.847612" lon="-0.149055">
        <ele>97.610099</ele>
        <time>2026-02-09T20:49:23.582Z</time>
      </trkpt>
      <trkpt lat="38.847517" lon="-0.147937">
        <ele>95.470802</ele>
        <time>2026-02-09T20:49:32.842Z</time>
      </trkpt>
      <trkpt lat="38.847508" lon="-0.147831">
        <ele>95.267972</ele>
        <time>2026-02-09T20:49:33.748Z</time>
      </trkpt>
      <trkpt lat="38.847480" lon="-0.147515">
        <ele>94.662994</ele>
        <time>2026-02-09T20:49:36.434Z</time>
      </trkpt>
      <trkpt lat="38.847124" lon="-0.143817">
        <ele>87.927778</ele>
        <time>2026-02-09T20:50:07.721Z</time>
      </trkpt>
      <trkpt lat="38.847159" lon="-0.143566">
        <ele>87.437409</ele>
        <time>2026-02-09T20:50:09.843Z</time>
      </trkpt>
      <trkpt lat="38.847395" lon="-0.142719">
        <ele>85.707460</ele>
        <time>2026-02-09T20:50:17.174Z</time>
      </trkpt>
      <trkpt lat="38.847567" lon="-0.142101">
        <ele>84.116368</ele>
        <time>2026-02-09T20:50:22.457Z</time>
      </trkpt>
      <trkpt lat="38.847831" lon="-0.141168">
        <ele>81.516121</ele>
        <time>2026-02-09T20:50:30.231Z</time>
      </trkpt>
      <trkpt lat="38.848045" lon="-0.140380">
        <ele>79.330111</ele>
        <time>2026-02-09T20:50:36.686Z</time>
      </trkpt>
      <trkpt lat="38.848265" lon="-0.139575">
        <ele>76.441555</ele>
        <time>2026-02-09T20:50:43.183Z</time>
      </trkpt>
      <trkpt lat="38.848284" lon="-0.139520">
        <ele>76.237301</ele>
        <time>2026-02-09T20:50:43.637Z</time>
      </trkpt>
      <trkpt lat="38.848594" lon="-0.138415">
        <ele>72.250174</ele>
        <time>2026-02-09T20:50:52.328Z</time>
      </trkpt>
      <trkpt lat="38.848610" lon="-0.138352">
        <ele>72.025222</ele>
        <time>2026-02-09T20:50:52.815Z</time>
      </trkpt>
      <trkpt lat="38.848948" lon="-0.137131">
        <ele>68.723410</ele>
        <time>2026-02-09T20:51:02.516Z</time>
      </trkpt>
      <trkpt lat="38.848999" lon="-0.136954">
        <ele>68.265882</ele>
        <time>2026-02-09T20:51:03.985Z</time>
      </trkpt>
      <trkpt lat="38.849205" lon="-0.136210">
        <ele>66.351608</ele>
        <time>2026-02-09T20:51:10.525Z</time>
      </trkpt>
      <trkpt lat="38.849310" lon="-0.135697">
        <ele>65.951739</ele>
        <time>2026-02-09T20:51:15.956Z</time>
      </trkpt>
      <trkpt lat="38.849346" lon="-0.135431">
        <ele>66.022296</ele>
        <time>2026-02-09T20:51:19.482Z</time>
      </trkpt>
      <trkpt lat="38.849369" lon="-0.134911">
        <ele>66.158411</ele>
        <time>2026-02-09T20:51:26.869Z</time>
      </trkpt>
      <trkpt lat="38.849335" lon="-0.134096">
        <ele>66.371705</ele>
        <time>2026-02-09T20:51:39.039Z</time>
      </trkpt>
      <trkpt lat="38.849309" lon="-0.133857">
        <ele>66.434771</ele>
        <time>2026-02-09T20:51:42.614Z</time>
      </trkpt>
      <trkpt lat="38.848318" lon="-0.129217">
        <ele>67.182931</ele>
        <time>2026-02-09T20:52:40.567Z</time>
      </trkpt>
      <trkpt lat="38.848117" lon="-0.128260">
        <ele>66.341717</ele>
        <time>2026-02-09T20:52:53.225Z</time>
      </trkpt>
      <trkpt lat="38.847823" lon="-0.126959">
        <ele>65.014296</ele>
        <time>2026-02-09T20:53:05.051Z</time>
      </trkpt>
      <trkpt lat="38.847750" lon="-0.126702">
        <ele>64.283074</ele>
        <time>2026-02-09T20:53:07.103Z</time>
      </trkpt>
      <trkpt lat="38.847661" lon="-0.126506">
        <ele>63.676622</ele>
        <time>2026-02-09T20:53:08.784Z</time>
      </trkpt>
      <trkpt lat="38.847126" lon="-0.125620">
        <ele>60.679896</ele>
        <time>2026-02-09T20:53:17.102Z</time>
      </trkpt>
      <trkpt lat="38.846920" lon="-0.125283">
        <ele>59.534763</ele>
        <time>2026-02-09T20:53:20.483Z</time>
      </trkpt>
      <trkpt lat="38.846706" lon="-0.124916">
        <ele>59.218354</ele>
        <time>2026-02-09T20:53:24.412Z</time>
      </trkpt>
      <trkpt lat="38.846602" lon="-0.124758">
        <ele>59.299892</ele>
        <time>2026-02-09T20:53:26.382Z</time>
      </trkpt>
      <trkpt lat="38.845187" lon="-0.122379">
        <ele>61.650159</ele>
        <time>2026-02-09T20:54:14.778Z</time>
      </trkpt>
      <trkpt lat="38.845043" lon="-0.122145">
        <ele>62.061707</ele>
        <time>2026-02-09T20:54:19.261Z</time>
      </trkpt>
      <trkpt lat="38.844308" lon="-0.120937">
        <ele>65.772588</ele>
        <time>2026-02-09T20:54:48.053Z</time>
      </trkpt>
      <trkpt lat="38.844151" lon="-0.120677">
        <ele>66.966907</ele>
        <time>2026-02-09T20:54:56.405Z</time>
      </trkpt>
      <trkpt lat="38.844070" lon="-0.120697">
        <ele>67.351370</ele>
        <time>2026-02-09T20:54:59.195Z</time>
      </trkpt>
      <trkpt lat="38.844001" lon="-0.120639">
        <ele>67.735776</ele>
        <time>2026-02-09T20:55:02.120Z</time>
      </trkpt>
      <trkpt lat="38.843982" lon="-0.120565">
        <ele>68.018638</ele>
        <time>2026-02-09T20:55:04.296Z</time>
      </trkpt>
      <trkpt lat="38.844016" lon="-0.120458">
        <ele>68.438162</ele>
        <time>2026-02-09T20:55:07.595Z</time>
      </trkpt>
      <trkpt lat="38.843737" lon="-0.120009">
        <ele>70.523352</ele>
        <time>2026-02-09T20:55:25.519Z</time>
      </trkpt>
      <trkpt lat="38.843576" lon="-0.119735">
        <ele>71.779900</ele>
        <time>2026-02-09T20:55:37.368Z</time>
      </trkpt>
      <trkpt lat="38.843397" lon="-0.119366">
        <ele>73.446806</ele>
        <time>2026-02-09T20:55:51.626Z</time>
      </trkpt>
      <trkpt lat="38.843331" lon="-0.119133">
        <ele>74.397487</ele>
        <time>2026-02-09T20:55:59.145Z</time>
      </trkpt>
      <trkpt lat="38.843297" lon="-0.118885">
        <ele>75.363054</ele>
        <time>2026-02-09T20:56:06.289Z</time>
      </trkpt>
      <trkpt lat="38.843277" lon="-0.118348">
        <ele>77.424516</ele>
        <time>2026-02-09T20:56:20.414Z</time>
      </trkpt>
      <trkpt lat="38.842956" lon="-0.118543">
        <ele>79.172812</ele>
        <time>2026-02-09T20:56:32.965Z</time>
      </trkpt>
      <trkpt lat="38.842247" lon="-0.118897">
        <ele>81.675424</ele>
        <time>2026-02-09T20:56:57.673Z</time>
      </trkpt>
      <trkpt lat="38.841861" lon="-0.118974">
        <ele>82.635306</ele>
        <time>2026-02-09T20:57:09.554Z</time>
      </trkpt>
      <trkpt lat="38.841683" lon="-0.118496">
        <ele>83.649339</ele>
        <time>2026-02-09T20:57:21.906Z</time>
      </trkpt>
      <trkpt lat="38.841645" lon="-0.118310">
        <ele>84.017370</ele>
        <time>2026-02-09T20:57:26.280Z</time>
      </trkpt>
      <trkpt lat="38.841610" lon="-0.118263">
        <ele>84.141822</ele>
        <time>2026-02-09T20:57:27.701Z</time>
      </trkpt>
      <trkpt lat="38.841648" lon="-0.118117">
        <ele>84.436443</ele>
        <time>2026-02-09T20:57:31.166Z</time>
      </trkpt>
      <trkpt lat="38.841131" lon="-0.117536">
        <ele>84.296824</ele>
        <time>2026-02-09T20:57:48.977Z</time>
      </trkpt>
      <trkpt lat="38.841189" lon="-0.117273">
        <ele>84.065692</ele>
        <time>2026-02-09T20:57:53.283Z</time>
      </trkpt>
      <trkpt lat="38.841293" lon="-0.117015">
        <ele>83.820046</ele>
        <time>2026-02-09T20:57:57.171Z</time>
      </trkpt>
      <trkpt lat="38.841404" lon="-0.116769">
        <ele>83.579649</ele>
        <time>2026-02-09T20:58:00.707Z</time>
      </trkpt>
      <trkpt lat="38.841205" lon="-0.116581">
        <ele>83.311423</ele>
        <time>2026-02-09T20:58:04.525Z</time>
      </trkpt>
      <trkpt lat="38.841182" lon="-0.116570">
        <ele>83.284777</ele>
        <time>2026-02-09T20:58:04.786Z</time>
      </trkpt>
      <trkpt lat="38.839874" lon="-0.115950">
        <ele>78.952982</ele>
        <time>2026-02-09T20:58:18.359Z</time>
      </trkpt>
      <trkpt lat="38.839443" lon="-0.115744">
        <ele>77.212072</ele>
        <time>2026-02-09T20:58:22.816Z</time>
      </trkpt>
      <trkpt lat="38.838411" lon="-0.115266">
        <ele>74.411331</ele>
        <time>2026-02-09T20:58:33.996Z</time>
      </trkpt>
      <trkpt lat="38.838383" lon="-0.114601">
        <ele>73.322150</ele>
        <time>2026-02-09T20:58:40.193Z</time>
      </trkpt>
      <trkpt lat="38.838335" lon="-0.114577">
        <ele>73.213992</ele>
        <time>2026-02-09T20:58:40.828Z</time>
      </trkpt>
      <trkpt lat="38.837619" lon="-0.114228">
        <ele>72.198939</ele>
        <time>2026-02-09T20:58:49.827Z</time>
      </trkpt>
      <trkpt lat="38.837222" lon="-0.114050">
        <ele>72.050191</ele>
        <time>2026-02-09T20:58:55.378Z</time>
      </trkpt>
      <trkpt lat="38.837200" lon="-0.114040">
        <ele>72.041935</ele>
        <time>2026-02-09T20:58:55.716Z</time>
      </trkpt>
      <trkpt lat="38.836955" lon="-0.113924">
        <ele>71.949565</ele>
        <time>2026-02-09T20:58:59.567Z</time>
      </trkpt>
      <trkpt lat="38.836731" lon="-0.113748">
        <ele>71.856668</ele>
        <time>2026-02-09T20:59:03.357Z</time>
      </trkpt>
      <trkpt lat="38.836400" lon="-0.113184">
        <ele>71.767216</ele>
        <time>2026-02-09T20:59:11.479Z</time>
      </trkpt>
      <trkpt lat="38.836324" lon="-0.113035">
        <ele>71.966671</ele>
        <time>2026-02-09T20:59:13.763Z</time>
      </trkpt>
      <trkpt lat="38.836206" lon="-0.112806">
        <ele>72.274160</ele>
        <time>2026-02-09T20:59:17.354Z</time>
      </trkpt>
      <trkpt lat="38.835972" lon="-0.112376">
        <ele>72.861590</ele>
        <time>2026-02-09T20:59:24.610Z</time>
      </trkpt>
      <trkpt lat="38.835822" lon="-0.112182">
        <ele>73.167709</ele>
        <time>2026-02-09T20:59:28.899Z</time>
      </trkpt>
      <trkpt lat="38.835679" lon="-0.112088">
        <ele>73.398685</ele>
        <time>2026-02-09T20:59:32.388Z</time>
      </trkpt>
      <trkpt lat="38.835191" lon="-0.111884">
        <ele>74.136544</ele>
        <time>2026-02-09T20:59:44.711Z</time>
      </trkpt>
      <trkpt lat="38.834702" lon="-0.111680">
        <ele>75.779612</ele>
        <time>2026-02-09T20:59:59.021Z</time>
      </trkpt>
      <trkpt lat="38.834532" lon="-0.111569">
        <ele>76.462120</ele>
        <time>2026-02-09T21:00:04.409Z</time>
      </trkpt>
      <trkpt lat="38.834408" lon="-0.111396">
        <ele>77.117446</ele>
        <time>2026-02-09T21:00:09.694Z</time>
      </trkpt>
      <trkpt lat="38.834274" lon="-0.110994">
        <ele>78.336311</ele>
        <time>2026-02-09T21:00:20.269Z</time>
      </trkpt>
      <trkpt lat="38.834111" lon="-0.109937">
        <ele>81.203592</ele>
        <time>2026-02-09T21:00:46.626Z</time>
      </trkpt>
      <trkpt lat="38.834103" lon="-0.109880">
        <ele>81.330368</ele>
        <time>2026-02-09T21:00:47.936Z</time>
      </trkpt>
      <trkpt lat="38.834027" lon="-0.109170">
        <ele>82.899089</ele>
        <time>2026-02-09T21:01:03.488Z</time>
      </trkpt>
      <trkpt lat="38.834082" lon="-0.108591">
        <ele>84.175848</ele>
        <time>2026-02-09T21:01:15.316Z</time>
      </trkpt>
      <trkpt lat="38.834116" lon="-0.108371">
        <ele>84.666791</ele>
        <time>2026-02-09T21:01:19.861Z</time>
      </trkpt>
      <trkpt lat="38.834153" lon="-0.108078">
        <ele>85.316510</ele>
        <time>2026-02-09T21:01:25.398Z</time>
      </trkpt>
      <trkpt lat="38.834167" lon="-0.107804">
        <ele>85.779468</ele>
        <time>2026-02-09T21:01:30.065Z</time>
      </trkpt>
      <trkpt lat="38.834134" lon="-0.107675">
        <ele>85.817196</ele>
        <time>2026-02-09T21:01:32.101Z</time>
      </trkpt>
      <trkpt lat="38.834063" lon="-0.107543">
        <ele>85.861769</ele>
        <time>2026-02-09T21:01:34.432Z</time>
      </trkpt>
      <trkpt lat="38.833870" lon="-0.107311">
        <ele>85.956085</ele>
        <time>2026-02-09T21:01:39.020Z</time>
      </trkpt>
      <trkpt lat="38.832428" lon="-0.105735">
        <ele>86.206055</ele>
        <time>2026-02-09T21:02:06.151Z</time>
      </trkpt>
      <trkpt lat="38.832151" lon="-0.105329">
        <ele>86.079303</ele>
        <time>2026-02-09T21:02:11.927Z</time>
      </trkpt>
      <trkpt lat="38.832122" lon="-0.105278">
        <ele>86.064474</ele>
        <time>2026-02-09T21:02:12.590Z</time>
      </trkpt>
      <trkpt lat="38.831540" lon="-0.104196">
        <ele>85.705358</ele>
        <time>2026-02-09T21:02:26.090Z</time>
      </trkpt>
      <trkpt lat="38.830576" lon="-0.102400">
        <ele>85.356611</ele>
        <time>2026-02-09T21:02:48.528Z</time>
      </trkpt>
      <trkpt lat="38.830236" lon="-0.101754">
        <ele>86.121046</ele>
        <time>2026-02-09T21:02:58.825Z</time>
      </trkpt>
      <trkpt lat="38.830048" lon="-0.101340">
        <ele>86.590918</ele>
        <time>2026-02-09T21:03:06.242Z</time>
      </trkpt>
      <trkpt lat="38.829858" lon="-0.100592">
        <ele>87.494808</ele>
        <time>2026-02-09T21:03:21.372Z</time>
      </trkpt>
      <trkpt lat="38.829738" lon="-0.100407">
        <ele>88.400363</ele>
        <time>2026-02-09T21:03:26.559Z</time>
      </trkpt>
      <trkpt lat="38.829595" lon="-0.100325">
        <ele>89.156630</ele>
        <time>2026-02-09T21:03:31.113Z</time>
      </trkpt>
      <trkpt lat="38.829521" lon="-0.100312">
        <ele>89.517285</ele>
        <time>2026-02-09T21:03:33.364Z</time>
      </trkpt>
      <trkpt lat="38.828242" lon="-0.100308">
        <ele>95.693211</ele>
        <time>2026-02-09T21:04:18.222Z</time>
      </trkpt>
      <trkpt lat="38.827639" lon="-0.100311">
        <ele>99.382314</ele>
        <time>2026-02-09T21:04:46.139Z</time>
      </trkpt>
      <trkpt lat="38.827414" lon="-0.100238">
        <ele>100.837457</ele>
        <time>2026-02-09T21:04:56.251Z</time>
      </trkpt>
      <trkpt lat="38.827153" lon="-0.099992">
        <ele>102.867741</ele>
        <time>2026-02-09T21:05:09.253Z</time>
      </trkpt>
      <trkpt lat="38.826991" lon="-0.099724">
        <ele>104.524696</ele>
        <time>2026-02-09T21:05:19.337Z</time>
      </trkpt>
      <trkpt lat="38.826904" lon="-0.099386">
        <ele>106.263506</ele>
        <time>2026-02-09T21:05:29.889Z</time>
      </trkpt>
      <trkpt lat="38.826867" lon="-0.099147">
        <ele>107.395321</ele>
        <time>2026-02-09T21:05:37.103Z</time>
      </trkpt>
      <trkpt lat="38.826859" lon="-0.098913">
        <ele>108.157905</ele>
        <time>2026-02-09T21:05:43.877Z</time>
      </trkpt>
      <trkpt lat="38.826909" lon="-0.098335">
        <ele>110.051307</ele>
        <time>2026-02-09T21:05:58.224Z</time>
      </trkpt>
      <trkpt lat="38.826732" lon="-0.096784">
        <ele>114.867322</ele>
        <time>2026-02-09T21:06:33.887Z</time>
      </trkpt>
      <trkpt lat="38.826720" lon="-0.096447">
        <ele>115.087163</ele>
        <time>2026-02-09T21:06:43.006Z</time>
      </trkpt>
      <trkpt lat="38.826744" lon="-0.095983">
        <ele>115.390203</ele>
        <time>2026-02-09T21:06:53.640Z</time>
      </trkpt>
      <trkpt lat="38.826721" lon="-0.095514">
        <ele>115.696441</ele>
        <time>2026-02-09T21:07:00.503Z</time>
      </trkpt>
      <trkpt lat="38.826680" lon="-0.095223">
        <ele>115.889153</ele>
        <time>2026-02-09T21:07:03.475Z</time>
      </trkpt>
      <trkpt lat="38.826616" lon="-0.094811">
        <ele>116.162926</ele>
        <time>2026-02-09T21:07:07.033Z</time>
      </trkpt>
      <trkpt lat="38.826509" lon="-0.094418">
        <ele>116.108857</ele>
        <time>2026-02-09T21:07:10.362Z</time>
      </trkpt>
      <trkpt lat="38.826404" lon="-0.094276">
        <ele>115.927369</ele>
        <time>2026-02-09T21:07:11.888Z</time>
      </trkpt>
      <trkpt lat="38.826268" lon="-0.094240">
        <ele>115.762136</ele>
        <time>2026-02-09T21:07:13.280Z</time>
      </trkpt>
      <trkpt lat="38.825814" lon="-0.094297">
        <ele>115.219336</ele>
        <time>2026-02-09T21:07:17.743Z</time>
      </trkpt>
      <trkpt lat="38.825584" lon="-0.094423">
        <ele>114.921773</ele>
        <time>2026-02-09T21:07:20.328Z</time>
      </trkpt>
      <trkpt lat="38.825457" lon="-0.094602">
        <ele>114.697336</ele>
        <time>2026-02-09T21:07:22.495Z</time>
      </trkpt>
      <trkpt lat="38.825226" lon="-0.095064">
        <ele>114.188437</ele>
        <time>2026-02-09T21:07:30.515Z</time>
      </trkpt>
      <trkpt lat="38.825142" lon="-0.095141">
        <ele>114.707943</ele>
        <time>2026-02-09T21:07:33.538Z</time>
      </trkpt>
      <trkpt lat="38.825089" lon="-0.095178">
        <ele>115.126364</ele>
        <time>2026-02-09T21:07:35.582Z</time>
      </trkpt>
      <trkpt lat="38.824865" lon="-0.095206">
        <ele>116.687236</ele>
        <time>2026-02-09T21:07:44.276Z</time>
      </trkpt>
      <trkpt lat="38.824662" lon="-0.095222">
        <ele>118.097768</ele>
        <time>2026-02-09T21:07:53.772Z</time>
      </trkpt>
      <trkpt lat="38.824421" lon="-0.095238">
        <ele>119.771426</ele>
        <time>2026-02-09T21:08:06.433Z</time>
      </trkpt>
      <trkpt lat="38.823384" lon="-0.095310">
        <ele>126.861168</ele>
        <time>2026-02-09T21:08:58.861Z</time>
      </trkpt>
      <trkpt lat="38.822753" lon="-0.095342">
        <ele>129.788367</ele>
        <time>2026-02-09T21:09:21.671Z</time>
      </trkpt>
      <trkpt lat="38.822666" lon="-0.095327">
        <ele>130.195265</ele>
        <time>2026-02-09T21:09:24.112Z</time>
      </trkpt>
      <trkpt lat="38.822571" lon="-0.095267">
        <ele>130.686049</ele>
        <time>2026-02-09T21:09:26.554Z</time>
      </trkpt>
      <trkpt lat="38.822519" lon="-0.095115">
        <ele>131.285567</ele>
        <time>2026-02-09T21:09:29.821Z</time>
      </trkpt>
      <trkpt lat="38.822533" lon="-0.094852">
        <ele>132.237573</ele>
        <time>2026-02-09T21:09:34.740Z</time>
      </trkpt>
      <trkpt lat="38.822625" lon="-0.094661">
        <ele>133.048529</ele>
        <time>2026-02-09T21:09:39.294Z</time>
      </trkpt>
      <trkpt lat="38.822811" lon="-0.094435">
        <ele>134.235745</ele>
        <time>2026-02-09T21:09:46.511Z</time>
      </trkpt>
      <trkpt lat="38.823215" lon="-0.093915">
        <ele>136.743891</ele>
        <time>2026-02-09T21:10:06.162Z</time>
      </trkpt>
      <trkpt lat="38.823478" lon="-0.093464">
        <ele>138.625542</ele>
        <time>2026-02-09T21:10:23.873Z</time>
      </trkpt>
      <trkpt lat="38.824088" lon="-0.091882">
        <ele>143.908309</ele>
        <time>2026-02-09T21:11:04.333Z</time>
      </trkpt>
      <trkpt lat="38.824225" lon="-0.091709">
        <ele>144.457549</ele>
        <time>2026-02-09T21:11:07.689Z</time>
      </trkpt>
      <trkpt lat="38.824710" lon="-0.091413">
        <ele>145.992329</ele>
        <time>2026-02-09T21:11:18.386Z</time>
      </trkpt>
      <trkpt lat="38.824938" lon="-0.091217">
        <ele>146.776561</ele>
        <time>2026-02-09T21:11:24.840Z</time>
      </trkpt>
      <trkpt lat="38.825062" lon="-0.091042">
        <ele>147.303248</ele>
        <time>2026-02-09T21:11:29.462Z</time>
      </trkpt>
      <trkpt lat="38.825174" lon="-0.090627">
        <ele>148.593751</ele>
        <time>2026-02-09T21:11:40.345Z</time>
      </trkpt>
      <trkpt lat="38.825442" lon="-0.090134">
        <ele>150.845447</ele>
        <time>2026-02-09T21:12:01.009Z</time>
      </trkpt>
      <trkpt lat="38.825621" lon="-0.089692">
        <ele>152.711327</ele>
        <time>2026-02-09T21:12:17.223Z</time>
      </trkpt>
      <trkpt lat="38.825673" lon="-0.089396">
        <ele>153.847863</ele>
        <time>2026-02-09T21:12:25.237Z</time>
      </trkpt>
      <trkpt lat="38.825764" lon="-0.088500">
        <ele>157.234194</ele>
        <time>2026-02-09T21:12:44.558Z</time>
      </trkpt>
      <trkpt lat="38.825837" lon="-0.088337">
        <ele>157.940157</ele>
        <time>2026-02-09T21:12:47.996Z</time>
      </trkpt>
      <trkpt lat="38.826040" lon="-0.088154">
        <ele>159.135746</ele>
        <time>2026-02-09T21:12:53.951Z</time>
      </trkpt>
      <trkpt lat="38.826115" lon="-0.087996">
        <ele>159.830460</ele>
        <time>2026-02-09T21:12:57.941Z</time>
      </trkpt>
      <trkpt lat="38.826108" lon="-0.087481">
        <ele>161.764489</ele>
        <time>2026-02-09T21:13:10.912Z</time>
      </trkpt>
      <trkpt lat="38.826081" lon="-0.087142">
        <ele>163.044009</ele>
        <time>2026-02-09T21:13:21.133Z</time>
      </trkpt>
      <trkpt lat="38.825903" lon="-0.086600">
        <ele>165.226047</ele>
        <time>2026-02-09T21:13:42.025Z</time>
      </trkpt>
      <trkpt lat="38.825696" lon="-0.085976">
        <ele>167.175398</ele>
        <time>2026-02-09T21:14:05.770Z</time>
      </trkpt>
      <trkpt lat="38.825624" lon="-0.085585">
        <ele>168.330193</ele>
        <time>2026-02-09T21:14:16.867Z</time>
      </trkpt>
      <trkpt lat="38.825515" lon="-0.085261">
        <ele>169.344567</ele>
        <time>2026-02-09T21:14:24.323Z</time>
      </trkpt>
      <trkpt lat="38.825500" lon="-0.085143">
        <ele>169.688214</ele>
        <time>2026-02-09T21:14:26.380Z</time>
      </trkpt>
      <trkpt lat="38.825579" lon="-0.083524">
        <ele>175.534229</ele>
        <time>2026-02-09T21:14:44.488Z</time>
      </trkpt>
      <trkpt lat="38.825569" lon="-0.083401">
        <ele>176.053027</ele>
        <time>2026-02-09T21:14:47.168Z</time>
      </trkpt>
      <trkpt lat="38.825519" lon="-0.083260">
        <ele>176.702929</ele>
        <time>2026-02-09T21:14:51.222Z</time>
      </trkpt>
      <trkpt lat="38.825438" lon="-0.083154">
        <ele>177.325813</ele>
        <time>2026-02-09T21:14:55.722Z</time>
      </trkpt>
      <trkpt lat="38.825350" lon="-0.083135">
        <ele>177.806334</ele>
        <time>2026-02-09T21:14:59.570Z</time>
      </trkpt>
      <trkpt lat="38.825060" lon="-0.083172">
        <ele>179.375627</ele>
        <time>2026-02-09T21:15:14.263Z</time>
      </trkpt>
      <trkpt lat="38.824680" lon="-0.083350">
        <ele>181.612390</ele>
        <time>2026-02-09T21:15:38.919Z</time>
      </trkpt>
      <trkpt lat="38.824504" lon="-0.083358">
        <ele>183.156922</ele>
        <time>2026-02-09T21:15:50.686Z</time>
      </trkpt>
      <trkpt lat="38.824412" lon="-0.083331">
        <ele>183.984607</ele>
        <time>2026-02-09T21:15:57.095Z</time>
      </trkpt>
      <trkpt lat="38.824295" lon="-0.083237">
        <ele>185.195157</ele>
        <time>2026-02-09T21:16:06.469Z</time>
      </trkpt>
      <trkpt lat="38.824122" lon="-0.082994">
        <ele>187.444331</ele>
        <time>2026-02-09T21:16:23.187Z</time>
      </trkpt>
      <trkpt lat="38.823950" lon="-0.082710">
        <ele>189.902175</ele>
        <time>2026-02-09T21:16:39.460Z</time>
      </trkpt>
      <trkpt lat="38.823916" lon="-0.082605">
        <ele>190.679109</ele>
        <time>2026-02-09T21:16:44.014Z</time>
      </trkpt>
      <trkpt lat="38.823910" lon="-0.082445">
        <ele>191.773607</ele>
        <time>2026-02-09T21:16:49.990Z</time>
      </trkpt>
      <trkpt lat="38.824027" lon="-0.081973">
        <ele>195.157945</ele>
        <time>2026-02-09T21:17:05.240Z</time>
      </trkpt>
      <trkpt lat="38.824058" lon="-0.081686">
        <ele>197.137683</ele>
        <time>2026-02-09T21:17:12.303Z</time>
      </trkpt>
      <trkpt lat="38.824074" lon="-0.081074">
        <ele>198.376115</ele>
        <time>2026-02-09T21:17:24.773Z</time>
      </trkpt>
      <trkpt lat="38.824003" lon="-0.080062">
        <ele>200.314341</ele>
        <time>2026-02-09T21:17:42.846Z</time>
      </trkpt>
      <trkpt lat="38.823776" lon="-0.079290">
        <ele>201.514160</ele>
        <time>2026-02-09T21:17:57.136Z</time>
      </trkpt>
      <trkpt lat="38.823764" lon="-0.079184">
        <ele>201.411627</ele>
        <time>2026-02-09T21:17:58.939Z</time>
      </trkpt>
      <trkpt lat="38.823797" lon="-0.079011">
        <ele>201.241133</ele>
        <time>2026-02-09T21:18:01.745Z</time>
      </trkpt>
      <trkpt lat="38.824069" lon="-0.078418">
        <ele>200.582415</ele>
        <time>2026-02-09T21:18:10.843Z</time>
      </trkpt>
      <trkpt lat="38.824107" lon="-0.078157">
        <ele>200.328252</ele>
        <time>2026-02-09T21:18:13.543Z</time>
      </trkpt>
      <trkpt lat="38.824072" lon="-0.077977">
        <ele>200.150664</ele>
        <time>2026-02-09T21:18:15.206Z</time>
      </trkpt>
      <trkpt lat="38.823660" lon="-0.077054">
        <ele>197.906182</ele>
        <time>2026-02-09T21:18:23.264Z</time>
      </trkpt>
      <trkpt lat="38.823596" lon="-0.076854">
        <ele>196.844253</ele>
        <time>2026-02-09T21:18:24.806Z</time>
      </trkpt>
      <trkpt lat="38.823573" lon="-0.076614">
        <ele>195.656612</ele>
        <time>2026-02-09T21:18:26.513Z</time>
      </trkpt>
      <trkpt lat="38.823599" lon="-0.075893">
        <ele>192.111640</ele>
        <time>2026-02-09T21:18:31.531Z</time>
      </trkpt>
      <trkpt lat="38.823637" lon="-0.075499">
        <ele>190.161744</ele>
        <time>2026-02-09T21:18:34.273Z</time>
      </trkpt>
      <trkpt lat="38.823784" lon="-0.074926">
        <ele>187.423001</ele>
        <time>2026-02-09T21:18:38.512Z</time>
      </trkpt>
      <trkpt lat="38.823805" lon="-0.074732">
        <ele>186.702963</ele>
        <time>2026-02-09T21:18:39.915Z</time>
      </trkpt>
      <trkpt lat="38.823765" lon="-0.074578">
        <ele>186.106190</ele>
        <time>2026-02-09T21:18:41.092Z</time>
      </trkpt>
      <trkpt lat="38.823677" lon="-0.074464">
        <ele>185.516221</ele>
        <time>2026-02-09T21:18:42.274Z</time>
      </trkpt>
      <trkpt lat="38.823615" lon="-0.074425">
        <ele>185.190420</ele>
        <time>2026-02-09T21:18:42.930Z</time>
      </trkpt>
      <trkpt lat="38.823472" lon="-0.074375">
        <ele>184.491061</ele>
        <time>2026-02-09T21:18:44.330Z</time>
      </trkpt>
      <trkpt lat="38.823330" lon="-0.074386">
        <ele>183.819789</ele>
        <time>2026-02-09T21:18:45.674Z</time>
      </trkpt>
      <trkpt lat="38.822562" lon="-0.074667">
        <ele>180.051480</ele>
        <time>2026-02-09T21:18:53.443Z</time>
      </trkpt>
      <trkpt lat="38.822460" lon="-0.074677">
        <ele>179.574753</ele>
        <time>2026-02-09T21:18:54.479Z</time>
      </trkpt>
      <trkpt lat="38.821955" lon="-0.074626">
        <ele>177.602414</ele>
        <time>2026-02-09T21:18:59.874Z</time>
      </trkpt>
      <trkpt lat="38.821584" lon="-0.074701">
        <ele>176.140085</ele>
        <time>2026-02-09T21:19:03.724Z</time>
      </trkpt>
      <trkpt lat="38.821373" lon="-0.074677">
        <ele>175.315318</ele>
        <time>2026-02-09T21:19:05.781Z</time>
      </trkpt>
      <trkpt lat="38.821050" lon="-0.074536">
        <ele>173.986943</ele>
        <time>2026-02-09T21:19:08.995Z</time>
      </trkpt>
      <trkpt lat="38.820954" lon="-0.074469">
        <ele>173.561474</ele>
        <time>2026-02-09T21:19:10.016Z</time>
      </trkpt>
      <trkpt lat="38.820884" lon="-0.074390">
        <ele>173.198547</ele>
        <time>2026-02-09T21:19:10.886Z</time>
      </trkpt>
      <trkpt lat="38.820603" lon="-0.073587">
        <ele>171.426183</ele>
        <time>2026-02-09T21:19:17.396Z</time>
      </trkpt>
      <trkpt lat="38.820540" lon="-0.073488">
        <ele>171.206505</ele>
        <time>2026-02-09T21:19:18.359Z</time>
      </trkpt>
      <trkpt lat="38.820448" lon="-0.073413">
        <ele>170.966097</ele>
        <time>2026-02-09T21:19:19.412Z</time>
      </trkpt>
      <trkpt lat="38.820329" lon="-0.073367">
        <ele>170.691959</ele>
        <time>2026-02-09T21:19:20.629Z</time>
      </trkpt>
      <trkpt lat="38.820212" lon="-0.073366">
        <ele>170.433874</ele>
        <time>2026-02-09T21:19:21.779Z</time>
      </trkpt>
      <trkpt lat="38.819829" lon="-0.073484">
        <ele>169.565051</ele>
        <time>2026-02-09T21:19:26.218Z</time>
      </trkpt>
      <trkpt lat="38.819637" lon="-0.073446">
        <ele>169.136530</ele>
        <time>2026-02-09T21:19:29.626Z</time>
      </trkpt>
      <trkpt lat="38.819554" lon="-0.073395">
        <ele>168.933549</ele>
        <time>2026-02-09T21:19:31.665Z</time>
      </trkpt>
      <trkpt lat="38.819414" lon="-0.073223">
        <ele>168.650133</ele>
        <time>2026-02-09T21:19:36.481Z</time>
      </trkpt>
      <trkpt lat="38.818995" lon="-0.072406">
        <ele>168.887070</ele>
        <time>2026-02-09T21:19:56.785Z</time>
      </trkpt>
      <trkpt lat="38.818942" lon="-0.072171">
        <ele>168.946334</ele>
        <time>2026-02-09T21:20:01.322Z</time>
      </trkpt>
      <trkpt lat="38.819004" lon="-0.071391">
        <ele>169.136263</ele>
        <time>2026-02-09T21:20:10.116Z</time>
      </trkpt>
      <trkpt lat="38.818991" lon="-0.071217">
        <ele>169.178606</ele>
        <time>2026-02-09T21:20:11.531Z</time>
      </trkpt>
      <trkpt lat="38.818887" lon="-0.070684">
        <ele>166.336514</ele>
        <time>2026-02-09T21:20:15.574Z</time>
      </trkpt>
      <trkpt lat="38.818818" lon="-0.069582">
        <ele>159.972895</ele>
        <time>2026-02-09T21:20:23.119Z</time>
      </trkpt>
      <trkpt lat="38.818752" lon="-0.069100">
        <ele>157.155954</ele>
        <time>2026-02-09T21:20:26.399Z</time>
      </trkpt>
      <trkpt lat="38.818701" lon="-0.068918">
        <ele>156.042656</ele>
        <time>2026-02-09T21:20:27.706Z</time>
      </trkpt>
      <trkpt lat="38.818437" lon="-0.068417">
        <ele>152.575939</ele>
        <time>2026-02-09T21:20:31.824Z</time>
      </trkpt>
      <trkpt lat="38.818145" lon="-0.068058">
        <ele>149.601797</ele>
        <time>2026-02-09T21:20:35.419Z</time>
      </trkpt>
      <trkpt lat="38.817566" lon="-0.067543">
        <ele>144.420360</ele>
        <time>2026-02-09T21:20:41.893Z</time>
      </trkpt>
      <trkpt lat="38.816847" lon="-0.067030">
        <ele>137.814770</ele>
        <time>2026-02-09T21:20:49.307Z</time>
      </trkpt>
      <trkpt lat="38.815990" lon="-0.066179">
        <ele>128.817448</ele>
        <time>2026-02-09T21:20:58.704Z</time>
      </trkpt>
      <trkpt lat="38.815735" lon="-0.066017">
        <ele>126.764375</ele>
        <time>2026-02-09T21:21:01.166Z</time>
      </trkpt>
      <trkpt lat="38.815210" lon="-0.065770">
        <ele>123.240467</ele>
        <time>2026-02-09T21:21:06.105Z</time>
      </trkpt>
      <trkpt lat="38.814944" lon="-0.065656">
        <ele>121.473111</ele>
        <time>2026-02-09T21:21:08.667Z</time>
      </trkpt>
      <trkpt lat="38.814076" lon="-0.065410">
        <ele>116.174426</ele>
        <time>2026-02-09T21:21:17.202Z</time>
      </trkpt>
      <trkpt lat="38.813189" lon="-0.065275">
        <ele>113.750728</ele>
        <time>2026-02-09T21:21:26.045Z</time>
      </trkpt>
      <trkpt lat="38.812836" lon="-0.065280">
        <ele>112.792821</ele>
        <time>2026-02-09T21:21:29.729Z</time>
      </trkpt>
      <trkpt lat="38.812626" lon="-0.065374">
        <ele>112.189331</ele>
        <time>2026-02-09T21:21:32.192Z</time>
      </trkpt>
      <trkpt lat="38.812447" lon="-0.065491">
        <ele>111.644256</ele>
        <time>2026-02-09T21:21:34.706Z</time>
      </trkpt>
      <trkpt lat="38.811959" lon="-0.065811">
        <ele>112.196210</ele>
        <time>2026-02-09T21:21:43.281Z</time>
      </trkpt>
      <trkpt lat="38.811643" lon="-0.066041">
        <ele>112.681844</ele>
        <time>2026-02-09T21:21:51.911Z</time>
      </trkpt>
      <trkpt lat="38.811421" lon="-0.066304">
        <ele>113.085725</ele>
        <time>2026-02-09T21:22:00.343Z</time>
      </trkpt>
      <trkpt lat="38.811039" lon="-0.066751">
        <ele>113.776785</ele>
        <time>2026-02-09T21:22:13.049Z</time>
      </trkpt>
      <trkpt lat="38.810876" lon="-0.066886">
        <ele>113.887843</ele>
        <time>2026-02-09T21:22:16.999Z</time>
      </trkpt>
      <trkpt lat="38.810784" lon="-0.066914">
        <ele>113.841452</ele>
        <time>2026-02-09T21:22:18.628Z</time>
      </trkpt>
      <trkpt lat="38.810407" lon="-0.066875">
        <ele>113.655880</ele>
        <time>2026-02-09T21:22:24.564Z</time>
      </trkpt>
      <trkpt lat="38.810130" lon="-0.066835">
        <ele>113.519115</ele>
        <time>2026-02-09T21:22:28.227Z</time>
      </trkpt>
      <trkpt lat="38.809712" lon="-0.066795">
        <ele>113.313457</ele>
        <time>2026-02-09T21:22:33.323Z</time>
      </trkpt>
      <trkpt lat="38.809103" lon="-0.067060">
        <ele>112.815292</ele>
        <time>2026-02-09T21:22:40.617Z</time>
      </trkpt>
      <trkpt lat="38.808722" lon="-0.067197">
        <ele>111.870167</ele>
        <time>2026-02-09T21:22:44.996Z</time>
      </trkpt>
      <trkpt lat="38.808564" lon="-0.067223">
        <ele>111.489670</ele>
        <time>2026-02-09T21:22:46.719Z</time>
      </trkpt>
      <trkpt lat="38.807840" lon="-0.067343">
        <ele>109.745924</ele>
        <time>2026-02-09T21:22:54.317Z</time>
      </trkpt>
      <trkpt lat="38.807142" lon="-0.067505">
        <ele>108.453887</ele>
        <time>2026-02-09T21:23:01.646Z</time>
      </trkpt>
      <trkpt lat="38.806578" lon="-0.067772">
        <ele>107.846441</ele>
        <time>2026-02-09T21:23:08.216Z</time>
      </trkpt>
      <trkpt lat="38.805017" lon="-0.068589">
        <ele>108.223519</ele>
        <time>2026-02-09T21:23:35.555Z</time>
      </trkpt>
      <trkpt lat="38.803352" lon="-0.069476">
        <ele>111.499083</ele>
        <time>2026-02-09T21:24:21.518Z</time>
      </trkpt>
      <trkpt lat="38.802984" lon="-0.069667">
        <ele>112.303260</ele>
        <time>2026-02-09T21:24:31.045Z</time>
      </trkpt>
      <trkpt lat="38.802747" lon="-0.069795">
        <ele>112.824174</ele>
        <time>2026-02-09T21:24:36.750Z</time>
      </trkpt>
      <trkpt lat="38.802458" lon="-0.069925">
        <ele>113.444569</ele>
        <time>2026-02-09T21:24:42.832Z</time>
      </trkpt>
      <trkpt lat="38.801911" lon="-0.070213">
        <ele>113.667403</ele>
        <time>2026-02-09T21:24:52.588Z</time>
      </trkpt>
      <trkpt lat="38.801721" lon="-0.070313">
        <ele>113.710827</ele>
        <time>2026-02-09T21:24:55.534Z</time>
      </trkpt>
      <trkpt lat="38.801133" lon="-0.070597">
        <ele>113.843676</ele>
        <time>2026-02-09T21:25:04.380Z</time>
      </trkpt>
      <trkpt lat="38.800961" lon="-0.070627">
        <ele>113.880380</ele>
        <time>2026-02-09T21:25:06.844Z</time>
      </trkpt>
      <trkpt lat="38.800652" lon="-0.070628">
        <ele>113.955057</ele>
        <time>2026-02-09T21:25:11.307Z</time>
      </trkpt>
      <trkpt lat="38.797048" lon="-0.070285">
        <ele>114.960593</ele>
        <time>2026-02-09T21:26:11.604Z</time>
      </trkpt>
      <trkpt lat="38.795981" lon="-0.070182">
        <ele>113.263027</ele>
        <time>2026-02-09T21:26:23.807Z</time>
      </trkpt>
      <trkpt lat="38.794307" lon="-0.070035">
        <ele>111.176810</ele>
        <time>2026-02-09T21:26:41.730Z</time>
      </trkpt>
      <trkpt lat="38.793927" lon="-0.070020">
        <ele>110.788092</ele>
        <time>2026-02-09T21:26:46.610Z</time>
      </trkpt>
      <trkpt lat="38.793353" lon="-0.069959">
        <ele>110.870496</ele>
        <time>2026-02-09T21:26:57.363Z</time>
      </trkpt>
      <trkpt lat="38.792690" lon="-0.069886">
        <ele>112.695127</ele>
        <time>2026-02-09T21:27:15.736Z</time>
      </trkpt>
      <trkpt lat="38.792255" lon="-0.069666">
        <ele>113.977223</ele>
        <time>2026-02-09T21:27:29.729Z</time>
      </trkpt>
      <trkpt lat="38.791690" lon="-0.069372">
        <ele>115.520935</ele>
        <time>2026-02-09T21:27:46.572Z</time>
      </trkpt>
      <trkpt lat="38.791619" lon="-0.069546">
        <ele>115.780483</ele>
        <time>2026-02-09T21:27:50.530Z</time>
      </trkpt>
      <trkpt lat="38.790632" lon="-0.071513">
        <ele>118.895307</ele>
        <time>2026-02-09T21:28:27.050Z</time>
      </trkpt>
      <trkpt lat="38.790408" lon="-0.071874">
        <ele>119.533004</ele>
        <time>2026-02-09T21:28:34.499Z</time>
      </trkpt>
      <trkpt lat="38.790222" lon="-0.072048">
        <ele>119.941161</ele>
        <time>2026-02-09T21:28:39.502Z</time>
      </trkpt>
      <trkpt lat="38.790183" lon="-0.072087">
        <ele>120.028836</ele>
        <time>2026-02-09T21:28:40.584Z</time>
      </trkpt>
      <trkpt lat="38.789951" lon="-0.072296">
        <ele>120.531475</ele>
        <time>2026-02-09T21:28:47.031Z</time>
      </trkpt>
      <trkpt lat="38.789766" lon="-0.072568">
        <ele>121.030384</ele>
        <time>2026-02-09T21:28:53.689Z</time>
      </trkpt>
      <trkpt lat="38.789032" lon="-0.073631">
        <ele>123.319585</ele>
        <time>2026-02-09T21:29:19.618Z</time>
      </trkpt>
      <trkpt lat="38.788759" lon="-0.074051">
        <ele>124.246672</ele>
        <time>2026-02-09T21:29:29.543Z</time>
      </trkpt>
      <trkpt lat="38.787963" lon="-0.075284">
        <ele>127.247790</ele>
        <time>2026-02-09T21:29:59.017Z</time>
      </trkpt>
      <trkpt lat="38.787930" lon="-0.075327">
        <ele>127.369706</ele>
        <time>2026-02-09T21:30:00.189Z</time>
      </trkpt>
      <trkpt lat="38.786632" lon="-0.077165">
        <ele>133.997802</ele>
        <time>2026-02-09T21:30:50.883Z</time>
      </trkpt>
      <trkpt lat="38.785693" lon="-0.078374">
        <ele>142.700037</ele>
        <time>2026-02-09T21:31:40.895Z</time>
      </trkpt>
      <trkpt lat="38.785539" lon="-0.078703">
        <ele>146.103120</ele>
        <time>2026-02-09T21:31:56.454Z</time>
      </trkpt>
      <trkpt lat="38.785247" lon="-0.079598">
        <ele>154.706889</ele>
        <time>2026-02-09T21:32:47.151Z</time>
      </trkpt>
      <trkpt lat="38.785175" lon="-0.080027">
        <ele>158.598654</ele>
        <time>2026-02-09T21:33:16.208Z</time>
      </trkpt>
      <trkpt lat="38.785151" lon="-0.080259">
        <ele>160.827438</ele>
        <time>2026-02-09T21:33:31.827Z</time>
      </trkpt>
      <trkpt lat="38.785113" lon="-0.081161">
        <ele>169.430023</ele>
        <time>2026-02-09T21:34:23.700Z</time>
      </trkpt>
      <trkpt lat="38.785124" lon="-0.081330">
        <ele>171.045068</ele>
        <time>2026-02-09T21:34:32.348Z</time>
      </trkpt>
      <trkpt lat="38.785160" lon="-0.081510">
        <ele>172.814792</ele>
        <time>2026-02-09T21:34:41.468Z</time>
      </trkpt>
      <trkpt lat="38.785246" lon="-0.081684">
        <ele>174.776877</ele>
        <time>2026-02-09T21:34:51.143Z</time>
      </trkpt>
      <trkpt lat="38.785513" lon="-0.082033">
        <ele>179.433826</ele>
        <time>2026-02-09T21:35:11.109Z</time>
      </trkpt>
      <trkpt lat="38.785822" lon="-0.082383">
        <ele>182.114900</ele>
        <time>2026-02-09T21:35:28.092Z</time>
      </trkpt>
      <trkpt lat="38.785896" lon="-0.082564">
        <ele>182.886405</ele>
        <time>2026-02-09T21:35:33.351Z</time>
      </trkpt>
      <trkpt lat="38.786039" lon="-0.084405">
        <ele>189.730630</ele>
        <time>2026-02-09T21:36:18.760Z</time>
      </trkpt>
      <trkpt lat="38.785986" lon="-0.085133">
        <ele>191.839714</ele>
        <time>2026-02-09T21:36:31.002Z</time>
      </trkpt>
      <trkpt lat="38.785795" lon="-0.085738">
        <ele>193.722563</ele>
        <time>2026-02-09T21:36:40.815Z</time>
      </trkpt>
      <trkpt lat="38.785621" lon="-0.086122">
        <ele>195.003784</ele>
        <time>2026-02-09T21:36:51.980Z</time>
      </trkpt>
      <trkpt lat="38.785551" lon="-0.086286">
        <ele>195.543130</ele>
        <time>2026-02-09T21:36:57.772Z</time>
      </trkpt>
      <trkpt lat="38.785480" lon="-0.086562">
        <ele>196.990082</ele>
        <time>2026-02-09T21:37:08.145Z</time>
      </trkpt>
      <trkpt lat="38.785491" lon="-0.086796">
        <ele>198.587051</ele>
        <time>2026-02-09T21:37:17.587Z</time>
      </trkpt>
      <trkpt lat="38.785467" lon="-0.086853">
        <ele>199.028378</ele>
        <time>2026-02-09T21:37:20.451Z</time>
      </trkpt>
      <trkpt lat="38.785340" lon="-0.086908">
        <ele>200.199808</ele>
        <time>2026-02-09T21:37:28.169Z</time>
      </trkpt>
      <trkpt lat="38.785298" lon="-0.086883">
        <ele>200.604446</ele>
        <time>2026-02-09T21:37:31.145Z</time>
      </trkpt>
      <trkpt lat="38.785229" lon="-0.086733">
        <ele>201.790951</ele>
        <time>2026-02-09T21:37:39.295Z</time>
      </trkpt>
      <trkpt lat="38.785204" lon="-0.086602">
        <ele>202.709718</ele>
        <time>2026-02-09T21:37:45.418Z</time>
      </trkpt>
      <trkpt lat="38.785225" lon="-0.086279">
        <ele>204.917734</ele>
        <time>2026-02-09T21:38:00.166Z</time>
      </trkpt>
      <trkpt lat="38.785352" lon="-0.085907">
        <ele>207.684304</ele>
        <time>2026-02-09T21:38:18.593Z</time>
      </trkpt>
      <trkpt lat="38.785298" lon="-0.085835">
        <ele>208.364956</ele>
        <time>2026-02-09T21:38:23.127Z</time>
      </trkpt>
      <trkpt lat="38.785254" lon="-0.085864">
        <ele>208.797267</ele>
        <time>2026-02-09T21:38:26.087Z</time>
      </trkpt>
      <trkpt lat="38.784836" lon="-0.086840">
        <ele>214.753327</ele>
        <time>2026-02-09T21:38:59.187Z</time>
      </trkpt>
      <trkpt lat="38.784798" lon="-0.087089">
        <ele>215.886083</ele>
        <time>2026-02-09T21:39:05.214Z</time>
      </trkpt>
      <trkpt lat="38.784864" lon="-0.087480">
        <ele>217.672146</ele>
        <time>2026-02-09T21:39:14.737Z</time>
      </trkpt>
      <trkpt lat="38.784855" lon="-0.087600">
        <ele>218.210356</ele>
        <time>2026-02-09T21:39:17.814Z</time>
      </trkpt>
      <trkpt lat="38.784819" lon="-0.087651">
        <ele>218.517525</ele>
        <time>2026-02-09T21:39:19.613Z</time>
      </trkpt>
      <trkpt lat="38.784748" lon="-0.087672">
        <ele>218.934832</ele>
        <time>2026-02-09T21:39:22.061Z</time>
      </trkpt>
      <trkpt lat="38.784711" lon="-0.087651">
        <ele>219.166556</ele>
        <time>2026-02-09T21:39:23.522Z</time>
      </trkpt>
      <trkpt lat="38.784638" lon="-0.087531">
        <ele>219.846127</ele>
        <time>2026-02-09T21:39:27.710Z</time>
      </trkpt>
      <trkpt lat="38.784508" lon="-0.087073">
        <ele>222.054641</ele>
        <time>2026-02-09T21:39:42.510Z</time>
      </trkpt>
      <trkpt lat="38.784485" lon="-0.086848">
        <ele>223.556073</ele>
        <time>2026-02-09T21:39:50.450Z</time>
      </trkpt>
      <trkpt lat="38.784529" lon="-0.086652">
        <ele>224.905590</ele>
        <time>2026-02-09T21:39:57.619Z</time>
      </trkpt>
      <trkpt lat="38.784897" lon="-0.085935">
        <ele>230.585506</ele>
        <time>2026-02-09T21:40:32.047Z</time>
      </trkpt>
      <trkpt lat="38.784908" lon="-0.085838">
        <ele>231.234047</ele>
        <time>2026-02-09T21:40:36.040Z</time>
      </trkpt>
      <trkpt lat="38.784883" lon="-0.085804">
        <ele>231.543293</ele>
        <time>2026-02-09T21:40:38.254Z</time>
      </trkpt>
      <trkpt lat="38.784827" lon="-0.085791">
        <ele>232.026335</ele>
        <time>2026-02-09T21:40:41.551Z</time>
      </trkpt>
      <trkpt lat="38.784764" lon="-0.085846">
        <ele>232.673148</ele>
        <time>2026-02-09T21:40:45.490Z</time>
      </trkpt>
      <trkpt lat="38.784603" lon="-0.086161">
        <ele>235.165369</ele>
        <time>2026-02-09T21:41:01.262Z</time>
      </trkpt>
      <trkpt lat="38.784103" lon="-0.086825">
        <ele>241.358724</ele>
        <time>2026-02-09T21:41:36.390Z</time>
      </trkpt>
      <trkpt lat="38.783608" lon="-0.088145">
        <ele>251.253770</ele>
        <time>2026-02-09T21:42:32.049Z</time>
      </trkpt>
      <trkpt lat="38.783562" lon="-0.088492">
        <ele>253.544474</ele>
        <time>2026-02-09T21:42:46.179Z</time>
      </trkpt>
      <trkpt lat="38.783513" lon="-0.088645">
        <ele>254.543706</ele>
        <time>2026-02-09T21:42:52.983Z</time>
      </trkpt>
      <trkpt lat="38.783054" lon="-0.089601">
        <ele>261.326439</ele>
        <time>2026-02-09T21:43:37.182Z</time>
      </trkpt>
      <trkpt lat="38.782796" lon="-0.089913">
        <ele>264.074175</ele>
        <time>2026-02-09T21:43:52.637Z</time>
      </trkpt>
      <trkpt lat="38.782654" lon="-0.090155">
        <ele>265.903989</ele>
        <time>2026-02-09T21:44:02.292Z</time>
      </trkpt>
      <trkpt lat="38.782597" lon="-0.090414">
        <ele>267.107276</ele>
        <time>2026-02-09T21:44:10.135Z</time>
      </trkpt>
      <trkpt lat="38.782629" lon="-0.090712">
        <ele>267.943285</ele>
        <time>2026-02-09T21:44:17.884Z</time>
      </trkpt>
      <trkpt lat="38.782611" lon="-0.090902">
        <ele>268.475210</ele>
        <time>2026-02-09T21:44:22.346Z</time>
      </trkpt>
      <trkpt lat="38.782474" lon="-0.091408">
        <ele>269.963873</ele>
        <time>2026-02-09T21:44:33.868Z</time>
      </trkpt>
      <trkpt lat="38.782196" lon="-0.092850">
        <ele>273.551987</ele>
        <time>2026-02-09T21:45:04.571Z</time>
      </trkpt>
      <trkpt lat="38.781914" lon="-0.093474">
        <ele>274.395191</ele>
        <time>2026-02-09T21:45:14.165Z</time>
      </trkpt>
      <trkpt lat="38.781558" lon="-0.094152">
        <ele>275.350841</ele>
        <time>2026-02-09T21:45:23.972Z</time>
      </trkpt>
      <trkpt lat="38.781391" lon="-0.094509">
        <ele>275.837569</ele>
        <time>2026-02-09T21:45:31.014Z</time>
      </trkpt>
      <trkpt lat="38.781283" lon="-0.094685">
        <ele>276.881951</ele>
        <time>2026-02-09T21:45:35.071Z</time>
      </trkpt>
      <trkpt lat="38.780706" lon="-0.095637">
        <ele>282.845171</ele>
        <time>2026-02-09T21:46:08.866Z</time>
      </trkpt>
      <trkpt lat="38.780511" lon="-0.095823">
        <ele>284.386653</ele>
        <time>2026-02-09T21:46:21.558Z</time>
      </trkpt>
      <trkpt lat="38.780160" lon="-0.096074">
        <ele>286.935838</ele>
        <time>2026-02-09T21:46:43.824Z</time>
      </trkpt>
      <trkpt lat="38.780094" lon="-0.096177">
        <ele>287.654901</ele>
        <time>2026-02-09T21:46:49.609Z</time>
      </trkpt>
      <trkpt lat="38.780069" lon="-0.096267">
        <ele>288.213346</ele>
        <time>2026-02-09T21:46:53.600Z</time>
      </trkpt>
      <trkpt lat="38.780024" lon="-0.096744">
        <ele>291.021737</ele>
        <time>2026-02-09T21:47:13.641Z</time>
      </trkpt>
      <trkpt lat="38.779945" lon="-0.097044">
        <ele>292.872571</ele>
        <time>2026-02-09T21:47:26.718Z</time>
      </trkpt>
      <trkpt lat="38.779831" lon="-0.097234">
        <ele>294.273968</ele>
        <time>2026-02-09T21:47:36.193Z</time>
      </trkpt>
      <trkpt lat="38.779465" lon="-0.097711">
        <ele>298.185994</ele>
        <time>2026-02-09T21:47:57.537Z</time>
      </trkpt>
      <trkpt lat="38.779388" lon="-0.097868">
        <ele>299.270164</ele>
        <time>2026-02-09T21:48:02.340Z</time>
      </trkpt>
      <trkpt lat="38.779358" lon="-0.097991">
        <ele>300.023469</ele>
        <time>2026-02-09T21:48:05.574Z</time>
      </trkpt>
      <trkpt lat="38.779333" lon="-0.098255">
        <ele>301.291006</ele>
        <time>2026-02-09T21:48:12.225Z</time>
      </trkpt>
      <trkpt lat="38.779362" lon="-0.098606">
        <ele>302.636714</ele>
        <time>2026-02-09T21:48:20.563Z</time>
      </trkpt>
      <trkpt lat="38.779447" lon="-0.098771">
        <ele>303.390733</ele>
        <time>2026-02-09T21:48:25.084Z</time>
      </trkpt>
      <trkpt lat="38.779522" lon="-0.098824">
        <ele>303.809508</ele>
        <time>2026-02-09T21:48:27.564Z</time>
      </trkpt>
      <trkpt lat="38.779601" lon="-0.098821">
        <ele>304.196039</ele>
        <time>2026-02-09T21:48:29.824Z</time>
      </trkpt>
      <trkpt lat="38.779713" lon="-0.098743">
        <ele>304.819310</ele>
        <time>2026-02-09T21:48:33.400Z</time>
      </trkpt>
      <trkpt lat="38.780102" lon="-0.098288">
        <ele>307.393913</ele>
        <time>2026-02-09T21:48:49.023Z</time>
      </trkpt>
      <trkpt lat="38.780316" lon="-0.098093">
        <ele>308.677687</ele>
        <time>2026-02-09T21:48:58.148Z</time>
      </trkpt>
      <trkpt lat="38.781120" lon="-0.097868">
        <ele>316.338824</ele>
        <time>2026-02-09T21:49:38.475Z</time>
      </trkpt>
      <trkpt lat="38.781251" lon="-0.097854">
        <ele>317.723242</ele>
        <time>2026-02-09T21:49:46.173Z</time>
      </trkpt>
      <trkpt lat="38.781320" lon="-0.097880">
        <ele>318.480623</ele>
        <time>2026-02-09T21:49:50.422Z</time>
      </trkpt>
      <trkpt lat="38.781397" lon="-0.098039">
        <ele>320.017366</ele>
        <time>2026-02-09T21:49:59.383Z</time>
      </trkpt>
      <trkpt lat="38.781400" lon="-0.098224">
        <ele>321.536510</ele>
        <time>2026-02-09T21:50:08.688Z</time>
      </trkpt>
      <trkpt lat="38.781379" lon="-0.098310">
        <ele>322.276382</ele>
        <time>2026-02-09T21:50:13.366Z</time>
      </trkpt>
      <trkpt lat="38.781227" lon="-0.098556">
        <ele>324.853477</ele>
        <time>2026-02-09T21:50:29.976Z</time>
      </trkpt>
      <trkpt lat="38.781177" lon="-0.098788">
        <ele>326.829609</ele>
        <time>2026-02-09T21:50:42.745Z</time>
      </trkpt>
      <trkpt lat="38.781188" lon="-0.099413">
        <ele>331.472375</ele>
        <time>2026-02-09T21:51:15.023Z</time>
      </trkpt>
      <trkpt lat="38.781158" lon="-0.099656">
        <ele>333.207196</ele>
        <time>2026-02-09T21:51:26.779Z</time>
      </trkpt>
      <trkpt lat="38.781156" lon="-0.099806">
        <ele>334.265045</ele>
        <time>2026-02-09T21:51:33.614Z</time>
      </trkpt>
      <trkpt lat="38.781327" lon="-0.100438">
        <ele>338.982262</ele>
        <time>2026-02-09T21:52:01.004Z</time>
      </trkpt>
      <trkpt lat="38.781389" lon="-0.100812">
        <ele>341.678412</ele>
        <time>2026-02-09T21:52:14.015Z</time>
      </trkpt>
      <trkpt lat="38.781352" lon="-0.101021">
        <ele>343.189654</ele>
        <time>2026-02-09T21:52:20.412Z</time>
      </trkpt>
      <trkpt lat="38.781163" lon="-0.101313">
        <ele>345.268855</ele>
        <time>2026-02-09T21:52:30.337Z</time>
      </trkpt>
      <trkpt lat="38.781113" lon="-0.101376">
        <ele>345.560121</ele>
        <time>2026-02-09T21:52:32.634Z</time>
      </trkpt>
      <trkpt lat="38.780814" lon="-0.101738">
        <ele>347.268775</ele>
        <time>2026-02-09T21:52:45.196Z</time>
      </trkpt>
      <trkpt lat="38.780215" lon="-0.102450">
        <ele>350.662573</ele>
        <time>2026-02-09T21:53:08.647Z</time>
      </trkpt>
      <trkpt lat="38.780070" lon="-0.102477">
        <ele>351.271495</ele>
        <time>2026-02-09T21:53:12.907Z</time>
      </trkpt>
      <trkpt lat="38.780046" lon="-0.102589">
        <ele>351.647806</ele>
        <time>2026-02-09T21:53:15.616Z</time>
      </trkpt>
      <trkpt lat="38.779648" lon="-0.103338">
        <ele>355.170761</ele>
        <time>2026-02-09T21:53:38.777Z</time>
      </trkpt>
      <trkpt lat="38.779598" lon="-0.103384">
        <ele>355.490318</ele>
        <time>2026-02-09T21:53:41.132Z</time>
      </trkpt>
      <trkpt lat="38.779316" lon="-0.103907">
        <ele>358.064923</ele>
        <time>2026-02-09T21:54:01.626Z</time>
      </trkpt>
      <trkpt lat="38.779150" lon="-0.104215">
        <ele>359.580923</ele>
        <time>2026-02-09T21:54:12.995Z</time>
      </trkpt>
      <trkpt lat="38.779162" lon="-0.104342">
        <ele>360.098870</ele>
        <time>2026-02-09T21:54:16.960Z</time>
      </trkpt>
      <trkpt lat="38.779348" lon="-0.104880">
        <ele>361.998599</ele>
        <time>2026-02-09T21:54:33.020Z</time>
      </trkpt>
      <trkpt lat="38.779403" lon="-0.104966">
        <ele>362.208296</ele>
        <time>2026-02-09T21:54:35.671Z</time>
      </trkpt>
      <trkpt lat="38.779493" lon="-0.105043">
        <ele>362.469901</ele>
        <time>2026-02-09T21:54:38.888Z</time>
      </trkpt>
      <trkpt lat="38.779596" lon="-0.105043">
        <ele>362.718977</ele>
        <time>2026-02-09T21:54:42.071Z</time>
      </trkpt>
      <trkpt lat="38.780544" lon="-0.104372">
        <ele>365.337260</ele>
        <time>2026-02-09T21:55:02.809Z</time>
      </trkpt>
      <trkpt lat="38.780788" lon="-0.104159">
        <ele>366.297500</ele>
        <time>2026-02-09T21:55:08.721Z</time>
      </trkpt>
      <trkpt lat="38.780967" lon="-0.104007">
        <ele>367.850562</ele>
        <time>2026-02-09T21:55:13.477Z</time>
      </trkpt>
      <trkpt lat="38.781399" lon="-0.103759">
        <ele>371.274692</ele>
        <time>2026-02-09T21:55:28.201Z</time>
      </trkpt>
      <trkpt lat="38.781955" lon="-0.103550">
        <ele>375.466388</ele>
        <time>2026-02-09T21:55:54.200Z</time>
      </trkpt>
      <trkpt lat="38.782487" lon="-0.103513">
        <ele>379.524684</ele>
        <time>2026-02-09T21:56:30.780Z</time>
      </trkpt>
      <trkpt lat="38.782635" lon="-0.103566">
        <ele>381.230922</ele>
        <time>2026-02-09T21:56:41.752Z</time>
      </trkpt>
      <trkpt lat="38.782742" lon="-0.103797">
        <ele>383.556811</ele>
        <time>2026-02-09T21:56:56.568Z</time>
      </trkpt>
      <trkpt lat="38.782873" lon="-0.104702">
        <ele>391.524337</ele>
        <time>2026-02-09T21:57:41.352Z</time>
      </trkpt>
      <trkpt lat="38.782983" lon="-0.105236">
        <ele>396.305258</ele>
        <time>2026-02-09T21:58:06.042Z</time>
      </trkpt>
      <trkpt lat="38.782984" lon="-0.105375">
        <ele>397.508480</ele>
        <time>2026-02-09T21:58:11.816Z</time>
      </trkpt>
      <trkpt lat="38.782940" lon="-0.105523">
        <ele>398.879561</ele>
        <time>2026-02-09T21:58:18.229Z</time>
      </trkpt>
      <trkpt lat="38.782839" lon="-0.105667">
        <ele>399.796296</ele>
        <time>2026-02-09T21:58:25.533Z</time>
      </trkpt>
      <trkpt lat="38.782705" lon="-0.105774">
        <ele>400.738708</ele>
        <time>2026-02-09T21:58:32.441Z</time>
      </trkpt>
      <trkpt lat="38.782515" lon="-0.105807">
        <ele>401.883496</ele>
        <time>2026-02-09T21:58:40.002Z</time>
      </trkpt>
      <trkpt lat="38.782247" lon="-0.105719">
        <ele>403.535237</ele>
        <time>2026-02-09T21:58:49.762Z</time>
      </trkpt>
      <trkpt lat="38.782039" lon="-0.105719">
        <ele>404.777148</ele>
        <time>2026-02-09T21:58:56.921Z</time>
      </trkpt>
      <trkpt lat="38.781524" lon="-0.105955">
        <ele>408.042375</ele>
        <time>2026-02-09T21:59:17.233Z</time>
      </trkpt>
      <trkpt lat="38.781325" lon="-0.106090">
        <ele>409.386465</ele>
        <time>2026-02-09T21:59:25.247Z</time>
      </trkpt>
      <trkpt lat="38.780605" lon="-0.106680">
        <ele>413.587381</ele>
        <time>2026-02-09T21:59:50.783Z</time>
      </trkpt>
      <trkpt lat="38.780337" lon="-0.107020">
        <ele>415.418968</ele>
        <time>2026-02-09T22:00:03.012Z</time>
      </trkpt>
      <trkpt lat="38.780223" lon="-0.107261">
        <ele>416.486812</ele>
        <time>2026-02-09T22:00:10.747Z</time>
      </trkpt>
      <trkpt lat="38.779990" lon="-0.107898">
        <ele>419.545997</ele>
        <time>2026-02-09T22:00:32.010Z</time>
      </trkpt>
      <trkpt lat="38.779882" lon="-0.108078">
        <ele>420.851862</ele>
        <time>2026-02-09T22:00:39.435Z</time>
      </trkpt>
      <trkpt lat="38.779706" lon="-0.108190">
        <ele>422.300775</ele>
        <time>2026-02-09T22:00:47.807Z</time>
      </trkpt>
      <trkpt lat="38.778772" lon="-0.108568">
        <ele>429.523573</ele>
        <time>2026-02-09T22:01:33.236Z</time>
      </trkpt>
      <trkpt lat="38.778703" lon="-0.108589">
        <ele>430.046564</ele>
        <time>2026-02-09T22:01:36.870Z</time>
      </trkpt>
      <trkpt lat="38.778490" lon="-0.108670">
        <ele>431.679359</ele>
        <time>2026-02-09T22:01:47.765Z</time>
      </trkpt>
      <trkpt lat="38.778380" lon="-0.108781">
        <ele>432.509017</ele>
        <time>2026-02-09T22:01:54.304Z</time>
      </trkpt>
      <trkpt lat="38.778305" lon="-0.108905">
        <ele>433.234304</ele>
        <time>2026-02-09T22:01:59.814Z</time>
      </trkpt>
      <trkpt lat="38.778108" lon="-0.109449">
        <ele>436.006288</ele>
        <time>2026-02-09T22:02:20.268Z</time>
      </trkpt>
      <trkpt lat="38.778108" lon="-0.109582">
        <ele>436.620922</ele>
        <time>2026-02-09T22:02:24.666Z</time>
      </trkpt>
      <trkpt lat="38.778164" lon="-0.109730">
        <ele>437.381180</ele>
        <time>2026-02-09T22:02:29.964Z</time>
      </trkpt>
      <trkpt lat="38.778273" lon="-0.109877">
        <ele>438.318728</ele>
        <time>2026-02-09T22:02:36.464Z</time>
      </trkpt>
      <trkpt lat="38.778318" lon="-0.110008">
        <ele>438.980283</ele>
        <time>2026-02-09T22:02:40.589Z</time>
      </trkpt>
      <trkpt lat="38.778322" lon="-0.110050">
        <ele>439.175820</ele>
        <time>2026-02-09T22:02:41.815Z</time>
      </trkpt>
      <trkpt lat="38.778308" lon="-0.110142">
        <ele>439.609003</ele>
        <time>2026-02-09T22:02:44.207Z</time>
      </trkpt>
      <trkpt lat="38.778176" lon="-0.110579">
        <ele>441.774804</ele>
        <time>2026-02-09T22:02:54.486Z</time>
      </trkpt>
      <trkpt lat="38.778095" lon="-0.111062">
        <ele>443.643719</ele>
        <time>2026-02-09T22:03:03.548Z</time>
      </trkpt>
      <trkpt lat="38.778074" lon="-0.111185">
        <ele>444.087030</ele>
        <time>2026-02-09T22:03:06.207Z</time>
      </trkpt>
      <trkpt lat="38.777975" lon="-0.111410">
        <ele>444.996656</ele>
        <time>2026-02-09T22:03:12.581Z</time>
      </trkpt>
      <trkpt lat="38.777873" lon="-0.111574">
        <ele>445.735295</ele>
        <time>2026-02-09T22:03:18.879Z</time>
      </trkpt>
      <trkpt lat="38.777808" lon="-0.111631">
        <ele>446.090887</ele>
        <time>2026-02-09T22:03:22.265Z</time>
      </trkpt>
      <trkpt lat="38.777253" lon="-0.111913">
        <ele>448.786846</ele>
        <time>2026-02-09T22:03:42.809Z</time>
      </trkpt>
      <trkpt lat="38.776833" lon="-0.112343">
        <ele>451.071801</ele>
        <time>2026-02-09T22:04:00.444Z</time>
      </trkpt>
      <trkpt lat="38.776728" lon="-0.112512">
        <ele>451.692791</ele>
        <time>2026-02-09T22:04:07.133Z</time>
      </trkpt>
      <trkpt lat="38.776588" lon="-0.112842">
        <ele>452.772385</ele>
        <time>2026-02-09T22:04:18.383Z</time>
      </trkpt>
      <trkpt lat="38.776437" lon="-0.113081">
        <ele>453.656385</ele>
        <time>2026-02-09T22:04:26.165Z</time>
      </trkpt>
      <trkpt lat="38.776330" lon="-0.113350">
        <ele>454.524180</ele>
        <time>2026-02-09T22:04:32.165Z</time>
      </trkpt>
      <trkpt lat="38.776155" lon="-0.113716">
        <ele>455.757965</ele>
        <time>2026-02-09T22:04:38.166Z</time>
      </trkpt>
      <trkpt lat="38.775929" lon="-0.114059">
        <ele>457.048481</ele>
        <time>2026-02-09T22:04:46.392Z</time>
      </trkpt>
      <trkpt lat="38.775771" lon="-0.114252">
        <ele>458.034249</ele>
        <time>2026-02-09T22:04:53.144Z</time>
      </trkpt>
      <trkpt lat="38.775594" lon="-0.114380">
        <ele>458.957245</ele>
        <time>2026-02-09T22:04:59.795Z</time>
      </trkpt>
      <trkpt lat="38.775099" lon="-0.114736">
        <ele>461.535096</ele>
        <time>2026-02-09T22:05:16.944Z</time>
      </trkpt>
      <trkpt lat="38.774787" lon="-0.115175">
        <ele>463.638806</ele>
        <time>2026-02-09T22:05:32.655Z</time>
      </trkpt>
      <trkpt lat="38.774550" lon="-0.115395">
        <ele>464.967718</ele>
        <time>2026-02-09T22:05:44.069Z</time>
      </trkpt>
      <trkpt lat="38.774121" lon="-0.115660">
        <ele>468.920411</ele>
        <time>2026-02-09T22:06:04.160Z</time>
      </trkpt>
      <trkpt lat="38.773986" lon="-0.115715">
        <ele>470.173472</ele>
        <time>2026-02-09T22:06:10.666Z</time>
      </trkpt>
      <trkpt lat="38.773285" lon="-0.115883">
        <ele>476.482128</ele>
        <time>2026-02-09T22:06:47.042Z</time>
      </trkpt>
      <trkpt lat="38.772699" lon="-0.116027">
        <ele>481.679490</ele>
        <time>2026-02-09T22:07:22.715Z</time>
      </trkpt>
      <trkpt lat="38.772545" lon="-0.116094">
        <ele>482.926357</ele>
        <time>2026-02-09T22:07:32.753Z</time>
      </trkpt>
      <trkpt lat="38.772391" lon="-0.116191">
        <ele>484.241839</ele>
        <time>2026-02-09T22:07:43.244Z</time>
      </trkpt>
      <trkpt lat="38.772205" lon="-0.116356">
        <ele>485.975847</ele>
        <time>2026-02-09T22:07:55.789Z</time>
      </trkpt>
      <trkpt lat="38.772153" lon="-0.116430">
        <ele>486.571375</ele>
        <time>2026-02-09T22:07:59.746Z</time>
      </trkpt>
      <trkpt lat="38.772061" lon="-0.116672">
        <ele>488.180844</ele>
        <time>2026-02-09T22:08:10.257Z</time>
      </trkpt>
      <trkpt lat="38.771845" lon="-0.116968">
        <ele>490.604455</ele>
        <time>2026-02-09T22:08:24.989Z</time>
      </trkpt>
      <trkpt lat="38.771802" lon="-0.117079">
        <ele>491.345400</ele>
        <time>2026-02-09T22:08:28.947Z</time>
      </trkpt>
      <trkpt lat="38.771789" lon="-0.117228">
        <ele>492.241669</ele>
        <time>2026-02-09T22:08:33.425Z</time>
      </trkpt>
      <trkpt lat="38.771862" lon="-0.117682">
        <ele>494.978114</ele>
        <time>2026-02-09T22:08:44.095Z</time>
      </trkpt>
      <trkpt lat="38.771837" lon="-0.117813">
        <ele>495.376523</ele>
        <time>2026-02-09T22:08:46.735Z</time>
      </trkpt>
      <trkpt lat="38.771769" lon="-0.117971">
        <ele>495.909661</ele>
        <time>2026-02-09T22:08:49.634Z</time>
      </trkpt>
      <trkpt lat="38.771660" lon="-0.118144">
        <ele>496.566737</ele>
        <time>2026-02-09T22:08:52.771Z</time>
      </trkpt>
      <trkpt lat="38.771438" lon="-0.118398">
        <ele>497.693927</ele>
        <time>2026-02-09T22:08:58.583Z</time>
      </trkpt>
      <trkpt lat="38.771384" lon="-0.118515">
        <ele>498.095578</ele>
        <time>2026-02-09T22:09:00.696Z</time>
      </trkpt>
      <trkpt lat="38.771406" lon="-0.118663">
        <ele>498.540660</ele>
        <time>2026-02-09T22:09:03.484Z</time>
      </trkpt>
      <trkpt lat="38.771569" lon="-0.118818">
        <ele>499.309489</ele>
        <time>2026-02-09T22:09:09.701Z</time>
      </trkpt>
      <trkpt lat="38.771622" lon="-0.118902">
        <ele>499.628711</ele>
        <time>2026-02-09T22:09:12.623Z</time>
      </trkpt>
      <trkpt lat="38.771631" lon="-0.118981">
        <ele>499.864563</ele>
        <time>2026-02-09T22:09:14.850Z</time>
      </trkpt>
      <trkpt lat="38.771593" lon="-0.119071">
        <ele>500.166915</ele>
        <time>2026-02-09T22:09:17.944Z</time>
      </trkpt>
      <trkpt lat="38.771490" lon="-0.119174">
        <ele>500.661778</ele>
        <time>2026-02-09T22:09:22.710Z</time>
      </trkpt>
      <trkpt lat="38.770799" lon="-0.119494">
        <ele>504.141045</ele>
        <time>2026-02-09T22:09:52.177Z</time>
      </trkpt>
      <trkpt lat="38.770697" lon="-0.119596">
        <ele>504.833295</ele>
        <time>2026-02-09T22:09:57.542Z</time>
      </trkpt>
      <trkpt lat="38.770666" lon="-0.119695">
        <ele>505.278490</ele>
        <time>2026-02-09T22:10:01.155Z</time>
      </trkpt>
      <trkpt lat="38.770664" lon="-0.119804">
        <ele>505.733466</ele>
        <time>2026-02-09T22:10:04.463Z</time>
      </trkpt>
      <trkpt lat="38.770711" lon="-0.120041">
        <ele>506.753943</ele>
        <time>2026-02-09T22:10:12.229Z</time>
      </trkpt>
      <trkpt lat="38.770793" lon="-0.120186">
        <ele>507.501430</ele>
        <time>2026-02-09T22:10:17.599Z</time>
      </trkpt>
      <trkpt lat="38.771131" lon="-0.120597">
        <ele>509.994256</ele>
        <time>2026-02-09T22:10:34.141Z</time>
      </trkpt>
      <trkpt lat="38.771177" lon="-0.120691">
        <ele>510.457376</ele>
        <time>2026-02-09T22:10:36.945Z</time>
      </trkpt>
      <trkpt lat="38.771191" lon="-0.120783">
        <ele>510.848527</ele>
        <time>2026-02-09T22:10:39.254Z</time>
      </trkpt>
      <trkpt lat="38.771167" lon="-0.120932">
        <ele>511.445423</ele>
        <time>2026-02-09T22:10:42.520Z</time>
      </trkpt>
      <trkpt lat="38.771087" lon="-0.121141">
        <ele>512.037470</ele>
        <time>2026-02-09T22:10:47.061Z</time>
      </trkpt>
      <trkpt lat="38.770678" lon="-0.121879">
        <ele>514.339884</ele>
        <time>2026-02-09T22:11:03.450Z</time>
      </trkpt>
      <trkpt lat="38.770648" lon="-0.121981">
        <ele>514.617096</ele>
        <time>2026-02-09T22:11:05.543Z</time>
      </trkpt>
      <trkpt lat="38.770655" lon="-0.122063">
        <ele>514.826856</ele>
        <time>2026-02-09T22:11:07.211Z</time>
      </trkpt>
      <trkpt lat="38.770715" lon="-0.122178">
        <ele>515.178719</ele>
        <time>2026-02-09T22:11:10.042Z</time>
      </trkpt>
      <trkpt lat="38.770801" lon="-0.122240">
        <ele>515.500479</ele>
        <time>2026-02-09T22:11:12.731Z</time>
      </trkpt>
      <trkpt lat="38.771286" lon="-0.122334">
        <ele>517.100258</ele>
        <time>2026-02-09T22:11:27.617Z</time>
      </trkpt>
      <trkpt lat="38.771365" lon="-0.122381">
        <ele>517.436805</ele>
        <time>2026-02-09T22:11:30.448Z</time>
      </trkpt>
      <trkpt lat="38.771433" lon="-0.122471">
        <ele>517.882404</ele>
        <time>2026-02-09T22:11:33.691Z</time>
      </trkpt>
      <trkpt lat="38.771629" lon="-0.123076">
        <ele>520.211774</ele>
        <time>2026-02-09T22:11:51.539Z</time>
      </trkpt>
      <trkpt lat="38.771797" lon="-0.124012">
        <ele>523.626730</ele>
        <time>2026-02-09T22:12:17.973Z</time>
      </trkpt>
      <trkpt lat="38.771889" lon="-0.124373">
        <ele>524.977077</ele>
        <time>2026-02-09T22:12:27.627Z</time>
      </trkpt>
      <trkpt lat="38.772044" lon="-0.124770">
        <ele>526.332615</ele>
        <time>2026-02-09T22:12:38.293Z</time>
      </trkpt>
      <trkpt lat="38.772274" lon="-0.125237">
        <ele>527.898593</ele>
        <time>2026-02-09T22:12:49.637Z</time>
      </trkpt>
      <trkpt lat="38.772492" lon="-0.125554">
        <ele>529.096936</ele>
        <time>2026-02-09T22:12:57.390Z</time>
      </trkpt>
      <trkpt lat="38.772625" lon="-0.125663">
        <ele>529.670853</ele>
        <time>2026-02-09T22:13:01.430Z</time>
      </trkpt>
      <trkpt lat="38.772651" lon="-0.125869">
        <ele>530.262460</ele>
        <time>2026-02-09T22:13:05.889Z</time>
      </trkpt>
      <trkpt lat="38.772661" lon="-0.125946">
        <ele>530.483760</ele>
        <time>2026-02-09T22:13:07.488Z</time>
      </trkpt>
      <trkpt lat="38.772677" lon="-0.126131">
        <ele>531.011447</ele>
        <time>2026-02-09T22:13:11.810Z</time>
      </trkpt>
      <trkpt lat="38.772835" lon="-0.126203">
        <ele>531.621160</ele>
        <time>2026-02-09T22:13:17.337Z</time>
      </trkpt>
      <trkpt lat="38.772968" lon="-0.126298">
        <ele>532.282802</ele>
        <time>2026-02-09T22:13:22.821Z</time>
      </trkpt>
      <trkpt lat="38.772966" lon="-0.126323">
        <ele>532.396938</ele>
        <time>2026-02-09T22:13:23.551Z</time>
      </trkpt>
      <trkpt lat="38.773076" lon="-0.126365">
        <ele>533.065510</ele>
        <time>2026-02-09T22:13:27.937Z</time>
      </trkpt>
      <trkpt lat="38.773065" lon="-0.126454">
        <ele>533.474760</ele>
        <time>2026-02-09T22:13:30.624Z</time>
      </trkpt>
      <trkpt lat="38.773044" lon="-0.126573">
        <ele>534.028882</ele>
        <time>2026-02-09T22:13:34.703Z</time>
      </trkpt>
      <trkpt lat="38.773300" lon="-0.126693">
        <ele>535.616624</ele>
        <time>2026-02-09T22:13:46.841Z</time>
      </trkpt>
      <trkpt lat="38.773358" lon="-0.126686">
        <ele>535.955984</ele>
        <time>2026-02-09T22:13:49.320Z</time>
      </trkpt>
      <trkpt lat="38.773333" lon="-0.127457">
        <ele>539.460569</ele>
        <time>2026-02-09T22:14:11.704Z</time>
      </trkpt>
      <trkpt lat="38.773497" lon="-0.127459">
        <ele>540.415963</ele>
        <time>2026-02-09T22:14:17.899Z</time>
      </trkpt>
      <trkpt lat="38.773469" lon="-0.127884">
        <ele>542.353010</ele>
        <time>2026-02-09T22:14:30.995Z</time>
      </trkpt>
      <trkpt lat="38.773986" lon="-0.128188">
        <ele>547.811067</ele>
        <time>2026-02-09T22:14:56.532Z</time>
      </trkpt>
      <trkpt lat="38.774273" lon="-0.128385">
        <ele>550.980999</ele>
        <time>2026-02-09T22:15:13.798Z</time>
      </trkpt>
      <trkpt lat="38.774528" lon="-0.128360">
        <ele>553.471515</ele>
        <time>2026-02-09T22:15:28.587Z</time>
      </trkpt>
      <trkpt lat="38.774599" lon="-0.128378">
        <ele>554.176312</ele>
        <time>2026-02-09T22:15:32.972Z</time>
      </trkpt>
      <trkpt lat="38.774627" lon="-0.128419">
        <ele>554.590129</ele>
        <time>2026-02-09T22:15:35.564Z</time>
      </trkpt>
      <trkpt lat="38.774631" lon="-0.128483">
        <ele>555.077586</ele>
        <time>2026-02-09T22:15:38.695Z</time>
      </trkpt>
      <trkpt lat="38.774527" lon="-0.128712">
        <ele>557.089668</ele>
        <time>2026-02-09T22:15:52.118Z</time>
      </trkpt>
      <trkpt lat="38.774534" lon="-0.128782">
        <ele>557.625473</ele>
        <time>2026-02-09T22:15:55.865Z</time>
      </trkpt>
      <trkpt lat="38.774588" lon="-0.128853">
        <ele>558.378538</ele>
        <time>2026-02-09T22:16:01.169Z</time>
      </trkpt>
      <trkpt lat="38.774961" lon="-0.128984">
        <ele>559.988592</ele>
        <time>2026-02-09T22:16:26.317Z</time>
      </trkpt>
      <trkpt lat="38.775293" lon="-0.129014">
        <ele>559.988592</ele>
        <time>2026-02-09T22:16:45.410Z</time>
      </trkpt>
      <trkpt lat="38.775538" lon="-0.129169">
        <ele>559.988592</ele>
        <time>2026-02-09T22:16:59.058Z</time>
      </trkpt>
      <trkpt lat="38.775581" lon="-0.129261">
        <ele>559.988592</ele>
        <time>2026-02-09T22:17:02.994Z</time>
      </trkpt>
      <trkpt lat="38.775279" lon="-0.129428">
        <ele>559.988592</ele>
        <time>2026-02-09T22:17:15.658Z</time>
      </trkpt>
    </trkseg>
  </trk>
</gpx>