<?xml version='1.0' encoding='UTF-8'?>
<gpx version="1.1" creator="https://www.komoot.de" xmlns="http://www.topografix.com/GPX/1/1" xmlns:xsi="http://www.w3.org/2001/XMLSchema-instance" xsi:schemaLocation="http://www.topografix.com/GPX/1/1 http://www.topografix.com/GPX/1/1/gpx.xsd">
  <metadata>
    <name>KLLKTV-Camp 2026: Ruhetag am Strand der Costa Blanca</name>
    <author>
      <link href="https://www.komoot.de">
        <text>komoot</text>
        <type>text/html</type>
      </link>
    </author>
  </metadata>
  <wpt lat="38.862761" lon="0.052119">
    <name>Strand von Les Bovetes</name>
    <sym>Flag, Blue</sym>
  </wpt>
  <wpt lat="38.843813" lon="-0.065556">
    <name>Aussichtspunkt kurz unterhalb des Gipfels von Sorell (Pego-Seite)</name>
    <sym>Flag, Blue</sym>
  </wpt>
  <trk>
    <name>KLLKTV-Camp 2026: Ruhetag am Strand der Costa Blanca (Tag 4)</name>
    <type>racebike</type>
    <trkseg>
      <trkpt lat="38.775641" lon="-0.129538">
        <ele>563.169428</ele>
        <time>2026-03-25T11:46:16.865Z</time>
      </trkpt>
      <trkpt lat="38.775641" lon="-0.129438">
        <ele>563.169428</ele>
        <time>2026-03-25T11:46:17.564Z</time>
      </trkpt>
      <trkpt lat="38.775622" lon="-0.129374">
        <ele>563.169428</ele>
        <time>2026-03-25T11:46:18.040Z</time>
      </trkpt>
      <trkpt lat="38.775581" lon="-0.129261">
        <ele>563.169428</ele>
        <time>2026-03-25T11:46:18.897Z</time>
      </trkpt>
      <trkpt lat="38.775538" lon="-0.129169">
        <ele>563.169428</ele>
        <time>2026-03-25T11:46:19.624Z</time>
      </trkpt>
      <trkpt lat="38.775293" lon="-0.129014">
        <ele>563.169428</ele>
        <time>2026-03-25T11:46:21.972Z</time>
      </trkpt>
      <trkpt lat="38.774961" lon="-0.128984">
        <ele>562.971503</ele>
        <time>2026-03-25T11:46:24.789Z</time>
      </trkpt>
      <trkpt lat="38.774588" lon="-0.128853">
        <ele>558.905631</ele>
        <time>2026-03-25T11:46:28.025Z</time>
      </trkpt>
      <trkpt lat="38.774534" lon="-0.128782">
        <ele>558.092623</ele>
        <time>2026-03-25T11:46:28.665Z</time>
      </trkpt>
      <trkpt lat="38.774527" lon="-0.128712">
        <ele>557.514168</ele>
        <time>2026-03-25T11:46:29.129Z</time>
      </trkpt>
      <trkpt lat="38.774631" lon="-0.128483">
        <ele>555.341926</ele>
        <time>2026-03-25T11:46:30.865Z</time>
      </trkpt>
      <trkpt lat="38.774627" lon="-0.128419">
        <ele>554.815668</ele>
        <time>2026-03-25T11:46:31.290Z</time>
      </trkpt>
      <trkpt lat="38.774599" lon="-0.128378">
        <ele>554.368912</ele>
        <time>2026-03-25T11:46:31.648Z</time>
      </trkpt>
      <trkpt lat="38.774528" lon="-0.128360">
        <ele>553.608013</ele>
        <time>2026-03-25T11:46:32.264Z</time>
      </trkpt>
      <trkpt lat="38.774273" lon="-0.128385">
        <ele>550.919254</ele>
        <time>2026-03-25T11:46:34.443Z</time>
      </trkpt>
      <trkpt lat="38.773986" lon="-0.128188">
        <ele>547.496998</ele>
        <time>2026-03-25T11:46:37.264Z</time>
      </trkpt>
      <trkpt lat="38.773469" lon="-0.127884">
        <ele>542.651275</ele>
        <time>2026-03-25T11:46:42.325Z</time>
      </trkpt>
      <trkpt lat="38.773497" lon="-0.127459">
        <ele>540.600806</ele>
        <time>2026-03-25T11:46:45.369Z</time>
      </trkpt>
      <trkpt lat="38.773333" lon="-0.127457">
        <ele>539.589470</ele>
        <time>2026-03-25T11:46:46.889Z</time>
      </trkpt>
      <trkpt lat="38.773358" lon="-0.126686">
        <ele>535.879677</ele>
        <time>2026-03-25T11:46:52.465Z</time>
      </trkpt>
      <trkpt lat="38.773300" lon="-0.126693">
        <ele>535.520446</ele>
        <time>2026-03-25T11:46:53.254Z</time>
      </trkpt>
      <trkpt lat="38.773044" lon="-0.126573">
        <ele>533.839734</ele>
        <time>2026-03-25T11:46:56.817Z</time>
      </trkpt>
      <trkpt lat="38.773065" lon="-0.126454">
        <ele>533.253166</ele>
        <time>2026-03-25T11:46:58.072Z</time>
      </trkpt>
      <trkpt lat="38.773076" lon="-0.126365">
        <ele>532.953705</ele>
        <time>2026-03-25T11:46:58.720Z</time>
      </trkpt>
      <trkpt lat="38.772966" lon="-0.126323">
        <ele>532.517757</ele>
        <time>2026-03-25T11:46:59.782Z</time>
      </trkpt>
      <trkpt lat="38.772968" lon="-0.126298">
        <ele>532.443334</ele>
        <time>2026-03-25T11:46:59.961Z</time>
      </trkpt>
      <trkpt lat="38.772835" lon="-0.126203">
        <ele>531.865089</ele>
        <time>2026-03-25T11:47:01.375Z</time>
      </trkpt>
      <trkpt lat="38.772677" lon="-0.126131">
        <ele>531.228185</ele>
        <time>2026-03-25T11:47:02.992Z</time>
      </trkpt>
      <trkpt lat="38.772661" lon="-0.125946">
        <ele>530.676965</ele>
        <time>2026-03-25T11:47:04.425Z</time>
      </trkpt>
      <trkpt lat="38.772651" lon="-0.125869">
        <ele>530.445795</ele>
        <time>2026-03-25T11:47:05.057Z</time>
      </trkpt>
      <trkpt lat="38.772625" lon="-0.125663">
        <ele>529.827804</ele>
        <time>2026-03-25T11:47:06.708Z</time>
      </trkpt>
      <trkpt lat="38.772492" lon="-0.125554">
        <ele>529.228292</ele>
        <time>2026-03-25T11:47:08.365Z</time>
      </trkpt>
      <trkpt lat="38.772274" lon="-0.125237">
        <ele>527.976506</ele>
        <time>2026-03-25T11:47:11.927Z</time>
      </trkpt>
      <trkpt lat="38.772044" lon="-0.124770">
        <ele>526.340690</ele>
        <time>2026-03-25T11:47:16.378Z</time>
      </trkpt>
      <trkpt lat="38.771889" lon="-0.124373">
        <ele>524.795850</ele>
        <time>2026-03-25T11:47:19.757Z</time>
      </trkpt>
      <trkpt lat="38.771797" lon="-0.124012">
        <ele>523.473716</ele>
        <time>2026-03-25T11:47:22.603Z</time>
      </trkpt>
      <trkpt lat="38.771629" lon="-0.123076">
        <ele>520.130112</ele>
        <time>2026-03-25T11:47:29.638Z</time>
      </trkpt>
      <trkpt lat="38.771433" lon="-0.122471">
        <ele>517.958404</ele>
        <time>2026-03-25T11:47:34.450Z</time>
      </trkpt>
      <trkpt lat="38.771365" lon="-0.122381">
        <ele>517.626449</ele>
        <time>2026-03-25T11:47:35.382Z</time>
      </trkpt>
      <trkpt lat="38.771286" lon="-0.122334">
        <ele>517.330597</ele>
        <time>2026-03-25T11:47:36.226Z</time>
      </trkpt>
      <trkpt lat="38.770801" lon="-0.122240">
        <ele>515.664210</ele>
        <time>2026-03-25T11:47:41.035Z</time>
      </trkpt>
      <trkpt lat="38.770715" lon="-0.122178">
        <ele>515.329054</ele>
        <time>2026-03-25T11:47:42.040Z</time>
      </trkpt>
      <trkpt lat="38.770655" lon="-0.122063">
        <ele>514.962540</ele>
        <time>2026-03-25T11:47:43.157Z</time>
      </trkpt>
      <trkpt lat="38.770648" lon="-0.121981">
        <ele>514.744047</ele>
        <time>2026-03-25T11:47:43.823Z</time>
      </trkpt>
      <trkpt lat="38.770678" lon="-0.121879">
        <ele>514.455293</ele>
        <time>2026-03-25T11:47:44.720Z</time>
      </trkpt>
      <trkpt lat="38.771087" lon="-0.121141">
        <ele>511.991959</ele>
        <time>2026-03-25T11:47:52.409Z</time>
      </trkpt>
      <trkpt lat="38.771167" lon="-0.120932">
        <ele>511.083821</ele>
        <time>2026-03-25T11:47:54.327Z</time>
      </trkpt>
      <trkpt lat="38.771191" lon="-0.120783">
        <ele>510.490383</ele>
        <time>2026-03-25T11:47:55.532Z</time>
      </trkpt>
      <trkpt lat="38.771177" lon="-0.120691">
        <ele>510.124772</ele>
        <time>2026-03-25T11:47:56.243Z</time>
      </trkpt>
      <trkpt lat="38.771131" lon="-0.120597">
        <ele>509.691892</ele>
        <time>2026-03-25T11:47:57.075Z</time>
      </trkpt>
      <trkpt lat="38.770793" lon="-0.120186">
        <ele>507.361837</ele>
        <time>2026-03-25T11:48:01.437Z</time>
      </trkpt>
      <trkpt lat="38.770711" lon="-0.120041">
        <ele>506.663158</ele>
        <time>2026-03-25T11:48:02.724Z</time>
      </trkpt>
      <trkpt lat="38.770664" lon="-0.119804">
        <ele>505.709313</ele>
        <time>2026-03-25T11:48:04.455Z</time>
      </trkpt>
      <trkpt lat="38.770666" lon="-0.119695">
        <ele>505.284045</ele>
        <time>2026-03-25T11:48:05.229Z</time>
      </trkpt>
      <trkpt lat="38.770697" lon="-0.119596">
        <ele>504.867920</ele>
        <time>2026-03-25T11:48:05.978Z</time>
      </trkpt>
      <trkpt lat="38.770799" lon="-0.119494">
        <ele>504.220871</ele>
        <time>2026-03-25T11:48:07.151Z</time>
      </trkpt>
      <trkpt lat="38.771490" lon="-0.119174">
        <ele>501.000271</ele>
        <time>2026-03-25T11:48:13.848Z</time>
      </trkpt>
      <trkpt lat="38.771593" lon="-0.119071">
        <ele>500.458965</ele>
        <time>2026-03-25T11:48:15.056Z</time>
      </trkpt>
      <trkpt lat="38.771631" lon="-0.118981">
        <ele>500.128238</ele>
        <time>2026-03-25T11:48:15.792Z</time>
      </trkpt>
      <trkpt lat="38.771622" lon="-0.118902">
        <ele>499.870252</ele>
        <time>2026-03-25T11:48:16.375Z</time>
      </trkpt>
      <trkpt lat="38.771569" lon="-0.118818">
        <ele>499.521071</ele>
        <time>2026-03-25T11:48:17.170Z</time>
      </trkpt>
      <trkpt lat="38.771406" lon="-0.118663">
        <ele>498.680088</ele>
        <time>2026-03-25T11:48:19.159Z</time>
      </trkpt>
      <trkpt lat="38.771384" lon="-0.118515">
        <ele>498.193236</ele>
        <time>2026-03-25T11:48:20.424Z</time>
      </trkpt>
      <trkpt lat="38.771438" lon="-0.118398">
        <ele>497.753890</ele>
        <time>2026-03-25T11:48:21.679Z</time>
      </trkpt>
      <trkpt lat="38.771660" lon="-0.118144">
        <ele>496.520914</ele>
        <time>2026-03-25T11:48:25.224Z</time>
      </trkpt>
      <trkpt lat="38.771769" lon="-0.117971">
        <ele>495.802172</ele>
        <time>2026-03-25T11:48:27.406Z</time>
      </trkpt>
      <trkpt lat="38.771837" lon="-0.117813">
        <ele>494.891665</ele>
        <time>2026-03-25T11:48:29.031Z</time>
      </trkpt>
      <trkpt lat="38.771862" lon="-0.117682">
        <ele>494.183007</ele>
        <time>2026-03-25T11:48:30.139Z</time>
      </trkpt>
      <trkpt lat="38.771789" lon="-0.117228">
        <ele>491.747268</ele>
        <time>2026-03-25T11:48:33.714Z</time>
      </trkpt>
      <trkpt lat="38.771802" lon="-0.117079">
        <ele>490.959463</ele>
        <time>2026-03-25T11:48:34.797Z</time>
      </trkpt>
      <trkpt lat="38.771845" lon="-0.116968">
        <ele>490.308185</ele>
        <time>2026-03-25T11:48:35.672Z</time>
      </trkpt>
      <trkpt lat="38.772061" lon="-0.116672">
        <ele>488.177873</ele>
        <time>2026-03-25T11:48:38.463Z</time>
      </trkpt>
      <trkpt lat="38.772153" lon="-0.116430">
        <ele>486.763178</ele>
        <time>2026-03-25T11:48:40.300Z</time>
      </trkpt>
      <trkpt lat="38.772205" lon="-0.116356">
        <ele>486.239719</ele>
        <time>2026-03-25T11:48:40.976Z</time>
      </trkpt>
      <trkpt lat="38.772391" lon="-0.116191">
        <ele>484.715556</ele>
        <time>2026-03-25T11:48:42.921Z</time>
      </trkpt>
      <trkpt lat="38.772545" lon="-0.116094">
        <ele>483.536235</ele>
        <time>2026-03-25T11:48:44.373Z</time>
      </trkpt>
      <trkpt lat="38.772699" lon="-0.116027">
        <ele>482.022676</ele>
        <time>2026-03-25T11:48:45.758Z</time>
      </trkpt>
      <trkpt lat="38.773285" lon="-0.115883">
        <ele>476.469313</ele>
        <time>2026-03-25T11:48:50.832Z</time>
      </trkpt>
      <trkpt lat="38.773986" lon="-0.115715">
        <ele>469.831874</ele>
        <time>2026-03-25T11:48:57.042Z</time>
      </trkpt>
      <trkpt lat="38.774121" lon="-0.115660">
        <ele>468.513509</ele>
        <time>2026-03-25T11:48:58.301Z</time>
      </trkpt>
      <trkpt lat="38.774550" lon="-0.115395">
        <ele>465.358084</ele>
        <time>2026-03-25T11:49:02.592Z</time>
      </trkpt>
      <trkpt lat="38.774787" lon="-0.115175">
        <ele>463.877639</ele>
        <time>2026-03-25T11:49:05.271Z</time>
      </trkpt>
      <trkpt lat="38.775099" lon="-0.114736">
        <ele>461.534049</ele>
        <time>2026-03-25T11:49:09.665Z</time>
      </trkpt>
      <trkpt lat="38.775771" lon="-0.114252">
        <ele>457.679902</ele>
        <time>2026-03-25T11:49:17.195Z</time>
      </trkpt>
      <trkpt lat="38.775929" lon="-0.114059">
        <ele>456.930208</ele>
        <time>2026-03-25T11:49:19.325Z</time>
      </trkpt>
      <trkpt lat="38.776155" lon="-0.113716">
        <ele>455.727179</ele>
        <time>2026-03-25T11:49:23.115Z</time>
      </trkpt>
      <trkpt lat="38.776330" lon="-0.113350">
        <ele>454.577035</ele>
        <time>2026-03-25T11:49:27.360Z</time>
      </trkpt>
      <trkpt lat="38.776437" lon="-0.113081">
        <ele>453.768069</ele>
        <time>2026-03-25T11:49:29.818Z</time>
      </trkpt>
      <trkpt lat="38.776588" lon="-0.112842">
        <ele>452.943997</ele>
        <time>2026-03-25T11:49:32.116Z</time>
      </trkpt>
      <trkpt lat="38.776728" lon="-0.112512">
        <ele>451.937591</ele>
        <time>2026-03-25T11:49:34.818Z</time>
      </trkpt>
      <trkpt lat="38.776793" lon="-0.112408">
        <ele>451.575044</ele>
        <time>2026-03-25T11:49:35.755Z</time>
      </trkpt>
      <trkpt lat="38.776833" lon="-0.112343">
        <ele>451.277849</ele>
        <time>2026-03-25T11:49:36.353Z</time>
      </trkpt>
      <trkpt lat="38.777253" lon="-0.111913">
        <ele>448.804027</ele>
        <time>2026-03-25T11:49:41.505Z</time>
      </trkpt>
      <trkpt lat="38.777808" lon="-0.111631">
        <ele>446.055939</ele>
        <time>2026-03-25T11:49:47.157Z</time>
      </trkpt>
      <trkpt lat="38.777873" lon="-0.111574">
        <ele>445.693471</ele>
        <time>2026-03-25T11:49:47.869Z</time>
      </trkpt>
      <trkpt lat="38.777975" lon="-0.111410">
        <ele>444.940549</ele>
        <time>2026-03-25T11:49:49.366Z</time>
      </trkpt>
      <trkpt lat="38.778074" lon="-0.111185">
        <ele>444.013335</ele>
        <time>2026-03-25T11:49:51.325Z</time>
      </trkpt>
      <trkpt lat="38.778176" lon="-0.110579">
        <ele>441.503054</ele>
        <time>2026-03-25T11:49:56.478Z</time>
      </trkpt>
      <trkpt lat="38.778308" lon="-0.110142">
        <ele>439.507077</ele>
        <time>2026-03-25T11:50:00.166Z</time>
      </trkpt>
      <trkpt lat="38.778322" lon="-0.110050">
        <ele>439.107861</ele>
        <time>2026-03-25T11:50:00.868Z</time>
      </trkpt>
      <trkpt lat="38.778318" lon="-0.110008">
        <ele>438.927656</ele>
        <time>2026-03-25T11:50:01.171Z</time>
      </trkpt>
      <trkpt lat="38.778273" lon="-0.109877">
        <ele>438.317974</ele>
        <time>2026-03-25T11:50:02.205Z</time>
      </trkpt>
      <trkpt lat="38.778164" lon="-0.109730">
        <ele>437.453940</ele>
        <time>2026-03-25T11:50:03.642Z</time>
      </trkpt>
      <trkpt lat="38.778108" lon="-0.109582">
        <ele>436.753296</ele>
        <time>2026-03-25T11:50:04.797Z</time>
      </trkpt>
      <trkpt lat="38.778108" lon="-0.109449">
        <ele>436.186857</ele>
        <time>2026-03-25T11:50:05.736Z</time>
      </trkpt>
      <trkpt lat="38.778305" lon="-0.108905">
        <ele>433.632228</ele>
        <time>2026-03-25T11:50:09.922Z</time>
      </trkpt>
      <trkpt lat="38.778380" lon="-0.108781">
        <ele>432.763608</ele>
        <time>2026-03-25T11:50:11.012Z</time>
      </trkpt>
      <trkpt lat="38.778490" lon="-0.108670">
        <ele>431.708282</ele>
        <time>2026-03-25T11:50:12.252Z</time>
      </trkpt>
      <trkpt lat="38.778703" lon="-0.108589">
        <ele>430.033092</ele>
        <time>2026-03-25T11:50:14.189Z</time>
      </trkpt>
      <trkpt lat="38.778772" lon="-0.108568">
        <ele>429.498362</ele>
        <time>2026-03-25T11:50:14.808Z</time>
      </trkpt>
      <trkpt lat="38.779706" lon="-0.108190">
        <ele>422.113457</ele>
        <time>2026-03-25T11:50:23.479Z</time>
      </trkpt>
      <trkpt lat="38.779882" lon="-0.108078">
        <ele>420.632025</ele>
        <time>2026-03-25T11:50:25.244Z</time>
      </trkpt>
      <trkpt lat="38.779990" lon="-0.107898">
        <ele>419.500226</ele>
        <time>2026-03-25T11:50:26.844Z</time>
      </trkpt>
      <trkpt lat="38.780223" lon="-0.107261">
        <ele>416.697100</ele>
        <time>2026-03-25T11:50:31.881Z</time>
      </trkpt>
      <trkpt lat="38.780337" lon="-0.107020">
        <ele>415.574084</ele>
        <time>2026-03-25T11:50:33.949Z</time>
      </trkpt>
      <trkpt lat="38.780605" lon="-0.106680">
        <ele>413.647867</ele>
        <time>2026-03-25T11:50:37.569Z</time>
      </trkpt>
      <trkpt lat="38.781325" lon="-0.106090">
        <ele>409.167533</ele>
        <time>2026-03-25T11:50:46.000Z</time>
      </trkpt>
      <trkpt lat="38.781524" lon="-0.105955">
        <ele>407.926757</ele>
        <time>2026-03-25T11:50:48.108Z</time>
      </trkpt>
      <trkpt lat="38.782039" lon="-0.105719">
        <ele>404.912511</ele>
        <time>2026-03-25T11:50:53.181Z</time>
      </trkpt>
      <trkpt lat="38.782247" lon="-0.105719">
        <ele>403.766060</ele>
        <time>2026-03-25T11:50:55.152Z</time>
      </trkpt>
      <trkpt lat="38.782515" lon="-0.105807">
        <ele>402.241279</ele>
        <time>2026-03-25T11:50:57.750Z</time>
      </trkpt>
      <trkpt lat="38.782705" lon="-0.105774">
        <ele>401.184486</ele>
        <time>2026-03-25T11:50:59.505Z</time>
      </trkpt>
      <trkpt lat="38.782839" lon="-0.105667">
        <ele>399.848470</ele>
        <time>2026-03-25T11:51:00.913Z</time>
      </trkpt>
      <trkpt lat="38.782901" lon="-0.105579">
        <ele>398.871306</ele>
        <time>2026-03-25T11:51:01.736Z</time>
      </trkpt>
      <trkpt lat="38.782940" lon="-0.105523">
        <ele>398.252686</ele>
        <time>2026-03-25T11:51:02.244Z</time>
      </trkpt>
      <trkpt lat="38.782984" lon="-0.105375">
        <ele>396.947803</ele>
        <time>2026-03-25T11:51:03.315Z</time>
      </trkpt>
      <trkpt lat="38.782983" lon="-0.105236">
        <ele>395.802675</ele>
        <time>2026-03-25T11:51:04.252Z</time>
      </trkpt>
      <trkpt lat="38.782873" lon="-0.104702">
        <ele>391.252585</ele>
        <time>2026-03-25T11:51:07.941Z</time>
      </trkpt>
      <trkpt lat="38.782742" lon="-0.103797">
        <ele>383.669744</ele>
        <time>2026-03-25T11:51:14.016Z</time>
      </trkpt>
      <trkpt lat="38.782635" lon="-0.103566">
        <ele>381.528647</ele>
        <time>2026-03-25T11:51:15.762Z</time>
      </trkpt>
      <trkpt lat="38.782487" lon="-0.103513">
        <ele>380.233253</ele>
        <time>2026-03-25T11:51:17.045Z</time>
      </trkpt>
      <trkpt lat="38.781955" lon="-0.103550">
        <ele>375.741725</ele>
        <time>2026-03-25T11:51:21.508Z</time>
      </trkpt>
      <trkpt lat="38.781399" lon="-0.103759">
        <ele>370.857361</ele>
        <time>2026-03-25T11:51:26.672Z</time>
      </trkpt>
      <trkpt lat="38.780967" lon="-0.104007">
        <ele>366.867402</ele>
        <time>2026-03-25T11:51:31.284Z</time>
      </trkpt>
      <trkpt lat="38.780788" lon="-0.104159">
        <ele>366.217670</ele>
        <time>2026-03-25T11:51:33.672Z</time>
      </trkpt>
      <trkpt lat="38.780544" lon="-0.104372">
        <ele>365.540557</ele>
        <time>2026-03-25T11:51:37.142Z</time>
      </trkpt>
      <trkpt lat="38.779596" lon="-0.105043">
        <ele>363.056516</ele>
        <time>2026-03-25T11:51:50.231Z</time>
      </trkpt>
      <trkpt lat="38.779493" lon="-0.105043">
        <ele>362.820211</ele>
        <time>2026-03-25T11:51:51.244Z</time>
      </trkpt>
      <trkpt lat="38.779403" lon="-0.104966">
        <ele>362.572019</ele>
        <time>2026-03-25T11:51:52.309Z</time>
      </trkpt>
      <trkpt lat="38.779348" lon="-0.104880">
        <ele>362.187602</ele>
        <time>2026-03-25T11:51:53.160Z</time>
      </trkpt>
      <trkpt lat="38.779162" lon="-0.104342">
        <ele>359.848995</ele>
        <time>2026-03-25T11:51:57.477Z</time>
      </trkpt>
      <trkpt lat="38.779150" lon="-0.104215">
        <ele>359.340652</ele>
        <time>2026-03-25T11:51:58.391Z</time>
      </trkpt>
      <trkpt lat="38.779316" lon="-0.103907">
        <ele>357.852760</ele>
        <time>2026-03-25T11:52:01.073Z</time>
      </trkpt>
      <trkpt lat="38.779598" lon="-0.103384">
        <ele>355.325891</ele>
        <time>2026-03-25T11:52:05.559Z</time>
      </trkpt>
      <trkpt lat="38.779648" lon="-0.103338">
        <ele>355.012259</ele>
        <time>2026-03-25T11:52:06.134Z</time>
      </trkpt>
      <trkpt lat="38.780046" lon="-0.102589">
        <ele>351.791293</ele>
        <time>2026-03-25T11:52:12.902Z</time>
      </trkpt>
      <trkpt lat="38.780070" lon="-0.102477">
        <ele>351.420068</ele>
        <time>2026-03-25T11:52:13.798Z</time>
      </trkpt>
      <trkpt lat="38.780215" lon="-0.102450">
        <ele>350.819379</ele>
        <time>2026-03-25T11:52:15.262Z</time>
      </trkpt>
      <trkpt lat="38.780814" lon="-0.101738">
        <ele>347.471461</ele>
        <time>2026-03-25T11:52:23.429Z</time>
      </trkpt>
      <trkpt lat="38.781113" lon="-0.101376">
        <ele>345.591845</ele>
        <time>2026-03-25T11:52:27.456Z</time>
      </trkpt>
      <trkpt lat="38.781163" lon="-0.101313">
        <ele>345.021405</ele>
        <time>2026-03-25T11:52:28.125Z</time>
      </trkpt>
      <trkpt lat="38.781352" lon="-0.101021">
        <ele>342.613302</ele>
        <time>2026-03-25T11:52:30.944Z</time>
      </trkpt>
      <trkpt lat="38.781389" lon="-0.100812">
        <ele>341.253455</ele>
        <time>2026-03-25T11:52:32.485Z</time>
      </trkpt>
      <trkpt lat="38.781327" lon="-0.100438">
        <ele>338.827403</ele>
        <time>2026-03-25T11:52:35.151Z</time>
      </trkpt>
      <trkpt lat="38.781156" lon="-0.099806">
        <ele>334.582754</ele>
        <time>2026-03-25T11:52:39.668Z</time>
      </trkpt>
      <trkpt lat="38.781158" lon="-0.099656">
        <ele>333.630879</ele>
        <time>2026-03-25T11:52:40.667Z</time>
      </trkpt>
      <trkpt lat="38.781188" lon="-0.099413">
        <ele>332.069851</ele>
        <time>2026-03-25T11:52:42.293Z</time>
      </trkpt>
      <trkpt lat="38.781177" lon="-0.098788">
        <ele>326.926513</ele>
        <time>2026-03-25T11:52:46.390Z</time>
      </trkpt>
      <trkpt lat="38.781227" lon="-0.098556">
        <ele>324.844580</ele>
        <time>2026-03-25T11:52:47.965Z</time>
      </trkpt>
      <trkpt lat="38.781379" lon="-0.098310">
        <ele>322.129510</ele>
        <time>2026-03-25T11:52:50.018Z</time>
      </trkpt>
      <trkpt lat="38.781400" lon="-0.098224">
        <ele>321.350025</ele>
        <time>2026-03-25T11:52:50.607Z</time>
      </trkpt>
      <trkpt lat="38.781397" lon="-0.098039">
        <ele>319.749548</ele>
        <time>2026-03-25T11:52:51.824Z</time>
      </trkpt>
      <trkpt lat="38.781320" lon="-0.097880">
        <ele>318.130529</ele>
        <time>2026-03-25T11:52:53.055Z</time>
      </trkpt>
      <trkpt lat="38.781251" lon="-0.097854">
        <ele>317.332598</ele>
        <time>2026-03-25T11:52:53.666Z</time>
      </trkpt>
      <trkpt lat="38.781120" lon="-0.097868">
        <ele>315.874059</ele>
        <time>2026-03-25T11:52:54.797Z</time>
      </trkpt>
      <trkpt lat="38.780316" lon="-0.098093">
        <ele>309.165756</ele>
        <time>2026-03-25T11:53:02.000Z</time>
      </trkpt>
      <trkpt lat="38.780102" lon="-0.098288">
        <ele>307.772705</ele>
        <time>2026-03-25T11:53:04.479Z</time>
      </trkpt>
      <trkpt lat="38.779713" lon="-0.098743">
        <ele>304.978949</ele>
        <time>2026-03-25T11:53:09.685Z</time>
      </trkpt>
      <trkpt lat="38.779601" lon="-0.098821">
        <ele>304.302623</ele>
        <time>2026-03-25T11:53:10.972Z</time>
      </trkpt>
      <trkpt lat="38.779522" lon="-0.098824">
        <ele>303.883190</ele>
        <time>2026-03-25T11:53:11.761Z</time>
      </trkpt>
      <trkpt lat="38.779447" lon="-0.098771">
        <ele>303.428769</ele>
        <time>2026-03-25T11:53:12.613Z</time>
      </trkpt>
      <trkpt lat="38.779362" lon="-0.098606">
        <ele>302.610566</ele>
        <time>2026-03-25T11:53:14.145Z</time>
      </trkpt>
      <trkpt lat="38.779333" lon="-0.098255">
        <ele>300.948197</ele>
        <time>2026-03-25T11:53:16.854Z</time>
      </trkpt>
      <trkpt lat="38.779358" lon="-0.097991">
        <ele>299.526107</ele>
        <time>2026-03-25T11:53:18.847Z</time>
      </trkpt>
      <trkpt lat="38.779388" lon="-0.097868">
        <ele>298.836938</ele>
        <time>2026-03-25T11:53:19.814Z</time>
      </trkpt>
      <trkpt lat="38.779465" lon="-0.097711">
        <ele>297.845071</ele>
        <time>2026-03-25T11:53:21.198Z</time>
      </trkpt>
      <trkpt lat="38.779831" lon="-0.097234">
        <ele>294.266107</ele>
        <time>2026-03-25T11:53:25.934Z</time>
      </trkpt>
      <trkpt lat="38.779945" lon="-0.097044">
        <ele>292.984022</ele>
        <time>2026-03-25T11:53:27.560Z</time>
      </trkpt>
      <trkpt lat="38.780024" lon="-0.096744">
        <ele>291.290764</ele>
        <time>2026-03-25T11:53:29.703Z</time>
      </trkpt>
      <trkpt lat="38.780069" lon="-0.096267">
        <ele>288.684703</ele>
        <time>2026-03-25T11:53:32.940Z</time>
      </trkpt>
      <trkpt lat="38.780094" lon="-0.096177">
        <ele>288.149780</ele>
        <time>2026-03-25T11:53:33.583Z</time>
      </trkpt>
      <trkpt lat="38.780160" lon="-0.096074">
        <ele>287.403295</ele>
        <time>2026-03-25T11:53:34.475Z</time>
      </trkpt>
      <trkpt lat="38.780511" lon="-0.095823">
        <ele>284.517175</ele>
        <time>2026-03-25T11:53:37.928Z</time>
      </trkpt>
      <trkpt lat="38.780706" lon="-0.095637">
        <ele>282.771949</ele>
        <time>2026-03-25T11:53:40.038Z</time>
      </trkpt>
      <trkpt lat="38.781283" lon="-0.094685">
        <ele>276.455525</ele>
        <time>2026-03-25T11:53:48.828Z</time>
      </trkpt>
      <trkpt lat="38.781391" lon="-0.094509">
        <ele>276.166869</ele>
        <time>2026-03-25T11:53:50.734Z</time>
      </trkpt>
      <trkpt lat="38.781558" lon="-0.094152">
        <ele>275.630320</ele>
        <time>2026-03-25T11:53:54.391Z</time>
      </trkpt>
      <trkpt lat="38.781914" lon="-0.093474">
        <ele>274.576851</ele>
        <time>2026-03-25T11:54:03.513Z</time>
      </trkpt>
      <trkpt lat="38.782196" lon="-0.092850">
        <ele>273.647338</ele>
        <time>2026-03-25T11:54:10.873Z</time>
      </trkpt>
      <trkpt lat="38.782474" lon="-0.091408">
        <ele>270.055571</ele>
        <time>2026-03-25T11:54:22.795Z</time>
      </trkpt>
      <trkpt lat="38.782611" lon="-0.090902">
        <ele>268.749045</ele>
        <time>2026-03-25T11:54:27.025Z</time>
      </trkpt>
      <trkpt lat="38.782629" lon="-0.090712">
        <ele>268.282201</ele>
        <time>2026-03-25T11:54:28.500Z</time>
      </trkpt>
      <trkpt lat="38.782597" lon="-0.090414">
        <ele>266.973466</ele>
        <time>2026-03-25T11:54:30.742Z</time>
      </trkpt>
      <trkpt lat="38.782654" lon="-0.090155">
        <ele>265.450770</ele>
        <time>2026-03-25T11:54:32.688Z</time>
      </trkpt>
      <trkpt lat="38.782796" lon="-0.089913">
        <ele>263.736987</ele>
        <time>2026-03-25T11:54:34.829Z</time>
      </trkpt>
      <trkpt lat="38.783054" lon="-0.089601">
        <ele>261.163487</ele>
        <time>2026-03-25T11:54:37.998Z</time>
      </trkpt>
      <trkpt lat="38.783513" lon="-0.088645">
        <ele>254.785922</ele>
        <time>2026-03-25T11:54:45.633Z</time>
      </trkpt>
      <trkpt lat="38.783562" lon="-0.088492">
        <ele>253.653045</ele>
        <time>2026-03-25T11:54:46.750Z</time>
      </trkpt>
      <trkpt lat="38.783608" lon="-0.088145">
        <ele>251.242348</ele>
        <time>2026-03-25T11:54:49.135Z</time>
      </trkpt>
      <trkpt lat="38.784103" lon="-0.086825">
        <ele>241.210088</ele>
        <time>2026-03-25T11:54:59.152Z</time>
      </trkpt>
      <trkpt lat="38.784603" lon="-0.086161">
        <ele>233.890019</ele>
        <time>2026-03-25T11:55:05.423Z</time>
      </trkpt>
      <trkpt lat="38.784764" lon="-0.085846">
        <ele>230.703434</ele>
        <time>2026-03-25T11:55:07.921Z</time>
      </trkpt>
      <trkpt lat="38.784827" lon="-0.085791">
        <ele>229.876411</ele>
        <time>2026-03-25T11:55:08.569Z</time>
      </trkpt>
      <trkpt lat="38.784883" lon="-0.085804">
        <ele>229.258787</ele>
        <time>2026-03-25T11:55:09.048Z</time>
      </trkpt>
      <trkpt lat="38.784926" lon="-0.085704">
        <ele>228.292635</ele>
        <time>2026-03-25T11:55:09.804Z</time>
      </trkpt>
      <trkpt lat="38.785311" lon="-0.085221">
        <ele>222.448496</ele>
        <time>2026-03-25T11:55:14.357Z</time>
      </trkpt>
      <trkpt lat="38.785404" lon="-0.085069">
        <ele>220.813820</ele>
        <time>2026-03-25T11:55:15.643Z</time>
      </trkpt>
      <trkpt lat="38.785533" lon="-0.084764">
        <ele>218.279784</ele>
        <time>2026-03-25T11:55:17.932Z</time>
      </trkpt>
      <trkpt lat="38.785597" lon="-0.084448">
        <ele>216.159636</ele>
        <time>2026-03-25T11:55:20.078Z</time>
      </trkpt>
      <trkpt lat="38.785613" lon="-0.084242">
        <ele>214.815306</ele>
        <time>2026-03-25T11:55:21.456Z</time>
      </trkpt>
      <trkpt lat="38.785629" lon="-0.083914">
        <ele>212.681202</ele>
        <time>2026-03-25T11:55:23.678Z</time>
      </trkpt>
      <trkpt lat="38.785615" lon="-0.083634">
        <ele>210.859225</ele>
        <time>2026-03-25T11:55:25.613Z</time>
      </trkpt>
      <trkpt lat="38.785492" lon="-0.083138">
        <ele>207.479277</ele>
        <time>2026-03-25T11:55:29.291Z</time>
      </trkpt>
      <trkpt lat="38.785328" lon="-0.082751">
        <ele>204.619689</ele>
        <time>2026-03-25T11:55:32.510Z</time>
      </trkpt>
      <trkpt lat="38.785238" lon="-0.082593">
        <ele>203.678816</ele>
        <time>2026-03-25T11:55:33.967Z</time>
      </trkpt>
      <trkpt lat="38.784979" lon="-0.082211">
        <ele>201.244615</ele>
        <time>2026-03-25T11:55:37.791Z</time>
      </trkpt>
      <trkpt lat="38.784764" lon="-0.082017">
        <ele>199.623310</ele>
        <time>2026-03-25T11:55:40.336Z</time>
      </trkpt>
      <trkpt lat="38.784503" lon="-0.081504">
        <ele>196.677924</ele>
        <time>2026-03-25T11:55:44.684Z</time>
      </trkpt>
      <trkpt lat="38.784110" lon="-0.081104">
        <ele>193.583626</ele>
        <time>2026-03-25T11:55:49.119Z</time>
      </trkpt>
      <trkpt lat="38.783984" lon="-0.080944">
        <ele>192.234256</ele>
        <time>2026-03-25T11:55:50.668Z</time>
      </trkpt>
      <trkpt lat="38.783811" lon="-0.080583">
        <ele>189.694560</ele>
        <time>2026-03-25T11:55:53.560Z</time>
      </trkpt>
      <trkpt lat="38.783705" lon="-0.080446">
        <ele>188.537699</ele>
        <time>2026-03-25T11:55:54.873Z</time>
      </trkpt>
      <trkpt lat="38.783108" lon="-0.080014">
        <ele>183.267875</ele>
        <time>2026-03-25T11:56:00.898Z</time>
      </trkpt>
      <trkpt lat="38.782947" lon="-0.079975">
        <ele>182.008172</ele>
        <time>2026-03-25T11:56:02.379Z</time>
      </trkpt>
      <trkpt lat="38.782647" lon="-0.080020">
        <ele>179.689480</ele>
        <time>2026-03-25T11:56:05.140Z</time>
      </trkpt>
      <trkpt lat="38.782370" lon="-0.079941">
        <ele>178.080244</ele>
        <time>2026-03-25T11:56:07.755Z</time>
      </trkpt>
      <trkpt lat="38.782196" lon="-0.079837">
        <ele>176.991630</ele>
        <time>2026-03-25T11:56:09.519Z</time>
      </trkpt>
      <trkpt lat="38.781822" lon="-0.079538">
        <ele>174.492485</ele>
        <time>2026-03-25T11:56:13.554Z</time>
      </trkpt>
      <trkpt lat="38.781432" lon="-0.079287">
        <ele>172.018030</ele>
        <time>2026-03-25T11:56:17.526Z</time>
      </trkpt>
      <trkpt lat="38.780719" lon="-0.078947">
        <ele>169.065172</ele>
        <time>2026-03-25T11:56:24.713Z</time>
      </trkpt>
      <trkpt lat="38.780499" lon="-0.078895">
        <ele>168.758406</ele>
        <time>2026-03-25T11:56:27.256Z</time>
      </trkpt>
      <trkpt lat="38.780258" lon="-0.078987">
        <ele>168.413599</ele>
        <time>2026-03-25T11:56:31.443Z</time>
      </trkpt>
      <trkpt lat="38.779945" lon="-0.079214">
        <ele>167.920533</ele>
        <time>2026-03-25T11:56:37.724Z</time>
      </trkpt>
      <trkpt lat="38.779707" lon="-0.079543">
        <ele>167.440726</ele>
        <time>2026-03-25T11:56:43.891Z</time>
      </trkpt>
      <trkpt lat="38.779608" lon="-0.079629">
        <ele>167.276767</ele>
        <time>2026-03-25T11:56:45.796Z</time>
      </trkpt>
      <trkpt lat="38.779526" lon="-0.079625">
        <ele>167.164239</ele>
        <time>2026-03-25T11:56:47.080Z</time>
      </trkpt>
      <trkpt lat="38.779445" lon="-0.079548">
        <ele>167.013210</ele>
        <time>2026-03-25T11:56:48.516Z</time>
      </trkpt>
      <trkpt lat="38.779424" lon="-0.079476">
        <ele>166.775163</ele>
        <time>2026-03-25T11:56:49.299Z</time>
      </trkpt>
      <trkpt lat="38.779429" lon="-0.079390">
        <ele>166.508118</ele>
        <time>2026-03-25T11:56:50.199Z</time>
      </trkpt>
      <trkpt lat="38.779456" lon="-0.079334">
        <ele>166.304224</ele>
        <time>2026-03-25T11:56:50.877Z</time>
      </trkpt>
      <trkpt lat="38.780241" lon="-0.078644">
        <ele>162.524253</ele>
        <time>2026-03-25T11:57:00.142Z</time>
      </trkpt>
      <trkpt lat="38.780497" lon="-0.078297">
        <ele>161.044862</ele>
        <time>2026-03-25T11:57:03.474Z</time>
      </trkpt>
      <trkpt lat="38.780734" lon="-0.077909">
        <ele>159.615912</ele>
        <time>2026-03-25T11:57:07.022Z</time>
      </trkpt>
      <trkpt lat="38.780797" lon="-0.077736">
        <ele>159.180438</ele>
        <time>2026-03-25T11:57:08.453Z</time>
      </trkpt>
      <trkpt lat="38.780923" lon="-0.077440">
        <ele>158.411289</ele>
        <time>2026-03-25T11:57:11.082Z</time>
      </trkpt>
      <trkpt lat="38.781051" lon="-0.077272">
        <ele>157.875540</ele>
        <time>2026-03-25T11:57:12.933Z</time>
      </trkpt>
      <trkpt lat="38.781164" lon="-0.077055">
        <ele>157.280387</ele>
        <time>2026-03-25T11:57:15.002Z</time>
      </trkpt>
      <trkpt lat="38.781244" lon="-0.076359">
        <ele>155.675926</ele>
        <time>2026-03-25T11:57:21.012Z</time>
      </trkpt>
      <trkpt lat="38.781493" lon="-0.075063">
        <ele>154.494758</ele>
        <time>2026-03-25T11:57:33.348Z</time>
      </trkpt>
      <trkpt lat="38.781434" lon="-0.074084">
        <ele>154.347256</ele>
        <time>2026-03-25T11:57:44.068Z</time>
      </trkpt>
      <trkpt lat="38.781406" lon="-0.073926">
        <ele>154.322916</ele>
        <time>2026-03-25T11:57:46.484Z</time>
      </trkpt>
      <trkpt lat="38.781325" lon="-0.073814">
        <ele>154.299966</ele>
        <time>2026-03-25T11:57:48.917Z</time>
      </trkpt>
      <trkpt lat="38.781258" lon="-0.073774">
        <ele>154.285726</ele>
        <time>2026-03-25T11:57:50.487Z</time>
      </trkpt>
      <trkpt lat="38.781099" lon="-0.073739">
        <ele>154.533581</ele>
        <time>2026-03-25T11:57:54.100Z</time>
      </trkpt>
      <trkpt lat="38.780825" lon="-0.073728">
        <ele>155.073006</ele>
        <time>2026-03-25T11:58:00.432Z</time>
      </trkpt>
      <trkpt lat="38.780674" lon="-0.073639">
        <ele>155.399999</ele>
        <time>2026-03-25T11:58:04.382Z</time>
      </trkpt>
      <trkpt lat="38.780593" lon="-0.073452">
        <ele>155.728155</ele>
        <time>2026-03-25T11:58:08.465Z</time>
      </trkpt>
      <trkpt lat="38.780557" lon="-0.072922">
        <ele>156.544232</ele>
        <time>2026-03-25T11:58:18.975Z</time>
      </trkpt>
      <trkpt lat="38.780514" lon="-0.072792">
        <ele>156.760854</ele>
        <time>2026-03-25T11:58:21.648Z</time>
      </trkpt>
      <trkpt lat="38.780416" lon="-0.072677">
        <ele>157.022208</ele>
        <time>2026-03-25T11:58:24.788Z</time>
      </trkpt>
      <trkpt lat="38.780161" lon="-0.072483">
        <ele>157.605591</ele>
        <time>2026-03-25T11:58:31.395Z</time>
      </trkpt>
      <trkpt lat="38.780072" lon="-0.072320">
        <ele>157.880684</ele>
        <time>2026-03-25T11:58:34.571Z</time>
      </trkpt>
      <trkpt lat="38.780050" lon="-0.071995">
        <ele>158.217095</ele>
        <time>2026-03-25T11:58:39.669Z</time>
      </trkpt>
      <trkpt lat="38.780154" lon="-0.071293">
        <ele>158.953976</ele>
        <time>2026-03-25T11:58:51.442Z</time>
      </trkpt>
      <trkpt lat="38.780124" lon="-0.071048">
        <ele>159.209725</ele>
        <time>2026-03-25T11:58:55.820Z</time>
      </trkpt>
      <trkpt lat="38.779985" lon="-0.070851">
        <ele>159.483735</ele>
        <time>2026-03-25T11:59:00.310Z</time>
      </trkpt>
      <trkpt lat="38.779436" lon="-0.070225">
        <ele>160.024087</ele>
        <time>2026-03-25T11:59:12.944Z</time>
      </trkpt>
      <trkpt lat="38.779372" lon="-0.070085">
        <ele>159.910891</ele>
        <time>2026-03-25T11:59:15.088Z</time>
      </trkpt>
      <trkpt lat="38.779396" lon="-0.069932">
        <ele>159.802039</ele>
        <time>2026-03-25T11:59:17.193Z</time>
      </trkpt>
      <trkpt lat="38.779697" lon="-0.069562">
        <ele>159.429052</ele>
        <time>2026-03-25T11:59:23.986Z</time>
      </trkpt>
      <trkpt lat="38.779746" lon="-0.069400">
        <ele>159.307856</ele>
        <time>2026-03-25T11:59:25.855Z</time>
      </trkpt>
      <trkpt lat="38.779692" lon="-0.068142">
        <ele>158.115762</ele>
        <time>2026-03-25T11:59:36.246Z</time>
      </trkpt>
      <trkpt lat="38.779688" lon="-0.068099">
        <ele>158.026319</ele>
        <time>2026-03-25T11:59:36.600Z</time>
      </trkpt>
      <trkpt lat="38.779620" lon="-0.067890">
        <ele>157.558559</ele>
        <time>2026-03-25T11:59:38.417Z</time>
      </trkpt>
      <trkpt lat="38.779392" lon="-0.067560">
        <ele>156.647806</ele>
        <time>2026-03-25T11:59:42.022Z</time>
      </trkpt>
      <trkpt lat="38.779114" lon="-0.067184">
        <ele>155.577473</ele>
        <time>2026-03-25T11:59:46.249Z</time>
      </trkpt>
      <trkpt lat="38.779078" lon="-0.067137">
        <ele>155.441381</ele>
        <time>2026-03-25T11:59:46.772Z</time>
      </trkpt>
      <trkpt lat="38.778793" lon="-0.066923">
        <ele>154.566432</ele>
        <time>2026-03-25T11:59:50.184Z</time>
      </trkpt>
      <trkpt lat="38.778687" lon="-0.066890">
        <ele>154.277436</ele>
        <time>2026-03-25T11:59:51.326Z</time>
      </trkpt>
      <trkpt lat="38.778640" lon="-0.066877">
        <ele>154.150050</ele>
        <time>2026-03-25T11:59:51.834Z</time>
      </trkpt>
      <trkpt lat="38.778567" lon="-0.066799">
        <ele>153.898331</ele>
        <time>2026-03-25T11:59:52.829Z</time>
      </trkpt>
      <trkpt lat="38.778556" lon="-0.066770">
        <ele>153.831719</ele>
        <time>2026-03-25T11:59:53.099Z</time>
      </trkpt>
      <trkpt lat="38.778546" lon="-0.066675">
        <ele>153.589580</ele>
        <time>2026-03-25T11:59:53.894Z</time>
      </trkpt>
      <trkpt lat="38.778598" lon="-0.066551">
        <ele>153.231101</ele>
        <time>2026-03-25T11:59:55.067Z</time>
      </trkpt>
      <trkpt lat="38.778610" lon="-0.066540">
        <ele>153.182933</ele>
        <time>2026-03-25T11:59:55.224Z</time>
      </trkpt>
      <trkpt lat="38.778701" lon="-0.066507">
        <ele>152.874092</ele>
        <time>2026-03-25T11:59:56.235Z</time>
      </trkpt>
      <trkpt lat="38.778718" lon="-0.066509">
        <ele>152.818340</ele>
        <time>2026-03-25T11:59:56.417Z</time>
      </trkpt>
      <trkpt lat="38.779164" lon="-0.066364">
        <ele>151.315714</ele>
        <time>2026-03-25T12:00:01.302Z</time>
      </trkpt>
      <trkpt lat="38.780024" lon="-0.065961">
        <ele>148.325540</ele>
        <time>2026-03-25T12:00:10.344Z</time>
      </trkpt>
      <trkpt lat="38.780328" lon="-0.065823">
        <ele>147.274647</ele>
        <time>2026-03-25T12:00:13.468Z</time>
      </trkpt>
      <trkpt lat="38.780514" lon="-0.065731">
        <ele>146.625778</ele>
        <time>2026-03-25T12:00:15.397Z</time>
      </trkpt>
      <trkpt lat="38.780953" lon="-0.065512">
        <ele>145.092605</ele>
        <time>2026-03-25T12:00:20.021Z</time>
      </trkpt>
      <trkpt lat="38.781921" lon="-0.064558">
        <ele>142.178089</ele>
        <time>2026-03-25T12:00:32.578Z</time>
      </trkpt>
      <trkpt lat="38.781965" lon="-0.064518">
        <ele>142.193070</ele>
        <time>2026-03-25T12:00:33.198Z</time>
      </trkpt>
      <trkpt lat="38.782661" lon="-0.063866">
        <ele>142.432478</ele>
        <time>2026-03-25T12:00:47.774Z</time>
      </trkpt>
      <trkpt lat="38.782687" lon="-0.063807">
        <ele>142.447155</ele>
        <time>2026-03-25T12:00:49.017Z</time>
      </trkpt>
      <trkpt lat="38.782714" lon="-0.063657">
        <ele>142.480491</ele>
        <time>2026-03-25T12:00:51.968Z</time>
      </trkpt>
      <trkpt lat="38.782636" lon="-0.063485">
        <ele>142.523582</ele>
        <time>2026-03-25T12:00:55.828Z</time>
      </trkpt>
      <trkpt lat="38.782539" lon="-0.063360">
        <ele>142.561776</ele>
        <time>2026-03-25T12:00:59.217Z</time>
      </trkpt>
      <trkpt lat="38.782420" lon="-0.063136">
        <ele>142.465492</ele>
        <time>2026-03-25T12:01:04.358Z</time>
      </trkpt>
      <trkpt lat="38.782392" lon="-0.063068">
        <ele>142.382847</ele>
        <time>2026-03-25T12:01:05.736Z</time>
      </trkpt>
      <trkpt lat="38.782335" lon="-0.062930">
        <ele>142.215011</ele>
        <time>2026-03-25T12:01:08.537Z</time>
      </trkpt>
      <trkpt lat="38.782319" lon="-0.062705">
        <ele>141.972208</ele>
        <time>2026-03-25T12:01:12.382Z</time>
      </trkpt>
      <trkpt lat="38.782321" lon="-0.062617">
        <ele>141.877598</ele>
        <time>2026-03-25T12:01:13.844Z</time>
      </trkpt>
      <trkpt lat="38.782370" lon="-0.062224">
        <ele>141.449887</ele>
        <time>2026-03-25T12:01:19.301Z</time>
      </trkpt>
      <trkpt lat="38.782488" lon="-0.061734">
        <ele>140.898749</ele>
        <time>2026-03-25T12:01:23.934Z</time>
      </trkpt>
      <trkpt lat="38.782661" lon="-0.061138">
        <ele>140.215289</ele>
        <time>2026-03-25T12:01:28.662Z</time>
      </trkpt>
      <trkpt lat="38.783076" lon="-0.060426">
        <ele>136.968144</ele>
        <time>2026-03-25T12:01:34.968Z</time>
      </trkpt>
      <trkpt lat="38.783119" lon="-0.060345">
        <ele>136.580535</ele>
        <time>2026-03-25T12:01:35.660Z</time>
      </trkpt>
      <trkpt lat="38.783231" lon="-0.060104">
        <ele>135.470785</ele>
        <time>2026-03-25T12:01:37.654Z</time>
      </trkpt>
      <trkpt lat="38.783299" lon="-0.059942">
        <ele>134.743051</ele>
        <time>2026-03-25T12:01:38.983Z</time>
      </trkpt>
      <trkpt lat="38.783857" lon="-0.059104">
        <ele>130.648456</ele>
        <time>2026-03-25T12:01:47.246Z</time>
      </trkpt>
      <trkpt lat="38.784047" lon="-0.058866">
        <ele>129.890328</ele>
        <time>2026-03-25T12:01:50.007Z</time>
      </trkpt>
      <trkpt lat="38.784152" lon="-0.058788">
        <ele>129.543934</ele>
        <time>2026-03-25T12:01:51.304Z</time>
      </trkpt>
      <trkpt lat="38.784583" lon="-0.058705">
        <ele>128.299692</ele>
        <time>2026-03-25T12:01:55.991Z</time>
      </trkpt>
      <trkpt lat="38.784808" lon="-0.058635">
        <ele>127.638724</ele>
        <time>2026-03-25T12:01:58.489Z</time>
      </trkpt>
      <trkpt lat="38.785939" lon="-0.058185">
        <ele>124.741627</ele>
        <time>2026-03-25T12:02:10.725Z</time>
      </trkpt>
      <trkpt lat="38.786395" lon="-0.057994">
        <ele>123.787127</ele>
        <time>2026-03-25T12:02:15.799Z</time>
      </trkpt>
      <trkpt lat="38.786640" lon="-0.057825">
        <ele>123.233616</ele>
        <time>2026-03-25T12:02:18.856Z</time>
      </trkpt>
      <trkpt lat="38.786682" lon="-0.057785">
        <ele>123.129531</ele>
        <time>2026-03-25T12:02:19.440Z</time>
      </trkpt>
      <trkpt lat="38.787314" lon="-0.057128">
        <ele>122.757224</ele>
        <time>2026-03-25T12:02:29.653Z</time>
      </trkpt>
      <trkpt lat="38.787887" lon="-0.056570">
        <ele>123.661208</ele>
        <time>2026-03-25T12:02:44.114Z</time>
      </trkpt>
      <trkpt lat="38.788324" lon="-0.056184">
        <ele>124.327918</ele>
        <time>2026-03-25T12:02:57.337Z</time>
      </trkpt>
      <trkpt lat="38.788426" lon="-0.056086">
        <ele>124.488052</ele>
        <time>2026-03-25T12:03:00.691Z</time>
      </trkpt>
      <trkpt lat="38.788454" lon="-0.056060">
        <ele>124.531486</ele>
        <time>2026-03-25T12:03:01.603Z</time>
      </trkpt>
      <trkpt lat="38.788623" lon="-0.055892">
        <ele>125.030436</ele>
        <time>2026-03-25T12:03:07.155Z</time>
      </trkpt>
      <trkpt lat="38.788804" lon="-0.055660">
        <ele>125.631209</ele>
        <time>2026-03-25T12:03:13.807Z</time>
      </trkpt>
      <trkpt lat="38.789085" lon="-0.055059">
        <ele>126.913901</ele>
        <time>2026-03-25T12:03:27.451Z</time>
      </trkpt>
      <trkpt lat="38.789443" lon="-0.054230">
        <ele>128.648469</ele>
        <time>2026-03-25T12:03:45.440Z</time>
      </trkpt>
      <trkpt lat="38.789640" lon="-0.053699">
        <ele>128.639214</ele>
        <time>2026-03-25T12:03:54.714Z</time>
      </trkpt>
      <trkpt lat="38.789713" lon="-0.053438">
        <ele>128.576626</ele>
        <time>2026-03-25T12:03:58.402Z</time>
      </trkpt>
      <trkpt lat="38.789866" lon="-0.052598">
        <ele>128.381923</ele>
        <time>2026-03-25T12:04:07.475Z</time>
      </trkpt>
      <trkpt lat="38.789898" lon="-0.051967">
        <ele>128.239200</ele>
        <time>2026-03-25T12:04:12.912Z</time>
      </trkpt>
      <trkpt lat="38.789796" lon="-0.050479">
        <ele>125.566663</ele>
        <time>2026-03-25T12:04:25.135Z</time>
      </trkpt>
      <trkpt lat="38.789785" lon="-0.050156">
        <ele>124.985732</ele>
        <time>2026-03-25T12:04:27.919Z</time>
      </trkpt>
      <trkpt lat="38.789810" lon="-0.049965">
        <ele>124.637731</ele>
        <time>2026-03-25T12:04:29.585Z</time>
      </trkpt>
      <trkpt lat="38.789912" lon="-0.049570">
        <ele>123.819548</ele>
        <time>2026-03-25T12:04:33.121Z</time>
      </trkpt>
      <trkpt lat="38.790083" lon="-0.049105">
        <ele>122.571935</ele>
        <time>2026-03-25T12:04:37.440Z</time>
      </trkpt>
      <trkpt lat="38.790406" lon="-0.048451">
        <ele>120.693235</ele>
        <time>2026-03-25T12:04:43.726Z</time>
      </trkpt>
      <trkpt lat="38.790725" lon="-0.047751">
        <ele>118.725665</ele>
        <time>2026-03-25T12:04:49.943Z</time>
      </trkpt>
      <trkpt lat="38.790959" lon="-0.047094">
        <ele>116.248243</ele>
        <time>2026-03-25T12:04:55.322Z</time>
      </trkpt>
      <trkpt lat="38.791616" lon="-0.046576">
        <ele>112.702209</ele>
        <time>2026-03-25T12:05:05.903Z</time>
      </trkpt>
      <trkpt lat="38.791731" lon="-0.046494">
        <ele>112.097208</ele>
        <time>2026-03-25T12:05:07.683Z</time>
      </trkpt>
      <trkpt lat="38.792247" lon="-0.046126">
        <ele>109.421580</ele>
        <time>2026-03-25T12:05:15.626Z</time>
      </trkpt>
      <trkpt lat="38.792524" lon="-0.045893">
        <ele>107.969509</ele>
        <time>2026-03-25T12:05:20.167Z</time>
      </trkpt>
      <trkpt lat="38.792674" lon="-0.045666">
        <ele>106.952624</ele>
        <time>2026-03-25T12:05:23.368Z</time>
      </trkpt>
      <trkpt lat="38.792822" lon="-0.045289">
        <ele>105.510269</ele>
        <time>2026-03-25T12:05:27.895Z</time>
      </trkpt>
      <trkpt lat="38.792958" lon="-0.044930">
        <ele>104.146374</ele>
        <time>2026-03-25T12:05:32.196Z</time>
      </trkpt>
      <trkpt lat="38.793287" lon="-0.044296">
        <ele>101.763264</ele>
        <time>2026-03-25T12:05:40.553Z</time>
      </trkpt>
      <trkpt lat="38.793418" lon="-0.043994">
        <ele>100.909569</ele>
        <time>2026-03-25T12:05:44.440Z</time>
      </trkpt>
      <trkpt lat="38.794163" lon="-0.043155">
        <ele>97.768091</ele>
        <time>2026-03-25T12:05:58.980Z</time>
      </trkpt>
      <trkpt lat="38.794368" lon="-0.042755">
        <ele>96.592937</ele>
        <time>2026-03-25T12:06:04.581Z</time>
      </trkpt>
      <trkpt lat="38.794447" lon="-0.042657">
        <ele>96.295626</ele>
        <time>2026-03-25T12:06:06.222Z</time>
      </trkpt>
      <trkpt lat="38.794760" lon="-0.042365">
        <ele>95.248572</ele>
        <time>2026-03-25T12:06:12.041Z</time>
      </trkpt>
      <trkpt lat="38.795388" lon="-0.041596">
        <ele>92.899811</ele>
        <time>2026-03-25T12:06:25.079Z</time>
      </trkpt>
      <trkpt lat="38.795673" lon="-0.041263">
        <ele>91.856888</ele>
        <time>2026-03-25T12:06:30.819Z</time>
      </trkpt>
      <trkpt lat="38.796059" lon="-0.040690">
        <ele>90.445327</ele>
        <time>2026-03-25T12:06:39.727Z</time>
      </trkpt>
      <trkpt lat="38.796450" lon="-0.040274">
        <ele>89.239962</ele>
        <time>2026-03-25T12:06:47.463Z</time>
      </trkpt>
      <trkpt lat="38.796622" lon="-0.040041">
        <ele>88.646411</ele>
        <time>2026-03-25T12:06:51.329Z</time>
      </trkpt>
      <trkpt lat="38.797073" lon="-0.039275">
        <ele>87.028416</ele>
        <time>2026-03-25T12:07:03.083Z</time>
      </trkpt>
      <trkpt lat="38.797149" lon="-0.039046">
        <ele>86.683193</ele>
        <time>2026-03-25T12:07:06.227Z</time>
      </trkpt>
      <trkpt lat="38.797406" lon="-0.038495">
        <ele>85.792547</ele>
        <time>2026-03-25T12:07:14.324Z</time>
      </trkpt>
      <trkpt lat="38.797836" lon="-0.037720">
        <ele>84.473050</ele>
        <time>2026-03-25T12:07:26.288Z</time>
      </trkpt>
      <trkpt lat="38.798063" lon="-0.037187">
        <ele>83.588684</ele>
        <time>2026-03-25T12:07:33.828Z</time>
      </trkpt>
      <trkpt lat="38.798336" lon="-0.036628">
        <ele>82.616405</ele>
        <time>2026-03-25T12:07:42.070Z</time>
      </trkpt>
      <trkpt lat="38.798592" lon="-0.036266">
        <ele>81.895963</ele>
        <time>2026-03-25T12:07:48.092Z</time>
      </trkpt>
      <trkpt lat="38.798910" lon="-0.035538">
        <ele>80.685182</ele>
        <time>2026-03-25T12:07:58.317Z</time>
      </trkpt>
      <trkpt lat="38.799062" lon="-0.035245">
        <ele>80.209298</ele>
        <time>2026-03-25T12:08:02.668Z</time>
      </trkpt>
      <trkpt lat="38.799334" lon="-0.034956">
        <ele>79.596650</ele>
        <time>2026-03-25T12:08:08.276Z</time>
      </trkpt>
      <trkpt lat="38.800079" lon="-0.033971">
        <ele>77.753765</ele>
        <time>2026-03-25T12:08:25.595Z</time>
      </trkpt>
      <trkpt lat="38.800974" lon="-0.032991">
        <ele>76.418910</ele>
        <time>2026-03-25T12:08:45.976Z</time>
      </trkpt>
      <trkpt lat="38.801065" lon="-0.032837">
        <ele>76.248033</ele>
        <time>2026-03-25T12:08:48.627Z</time>
      </trkpt>
      <trkpt lat="38.801164" lon="-0.032602">
        <ele>76.011840</ele>
        <time>2026-03-25T12:08:52.237Z</time>
      </trkpt>
      <trkpt lat="38.801436" lon="-0.031840">
        <ele>75.114372</ele>
        <time>2026-03-25T12:09:03.281Z</time>
      </trkpt>
      <trkpt lat="38.801774" lon="-0.030657">
        <ele>73.626969</ele>
        <time>2026-03-25T12:09:19.178Z</time>
      </trkpt>
      <trkpt lat="38.801970" lon="-0.029702">
        <ele>72.535020</ele>
        <time>2026-03-25T12:09:31.611Z</time>
      </trkpt>
      <trkpt lat="38.802072" lon="-0.029420">
        <ele>72.217128</ele>
        <time>2026-03-25T12:09:35.550Z</time>
      </trkpt>
      <trkpt lat="38.802225" lon="-0.029199">
        <ele>71.914864</ele>
        <time>2026-03-25T12:09:39.370Z</time>
      </trkpt>
      <trkpt lat="38.802481" lon="-0.028872">
        <ele>71.440926</ele>
        <time>2026-03-25T12:09:45.518Z</time>
      </trkpt>
      <trkpt lat="38.802759" lon="-0.028639">
        <ele>71.005260</ele>
        <time>2026-03-25T12:09:51.321Z</time>
      </trkpt>
      <trkpt lat="38.802935" lon="-0.028504">
        <ele>70.736224</ele>
        <time>2026-03-25T12:09:54.932Z</time>
      </trkpt>
      <trkpt lat="38.803041" lon="-0.028383">
        <ele>70.564552</ele>
        <time>2026-03-25T12:09:57.401Z</time>
      </trkpt>
      <trkpt lat="38.803216" lon="-0.028067">
        <ele>70.223855</ele>
        <time>2026-03-25T12:10:02.635Z</time>
      </trkpt>
      <trkpt lat="38.803420" lon="-0.027602">
        <ele>69.754885</ele>
        <time>2026-03-25T12:10:09.851Z</time>
      </trkpt>
      <trkpt lat="38.803574" lon="-0.027296">
        <ele>69.434756</ele>
        <time>2026-03-25T12:10:14.785Z</time>
      </trkpt>
      <trkpt lat="38.803929" lon="-0.026845">
        <ele>68.871395</ele>
        <time>2026-03-25T12:10:23.192Z</time>
      </trkpt>
      <trkpt lat="38.803994" lon="-0.026616">
        <ele>68.657208</ele>
        <time>2026-03-25T12:10:26.353Z</time>
      </trkpt>
      <trkpt lat="38.804097" lon="-0.025907">
        <ele>67.898620</ele>
        <time>2026-03-25T12:10:35.635Z</time>
      </trkpt>
      <trkpt lat="38.804423" lon="-0.024663">
        <ele>66.505887</ele>
        <time>2026-03-25T12:10:52.698Z</time>
      </trkpt>
      <trkpt lat="38.804631" lon="-0.024261">
        <ele>65.994025</ele>
        <time>2026-03-25T12:10:58.987Z</time>
      </trkpt>
      <trkpt lat="38.805668" lon="-0.022567">
        <ele>63.711592</ele>
        <time>2026-03-25T12:11:26.999Z</time>
      </trkpt>
      <trkpt lat="38.805967" lon="-0.022023">
        <ele>63.046848</ele>
        <time>2026-03-25T12:11:35.770Z</time>
      </trkpt>
      <trkpt lat="38.806168" lon="-0.021551">
        <ele>62.509742</ele>
        <time>2026-03-25T12:11:42.778Z</time>
      </trkpt>
      <trkpt lat="38.806473" lon="-0.020959">
        <ele>61.801080</ele>
        <time>2026-03-25T12:11:52.002Z</time>
      </trkpt>
      <trkpt lat="38.806669" lon="-0.020647">
        <ele>61.407976</ele>
        <time>2026-03-25T12:11:57.279Z</time>
      </trkpt>
      <trkpt lat="38.806879" lon="-0.020084">
        <ele>60.975257</ele>
        <time>2026-03-25T12:12:05.706Z</time>
      </trkpt>
      <trkpt lat="38.806974" lon="-0.019662">
        <ele>60.670735</ele>
        <time>2026-03-25T12:12:11.679Z</time>
      </trkpt>
      <trkpt lat="38.806984" lon="-0.019510">
        <ele>60.564984</ele>
        <time>2026-03-25T12:12:13.783Z</time>
      </trkpt>
      <trkpt lat="38.806921" lon="-0.019139">
        <ele>60.301746</ele>
        <time>2026-03-25T12:12:19.108Z</time>
      </trkpt>
      <trkpt lat="38.806964" lon="-0.019022">
        <ele>60.212065</ele>
        <time>2026-03-25T12:12:20.397Z</time>
      </trkpt>
      <trkpt lat="38.807119" lon="-0.018298">
        <ele>59.668149</ele>
        <time>2026-03-25T12:12:27.975Z</time>
      </trkpt>
      <trkpt lat="38.807217" lon="-0.018022">
        <ele>59.420713</ele>
        <time>2026-03-25T12:12:31.004Z</time>
      </trkpt>
      <trkpt lat="38.807781" lon="-0.017084">
        <ele>58.454168</ele>
        <time>2026-03-25T12:12:42.156Z</time>
      </trkpt>
      <trkpt lat="38.807934" lon="-0.016876">
        <ele>58.220823</ele>
        <time>2026-03-25T12:12:44.805Z</time>
      </trkpt>
      <trkpt lat="38.808911" lon="-0.015783">
        <ele>56.560299</ele>
        <time>2026-03-25T12:13:00.061Z</time>
      </trkpt>
      <trkpt lat="38.809225" lon="-0.015300">
        <ele>55.902497</ele>
        <time>2026-03-25T12:13:05.708Z</time>
      </trkpt>
      <trkpt lat="38.809604" lon="-0.014686">
        <ele>55.092813</ele>
        <time>2026-03-25T12:13:12.803Z</time>
      </trkpt>
      <trkpt lat="38.809762" lon="-0.014515">
        <ele>54.821344</ele>
        <time>2026-03-25T12:13:15.205Z</time>
      </trkpt>
      <trkpt lat="38.809920" lon="-0.014390">
        <ele>54.577557</ele>
        <time>2026-03-25T12:13:17.361Z</time>
      </trkpt>
      <trkpt lat="38.810189" lon="-0.014172">
        <ele>54.159693</ele>
        <time>2026-03-25T12:13:21.048Z</time>
      </trkpt>
      <trkpt lat="38.810376" lon="-0.013978">
        <ele>53.843864</ele>
        <time>2026-03-25T12:13:23.861Z</time>
      </trkpt>
      <trkpt lat="38.810409" lon="-0.013941">
        <ele>53.786309</ele>
        <time>2026-03-25T12:13:24.370Z</time>
      </trkpt>
      <trkpt lat="38.811143" lon="-0.012946">
        <ele>52.503148</ele>
        <time>2026-03-25T12:13:37.234Z</time>
      </trkpt>
      <trkpt lat="38.811266" lon="-0.012781">
        <ele>52.305112</ele>
        <time>2026-03-25T12:13:39.436Z</time>
      </trkpt>
      <trkpt lat="38.811704" lon="-0.012177">
        <ele>51.589541</ele>
        <time>2026-03-25T12:13:47.340Z</time>
      </trkpt>
      <trkpt lat="38.811919" lon="-0.011760">
        <ele>51.153730</ele>
        <time>2026-03-25T12:13:51.985Z</time>
      </trkpt>
      <trkpt lat="38.812142" lon="-0.011234">
        <ele>50.470896</ele>
        <time>2026-03-25T12:13:57.444Z</time>
      </trkpt>
      <trkpt lat="38.812570" lon="-0.010298">
        <ele>49.233363</ele>
        <time>2026-03-25T12:14:07.074Z</time>
      </trkpt>
      <trkpt lat="38.813101" lon="-0.009174">
        <ele>48.040307</ele>
        <time>2026-03-25T12:14:18.833Z</time>
      </trkpt>
      <trkpt lat="38.813563" lon="-0.008160">
        <ele>47.215403</ele>
        <time>2026-03-25T12:14:30.446Z</time>
      </trkpt>
      <trkpt lat="38.813775" lon="-0.007636">
        <ele>46.858772</ele>
        <time>2026-03-25T12:14:36.619Z</time>
      </trkpt>
      <trkpt lat="38.814510" lon="-0.005960">
        <ele>46.228530</ele>
        <time>2026-03-25T12:14:57.454Z</time>
      </trkpt>
      <trkpt lat="38.815066" lon="-0.004861">
        <ele>45.315712</ele>
        <time>2026-03-25T12:15:10.190Z</time>
      </trkpt>
      <trkpt lat="38.815395" lon="-0.004332">
        <ele>44.790957</ele>
        <time>2026-03-25T12:15:16.453Z</time>
      </trkpt>
      <trkpt lat="38.815584" lon="-0.004011">
        <ele>44.479028</ele>
        <time>2026-03-25T12:15:20.148Z</time>
      </trkpt>
      <trkpt lat="38.815646" lon="-0.003864">
        <ele>44.350822</ele>
        <time>2026-03-25T12:15:21.686Z</time>
      </trkpt>
      <trkpt lat="38.816052" lon="-0.002693">
        <ele>43.455799</ele>
        <time>2026-03-25T12:15:33.802Z</time>
      </trkpt>
      <trkpt lat="38.816284" lon="-0.002086">
        <ele>42.983676</ele>
        <time>2026-03-25T12:15:40.491Z</time>
      </trkpt>
      <trkpt lat="38.816781" lon="-0.000915">
        <ele>42.378740</ele>
        <time>2026-03-25T12:15:54.173Z</time>
      </trkpt>
      <trkpt lat="38.817173" lon="0.000113">
        <ele>41.952585</ele>
        <time>2026-03-25T12:16:05.985Z</time>
      </trkpt>
      <trkpt lat="38.817379" lon="0.000767">
        <ele>41.788179</ele>
        <time>2026-03-25T12:16:13.938Z</time>
      </trkpt>
      <trkpt lat="38.817470" lon="0.001251">
        <ele>41.693000</ele>
        <time>2026-03-25T12:16:19.620Z</time>
      </trkpt>
      <trkpt lat="38.817463" lon="0.001504">
        <ele>41.644605</ele>
        <time>2026-03-25T12:16:22.431Z</time>
      </trkpt>
      <trkpt lat="38.817440" lon="0.001572">
        <ele>41.630434</ele>
        <time>2026-03-25T12:16:23.239Z</time>
      </trkpt>
      <trkpt lat="38.817449" lon="0.001675">
        <ele>41.610620</ele>
        <time>2026-03-25T12:16:24.393Z</time>
      </trkpt>
      <trkpt lat="38.817501" lon="0.001754">
        <ele>41.590851</ele>
        <time>2026-03-25T12:16:25.543Z</time>
      </trkpt>
      <trkpt lat="38.817526" lon="0.001770">
        <ele>41.583997</ele>
        <time>2026-03-25T12:16:25.950Z</time>
      </trkpt>
      <trkpt lat="38.817710" lon="0.001918">
        <ele>41.530719</ele>
        <time>2026-03-25T12:16:29.110Z</time>
      </trkpt>
      <trkpt lat="38.817897" lon="0.002277">
        <ele>41.442049</ele>
        <time>2026-03-25T12:16:33.824Z</time>
      </trkpt>
      <trkpt lat="38.818069" lon="0.002693">
        <ele>41.120823</ele>
        <time>2026-03-25T12:16:38.393Z</time>
      </trkpt>
      <trkpt lat="38.818260" lon="0.003160">
        <ele>40.761069</ele>
        <time>2026-03-25T12:16:43.380Z</time>
      </trkpt>
      <trkpt lat="38.818508" lon="0.003620">
        <ele>40.379519</ele>
        <time>2026-03-25T12:16:48.712Z</time>
      </trkpt>
      <trkpt lat="38.818658" lon="0.003859">
        <ele>40.170190</ele>
        <time>2026-03-25T12:16:51.636Z</time>
      </trkpt>
      <trkpt lat="38.819170" lon="0.004656">
        <ele>39.506664</ele>
        <time>2026-03-25T12:17:01.469Z</time>
      </trkpt>
      <trkpt lat="38.819633" lon="0.005344">
        <ele>38.948611</ele>
        <time>2026-03-25T12:17:10.591Z</time>
      </trkpt>
      <trkpt lat="38.820051" lon="0.005937">
        <ele>38.457645</ele>
        <time>2026-03-25T12:17:18.566Z</time>
      </trkpt>
      <trkpt lat="38.820350" lon="0.006382">
        <ele>38.067676</ele>
        <time>2026-03-25T12:17:24.351Z</time>
      </trkpt>
      <trkpt lat="38.820673" lon="0.006967">
        <ele>37.591849</ele>
        <time>2026-03-25T12:17:31.422Z</time>
      </trkpt>
      <trkpt lat="38.820927" lon="0.007501">
        <ele>37.176647</ele>
        <time>2026-03-25T12:17:37.517Z</time>
      </trkpt>
      <trkpt lat="38.821255" lon="0.008172">
        <ele>36.529424</ele>
        <time>2026-03-25T12:17:44.949Z</time>
      </trkpt>
      <trkpt lat="38.821393" lon="0.008446">
        <ele>36.217508</ele>
        <time>2026-03-25T12:17:47.941Z</time>
      </trkpt>
      <trkpt lat="38.821821" lon="0.009253">
        <ele>35.284216</ele>
        <time>2026-03-25T12:17:56.979Z</time>
      </trkpt>
      <trkpt lat="38.822678" lon="0.011074">
        <ele>33.309747</ele>
        <time>2026-03-25T12:18:16.578Z</time>
      </trkpt>
      <trkpt lat="38.822794" lon="0.011303">
        <ele>33.059170</ele>
        <time>2026-03-25T12:18:19.066Z</time>
      </trkpt>
      <trkpt lat="38.822940" lon="0.011786">
        <ele>32.593523</ele>
        <time>2026-03-25T12:18:23.850Z</time>
      </trkpt>
      <trkpt lat="38.822933" lon="0.011832">
        <ele>32.573525</ele>
        <time>2026-03-25T12:18:24.301Z</time>
      </trkpt>
      <trkpt lat="38.822940" lon="0.011925">
        <ele>32.533661</ele>
        <time>2026-03-25T12:18:25.204Z</time>
      </trkpt>
      <trkpt lat="38.822994" lon="0.012030">
        <ele>32.479981</ele>
        <time>2026-03-25T12:18:26.423Z</time>
      </trkpt>
      <trkpt lat="38.823083" lon="0.012082">
        <ele>32.426428</ele>
        <time>2026-03-25T12:18:27.665Z</time>
      </trkpt>
      <trkpt lat="38.823153" lon="0.012078">
        <ele>32.388055</ele>
        <time>2026-03-25T12:18:28.567Z</time>
      </trkpt>
      <trkpt lat="38.823314" lon="0.012138">
        <ele>32.296243</ele>
        <time>2026-03-25T12:18:30.778Z</time>
      </trkpt>
      <trkpt lat="38.823615" lon="0.012346">
        <ele>32.109032</ele>
        <time>2026-03-25T12:18:35.408Z</time>
      </trkpt>
      <trkpt lat="38.823843" lon="0.012397">
        <ele>31.982287</ele>
        <time>2026-03-25T12:18:38.536Z</time>
      </trkpt>
      <trkpt lat="38.824181" lon="0.012379">
        <ele>31.797024</ele>
        <time>2026-03-25T12:18:43.059Z</time>
      </trkpt>
      <trkpt lat="38.824301" lon="0.012403">
        <ele>31.730513</ele>
        <time>2026-03-25T12:18:44.722Z</time>
      </trkpt>
      <trkpt lat="38.824392" lon="0.012467">
        <ele>31.673687</ele>
        <time>2026-03-25T12:18:46.183Z</time>
      </trkpt>
      <trkpt lat="38.824436" lon="0.012537">
        <ele>31.635313</ele>
        <time>2026-03-25T12:18:47.220Z</time>
      </trkpt>
      <trkpt lat="38.824457" lon="0.012612">
        <ele>31.608030</ele>
        <time>2026-03-25T12:18:48.148Z</time>
      </trkpt>
      <trkpt lat="38.824456" lon="0.012766">
        <ele>31.570702</ele>
        <time>2026-03-25T12:18:49.919Z</time>
      </trkpt>
      <trkpt lat="38.824423" lon="0.012892">
        <ele>31.538481</ele>
        <time>2026-03-25T12:18:51.446Z</time>
      </trkpt>
      <trkpt lat="38.824415" lon="0.013105">
        <ele>31.486793</ele>
        <time>2026-03-25T12:18:53.780Z</time>
      </trkpt>
      <trkpt lat="38.824460" lon="0.013310">
        <ele>31.435169</ele>
        <time>2026-03-25T12:18:55.960Z</time>
      </trkpt>
      <trkpt lat="38.824502" lon="0.013403">
        <ele>31.409113</ele>
        <time>2026-03-25T12:18:57.011Z</time>
      </trkpt>
      <trkpt lat="38.824619" lon="0.013555">
        <ele>31.357321</ele>
        <time>2026-03-25T12:18:59.087Z</time>
      </trkpt>
      <trkpt lat="38.824690" lon="0.013611">
        <ele>31.331394</ele>
        <time>2026-03-25T12:19:00.133Z</time>
      </trkpt>
      <trkpt lat="38.824850" lon="0.013673">
        <ele>31.279396</ele>
        <time>2026-03-25T12:19:02.234Z</time>
      </trkpt>
      <trkpt lat="38.824880" lon="0.013678">
        <ele>31.269984</ele>
        <time>2026-03-25T12:19:02.622Z</time>
      </trkpt>
      <trkpt lat="38.824974" lon="0.013743">
        <ele>31.236764</ele>
        <time>2026-03-25T12:19:03.956Z</time>
      </trkpt>
      <trkpt lat="38.825071" lon="0.013865">
        <ele>31.194513</ele>
        <time>2026-03-25T12:19:05.731Z</time>
      </trkpt>
      <trkpt lat="38.825105" lon="0.013960">
        <ele>31.169173</ele>
        <time>2026-03-25T12:19:06.838Z</time>
      </trkpt>
      <trkpt lat="38.825163" lon="0.014330">
        <ele>31.077693</ele>
        <time>2026-03-25T12:19:11.088Z</time>
      </trkpt>
      <trkpt lat="38.825190" lon="0.014493">
        <ele>31.110182</ele>
        <time>2026-03-25T12:19:13.232Z</time>
      </trkpt>
      <trkpt lat="38.825271" lon="0.014746">
        <ele>31.285839</ele>
        <time>2026-03-25T12:19:17.074Z</time>
      </trkpt>
      <trkpt lat="38.825318" lon="0.014856">
        <ele>31.366405</ele>
        <time>2026-03-25T12:19:18.807Z</time>
      </trkpt>
      <trkpt lat="38.825381" lon="0.014987">
        <ele>31.465269</ele>
        <time>2026-03-25T12:19:20.920Z</time>
      </trkpt>
      <trkpt lat="38.825628" lon="0.015497">
        <ele>31.850908</ele>
        <time>2026-03-25T12:19:29.292Z</time>
      </trkpt>
      <trkpt lat="38.825646" lon="0.015532">
        <ele>31.877840</ele>
        <time>2026-03-25T12:19:29.916Z</time>
      </trkpt>
      <trkpt lat="38.825738" lon="0.015689">
        <ele>32.004000</ele>
        <time>2026-03-25T12:19:33.011Z</time>
      </trkpt>
      <trkpt lat="38.825866" lon="0.015820">
        <ele>32.138942</ele>
        <time>2026-03-25T12:19:36.436Z</time>
      </trkpt>
      <trkpt lat="38.825952" lon="0.015918">
        <ele>32.233737</ele>
        <time>2026-03-25T12:19:38.775Z</time>
      </trkpt>
      <trkpt lat="38.825979" lon="0.016039">
        <ele>32.314565</ele>
        <time>2026-03-25T12:19:40.794Z</time>
      </trkpt>
      <trkpt lat="38.826013" lon="0.015981">
        <ele>32.361177</ele>
        <time>2026-03-25T12:19:41.892Z</time>
      </trkpt>
      <trkpt lat="38.826131" lon="0.015829">
        <ele>32.498977</ele>
        <time>2026-03-25T12:19:45.255Z</time>
      </trkpt>
      <trkpt lat="38.826279" lon="0.015665">
        <ele>32.585447</ele>
        <time>2026-03-25T12:19:50.067Z</time>
      </trkpt>
      <trkpt lat="38.826850" lon="0.015449">
        <ele>32.771321</ele>
        <time>2026-03-25T12:19:59.942Z</time>
      </trkpt>
      <trkpt lat="38.827553" lon="0.015199">
        <ele>32.999099</ele>
        <time>2026-03-25T12:20:10.137Z</time>
      </trkpt>
      <trkpt lat="38.828389" lon="0.014908">
        <ele>32.904382</ele>
        <time>2026-03-25T12:20:24.549Z</time>
      </trkpt>
      <trkpt lat="38.828891" lon="0.014715">
        <ele>32.712430</ele>
        <time>2026-03-25T12:20:32.389Z</time>
      </trkpt>
      <trkpt lat="38.829219" lon="0.014601">
        <ele>32.587958</ele>
        <time>2026-03-25T12:20:36.834Z</time>
      </trkpt>
      <trkpt lat="38.829363" lon="0.014550">
        <ele>32.533240</ele>
        <time>2026-03-25T12:20:38.651Z</time>
      </trkpt>
      <trkpt lat="38.829488" lon="0.014499">
        <ele>32.485196</ele>
        <time>2026-03-25T12:20:40.227Z</time>
      </trkpt>
      <trkpt lat="38.829695" lon="0.014422">
        <ele>32.235371</ele>
        <time>2026-03-25T12:20:42.707Z</time>
      </trkpt>
      <trkpt lat="38.829776" lon="0.014393">
        <ele>32.060064</ele>
        <time>2026-03-25T12:20:43.644Z</time>
      </trkpt>
      <trkpt lat="38.829919" lon="0.014341">
        <ele>31.750221</ele>
        <time>2026-03-25T12:20:45.276Z</time>
      </trkpt>
      <trkpt lat="38.830256" lon="0.014223">
        <ele>31.022007</ele>
        <time>2026-03-25T12:20:48.983Z</time>
      </trkpt>
      <trkpt lat="38.830418" lon="0.014199">
        <ele>30.682042</ele>
        <time>2026-03-25T12:20:50.685Z</time>
      </trkpt>
      <trkpt lat="38.830529" lon="0.014208">
        <ele>30.450178</ele>
        <time>2026-03-25T12:20:51.843Z</time>
      </trkpt>
      <trkpt lat="38.830650" lon="0.014276">
        <ele>30.174815</ele>
        <time>2026-03-25T12:20:53.227Z</time>
      </trkpt>
      <trkpt lat="38.830686" lon="0.014292">
        <ele>30.095394</ele>
        <time>2026-03-25T12:20:53.625Z</time>
      </trkpt>
      <trkpt lat="38.830751" lon="0.014365">
        <ele>29.915349</ele>
        <time>2026-03-25T12:20:54.542Z</time>
      </trkpt>
      <trkpt lat="38.830822" lon="0.014546">
        <ele>29.586244</ele>
        <time>2026-03-25T12:20:56.243Z</time>
      </trkpt>
      <trkpt lat="38.830898" lon="0.014927">
        <ele>28.947540</ele>
        <time>2026-03-25T12:21:01.026Z</time>
      </trkpt>
      <trkpt lat="38.830922" lon="0.015050">
        <ele>28.741619</ele>
        <time>2026-03-25T12:21:02.593Z</time>
      </trkpt>
      <trkpt lat="38.830949" lon="0.015173">
        <ele>28.580268</ele>
        <time>2026-03-25T12:21:04.180Z</time>
      </trkpt>
      <trkpt lat="38.830979" lon="0.015344">
        <ele>28.378314</ele>
        <time>2026-03-25T12:21:06.388Z</time>
      </trkpt>
      <trkpt lat="38.831064" lon="0.015744">
        <ele>27.900611</ele>
        <time>2026-03-25T12:21:11.722Z</time>
      </trkpt>
      <trkpt lat="38.831170" lon="0.015984">
        <ele>27.582741</ele>
        <time>2026-03-25T12:21:15.298Z</time>
      </trkpt>
      <trkpt lat="38.831477" lon="0.016597">
        <ele>26.743105</ele>
        <time>2026-03-25T12:21:24.664Z</time>
      </trkpt>
      <trkpt lat="38.831777" lon="0.017023">
        <ele>26.081458</ele>
        <time>2026-03-25T12:21:32.155Z</time>
      </trkpt>
      <trkpt lat="38.831871" lon="0.017195">
        <ele>25.900253</ele>
        <time>2026-03-25T12:21:34.934Z</time>
      </trkpt>
      <trkpt lat="38.832296" lon="0.018283">
        <ele>24.939283</ele>
        <time>2026-03-25T12:21:51.494Z</time>
      </trkpt>
      <trkpt lat="38.832610" lon="0.018995">
        <ele>24.293298</ele>
        <time>2026-03-25T12:22:02.597Z</time>
      </trkpt>
      <trkpt lat="38.832837" lon="0.019330">
        <ele>23.946403</ele>
        <time>2026-03-25T12:22:08.606Z</time>
      </trkpt>
      <trkpt lat="38.833108" lon="0.019729">
        <ele>23.534187</ele>
        <time>2026-03-25T12:22:15.715Z</time>
      </trkpt>
      <trkpt lat="38.833157" lon="0.019887">
        <ele>23.401761</ele>
        <time>2026-03-25T12:22:17.992Z</time>
      </trkpt>
      <trkpt lat="38.833146" lon="0.020045">
        <ele>23.278237</ele>
        <time>2026-03-25T12:22:20.115Z</time>
      </trkpt>
      <trkpt lat="38.833112" lon="0.020153">
        <ele>23.187530</ele>
        <time>2026-03-25T12:22:21.670Z</time>
      </trkpt>
      <trkpt lat="38.833151" lon="0.020258">
        <ele>23.096948</ele>
        <time>2026-03-25T12:22:23.253Z</time>
      </trkpt>
      <trkpt lat="38.833239" lon="0.020289">
        <ele>23.005727</ele>
        <time>2026-03-25T12:22:24.823Z</time>
      </trkpt>
      <trkpt lat="38.833315" lon="0.020224">
        <ele>22.914438</ele>
        <time>2026-03-25T12:22:26.409Z</time>
      </trkpt>
      <trkpt lat="38.833440" lon="0.020246">
        <ele>22.788314</ele>
        <time>2026-03-25T12:22:28.613Z</time>
      </trkpt>
      <trkpt lat="38.833532" lon="0.020392">
        <ele>22.642085</ele>
        <time>2026-03-25T12:22:30.428Z</time>
      </trkpt>
      <trkpt lat="38.833588" lon="0.020551">
        <ele>22.506206</ele>
        <time>2026-03-25T12:22:32.125Z</time>
      </trkpt>
      <trkpt lat="38.833631" lon="0.020943">
        <ele>22.221004</ele>
        <time>2026-03-25T12:22:35.937Z</time>
      </trkpt>
      <trkpt lat="38.833886" lon="0.021793">
        <ele>21.588202</ele>
        <time>2026-03-25T12:22:44.495Z</time>
      </trkpt>
      <trkpt lat="38.834024" lon="0.022131">
        <ele>21.323083</ele>
        <time>2026-03-25T12:22:48.187Z</time>
      </trkpt>
      <trkpt lat="38.834055" lon="0.022207">
        <ele>21.263483</ele>
        <time>2026-03-25T12:22:49.026Z</time>
      </trkpt>
      <trkpt lat="38.834206" lon="0.022610">
        <ele>20.952802</ele>
        <time>2026-03-25T12:22:53.504Z</time>
      </trkpt>
      <trkpt lat="38.834496" lon="0.023943">
        <ele>20.217678</ele>
        <time>2026-03-25T12:23:07.427Z</time>
      </trkpt>
      <trkpt lat="38.834569" lon="0.024204">
        <ele>20.078447</ele>
        <time>2026-03-25T12:23:10.252Z</time>
      </trkpt>
      <trkpt lat="38.834710" lon="0.024540">
        <ele>19.886831</ele>
        <time>2026-03-25T12:23:14.118Z</time>
      </trkpt>
      <trkpt lat="38.835020" lon="0.025155">
        <ele>19.524734</ele>
        <time>2026-03-25T12:23:21.496Z</time>
      </trkpt>
      <trkpt lat="38.835250" lon="0.025554">
        <ele>19.286477</ele>
        <time>2026-03-25T12:23:26.475Z</time>
      </trkpt>
      <trkpt lat="38.835497" lon="0.025802">
        <ele>19.093252</ele>
        <time>2026-03-25T12:23:30.476Z</time>
      </trkpt>
      <trkpt lat="38.835744" lon="0.025988">
        <ele>18.916796</ele>
        <time>2026-03-25T12:23:34.154Z</time>
      </trkpt>
      <trkpt lat="38.835907" lon="0.026171">
        <ele>18.783364</ele>
        <time>2026-03-25T12:23:36.998Z</time>
      </trkpt>
      <trkpt lat="38.836055" lon="0.026431">
        <ele>18.628794</ele>
        <time>2026-03-25T12:23:40.319Z</time>
      </trkpt>
      <trkpt lat="38.836097" lon="0.026592">
        <ele>18.547297</ele>
        <time>2026-03-25T12:23:42.079Z</time>
      </trkpt>
      <trkpt lat="38.836133" lon="0.026789">
        <ele>18.459651</ele>
        <time>2026-03-25T12:23:44.185Z</time>
      </trkpt>
      <trkpt lat="38.836184" lon="0.026882">
        <ele>18.410820</ele>
        <time>2026-03-25T12:23:45.378Z</time>
      </trkpt>
      <trkpt lat="38.837339" lon="0.028306">
        <ele>17.511275</ele>
        <time>2026-03-25T12:24:06.509Z</time>
      </trkpt>
      <trkpt lat="38.837831" lon="0.028976">
        <ele>16.789594</ele>
        <time>2026-03-25T12:24:15.523Z</time>
      </trkpt>
      <trkpt lat="38.837999" lon="0.029169">
        <ele>16.562755</ele>
        <time>2026-03-25T12:24:18.258Z</time>
      </trkpt>
      <trkpt lat="38.838426" lon="0.029440">
        <ele>16.083475</ele>
        <time>2026-03-25T12:24:23.908Z</time>
      </trkpt>
      <trkpt lat="38.839791" lon="0.029993">
        <ele>14.482388</ele>
        <time>2026-03-25T12:24:40.705Z</time>
      </trkpt>
      <trkpt lat="38.839976" lon="0.030070">
        <ele>14.257971</ele>
        <time>2026-03-25T12:24:43.024Z</time>
      </trkpt>
      <trkpt lat="38.840028" lon="0.030095">
        <ele>14.193897</ele>
        <time>2026-03-25T12:24:43.692Z</time>
      </trkpt>
      <trkpt lat="38.840475" lon="0.030440">
        <ele>13.627880</ele>
        <time>2026-03-25T12:24:50.177Z</time>
      </trkpt>
      <trkpt lat="38.841385" lon="0.030910">
        <ele>13.065184</ele>
        <time>2026-03-25T12:25:02.980Z</time>
      </trkpt>
      <trkpt lat="38.841554" lon="0.031032">
        <ele>12.953959</ele>
        <time>2026-03-25T12:25:05.646Z</time>
      </trkpt>
      <trkpt lat="38.841853" lon="0.031341">
        <ele>12.733769</ele>
        <time>2026-03-25T12:25:10.831Z</time>
      </trkpt>
      <trkpt lat="38.842755" lon="0.032368">
        <ele>12.082021</ele>
        <time>2026-03-25T12:25:26.449Z</time>
      </trkpt>
      <trkpt lat="38.843130" lon="0.032849">
        <ele>11.798504</ele>
        <time>2026-03-25T12:25:33.525Z</time>
      </trkpt>
      <trkpt lat="38.843298" lon="0.033044">
        <ele>11.677370</ele>
        <time>2026-03-25T12:25:36.553Z</time>
      </trkpt>
      <trkpt lat="38.843615" lon="0.033237">
        <ele>11.516171</ele>
        <time>2026-03-25T12:25:41.261Z</time>
      </trkpt>
      <trkpt lat="38.844496" lon="0.033611">
        <ele>11.092907</ele>
        <time>2026-03-25T12:25:53.833Z</time>
      </trkpt>
      <trkpt lat="38.845518" lon="0.034081">
        <ele>10.539359</ele>
        <time>2026-03-25T12:26:08.263Z</time>
      </trkpt>
      <trkpt lat="38.845533" lon="0.034088">
        <ele>10.530388</ele>
        <time>2026-03-25T12:26:08.472Z</time>
      </trkpt>
      <trkpt lat="38.846281" lon="0.034455">
        <ele>10.080289</ele>
        <time>2026-03-25T12:26:23.094Z</time>
      </trkpt>
      <trkpt lat="38.846604" lon="0.034719">
        <ele>9.865067</ele>
        <time>2026-03-25T12:26:29.972Z</time>
      </trkpt>
      <trkpt lat="38.847296" lon="0.035375">
        <ele>9.316363</ele>
        <time>2026-03-25T12:26:45.602Z</time>
      </trkpt>
      <trkpt lat="38.847474" lon="0.035606">
        <ele>9.153782</ele>
        <time>2026-03-25T12:26:50.276Z</time>
      </trkpt>
      <trkpt lat="38.847590" lon="0.035903">
        <ele>8.987551</ele>
        <time>2026-03-25T12:26:55.058Z</time>
      </trkpt>
      <trkpt lat="38.847653" lon="0.036027">
        <ele>8.913478</ele>
        <time>2026-03-25T12:26:57.175Z</time>
      </trkpt>
      <trkpt lat="38.847779" lon="0.036188">
        <ele>8.799285</ele>
        <time>2026-03-25T12:27:00.437Z</time>
      </trkpt>
      <trkpt lat="38.847951" lon="0.036298">
        <ele>8.673427</ele>
        <time>2026-03-25T12:27:03.968Z</time>
      </trkpt>
      <trkpt lat="38.849327" lon="0.036979">
        <ele>7.383538</ele>
        <time>2026-03-25T12:27:30.033Z</time>
      </trkpt>
      <trkpt lat="38.849585" lon="0.038023">
        <ele>6.617378</ele>
        <time>2026-03-25T12:27:40.300Z</time>
      </trkpt>
      <trkpt lat="38.849802" lon="0.038547">
        <ele>6.195934</ele>
        <time>2026-03-25T12:27:45.995Z</time>
      </trkpt>
      <trkpt lat="38.850171" lon="0.039250">
        <ele>5.593916</ele>
        <time>2026-03-25T12:27:54.195Z</time>
      </trkpt>
      <trkpt lat="38.850638" lon="0.040160">
        <ele>5.372546</ele>
        <time>2026-03-25T12:28:05.128Z</time>
      </trkpt>
      <trkpt lat="38.850648" lon="0.040293">
        <ele>5.358416</ele>
        <time>2026-03-25T12:28:06.552Z</time>
      </trkpt>
      <trkpt lat="38.850600" lon="0.040450">
        <ele>5.340581</ele>
        <time>2026-03-25T12:28:08.366Z</time>
      </trkpt>
      <trkpt lat="38.850469" lon="0.040736">
        <ele>5.305495</ele>
        <time>2026-03-25T12:28:12.081Z</time>
      </trkpt>
      <trkpt lat="38.850389" lon="0.040947">
        <ele>5.280679</ele>
        <time>2026-03-25T12:28:14.841Z</time>
      </trkpt>
      <trkpt lat="38.850379" lon="0.041190">
        <ele>5.254947</ele>
        <time>2026-03-25T12:28:17.836Z</time>
      </trkpt>
      <trkpt lat="38.850855" lon="0.043735">
        <ele>6.762488</ele>
        <time>2026-03-25T12:28:55.660Z</time>
      </trkpt>
      <trkpt lat="38.850995" lon="0.044457">
        <ele>7.016754</ele>
        <time>2026-03-25T12:29:06.018Z</time>
      </trkpt>
      <trkpt lat="38.851090" lon="0.045205">
        <ele>7.275748</ele>
        <time>2026-03-25T12:29:15.717Z</time>
      </trkpt>
      <trkpt lat="38.851236" lon="0.046357">
        <ele>7.499629</ele>
        <time>2026-03-25T12:29:29.667Z</time>
      </trkpt>
      <trkpt lat="38.851395" lon="0.046678">
        <ele>7.456324</ele>
        <time>2026-03-25T12:29:33.903Z</time>
      </trkpt>
      <trkpt lat="38.851598" lon="0.047039">
        <ele>7.405637</ele>
        <time>2026-03-25T12:29:38.792Z</time>
      </trkpt>
      <trkpt lat="38.851681" lon="0.047259">
        <ele>7.377810</ele>
        <time>2026-03-25T12:29:41.448Z</time>
      </trkpt>
      <trkpt lat="38.851694" lon="0.047328">
        <ele>7.369729</ele>
        <time>2026-03-25T12:29:42.218Z</time>
      </trkpt>
      <trkpt lat="38.851708" lon="0.047553">
        <ele>7.344035</ele>
        <time>2026-03-25T12:29:44.661Z</time>
      </trkpt>
      <trkpt lat="38.851692" lon="0.048148">
        <ele>7.269368</ele>
        <time>2026-03-25T12:29:51.071Z</time>
      </trkpt>
      <trkpt lat="38.851648" lon="0.049260">
        <ele>6.933491</ele>
        <time>2026-03-25T12:30:02.917Z</time>
      </trkpt>
      <trkpt lat="38.851488" lon="0.050344">
        <ele>6.600671</ele>
        <time>2026-03-25T12:30:14.533Z</time>
      </trkpt>
      <trkpt lat="38.852593" lon="0.050520">
        <ele>6.238832</ele>
        <time>2026-03-25T12:30:29.472Z</time>
      </trkpt>
      <trkpt lat="38.856265" lon="0.051010">
        <ele>5.557112</ele>
        <time>2026-03-25T12:31:22.110Z</time>
      </trkpt>
      <trkpt lat="38.858359" lon="0.051359">
        <ele>5.098785</ele>
        <time>2026-03-25T12:31:51.632Z</time>
      </trkpt>
      <trkpt lat="38.858735" lon="0.051416">
        <ele>5.016289</ele>
        <time>2026-03-25T12:31:56.955Z</time>
      </trkpt>
      <trkpt lat="38.858753" lon="0.051418">
        <ele>5.014222</ele>
        <time>2026-03-25T12:31:57.217Z</time>
      </trkpt>
      <trkpt lat="38.858882" lon="0.051500">
        <ele>4.997757</ele>
        <time>2026-03-25T12:32:00.018Z</time>
      </trkpt>
      <trkpt lat="38.858966" lon="0.051631">
        <ele>4.982641</ele>
        <time>2026-03-25T12:32:02.606Z</time>
      </trkpt>
      <trkpt lat="38.858995" lon="0.051718">
        <ele>4.974212</ele>
        <time>2026-03-25T12:32:03.658Z</time>
      </trkpt>
      <trkpt lat="38.859021" lon="0.051751">
        <ele>4.970030</ele>
        <time>2026-03-25T12:32:04.168Z</time>
      </trkpt>
      <trkpt lat="38.859088" lon="0.051786">
        <ele>4.961756</ele>
        <time>2026-03-25T12:32:05.267Z</time>
      </trkpt>
      <trkpt lat="38.859160" lon="0.051773">
        <ele>4.953439</ele>
        <time>2026-03-25T12:32:06.274Z</time>
      </trkpt>
      <trkpt lat="38.859241" lon="0.051658">
        <ele>4.939626</ele>
        <time>2026-03-25T12:32:08.060Z</time>
      </trkpt>
      <trkpt lat="38.859246" lon="0.051605">
        <ele>4.934871</ele>
        <time>2026-03-25T12:32:08.639Z</time>
      </trkpt>
      <trkpt lat="38.859386" lon="0.051508">
        <ele>4.916674</ele>
        <time>2026-03-25T12:32:11.821Z</time>
      </trkpt>
      <trkpt lat="38.860525" lon="0.051730">
        <ele>4.741303</ele>
        <time>2026-03-25T12:32:34.863Z</time>
      </trkpt>
      <trkpt lat="38.860720" lon="0.051728">
        <ele>4.688787</ele>
        <time>2026-03-25T12:32:38.713Z</time>
      </trkpt>
      <trkpt lat="38.860737" lon="0.051733">
        <ele>4.684090</ele>
        <time>2026-03-25T12:32:39.074Z</time>
      </trkpt>
      <trkpt lat="38.860996" lon="0.051781">
        <ele>4.613616</ele>
        <time>2026-03-25T12:32:44.172Z</time>
      </trkpt>
      <trkpt lat="38.861439" lon="0.051869">
        <ele>4.492894</ele>
        <time>2026-03-25T12:32:52.635Z</time>
      </trkpt>
      <trkpt lat="38.861500" lon="0.051880">
        <ele>4.476305</ele>
        <time>2026-03-25T12:32:53.786Z</time>
      </trkpt>
      <trkpt lat="38.861982" lon="0.051978">
        <ele>4.344881</ele>
        <time>2026-03-25T12:33:02.773Z</time>
      </trkpt>
      <trkpt lat="38.862761" lon="0.052116">
        <ele>4.375499</ele>
        <time>2026-03-25T12:33:18.082Z</time>
      </trkpt>
      <trkpt lat="38.861982" lon="0.051978">
        <ele>4.420929</ele>
        <time>2026-03-25T12:33:34.615Z</time>
      </trkpt>
      <trkpt lat="38.861500" lon="0.051880">
        <ele>4.481096</ele>
        <time>2026-03-25T12:33:45.540Z</time>
      </trkpt>
      <trkpt lat="38.861439" lon="0.051869">
        <ele>4.493738</ele>
        <time>2026-03-25T12:33:46.932Z</time>
      </trkpt>
      <trkpt lat="38.860996" lon="0.051781">
        <ele>4.585739</ele>
        <time>2026-03-25T12:33:56.662Z</time>
      </trkpt>
      <trkpt lat="38.860737" lon="0.051733">
        <ele>4.639445</ele>
        <time>2026-03-25T12:34:02.140Z</time>
      </trkpt>
      <trkpt lat="38.860720" lon="0.051728">
        <ele>4.643025</ele>
        <time>2026-03-25T12:34:02.518Z</time>
      </trkpt>
      <trkpt lat="38.860525" lon="0.051730">
        <ele>4.683047</ele>
        <time>2026-03-25T12:34:06.548Z</time>
      </trkpt>
      <trkpt lat="38.859386" lon="0.051508">
        <ele>4.960415</ele>
        <time>2026-03-25T12:34:29.884Z</time>
      </trkpt>
      <trkpt lat="38.859214" lon="0.051492">
        <ele>5.008542</ele>
        <time>2026-03-25T12:34:33.456Z</time>
      </trkpt>
      <trkpt lat="38.859118" lon="0.051426">
        <ele>5.038932</ele>
        <time>2026-03-25T12:34:35.183Z</time>
      </trkpt>
      <trkpt lat="38.859009" lon="0.051131">
        <ele>5.109892</ele>
        <time>2026-03-25T12:34:39.225Z</time>
      </trkpt>
      <trkpt lat="38.858964" lon="0.050845">
        <ele>5.173301</ele>
        <time>2026-03-25T12:34:42.953Z</time>
      </trkpt>
      <trkpt lat="38.858921" lon="0.049455">
        <ele>5.261557</ele>
        <time>2026-03-25T12:35:01.625Z</time>
      </trkpt>
      <trkpt lat="38.858918" lon="0.049309">
        <ele>5.252832</ele>
        <time>2026-03-25T12:35:03.464Z</time>
      </trkpt>
      <trkpt lat="38.858917" lon="0.048717">
        <ele>5.217468</ele>
        <time>2026-03-25T12:35:10.017Z</time>
      </trkpt>
      <trkpt lat="38.858917" lon="0.048608">
        <ele>5.210957</ele>
        <time>2026-03-25T12:35:11.136Z</time>
      </trkpt>
      <trkpt lat="38.858918" lon="0.048292">
        <ele>5.192080</ele>
        <time>2026-03-25T12:35:14.389Z</time>
      </trkpt>
      <trkpt lat="38.858918" lon="0.048155">
        <ele>5.183897</ele>
        <time>2026-03-25T12:35:15.828Z</time>
      </trkpt>
      <trkpt lat="38.858894" lon="0.047316">
        <ele>4.779139</ele>
        <time>2026-03-25T12:35:23.941Z</time>
      </trkpt>
      <trkpt lat="38.858826" lon="0.046460">
        <ele>4.221245</ele>
        <time>2026-03-25T12:35:32.155Z</time>
      </trkpt>
      <trkpt lat="38.858820" lon="0.046375">
        <ele>4.165906</ele>
        <time>2026-03-25T12:35:32.991Z</time>
      </trkpt>
      <trkpt lat="38.858494" lon="0.043099">
        <ele>2.366604</ele>
        <time>2026-03-25T12:36:05.608Z</time>
      </trkpt>
      <trkpt lat="38.858447" lon="0.042612">
        <ele>2.327628</ele>
        <time>2026-03-25T12:36:10.772Z</time>
      </trkpt>
      <trkpt lat="38.858444" lon="0.042576">
        <ele>2.324752</ele>
        <time>2026-03-25T12:36:11.169Z</time>
      </trkpt>
      <trkpt lat="38.858229" lon="0.040281">
        <ele>2.311548</ele>
        <time>2026-03-25T12:36:38.743Z</time>
      </trkpt>
      <trkpt lat="38.858135" lon="0.038785">
        <ele>2.528888</ele>
        <time>2026-03-25T12:36:57.016Z</time>
      </trkpt>
      <trkpt lat="38.858114" lon="0.038489">
        <ele>2.548804</ele>
        <time>2026-03-25T12:37:00.739Z</time>
      </trkpt>
      <trkpt lat="38.858029" lon="0.037101">
        <ele>2.620682</ele>
        <time>2026-03-25T12:37:17.595Z</time>
      </trkpt>
      <trkpt lat="38.857931" lon="0.035524">
        <ele>2.579202</ele>
        <time>2026-03-25T12:37:34.922Z</time>
      </trkpt>
      <trkpt lat="38.857940" lon="0.035133">
        <ele>2.546614</ele>
        <time>2026-03-25T12:37:39.233Z</time>
      </trkpt>
      <trkpt lat="38.858057" lon="0.034579">
        <ele>2.498794</ele>
        <time>2026-03-25T12:37:45.761Z</time>
      </trkpt>
      <trkpt lat="38.858353" lon="0.033788">
        <ele>2.518212</ele>
        <time>2026-03-25T12:37:56.139Z</time>
      </trkpt>
      <trkpt lat="38.858988" lon="0.032144">
        <ele>2.746342</ele>
        <time>2026-03-25T12:38:18.321Z</time>
      </trkpt>
      <trkpt lat="38.859095" lon="0.031851">
        <ele>2.861327</ele>
        <time>2026-03-25T12:38:22.374Z</time>
      </trkpt>
      <trkpt lat="38.859401" lon="0.031041">
        <ele>3.201688</ele>
        <time>2026-03-25T12:38:33.570Z</time>
      </trkpt>
      <trkpt lat="38.859361" lon="0.031016">
        <ele>3.223286</ele>
        <time>2026-03-25T12:38:34.307Z</time>
      </trkpt>
      <trkpt lat="38.858738" lon="0.030624">
        <ele>3.560109</ele>
        <time>2026-03-25T12:38:46.422Z</time>
      </trkpt>
      <trkpt lat="38.857640" lon="0.029931">
        <ele>4.536097</ele>
        <time>2026-03-25T12:39:08.777Z</time>
      </trkpt>
      <trkpt lat="38.856559" lon="0.029242">
        <ele>5.407413</ele>
        <time>2026-03-25T12:39:30.843Z</time>
      </trkpt>
      <trkpt lat="38.856802" lon="0.028808">
        <ele>5.641919</ele>
        <time>2026-03-25T12:39:37.903Z</time>
      </trkpt>
      <trkpt lat="38.855273" lon="0.027532">
        <ele>6.604255</ele>
        <time>2026-03-25T12:40:07.772Z</time>
      </trkpt>
      <trkpt lat="38.855163" lon="0.027440">
        <ele>6.669164</ele>
        <time>2026-03-25T12:40:09.956Z</time>
      </trkpt>
      <trkpt lat="38.854252" lon="0.026696">
        <ele>7.316767</ele>
        <time>2026-03-25T12:40:28.494Z</time>
      </trkpt>
      <trkpt lat="38.853005" lon="0.025659">
        <ele>8.526202</ele>
        <time>2026-03-25T12:40:55.877Z</time>
      </trkpt>
      <trkpt lat="38.852792" lon="0.025273">
        <ele>8.815839</ele>
        <time>2026-03-25T12:41:02.707Z</time>
      </trkpt>
      <trkpt lat="38.852441" lon="0.024532">
        <ele>9.346841</ele>
        <time>2026-03-25T12:41:15.075Z</time>
      </trkpt>
      <trkpt lat="38.851773" lon="0.022978">
        <ele>10.250903</ele>
        <time>2026-03-25T12:41:38.988Z</time>
      </trkpt>
      <trkpt lat="38.851566" lon="0.022427">
        <ele>10.495476</ele>
        <time>2026-03-25T12:41:46.830Z</time>
      </trkpt>
      <trkpt lat="38.851290" lon="0.022168">
        <ele>10.670964</ele>
        <time>2026-03-25T12:41:52.420Z</time>
      </trkpt>
      <trkpt lat="38.851081" lon="0.022002">
        <ele>10.797121</ele>
        <time>2026-03-25T12:41:56.509Z</time>
      </trkpt>
      <trkpt lat="38.850928" lon="0.021896">
        <ele>10.920956</ele>
        <time>2026-03-25T12:41:59.388Z</time>
      </trkpt>
      <trkpt lat="38.850777" lon="0.021719">
        <ele>11.090895</ele>
        <time>2026-03-25T12:42:02.841Z</time>
      </trkpt>
      <trkpt lat="38.850273" lon="0.020949">
        <ele>11.741986</ele>
        <time>2026-03-25T12:42:17.267Z</time>
      </trkpt>
      <trkpt lat="38.850127" lon="0.020642">
        <ele>11.974833</ele>
        <time>2026-03-25T12:42:22.832Z</time>
      </trkpt>
      <trkpt lat="38.849758" lon="0.019928">
        <ele>12.472756</ele>
        <time>2026-03-25T12:42:35.303Z</time>
      </trkpt>
      <trkpt lat="38.849600" lon="0.019705">
        <ele>12.613612</ele>
        <time>2026-03-25T12:42:39.408Z</time>
      </trkpt>
      <trkpt lat="38.849865" lon="0.019218">
        <ele>12.891186</ele>
        <time>2026-03-25T12:42:47.244Z</time>
      </trkpt>
      <trkpt lat="38.849969" lon="0.019025">
        <ele>13.000840</ele>
        <time>2026-03-25T12:42:49.842Z</time>
      </trkpt>
      <trkpt lat="38.850163" lon="0.018691">
        <ele>13.195513</ele>
        <time>2026-03-25T12:42:54.930Z</time>
      </trkpt>
      <trkpt lat="38.849999" lon="0.018324">
        <ele>13.393203</ele>
        <time>2026-03-25T12:43:00.681Z</time>
      </trkpt>
      <trkpt lat="38.849969" lon="0.018260">
        <ele>13.418282</ele>
        <time>2026-03-25T12:43:01.749Z</time>
      </trkpt>
      <trkpt lat="38.850007" lon="0.018220">
        <ele>13.435471</ele>
        <time>2026-03-25T12:43:02.608Z</time>
      </trkpt>
      <trkpt lat="38.850205" lon="0.018005">
        <ele>13.526181</ele>
        <time>2026-03-25T12:43:07.490Z</time>
      </trkpt>
      <trkpt lat="38.850247" lon="0.017962">
        <ele>13.544972</ele>
        <time>2026-03-25T12:43:08.457Z</time>
      </trkpt>
      <trkpt lat="38.850271" lon="0.017931">
        <ele>13.556881</ele>
        <time>2026-03-25T12:43:09.088Z</time>
      </trkpt>
      <trkpt lat="38.850616" lon="0.017533">
        <ele>13.719122</ele>
        <time>2026-03-25T12:43:17.679Z</time>
      </trkpt>
      <trkpt lat="38.850736" lon="0.017401">
        <ele>13.774397</ele>
        <time>2026-03-25T12:43:20.319Z</time>
      </trkpt>
      <trkpt lat="38.850926" lon="0.017267">
        <ele>13.850229</ele>
        <time>2026-03-25T12:43:23.577Z</time>
      </trkpt>
      <trkpt lat="38.851253" lon="0.016961">
        <ele>13.991773</ele>
        <time>2026-03-25T12:43:29.983Z</time>
      </trkpt>
      <trkpt lat="38.851375" lon="0.016780">
        <ele>13.973498</ele>
        <time>2026-03-25T12:43:32.531Z</time>
      </trkpt>
      <trkpt lat="38.851456" lon="0.016709">
        <ele>13.884578</ele>
        <time>2026-03-25T12:43:33.792Z</time>
      </trkpt>
      <trkpt lat="38.851492" lon="0.016690">
        <ele>13.849288</ele>
        <time>2026-03-25T12:43:34.262Z</time>
      </trkpt>
      <trkpt lat="38.851536" lon="0.016640">
        <ele>13.796016</ele>
        <time>2026-03-25T12:43:34.959Z</time>
      </trkpt>
      <trkpt lat="38.851567" lon="0.016507">
        <ele>13.697990</ele>
        <time>2026-03-25T12:43:36.246Z</time>
      </trkpt>
      <trkpt lat="38.851554" lon="0.016442">
        <ele>13.650605</ele>
        <time>2026-03-25T12:43:36.856Z</time>
      </trkpt>
      <trkpt lat="38.851574" lon="0.016080">
        <ele>13.394358</ele>
        <time>2026-03-25T12:43:40.173Z</time>
      </trkpt>
      <trkpt lat="38.851770" lon="0.015570">
        <ele>12.992790</ele>
        <time>2026-03-25T12:43:45.350Z</time>
      </trkpt>
      <trkpt lat="38.852095" lon="0.014697">
        <ele>12.398779</ele>
        <time>2026-03-25T12:43:54.683Z</time>
      </trkpt>
      <trkpt lat="38.852163" lon="0.014509">
        <ele>12.392219</ele>
        <time>2026-03-25T12:43:56.835Z</time>
      </trkpt>
      <trkpt lat="38.852387" lon="0.014075">
        <ele>12.375740</ele>
        <time>2026-03-25T12:44:02.449Z</time>
      </trkpt>
      <trkpt lat="38.852512" lon="0.013764">
        <ele>12.364664</ele>
        <time>2026-03-25T12:44:06.327Z</time>
      </trkpt>
      <trkpt lat="38.852481" lon="0.013516">
        <ele>12.356715</ele>
        <time>2026-03-25T12:44:09.197Z</time>
      </trkpt>
      <trkpt lat="38.852302" lon="0.012885">
        <ele>12.335460</ele>
        <time>2026-03-25T12:44:17.436Z</time>
      </trkpt>
      <trkpt lat="38.852189" lon="0.012614">
        <ele>12.429354</ele>
        <time>2026-03-25T12:44:21.550Z</time>
      </trkpt>
      <trkpt lat="38.851979" lon="0.012292">
        <ele>12.748961</ele>
        <time>2026-03-25T12:44:27.691Z</time>
      </trkpt>
      <trkpt lat="38.851884" lon="0.012197">
        <ele>12.866619</ele>
        <time>2026-03-25T12:44:30.019Z</time>
      </trkpt>
      <trkpt lat="38.851528" lon="0.011971">
        <ele>13.254675</ele>
        <time>2026-03-25T12:44:37.922Z</time>
      </trkpt>
      <trkpt lat="38.851105" lon="0.011751">
        <ele>13.700627</ele>
        <time>2026-03-25T12:44:47.077Z</time>
      </trkpt>
      <trkpt lat="38.850976" lon="0.011649">
        <ele>13.848661</ele>
        <time>2026-03-25T12:44:50.081Z</time>
      </trkpt>
      <trkpt lat="38.850759" lon="0.011395">
        <ele>14.077781</ele>
        <time>2026-03-25T12:44:55.675Z</time>
      </trkpt>
      <trkpt lat="38.850699" lon="0.011234">
        <ele>14.050627</ele>
        <time>2026-03-25T12:44:58.142Z</time>
      </trkpt>
      <trkpt lat="38.850665" lon="0.011018">
        <ele>14.017100</ele>
        <time>2026-03-25T12:45:01.012Z</time>
      </trkpt>
      <trkpt lat="38.850709" lon="0.010306">
        <ele>13.908437</ele>
        <time>2026-03-25T12:45:09.277Z</time>
      </trkpt>
      <trkpt lat="38.850751" lon="0.010061">
        <ele>13.870271</ele>
        <time>2026-03-25T12:45:11.896Z</time>
      </trkpt>
      <trkpt lat="38.850929" lon="0.009408">
        <ele>13.765015</ele>
        <time>2026-03-25T12:45:18.631Z</time>
      </trkpt>
      <trkpt lat="38.851534" lon="0.007781">
        <ele>12.551642</ele>
        <time>2026-03-25T12:45:35.652Z</time>
      </trkpt>
      <trkpt lat="38.851627" lon="0.007423">
        <ele>12.274444</ele>
        <time>2026-03-25T12:45:39.296Z</time>
      </trkpt>
      <trkpt lat="38.851691" lon="0.007287">
        <ele>12.157729</ele>
        <time>2026-03-25T12:45:40.835Z</time>
      </trkpt>
      <trkpt lat="38.851765" lon="0.007219">
        <ele>12.071905</ele>
        <time>2026-03-25T12:45:41.981Z</time>
      </trkpt>
      <trkpt lat="38.851807" lon="0.007171">
        <ele>12.029398</ele>
        <time>2026-03-25T12:45:42.694Z</time>
      </trkpt>
      <trkpt lat="38.851842" lon="0.007089">
        <ele>11.995543</ele>
        <time>2026-03-25T12:45:43.612Z</time>
      </trkpt>
      <trkpt lat="38.851843" lon="0.006950">
        <ele>11.945215</ele>
        <time>2026-03-25T12:45:44.989Z</time>
      </trkpt>
      <trkpt lat="38.851827" lon="0.006893">
        <ele>11.923278</ele>
        <time>2026-03-25T12:45:45.588Z</time>
      </trkpt>
      <trkpt lat="38.851774" lon="0.006774">
        <ele>11.873645</ele>
        <time>2026-03-25T12:45:46.957Z</time>
      </trkpt>
      <trkpt lat="38.851755" lon="0.006557">
        <ele>11.794583</ele>
        <time>2026-03-25T12:45:49.158Z</time>
      </trkpt>
      <trkpt lat="38.851760" lon="0.006299">
        <ele>11.701143</ele>
        <time>2026-03-25T12:45:51.773Z</time>
      </trkpt>
      <trkpt lat="38.851979" lon="0.004720">
        <ele>11.222652</ele>
        <time>2026-03-25T12:46:08.855Z</time>
      </trkpt>
      <trkpt lat="38.852018" lon="0.003638">
        <ele>11.313544</ele>
        <time>2026-03-25T12:46:21.682Z</time>
      </trkpt>
      <trkpt lat="38.852102" lon="0.003408">
        <ele>11.334861</ele>
        <time>2026-03-25T12:46:24.896Z</time>
      </trkpt>
      <trkpt lat="38.852198" lon="0.003226">
        <ele>11.353307</ele>
        <time>2026-03-25T12:46:27.724Z</time>
      </trkpt>
      <trkpt lat="38.852344" lon="0.003056">
        <ele>11.374544</ele>
        <time>2026-03-25T12:46:30.924Z</time>
      </trkpt>
      <trkpt lat="38.852518" lon="0.002911">
        <ele>11.396895</ele>
        <time>2026-03-25T12:46:34.214Z</time>
      </trkpt>
      <trkpt lat="38.852813" lon="0.002789">
        <ele>11.481822</ele>
        <time>2026-03-25T12:46:39.068Z</time>
      </trkpt>
      <trkpt lat="38.853011" lon="0.002727">
        <ele>11.538014</ele>
        <time>2026-03-25T12:46:42.332Z</time>
      </trkpt>
      <trkpt lat="38.853157" lon="0.002611">
        <ele>11.585352</ele>
        <time>2026-03-25T12:46:45.100Z</time>
      </trkpt>
      <trkpt lat="38.853257" lon="0.002390">
        <ele>11.640233</ele>
        <time>2026-03-25T12:46:48.307Z</time>
      </trkpt>
      <trkpt lat="38.853316" lon="0.002116">
        <ele>11.701273</ele>
        <time>2026-03-25T12:46:51.894Z</time>
      </trkpt>
      <trkpt lat="38.853372" lon="0.002063">
        <ele>11.720454</ele>
        <time>2026-03-25T12:46:53.035Z</time>
      </trkpt>
      <trkpt lat="38.853427" lon="0.001961">
        <ele>11.747093</ele>
        <time>2026-03-25T12:46:54.609Z</time>
      </trkpt>
      <trkpt lat="38.853449" lon="0.001840">
        <ele>11.773773</ele>
        <time>2026-03-25T12:46:56.168Z</time>
      </trkpt>
      <trkpt lat="38.853440" lon="0.001736">
        <ele>11.796241</ele>
        <time>2026-03-25T12:46:57.487Z</time>
      </trkpt>
      <trkpt lat="38.853392" lon="0.001616">
        <ele>11.825207</ele>
        <time>2026-03-25T12:46:59.147Z</time>
      </trkpt>
      <trkpt lat="38.853310" lon="0.001531">
        <ele>11.854263</ele>
        <time>2026-03-25T12:47:00.781Z</time>
      </trkpt>
      <trkpt lat="38.853244" lon="0.001501">
        <ele>11.873567</ele>
        <time>2026-03-25T12:47:01.849Z</time>
      </trkpt>
      <trkpt lat="38.853160" lon="0.001496">
        <ele>11.896145</ele>
        <time>2026-03-25T12:47:03.145Z</time>
      </trkpt>
      <trkpt lat="38.853007" lon="0.001334">
        <ele>11.941592</ele>
        <time>2026-03-25T12:47:06.135Z</time>
      </trkpt>
      <trkpt lat="38.852961" lon="0.001169">
        <ele>11.972871</ele>
        <time>2026-03-25T12:47:08.210Z</time>
      </trkpt>
      <trkpt lat="38.852972" lon="0.000972">
        <ele>12.008121</ele>
        <time>2026-03-25T12:47:10.613Z</time>
      </trkpt>
      <trkpt lat="38.853139" lon="0.000317">
        <ele>12.131128</ele>
        <time>2026-03-25T12:47:18.979Z</time>
      </trkpt>
      <trkpt lat="38.853169" lon="-0.000042">
        <ele>12.195568</ele>
        <time>2026-03-25T12:47:23.307Z</time>
      </trkpt>
      <trkpt lat="38.853551" lon="-0.003624">
        <ele>13.358640</ele>
        <time>2026-03-25T12:48:09.486Z</time>
      </trkpt>
      <trkpt lat="38.853572" lon="-0.003803">
        <ele>13.451455</ele>
        <time>2026-03-25T12:48:12.028Z</time>
      </trkpt>
      <trkpt lat="38.853763" lon="-0.005430">
        <ele>14.023430</ele>
        <time>2026-03-25T12:48:35.500Z</time>
      </trkpt>
      <trkpt lat="38.853834" lon="-0.005997">
        <ele>13.565460</ele>
        <time>2026-03-25T12:48:42.311Z</time>
      </trkpt>
      <trkpt lat="38.853894" lon="-0.006486">
        <ele>13.170689</ele>
        <time>2026-03-25T12:48:47.187Z</time>
      </trkpt>
      <trkpt lat="38.853898" lon="-0.006539">
        <ele>13.128225</ele>
        <time>2026-03-25T12:48:47.670Z</time>
      </trkpt>
      <trkpt lat="38.853983" lon="-0.007323">
        <ele>12.496984</ele>
        <time>2026-03-25T12:48:54.377Z</time>
      </trkpt>
      <trkpt lat="38.853999" lon="-0.007467">
        <ele>12.380987</ele>
        <time>2026-03-25T12:48:55.549Z</time>
      </trkpt>
      <trkpt lat="38.854335" lon="-0.010551">
        <ele>8.982597</ele>
        <time>2026-03-25T12:49:20.961Z</time>
      </trkpt>
      <trkpt lat="38.854365" lon="-0.010873">
        <ele>9.474256</ele>
        <time>2026-03-25T12:49:28.048Z</time>
      </trkpt>
      <trkpt lat="38.854443" lon="-0.011778">
        <ele>10.854687</ele>
        <time>2026-03-25T12:49:51.933Z</time>
      </trkpt>
      <trkpt lat="38.854424" lon="-0.012465">
        <ele>11.776958</ele>
        <time>2026-03-25T12:50:10.702Z</time>
      </trkpt>
      <trkpt lat="38.854383" lon="-0.012976">
        <ele>12.391141</ele>
        <time>2026-03-25T12:50:21.567Z</time>
      </trkpt>
      <trkpt lat="38.854062" lon="-0.016866">
        <ele>13.501871</ele>
        <time>2026-03-25T12:51:05.469Z</time>
      </trkpt>
      <trkpt lat="38.854052" lon="-0.017145">
        <ele>13.149941</ele>
        <time>2026-03-25T12:51:08.221Z</time>
      </trkpt>
      <trkpt lat="38.854058" lon="-0.017583">
        <ele>12.597949</ele>
        <time>2026-03-25T12:51:12.103Z</time>
      </trkpt>
      <trkpt lat="38.854172" lon="-0.018771">
        <ele>11.089674</ele>
        <time>2026-03-25T12:51:22.141Z</time>
      </trkpt>
      <trkpt lat="38.854152" lon="-0.019353">
        <ele>10.645131</ele>
        <time>2026-03-25T12:51:26.822Z</time>
      </trkpt>
      <trkpt lat="38.854042" lon="-0.020735">
        <ele>9.988770</ele>
        <time>2026-03-25T12:51:42.515Z</time>
      </trkpt>
      <trkpt lat="38.853984" lon="-0.021225">
        <ele>9.754598</ele>
        <time>2026-03-25T12:51:49.505Z</time>
      </trkpt>
      <trkpt lat="38.853948" lon="-0.021400">
        <ele>9.549756</ele>
        <time>2026-03-25T12:51:51.668Z</time>
      </trkpt>
      <trkpt lat="38.853842" lon="-0.021701">
        <ele>9.075218</ele>
        <time>2026-03-25T12:51:55.103Z</time>
      </trkpt>
      <trkpt lat="38.853723" lon="-0.021908">
        <ele>8.705618</ele>
        <time>2026-03-25T12:51:57.568Z</time>
      </trkpt>
      <trkpt lat="38.853059" lon="-0.022771">
        <ele>6.962905</ele>
        <time>2026-03-25T12:52:07.606Z</time>
      </trkpt>
      <trkpt lat="38.852945" lon="-0.022972">
        <ele>6.605708</ele>
        <time>2026-03-25T12:52:09.535Z</time>
      </trkpt>
      <trkpt lat="38.852825" lon="-0.023272">
        <ele>6.241975</ele>
        <time>2026-03-25T12:52:12.157Z</time>
      </trkpt>
      <trkpt lat="38.852704" lon="-0.023728">
        <ele>5.839548</ele>
        <time>2026-03-25T12:52:16.032Z</time>
      </trkpt>
      <trkpt lat="38.852674" lon="-0.023969">
        <ele>5.635672</ele>
        <time>2026-03-25T12:52:18.114Z</time>
      </trkpt>
      <trkpt lat="38.852671" lon="-0.024518">
        <ele>5.177052</ele>
        <time>2026-03-25T12:52:23.323Z</time>
      </trkpt>
      <trkpt lat="38.852696" lon="-0.024693">
        <ele>5.028426</ele>
        <time>2026-03-25T12:52:25.283Z</time>
      </trkpt>
      <trkpt lat="38.852809" lon="-0.025147">
        <ele>4.630276</ele>
        <time>2026-03-25T12:52:31.514Z</time>
      </trkpt>
      <trkpt lat="38.852892" lon="-0.025388">
        <ele>4.519626</ele>
        <time>2026-03-25T12:52:35.528Z</time>
      </trkpt>
      <trkpt lat="38.852993" lon="-0.025589">
        <ele>4.631171</ele>
        <time>2026-03-25T12:52:39.449Z</time>
      </trkpt>
      <trkpt lat="38.853132" lon="-0.025834">
        <ele>4.772518</ele>
        <time>2026-03-25T12:52:44.665Z</time>
      </trkpt>
      <trkpt lat="38.853762" lon="-0.026763">
        <ele>5.346940</ele>
        <time>2026-03-25T12:53:02.911Z</time>
      </trkpt>
      <trkpt lat="38.853882" lon="-0.027026">
        <ele>5.489076</ele>
        <time>2026-03-25T12:53:06.136Z</time>
      </trkpt>
      <trkpt lat="38.854006" lon="-0.027404">
        <ele>5.352381</ele>
        <time>2026-03-25T12:53:10.004Z</time>
      </trkpt>
      <trkpt lat="38.854040" lon="-0.027607">
        <ele>5.190917</ele>
        <time>2026-03-25T12:53:11.884Z</time>
      </trkpt>
      <trkpt lat="38.854063" lon="-0.027820">
        <ele>5.023702</ele>
        <time>2026-03-25T12:53:13.784Z</time>
      </trkpt>
      <trkpt lat="38.854059" lon="-0.028218">
        <ele>4.714189</ele>
        <time>2026-03-25T12:53:17.240Z</time>
      </trkpt>
      <trkpt lat="38.854043" lon="-0.028431">
        <ele>4.547790</ele>
        <time>2026-03-25T12:53:19.101Z</time>
      </trkpt>
      <trkpt lat="38.853989" lon="-0.028762">
        <ele>4.284814</ele>
        <time>2026-03-25T12:53:22.069Z</time>
      </trkpt>
      <trkpt lat="38.853406" lon="-0.031887">
        <ele>3.295184</ele>
        <time>2026-03-25T12:53:57.462Z</time>
      </trkpt>
      <trkpt lat="38.853246" lon="-0.032571">
        <ele>3.090264</ele>
        <time>2026-03-25T12:54:05.601Z</time>
      </trkpt>
      <trkpt lat="38.853015" lon="-0.033066">
        <ele>2.924686</ele>
        <time>2026-03-25T12:54:11.667Z</time>
      </trkpt>
      <trkpt lat="38.852875" lon="-0.033248">
        <ele>2.851285</ele>
        <time>2026-03-25T12:54:14.307Z</time>
      </trkpt>
      <trkpt lat="38.852151" lon="-0.033990">
        <ele>2.375103</ele>
        <time>2026-03-25T12:54:26.118Z</time>
      </trkpt>
      <trkpt lat="38.851933" lon="-0.034319">
        <ele>2.162547</ele>
        <time>2026-03-25T12:54:30.269Z</time>
      </trkpt>
      <trkpt lat="38.851796" lon="-0.034640">
        <ele>1.982432</ele>
        <time>2026-03-25T12:54:33.793Z</time>
      </trkpt>
      <trkpt lat="38.851700" lon="-0.034969">
        <ele>1.809554</ele>
        <time>2026-03-25T12:54:37.278Z</time>
      </trkpt>
      <trkpt lat="38.851662" lon="-0.035226">
        <ele>1.680835</ele>
        <time>2026-03-25T12:54:40.008Z</time>
      </trkpt>
      <trkpt lat="38.851681" lon="-0.036063">
        <ele>1.709177</ele>
        <time>2026-03-25T12:54:49.335Z</time>
      </trkpt>
      <trkpt lat="38.851755" lon="-0.036781">
        <ele>1.887690</ele>
        <time>2026-03-25T12:54:58.486Z</time>
      </trkpt>
      <trkpt lat="38.851813" lon="-0.037104">
        <ele>1.969390</ele>
        <time>2026-03-25T12:55:02.889Z</time>
      </trkpt>
      <trkpt lat="38.851863" lon="-0.037311">
        <ele>2.022809</ele>
        <time>2026-03-25T12:55:05.813Z</time>
      </trkpt>
      <trkpt lat="38.851976" lon="-0.037599">
        <ele>2.102294</ele>
        <time>2026-03-25T12:55:10.211Z</time>
      </trkpt>
      <trkpt lat="38.852156" lon="-0.037950">
        <ele>2.312479</ele>
        <time>2026-03-25T12:55:16.004Z</time>
      </trkpt>
      <trkpt lat="38.852536" lon="-0.038644">
        <ele>2.821135</ele>
        <time>2026-03-25T12:55:28.277Z</time>
      </trkpt>
      <trkpt lat="38.852667" lon="-0.038940">
        <ele>3.025262</ele>
        <time>2026-03-25T12:55:33.411Z</time>
      </trkpt>
      <trkpt lat="38.852721" lon="-0.039135">
        <ele>3.149349</ele>
        <time>2026-03-25T12:55:36.572Z</time>
      </trkpt>
      <trkpt lat="38.852784" lon="-0.039650">
        <ele>3.461911</ele>
        <time>2026-03-25T12:55:44.196Z</time>
      </trkpt>
      <trkpt lat="38.852773" lon="-0.039897">
        <ele>3.527540</ele>
        <time>2026-03-25T12:55:47.121Z</time>
      </trkpt>
      <trkpt lat="38.852703" lon="-0.040246">
        <ele>3.553524</ele>
        <time>2026-03-25T12:55:51.032Z</time>
      </trkpt>
      <trkpt lat="38.852593" lon="-0.040747">
        <ele>3.591055</ele>
        <time>2026-03-25T12:55:56.242Z</time>
      </trkpt>
      <trkpt lat="38.852620" lon="-0.041232">
        <ele>3.626114</ele>
        <time>2026-03-25T12:56:01.339Z</time>
      </trkpt>
      <trkpt lat="38.852709" lon="-0.041689">
        <ele>3.660079</ele>
        <time>2026-03-25T12:56:06.584Z</time>
      </trkpt>
      <trkpt lat="38.852737" lon="-0.041889">
        <ele>3.674730</ele>
        <time>2026-03-25T12:56:09.034Z</time>
      </trkpt>
      <trkpt lat="38.852663" lon="-0.042069">
        <ele>3.848560</ele>
        <time>2026-03-25T12:56:11.700Z</time>
      </trkpt>
      <trkpt lat="38.852597" lon="-0.042126">
        <ele>4.032307</ele>
        <time>2026-03-25T12:56:13.097Z</time>
      </trkpt>
      <trkpt lat="38.852467" lon="-0.042228">
        <ele>4.384254</ele>
        <time>2026-03-25T12:56:16.106Z</time>
      </trkpt>
      <trkpt lat="38.852367" lon="-0.042354">
        <ele>4.707910</ele>
        <time>2026-03-25T12:56:19.339Z</time>
      </trkpt>
      <trkpt lat="38.852185" lon="-0.042690">
        <ele>5.444241</ele>
        <time>2026-03-25T12:56:28.219Z</time>
      </trkpt>
      <trkpt lat="38.852282" lon="-0.043894">
        <ele>7.621887</ele>
        <time>2026-03-25T12:56:56.832Z</time>
      </trkpt>
      <trkpt lat="38.852358" lon="-0.044348">
        <ele>7.518772</ele>
        <time>2026-03-25T12:57:04.065Z</time>
      </trkpt>
      <trkpt lat="38.852899" lon="-0.045766">
        <ele>6.055112</ele>
        <time>2026-03-25T12:57:17.446Z</time>
      </trkpt>
      <trkpt lat="38.852944" lon="-0.046051">
        <ele>5.785560</ele>
        <time>2026-03-25T12:57:19.698Z</time>
      </trkpt>
      <trkpt lat="38.852954" lon="-0.046426">
        <ele>5.577975</ele>
        <time>2026-03-25T12:57:22.738Z</time>
      </trkpt>
      <trkpt lat="38.852906" lon="-0.048030">
        <ele>4.894727</ele>
        <time>2026-03-25T12:57:39.329Z</time>
      </trkpt>
      <trkpt lat="38.852859" lon="-0.049635">
        <ele>5.784339</ele>
        <time>2026-03-25T12:58:03.421Z</time>
      </trkpt>
      <trkpt lat="38.852831" lon="-0.049992">
        <ele>6.109429</ele>
        <time>2026-03-25T12:58:09.425Z</time>
      </trkpt>
      <trkpt lat="38.852786" lon="-0.050226">
        <ele>6.327810</ele>
        <time>2026-03-25T12:58:13.600Z</time>
      </trkpt>
      <trkpt lat="38.852717" lon="-0.050466">
        <ele>6.559603</ele>
        <time>2026-03-25T12:58:18.130Z</time>
      </trkpt>
      <trkpt lat="38.852377" lon="-0.051374">
        <ele>6.841309</ele>
        <time>2026-03-25T12:58:32.182Z</time>
      </trkpt>
      <trkpt lat="38.852247" lon="-0.051842">
        <ele>6.864816</ele>
        <time>2026-03-25T12:58:38.218Z</time>
      </trkpt>
      <trkpt lat="38.852198" lon="-0.052076">
        <ele>6.876279</ele>
        <time>2026-03-25T12:58:40.745Z</time>
      </trkpt>
      <trkpt lat="38.851625" lon="-0.055835">
        <ele>5.748461</ele>
        <time>2026-03-25T12:59:18.631Z</time>
      </trkpt>
      <trkpt lat="38.851555" lon="-0.055816">
        <ele>5.764228</ele>
        <time>2026-03-25T12:59:20.150Z</time>
      </trkpt>
      <trkpt lat="38.850766" lon="-0.061057">
        <ele>6.080882</ele>
        <time>2026-03-25T13:00:28.584Z</time>
      </trkpt>
      <trkpt lat="38.850434" lon="-0.063287">
        <ele>4.912611</ele>
        <time>2026-03-25T13:00:48.888Z</time>
      </trkpt>
      <trkpt lat="38.849985" lon="-0.066283">
        <ele>4.802194</ele>
        <time>2026-03-25T13:01:25.607Z</time>
      </trkpt>
      <trkpt lat="38.849606" lon="-0.068806">
        <ele>6.639473</ele>
        <time>2026-03-25T13:02:03.093Z</time>
      </trkpt>
      <trkpt lat="38.849488" lon="-0.069466">
        <ele>7.605891</ele>
        <time>2026-03-25T13:02:13.265Z</time>
      </trkpt>
      <trkpt lat="38.849403" lon="-0.069812">
        <ele>8.123669</ele>
        <time>2026-03-25T13:02:19.143Z</time>
      </trkpt>
      <trkpt lat="38.849345" lon="-0.069939">
        <ele>8.333782</ele>
        <time>2026-03-25T13:02:21.640Z</time>
      </trkpt>
      <trkpt lat="38.849227" lon="-0.070085">
        <ele>8.634071</ele>
        <time>2026-03-25T13:02:25.338Z</time>
      </trkpt>
      <trkpt lat="38.849213" lon="-0.070136">
        <ele>8.711245</ele>
        <time>2026-03-25T13:02:26.326Z</time>
      </trkpt>
      <trkpt lat="38.849089" lon="-0.070087">
        <ele>8.948993</ele>
        <time>2026-03-25T13:02:29.359Z</time>
      </trkpt>
      <trkpt lat="38.848672" lon="-0.069994">
        <ele>9.726056</ele>
        <time>2026-03-25T13:02:39.817Z</time>
      </trkpt>
      <trkpt lat="38.848080" lon="-0.069971">
        <ele>12.013625</ele>
        <time>2026-03-25T13:02:56.776Z</time>
      </trkpt>
      <trkpt lat="38.847907" lon="-0.070027">
        <ele>12.702721</ele>
        <time>2026-03-25T13:03:02.244Z</time>
      </trkpt>
      <trkpt lat="38.847771" lon="-0.070119">
        <ele>13.296444</ele>
        <time>2026-03-25T13:03:07.001Z</time>
      </trkpt>
      <trkpt lat="38.847581" lon="-0.070292">
        <ele>14.196083</ele>
        <time>2026-03-25T13:03:14.409Z</time>
      </trkpt>
      <trkpt lat="38.847384" lon="-0.070523">
        <ele>15.226514</ele>
        <time>2026-03-25T13:03:23.204Z</time>
      </trkpt>
      <trkpt lat="38.847283" lon="-0.070599">
        <ele>15.678667</ele>
        <time>2026-03-25T13:03:27.058Z</time>
      </trkpt>
      <trkpt lat="38.847161" lon="-0.070646">
        <ele>16.170629</ele>
        <time>2026-03-25T13:03:31.261Z</time>
      </trkpt>
      <trkpt lat="38.846739" lon="-0.070675">
        <ele>17.991085</ele>
        <time>2026-03-25T13:03:45.067Z</time>
      </trkpt>
      <trkpt lat="38.846426" lon="-0.070697">
        <ele>19.403005</ele>
        <time>2026-03-25T13:03:55.067Z</time>
      </trkpt>
      <trkpt lat="38.846192" lon="-0.070766">
        <ele>20.484420</ele>
        <time>2026-03-25T13:04:02.599Z</time>
      </trkpt>
      <trkpt lat="38.846007" lon="-0.070944">
        <ele>21.525695</ele>
        <time>2026-03-25T13:04:09.822Z</time>
      </trkpt>
      <trkpt lat="38.845672" lon="-0.071442">
        <ele>23.834107</ele>
        <time>2026-03-25T13:04:26.579Z</time>
      </trkpt>
      <trkpt lat="38.845599" lon="-0.071519">
        <ele>24.259639</ele>
        <time>2026-03-25T13:04:29.735Z</time>
      </trkpt>
      <trkpt lat="38.845472" lon="-0.071592">
        <ele>24.949642</ele>
        <time>2026-03-25T13:04:34.381Z</time>
      </trkpt>
      <trkpt lat="38.845120" lon="-0.071644">
        <ele>27.426037</ele>
        <time>2026-03-25T13:04:46.989Z</time>
      </trkpt>
      <trkpt lat="38.844565" lon="-0.071366">
        <ele>31.589723</ele>
        <time>2026-03-25T13:05:10.762Z</time>
      </trkpt>
      <trkpt lat="38.843567" lon="-0.071371">
        <ele>38.854778</ele>
        <time>2026-03-25T13:05:59.682Z</time>
      </trkpt>
      <trkpt lat="38.843263" lon="-0.071422">
        <ele>41.505693</ele>
        <time>2026-03-25T13:06:15.651Z</time>
      </trkpt>
      <trkpt lat="38.842559" lon="-0.071557">
        <ele>47.660431</ele>
        <time>2026-03-25T13:06:52.819Z</time>
      </trkpt>
      <trkpt lat="38.841898" lon="-0.071628">
        <ele>53.337352</ele>
        <time>2026-03-25T13:07:24.524Z</time>
      </trkpt>
      <trkpt lat="38.841621" lon="-0.071725">
        <ele>55.530295</ele>
        <time>2026-03-25T13:07:37.103Z</time>
      </trkpt>
      <trkpt lat="38.841526" lon="-0.071697">
        <ele>56.274756</ele>
        <time>2026-03-25T13:07:41.270Z</time>
      </trkpt>
      <trkpt lat="38.841456" lon="-0.071623">
        <ele>56.967315</ele>
        <time>2026-03-25T13:07:45.073Z</time>
      </trkpt>
      <trkpt lat="38.841411" lon="-0.071511">
        <ele>57.717021</ele>
        <time>2026-03-25T13:07:49.200Z</time>
      </trkpt>
      <trkpt lat="38.841432" lon="-0.071342">
        <ele>58.735105</ele>
        <time>2026-03-25T13:07:54.671Z</time>
      </trkpt>
      <trkpt lat="38.841490" lon="-0.071231">
        <ele>59.530265</ele>
        <time>2026-03-25T13:07:58.857Z</time>
      </trkpt>
      <trkpt lat="38.842374" lon="-0.070303">
        <ele>68.912530</ele>
        <time>2026-03-25T13:08:50.425Z</time>
      </trkpt>
      <trkpt lat="38.842658" lon="-0.069929">
        <ele>73.287881</ele>
        <time>2026-03-25T13:09:13.824Z</time>
      </trkpt>
      <trkpt lat="38.842783" lon="-0.069649">
        <ele>75.991271</ele>
        <time>2026-03-25T13:09:29.597Z</time>
      </trkpt>
      <trkpt lat="38.842782" lon="-0.069504">
        <ele>77.205917</ele>
        <time>2026-03-25T13:09:37.014Z</time>
      </trkpt>
      <trkpt lat="38.842718" lon="-0.069140">
        <ele>80.331704</ele>
        <time>2026-03-25T13:09:56.398Z</time>
      </trkpt>
      <trkpt lat="38.842461" lon="-0.068203">
        <ele>87.560077</ele>
        <time>2026-03-25T13:10:44.109Z</time>
      </trkpt>
      <trkpt lat="38.842456" lon="-0.068037">
        <ele>88.383441</ele>
        <time>2026-03-25T13:10:50.873Z</time>
      </trkpt>
      <trkpt lat="38.842516" lon="-0.067667">
        <ele>90.256604</ele>
        <time>2026-03-25T13:11:04.901Z</time>
      </trkpt>
      <trkpt lat="38.842523" lon="-0.067275">
        <ele>92.199990</ele>
        <time>2026-03-25T13:11:17.583Z</time>
      </trkpt>
      <trkpt lat="38.842581" lon="-0.067057">
        <ele>93.341765</ele>
        <time>2026-03-25T13:11:24.041Z</time>
      </trkpt>
      <trkpt lat="38.842672" lon="-0.066869">
        <ele>94.438830</ele>
        <time>2026-03-25T13:11:29.408Z</time>
      </trkpt>
      <trkpt lat="38.842900" lon="-0.066558">
        <ele>96.555656</ele>
        <time>2026-03-25T13:11:37.935Z</time>
      </trkpt>
      <trkpt lat="38.842941" lon="-0.066423">
        <ele>97.273822</ele>
        <time>2026-03-25T13:11:40.465Z</time>
      </trkpt>
      <trkpt lat="38.842931" lon="-0.066303">
        <ele>97.551908</ele>
        <time>2026-03-25T13:11:42.452Z</time>
      </trkpt>
      <trkpt lat="38.842836" lon="-0.065982">
        <ele>98.043534</ele>
        <time>2026-03-25T13:11:47.919Z</time>
      </trkpt>
      <trkpt lat="38.842832" lon="-0.065849">
        <ele>98.234089</ele>
        <time>2026-03-25T13:11:50.063Z</time>
      </trkpt>
      <trkpt lat="38.842879" lon="-0.065760">
        <ele>98.388035</ele>
        <time>2026-03-25T13:11:51.857Z</time>
      </trkpt>
      <trkpt lat="38.842954" lon="-0.065718">
        <ele>98.538440</ele>
        <time>2026-03-25T13:11:53.636Z</time>
      </trkpt>
      <trkpt lat="38.843190" lon="-0.065749">
        <ele>98.974507</ele>
        <time>2026-03-25T13:11:58.809Z</time>
      </trkpt>
      <trkpt lat="38.843607" lon="-0.065694">
        <ele>99.745049</ele>
        <time>2026-03-25T13:12:07.010Z</time>
      </trkpt>
      <trkpt lat="38.843809" lon="-0.065547">
        <ele>100.171850</ele>
        <time>2026-03-25T13:12:11.292Z</time>
      </trkpt>
      <trkpt lat="38.844139" lon="-0.065307">
        <ele>101.208219</ele>
        <time>2026-03-25T13:12:19.193Z</time>
      </trkpt>
      <trkpt lat="38.844341" lon="-0.065204">
        <ele>102.569457</ele>
        <time>2026-03-25T13:12:24.610Z</time>
      </trkpt>
      <trkpt lat="38.844571" lon="-0.065179">
        <ele>104.015096</ele>
        <time>2026-03-25T13:12:31.930Z</time>
      </trkpt>
      <trkpt lat="38.844808" lon="-0.065216">
        <ele>105.510355</ele>
        <time>2026-03-25T13:12:41.195Z</time>
      </trkpt>
      <trkpt lat="38.844954" lon="-0.065207">
        <ele>106.425803</ele>
        <time>2026-03-25T13:12:47.470Z</time>
      </trkpt>
      <trkpt lat="38.845326" lon="-0.064812">
        <ele>109.449134</ele>
        <time>2026-03-25T13:13:10.400Z</time>
      </trkpt>
      <trkpt lat="38.845541" lon="-0.064488">
        <ele>111.525411</ele>
        <time>2026-03-25T13:13:28.146Z</time>
      </trkpt>
      <trkpt lat="38.845640" lon="-0.064286">
        <ele>112.538063</ele>
        <time>2026-03-25T13:13:38.172Z</time>
      </trkpt>
      <trkpt lat="38.845754" lon="-0.063901">
        <ele>114.110177</ele>
        <time>2026-03-25T13:13:54.407Z</time>
      </trkpt>
      <trkpt lat="38.845807" lon="-0.063446">
        <ele>115.866167</ele>
        <time>2026-03-25T13:14:09.773Z</time>
      </trkpt>
      <trkpt lat="38.845802" lon="-0.063323">
        <ele>116.336280</ele>
        <time>2026-03-25T13:14:13.170Z</time>
      </trkpt>
      <trkpt lat="38.845777" lon="-0.063263">
        <ele>116.596006</ele>
        <time>2026-03-25T13:14:14.841Z</time>
      </trkpt>
      <trkpt lat="38.845720" lon="-0.063226">
        <ele>116.909017</ele>
        <time>2026-03-25T13:14:16.793Z</time>
      </trkpt>
      <trkpt lat="38.845681" lon="-0.063231">
        <ele>117.101095</ele>
        <time>2026-03-25T13:14:17.853Z</time>
      </trkpt>
      <trkpt lat="38.845638" lon="-0.063279">
        <ele>117.380333</ele>
        <time>2026-03-25T13:14:19.316Z</time>
      </trkpt>
      <trkpt lat="38.845627" lon="-0.063376">
        <ele>117.754473</ele>
        <time>2026-03-25T13:14:21.137Z</time>
      </trkpt>
      <trkpt lat="38.845659" lon="-0.063735">
        <ele>119.133676</ele>
        <time>2026-03-25T13:14:26.757Z</time>
      </trkpt>
      <trkpt lat="38.845613" lon="-0.063953">
        <ele>119.995752</ele>
        <time>2026-03-25T13:14:30.022Z</time>
      </trkpt>
      <trkpt lat="38.845410" lon="-0.064314">
        <ele>121.460344</ele>
        <time>2026-03-25T13:14:36.528Z</time>
      </trkpt>
      <trkpt lat="38.845166" lon="-0.064512">
        <ele>122.500565</ele>
        <time>2026-03-25T13:14:42.744Z</time>
      </trkpt>
      <trkpt lat="38.845099" lon="-0.064647">
        <ele>122.949873</ele>
        <time>2026-03-25T13:14:45.865Z</time>
      </trkpt>
      <trkpt lat="38.845011" lon="-0.064736">
        <ele>123.353575</ele>
        <time>2026-03-25T13:14:48.763Z</time>
      </trkpt>
      <trkpt lat="38.844850" lon="-0.064735">
        <ele>123.933791</ele>
        <time>2026-03-25T13:14:53.158Z</time>
      </trkpt>
      <trkpt lat="38.844612" lon="-0.064601">
        <ele>124.870333</ele>
        <time>2026-03-25T13:15:00.781Z</time>
      </trkpt>
      <trkpt lat="38.844106" lon="-0.064518">
        <ele>126.708669</ele>
        <time>2026-03-25T13:15:18.502Z</time>
      </trkpt>
      <trkpt lat="38.843790" lon="-0.064532">
        <ele>128.728999</ele>
        <time>2026-03-25T13:15:30.930Z</time>
      </trkpt>
      <trkpt lat="38.843598" lon="-0.064617">
        <ele>130.615001</ele>
        <time>2026-03-25T13:15:39.357Z</time>
      </trkpt>
      <trkpt lat="38.843264" lon="-0.064560">
        <ele>133.743933</ele>
        <time>2026-03-25T13:15:54.311Z</time>
      </trkpt>
      <trkpt lat="38.842754" lon="-0.064618">
        <ele>138.498533</ele>
        <time>2026-03-25T13:16:20.025Z</time>
      </trkpt>
      <trkpt lat="38.842663" lon="-0.064583">
        <ele>139.380697</ele>
        <time>2026-03-25T13:16:25.476Z</time>
      </trkpt>
      <trkpt lat="38.842485" lon="-0.064415">
        <ele>141.432250</ele>
        <time>2026-03-25T13:16:39.083Z</time>
      </trkpt>
      <trkpt lat="38.842116" lon="-0.064187">
        <ele>145.544456</ele>
        <time>2026-03-25T13:17:07.479Z</time>
      </trkpt>
      <trkpt lat="38.842011" lon="-0.064034">
        <ele>147.386557</ele>
        <time>2026-03-25T13:17:19.142Z</time>
      </trkpt>
      <trkpt lat="38.841914" lon="-0.063827">
        <ele>149.568842</ele>
        <time>2026-03-25T13:17:33.303Z</time>
      </trkpt>
      <trkpt lat="38.841816" lon="-0.063413">
        <ele>153.477643</ele>
        <time>2026-03-25T13:17:58.518Z</time>
      </trkpt>
      <trkpt lat="38.841753" lon="-0.063269">
        <ele>154.969645</ele>
        <time>2026-03-25T13:18:07.664Z</time>
      </trkpt>
      <trkpt lat="38.841636" lon="-0.063153">
        <ele>156.684139</ele>
        <time>2026-03-25T13:18:17.772Z</time>
      </trkpt>
      <trkpt lat="38.841176" lon="-0.062892">
        <ele>162.517055</ele>
        <time>2026-03-25T13:18:47.242Z</time>
      </trkpt>
      <trkpt lat="38.840616" lon="-0.062259">
        <ele>165.377655</ele>
        <time>2026-03-25T13:19:14.295Z</time>
      </trkpt>
      <trkpt lat="38.840403" lon="-0.061990">
        <ele>165.665259</ele>
        <time>2026-03-25T13:19:20.577Z</time>
      </trkpt>
      <trkpt lat="38.838391" lon="-0.058812">
        <ele>161.360201</ele>
        <time>2026-03-25T13:19:54.005Z</time>
      </trkpt>
      <trkpt lat="38.838241" lon="-0.058587">
        <ele>161.081974</ele>
        <time>2026-03-25T13:19:56.504Z</time>
      </trkpt>
      <trkpt lat="38.837981" lon="-0.058090">
        <ele>160.519531</ele>
        <time>2026-03-25T13:20:01.837Z</time>
      </trkpt>
      <trkpt lat="38.837629" lon="-0.057562">
        <ele>159.866621</ele>
        <time>2026-03-25T13:20:09.578Z</time>
      </trkpt>
      <trkpt lat="38.837317" lon="-0.057378">
        <ele>159.379648</ele>
        <time>2026-03-25T13:20:16.278Z</time>
      </trkpt>
      <trkpt lat="38.836909" lon="-0.057210">
        <ele>158.720402</ele>
        <time>2026-03-25T13:20:23.707Z</time>
      </trkpt>
      <trkpt lat="38.836728" lon="-0.057179">
        <ele>158.439448</ele>
        <time>2026-03-25T13:20:26.375Z</time>
      </trkpt>
      <trkpt lat="38.836625" lon="-0.057127">
        <ele>158.269159</ele>
        <time>2026-03-25T13:20:27.855Z</time>
      </trkpt>
      <trkpt lat="38.836537" lon="-0.057050">
        <ele>158.105304</ele>
        <time>2026-03-25T13:20:29.252Z</time>
      </trkpt>
      <trkpt lat="38.836441" lon="-0.056864">
        <ele>157.837893</ele>
        <time>2026-03-25T13:20:31.321Z</time>
      </trkpt>
      <trkpt lat="38.836363" lon="-0.056767">
        <ele>157.670809</ele>
        <time>2026-03-25T13:20:32.556Z</time>
      </trkpt>
      <trkpt lat="38.836117" lon="-0.056567">
        <ele>157.222800</ele>
        <time>2026-03-25T13:20:35.556Z</time>
      </trkpt>
      <trkpt lat="38.835545" lon="-0.055891">
        <ele>152.802837</ele>
        <time>2026-03-25T13:20:42.633Z</time>
      </trkpt>
      <trkpt lat="38.835426" lon="-0.055800">
        <ele>151.845255</ele>
        <time>2026-03-25T13:20:43.841Z</time>
      </trkpt>
      <trkpt lat="38.835161" lon="-0.055711">
        <ele>149.951565</ele>
        <time>2026-03-25T13:20:46.218Z</time>
      </trkpt>
      <trkpt lat="38.835001" lon="-0.055565">
        <ele>148.594472</ele>
        <time>2026-03-25T13:20:47.941Z</time>
      </trkpt>
      <trkpt lat="38.834469" lon="-0.054856">
        <ele>144.002494</ele>
        <time>2026-03-25T13:20:54.799Z</time>
      </trkpt>
      <trkpt lat="38.834404" lon="-0.054805">
        <ele>143.781655</ele>
        <time>2026-03-25T13:20:55.512Z</time>
      </trkpt>
      <trkpt lat="38.834091" lon="-0.054716">
        <ele>142.852292</ele>
        <time>2026-03-25T13:20:58.514Z</time>
      </trkpt>
      <trkpt lat="38.833416" lon="-0.054250">
        <ele>140.630491</ele>
        <time>2026-03-25T13:21:07.107Z</time>
      </trkpt>
      <trkpt lat="38.833010" lon="-0.054081">
        <ele>139.393190</ele>
        <time>2026-03-25T13:21:14.526Z</time>
      </trkpt>
      <trkpt lat="38.832872" lon="-0.054101">
        <ele>138.923155</ele>
        <time>2026-03-25T13:21:16.280Z</time>
      </trkpt>
      <trkpt lat="38.832348" lon="-0.054346">
        <ele>136.954820</ele>
        <time>2026-03-25T13:21:22.511Z</time>
      </trkpt>
      <trkpt lat="38.832170" lon="-0.054261">
        <ele>136.284501</ele>
        <time>2026-03-25T13:21:24.475Z</time>
      </trkpt>
      <trkpt lat="38.831818" lon="-0.053809">
        <ele>134.527226</ele>
        <time>2026-03-25T13:21:29.486Z</time>
      </trkpt>
      <trkpt lat="38.831537" lon="-0.053597">
        <ele>133.376821</ele>
        <time>2026-03-25T13:21:32.488Z</time>
      </trkpt>
      <trkpt lat="38.831317" lon="-0.053459">
        <ele>132.187374</ele>
        <time>2026-03-25T13:21:34.642Z</time>
      </trkpt>
      <trkpt lat="38.831156" lon="-0.053407">
        <ele>131.167981</ele>
        <time>2026-03-25T13:21:36.098Z</time>
      </trkpt>
      <trkpt lat="38.830992" lon="-0.053401">
        <ele>130.160567</ele>
        <time>2026-03-25T13:21:37.541Z</time>
      </trkpt>
      <trkpt lat="38.830715" lon="-0.053428">
        <ele>128.454817</ele>
        <time>2026-03-25T13:21:40.022Z</time>
      </trkpt>
      <trkpt lat="38.829579" lon="-0.053648">
        <ele>121.527247</ele>
        <time>2026-03-25T13:21:50.693Z</time>
      </trkpt>
      <trkpt lat="38.829112" lon="-0.053925">
        <ele>119.157037</ele>
        <time>2026-03-25T13:21:55.595Z</time>
      </trkpt>
      <trkpt lat="38.828947" lon="-0.053992">
        <ele>118.359701</ele>
        <time>2026-03-25T13:21:57.257Z</time>
      </trkpt>
      <trkpt lat="38.828878" lon="-0.054001">
        <ele>118.040160</ele>
        <time>2026-03-25T13:21:57.923Z</time>
      </trkpt>
      <trkpt lat="38.828480" lon="-0.053933">
        <ele>116.190276</ele>
        <time>2026-03-25T13:22:01.882Z</time>
      </trkpt>
      <trkpt lat="38.828192" lon="-0.053946">
        <ele>114.862548</ele>
        <time>2026-03-25T13:22:04.671Z</time>
      </trkpt>
      <trkpt lat="38.827997" lon="-0.054038">
        <ele>113.905360</ele>
        <time>2026-03-25T13:22:06.648Z</time>
      </trkpt>
      <trkpt lat="38.827646" lon="-0.054321">
        <ele>111.803903</ele>
        <time>2026-03-25T13:22:10.546Z</time>
      </trkpt>
      <trkpt lat="38.827473" lon="-0.054393">
        <ele>110.867150</ele>
        <time>2026-03-25T13:22:12.239Z</time>
      </trkpt>
      <trkpt lat="38.827397" lon="-0.054382">
        <ele>110.473209</ele>
        <time>2026-03-25T13:22:12.949Z</time>
      </trkpt>
      <trkpt lat="38.826415" lon="-0.053868">
        <ele>105.010774</ele>
        <time>2026-03-25T13:22:22.828Z</time>
      </trkpt>
      <trkpt lat="38.826258" lon="-0.053770">
        <ele>104.186069</ele>
        <time>2026-03-25T13:22:24.462Z</time>
      </trkpt>
      <trkpt lat="38.825815" lon="-0.053314">
        <ele>102.150222</ele>
        <time>2026-03-25T13:22:29.901Z</time>
      </trkpt>
      <trkpt lat="38.825688" lon="-0.053086">
        <ele>101.367369</ele>
        <time>2026-03-25T13:22:32.055Z</time>
      </trkpt>
      <trkpt lat="38.825527" lon="-0.052777">
        <ele>100.329074</ele>
        <time>2026-03-25T13:22:34.979Z</time>
      </trkpt>
      <trkpt lat="38.824463" lon="-0.051557">
        <ele>96.021832</ele>
        <time>2026-03-25T13:22:50.064Z</time>
      </trkpt>
      <trkpt lat="38.824368" lon="-0.051617">
        <ele>95.756049</ele>
        <time>2026-03-25T13:22:51.202Z</time>
      </trkpt>
      <trkpt lat="38.824314" lon="-0.051617">
        <ele>95.620494</ele>
        <time>2026-03-25T13:22:51.769Z</time>
      </trkpt>
      <trkpt lat="38.824263" lon="-0.051597">
        <ele>95.486628</ele>
        <time>2026-03-25T13:22:52.345Z</time>
      </trkpt>
      <trkpt lat="38.824185" lon="-0.051503">
        <ele>95.218051</ele>
        <time>2026-03-25T13:22:53.467Z</time>
      </trkpt>
      <trkpt lat="38.823783" lon="-0.051843">
        <ele>94.009542</ele>
        <time>2026-03-25T13:23:00.780Z</time>
      </trkpt>
      <trkpt lat="38.823708" lon="-0.051868">
        <ele>93.815026</ele>
        <time>2026-03-25T13:23:01.955Z</time>
      </trkpt>
      <trkpt lat="38.823629" lon="-0.051851">
        <ele>93.613946</ele>
        <time>2026-03-25T13:23:03.163Z</time>
      </trkpt>
      <trkpt lat="38.823386" lon="-0.051824">
        <ele>93.035598</ele>
        <time>2026-03-25T13:23:06.839Z</time>
      </trkpt>
      <trkpt lat="38.822892" lon="-0.051862">
        <ele>91.900981</ele>
        <time>2026-03-25T13:23:14.288Z</time>
      </trkpt>
      <trkpt lat="38.822472" lon="-0.052046">
        <ele>90.883510</ele>
        <time>2026-03-25T13:23:21.112Z</time>
      </trkpt>
      <trkpt lat="38.822349" lon="-0.052046">
        <ele>90.601510</ele>
        <time>2026-03-25T13:23:23.052Z</time>
      </trkpt>
      <trkpt lat="38.821991" lon="-0.051862">
        <ele>89.717372</ele>
        <time>2026-03-25T13:23:29.180Z</time>
      </trkpt>
      <trkpt lat="38.821879" lon="-0.051879">
        <ele>89.458802</ele>
        <time>2026-03-25T13:23:30.964Z</time>
      </trkpt>
      <trkpt lat="38.821817" lon="-0.051926">
        <ele>89.293715</ele>
        <time>2026-03-25T13:23:32.090Z</time>
      </trkpt>
      <trkpt lat="38.821694" lon="-0.051730">
        <ele>88.943674</ele>
        <time>2026-03-25T13:23:35.180Z</time>
      </trkpt>
      <trkpt lat="38.821647" lon="-0.051703">
        <ele>88.853244</ele>
        <time>2026-03-25T13:23:36.004Z</time>
      </trkpt>
      <trkpt lat="38.821505" lon="-0.051638">
        <ele>88.588485</ele>
        <time>2026-03-25T13:23:38.380Z</time>
      </trkpt>
      <trkpt lat="38.821420" lon="-0.051600">
        <ele>88.430415</ele>
        <time>2026-03-25T13:23:39.774Z</time>
      </trkpt>
      <trkpt lat="38.821158" lon="-0.051496">
        <ele>87.948799</ele>
        <time>2026-03-25T13:23:43.997Z</time>
      </trkpt>
      <trkpt lat="38.820827" lon="-0.051356">
        <ele>87.336760</ele>
        <time>2026-03-25T13:23:49.497Z</time>
      </trkpt>
      <trkpt lat="38.820912" lon="-0.051031">
        <ele>86.867694</ele>
        <time>2026-03-25T13:23:53.878Z</time>
      </trkpt>
      <trkpt lat="38.820676" lon="-0.051008">
        <ele>86.452046</ele>
        <time>2026-03-25T13:23:57.681Z</time>
      </trkpt>
      <trkpt lat="38.820533" lon="-0.050927">
        <ele>86.177546</ele>
        <time>2026-03-25T13:24:00.215Z</time>
      </trkpt>
      <trkpt lat="38.819792" lon="-0.052829">
        <ele>85.082117</ele>
        <time>2026-03-25T13:24:21.640Z</time>
      </trkpt>
      <trkpt lat="38.819677" lon="-0.053071">
        <ele>84.960550</ele>
        <time>2026-03-25T13:24:24.957Z</time>
      </trkpt>
      <trkpt lat="38.819623" lon="-0.053177">
        <ele>84.943064</ele>
        <time>2026-03-25T13:24:26.363Z</time>
      </trkpt>
      <trkpt lat="38.819521" lon="-0.053358">
        <ele>84.912221</ele>
        <time>2026-03-25T13:24:28.991Z</time>
      </trkpt>
      <trkpt lat="38.818807" lon="-0.054259">
        <ele>84.734781</ele>
        <time>2026-03-25T13:24:43.143Z</time>
      </trkpt>
      <trkpt lat="38.818626" lon="-0.054440">
        <ele>84.694120</ele>
        <time>2026-03-25T13:24:46.437Z</time>
      </trkpt>
      <trkpt lat="38.817521" lon="-0.055110">
        <ele>84.926539</ele>
        <time>2026-03-25T13:25:04.059Z</time>
      </trkpt>
      <trkpt lat="38.817230" lon="-0.055330">
        <ele>85.023360</ele>
        <time>2026-03-25T13:25:09.377Z</time>
      </trkpt>
      <trkpt lat="38.816800" lon="-0.055847">
        <ele>85.266769</ele>
        <time>2026-03-25T13:25:20.230Z</time>
      </trkpt>
      <trkpt lat="38.816708" lon="-0.055998">
        <ele>85.425274</ele>
        <time>2026-03-25T13:25:23.305Z</time>
      </trkpt>
      <trkpt lat="38.816185" lon="-0.057356">
        <ele>86.677901</ele>
        <time>2026-03-25T13:25:46.996Z</time>
      </trkpt>
      <trkpt lat="38.815721" lon="-0.057996">
        <ele>87.174624</ele>
        <time>2026-03-25T13:25:58.922Z</time>
      </trkpt>
      <trkpt lat="38.814791" lon="-0.059588">
        <ele>87.716663</ele>
        <time>2026-03-25T13:26:22.804Z</time>
      </trkpt>
      <trkpt lat="38.814630" lon="-0.059975">
        <ele>88.021837</ele>
        <time>2026-03-25T13:26:28.535Z</time>
      </trkpt>
      <trkpt lat="38.814269" lon="-0.061081">
        <ele>88.855973</ele>
        <time>2026-03-25T13:26:45.534Z</time>
      </trkpt>
      <trkpt lat="38.813883" lon="-0.062117">
        <ele>90.599316</ele>
        <time>2026-03-25T13:27:03.817Z</time>
      </trkpt>
      <trkpt lat="38.813782" lon="-0.062257">
        <ele>91.056828</ele>
        <time>2026-03-25T13:27:07.234Z</time>
      </trkpt>
      <trkpt lat="38.813151" lon="-0.062956">
        <ele>93.622086</ele>
        <time>2026-03-25T13:27:30.146Z</time>
      </trkpt>
      <trkpt lat="38.813062" lon="-0.063024">
        <ele>93.940848</ele>
        <time>2026-03-25T13:27:33.426Z</time>
      </trkpt>
      <trkpt lat="38.812189" lon="-0.063448">
        <ele>98.089342</ele>
        <time>2026-03-25T13:28:06.510Z</time>
      </trkpt>
      <trkpt lat="38.812064" lon="-0.063566">
        <ele>98.870128</ele>
        <time>2026-03-25T13:28:12.233Z</time>
      </trkpt>
      <trkpt lat="38.812021" lon="-0.063659">
        <ele>99.294115</ele>
        <time>2026-03-25T13:28:15.279Z</time>
      </trkpt>
      <trkpt lat="38.811849" lon="-0.064125">
        <ele>101.315778</ele>
        <time>2026-03-25T13:28:29.922Z</time>
      </trkpt>
      <trkpt lat="38.811580" lon="-0.064424">
        <ele>103.106392</ele>
        <time>2026-03-25T13:28:42.553Z</time>
      </trkpt>
      <trkpt lat="38.811526" lon="-0.064492">
        <ele>103.487059</ele>
        <time>2026-03-25T13:28:45.201Z</time>
      </trkpt>
      <trkpt lat="38.811366" lon="-0.064729">
        <ele>104.551915</ele>
        <time>2026-03-25T13:28:53.421Z</time>
      </trkpt>
      <trkpt lat="38.811353" lon="-0.064760">
        <ele>104.663590</ele>
        <time>2026-03-25T13:28:54.375Z</time>
      </trkpt>
      <trkpt lat="38.811225" lon="-0.065077">
        <ele>105.796176</ele>
        <time>2026-03-25T13:29:03.452Z</time>
      </trkpt>
      <trkpt lat="38.811103" lon="-0.065233">
        <ele>106.497296</ele>
        <time>2026-03-25T13:29:08.848Z</time>
      </trkpt>
      <trkpt lat="38.810670" lon="-0.065700">
        <ele>108.799894</ele>
        <time>2026-03-25T13:29:27.030Z</time>
      </trkpt>
      <trkpt lat="38.810377" lon="-0.066011">
        <ele>110.347835</ele>
        <time>2026-03-25T13:29:39.027Z</time>
      </trkpt>
      <trkpt lat="38.810350" lon="-0.066037">
        <ele>110.485256</ele>
        <time>2026-03-25T13:29:40.025Z</time>
      </trkpt>
      <trkpt lat="38.810206" lon="-0.066020">
        <ele>111.073961</ele>
        <time>2026-03-25T13:29:43.946Z</time>
      </trkpt>
      <trkpt lat="38.810198" lon="-0.066090">
        <ele>111.197817</ele>
        <time>2026-03-25T13:29:45.464Z</time>
      </trkpt>
      <trkpt lat="38.810130" lon="-0.066835">
        <ele>111.611023</ele>
        <time>2026-03-25T13:29:58.980Z</time>
      </trkpt>
      <trkpt lat="38.809712" lon="-0.066795">
        <ele>111.907348</ele>
        <time>2026-03-25T13:30:06.841Z</time>
      </trkpt>
      <trkpt lat="38.809103" lon="-0.067060">
        <ele>112.361955</ele>
        <time>2026-03-25T13:30:15.395Z</time>
      </trkpt>
      <trkpt lat="38.808722" lon="-0.067197">
        <ele>111.806402</ele>
        <time>2026-03-25T13:30:19.778Z</time>
      </trkpt>
      <trkpt lat="38.808564" lon="-0.067223">
        <ele>111.432775</ele>
        <time>2026-03-25T13:30:21.501Z</time>
      </trkpt>
      <trkpt lat="38.807840" lon="-0.067343">
        <ele>109.720509</ele>
        <time>2026-03-25T13:30:29.099Z</time>
      </trkpt>
      <trkpt lat="38.807142" lon="-0.067505">
        <ele>108.182124</ele>
        <time>2026-03-25T13:30:36.429Z</time>
      </trkpt>
      <trkpt lat="38.806578" lon="-0.067772">
        <ele>107.795593</ele>
        <time>2026-03-25T13:30:42.998Z</time>
      </trkpt>
      <trkpt lat="38.805017" lon="-0.068589">
        <ele>108.137638</ele>
        <time>2026-03-25T13:31:10.337Z</time>
      </trkpt>
      <trkpt lat="38.803352" lon="-0.069476">
        <ele>111.503186</ele>
        <time>2026-03-25T13:31:56.300Z</time>
      </trkpt>
      <trkpt lat="38.802984" lon="-0.069667">
        <ele>112.220300</ele>
        <time>2026-03-25T13:32:05.828Z</time>
      </trkpt>
      <trkpt lat="38.802747" lon="-0.069795">
        <ele>112.684818</ele>
        <time>2026-03-25T13:32:11.532Z</time>
      </trkpt>
      <trkpt lat="38.802458" lon="-0.069925">
        <ele>113.238047</ele>
        <time>2026-03-25T13:32:17.614Z</time>
      </trkpt>
      <trkpt lat="38.801911" lon="-0.070213">
        <ele>113.772263</ele>
        <time>2026-03-25T13:32:27.370Z</time>
      </trkpt>
      <trkpt lat="38.801721" lon="-0.070313">
        <ele>113.799631</ele>
        <time>2026-03-25T13:32:30.316Z</time>
      </trkpt>
      <trkpt lat="38.801133" lon="-0.070597">
        <ele>113.883357</ele>
        <time>2026-03-25T13:32:39.162Z</time>
      </trkpt>
      <trkpt lat="38.800961" lon="-0.070627">
        <ele>113.906490</ele>
        <time>2026-03-25T13:32:41.626Z</time>
      </trkpt>
      <trkpt lat="38.800652" lon="-0.070628">
        <ele>113.947669</ele>
        <time>2026-03-25T13:32:46.089Z</time>
      </trkpt>
      <trkpt lat="38.797048" lon="-0.070285">
        <ele>114.924747</ele>
        <time>2026-03-25T13:33:46.386Z</time>
      </trkpt>
      <trkpt lat="38.795981" lon="-0.070182">
        <ele>113.287349</ele>
        <time>2026-03-25T13:33:58.589Z</time>
      </trkpt>
      <trkpt lat="38.794307" lon="-0.070035">
        <ele>111.282176</ele>
        <time>2026-03-25T13:34:16.512Z</time>
      </trkpt>
      <trkpt lat="38.793927" lon="-0.070020">
        <ele>111.075751</ele>
        <time>2026-03-25T13:34:21.392Z</time>
      </trkpt>
      <trkpt lat="38.793353" lon="-0.069959">
        <ele>110.763021</ele>
        <time>2026-03-25T13:34:32.145Z</time>
      </trkpt>
      <trkpt lat="38.792690" lon="-0.069886">
        <ele>112.520831</ele>
        <time>2026-03-25T13:34:50.519Z</time>
      </trkpt>
      <trkpt lat="38.792255" lon="-0.069666">
        <ele>113.851065</ele>
        <time>2026-03-25T13:35:04.512Z</time>
      </trkpt>
      <trkpt lat="38.791690" lon="-0.069372">
        <ele>115.585636</ele>
        <time>2026-03-25T13:35:21.354Z</time>
      </trkpt>
      <trkpt lat="38.791619" lon="-0.069546">
        <ele>115.948074</ele>
        <time>2026-03-25T13:35:25.312Z</time>
      </trkpt>
      <trkpt lat="38.790632" lon="-0.071513">
        <ele>118.829987</ele>
        <time>2026-03-25T13:36:01.833Z</time>
      </trkpt>
      <trkpt lat="38.790408" lon="-0.071874">
        <ele>119.496723</ele>
        <time>2026-03-25T13:36:09.281Z</time>
      </trkpt>
      <trkpt lat="38.790222" lon="-0.072048">
        <ele>119.923466</ele>
        <time>2026-03-25T13:36:14.284Z</time>
      </trkpt>
      <trkpt lat="38.790183" lon="-0.072087">
        <ele>120.015133</ele>
        <time>2026-03-25T13:36:15.367Z</time>
      </trkpt>
      <trkpt lat="38.789951" lon="-0.072296">
        <ele>120.540661</ele>
        <time>2026-03-25T13:36:21.814Z</time>
      </trkpt>
      <trkpt lat="38.789766" lon="-0.072568">
        <ele>121.062288</ele>
        <time>2026-03-25T13:36:28.471Z</time>
      </trkpt>
      <trkpt lat="38.789032" lon="-0.073631">
        <ele>123.320052</ele>
        <time>2026-03-25T13:36:54.401Z</time>
      </trkpt>
      <trkpt lat="38.788759" lon="-0.074051">
        <ele>124.257813</ele>
        <time>2026-03-25T13:37:04.325Z</time>
      </trkpt>
      <trkpt lat="38.787963" lon="-0.075284">
        <ele>127.229876</ele>
        <time>2026-03-25T13:37:33.799Z</time>
      </trkpt>
      <trkpt lat="38.787930" lon="-0.075327">
        <ele>127.356046</ele>
        <time>2026-03-25T13:37:34.971Z</time>
      </trkpt>
      <trkpt lat="38.786632" lon="-0.077165">
        <ele>134.046000</ele>
        <time>2026-03-25T13:38:25.665Z</time>
      </trkpt>
      <trkpt lat="38.785693" lon="-0.078374">
        <ele>142.018552</ele>
        <time>2026-03-25T13:39:15.677Z</time>
      </trkpt>
      <trkpt lat="38.785539" lon="-0.078703">
        <ele>145.686885</ele>
        <time>2026-03-25T13:39:31.236Z</time>
      </trkpt>
      <trkpt lat="38.785247" lon="-0.079598">
        <ele>154.961268</ele>
        <time>2026-03-25T13:40:21.933Z</time>
      </trkpt>
      <trkpt lat="38.785175" lon="-0.080027">
        <ele>159.156035</ele>
        <time>2026-03-25T13:40:50.990Z</time>
      </trkpt>
      <trkpt lat="38.785151" lon="-0.080259">
        <ele>161.393158</ele>
        <time>2026-03-25T13:41:06.609Z</time>
      </trkpt>
      <trkpt lat="38.785113" lon="-0.081161">
        <ele>169.375563</ele>
        <time>2026-03-25T13:41:58.482Z</time>
      </trkpt>
      <trkpt lat="38.785124" lon="-0.081330">
        <ele>170.867679</ele>
        <time>2026-03-25T13:42:07.130Z</time>
      </trkpt>
      <trkpt lat="38.785160" lon="-0.081510">
        <ele>172.502701</ele>
        <time>2026-03-25T13:42:16.250Z</time>
      </trkpt>
      <trkpt lat="38.785246" lon="-0.081684">
        <ele>174.315442</ele>
        <time>2026-03-25T13:42:25.925Z</time>
      </trkpt>
      <trkpt lat="38.785513" lon="-0.082033">
        <ele>178.617928</ele>
        <time>2026-03-25T13:42:45.891Z</time>
      </trkpt>
      <trkpt lat="38.785822" lon="-0.082383">
        <ele>182.566423</ele>
        <time>2026-03-25T13:43:02.874Z</time>
      </trkpt>
      <trkpt lat="38.785896" lon="-0.082564">
        <ele>183.254517</ele>
        <time>2026-03-25T13:43:08.133Z</time>
      </trkpt>
      <trkpt lat="38.786039" lon="-0.084405">
        <ele>189.483205</ele>
        <time>2026-03-25T13:43:53.542Z</time>
      </trkpt>
      <trkpt lat="38.785986" lon="-0.085133">
        <ele>191.928603</ele>
        <time>2026-03-25T13:44:05.784Z</time>
      </trkpt>
      <trkpt lat="38.785795" lon="-0.085738">
        <ele>194.108760</ele>
        <time>2026-03-25T13:44:15.597Z</time>
      </trkpt>
      <trkpt lat="38.785621" lon="-0.086122">
        <ele>195.592290</ele>
        <time>2026-03-25T13:44:26.762Z</time>
      </trkpt>
      <trkpt lat="38.785551" lon="-0.086286">
        <ele>196.216800</ele>
        <time>2026-03-25T13:44:32.554Z</time>
      </trkpt>
      <trkpt lat="38.785480" lon="-0.086562">
        <ele>197.187554</ele>
        <time>2026-03-25T13:44:42.927Z</time>
      </trkpt>
      <trkpt lat="38.785491" lon="-0.086796">
        <ele>198.339297</ele>
        <time>2026-03-25T13:44:52.370Z</time>
      </trkpt>
      <trkpt lat="38.785467" lon="-0.086853">
        <ele>198.774135</ele>
        <time>2026-03-25T13:44:55.233Z</time>
      </trkpt>
      <trkpt lat="38.785340" lon="-0.086908">
        <ele>199.928342</ele>
        <time>2026-03-25T13:45:02.951Z</time>
      </trkpt>
      <trkpt lat="38.785298" lon="-0.086883">
        <ele>200.327030</ele>
        <time>2026-03-25T13:45:05.927Z</time>
      </trkpt>
      <trkpt lat="38.785229" lon="-0.086733">
        <ele>201.496089</ele>
        <time>2026-03-25T13:45:14.077Z</time>
      </trkpt>
      <trkpt lat="38.785204" lon="-0.086602">
        <ele>202.401348</ele>
        <time>2026-03-25T13:45:20.200Z</time>
      </trkpt>
      <trkpt lat="38.785225" lon="-0.086279">
        <ele>204.576898</ele>
        <time>2026-03-25T13:45:34.948Z</time>
      </trkpt>
      <trkpt lat="38.785352" lon="-0.085907">
        <ele>207.302790</ele>
        <time>2026-03-25T13:45:53.375Z</time>
      </trkpt>
      <trkpt lat="38.785298" lon="-0.085835">
        <ele>207.973435</ele>
        <time>2026-03-25T13:45:57.909Z</time>
      </trkpt>
      <trkpt lat="38.785254" lon="-0.085864">
        <ele>208.399389</ele>
        <time>2026-03-25T13:46:00.869Z</time>
      </trkpt>
      <trkpt lat="38.784836" lon="-0.086840">
        <ele>214.965147</ele>
        <time>2026-03-25T13:46:33.969Z</time>
      </trkpt>
      <trkpt lat="38.784798" lon="-0.087089">
        <ele>216.111562</ele>
        <time>2026-03-25T13:46:39.996Z</time>
      </trkpt>
      <trkpt lat="38.784864" lon="-0.087480">
        <ele>217.919162</ele>
        <time>2026-03-25T13:46:49.519Z</time>
      </trkpt>
      <trkpt lat="38.784855" lon="-0.087600">
        <ele>218.463861</ele>
        <time>2026-03-25T13:46:52.596Z</time>
      </trkpt>
      <trkpt lat="38.784819" lon="-0.087651">
        <ele>218.774735</ele>
        <time>2026-03-25T13:46:54.395Z</time>
      </trkpt>
      <trkpt lat="38.784748" lon="-0.087672">
        <ele>219.197074</ele>
        <time>2026-03-25T13:46:56.843Z</time>
      </trkpt>
      <trkpt lat="38.784711" lon="-0.087651">
        <ele>219.431592</ele>
        <time>2026-03-25T13:46:58.304Z</time>
      </trkpt>
      <trkpt lat="38.784638" lon="-0.087531">
        <ele>220.119357</ele>
        <time>2026-03-25T13:47:02.492Z</time>
      </trkpt>
      <trkpt lat="38.784508" lon="-0.087073">
        <ele>222.321667</ele>
        <time>2026-03-25T13:47:17.292Z</time>
      </trkpt>
      <trkpt lat="38.784485" lon="-0.086848">
        <ele>223.346993</ele>
        <time>2026-03-25T13:47:25.232Z</time>
      </trkpt>
      <trkpt lat="38.784529" lon="-0.086652">
        <ele>224.642932</ele>
        <time>2026-03-25T13:47:32.401Z</time>
      </trkpt>
      <trkpt lat="38.784897" lon="-0.085935">
        <ele>230.458187</ele>
        <time>2026-03-25T13:48:06.829Z</time>
      </trkpt>
      <trkpt lat="38.784908" lon="-0.085838">
        <ele>231.122182</ele>
        <time>2026-03-25T13:48:10.822Z</time>
      </trkpt>
      <trkpt lat="38.784883" lon="-0.085804">
        <ele>231.438796</ele>
        <time>2026-03-25T13:48:13.036Z</time>
      </trkpt>
      <trkpt lat="38.784827" lon="-0.085791">
        <ele>231.933348</ele>
        <time>2026-03-25T13:48:16.333Z</time>
      </trkpt>
      <trkpt lat="38.784764" lon="-0.085846">
        <ele>232.595574</ele>
        <time>2026-03-25T13:48:20.272Z</time>
      </trkpt>
      <trkpt lat="38.784603" lon="-0.086161">
        <ele>235.147179</ele>
        <time>2026-03-25T13:48:36.044Z</time>
      </trkpt>
      <trkpt lat="38.784103" lon="-0.086825">
        <ele>241.394727</ele>
        <time>2026-03-25T13:49:11.172Z</time>
      </trkpt>
      <trkpt lat="38.783608" lon="-0.088145">
        <ele>251.289386</ele>
        <time>2026-03-25T13:50:06.831Z</time>
      </trkpt>
      <trkpt lat="38.783562" lon="-0.088492">
        <ele>253.667017</ele>
        <time>2026-03-25T13:50:20.961Z</time>
      </trkpt>
      <trkpt lat="38.783513" lon="-0.088645">
        <ele>254.776700</ele>
        <time>2026-03-25T13:50:27.765Z</time>
      </trkpt>
      <trkpt lat="38.783054" lon="-0.089601">
        <ele>261.172207</ele>
        <time>2026-03-25T13:51:11.964Z</time>
      </trkpt>
      <trkpt lat="38.782796" lon="-0.089913">
        <ele>263.763075</ele>
        <time>2026-03-25T13:51:27.419Z</time>
      </trkpt>
      <trkpt lat="38.782654" lon="-0.090155">
        <ele>265.488424</ele>
        <time>2026-03-25T13:51:37.074Z</time>
      </trkpt>
      <trkpt lat="38.782597" lon="-0.090414">
        <ele>267.021397</ele>
        <time>2026-03-25T13:51:44.918Z</time>
      </trkpt>
      <trkpt lat="38.782629" lon="-0.090712">
        <ele>268.249661</ele>
        <time>2026-03-25T13:51:52.666Z</time>
      </trkpt>
      <trkpt lat="38.782611" lon="-0.090902">
        <ele>268.722149</ele>
        <time>2026-03-25T13:51:57.128Z</time>
      </trkpt>
      <trkpt lat="38.782474" lon="-0.091408">
        <ele>270.044468</ele>
        <time>2026-03-25T13:52:08.650Z</time>
      </trkpt>
      <trkpt lat="38.782196" lon="-0.092850">
        <ele>273.645110</ele>
        <time>2026-03-25T13:52:39.353Z</time>
      </trkpt>
      <trkpt lat="38.781914" lon="-0.093474">
        <ele>274.563085</ele>
        <time>2026-03-25T13:52:48.948Z</time>
      </trkpt>
      <trkpt lat="38.781558" lon="-0.094152">
        <ele>275.603476</ele>
        <time>2026-03-25T13:52:58.754Z</time>
      </trkpt>
      <trkpt lat="38.781391" lon="-0.094509">
        <ele>276.133364</ele>
        <time>2026-03-25T13:53:05.796Z</time>
      </trkpt>
      <trkpt lat="38.781283" lon="-0.094685">
        <ele>276.418436</ele>
        <time>2026-03-25T13:53:09.853Z</time>
      </trkpt>
      <trkpt lat="38.780706" lon="-0.095637">
        <ele>282.791148</ele>
        <time>2026-03-25T13:53:43.648Z</time>
      </trkpt>
      <trkpt lat="38.780511" lon="-0.095823">
        <ele>284.518789</ele>
        <time>2026-03-25T13:53:56.341Z</time>
      </trkpt>
      <trkpt lat="38.780160" lon="-0.096074">
        <ele>287.375828</ele>
        <time>2026-03-25T13:54:18.606Z</time>
      </trkpt>
      <trkpt lat="38.780094" lon="-0.096177">
        <ele>288.114792</ele>
        <time>2026-03-25T13:54:24.391Z</time>
      </trkpt>
      <trkpt lat="38.780069" lon="-0.096267">
        <ele>288.644325</ele>
        <time>2026-03-25T13:54:28.382Z</time>
      </trkpt>
      <trkpt lat="38.780024" lon="-0.096744">
        <ele>291.253757</ele>
        <time>2026-03-25T13:54:48.423Z</time>
      </trkpt>
      <trkpt lat="38.779945" lon="-0.097044">
        <ele>292.961968</ele>
        <time>2026-03-25T13:55:01.500Z</time>
      </trkpt>
      <trkpt lat="38.779831" lon="-0.097234">
        <ele>294.255375</ele>
        <time>2026-03-25T13:55:10.975Z</time>
      </trkpt>
      <trkpt lat="38.779465" lon="-0.097711">
        <ele>297.865946</ele>
        <time>2026-03-25T13:55:32.320Z</time>
      </trkpt>
      <trkpt lat="38.779388" lon="-0.097868">
        <ele>298.866572</ele>
        <time>2026-03-25T13:55:37.122Z</time>
      </trkpt>
      <trkpt lat="38.779358" lon="-0.097991">
        <ele>299.561828</ele>
        <time>2026-03-25T13:55:40.356Z</time>
      </trkpt>
      <trkpt lat="38.779333" lon="-0.098255">
        <ele>300.996475</ele>
        <time>2026-03-25T13:55:47.007Z</time>
      </trkpt>
      <trkpt lat="38.779362" lon="-0.098606">
        <ele>302.623545</ele>
        <time>2026-03-25T13:55:55.345Z</time>
      </trkpt>
      <trkpt lat="38.779447" lon="-0.098771">
        <ele>303.434568</ele>
        <time>2026-03-25T13:55:59.866Z</time>
      </trkpt>
      <trkpt lat="38.779522" lon="-0.098824">
        <ele>303.885002</ele>
        <time>2026-03-25T13:56:02.346Z</time>
      </trkpt>
      <trkpt lat="38.779601" lon="-0.098821">
        <ele>304.300754</ele>
        <time>2026-03-25T13:56:04.606Z</time>
      </trkpt>
      <trkpt lat="38.779713" lon="-0.098743">
        <ele>304.971145</ele>
        <time>2026-03-25T13:56:08.182Z</time>
      </trkpt>
      <trkpt lat="38.780102" lon="-0.098288">
        <ele>307.740386</ele>
        <time>2026-03-25T13:56:23.805Z</time>
      </trkpt>
      <trkpt lat="38.780316" lon="-0.098093">
        <ele>309.121214</ele>
        <time>2026-03-25T13:56:32.930Z</time>
      </trkpt>
      <trkpt lat="38.781120" lon="-0.097868">
        <ele>315.919842</ele>
        <time>2026-03-25T13:57:13.257Z</time>
      </trkpt>
      <trkpt lat="38.781251" lon="-0.097854">
        <ele>317.372743</ele>
        <time>2026-03-25T13:57:20.956Z</time>
      </trkpt>
      <trkpt lat="38.781320" lon="-0.097880">
        <ele>318.167590</ele>
        <time>2026-03-25T13:57:25.204Z</time>
      </trkpt>
      <trkpt lat="38.781397" lon="-0.098039">
        <ele>319.780351</ele>
        <time>2026-03-25T13:57:34.165Z</time>
      </trkpt>
      <trkpt lat="38.781400" lon="-0.098224">
        <ele>321.374642</ele>
        <time>2026-03-25T13:57:43.470Z</time>
      </trkpt>
      <trkpt lat="38.781379" lon="-0.098310">
        <ele>322.151114</ele>
        <time>2026-03-25T13:57:48.148Z</time>
      </trkpt>
      <trkpt lat="38.781227" lon="-0.098556">
        <ele>324.855690</ele>
        <time>2026-03-25T13:58:04.758Z</time>
      </trkpt>
      <trkpt lat="38.781177" lon="-0.098788">
        <ele>326.929575</ele>
        <time>2026-03-25T13:58:17.527Z</time>
      </trkpt>
      <trkpt lat="38.781188" lon="-0.099413">
        <ele>332.001345</ele>
        <time>2026-03-25T13:58:49.805Z</time>
      </trkpt>
      <trkpt lat="38.781158" lon="-0.099656">
        <ele>333.578685</ele>
        <time>2026-03-25T13:59:01.561Z</time>
      </trkpt>
      <trkpt lat="38.781156" lon="-0.099806">
        <ele>334.540507</ele>
        <time>2026-03-25T13:59:08.396Z</time>
      </trkpt>
      <trkpt lat="38.781327" lon="-0.100438">
        <ele>338.829511</ele>
        <time>2026-03-25T13:59:35.786Z</time>
      </trkpt>
      <trkpt lat="38.781389" lon="-0.100812">
        <ele>341.280914</ele>
        <time>2026-03-25T13:59:48.797Z</time>
      </trkpt>
      <trkpt lat="38.781352" lon="-0.101021">
        <ele>342.654971</ele>
        <time>2026-03-25T13:59:55.194Z</time>
      </trkpt>
      <trkpt lat="38.781163" lon="-0.101313">
        <ele>345.088238</ele>
        <time>2026-03-25T14:00:05.119Z</time>
      </trkpt>
      <trkpt lat="38.781113" lon="-0.101376">
        <ele>345.664639</ele>
        <time>2026-03-25T14:00:07.416Z</time>
      </trkpt>
      <trkpt lat="38.780814" lon="-0.101738">
        <ele>347.457155</ele>
        <time>2026-03-25T14:00:19.978Z</time>
      </trkpt>
      <trkpt lat="38.780215" lon="-0.102450">
        <ele>350.803722</ele>
        <time>2026-03-25T14:00:43.429Z</time>
      </trkpt>
      <trkpt lat="38.780070" lon="-0.102477">
        <ele>351.404168</ele>
        <time>2026-03-25T14:00:47.689Z</time>
      </trkpt>
      <trkpt lat="38.780046" lon="-0.102589">
        <ele>351.775243</ele>
        <time>2026-03-25T14:00:50.398Z</time>
      </trkpt>
      <trkpt lat="38.779648" lon="-0.103338">
        <ele>355.022803</ele>
        <time>2026-03-25T14:01:13.559Z</time>
      </trkpt>
      <trkpt lat="38.779598" lon="-0.103384">
        <ele>355.337374</ele>
        <time>2026-03-25T14:01:15.915Z</time>
      </trkpt>
      <trkpt lat="38.779316" lon="-0.103907">
        <ele>357.871807</ele>
        <time>2026-03-25T14:01:36.408Z</time>
      </trkpt>
      <trkpt lat="38.779150" lon="-0.104215">
        <ele>359.364153</ele>
        <time>2026-03-25T14:01:47.777Z</time>
      </trkpt>
      <trkpt lat="38.779162" lon="-0.104342">
        <ele>359.874018</ele>
        <time>2026-03-25T14:01:51.742Z</time>
      </trkpt>
      <trkpt lat="38.779348" lon="-0.104880">
        <ele>362.219625</ele>
        <time>2026-03-25T14:02:07.802Z</time>
      </trkpt>
      <trkpt lat="38.779403" lon="-0.104966">
        <ele>362.543286</ele>
        <time>2026-03-25T14:02:10.453Z</time>
      </trkpt>
      <trkpt lat="38.779493" lon="-0.105043">
        <ele>362.791742</ele>
        <time>2026-03-25T14:02:13.670Z</time>
      </trkpt>
      <trkpt lat="38.779596" lon="-0.105043">
        <ele>363.028298</ele>
        <time>2026-03-25T14:02:16.853Z</time>
      </trkpt>
      <trkpt lat="38.780544" lon="-0.104372">
        <ele>365.514979</ele>
        <time>2026-03-25T14:02:37.591Z</time>
      </trkpt>
      <trkpt lat="38.780788" lon="-0.104159">
        <ele>366.192812</ele>
        <time>2026-03-25T14:02:43.503Z</time>
      </trkpt>
      <trkpt lat="38.780967" lon="-0.104007">
        <ele>366.972540</ele>
        <time>2026-03-25T14:02:48.260Z</time>
      </trkpt>
      <trkpt lat="38.781399" lon="-0.103759">
        <ele>370.911577</ele>
        <time>2026-03-25T14:03:02.983Z</time>
      </trkpt>
      <trkpt lat="38.781955" lon="-0.103550">
        <ele>375.733602</ele>
        <time>2026-03-25T14:03:28.982Z</time>
      </trkpt>
      <trkpt lat="38.782487" lon="-0.103513">
        <ele>380.167807</ele>
        <time>2026-03-25T14:04:05.562Z</time>
      </trkpt>
      <trkpt lat="38.782635" lon="-0.103566">
        <ele>381.446668</ele>
        <time>2026-03-25T14:04:16.534Z</time>
      </trkpt>
      <trkpt lat="38.782742" lon="-0.103797">
        <ele>383.644220</ele>
        <time>2026-03-25T14:04:31.350Z</time>
      </trkpt>
      <trkpt lat="38.782873" lon="-0.104702">
        <ele>391.266346</ele>
        <time>2026-03-25T14:05:16.134Z</time>
      </trkpt>
      <trkpt lat="38.782983" lon="-0.105236">
        <ele>395.840009</ele>
        <time>2026-03-25T14:05:40.824Z</time>
      </trkpt>
      <trkpt lat="38.782984" lon="-0.105375">
        <ele>396.991071</ele>
        <time>2026-03-25T14:05:46.598Z</time>
      </trkpt>
      <trkpt lat="38.782940" lon="-0.105523">
        <ele>398.302714</ele>
        <time>2026-03-25T14:05:53.011Z</time>
      </trkpt>
      <trkpt lat="38.782839" lon="-0.105667">
        <ele>399.906759</ele>
        <time>2026-03-25T14:06:00.315Z</time>
      </trkpt>
      <trkpt lat="38.782705" lon="-0.105774">
        <ele>401.139137</ele>
        <time>2026-03-25T14:06:07.223Z</time>
      </trkpt>
      <trkpt lat="38.782515" lon="-0.105807">
        <ele>402.203619</ele>
        <time>2026-03-25T14:06:14.785Z</time>
      </trkpt>
      <trkpt lat="38.782247" lon="-0.105719">
        <ele>403.739493</ele>
        <time>2026-03-25T14:06:24.544Z</time>
      </trkpt>
      <trkpt lat="38.782039" lon="-0.105719">
        <ele>404.894285</ele>
        <time>2026-03-25T14:06:31.703Z</time>
      </trkpt>
      <trkpt lat="38.781524" lon="-0.105955">
        <ele>407.930461</ele>
        <time>2026-03-25T14:06:52.015Z</time>
      </trkpt>
      <trkpt lat="38.781325" lon="-0.106090">
        <ele>409.180264</ele>
        <time>2026-03-25T14:07:00.029Z</time>
      </trkpt>
      <trkpt lat="38.780605" lon="-0.106680">
        <ele>413.646816</ele>
        <time>2026-03-25T14:07:25.565Z</time>
      </trkpt>
      <trkpt lat="38.780337" lon="-0.107020">
        <ele>415.563158</ele>
        <time>2026-03-25T14:07:37.794Z</time>
      </trkpt>
      <trkpt lat="38.780223" lon="-0.107261">
        <ele>416.680416</ele>
        <time>2026-03-25T14:07:45.529Z</time>
      </trkpt>
      <trkpt lat="38.779990" lon="-0.107898">
        <ele>419.469172</ele>
        <time>2026-03-25T14:08:06.792Z</time>
      </trkpt>
      <trkpt lat="38.779882" lon="-0.108078">
        <ele>420.651330</ele>
        <time>2026-03-25T14:08:14.218Z</time>
      </trkpt>
      <trkpt lat="38.779706" lon="-0.108190">
        <ele>422.130429</ele>
        <time>2026-03-25T14:08:22.589Z</time>
      </trkpt>
      <trkpt lat="38.778772" lon="-0.108568">
        <ele>429.503707</ele>
        <time>2026-03-25T14:09:08.018Z</time>
      </trkpt>
      <trkpt lat="38.778703" lon="-0.108589">
        <ele>430.037594</ele>
        <time>2026-03-25T14:09:11.652Z</time>
      </trkpt>
      <trkpt lat="38.778490" lon="-0.108670">
        <ele>431.710146</ele>
        <time>2026-03-25T14:09:22.547Z</time>
      </trkpt>
      <trkpt lat="38.778380" lon="-0.108781">
        <ele>432.763811</ele>
        <time>2026-03-25T14:09:29.086Z</time>
      </trkpt>
      <trkpt lat="38.778305" lon="-0.108905">
        <ele>433.588033</ele>
        <time>2026-03-25T14:09:34.596Z</time>
      </trkpt>
      <trkpt lat="38.778108" lon="-0.109449">
        <ele>436.163024</ele>
        <time>2026-03-25T14:09:55.050Z</time>
      </trkpt>
      <trkpt lat="38.778108" lon="-0.109582">
        <ele>436.733978</ele>
        <time>2026-03-25T14:09:59.448Z</time>
      </trkpt>
      <trkpt lat="38.778164" lon="-0.109730">
        <ele>437.440207</ele>
        <time>2026-03-25T14:10:04.746Z</time>
      </trkpt>
      <trkpt lat="38.778273" lon="-0.109877">
        <ele>438.311128</ele>
        <time>2026-03-25T14:10:11.246Z</time>
      </trkpt>
      <trkpt lat="38.778318" lon="-0.110008">
        <ele>438.925669</ele>
        <time>2026-03-25T14:10:15.371Z</time>
      </trkpt>
      <trkpt lat="38.778322" lon="-0.110050">
        <ele>439.107310</ele>
        <time>2026-03-25T14:10:16.597Z</time>
      </trkpt>
      <trkpt lat="38.778308" lon="-0.110142">
        <ele>439.509708</ele>
        <time>2026-03-25T14:10:18.989Z</time>
      </trkpt>
      <trkpt lat="38.778176" lon="-0.110579">
        <ele>441.521595</ele>
        <time>2026-03-25T14:10:29.268Z</time>
      </trkpt>
      <trkpt lat="38.778074" lon="-0.111185">
        <ele>444.025476</ele>
        <time>2026-03-25T14:10:40.989Z</time>
      </trkpt>
      <trkpt lat="38.777975" lon="-0.111410">
        <ele>444.951497</ele>
        <time>2026-03-25T14:10:47.363Z</time>
      </trkpt>
      <trkpt lat="38.777873" lon="-0.111574">
        <ele>445.703450</ele>
        <time>2026-03-25T14:10:53.661Z</time>
      </trkpt>
      <trkpt lat="38.777808" lon="-0.111631">
        <ele>446.065451</ele>
        <time>2026-03-25T14:10:57.047Z</time>
      </trkpt>
      <trkpt lat="38.777253" lon="-0.111913">
        <ele>448.810001</ele>
        <time>2026-03-25T14:11:17.591Z</time>
      </trkpt>
      <trkpt lat="38.776833" lon="-0.112343">
        <ele>451.280637</ele>
        <time>2026-03-25T14:11:35.226Z</time>
      </trkpt>
      <trkpt lat="38.776728" lon="-0.112512">
        <ele>451.916474</ele>
        <time>2026-03-25T14:11:41.915Z</time>
      </trkpt>
      <trkpt lat="38.776588" lon="-0.112842">
        <ele>452.927729</ele>
        <time>2026-03-25T14:11:53.165Z</time>
      </trkpt>
      <trkpt lat="38.776437" lon="-0.113081">
        <ele>453.755772</ele>
        <time>2026-03-25T14:12:00.947Z</time>
      </trkpt>
      <trkpt lat="38.776330" lon="-0.113350">
        <ele>454.568635</ele>
        <time>2026-03-25T14:12:06.947Z</time>
      </trkpt>
      <trkpt lat="38.776155" lon="-0.113716">
        <ele>455.724320</ele>
        <time>2026-03-25T14:12:12.948Z</time>
      </trkpt>
      <trkpt lat="38.775929" lon="-0.114059">
        <ele>456.933146</ele>
        <time>2026-03-25T14:12:21.174Z</time>
      </trkpt>
      <trkpt lat="38.775808" lon="-0.114208">
        <ele>457.512269</ele>
        <time>2026-03-25T14:12:26.296Z</time>
      </trkpt>
      <trkpt lat="38.775771" lon="-0.114252">
        <ele>457.686472</ele>
        <time>2026-03-25T14:12:27.926Z</time>
      </trkpt>
      <trkpt lat="38.775099" lon="-0.114736">
        <ele>461.539562</ele>
        <time>2026-03-25T14:12:51.725Z</time>
      </trkpt>
      <trkpt lat="38.774787" lon="-0.115175">
        <ele>463.860840</ele>
        <time>2026-03-25T14:13:07.437Z</time>
      </trkpt>
      <trkpt lat="38.774550" lon="-0.115395">
        <ele>465.327190</ele>
        <time>2026-03-25T14:13:18.851Z</time>
      </trkpt>
      <trkpt lat="38.774121" lon="-0.115660">
        <ele>468.554911</ele>
        <time>2026-03-25T14:13:38.942Z</time>
      </trkpt>
      <trkpt lat="38.773986" lon="-0.115715">
        <ele>469.867874</ele>
        <time>2026-03-25T14:13:45.447Z</time>
      </trkpt>
      <trkpt lat="38.773285" lon="-0.115883">
        <ele>476.478112</ele>
        <time>2026-03-25T14:14:21.824Z</time>
      </trkpt>
      <trkpt lat="38.772699" lon="-0.116027">
        <ele>482.008717</ele>
        <time>2026-03-25T14:14:57.497Z</time>
      </trkpt>
      <trkpt lat="38.772545" lon="-0.116094">
        <ele>483.484350</ele>
        <time>2026-03-25T14:15:07.535Z</time>
      </trkpt>
      <trkpt lat="38.772391" lon="-0.116191">
        <ele>484.655565</ele>
        <time>2026-03-25T14:15:18.026Z</time>
      </trkpt>
      <trkpt lat="38.772205" lon="-0.116356">
        <ele>486.199409</ele>
        <time>2026-03-25T14:15:30.571Z</time>
      </trkpt>
      <trkpt lat="38.772153" lon="-0.116430">
        <ele>486.729626</ele>
        <time>2026-03-25T14:15:34.528Z</time>
      </trkpt>
      <trkpt lat="38.772061" lon="-0.116672">
        <ele>488.162588</ele>
        <time>2026-03-25T14:15:45.038Z</time>
      </trkpt>
      <trkpt lat="38.771845" lon="-0.116968">
        <ele>490.320407</ele>
        <time>2026-03-25T14:15:59.771Z</time>
      </trkpt>
      <trkpt lat="38.771802" lon="-0.117079">
        <ele>490.980094</ele>
        <time>2026-03-25T14:16:03.729Z</time>
      </trkpt>
      <trkpt lat="38.771789" lon="-0.117228">
        <ele>491.778071</ele>
        <time>2026-03-25T14:16:08.207Z</time>
      </trkpt>
      <trkpt lat="38.771862" lon="-0.117682">
        <ele>494.245260</ele>
        <time>2026-03-25T14:16:18.877Z</time>
      </trkpt>
      <trkpt lat="38.771837" lon="-0.117813">
        <ele>494.963068</ele>
        <time>2026-03-25T14:16:21.517Z</time>
      </trkpt>
      <trkpt lat="38.771769" lon="-0.117971">
        <ele>495.824312</ele>
        <time>2026-03-25T14:16:24.416Z</time>
      </trkpt>
      <trkpt lat="38.771660" lon="-0.118144">
        <ele>496.536640</ele>
        <time>2026-03-25T14:16:27.553Z</time>
      </trkpt>
      <trkpt lat="38.771438" lon="-0.118398">
        <ele>497.758612</ele>
        <time>2026-03-25T14:16:33.365Z</time>
      </trkpt>
      <trkpt lat="38.771384" lon="-0.118515">
        <ele>498.194037</ele>
        <time>2026-03-25T14:16:35.478Z</time>
      </trkpt>
      <trkpt lat="38.771406" lon="-0.118663">
        <ele>498.676545</ele>
        <time>2026-03-25T14:16:38.266Z</time>
      </trkpt>
      <trkpt lat="38.771569" lon="-0.118818">
        <ele>499.510023</ele>
        <time>2026-03-25T14:16:44.483Z</time>
      </trkpt>
      <trkpt lat="38.771622" lon="-0.118902">
        <ele>499.856088</ele>
        <time>2026-03-25T14:16:47.405Z</time>
      </trkpt>
      <trkpt lat="38.771631" lon="-0.118981">
        <ele>500.111771</ele>
        <time>2026-03-25T14:16:49.632Z</time>
      </trkpt>
      <trkpt lat="38.771593" lon="-0.119071">
        <ele>500.439547</ele>
        <time>2026-03-25T14:16:52.726Z</time>
      </trkpt>
      <trkpt lat="38.771490" lon="-0.119174">
        <ele>500.976022</ele>
        <time>2026-03-25T14:16:57.492Z</time>
      </trkpt>
      <trkpt lat="38.770799" lon="-0.119494">
        <ele>504.204778</ele>
        <time>2026-03-25T14:17:26.959Z</time>
      </trkpt>
      <trkpt lat="38.770697" lon="-0.119596">
        <ele>504.856446</ele>
        <time>2026-03-25T14:17:32.324Z</time>
      </trkpt>
      <trkpt lat="38.770666" lon="-0.119695">
        <ele>505.275542</ele>
        <time>2026-03-25T14:17:35.937Z</time>
      </trkpt>
      <trkpt lat="38.770664" lon="-0.119804">
        <ele>505.703846</ele>
        <time>2026-03-25T14:17:39.244Z</time>
      </trkpt>
      <trkpt lat="38.770711" lon="-0.120041">
        <ele>506.664500</ele>
        <time>2026-03-25T14:17:47.011Z</time>
      </trkpt>
      <trkpt lat="38.770793" lon="-0.120186">
        <ele>507.368168</ele>
        <time>2026-03-25T14:17:52.381Z</time>
      </trkpt>
      <trkpt lat="38.771131" lon="-0.120597">
        <ele>509.714858</ele>
        <time>2026-03-25T14:18:08.923Z</time>
      </trkpt>
      <trkpt lat="38.771177" lon="-0.120691">
        <ele>510.150828</ele>
        <time>2026-03-25T14:18:11.727Z</time>
      </trkpt>
      <trkpt lat="38.771191" lon="-0.120783">
        <ele>510.519049</ele>
        <time>2026-03-25T14:18:14.036Z</time>
      </trkpt>
      <trkpt lat="38.771167" lon="-0.120932">
        <ele>511.116724</ele>
        <time>2026-03-25T14:18:17.302Z</time>
      </trkpt>
      <trkpt lat="38.771087" lon="-0.121141">
        <ele>512.031346</ele>
        <time>2026-03-25T14:18:21.843Z</time>
      </trkpt>
      <trkpt lat="38.770678" lon="-0.121879">
        <ele>514.448839</ele>
        <time>2026-03-25T14:18:38.232Z</time>
      </trkpt>
      <trkpt lat="38.770648" lon="-0.121981">
        <ele>514.736202</ele>
        <time>2026-03-25T14:18:40.325Z</time>
      </trkpt>
      <trkpt lat="38.770655" lon="-0.122063">
        <ele>514.953643</ele>
        <time>2026-03-25T14:18:41.993Z</time>
      </trkpt>
      <trkpt lat="38.770715" lon="-0.122178">
        <ele>515.318390</ele>
        <time>2026-03-25T14:18:44.824Z</time>
      </trkpt>
      <trkpt lat="38.770801" lon="-0.122240">
        <ele>515.651932</ele>
        <time>2026-03-25T14:18:47.513Z</time>
      </trkpt>
      <trkpt lat="38.771286" lon="-0.122334">
        <ele>517.310290</ele>
        <time>2026-03-25T14:19:02.399Z</time>
      </trkpt>
      <trkpt lat="38.771365" lon="-0.122381">
        <ele>517.604716</ele>
        <time>2026-03-25T14:19:05.230Z</time>
      </trkpt>
      <trkpt lat="38.771433" lon="-0.122471">
        <ele>517.935072</ele>
        <time>2026-03-25T14:19:08.473Z</time>
      </trkpt>
      <trkpt lat="38.771629" lon="-0.123076">
        <ele>520.134061</ele>
        <time>2026-03-25T14:19:26.321Z</time>
      </trkpt>
      <trkpt lat="38.771797" lon="-0.124012">
        <ele>523.486615</ele>
        <time>2026-03-25T14:19:52.755Z</time>
      </trkpt>
      <trkpt lat="38.771889" lon="-0.124373">
        <ele>524.812287</ele>
        <time>2026-03-25T14:20:02.409Z</time>
      </trkpt>
      <trkpt lat="38.772044" lon="-0.124770">
        <ele>526.345929</ele>
        <time>2026-03-25T14:20:13.075Z</time>
      </trkpt>
      <trkpt lat="38.772274" lon="-0.125237">
        <ele>527.973881</ele>
        <time>2026-03-25T14:20:24.419Z</time>
      </trkpt>
      <trkpt lat="38.772492" lon="-0.125554">
        <ele>529.219649</ele>
        <time>2026-03-25T14:20:32.172Z</time>
      </trkpt>
      <trkpt lat="38.772625" lon="-0.125663">
        <ele>529.816279</ele>
        <time>2026-03-25T14:20:36.212Z</time>
      </trkpt>
      <trkpt lat="38.772651" lon="-0.125869">
        <ele>530.431300</ele>
        <time>2026-03-25T14:20:40.671Z</time>
      </trkpt>
      <trkpt lat="38.772661" lon="-0.125946">
        <ele>530.661358</ele>
        <time>2026-03-25T14:20:42.270Z</time>
      </trkpt>
      <trkpt lat="38.772677" lon="-0.126131">
        <ele>531.209928</ele>
        <time>2026-03-25T14:20:46.592Z</time>
      </trkpt>
      <trkpt lat="38.772835" lon="-0.126203">
        <ele>531.843771</ele>
        <time>2026-03-25T14:20:52.119Z</time>
      </trkpt>
      <trkpt lat="38.772968" lon="-0.126298">
        <ele>532.419236</ele>
        <time>2026-03-25T14:20:57.603Z</time>
      </trkpt>
      <trkpt lat="38.772966" lon="-0.126323">
        <ele>532.493301</ele>
        <time>2026-03-25T14:20:58.333Z</time>
      </trkpt>
      <trkpt lat="38.773076" lon="-0.126365">
        <ele>532.927153</ele>
        <time>2026-03-25T14:21:02.719Z</time>
      </trkpt>
      <trkpt lat="38.773065" lon="-0.126454">
        <ele>533.276796</ele>
        <time>2026-03-25T14:21:05.405Z</time>
      </trkpt>
      <trkpt lat="38.773044" lon="-0.126573">
        <ele>533.860219</ele>
        <time>2026-03-25T14:21:09.485Z</time>
      </trkpt>
      <trkpt lat="38.773300" lon="-0.126693">
        <ele>535.531916</ele>
        <time>2026-03-25T14:21:21.623Z</time>
      </trkpt>
      <trkpt lat="38.773358" lon="-0.126686">
        <ele>535.889221</ele>
        <time>2026-03-25T14:21:24.102Z</time>
      </trkpt>
      <trkpt lat="38.773333" lon="-0.127457">
        <ele>539.579118</ele>
        <time>2026-03-25T14:21:46.486Z</time>
      </trkpt>
      <trkpt lat="38.773497" lon="-0.127459">
        <ele>540.585030</ele>
        <time>2026-03-25T14:21:52.681Z</time>
      </trkpt>
      <trkpt lat="38.773469" lon="-0.127884">
        <ele>542.624503</ele>
        <time>2026-03-25T14:22:05.777Z</time>
      </trkpt>
      <trkpt lat="38.773986" lon="-0.128188">
        <ele>547.542793</ele>
        <time>2026-03-25T14:22:31.314Z</time>
      </trkpt>
      <trkpt lat="38.774273" lon="-0.128385">
        <ele>550.950264</ele>
        <time>2026-03-25T14:22:48.580Z</time>
      </trkpt>
      <trkpt lat="38.774528" lon="-0.128360">
        <ele>553.627407</ele>
        <time>2026-03-25T14:23:03.369Z</time>
      </trkpt>
      <trkpt lat="38.774599" lon="-0.128378">
        <ele>554.385018</ele>
        <time>2026-03-25T14:23:07.754Z</time>
      </trkpt>
      <trkpt lat="38.774627" lon="-0.128419">
        <ele>554.829845</ele>
        <time>2026-03-25T14:23:10.346Z</time>
      </trkpt>
      <trkpt lat="38.774631" lon="-0.128483">
        <ele>555.353829</ele>
        <time>2026-03-25T14:23:13.476Z</time>
      </trkpt>
      <trkpt lat="38.774527" lon="-0.128712">
        <ele>557.516687</ele>
        <time>2026-03-25T14:23:26.900Z</time>
      </trkpt>
      <trkpt lat="38.774534" lon="-0.128782">
        <ele>558.092642</ele>
        <time>2026-03-25T14:23:30.647Z</time>
      </trkpt>
      <trkpt lat="38.774588" lon="-0.128853">
        <ele>558.902138</ele>
        <time>2026-03-25T14:23:35.951Z</time>
      </trkpt>
      <trkpt lat="38.774961" lon="-0.128984">
        <ele>562.917662</ele>
        <time>2026-03-25T14:24:03.008Z</time>
      </trkpt>
      <trkpt lat="38.775293" lon="-0.129014">
        <ele>562.917662</ele>
        <time>2026-03-25T14:24:23.834Z</time>
      </trkpt>
      <trkpt lat="38.775538" lon="-0.129169">
        <ele>562.917662</ele>
        <time>2026-03-25T14:24:38.939Z</time>
      </trkpt>
      <trkpt lat="38.775581" lon="-0.129261">
        <ele>562.917662</ele>
        <time>2026-03-25T14:24:43.225Z</time>
      </trkpt>
      <trkpt lat="38.775622" lon="-0.129374">
        <ele>562.917662</ele>
        <time>2026-03-25T14:24:47.832Z</time>
      </trkpt>
      <trkpt lat="38.775641" lon="-0.129438">
        <ele>562.917662</ele>
        <time>2026-03-25T14:24:50.222Z</time>
      </trkpt>
      <trkpt lat="38.775641" lon="-0.129538">
        <ele>562.917662</ele>
        <time>2026-03-25T14:24:53.626Z</time>
      </trkpt>
    </trkseg>
  </trk>
</gpx>