<?xml version='1.0' encoding='UTF-8'?>
<gpx version="1.1" creator="https://www.komoot.de" xmlns="http://www.topografix.com/GPX/1/1" xmlns:xsi="http://www.w3.org/2001/XMLSchema-instance" xsi:schemaLocation="http://www.topografix.com/GPX/1/1 http://www.topografix.com/GPX/1/1/gpx.xsd">
  <metadata>
    <name>KLLKTV-Camp 2026: Coll de Rates, Sa Creueta und Vall d'Ebo (Alternative)</name>
    <author>
      <link href="https://www.komoot.de">
        <text>komoot</text>
        <type>text/html</type>
      </link>
    </author>
  </metadata>
  <wpt lat="38.750904" lon="-0.157519">
    <name>Camino de los Olivares</name>
    <sym>Flag, Blue</sym>
  </wpt>
  <wpt lat="38.723597" lon="-0.059604">
    <name>Coll de Rates</name>
    <sym>Flag, Blue</sym>
  </wpt>
  <wpt lat="38.706018" lon="-0.111441">
    <name>Straße zum Puerto Sa Creueta de Sa Cova</name>
    <sym>Flag, Blue</sym>
  </wpt>
  <wpt lat="38.731407" lon="-0.245996">
    <name>Bar La Font</name>
    <sym>Restaurant</sym>
  </wpt>
  <wpt lat="38.752112" lon="-0.272600">
    <name>Puerto de Tollos</name>
    <sym>Flag, Blue</sym>
  </wpt>
  <wpt lat="38.815753" lon="-0.130211">
    <name>Gipfel der La Vall d'Ebo</name>
    <sym>Summit</sym>
  </wpt>
  <trk>
    <name>KLLKTV-Camp 2026: Coll de Rates, Sa Creueta und Vall d'Ebo (Tag 6 - Alternative)</name>
    <type>racebike</type>
    <trkseg>
      <trkpt lat="38.775641" lon="-0.129538">
        <ele>563.169428</ele>
        <time>2026-03-27T12:43:19.301Z</time>
      </trkpt>
      <trkpt lat="38.775641" lon="-0.129438">
        <ele>563.169428</ele>
        <time>2026-03-27T12:43:20.000Z</time>
      </trkpt>
      <trkpt lat="38.775622" lon="-0.129374">
        <ele>563.169428</ele>
        <time>2026-03-27T12:43:20.475Z</time>
      </trkpt>
      <trkpt lat="38.775581" lon="-0.129261">
        <ele>563.169428</ele>
        <time>2026-03-27T12:43:21.332Z</time>
      </trkpt>
      <trkpt lat="38.775538" lon="-0.129169">
        <ele>563.169428</ele>
        <time>2026-03-27T12:43:22.059Z</time>
      </trkpt>
      <trkpt lat="38.775293" lon="-0.129014">
        <ele>563.169428</ele>
        <time>2026-03-27T12:43:24.407Z</time>
      </trkpt>
      <trkpt lat="38.774961" lon="-0.128984">
        <ele>563.002121</ele>
        <time>2026-03-27T12:43:27.225Z</time>
      </trkpt>
      <trkpt lat="38.774588" lon="-0.128853">
        <ele>559.565226</ele>
        <time>2026-03-27T12:43:30.460Z</time>
      </trkpt>
      <trkpt lat="38.774534" lon="-0.128782">
        <ele>558.877988</ele>
        <time>2026-03-27T12:43:31.100Z</time>
      </trkpt>
      <trkpt lat="38.774527" lon="-0.128712">
        <ele>558.389018</ele>
        <time>2026-03-27T12:43:31.565Z</time>
      </trkpt>
      <trkpt lat="38.774631" lon="-0.128483">
        <ele>556.552814</ele>
        <time>2026-03-27T12:43:33.301Z</time>
      </trkpt>
      <trkpt lat="38.774627" lon="-0.128419">
        <ele>556.107967</ele>
        <time>2026-03-27T12:43:33.725Z</time>
      </trkpt>
      <trkpt lat="38.774599" lon="-0.128378">
        <ele>555.730322</ele>
        <time>2026-03-27T12:43:34.083Z</time>
      </trkpt>
      <trkpt lat="38.774528" lon="-0.128360">
        <ele>555.087132</ele>
        <time>2026-03-27T12:43:34.700Z</time>
      </trkpt>
      <trkpt lat="38.774273" lon="-0.128385">
        <ele>552.814315</ele>
        <time>2026-03-27T12:43:36.886Z</time>
      </trkpt>
      <trkpt lat="38.773986" lon="-0.128188">
        <ele>549.921470</ele>
        <time>2026-03-27T12:43:39.786Z</time>
      </trkpt>
      <trkpt lat="38.773469" lon="-0.127884">
        <ele>548.198424</ele>
        <time>2026-03-27T12:43:45.700Z</time>
      </trkpt>
      <trkpt lat="38.773420" lon="-0.128005">
        <ele>548.611620</ele>
        <time>2026-03-27T12:43:47.516Z</time>
      </trkpt>
      <trkpt lat="38.773340" lon="-0.128057">
        <ele>548.960230</ele>
        <time>2026-03-27T12:43:49.325Z</time>
      </trkpt>
      <trkpt lat="38.772844" lon="-0.127850">
        <ele>550.987672</ele>
        <time>2026-03-27T12:44:06.625Z</time>
      </trkpt>
      <trkpt lat="38.772767" lon="-0.127975">
        <ele>551.470450</ele>
        <time>2026-03-27T12:44:11.917Z</time>
      </trkpt>
      <trkpt lat="38.772599" lon="-0.128103">
        <ele>552.229987</ele>
        <time>2026-03-27T12:44:20.590Z</time>
      </trkpt>
      <trkpt lat="38.772377" lon="-0.128434">
        <ele>553.553165</ele>
        <time>2026-03-27T12:44:36.570Z</time>
      </trkpt>
      <trkpt lat="38.772163" lon="-0.128584">
        <ele>554.807270</ele>
        <time>2026-03-27T12:44:47.904Z</time>
      </trkpt>
      <trkpt lat="38.772103" lon="-0.128655">
        <ele>555.423507</ele>
        <time>2026-03-27T12:44:51.682Z</time>
      </trkpt>
      <trkpt lat="38.771943" lon="-0.128948">
        <ele>557.528823</ele>
        <time>2026-03-27T12:45:04.424Z</time>
      </trkpt>
      <trkpt lat="38.771947" lon="-0.129498">
        <ele>560.765906</ele>
        <time>2026-03-27T12:45:24.218Z</time>
      </trkpt>
      <trkpt lat="38.772002" lon="-0.129779">
        <ele>562.471007</ele>
        <time>2026-03-27T12:45:34.552Z</time>
      </trkpt>
      <trkpt lat="38.772128" lon="-0.130063">
        <ele>564.394123</ele>
        <time>2026-03-27T12:45:45.878Z</time>
      </trkpt>
      <trkpt lat="38.772130" lon="-0.130495">
        <ele>566.936632</ele>
        <time>2026-03-27T12:46:00.386Z</time>
      </trkpt>
      <trkpt lat="38.772082" lon="-0.131024">
        <ele>570.163749</ele>
        <time>2026-03-27T12:46:18.330Z</time>
      </trkpt>
      <trkpt lat="38.772039" lon="-0.131257">
        <ele>571.629333</ele>
        <time>2026-03-27T12:46:26.529Z</time>
      </trkpt>
      <trkpt lat="38.771943" lon="-0.131566">
        <ele>573.665336</ele>
        <time>2026-03-27T12:46:38.008Z</time>
      </trkpt>
      <trkpt lat="38.771830" lon="-0.131743">
        <ele>575.065625</ele>
        <time>2026-03-27T12:46:45.975Z</time>
      </trkpt>
      <trkpt lat="38.771741" lon="-0.131870">
        <ele>576.110859</ele>
        <time>2026-03-27T12:46:51.960Z</time>
      </trkpt>
      <trkpt lat="38.771684" lon="-0.131972">
        <ele>576.879009</ele>
        <time>2026-03-27T12:46:56.409Z</time>
      </trkpt>
      <trkpt lat="38.771611" lon="-0.132367">
        <ele>579.363783</ele>
        <time>2026-03-27T12:47:11.146Z</time>
      </trkpt>
      <trkpt lat="38.771555" lon="-0.133087">
        <ele>584.113677</ele>
        <time>2026-03-27T12:47:40.390Z</time>
      </trkpt>
      <trkpt lat="38.771473" lon="-0.133647">
        <ele>588.184872</ele>
        <time>2026-03-27T12:48:04.850Z</time>
      </trkpt>
      <trkpt lat="38.771445" lon="-0.134070">
        <ele>591.218112</ele>
        <time>2026-03-27T12:48:21.327Z</time>
      </trkpt>
      <trkpt lat="38.771386" lon="-0.134303">
        <ele>592.968520</ele>
        <time>2026-03-27T12:48:31.008Z</time>
      </trkpt>
      <trkpt lat="38.771351" lon="-0.134447">
        <ele>594.046251</ele>
        <time>2026-03-27T12:48:37.223Z</time>
      </trkpt>
      <trkpt lat="38.771354" lon="-0.134582">
        <ele>595.011229</ele>
        <time>2026-03-27T12:48:42.822Z</time>
      </trkpt>
      <trkpt lat="38.771402" lon="-0.134820">
        <ele>596.767733</ele>
        <time>2026-03-27T12:48:53.858Z</time>
      </trkpt>
      <trkpt lat="38.771573" lon="-0.135220">
        <ele>600.168424</ele>
        <time>2026-03-27T12:49:14.266Z</time>
      </trkpt>
      <trkpt lat="38.771585" lon="-0.135352">
        <ele>601.198301</ele>
        <time>2026-03-27T12:49:20.240Z</time>
      </trkpt>
      <trkpt lat="38.771580" lon="-0.135420">
        <ele>601.727612</ele>
        <time>2026-03-27T12:49:23.039Z</time>
      </trkpt>
      <trkpt lat="38.771487" lon="-0.136071">
        <ele>606.856591</ele>
        <time>2026-03-27T12:49:47.725Z</time>
      </trkpt>
      <trkpt lat="38.771382" lon="-0.137935">
        <ele>622.523378</ele>
        <time>2026-03-27T12:51:13.911Z</time>
      </trkpt>
      <trkpt lat="38.771553" lon="-0.139110">
        <ele>633.935382</ele>
        <time>2026-03-27T12:52:15.690Z</time>
      </trkpt>
      <trkpt lat="38.771587" lon="-0.140208">
        <ele>644.387497</ele>
        <time>2026-03-27T12:53:13.157Z</time>
      </trkpt>
      <trkpt lat="38.771816" lon="-0.140740">
        <ele>650.152523</ele>
        <time>2026-03-27T12:53:43.582Z</time>
      </trkpt>
      <trkpt lat="38.771904" lon="-0.141027">
        <ele>653.078180</ele>
        <time>2026-03-27T12:53:58.754Z</time>
      </trkpt>
      <trkpt lat="38.772089" lon="-0.141487">
        <ele>657.988417</ele>
        <time>2026-03-27T12:54:24.172Z</time>
      </trkpt>
      <trkpt lat="38.772142" lon="-0.141729">
        <ele>660.312073</ele>
        <time>2026-03-27T12:54:36.552Z</time>
      </trkpt>
      <trkpt lat="38.772143" lon="-0.142064">
        <ele>662.629368</ele>
        <time>2026-03-27T12:54:52.828Z</time>
      </trkpt>
      <trkpt lat="38.772058" lon="-0.142958">
        <ele>668.859205</ele>
        <time>2026-03-27T12:55:29.945Z</time>
      </trkpt>
      <trkpt lat="38.772013" lon="-0.143070">
        <ele>669.730764</ele>
        <time>2026-03-27T12:55:34.549Z</time>
      </trkpt>
      <trkpt lat="38.771958" lon="-0.143085">
        <ele>670.229652</ele>
        <time>2026-03-27T12:55:37.210Z</time>
      </trkpt>
      <trkpt lat="38.771907" lon="-0.143038">
        <ele>670.786826</ele>
        <time>2026-03-27T12:55:40.113Z</time>
      </trkpt>
      <trkpt lat="38.771676" lon="-0.142353">
        <ele>675.949416</ele>
        <time>2026-03-27T12:56:04.832Z</time>
      </trkpt>
      <trkpt lat="38.771572" lon="-0.142157">
        <ele>677.557555</ele>
        <time>2026-03-27T12:56:12.444Z</time>
      </trkpt>
      <trkpt lat="38.770911" lon="-0.141357">
        <ele>685.447716</ele>
        <time>2026-03-27T12:56:49.481Z</time>
      </trkpt>
      <trkpt lat="38.770821" lon="-0.141301">
        <ele>686.316167</ele>
        <time>2026-03-27T12:56:54.256Z</time>
      </trkpt>
      <trkpt lat="38.770756" lon="-0.141338">
        <ele>686.933561</ele>
        <time>2026-03-27T12:56:57.748Z</time>
      </trkpt>
      <trkpt lat="38.770732" lon="-0.141412">
        <ele>687.476063</ele>
        <time>2026-03-27T12:57:01.103Z</time>
      </trkpt>
      <trkpt lat="38.770760" lon="-0.141707">
        <ele>689.487608</ele>
        <time>2026-03-27T12:57:14.439Z</time>
      </trkpt>
      <trkpt lat="38.770751" lon="-0.141854">
        <ele>690.485688</ele>
        <time>2026-03-27T12:57:21.988Z</time>
      </trkpt>
      <trkpt lat="38.770723" lon="-0.141944">
        <ele>691.141592</ele>
        <time>2026-03-27T12:57:27.202Z</time>
      </trkpt>
      <trkpt lat="38.770368" lon="-0.142531">
        <ele>698.300508</ele>
        <time>2026-03-27T12:58:09.103Z</time>
      </trkpt>
      <trkpt lat="38.770258" lon="-0.142689">
        <ele>700.420954</ele>
        <time>2026-03-27T12:58:20.881Z</time>
      </trkpt>
      <trkpt lat="38.770182" lon="-0.142853">
        <ele>702.330768</ele>
        <time>2026-03-27T12:58:31.376Z</time>
      </trkpt>
      <trkpt lat="38.770067" lon="-0.143247">
        <ele>706.542202</ele>
        <time>2026-03-27T12:58:54.633Z</time>
      </trkpt>
      <trkpt lat="38.770039" lon="-0.143524">
        <ele>709.338303</ele>
        <time>2026-03-27T12:59:09.322Z</time>
      </trkpt>
      <trkpt lat="38.769963" lon="-0.144129">
        <ele>715.296153</ele>
        <time>2026-03-27T12:59:39.939Z</time>
      </trkpt>
      <trkpt lat="38.769808" lon="-0.144766">
        <ele>720.182576</ele>
        <time>2026-03-27T13:00:08.148Z</time>
      </trkpt>
      <trkpt lat="38.769790" lon="-0.144933">
        <ele>721.417092</ele>
        <time>2026-03-27T13:00:15.042Z</time>
      </trkpt>
      <trkpt lat="38.769821" lon="-0.145468">
        <ele>725.345523</ele>
        <time>2026-03-27T13:00:37.177Z</time>
      </trkpt>
      <trkpt lat="38.769784" lon="-0.146307">
        <ele>731.499062</ele>
        <time>2026-03-27T13:01:08.462Z</time>
      </trkpt>
      <trkpt lat="38.769740" lon="-0.146517">
        <ele>732.674299</ele>
        <time>2026-03-27T13:01:16.753Z</time>
      </trkpt>
      <trkpt lat="38.769595" lon="-0.146934">
        <ele>735.009742</ele>
        <time>2026-03-27T13:01:32.934Z</time>
      </trkpt>
      <trkpt lat="38.769570" lon="-0.147116">
        <ele>735.955001</ele>
        <time>2026-03-27T13:01:38.881Z</time>
      </trkpt>
      <trkpt lat="38.769583" lon="-0.147519">
        <ele>738.018091</ele>
        <time>2026-03-27T13:01:50.437Z</time>
      </trkpt>
      <trkpt lat="38.769690" lon="-0.147860">
        <ele>739.898245</ele>
        <time>2026-03-27T13:02:00.001Z</time>
      </trkpt>
      <trkpt lat="38.769814" lon="-0.148074">
        <ele>741.262030</ele>
        <time>2026-03-27T13:02:06.988Z</time>
      </trkpt>
      <trkpt lat="38.770161" lon="-0.148486">
        <ele>744.423806</ele>
        <time>2026-03-27T13:02:27.082Z</time>
      </trkpt>
      <trkpt lat="38.770257" lon="-0.148688">
        <ele>745.718122</ele>
        <time>2026-03-27T13:02:35.485Z</time>
      </trkpt>
      <trkpt lat="38.770265" lon="-0.148819">
        <ele>746.437043</ele>
        <time>2026-03-27T13:02:40.162Z</time>
      </trkpt>
      <trkpt lat="38.770241" lon="-0.148950">
        <ele>747.173290</ele>
        <time>2026-03-27T13:02:45.113Z</time>
      </trkpt>
      <trkpt lat="38.770071" lon="-0.149380">
        <ele>749.811080</ele>
        <time>2026-03-27T13:03:02.863Z</time>
      </trkpt>
      <trkpt lat="38.770019" lon="-0.149580">
        <ele>750.964561</ele>
        <time>2026-03-27T13:03:10.426Z</time>
      </trkpt>
      <trkpt lat="38.769956" lon="-0.150208">
        <ele>754.428806</ele>
        <time>2026-03-27T13:03:33.342Z</time>
      </trkpt>
      <trkpt lat="38.769868" lon="-0.150461">
        <ele>755.944524</ele>
        <time>2026-03-27T13:03:42.508Z</time>
      </trkpt>
      <trkpt lat="38.769681" lon="-0.150724">
        <ele>755.712429</ele>
        <time>2026-03-27T13:03:52.667Z</time>
      </trkpt>
      <trkpt lat="38.769432" lon="-0.150909">
        <ele>755.234478</ele>
        <time>2026-03-27T13:04:00.585Z</time>
      </trkpt>
      <trkpt lat="38.769267" lon="-0.150977">
        <ele>754.946623</ele>
        <time>2026-03-27T13:04:04.085Z</time>
      </trkpt>
      <trkpt lat="38.768861" lon="-0.151062">
        <ele>754.263358</ele>
        <time>2026-03-27T13:04:08.414Z</time>
      </trkpt>
      <trkpt lat="38.768700" lon="-0.151188">
        <ele>753.950096</ele>
        <time>2026-03-27T13:04:10.143Z</time>
      </trkpt>
      <trkpt lat="38.768615" lon="-0.151272">
        <ele>753.771869</ele>
        <time>2026-03-27T13:04:11.126Z</time>
      </trkpt>
      <trkpt lat="38.768429" lon="-0.151574">
        <ele>753.273479</ele>
        <time>2026-03-27T13:04:13.863Z</time>
      </trkpt>
      <trkpt lat="38.768366" lon="-0.151633">
        <ele>753.143914</ele>
        <time>2026-03-27T13:04:14.562Z</time>
      </trkpt>
      <trkpt lat="38.768101" lon="-0.151735">
        <ele>749.828325</ele>
        <time>2026-03-27T13:04:16.972Z</time>
      </trkpt>
      <trkpt lat="38.767921" lon="-0.151892">
        <ele>747.210999</ele>
        <time>2026-03-27T13:04:18.817Z</time>
      </trkpt>
      <trkpt lat="38.767862" lon="-0.151905">
        <ele>746.491205</ele>
        <time>2026-03-27T13:04:19.320Z</time>
      </trkpt>
      <trkpt lat="38.767816" lon="-0.151869">
        <ele>745.843276</ele>
        <time>2026-03-27T13:04:19.776Z</time>
      </trkpt>
      <trkpt lat="38.767787" lon="-0.151809">
        <ele>745.181478</ele>
        <time>2026-03-27T13:04:20.240Z</time>
      </trkpt>
      <trkpt lat="38.767759" lon="-0.151605">
        <ele>743.239613</ele>
        <time>2026-03-27T13:04:21.588Z</time>
      </trkpt>
      <trkpt lat="38.767718" lon="-0.151542">
        <ele>742.470297</ele>
        <time>2026-03-27T13:04:22.120Z</time>
      </trkpt>
      <trkpt lat="38.767661" lon="-0.151507">
        <ele>741.710448</ele>
        <time>2026-03-27T13:04:22.644Z</time>
      </trkpt>
      <trkpt lat="38.767476" lon="-0.151486">
        <ele>739.477359</ele>
        <time>2026-03-27T13:04:24.179Z</time>
      </trkpt>
      <trkpt lat="38.767352" lon="-0.151438">
        <ele>737.919986</ele>
        <time>2026-03-27T13:04:25.256Z</time>
      </trkpt>
      <trkpt lat="38.766859" lon="-0.151184">
        <ele>731.531878</ele>
        <time>2026-03-27T13:04:29.712Z</time>
      </trkpt>
      <trkpt lat="38.766532" lon="-0.151157">
        <ele>728.518258</ele>
        <time>2026-03-27T13:04:32.486Z</time>
      </trkpt>
      <trkpt lat="38.766404" lon="-0.151010">
        <ele>726.940075</ele>
        <time>2026-03-27T13:04:33.939Z</time>
      </trkpt>
      <trkpt lat="38.766357" lon="-0.150874">
        <ele>725.874684</ele>
        <time>2026-03-27T13:04:34.922Z</time>
      </trkpt>
      <trkpt lat="38.766343" lon="-0.150458">
        <ele>722.892597</ele>
        <time>2026-03-27T13:04:37.702Z</time>
      </trkpt>
      <trkpt lat="38.766380" lon="-0.149712">
        <ele>717.539089</ele>
        <time>2026-03-27T13:04:42.827Z</time>
      </trkpt>
      <trkpt lat="38.766357" lon="-0.149623">
        <ele>716.867589</ele>
        <time>2026-03-27T13:04:43.506Z</time>
      </trkpt>
      <trkpt lat="38.766288" lon="-0.149643">
        <ele>716.217821</ele>
        <time>2026-03-27T13:04:44.151Z</time>
      </trkpt>
      <trkpt lat="38.766092" lon="-0.150530">
        <ele>714.195393</ele>
        <time>2026-03-27T13:04:51.289Z</time>
      </trkpt>
      <trkpt lat="38.766069" lon="-0.150808">
        <ele>713.897916</ele>
        <time>2026-03-27T13:04:53.710Z</time>
      </trkpt>
      <trkpt lat="38.766078" lon="-0.151150">
        <ele>713.533791</ele>
        <time>2026-03-27T13:04:57.108Z</time>
      </trkpt>
      <trkpt lat="38.766105" lon="-0.151300">
        <ele>713.369980</ele>
        <time>2026-03-27T13:04:59.118Z</time>
      </trkpt>
      <trkpt lat="38.766171" lon="-0.151439">
        <ele>713.196804</ele>
        <time>2026-03-27T13:05:01.490Z</time>
      </trkpt>
      <trkpt lat="38.766270" lon="-0.151569">
        <ele>713.003440</ele>
        <time>2026-03-27T13:05:04.248Z</time>
      </trkpt>
      <trkpt lat="38.766348" lon="-0.151632">
        <ele>712.877642</ele>
        <time>2026-03-27T13:05:06.082Z</time>
      </trkpt>
      <trkpt lat="38.766686" lon="-0.151828">
        <ele>712.572161</ele>
        <time>2026-03-27T13:05:14.019Z</time>
      </trkpt>
      <trkpt lat="38.766812" lon="-0.151982">
        <ele>712.617434</ele>
        <time>2026-03-27T13:05:17.809Z</time>
      </trkpt>
      <trkpt lat="38.766898" lon="-0.152240">
        <ele>712.674339</ele>
        <time>2026-03-27T13:05:22.651Z</time>
      </trkpt>
      <trkpt lat="38.766875" lon="-0.152391">
        <ele>712.705542</ele>
        <time>2026-03-27T13:05:25.167Z</time>
      </trkpt>
      <trkpt lat="38.766832" lon="-0.152500">
        <ele>712.730316</ele>
        <time>2026-03-27T13:05:26.996Z</time>
      </trkpt>
      <trkpt lat="38.766542" lon="-0.152860">
        <ele>712.835295</ele>
        <time>2026-03-27T13:05:33.884Z</time>
      </trkpt>
      <trkpt lat="38.766389" lon="-0.152964">
        <ele>712.880336</ele>
        <time>2026-03-27T13:05:36.455Z</time>
      </trkpt>
      <trkpt lat="38.766107" lon="-0.153321">
        <ele>712.983401</ele>
        <time>2026-03-27T13:05:41.514Z</time>
      </trkpt>
      <trkpt lat="38.765929" lon="-0.153589">
        <ele>711.979357</ele>
        <time>2026-03-27T13:05:44.646Z</time>
      </trkpt>
      <trkpt lat="38.765766" lon="-0.153755">
        <ele>710.792932</ele>
        <time>2026-03-27T13:05:46.889Z</time>
      </trkpt>
      <trkpt lat="38.765632" lon="-0.153825">
        <ele>709.968180</ele>
        <time>2026-03-27T13:05:48.371Z</time>
      </trkpt>
      <trkpt lat="38.764985" lon="-0.153964">
        <ele>706.228786</ele>
        <time>2026-03-27T13:05:54.468Z</time>
      </trkpt>
      <trkpt lat="38.764923" lon="-0.153981">
        <ele>705.867389</ele>
        <time>2026-03-27T13:05:55.031Z</time>
      </trkpt>
      <trkpt lat="38.764840" lon="-0.154057">
        <ele>705.286067</ele>
        <time>2026-03-27T13:05:55.929Z</time>
      </trkpt>
      <trkpt lat="38.764668" lon="-0.154521">
        <ele>703.002602</ele>
        <time>2026-03-27T13:05:59.401Z</time>
      </trkpt>
      <trkpt lat="38.764555" lon="-0.154716">
        <ele>701.344670</ele>
        <time>2026-03-27T13:06:01.029Z</time>
      </trkpt>
      <trkpt lat="38.764306" lon="-0.154872">
        <ele>698.668145</ele>
        <time>2026-03-27T13:06:03.404Z</time>
      </trkpt>
      <trkpt lat="38.764223" lon="-0.154894">
        <ele>697.849565</ele>
        <time>2026-03-27T13:06:04.123Z</time>
      </trkpt>
      <trkpt lat="38.764129" lon="-0.154879">
        <ele>696.934685</ele>
        <time>2026-03-27T13:06:04.934Z</time>
      </trkpt>
      <trkpt lat="38.764025" lon="-0.154807">
        <ele>695.793217</ele>
        <time>2026-03-27T13:06:05.940Z</time>
      </trkpt>
      <trkpt lat="38.763943" lon="-0.154699">
        <ele>694.657988</ele>
        <time>2026-03-27T13:06:06.945Z</time>
      </trkpt>
      <trkpt lat="38.763940" lon="-0.154559">
        <ele>693.603267</ele>
        <time>2026-03-27T13:06:07.881Z</time>
      </trkpt>
      <trkpt lat="38.763985" lon="-0.154307">
        <ele>691.656355</ele>
        <time>2026-03-27T13:06:09.600Z</time>
      </trkpt>
      <trkpt lat="38.763954" lon="-0.154101">
        <ele>690.076366</ele>
        <time>2026-03-27T13:06:11.019Z</time>
      </trkpt>
      <trkpt lat="38.763840" lon="-0.153904">
        <ele>688.228849</ele>
        <time>2026-03-27T13:06:12.695Z</time>
      </trkpt>
      <trkpt lat="38.763495" lon="-0.153475">
        <ele>684.081757</ele>
        <time>2026-03-27T13:06:16.906Z</time>
      </trkpt>
      <trkpt lat="38.763379" lon="-0.153246">
        <ele>682.591050</ele>
        <time>2026-03-27T13:06:18.784Z</time>
      </trkpt>
      <trkpt lat="38.763391" lon="-0.153051">
        <ele>681.523262</ele>
        <time>2026-03-27T13:06:20.133Z</time>
      </trkpt>
      <trkpt lat="38.763461" lon="-0.152849">
        <ele>680.316579</ele>
        <time>2026-03-27T13:06:21.666Z</time>
      </trkpt>
      <trkpt lat="38.763441" lon="-0.152767">
        <ele>679.847565</ele>
        <time>2026-03-27T13:06:22.268Z</time>
      </trkpt>
      <trkpt lat="38.763395" lon="-0.152737">
        <ele>679.486276</ele>
        <time>2026-03-27T13:06:22.725Z</time>
      </trkpt>
      <trkpt lat="38.763322" lon="-0.152790">
        <ele>678.899000</ele>
        <time>2026-03-27T13:06:23.485Z</time>
      </trkpt>
      <trkpt lat="38.763078" lon="-0.153307">
        <ele>675.600055</ele>
        <time>2026-03-27T13:06:27.830Z</time>
      </trkpt>
      <trkpt lat="38.763061" lon="-0.153550">
        <ele>674.268218</ele>
        <time>2026-03-27T13:06:29.610Z</time>
      </trkpt>
      <trkpt lat="38.763171" lon="-0.153986">
        <ele>671.506129</ele>
        <time>2026-03-27T13:06:32.899Z</time>
      </trkpt>
      <trkpt lat="38.763190" lon="-0.154205">
        <ele>669.997435</ele>
        <time>2026-03-27T13:06:34.478Z</time>
      </trkpt>
      <trkpt lat="38.763142" lon="-0.154409">
        <ele>668.538488</ele>
        <time>2026-03-27T13:06:35.983Z</time>
      </trkpt>
      <trkpt lat="38.762901" lon="-0.155043">
        <ele>663.709279</ele>
        <time>2026-03-27T13:06:40.812Z</time>
      </trkpt>
      <trkpt lat="38.762847" lon="-0.155075">
        <ele>663.186942</ele>
        <time>2026-03-27T13:06:41.332Z</time>
      </trkpt>
      <trkpt lat="38.762760" lon="-0.155074">
        <ele>662.422980</ele>
        <time>2026-03-27T13:06:42.080Z</time>
      </trkpt>
      <trkpt lat="38.762504" lon="-0.155025">
        <ele>660.150191</ele>
        <time>2026-03-27T13:06:44.286Z</time>
      </trkpt>
      <trkpt lat="38.761926" lon="-0.154914">
        <ele>654.503706</ele>
        <time>2026-03-27T13:06:49.248Z</time>
      </trkpt>
      <trkpt lat="38.761818" lon="-0.154851">
        <ele>653.191061</ele>
        <time>2026-03-27T13:06:50.258Z</time>
      </trkpt>
      <trkpt lat="38.761803" lon="-0.154737">
        <ele>652.193707</ele>
        <time>2026-03-27T13:06:51.016Z</time>
      </trkpt>
      <trkpt lat="38.761952" lon="-0.154163">
        <ele>646.974776</ele>
        <time>2026-03-27T13:06:55.019Z</time>
      </trkpt>
      <trkpt lat="38.762006" lon="-0.154083">
        <ele>646.061974</ele>
        <time>2026-03-27T13:06:55.723Z</time>
      </trkpt>
      <trkpt lat="38.762124" lon="-0.154001">
        <ele>644.577155</ele>
        <time>2026-03-27T13:06:56.871Z</time>
      </trkpt>
      <trkpt lat="38.762208" lon="-0.153831">
        <ele>642.840955</ele>
        <time>2026-03-27T13:06:58.212Z</time>
      </trkpt>
      <trkpt lat="38.762241" lon="-0.153693">
        <ele>641.595745</ele>
        <time>2026-03-27T13:06:59.174Z</time>
      </trkpt>
      <trkpt lat="38.762253" lon="-0.153436">
        <ele>639.374711</ele>
        <time>2026-03-27T13:07:00.901Z</time>
      </trkpt>
      <trkpt lat="38.762175" lon="-0.152905">
        <ele>635.142179</ele>
        <time>2026-03-27T13:07:04.500Z</time>
      </trkpt>
      <trkpt lat="38.761990" lon="-0.152313">
        <ele>630.629395</ele>
        <time>2026-03-27T13:07:08.728Z</time>
      </trkpt>
      <trkpt lat="38.761907" lon="-0.151966">
        <ele>628.061145</ele>
        <time>2026-03-27T13:07:11.144Z</time>
      </trkpt>
      <trkpt lat="38.761900" lon="-0.151542">
        <ele>625.060304</ele>
        <time>2026-03-27T13:07:14.016Z</time>
      </trkpt>
      <trkpt lat="38.761875" lon="-0.151405">
        <ele>624.064718</ele>
        <time>2026-03-27T13:07:14.991Z</time>
      </trkpt>
      <trkpt lat="38.761800" lon="-0.151342">
        <ele>623.251135</ele>
        <time>2026-03-27T13:07:15.796Z</time>
      </trkpt>
      <trkpt lat="38.761770" lon="-0.151354">
        <ele>622.965966</ele>
        <time>2026-03-27T13:07:16.078Z</time>
      </trkpt>
      <trkpt lat="38.761733" lon="-0.151379">
        <ele>622.586460</ele>
        <time>2026-03-27T13:07:16.455Z</time>
      </trkpt>
      <trkpt lat="38.761659" lon="-0.151530">
        <ele>621.324504</ele>
        <time>2026-03-27T13:07:17.743Z</time>
      </trkpt>
      <trkpt lat="38.761613" lon="-0.151962">
        <ele>618.917161</ele>
        <time>2026-03-27T13:07:20.991Z</time>
      </trkpt>
      <trkpt lat="38.761654" lon="-0.152358">
        <ele>616.845540</ele>
        <time>2026-03-27T13:07:24.049Z</time>
      </trkpt>
      <trkpt lat="38.761737" lon="-0.153026">
        <ele>613.337691</ele>
        <time>2026-03-27T13:07:29.077Z</time>
      </trkpt>
      <trkpt lat="38.761709" lon="-0.153159">
        <ele>612.623278</ele>
        <time>2026-03-27T13:07:30.055Z</time>
      </trkpt>
      <trkpt lat="38.761683" lon="-0.153184">
        <ele>612.407158</ele>
        <time>2026-03-27T13:07:30.347Z</time>
      </trkpt>
      <trkpt lat="38.761584" lon="-0.153195">
        <ele>611.746282</ele>
        <time>2026-03-27T13:07:31.241Z</time>
      </trkpt>
      <trkpt lat="38.761328" lon="-0.153023">
        <ele>609.824228</ele>
        <time>2026-03-27T13:07:33.779Z</time>
      </trkpt>
      <trkpt lat="38.760988" lon="-0.152877">
        <ele>606.429445</ele>
        <time>2026-03-27T13:07:36.840Z</time>
      </trkpt>
      <trkpt lat="38.760745" lon="-0.152978">
        <ele>603.482697</ele>
        <time>2026-03-27T13:07:38.993Z</time>
      </trkpt>
      <trkpt lat="38.760596" lon="-0.153148">
        <ele>601.182085</ele>
        <time>2026-03-27T13:07:40.657Z</time>
      </trkpt>
      <trkpt lat="38.760291" lon="-0.153634">
        <ele>595.570397</ele>
        <time>2026-03-27T13:07:44.741Z</time>
      </trkpt>
      <trkpt lat="38.760236" lon="-0.153827">
        <ele>593.722001</ele>
        <time>2026-03-27T13:07:46.087Z</time>
      </trkpt>
      <trkpt lat="38.760192" lon="-0.154023">
        <ele>591.887313</ele>
        <time>2026-03-27T13:07:47.439Z</time>
      </trkpt>
      <trkpt lat="38.760045" lon="-0.155413">
        <ele>582.452791</ele>
        <time>2026-03-27T13:07:56.848Z</time>
      </trkpt>
      <trkpt lat="38.759991" lon="-0.155639">
        <ele>581.096010</ele>
        <time>2026-03-27T13:07:58.524Z</time>
      </trkpt>
      <trkpt lat="38.759878" lon="-0.155879">
        <ele>579.486752</ele>
        <time>2026-03-27T13:08:00.523Z</time>
      </trkpt>
      <trkpt lat="38.759667" lon="-0.156309">
        <ele>576.570498</ele>
        <time>2026-03-27T13:08:04.243Z</time>
      </trkpt>
      <trkpt lat="38.759694" lon="-0.156759">
        <ele>574.118959</ele>
        <time>2026-03-27T13:08:07.651Z</time>
      </trkpt>
      <trkpt lat="38.759643" lon="-0.156990">
        <ele>572.967448</ele>
        <time>2026-03-27T13:08:09.521Z</time>
      </trkpt>
      <trkpt lat="38.759452" lon="-0.157611">
        <ele>569.765583</ele>
        <time>2026-03-27T13:08:14.634Z</time>
      </trkpt>
      <trkpt lat="38.759407" lon="-0.158207">
        <ele>566.893575</ele>
        <time>2026-03-27T13:08:18.881Z</time>
      </trkpt>
      <trkpt lat="38.759324" lon="-0.158409">
        <ele>565.798429</ele>
        <time>2026-03-27T13:08:20.465Z</time>
      </trkpt>
      <trkpt lat="38.759083" lon="-0.158668">
        <ele>563.864353</ele>
        <time>2026-03-27T13:08:23.223Z</time>
      </trkpt>
      <trkpt lat="38.759009" lon="-0.158623">
        <ele>563.049902</ele>
        <time>2026-03-27T13:08:23.937Z</time>
      </trkpt>
      <trkpt lat="38.759046" lon="-0.158009">
        <ele>557.813919</ele>
        <time>2026-03-27T13:08:28.059Z</time>
      </trkpt>
      <trkpt lat="38.758988" lon="-0.157454">
        <ele>553.052949</ele>
        <time>2026-03-27T13:08:31.730Z</time>
      </trkpt>
      <trkpt lat="38.758997" lon="-0.157149">
        <ele>550.457888</ele>
        <time>2026-03-27T13:08:33.748Z</time>
      </trkpt>
      <trkpt lat="38.759046" lon="-0.156787">
        <ele>547.334025</ele>
        <time>2026-03-27T13:08:36.169Z</time>
      </trkpt>
      <trkpt lat="38.759030" lon="-0.156700">
        <ele>546.574031</ele>
        <time>2026-03-27T13:08:36.764Z</time>
      </trkpt>
      <trkpt lat="38.758802" lon="-0.156318">
        <ele>543.038703</ele>
        <time>2026-03-27T13:08:39.960Z</time>
      </trkpt>
      <trkpt lat="38.758644" lon="-0.155794">
        <ele>539.851182</ele>
        <time>2026-03-27T13:08:43.746Z</time>
      </trkpt>
      <trkpt lat="38.758523" lon="-0.155514">
        <ele>538.034918</ele>
        <time>2026-03-27T13:08:45.942Z</time>
      </trkpt>
      <trkpt lat="38.758440" lon="-0.155289">
        <ele>536.622704</ele>
        <time>2026-03-27T13:08:47.684Z</time>
      </trkpt>
      <trkpt lat="38.758404" lon="-0.154879">
        <ele>534.281792</ele>
        <time>2026-03-27T13:08:50.633Z</time>
      </trkpt>
      <trkpt lat="38.758422" lon="-0.154415">
        <ele>531.645945</ele>
        <time>2026-03-27T13:08:54.121Z</time>
      </trkpt>
      <trkpt lat="38.758486" lon="-0.154012">
        <ele>530.629053</ele>
        <time>2026-03-27T13:08:57.325Z</time>
      </trkpt>
      <trkpt lat="38.758488" lon="-0.153846">
        <ele>530.394863</ele>
        <time>2026-03-27T13:08:58.657Z</time>
      </trkpt>
      <trkpt lat="38.758458" lon="-0.153750">
        <ele>530.248974</ele>
        <time>2026-03-27T13:08:59.493Z</time>
      </trkpt>
      <trkpt lat="38.758312" lon="-0.153516">
        <ele>529.826234</ele>
        <time>2026-03-27T13:09:02.044Z</time>
      </trkpt>
      <trkpt lat="38.758163" lon="-0.153395">
        <ele>529.507200</ele>
        <time>2026-03-27T13:09:04.057Z</time>
      </trkpt>
      <trkpt lat="38.758091" lon="-0.153304">
        <ele>529.324329</ele>
        <time>2026-03-27T13:09:05.218Z</time>
      </trkpt>
      <trkpt lat="38.758048" lon="-0.153108">
        <ele>529.037113</ele>
        <time>2026-03-27T13:09:07.069Z</time>
      </trkpt>
      <trkpt lat="38.758038" lon="-0.152794">
        <ele>528.593809</ele>
        <time>2026-03-27T13:09:10.014Z</time>
      </trkpt>
      <trkpt lat="38.758210" lon="-0.152027">
        <ele>527.381451</ele>
        <time>2026-03-27T13:09:18.440Z</time>
      </trkpt>
      <trkpt lat="38.758451" lon="-0.151414">
        <ele>526.168666</ele>
        <time>2026-03-27T13:09:27.131Z</time>
      </trkpt>
      <trkpt lat="38.758548" lon="-0.151090">
        <ele>525.555549</ele>
        <time>2026-03-27T13:09:31.223Z</time>
      </trkpt>
      <trkpt lat="38.758683" lon="-0.150792">
        <ele>524.946708</ele>
        <time>2026-03-27T13:09:34.547Z</time>
      </trkpt>
      <trkpt lat="38.758851" lon="-0.150495">
        <ele>524.298519</ele>
        <time>2026-03-27T13:09:37.417Z</time>
      </trkpt>
      <trkpt lat="38.759053" lon="-0.150215">
        <ele>523.120503</ele>
        <time>2026-03-27T13:09:40.139Z</time>
      </trkpt>
      <trkpt lat="38.759248" lon="-0.149888">
        <ele>519.106445</ele>
        <time>2026-03-27T13:09:42.917Z</time>
      </trkpt>
      <trkpt lat="38.759288" lon="-0.149771">
        <ele>517.860757</ele>
        <time>2026-03-27T13:09:43.758Z</time>
      </trkpt>
      <trkpt lat="38.759291" lon="-0.149526">
        <ele>515.471492</ele>
        <time>2026-03-27T13:09:45.373Z</time>
      </trkpt>
      <trkpt lat="38.759380" lon="-0.149095">
        <ele>511.123997</ele>
        <time>2026-03-27T13:09:48.292Z</time>
      </trkpt>
      <trkpt lat="38.759380" lon="-0.148977">
        <ele>509.973392</ele>
        <time>2026-03-27T13:09:49.059Z</time>
      </trkpt>
      <trkpt lat="38.759347" lon="-0.148942">
        <ele>509.437897</ele>
        <time>2026-03-27T13:09:49.417Z</time>
      </trkpt>
      <trkpt lat="38.759030" lon="-0.148837">
        <ele>505.343839</ele>
        <time>2026-03-27T13:09:52.126Z</time>
      </trkpt>
      <trkpt lat="38.758942" lon="-0.148842">
        <ele>504.242352</ele>
        <time>2026-03-27T13:09:52.848Z</time>
      </trkpt>
      <trkpt lat="38.758745" lon="-0.149022">
        <ele>501.218154</ele>
        <time>2026-03-27T13:09:54.840Z</time>
      </trkpt>
      <trkpt lat="38.758628" lon="-0.149359">
        <ele>497.692398</ele>
        <time>2026-03-27T13:09:57.213Z</time>
      </trkpt>
      <trkpt lat="38.758596" lon="-0.149376">
        <ele>497.267858</ele>
        <time>2026-03-27T13:09:57.498Z</time>
      </trkpt>
      <trkpt lat="38.758552" lon="-0.149356">
        <ele>496.695686</ele>
        <time>2026-03-27T13:09:57.883Z</time>
      </trkpt>
      <trkpt lat="38.758456" lon="-0.149024">
        <ele>493.311388</ele>
        <time>2026-03-27T13:10:00.192Z</time>
      </trkpt>
      <trkpt lat="38.758491" lon="-0.148790">
        <ele>491.034110</ele>
        <time>2026-03-27T13:10:01.764Z</time>
      </trkpt>
      <trkpt lat="38.758482" lon="-0.148542">
        <ele>488.661229</ele>
        <time>2026-03-27T13:10:03.440Z</time>
      </trkpt>
      <trkpt lat="38.758440" lon="-0.148463">
        <ele>487.747381</ele>
        <time>2026-03-27T13:10:04.093Z</time>
      </trkpt>
      <trkpt lat="38.758402" lon="-0.148465">
        <ele>487.281231</ele>
        <time>2026-03-27T13:10:04.422Z</time>
      </trkpt>
      <trkpt lat="38.758362" lon="-0.148523">
        <ele>486.541186</ele>
        <time>2026-03-27T13:10:04.944Z</time>
      </trkpt>
      <trkpt lat="38.758182" lon="-0.149001">
        <ele>481.467769</ele>
        <time>2026-03-27T13:10:08.516Z</time>
      </trkpt>
      <trkpt lat="38.758165" lon="-0.149264">
        <ele>478.953003</ele>
        <time>2026-03-27T13:10:10.279Z</time>
      </trkpt>
      <trkpt lat="38.757881" lon="-0.149535">
        <ele>474.743140</ele>
        <time>2026-03-27T13:10:13.286Z</time>
      </trkpt>
      <trkpt lat="38.757788" lon="-0.149783">
        <ele>472.191164</ele>
        <time>2026-03-27T13:10:15.100Z</time>
      </trkpt>
      <trkpt lat="38.757707" lon="-0.149793">
        <ele>471.223430</ele>
        <time>2026-03-27T13:10:15.786Z</time>
      </trkpt>
      <trkpt lat="38.757581" lon="-0.149737">
        <ele>469.637552</ele>
        <time>2026-03-27T13:10:16.917Z</time>
      </trkpt>
      <trkpt lat="38.757476" lon="-0.149642">
        <ele>468.109349</ele>
        <time>2026-03-27T13:10:18.006Z</time>
      </trkpt>
      <trkpt lat="38.757309" lon="-0.149622">
        <ele>466.114685</ele>
        <time>2026-03-27T13:10:19.435Z</time>
      </trkpt>
      <trkpt lat="38.757143" lon="-0.149771">
        <ele>463.705013</ele>
        <time>2026-03-27T13:10:21.149Z</time>
      </trkpt>
      <trkpt lat="38.756866" lon="-0.149944">
        <ele>460.040917</ele>
        <time>2026-03-27T13:10:23.743Z</time>
      </trkpt>
      <trkpt lat="38.756720" lon="-0.150077">
        <ele>457.911132</ele>
        <time>2026-03-27T13:10:25.251Z</time>
      </trkpt>
      <trkpt lat="38.756482" lon="-0.150678">
        <ele>452.722454</ele>
        <time>2026-03-27T13:10:29.621Z</time>
      </trkpt>
      <trkpt lat="38.756395" lon="-0.150770">
        <ele>451.613098</ele>
        <time>2026-03-27T13:10:30.570Z</time>
      </trkpt>
      <trkpt lat="38.756088" lon="-0.150882">
        <ele>448.473071</ele>
        <time>2026-03-27T13:10:33.305Z</time>
      </trkpt>
      <trkpt lat="38.756044" lon="-0.150920">
        <ele>447.951197</ele>
        <time>2026-03-27T13:10:33.766Z</time>
      </trkpt>
      <trkpt lat="38.755951" lon="-0.151034">
        <ele>446.685524</ele>
        <time>2026-03-27T13:10:34.896Z</time>
      </trkpt>
      <trkpt lat="38.755828" lon="-0.151263">
        <ele>444.552315</ele>
        <time>2026-03-27T13:10:36.801Z</time>
      </trkpt>
      <trkpt lat="38.755788" lon="-0.151497">
        <ele>442.714520</ele>
        <time>2026-03-27T13:10:38.450Z</time>
      </trkpt>
      <trkpt lat="38.755778" lon="-0.151863">
        <ele>440.058436</ele>
        <time>2026-03-27T13:10:41.029Z</time>
      </trkpt>
      <trkpt lat="38.755795" lon="-0.152001">
        <ele>439.771234</ele>
        <time>2026-03-27T13:10:42.039Z</time>
      </trkpt>
      <trkpt lat="38.755893" lon="-0.152298">
        <ele>439.108291</ele>
        <time>2026-03-27T13:10:44.455Z</time>
      </trkpt>
      <trkpt lat="38.755916" lon="-0.152620">
        <ele>438.443592</ele>
        <time>2026-03-27T13:10:47.383Z</time>
      </trkpt>
      <trkpt lat="38.755967" lon="-0.152904">
        <ele>437.844500</ele>
        <time>2026-03-27T13:10:51.830Z</time>
      </trkpt>
      <trkpt lat="38.756063" lon="-0.153224">
        <ele>437.139685</ele>
        <time>2026-03-27T13:10:57.575Z</time>
      </trkpt>
      <trkpt lat="38.756108" lon="-0.153313">
        <ele>436.921639</ele>
        <time>2026-03-27T13:10:58.940Z</time>
      </trkpt>
      <trkpt lat="38.756226" lon="-0.153464">
        <ele>436.482196</ele>
        <time>2026-03-27T13:11:01.143Z</time>
      </trkpt>
      <trkpt lat="38.756389" lon="-0.153579">
        <ele>435.991775</ele>
        <time>2026-03-27T13:11:03.250Z</time>
      </trkpt>
      <trkpt lat="38.756439" lon="-0.153669">
        <ele>435.764616</ele>
        <time>2026-03-27T13:11:04.146Z</time>
      </trkpt>
      <trkpt lat="38.756435" lon="-0.153766">
        <ele>435.564938</ele>
        <time>2026-03-27T13:11:04.909Z</time>
      </trkpt>
      <trkpt lat="38.756368" lon="-0.153974">
        <ele>434.308721</ele>
        <time>2026-03-27T13:11:06.600Z</time>
      </trkpt>
      <trkpt lat="38.756351" lon="-0.154256">
        <ele>432.024030</ele>
        <time>2026-03-27T13:11:08.618Z</time>
      </trkpt>
      <trkpt lat="38.756234" lon="-0.154450">
        <ele>430.043002</ele>
        <time>2026-03-27T13:11:10.307Z</time>
      </trkpt>
      <trkpt lat="38.755643" lon="-0.155100">
        <ele>421.977993</ele>
        <time>2026-03-27T13:11:16.917Z</time>
      </trkpt>
      <trkpt lat="38.755501" lon="-0.155189">
        <ele>420.340809</ele>
        <time>2026-03-27T13:11:18.250Z</time>
      </trkpt>
      <trkpt lat="38.755438" lon="-0.155169">
        <ele>419.668529</ele>
        <time>2026-03-27T13:11:18.794Z</time>
      </trkpt>
      <trkpt lat="38.755392" lon="-0.155137">
        <ele>419.126445</ele>
        <time>2026-03-27T13:11:19.230Z</time>
      </trkpt>
      <trkpt lat="38.755359" lon="-0.155069">
        <ele>418.479481</ele>
        <time>2026-03-27T13:11:19.753Z</time>
      </trkpt>
      <trkpt lat="38.755234" lon="-0.154581">
        <ele>414.047064</ele>
        <time>2026-03-27T13:11:23.062Z</time>
      </trkpt>
      <trkpt lat="38.755288" lon="-0.154147">
        <ele>410.080016</ele>
        <time>2026-03-27T13:11:25.899Z</time>
      </trkpt>
      <trkpt lat="38.755296" lon="-0.153915">
        <ele>407.983825</ele>
        <time>2026-03-27T13:11:27.409Z</time>
      </trkpt>
      <trkpt lat="38.755251" lon="-0.153827">
        <ele>407.033945</ele>
        <time>2026-03-27T13:11:28.100Z</time>
      </trkpt>
      <trkpt lat="38.755153" lon="-0.153814">
        <ele>405.893542</ele>
        <time>2026-03-27T13:11:28.927Z</time>
      </trkpt>
      <trkpt lat="38.754965" lon="-0.153926">
        <ele>403.494071</ele>
        <time>2026-03-27T13:11:30.685Z</time>
      </trkpt>
      <trkpt lat="38.754908" lon="-0.153995">
        <ele>402.586756</ele>
        <time>2026-03-27T13:11:31.358Z</time>
      </trkpt>
      <trkpt lat="38.754601" lon="-0.154562">
        <ele>396.356023</ele>
        <time>2026-03-27T13:11:36.042Z</time>
      </trkpt>
      <trkpt lat="38.754587" lon="-0.154638">
        <ele>395.870560</ele>
        <time>2026-03-27T13:11:36.582Z</time>
      </trkpt>
      <trkpt lat="38.754602" lon="-0.154978">
        <ele>395.278893</ele>
        <time>2026-03-27T13:11:38.955Z</time>
      </trkpt>
      <trkpt lat="38.754494" lon="-0.155465">
        <ele>394.399221</ele>
        <time>2026-03-27T13:11:43.348Z</time>
      </trkpt>
      <trkpt lat="38.754433" lon="-0.155639">
        <ele>394.067766</ele>
        <time>2026-03-27T13:11:46.072Z</time>
      </trkpt>
      <trkpt lat="38.754266" lon="-0.155961">
        <ele>393.395889</ele>
        <time>2026-03-27T13:11:51.319Z</time>
      </trkpt>
      <trkpt lat="38.754269" lon="-0.156384">
        <ele>392.660927</ele>
        <time>2026-03-27T13:11:55.996Z</time>
      </trkpt>
      <trkpt lat="38.754167" lon="-0.156742">
        <ele>391.998714</ele>
        <time>2026-03-27T13:11:59.924Z</time>
      </trkpt>
      <trkpt lat="38.754100" lon="-0.156902">
        <ele>391.666144</ele>
        <time>2026-03-27T13:12:01.746Z</time>
      </trkpt>
      <trkpt lat="38.754066" lon="-0.156944">
        <ele>391.553252</ele>
        <time>2026-03-27T13:12:02.376Z</time>
      </trkpt>
      <trkpt lat="38.753961" lon="-0.156981">
        <ele>391.292862</ele>
        <time>2026-03-27T13:12:04.292Z</time>
      </trkpt>
      <trkpt lat="38.753680" lon="-0.156880">
        <ele>390.595019</ele>
        <time>2026-03-27T13:12:09.361Z</time>
      </trkpt>
      <trkpt lat="38.752971" lon="-0.156964">
        <ele>388.892391</ele>
        <time>2026-03-27T13:12:20.180Z</time>
      </trkpt>
      <trkpt lat="38.752429" lon="-0.157057">
        <ele>387.589426</ele>
        <time>2026-03-27T13:12:25.442Z</time>
      </trkpt>
      <trkpt lat="38.752310" lon="-0.157042">
        <ele>387.348133</ele>
        <time>2026-03-27T13:12:26.608Z</time>
      </trkpt>
      <trkpt lat="38.752142" lon="-0.156917">
        <ele>386.956179</ele>
        <time>2026-03-27T13:12:28.526Z</time>
      </trkpt>
      <trkpt lat="38.752011" lon="-0.156893">
        <ele>386.689144</ele>
        <time>2026-03-27T13:12:29.850Z</time>
      </trkpt>
      <trkpt lat="38.751858" lon="-0.156907">
        <ele>386.379613</ele>
        <time>2026-03-27T13:12:31.422Z</time>
      </trkpt>
      <trkpt lat="38.751653" lon="-0.156993">
        <ele>385.944358</ele>
        <time>2026-03-27T13:12:33.710Z</time>
      </trkpt>
      <trkpt lat="38.751447" lon="-0.157156">
        <ele>385.455885</ele>
        <time>2026-03-27T13:12:36.307Z</time>
      </trkpt>
      <trkpt lat="38.751360" lon="-0.157308">
        <ele>385.159166</ele>
        <time>2026-03-27T13:12:37.896Z</time>
      </trkpt>
      <trkpt lat="38.751232" lon="-0.157769">
        <ele>384.389065</ele>
        <time>2026-03-27T13:12:42.439Z</time>
      </trkpt>
      <trkpt lat="38.751215" lon="-0.157800">
        <ele>384.329425</ele>
        <time>2026-03-27T13:12:42.843Z</time>
      </trkpt>
      <trkpt lat="38.751144" lon="-0.157809">
        <ele>384.185453</ele>
        <time>2026-03-27T13:12:43.860Z</time>
      </trkpt>
      <trkpt lat="38.751070" lon="-0.157746">
        <ele>384.006208</ele>
        <time>2026-03-27T13:12:45.682Z</time>
      </trkpt>
      <trkpt lat="38.751082" lon="-0.157475">
        <ele>384.355263</ele>
        <time>2026-03-27T13:12:50.679Z</time>
      </trkpt>
      <trkpt lat="38.751193" lon="-0.157030">
        <ele>385.025840</ele>
        <time>2026-03-27T13:13:00.610Z</time>
      </trkpt>
      <trkpt lat="38.751178" lon="-0.156991">
        <ele>385.088254</ele>
        <time>2026-03-27T13:13:01.715Z</time>
      </trkpt>
      <trkpt lat="38.751142" lon="-0.156978">
        <ele>385.157086</ele>
        <time>2026-03-27T13:13:02.883Z</time>
      </trkpt>
      <trkpt lat="38.751031" lon="-0.157020">
        <ele>385.370081</ele>
        <time>2026-03-27T13:13:06.444Z</time>
      </trkpt>
      <trkpt lat="38.751008" lon="-0.157183">
        <ele>385.607832</ele>
        <time>2026-03-27T13:13:10.483Z</time>
      </trkpt>
      <trkpt lat="38.750922" lon="-0.157459">
        <ele>386.034421</ele>
        <time>2026-03-27T13:13:18.108Z</time>
      </trkpt>
      <trkpt lat="38.750893" lon="-0.157509">
        <ele>386.123857</ele>
        <time>2026-03-27T13:13:19.569Z</time>
      </trkpt>
      <trkpt lat="38.750757" lon="-0.157742">
        <ele>386.541574</ele>
        <time>2026-03-27T13:13:26.781Z</time>
      </trkpt>
      <trkpt lat="38.750779" lon="-0.157477">
        <ele>386.924076</ele>
        <time>2026-03-27T13:13:31.628Z</time>
      </trkpt>
      <trkpt lat="38.750791" lon="-0.157347">
        <ele>387.111967</ele>
        <time>2026-03-27T13:13:34.220Z</time>
      </trkpt>
      <trkpt lat="38.750861" lon="-0.156835">
        <ele>387.391769</ele>
        <time>2026-03-27T13:13:43.004Z</time>
      </trkpt>
      <trkpt lat="38.750889" lon="-0.156725">
        <ele>387.420250</ele>
        <time>2026-03-27T13:13:44.868Z</time>
      </trkpt>
      <trkpt lat="38.750953" lon="-0.156601">
        <ele>387.456849</ele>
        <time>2026-03-27T13:13:47.197Z</time>
      </trkpt>
      <trkpt lat="38.751095" lon="-0.156471">
        <ele>387.511917</ele>
        <time>2026-03-27T13:13:50.131Z</time>
      </trkpt>
      <trkpt lat="38.751269" lon="-0.156361">
        <ele>387.573144</ele>
        <time>2026-03-27T13:13:53.026Z</time>
      </trkpt>
      <trkpt lat="38.751577" lon="-0.156183">
        <ele>387.679769</ele>
        <time>2026-03-27T13:13:57.735Z</time>
      </trkpt>
      <trkpt lat="38.752793" lon="-0.155713">
        <ele>388.844521</ele>
        <time>2026-03-27T13:14:13.774Z</time>
      </trkpt>
      <trkpt lat="38.753120" lon="-0.155407">
        <ele>389.420654</ele>
        <time>2026-03-27T13:14:22.626Z</time>
      </trkpt>
      <trkpt lat="38.753237" lon="-0.155236">
        <ele>389.673136</ele>
        <time>2026-03-27T13:14:27.177Z</time>
      </trkpt>
      <trkpt lat="38.753425" lon="-0.154839">
        <ele>390.188632</ele>
        <time>2026-03-27T13:14:37.656Z</time>
      </trkpt>
      <trkpt lat="38.753573" lon="-0.154192">
        <ele>390.496541</ele>
        <time>2026-03-27T13:14:53.801Z</time>
      </trkpt>
      <trkpt lat="38.753689" lon="-0.153365">
        <ele>390.630359</ele>
        <time>2026-03-27T13:15:09.177Z</time>
      </trkpt>
      <trkpt lat="38.753699" lon="-0.152774">
        <ele>390.724502</ele>
        <time>2026-03-27T13:15:14.595Z</time>
      </trkpt>
      <trkpt lat="38.753669" lon="-0.152043">
        <ele>389.701228</ele>
        <time>2026-03-27T13:15:20.077Z</time>
      </trkpt>
      <trkpt lat="38.753672" lon="-0.151460">
        <ele>387.719466</ele>
        <time>2026-03-27T13:15:24.246Z</time>
      </trkpt>
      <trkpt lat="38.753714" lon="-0.150886">
        <ele>385.759771</ele>
        <time>2026-03-27T13:15:28.378Z</time>
      </trkpt>
      <trkpt lat="38.754292" lon="-0.145853">
        <ele>374.851000</ele>
        <time>2026-03-27T13:16:09.172Z</time>
      </trkpt>
      <trkpt lat="38.754463" lon="-0.144295">
        <ele>374.781082</ele>
        <time>2026-03-27T13:16:39.445Z</time>
      </trkpt>
      <trkpt lat="38.754551" lon="-0.143745">
        <ele>374.976210</ele>
        <time>2026-03-27T13:16:48.407Z</time>
      </trkpt>
      <trkpt lat="38.754706" lon="-0.143307">
        <ele>375.143372</ele>
        <time>2026-03-27T13:16:52.580Z</time>
      </trkpt>
      <trkpt lat="38.754855" lon="-0.143035">
        <ele>374.189622</ele>
        <time>2026-03-27T13:16:55.113Z</time>
      </trkpt>
      <trkpt lat="38.755205" lon="-0.142510">
        <ele>371.879777</ele>
        <time>2026-03-27T13:17:00.266Z</time>
      </trkpt>
      <trkpt lat="38.755428" lon="-0.142048">
        <ele>370.062733</ele>
        <time>2026-03-27T13:17:04.233Z</time>
      </trkpt>
      <trkpt lat="38.755531" lon="-0.141750">
        <ele>368.972657</ele>
        <time>2026-03-27T13:17:06.588Z</time>
      </trkpt>
      <trkpt lat="38.755703" lon="-0.141083">
        <ele>366.605872</ele>
        <time>2026-03-27T13:17:11.771Z</time>
      </trkpt>
      <trkpt lat="38.755831" lon="-0.140450">
        <ele>364.372645</ele>
        <time>2026-03-27T13:17:16.965Z</time>
      </trkpt>
      <trkpt lat="38.755938" lon="-0.139656">
        <ele>361.620901</ele>
        <time>2026-03-27T13:17:22.916Z</time>
      </trkpt>
      <trkpt lat="38.755966" lon="-0.139296">
        <ele>360.385383</ele>
        <time>2026-03-27T13:17:25.500Z</time>
      </trkpt>
      <trkpt lat="38.755951" lon="-0.139024">
        <ele>359.573213</ele>
        <time>2026-03-27T13:17:27.498Z</time>
      </trkpt>
      <trkpt lat="38.755837" lon="-0.138554">
        <ele>359.647978</ele>
        <time>2026-03-27T13:17:31.393Z</time>
      </trkpt>
      <trkpt lat="38.755739" lon="-0.138340">
        <ele>359.685674</ele>
        <time>2026-03-27T13:17:33.639Z</time>
      </trkpt>
      <trkpt lat="38.755608" lon="-0.138143">
        <ele>359.725000</ele>
        <time>2026-03-27T13:17:36.381Z</time>
      </trkpt>
      <trkpt lat="38.755054" lon="-0.137498">
        <ele>359.870751</ele>
        <time>2026-03-27T13:17:51.888Z</time>
      </trkpt>
      <trkpt lat="38.754866" lon="-0.137200">
        <ele>359.979437</ele>
        <time>2026-03-27T13:18:01.555Z</time>
      </trkpt>
      <trkpt lat="38.754758" lon="-0.136936">
        <ele>360.242671</ele>
        <time>2026-03-27T13:18:10.485Z</time>
      </trkpt>
      <trkpt lat="38.754714" lon="-0.136765">
        <ele>360.401668</ele>
        <time>2026-03-27T13:18:15.805Z</time>
      </trkpt>
      <trkpt lat="38.754670" lon="-0.136233">
        <ele>360.874047</ele>
        <time>2026-03-27T13:18:29.070Z</time>
      </trkpt>
      <trkpt lat="38.754694" lon="-0.135919">
        <ele>361.152632</ele>
        <time>2026-03-27T13:18:34.174Z</time>
      </trkpt>
      <trkpt lat="38.754748" lon="-0.135677">
        <ele>361.374888</ele>
        <time>2026-03-27T13:18:36.986Z</time>
      </trkpt>
      <trkpt lat="38.754879" lon="-0.135305">
        <ele>361.735294</ele>
        <time>2026-03-27T13:18:40.483Z</time>
      </trkpt>
      <trkpt lat="38.755233" lon="-0.134503">
        <ele>359.188495</ele>
        <time>2026-03-27T13:18:47.426Z</time>
      </trkpt>
      <trkpt lat="38.755372" lon="-0.134056">
        <ele>357.209393</ele>
        <time>2026-03-27T13:18:50.832Z</time>
      </trkpt>
      <trkpt lat="38.755422" lon="-0.133816">
        <ele>356.187752</ele>
        <time>2026-03-27T13:18:52.562Z</time>
      </trkpt>
      <trkpt lat="38.755574" lon="-0.132627">
        <ele>351.458689</ele>
        <time>2026-03-27T13:19:01.220Z</time>
      </trkpt>
      <trkpt lat="38.755875" lon="-0.131085">
        <ele>346.116392</ele>
        <time>2026-03-27T13:19:13.269Z</time>
      </trkpt>
      <trkpt lat="38.756018" lon="-0.130213">
        <ele>343.831685</ele>
        <time>2026-03-27T13:19:20.166Z</time>
      </trkpt>
      <trkpt lat="38.756056" lon="-0.129492">
        <ele>342.483416</ele>
        <time>2026-03-27T13:19:26.080Z</time>
      </trkpt>
      <trkpt lat="38.756053" lon="-0.129210">
        <ele>341.957228</ele>
        <time>2026-03-27T13:19:28.483Z</time>
      </trkpt>
      <trkpt lat="38.755890" lon="-0.126742">
        <ele>338.726986</ele>
        <time>2026-03-27T13:19:50.962Z</time>
      </trkpt>
      <trkpt lat="38.755864" lon="-0.125395">
        <ele>337.133745</ele>
        <time>2026-03-27T13:20:03.730Z</time>
      </trkpt>
      <trkpt lat="38.755897" lon="-0.124408">
        <ele>335.815660</ele>
        <time>2026-03-27T13:20:12.442Z</time>
      </trkpt>
      <trkpt lat="38.756026" lon="-0.122459">
        <ele>332.868439</ele>
        <time>2026-03-27T13:20:28.620Z</time>
      </trkpt>
      <trkpt lat="38.756041" lon="-0.121714">
        <ele>331.684770</ele>
        <time>2026-03-27T13:20:35.075Z</time>
      </trkpt>
      <trkpt lat="38.755993" lon="-0.121023">
        <ele>330.705561</ele>
        <time>2026-03-27T13:20:41.610Z</time>
      </trkpt>
      <trkpt lat="38.755945" lon="-0.120651">
        <ele>330.207044</ele>
        <time>2026-03-27T13:20:45.213Z</time>
      </trkpt>
      <trkpt lat="38.755811" lon="-0.120020">
        <ele>329.342402</ele>
        <time>2026-03-27T13:20:51.195Z</time>
      </trkpt>
      <trkpt lat="38.755776" lon="-0.119884">
        <ele>329.153054</ele>
        <time>2026-03-27T13:20:52.472Z</time>
      </trkpt>
      <trkpt lat="38.755483" lon="-0.119006">
        <ele>327.523670</ele>
        <time>2026-03-27T13:21:00.445Z</time>
      </trkpt>
      <trkpt lat="38.755209" lon="-0.118404">
        <ele>325.700630</ele>
        <time>2026-03-27T13:21:05.878Z</time>
      </trkpt>
      <trkpt lat="38.754857" lon="-0.117782">
        <ele>323.690609</ele>
        <time>2026-03-27T13:21:11.712Z</time>
      </trkpt>
      <trkpt lat="38.754610" lon="-0.117339">
        <ele>322.266286</ele>
        <time>2026-03-27T13:21:15.907Z</time>
      </trkpt>
      <trkpt lat="38.754473" lon="-0.117023">
        <ele>321.645083</ele>
        <time>2026-03-27T13:21:18.753Z</time>
      </trkpt>
      <trkpt lat="38.754003" lon="-0.115595">
        <ele>319.032819</ele>
        <time>2026-03-27T13:21:31.909Z</time>
      </trkpt>
      <trkpt lat="38.753919" lon="-0.115207">
        <ele>318.354165</ele>
        <time>2026-03-27T13:21:35.807Z</time>
      </trkpt>
      <trkpt lat="38.753853" lon="-0.114751">
        <ele>317.809368</ele>
        <time>2026-03-27T13:21:40.282Z</time>
      </trkpt>
      <trkpt lat="38.753767" lon="-0.114088">
        <ele>317.023592</ele>
        <time>2026-03-27T13:21:46.726Z</time>
      </trkpt>
      <trkpt lat="38.753680" lon="-0.113348">
        <ele>316.148666</ele>
        <time>2026-03-27T13:21:53.207Z</time>
      </trkpt>
      <trkpt lat="38.753682" lon="-0.113184">
        <ele>315.956906</ele>
        <time>2026-03-27T13:21:54.606Z</time>
      </trkpt>
      <trkpt lat="38.753723" lon="-0.112945">
        <ele>315.670806</ele>
        <time>2026-03-27T13:21:56.712Z</time>
      </trkpt>
      <trkpt lat="38.753867" lon="-0.112325">
        <ele>314.761117</ele>
        <time>2026-03-27T13:22:02.218Z</time>
      </trkpt>
      <trkpt lat="38.753910" lon="-0.112025">
        <ele>314.330073</ele>
        <time>2026-03-27T13:22:04.835Z</time>
      </trkpt>
      <trkpt lat="38.753904" lon="-0.111697">
        <ele>313.866435</ele>
        <time>2026-03-27T13:22:07.652Z</time>
      </trkpt>
      <trkpt lat="38.753868" lon="-0.111009">
        <ele>312.892008</ele>
        <time>2026-03-27T13:22:13.694Z</time>
      </trkpt>
      <trkpt lat="38.753756" lon="-0.110335">
        <ele>312.230954</ele>
        <time>2026-03-27T13:22:19.975Z</time>
      </trkpt>
      <trkpt lat="38.753737" lon="-0.110255">
        <ele>312.191121</ele>
        <time>2026-03-27T13:22:20.684Z</time>
      </trkpt>
      <trkpt lat="38.753693" lon="-0.110086">
        <ele>312.106258</ele>
        <time>2026-03-27T13:22:22.235Z</time>
      </trkpt>
      <trkpt lat="38.753476" lon="-0.109464">
        <ele>311.781697</ele>
        <time>2026-03-27T13:22:28.496Z</time>
      </trkpt>
      <trkpt lat="38.753268" lon="-0.108967">
        <ele>311.513036</ele>
        <time>2026-03-27T13:22:34.481Z</time>
      </trkpt>
      <trkpt lat="38.753262" lon="-0.108946">
        <ele>311.502383</ele>
        <time>2026-03-27T13:22:34.769Z</time>
      </trkpt>
      <trkpt lat="38.753127" lon="-0.108803">
        <ele>311.395434</ele>
        <time>2026-03-27T13:22:37.667Z</time>
      </trkpt>
      <trkpt lat="38.753040" lon="-0.108744">
        <ele>311.335323</ele>
        <time>2026-03-27T13:22:39.371Z</time>
      </trkpt>
      <trkpt lat="38.753028" lon="-0.108620">
        <ele>311.340487</ele>
        <time>2026-03-27T13:22:41.194Z</time>
      </trkpt>
      <trkpt lat="38.752952" lon="-0.108352">
        <ele>311.767491</ele>
        <time>2026-03-27T13:22:45.516Z</time>
      </trkpt>
      <trkpt lat="38.752830" lon="-0.108115">
        <ele>312.192711</ele>
        <time>2026-03-27T13:22:50.273Z</time>
      </trkpt>
      <trkpt lat="38.752671" lon="-0.107798">
        <ele>312.757081</ele>
        <time>2026-03-27T13:22:57.325Z</time>
      </trkpt>
      <trkpt lat="38.752456" lon="-0.107253">
        <ele>313.671627</ele>
        <time>2026-03-27T13:23:09.233Z</time>
      </trkpt>
      <trkpt lat="38.752332" lon="-0.106961">
        <ele>314.169486</ele>
        <time>2026-03-27T13:23:15.435Z</time>
      </trkpt>
      <trkpt lat="38.752229" lon="-0.106782">
        <ele>314.502583</ele>
        <time>2026-03-27T13:23:19.608Z</time>
      </trkpt>
      <trkpt lat="38.751900" lon="-0.106419">
        <ele>315.265447</ele>
        <time>2026-03-27T13:23:30.026Z</time>
      </trkpt>
      <trkpt lat="38.751628" lon="-0.106151">
        <ele>315.845510</ele>
        <time>2026-03-27T13:23:37.835Z</time>
      </trkpt>
      <trkpt lat="38.750963" lon="-0.105493">
        <ele>317.265918</ele>
        <time>2026-03-27T13:23:54.597Z</time>
      </trkpt>
      <trkpt lat="38.750898" lon="-0.105355">
        <ele>317.478527</ele>
        <time>2026-03-27T13:23:57.143Z</time>
      </trkpt>
      <trkpt lat="38.750913" lon="-0.105204">
        <ele>317.679272</ele>
        <time>2026-03-27T13:23:59.608Z</time>
      </trkpt>
      <trkpt lat="38.751041" lon="-0.104997">
        <ele>317.969269</ele>
        <time>2026-03-27T13:24:04.177Z</time>
      </trkpt>
      <trkpt lat="38.751060" lon="-0.104974">
        <ele>318.002757</ele>
        <time>2026-03-27T13:24:04.781Z</time>
      </trkpt>
      <trkpt lat="38.751146" lon="-0.104932">
        <ele>318.120699</ele>
        <time>2026-03-27T13:24:06.801Z</time>
      </trkpt>
      <trkpt lat="38.751363" lon="-0.104983">
        <ele>318.403441</ele>
        <time>2026-03-27T13:24:11.442Z</time>
      </trkpt>
      <trkpt lat="38.751488" lon="-0.104967">
        <ele>318.564438</ele>
        <time>2026-03-27T13:24:13.973Z</time>
      </trkpt>
      <trkpt lat="38.751595" lon="-0.104825">
        <ele>318.761792</ele>
        <time>2026-03-27T13:24:16.950Z</time>
      </trkpt>
      <trkpt lat="38.751643" lon="-0.104548">
        <ele>319.045402</ele>
        <time>2026-03-27T13:24:21.085Z</time>
      </trkpt>
      <trkpt lat="38.751713" lon="-0.104130">
        <ele>319.472710</ele>
        <time>2026-03-27T13:24:28.279Z</time>
      </trkpt>
      <trkpt lat="38.751846" lon="-0.103245">
        <ele>319.950811</ele>
        <time>2026-03-27T13:24:42.381Z</time>
      </trkpt>
      <trkpt lat="38.751935" lon="-0.102826">
        <ele>319.733951</ele>
        <time>2026-03-27T13:24:47.371Z</time>
      </trkpt>
      <trkpt lat="38.752017" lon="-0.102655">
        <ele>319.633707</ele>
        <time>2026-03-27T13:24:49.307Z</time>
      </trkpt>
      <trkpt lat="38.752261" lon="-0.102284">
        <ele>319.391354</ele>
        <time>2026-03-27T13:24:53.838Z</time>
      </trkpt>
      <trkpt lat="38.752525" lon="-0.101810">
        <ele>319.100485</ele>
        <time>2026-03-27T13:24:59.118Z</time>
      </trkpt>
      <trkpt lat="38.752553" lon="-0.101684">
        <ele>319.035060</ele>
        <time>2026-03-27T13:25:00.258Z</time>
      </trkpt>
      <trkpt lat="38.752549" lon="-0.101503">
        <ele>318.944639</ele>
        <time>2026-03-27T13:25:01.827Z</time>
      </trkpt>
      <trkpt lat="38.752338" lon="-0.100465">
        <ele>317.806028</ele>
        <time>2026-03-27T13:25:11.552Z</time>
      </trkpt>
      <trkpt lat="38.752066" lon="-0.099802">
        <ele>317.007092</ele>
        <time>2026-03-27T13:25:19.276Z</time>
      </trkpt>
      <trkpt lat="38.751866" lon="-0.098979">
        <ele>315.078716</ele>
        <time>2026-03-27T13:25:26.947Z</time>
      </trkpt>
      <trkpt lat="38.751794" lon="-0.098415">
        <ele>312.902305</ele>
        <time>2026-03-27T13:25:31.297Z</time>
      </trkpt>
      <trkpt lat="38.751791" lon="-0.098219">
        <ele>312.155754</ele>
        <time>2026-03-27T13:25:32.728Z</time>
      </trkpt>
      <trkpt lat="38.751844" lon="-0.097774">
        <ele>310.441456</ele>
        <time>2026-03-27T13:25:35.955Z</time>
      </trkpt>
      <trkpt lat="38.751940" lon="-0.097013">
        <ele>307.491582</ele>
        <time>2026-03-27T13:25:41.353Z</time>
      </trkpt>
      <trkpt lat="38.751978" lon="-0.096653">
        <ele>306.005767</ele>
        <time>2026-03-27T13:25:43.878Z</time>
      </trkpt>
      <trkpt lat="38.751966" lon="-0.096478">
        <ele>305.287261</ele>
        <time>2026-03-27T13:25:45.098Z</time>
      </trkpt>
      <trkpt lat="38.751920" lon="-0.096279">
        <ele>304.438356</ele>
        <time>2026-03-27T13:25:46.542Z</time>
      </trkpt>
      <trkpt lat="38.751545" lon="-0.095425">
        <ele>300.429890</ele>
        <time>2026-03-27T13:25:53.631Z</time>
      </trkpt>
      <trkpt lat="38.751336" lon="-0.094723">
        <ele>298.341219</ele>
        <time>2026-03-27T13:25:59.707Z</time>
      </trkpt>
      <trkpt lat="38.751130" lon="-0.094320">
        <ele>298.508300</ele>
        <time>2026-03-27T13:26:04.310Z</time>
      </trkpt>
      <trkpt lat="38.750904" lon="-0.093755">
        <ele>298.728478</ele>
        <time>2026-03-27T13:26:12.797Z</time>
      </trkpt>
      <trkpt lat="38.750040" lon="-0.091449">
        <ele>301.916836</ele>
        <time>2026-03-27T13:27:01.919Z</time>
      </trkpt>
      <trkpt lat="38.749945" lon="-0.091214">
        <ele>302.391542</ele>
        <time>2026-03-27T13:27:06.830Z</time>
      </trkpt>
      <trkpt lat="38.749884" lon="-0.090950">
        <ele>302.885345</ele>
        <time>2026-03-27T13:27:11.797Z</time>
      </trkpt>
      <trkpt lat="38.749879" lon="-0.090614">
        <ele>303.408441</ele>
        <time>2026-03-27T13:27:17.792Z</time>
      </trkpt>
      <trkpt lat="38.749911" lon="-0.090017">
        <ele>304.184948</ele>
        <time>2026-03-27T13:27:28.085Z</time>
      </trkpt>
      <trkpt lat="38.749671" lon="-0.089009">
        <ele>305.552548</ele>
        <time>2026-03-27T13:27:45.258Z</time>
      </trkpt>
      <trkpt lat="38.749606" lon="-0.088745">
        <ele>305.911788</ele>
        <time>2026-03-27T13:27:49.952Z</time>
      </trkpt>
      <trkpt lat="38.749524" lon="-0.088552">
        <ele>306.194140</ele>
        <time>2026-03-27T13:27:53.697Z</time>
      </trkpt>
      <trkpt lat="38.749021" lon="-0.087479">
        <ele>306.715945</ele>
        <time>2026-03-27T13:28:13.046Z</time>
      </trkpt>
      <trkpt lat="38.748739" lon="-0.086890">
        <ele>307.004013</ele>
        <time>2026-03-27T13:28:21.445Z</time>
      </trkpt>
      <trkpt lat="38.748615" lon="-0.086731">
        <ele>307.097735</ele>
        <time>2026-03-27T13:28:23.786Z</time>
      </trkpt>
      <trkpt lat="38.748332" lon="-0.086459">
        <ele>306.718069</ele>
        <time>2026-03-27T13:28:28.085Z</time>
      </trkpt>
      <trkpt lat="38.748222" lon="-0.086305">
        <ele>306.432087</ele>
        <time>2026-03-27T13:28:29.934Z</time>
      </trkpt>
      <trkpt lat="38.747847" lon="-0.085775">
        <ele>305.452086</ele>
        <time>2026-03-27T13:28:36.108Z</time>
      </trkpt>
      <trkpt lat="38.747483" lon="-0.085112">
        <ele>304.341717</ele>
        <time>2026-03-27T13:28:42.988Z</time>
      </trkpt>
      <trkpt lat="38.746806" lon="-0.084374">
        <ele>302.349406</ele>
        <time>2026-03-27T13:28:52.470Z</time>
      </trkpt>
      <trkpt lat="38.746741" lon="-0.084304">
        <ele>302.147331</ele>
        <time>2026-03-27T13:28:53.411Z</time>
      </trkpt>
      <trkpt lat="38.746685" lon="-0.084243">
        <ele>301.972406</ele>
        <time>2026-03-27T13:28:54.207Z</time>
      </trkpt>
      <trkpt lat="38.746436" lon="-0.083784">
        <ele>300.934325</ele>
        <time>2026-03-27T13:28:58.932Z</time>
      </trkpt>
      <trkpt lat="38.746299" lon="-0.083531">
        <ele>300.362472</ele>
        <time>2026-03-27T13:29:01.501Z</time>
      </trkpt>
      <trkpt lat="38.746255" lon="-0.083395">
        <ele>300.089103</ele>
        <time>2026-03-27T13:29:02.700Z</time>
      </trkpt>
      <trkpt lat="38.746232" lon="-0.083097">
        <ele>299.470511</ele>
        <time>2026-03-27T13:29:05.113Z</time>
      </trkpt>
      <trkpt lat="38.746246" lon="-0.082796">
        <ele>298.716868</ele>
        <time>2026-03-27T13:29:07.541Z</time>
      </trkpt>
      <trkpt lat="38.746170" lon="-0.082470">
        <ele>297.866457</ele>
        <time>2026-03-27T13:29:10.310Z</time>
      </trkpt>
      <trkpt lat="38.745711" lon="-0.081381">
        <ele>294.772618</ele>
        <time>2026-03-27T13:29:19.990Z</time>
      </trkpt>
      <trkpt lat="38.745230" lon="-0.080531">
        <ele>292.202760</ele>
        <time>2026-03-27T13:29:28.103Z</time>
      </trkpt>
      <trkpt lat="38.744876" lon="-0.079785">
        <ele>290.086709</ele>
        <time>2026-03-27T13:29:35.057Z</time>
      </trkpt>
      <trkpt lat="38.744774" lon="-0.079553">
        <ele>289.441341</ele>
        <time>2026-03-27T13:29:37.207Z</time>
      </trkpt>
      <trkpt lat="38.744712" lon="-0.079290">
        <ele>288.775546</ele>
        <time>2026-03-27T13:29:39.442Z</time>
      </trkpt>
      <trkpt lat="38.744722" lon="-0.079162">
        <ele>288.463816</ele>
        <time>2026-03-27T13:29:40.481Z</time>
      </trkpt>
      <trkpt lat="38.744758" lon="-0.079025">
        <ele>288.196075</ele>
        <time>2026-03-27T13:29:41.659Z</time>
      </trkpt>
      <trkpt lat="38.744926" lon="-0.078683">
        <ele>287.542546</ele>
        <time>2026-03-27T13:29:45.008Z</time>
      </trkpt>
      <trkpt lat="38.744961" lon="-0.078467">
        <ele>287.185833</ele>
        <time>2026-03-27T13:29:46.873Z</time>
      </trkpt>
      <trkpt lat="38.744951" lon="-0.078369">
        <ele>287.026024</ele>
        <time>2026-03-27T13:29:47.720Z</time>
      </trkpt>
      <trkpt lat="38.744921" lon="-0.078220">
        <ele>286.777204</ele>
        <time>2026-03-27T13:29:49.009Z</time>
      </trkpt>
      <trkpt lat="38.744773" lon="-0.077491">
        <ele>285.559187</ele>
        <time>2026-03-27T13:29:55.319Z</time>
      </trkpt>
      <trkpt lat="38.744729" lon="-0.077355">
        <ele>285.321116</ele>
        <time>2026-03-27T13:29:56.592Z</time>
      </trkpt>
      <trkpt lat="38.744433" lon="-0.076756">
        <ele>284.425898</ele>
        <time>2026-03-27T13:30:03.082Z</time>
      </trkpt>
      <trkpt lat="38.744380" lon="-0.076376">
        <ele>284.144054</ele>
        <time>2026-03-27T13:30:06.921Z</time>
      </trkpt>
      <trkpt lat="38.744344" lon="-0.076261">
        <ele>284.053581</ele>
        <time>2026-03-27T13:30:08.179Z</time>
      </trkpt>
      <trkpt lat="38.743948" lon="-0.075371">
        <ele>283.305478</ele>
        <time>2026-03-27T13:30:18.644Z</time>
      </trkpt>
      <trkpt lat="38.743800" lon="-0.074880">
        <ele>282.889425</ele>
        <time>2026-03-27T13:30:23.687Z</time>
      </trkpt>
      <trkpt lat="38.743708" lon="-0.074252">
        <ele>281.893688</ele>
        <time>2026-03-27T13:30:29.409Z</time>
      </trkpt>
      <trkpt lat="38.743680" lon="-0.073850">
        <ele>281.264750</ele>
        <time>2026-03-27T13:30:32.853Z</time>
      </trkpt>
      <trkpt lat="38.743797" lon="-0.073079">
        <ele>280.040756</ele>
        <time>2026-03-27T13:30:39.368Z</time>
      </trkpt>
      <trkpt lat="38.743859" lon="-0.072689">
        <ele>279.420517</ele>
        <time>2026-03-27T13:30:42.656Z</time>
      </trkpt>
      <trkpt lat="38.743864" lon="-0.072519">
        <ele>279.106930</ele>
        <time>2026-03-27T13:30:44.065Z</time>
      </trkpt>
      <trkpt lat="38.743849" lon="-0.072189">
        <ele>278.466984</ele>
        <time>2026-03-27T13:30:46.809Z</time>
      </trkpt>
      <trkpt lat="38.743772" lon="-0.071478">
        <ele>277.077320</ele>
        <time>2026-03-27T13:30:52.720Z</time>
      </trkpt>
      <trkpt lat="38.743790" lon="-0.071203">
        <ele>276.543063</ele>
        <time>2026-03-27T13:30:54.968Z</time>
      </trkpt>
      <trkpt lat="38.743845" lon="-0.070621">
        <ele>275.408101</ele>
        <time>2026-03-27T13:30:59.705Z</time>
      </trkpt>
      <trkpt lat="38.743941" lon="-0.069159">
        <ele>274.463427</ele>
        <time>2026-03-27T13:31:12.218Z</time>
      </trkpt>
      <trkpt lat="38.743913" lon="-0.068861">
        <ele>274.356481</ele>
        <time>2026-03-27T13:31:15.292Z</time>
      </trkpt>
      <trkpt lat="38.742824" lon="-0.069992">
        <ele>276.855270</ele>
        <time>2026-03-27T13:31:47.491Z</time>
      </trkpt>
      <trkpt lat="38.742728" lon="-0.070093">
        <ele>277.302882</ele>
        <time>2026-03-27T13:31:51.384Z</time>
      </trkpt>
      <trkpt lat="38.742122" lon="-0.070726">
        <ele>280.120321</ele>
        <time>2026-03-27T13:32:17.646Z</time>
      </trkpt>
      <trkpt lat="38.742032" lon="-0.070822">
        <ele>280.542310</ele>
        <time>2026-03-27T13:32:21.820Z</time>
      </trkpt>
      <trkpt lat="38.741425" lon="-0.071471">
        <ele>284.677523</ele>
        <time>2026-03-27T13:32:50.860Z</time>
      </trkpt>
      <trkpt lat="38.741396" lon="-0.071496">
        <ele>284.860563</ele>
        <time>2026-03-27T13:32:52.149Z</time>
      </trkpt>
      <trkpt lat="38.741151" lon="-0.071743">
        <ele>286.493041</ele>
        <time>2026-03-27T13:33:03.481Z</time>
      </trkpt>
      <trkpt lat="38.740806" lon="-0.072097">
        <ele>288.807542</ele>
        <time>2026-03-27T13:33:19.383Z</time>
      </trkpt>
      <trkpt lat="38.740646" lon="-0.072218">
        <ele>289.780517</ele>
        <time>2026-03-27T13:33:25.962Z</time>
      </trkpt>
      <trkpt lat="38.740122" lon="-0.072290">
        <ele>292.499830</ele>
        <time>2026-03-27T13:33:44.296Z</time>
      </trkpt>
      <trkpt lat="38.739388" lon="-0.072343">
        <ele>296.288963</ele>
        <time>2026-03-27T13:34:08.822Z</time>
      </trkpt>
      <trkpt lat="38.739337" lon="-0.072347">
        <ele>296.552315</ele>
        <time>2026-03-27T13:34:10.590Z</time>
      </trkpt>
      <trkpt lat="38.739213" lon="-0.072359">
        <ele>297.193247</ele>
        <time>2026-03-27T13:34:15.047Z</time>
      </trkpt>
      <trkpt lat="38.738957" lon="-0.072379">
        <ele>298.515154</ele>
        <time>2026-03-27T13:34:24.730Z</time>
      </trkpt>
      <trkpt lat="38.738692" lon="-0.072404">
        <ele>300.116666</ele>
        <time>2026-03-27T13:34:35.240Z</time>
      </trkpt>
      <trkpt lat="38.738174" lon="-0.072448">
        <ele>303.760770</ele>
        <time>2026-03-27T13:34:55.682Z</time>
      </trkpt>
      <trkpt lat="38.737997" lon="-0.072432">
        <ele>305.006316</ele>
        <time>2026-03-27T13:35:02.457Z</time>
      </trkpt>
      <trkpt lat="38.737896" lon="-0.072385">
        <ele>305.760551</ele>
        <time>2026-03-27T13:35:07.261Z</time>
      </trkpt>
      <trkpt lat="38.737849" lon="-0.072360">
        <ele>306.117741</ele>
        <time>2026-03-27T13:35:09.623Z</time>
      </trkpt>
      <trkpt lat="38.737581" lon="-0.072211">
        <ele>308.168265</ele>
        <time>2026-03-27T13:35:24.299Z</time>
      </trkpt>
      <trkpt lat="38.737482" lon="-0.072098">
        <ele>309.098723</ele>
        <time>2026-03-27T13:35:31.481Z</time>
      </trkpt>
      <trkpt lat="38.737447" lon="-0.072007">
        <ele>309.654264</ele>
        <time>2026-03-27T13:35:35.735Z</time>
      </trkpt>
      <trkpt lat="38.737424" lon="-0.071799">
        <ele>310.804535</ele>
        <time>2026-03-27T13:35:43.983Z</time>
      </trkpt>
      <trkpt lat="38.737430" lon="-0.071494">
        <ele>312.205155</ele>
        <time>2026-03-27T13:35:54.947Z</time>
      </trkpt>
      <trkpt lat="38.737479" lon="-0.071243">
        <ele>312.990485</ele>
        <time>2026-03-27T13:36:03.228Z</time>
      </trkpt>
      <trkpt lat="38.737591" lon="-0.070741">
        <ele>314.575251</ele>
        <time>2026-03-27T13:36:16.304Z</time>
      </trkpt>
      <trkpt lat="38.737600" lon="-0.070546">
        <ele>315.168147</ele>
        <time>2026-03-27T13:36:20.715Z</time>
      </trkpt>
      <trkpt lat="38.737546" lon="-0.070157">
        <ele>316.367386</ele>
        <time>2026-03-27T13:36:29.883Z</time>
      </trkpt>
      <trkpt lat="38.737320" lon="-0.069370">
        <ele>318.912654</ele>
        <time>2026-03-27T13:36:44.072Z</time>
      </trkpt>
      <trkpt lat="38.737170" lon="-0.068884">
        <ele>320.493257</ele>
        <time>2026-03-27T13:36:50.746Z</time>
      </trkpt>
      <trkpt lat="38.737027" lon="-0.068628">
        <ele>321.445478</ele>
        <time>2026-03-27T13:36:55.919Z</time>
      </trkpt>
      <trkpt lat="38.736900" lon="-0.068509">
        <ele>322.055350</ele>
        <time>2026-03-27T13:36:59.970Z</time>
      </trkpt>
      <trkpt lat="38.736644" lon="-0.068332">
        <ele>323.182998</ele>
        <time>2026-03-27T13:37:08.804Z</time>
      </trkpt>
      <trkpt lat="38.736366" lon="-0.068245">
        <ele>324.292447</ele>
        <time>2026-03-27T13:37:19.203Z</time>
      </trkpt>
      <trkpt lat="38.735853" lon="-0.068291">
        <ele>326.741792</ele>
        <time>2026-03-27T13:37:40.139Z</time>
      </trkpt>
      <trkpt lat="38.735603" lon="-0.068349">
        <ele>328.736026</ele>
        <time>2026-03-27T13:37:52.758Z</time>
      </trkpt>
      <trkpt lat="38.734818" lon="-0.068709">
        <ele>335.280231</ele>
        <time>2026-03-27T13:38:35.845Z</time>
      </trkpt>
      <trkpt lat="38.734509" lon="-0.068990">
        <ele>338.253990</ele>
        <time>2026-03-27T13:38:52.631Z</time>
      </trkpt>
      <trkpt lat="38.734340" lon="-0.068982">
        <ele>339.581449</ele>
        <time>2026-03-27T13:38:59.812Z</time>
      </trkpt>
      <trkpt lat="38.734274" lon="-0.068884">
        <ele>340.227444</ele>
        <time>2026-03-27T13:39:03.871Z</time>
      </trkpt>
      <trkpt lat="38.734125" lon="-0.068516">
        <ele>341.866902</ele>
        <time>2026-03-27T13:39:17.305Z</time>
      </trkpt>
      <trkpt lat="38.733828" lon="-0.068145">
        <ele>343.968943</ele>
        <time>2026-03-27T13:39:33.074Z</time>
      </trkpt>
      <trkpt lat="38.733694" lon="-0.068048">
        <ele>344.749002</ele>
        <time>2026-03-27T13:39:37.973Z</time>
      </trkpt>
      <trkpt lat="38.733547" lon="-0.067992">
        <ele>345.526353</ele>
        <time>2026-03-27T13:39:42.312Z</time>
      </trkpt>
      <trkpt lat="38.733372" lon="-0.067989">
        <ele>346.413511</ele>
        <time>2026-03-27T13:39:47.226Z</time>
      </trkpt>
      <trkpt lat="38.732823" lon="-0.068227">
        <ele>349.303229</ele>
        <time>2026-03-27T13:40:04.870Z</time>
      </trkpt>
      <trkpt lat="38.732706" lon="-0.068222">
        <ele>349.792681</ele>
        <time>2026-03-27T13:40:08.981Z</time>
      </trkpt>
      <trkpt lat="38.732638" lon="-0.068116">
        <ele>350.240291</ele>
        <time>2026-03-27T13:40:12.779Z</time>
      </trkpt>
      <trkpt lat="38.732458" lon="-0.067574">
        <ele>352.161564</ele>
        <time>2026-03-27T13:40:28.375Z</time>
      </trkpt>
      <trkpt lat="38.732397" lon="-0.067430">
        <ele>352.696004</ele>
        <time>2026-03-27T13:40:32.455Z</time>
      </trkpt>
      <trkpt lat="38.732330" lon="-0.067339">
        <ele>353.104124</ele>
        <time>2026-03-27T13:40:35.565Z</time>
      </trkpt>
      <trkpt lat="38.732031" lon="-0.067108">
        <ele>354.563730</ele>
        <time>2026-03-27T13:40:45.886Z</time>
      </trkpt>
      <trkpt lat="38.731957" lon="-0.067023">
        <ele>354.979161</ele>
        <time>2026-03-27T13:40:48.649Z</time>
      </trkpt>
      <trkpt lat="38.731681" lon="-0.066517">
        <ele>357.105078</ele>
        <time>2026-03-27T13:41:03.077Z</time>
      </trkpt>
      <trkpt lat="38.731497" lon="-0.066296">
        <ele>358.458241</ele>
        <time>2026-03-27T13:41:11.409Z</time>
      </trkpt>
      <trkpt lat="38.730759" lon="-0.065725">
        <ele>363.084276</ele>
        <time>2026-03-27T13:41:40.411Z</time>
      </trkpt>
      <trkpt lat="38.730329" lon="-0.065534">
        <ele>365.526522</ele>
        <time>2026-03-27T13:41:58.932Z</time>
      </trkpt>
      <trkpt lat="38.730237" lon="-0.065526">
        <ele>366.021384</ele>
        <time>2026-03-27T13:42:02.996Z</time>
      </trkpt>
      <trkpt lat="38.730173" lon="-0.065556">
        <ele>366.465811</ele>
        <time>2026-03-27T13:42:05.901Z</time>
      </trkpt>
      <trkpt lat="38.730107" lon="-0.065659">
        <ele>367.344326</ele>
        <time>2026-03-27T13:42:10.659Z</time>
      </trkpt>
      <trkpt lat="38.730105" lon="-0.065772">
        <ele>368.089287</ele>
        <time>2026-03-27T13:42:14.649Z</time>
      </trkpt>
      <trkpt lat="38.730133" lon="-0.065855">
        <ele>368.685289</ele>
        <time>2026-03-27T13:42:17.950Z</time>
      </trkpt>
      <trkpt lat="38.730505" lon="-0.066380">
        <ele>373.359795</ele>
        <time>2026-03-27T13:42:44.965Z</time>
      </trkpt>
      <trkpt lat="38.730602" lon="-0.066572">
        <ele>374.867431</ele>
        <time>2026-03-27T13:42:54.332Z</time>
      </trkpt>
      <trkpt lat="38.730894" lon="-0.068135">
        <ele>384.723091</ele>
        <time>2026-03-27T13:43:58.661Z</time>
      </trkpt>
      <trkpt lat="38.730876" lon="-0.068322">
        <ele>385.736878</ele>
        <time>2026-03-27T13:44:05.990Z</time>
      </trkpt>
      <trkpt lat="38.730808" lon="-0.068530">
        <ele>386.950332</ele>
        <time>2026-03-27T13:44:14.215Z</time>
      </trkpt>
      <trkpt lat="38.730636" lon="-0.068898">
        <ele>389.258562</ele>
        <time>2026-03-27T13:44:28.167Z</time>
      </trkpt>
      <trkpt lat="38.730415" lon="-0.069283">
        <ele>391.830457</ele>
        <time>2026-03-27T13:44:41.412Z</time>
      </trkpt>
      <trkpt lat="38.730410" lon="-0.069349">
        <ele>392.187244</ele>
        <time>2026-03-27T13:44:43.129Z</time>
      </trkpt>
      <trkpt lat="38.730436" lon="-0.069413">
        <ele>392.575496</ele>
        <time>2026-03-27T13:44:45.024Z</time>
      </trkpt>
      <trkpt lat="38.730540" lon="-0.069469">
        <ele>393.353527</ele>
        <time>2026-03-27T13:44:48.766Z</time>
      </trkpt>
      <trkpt lat="38.730825" lon="-0.069378">
        <ele>394.572206</ele>
        <time>2026-03-27T13:44:58.384Z</time>
      </trkpt>
      <trkpt lat="38.731148" lon="-0.069348">
        <ele>395.625467</ele>
        <time>2026-03-27T13:45:08.526Z</time>
      </trkpt>
      <trkpt lat="38.731346" lon="-0.069376">
        <ele>396.273337</ele>
        <time>2026-03-27T13:45:14.470Z</time>
      </trkpt>
      <trkpt lat="38.731462" lon="-0.069428">
        <ele>396.673012</ele>
        <time>2026-03-27T13:45:17.707Z</time>
      </trkpt>
      <trkpt lat="38.731557" lon="-0.069540">
        <ele>397.092784</ele>
        <time>2026-03-27T13:45:20.789Z</time>
      </trkpt>
      <trkpt lat="38.731682" lon="-0.069774">
        <ele>397.812323</ele>
        <time>2026-03-27T13:45:25.677Z</time>
      </trkpt>
      <trkpt lat="38.731839" lon="-0.070364">
        <ele>399.393907</ele>
        <time>2026-03-27T13:45:36.003Z</time>
      </trkpt>
      <trkpt lat="38.731867" lon="-0.070425">
        <ele>399.573475</ele>
        <time>2026-03-27T13:45:37.256Z</time>
      </trkpt>
      <trkpt lat="38.731942" lon="-0.070474">
        <ele>399.903037</ele>
        <time>2026-03-27T13:45:39.463Z</time>
      </trkpt>
      <trkpt lat="38.732060" lon="-0.070443">
        <ele>400.445072</ele>
        <time>2026-03-27T13:45:42.848Z</time>
      </trkpt>
      <trkpt lat="38.732563" lon="-0.070018">
        <ele>403.156007</ele>
        <time>2026-03-27T13:46:03.475Z</time>
      </trkpt>
      <trkpt lat="38.732638" lon="-0.070000">
        <ele>403.499371</ele>
        <time>2026-03-27T13:46:06.386Z</time>
      </trkpt>
      <trkpt lat="38.732704" lon="-0.070019">
        <ele>403.803767</ele>
        <time>2026-03-27T13:46:08.731Z</time>
      </trkpt>
      <trkpt lat="38.732759" lon="-0.070074">
        <ele>404.117664</ele>
        <time>2026-03-27T13:46:11.296Z</time>
      </trkpt>
      <trkpt lat="38.732802" lon="-0.070178">
        <ele>404.530847</ele>
        <time>2026-03-27T13:46:14.297Z</time>
      </trkpt>
      <trkpt lat="38.733019" lon="-0.071056">
        <ele>407.763898</ele>
        <time>2026-03-27T13:46:39.256Z</time>
      </trkpt>
      <trkpt lat="38.733063" lon="-0.071157">
        <ele>408.250406</ele>
        <time>2026-03-27T13:46:41.988Z</time>
      </trkpt>
      <trkpt lat="38.733668" lon="-0.071599">
        <ele>412.057357</ele>
        <time>2026-03-27T13:47:07.100Z</time>
      </trkpt>
      <trkpt lat="38.733773" lon="-0.071626">
        <ele>412.642827</ele>
        <time>2026-03-27T13:47:11.199Z</time>
      </trkpt>
      <trkpt lat="38.734110" lon="-0.071615">
        <ele>414.485803</ele>
        <time>2026-03-27T13:47:23.840Z</time>
      </trkpt>
      <trkpt lat="38.734226" lon="-0.071652">
        <ele>415.139310</ele>
        <time>2026-03-27T13:47:28.101Z</time>
      </trkpt>
      <trkpt lat="38.734277" lon="-0.071698">
        <ele>415.480223</ele>
        <time>2026-03-27T13:47:30.368Z</time>
      </trkpt>
      <trkpt lat="38.734344" lon="-0.071827">
        <ele>416.141139</ele>
        <time>2026-03-27T13:47:34.830Z</time>
      </trkpt>
      <trkpt lat="38.734519" lon="-0.072716">
        <ele>419.684157</ele>
        <time>2026-03-27T13:48:01.837Z</time>
      </trkpt>
      <trkpt lat="38.734723" lon="-0.073195">
        <ele>421.658857</ele>
        <time>2026-03-27T13:48:21.891Z</time>
      </trkpt>
      <trkpt lat="38.734794" lon="-0.073496">
        <ele>422.796693</ele>
        <time>2026-03-27T13:48:30.781Z</time>
      </trkpt>
      <trkpt lat="38.734816" lon="-0.073803">
        <ele>423.912209</ele>
        <time>2026-03-27T13:48:37.957Z</time>
      </trkpt>
      <trkpt lat="38.734803" lon="-0.073969">
        <ele>424.515877</ele>
        <time>2026-03-27T13:48:41.097Z</time>
      </trkpt>
      <trkpt lat="38.734735" lon="-0.074191">
        <ele>425.378866</ele>
        <time>2026-03-27T13:48:44.781Z</time>
      </trkpt>
      <trkpt lat="38.734640" lon="-0.074309">
        <ele>425.987323</ele>
        <time>2026-03-27T13:48:47.139Z</time>
      </trkpt>
      <trkpt lat="38.733741" lon="-0.074901">
        <ele>429.490671</ele>
        <time>2026-03-27T13:49:05.156Z</time>
      </trkpt>
      <trkpt lat="38.733354" lon="-0.075052">
        <ele>430.892912</ele>
        <time>2026-03-27T13:49:17.529Z</time>
      </trkpt>
      <trkpt lat="38.733212" lon="-0.075078">
        <ele>431.390131</ele>
        <time>2026-03-27T13:49:23.108Z</time>
      </trkpt>
      <trkpt lat="38.732870" lon="-0.075006">
        <ele>433.383263</ele>
        <time>2026-03-27T13:49:38.981Z</time>
      </trkpt>
      <trkpt lat="38.732762" lon="-0.074954">
        <ele>434.606391</ele>
        <time>2026-03-27T13:49:45.075Z</time>
      </trkpt>
      <trkpt lat="38.732629" lon="-0.074847">
        <ele>436.271156</ele>
        <time>2026-03-27T13:49:53.902Z</time>
      </trkpt>
      <trkpt lat="38.732438" lon="-0.074556">
        <ele>439.416447</ele>
        <time>2026-03-27T13:50:12.251Z</time>
      </trkpt>
      <trkpt lat="38.732128" lon="-0.073994">
        <ele>445.109083</ele>
        <time>2026-03-27T13:50:48.509Z</time>
      </trkpt>
      <trkpt lat="38.732040" lon="-0.073933">
        <ele>446.169736</ele>
        <time>2026-03-27T13:50:55.146Z</time>
      </trkpt>
      <trkpt lat="38.731941" lon="-0.073968">
        <ele>447.258530</ele>
        <time>2026-03-27T13:51:01.633Z</time>
      </trkpt>
      <trkpt lat="38.731707" lon="-0.074205">
        <ele>450.420318</ele>
        <time>2026-03-27T13:51:19.006Z</time>
      </trkpt>
      <trkpt lat="38.731229" lon="-0.074468">
        <ele>454.947621</ele>
        <time>2026-03-27T13:51:45.565Z</time>
      </trkpt>
      <trkpt lat="38.731050" lon="-0.074635">
        <ele>456.797247</ele>
        <time>2026-03-27T13:51:55.901Z</time>
      </trkpt>
      <trkpt lat="38.731026" lon="-0.074759">
        <ele>457.629910</ele>
        <time>2026-03-27T13:52:00.480Z</time>
      </trkpt>
      <trkpt lat="38.731050" lon="-0.074885">
        <ele>458.475230</ele>
        <time>2026-03-27T13:52:05.120Z</time>
      </trkpt>
      <trkpt lat="38.731288" lon="-0.075149">
        <ele>461.104724</ele>
        <time>2026-03-27T13:52:19.932Z</time>
      </trkpt>
      <trkpt lat="38.731318" lon="-0.075286">
        <ele>462.032119</ele>
        <time>2026-03-27T13:52:25.202Z</time>
      </trkpt>
      <trkpt lat="38.731274" lon="-0.075387">
        <ele>462.786066</ele>
        <time>2026-03-27T13:52:29.355Z</time>
      </trkpt>
      <trkpt lat="38.731031" lon="-0.075606">
        <ele>465.267776</ele>
        <time>2026-03-27T13:52:42.664Z</time>
      </trkpt>
      <trkpt lat="38.730940" lon="-0.075739">
        <ele>466.425811</ele>
        <time>2026-03-27T13:52:48.797Z</time>
      </trkpt>
      <trkpt lat="38.730881" lon="-0.076115">
        <ele>469.032833</ele>
        <time>2026-03-27T13:53:02.245Z</time>
      </trkpt>
      <trkpt lat="38.730803" lon="-0.076354">
        <ele>470.793860</ele>
        <time>2026-03-27T13:53:10.927Z</time>
      </trkpt>
      <trkpt lat="38.730802" lon="-0.076450">
        <ele>471.446471</ele>
        <time>2026-03-27T13:53:14.011Z</time>
      </trkpt>
      <trkpt lat="38.730979" lon="-0.077125">
        <ele>476.287012</ele>
        <time>2026-03-27T13:53:41.588Z</time>
      </trkpt>
      <trkpt lat="38.731065" lon="-0.077283">
        <ele>477.596596</ele>
        <time>2026-03-27T13:53:50.340Z</time>
      </trkpt>
      <trkpt lat="38.731339" lon="-0.077570">
        <ele>480.679794</ele>
        <time>2026-03-27T13:54:10.182Z</time>
      </trkpt>
      <trkpt lat="38.731370" lon="-0.077661">
        <ele>481.354763</ele>
        <time>2026-03-27T13:54:14.332Z</time>
      </trkpt>
      <trkpt lat="38.731372" lon="-0.077785">
        <ele>482.176087</ele>
        <time>2026-03-27T13:54:19.468Z</time>
      </trkpt>
      <trkpt lat="38.731330" lon="-0.077891">
        <ele>482.905027</ele>
        <time>2026-03-27T13:54:24.476Z</time>
      </trkpt>
      <trkpt lat="38.731257" lon="-0.077936">
        <ele>483.541674</ele>
        <time>2026-03-27T13:54:28.934Z</time>
      </trkpt>
      <trkpt lat="38.731171" lon="-0.077945">
        <ele>484.219854</ele>
        <time>2026-03-27T13:54:33.661Z</time>
      </trkpt>
      <trkpt lat="38.731075" lon="-0.077901">
        <ele>485.021160</ele>
        <time>2026-03-27T13:54:39.074Z</time>
      </trkpt>
      <trkpt lat="38.730889" lon="-0.077658">
        <ele>487.108488</ele>
        <time>2026-03-27T13:54:52.636Z</time>
      </trkpt>
      <trkpt lat="38.730422" lon="-0.076954">
        <ele>492.774515</ele>
        <time>2026-03-27T13:55:27.909Z</time>
      </trkpt>
      <trkpt lat="38.730154" lon="-0.076244">
        <ele>497.405427</ele>
        <time>2026-03-27T13:55:48.350Z</time>
      </trkpt>
      <trkpt lat="38.730138" lon="-0.076087">
        <ele>498.243250</ele>
        <time>2026-03-27T13:55:52.363Z</time>
      </trkpt>
      <trkpt lat="38.730146" lon="-0.075737">
        <ele>500.096068</ele>
        <time>2026-03-27T13:56:01.567Z</time>
      </trkpt>
      <trkpt lat="38.730060" lon="-0.075416">
        <ele>501.892018</ele>
        <time>2026-03-27T13:56:11.090Z</time>
      </trkpt>
      <trkpt lat="38.729340" lon="-0.073926">
        <ele>511.324771</ele>
        <time>2026-03-27T13:57:17.720Z</time>
      </trkpt>
      <trkpt lat="38.729008" lon="-0.073504">
        <ele>514.672164</ele>
        <time>2026-03-27T13:57:37.148Z</time>
      </trkpt>
      <trkpt lat="38.728783" lon="-0.073376">
        <ele>516.434555</ele>
        <time>2026-03-27T13:57:46.284Z</time>
      </trkpt>
      <trkpt lat="38.728709" lon="-0.073296">
        <ele>517.127616</ele>
        <time>2026-03-27T13:57:50.070Z</time>
      </trkpt>
      <trkpt lat="38.728445" lon="-0.072229">
        <ele>524.295282</ele>
        <time>2026-03-27T13:58:27.511Z</time>
      </trkpt>
      <trkpt lat="38.728185" lon="-0.071644">
        <ele>529.628624</ele>
        <time>2026-03-27T13:58:52.883Z</time>
      </trkpt>
      <trkpt lat="38.727770" lon="-0.071079">
        <ele>535.775902</ele>
        <time>2026-03-27T13:59:28.667Z</time>
      </trkpt>
      <trkpt lat="38.727355" lon="-0.070335">
        <ele>543.039140</ele>
        <time>2026-03-27T14:00:20.402Z</time>
      </trkpt>
      <trkpt lat="38.727270" lon="-0.070224">
        <ele>544.277495</ele>
        <time>2026-03-27T14:00:28.677Z</time>
      </trkpt>
      <trkpt lat="38.727014" lon="-0.070103">
        <ele>547.062080</ele>
        <time>2026-03-27T14:00:45.873Z</time>
      </trkpt>
      <trkpt lat="38.726678" lon="-0.070067">
        <ele>550.503113</ele>
        <time>2026-03-27T14:01:03.123Z</time>
      </trkpt>
      <trkpt lat="38.726561" lon="-0.069976">
        <ele>551.899786</ele>
        <time>2026-03-27T14:01:09.623Z</time>
      </trkpt>
      <trkpt lat="38.726540" lon="-0.069833">
        <ele>553.058318</ele>
        <time>2026-03-27T14:01:14.947Z</time>
      </trkpt>
      <trkpt lat="38.726701" lon="-0.069370">
        <ele>557.094234</ele>
        <time>2026-03-27T14:01:33.743Z</time>
      </trkpt>
      <trkpt lat="38.726738" lon="-0.069206">
        <ele>558.217477</ele>
        <time>2026-03-27T14:01:39.743Z</time>
      </trkpt>
      <trkpt lat="38.726731" lon="-0.069071">
        <ele>558.899393</ele>
        <time>2026-03-27T14:01:44.348Z</time>
      </trkpt>
      <trkpt lat="38.726665" lon="-0.068854">
        <ele>560.073276</ele>
        <time>2026-03-27T14:01:52.093Z</time>
      </trkpt>
      <trkpt lat="38.726522" lon="-0.068512">
        <ele>562.028965</ele>
        <time>2026-03-27T14:02:04.659Z</time>
      </trkpt>
      <trkpt lat="38.726426" lon="-0.068376">
        <ele>562.953364</ele>
        <time>2026-03-27T14:02:10.521Z</time>
      </trkpt>
      <trkpt lat="38.726287" lon="-0.068257">
        <ele>564.033252</ele>
        <time>2026-03-27T14:02:17.409Z</time>
      </trkpt>
      <trkpt lat="38.726021" lon="-0.068104">
        <ele>565.916841</ele>
        <time>2026-03-27T14:02:29.472Z</time>
      </trkpt>
      <trkpt lat="38.725750" lon="-0.067738">
        <ele>568.460114</ele>
        <time>2026-03-27T14:02:46.386Z</time>
      </trkpt>
      <trkpt lat="38.725725" lon="-0.067598">
        <ele>569.183987</ele>
        <time>2026-03-27T14:02:50.603Z</time>
      </trkpt>
      <trkpt lat="38.725758" lon="-0.067048">
        <ele>571.169945</ele>
        <time>2026-03-27T14:03:04.184Z</time>
      </trkpt>
      <trkpt lat="38.725752" lon="-0.066748">
        <ele>572.208307</ele>
        <time>2026-03-27T14:03:10.009Z</time>
      </trkpt>
      <trkpt lat="38.725701" lon="-0.066448">
        <ele>573.270686</ele>
        <time>2026-03-27T14:03:15.299Z</time>
      </trkpt>
      <trkpt lat="38.725586" lon="-0.066058">
        <ele>574.713287</ele>
        <time>2026-03-27T14:03:23.253Z</time>
      </trkpt>
      <trkpt lat="38.725292" lon="-0.065379">
        <ele>577.400273</ele>
        <time>2026-03-27T14:03:44.532Z</time>
      </trkpt>
      <trkpt lat="38.724830" lon="-0.064911">
        <ele>581.442880</ele>
        <time>2026-03-27T14:04:13.093Z</time>
      </trkpt>
      <trkpt lat="38.724594" lon="-0.064576">
        <ele>583.862846</ele>
        <time>2026-03-27T14:04:30.777Z</time>
      </trkpt>
      <trkpt lat="38.724458" lon="-0.064339">
        <ele>585.440212</ele>
        <time>2026-03-27T14:04:41.932Z</time>
      </trkpt>
      <trkpt lat="38.724438" lon="-0.064223">
        <ele>586.077144</ele>
        <time>2026-03-27T14:04:46.251Z</time>
      </trkpt>
      <trkpt lat="38.724452" lon="-0.064120">
        <ele>586.637690</ele>
        <time>2026-03-27T14:04:49.850Z</time>
      </trkpt>
      <trkpt lat="38.724647" lon="-0.063289">
        <ele>590.468334</ele>
        <time>2026-03-27T14:05:13.416Z</time>
      </trkpt>
      <trkpt lat="38.724683" lon="-0.063015">
        <ele>591.153505</ele>
        <time>2026-03-27T14:05:19.243Z</time>
      </trkpt>
      <trkpt lat="38.724555" lon="-0.062115">
        <ele>593.409393</ele>
        <time>2026-03-27T14:05:38.835Z</time>
      </trkpt>
      <trkpt lat="38.724570" lon="-0.061205">
        <ele>595.629868</ele>
        <time>2026-03-27T14:05:56.085Z</time>
      </trkpt>
      <trkpt lat="38.724602" lon="-0.061050">
        <ele>595.977887</ele>
        <time>2026-03-27T14:05:58.544Z</time>
      </trkpt>
      <trkpt lat="38.724737" lon="-0.060715">
        <ele>596.796306</ele>
        <time>2026-03-27T14:06:03.871Z</time>
      </trkpt>
      <trkpt lat="38.725124" lon="-0.060218">
        <ele>598.320466</ele>
        <time>2026-03-27T14:06:15.506Z</time>
      </trkpt>
      <trkpt lat="38.725156" lon="-0.060067">
        <ele>598.660098</ele>
        <time>2026-03-27T14:06:18.597Z</time>
      </trkpt>
      <trkpt lat="38.725128" lon="-0.059573">
        <ele>599.735180</ele>
        <time>2026-03-27T14:06:31.029Z</time>
      </trkpt>
      <trkpt lat="38.724956" lon="-0.059000">
        <ele>601.767297</ele>
        <time>2026-03-27T14:06:47.411Z</time>
      </trkpt>
      <trkpt lat="38.724870" lon="-0.058752">
        <ele>603.031769</ele>
        <time>2026-03-27T14:06:54.473Z</time>
      </trkpt>
      <trkpt lat="38.724683" lon="-0.058545">
        <ele>604.507350</ele>
        <time>2026-03-27T14:07:03.177Z</time>
      </trkpt>
      <trkpt lat="38.724650" lon="-0.058484">
        <ele>604.853203</ele>
        <time>2026-03-27T14:07:05.373Z</time>
      </trkpt>
      <trkpt lat="38.724633" lon="-0.058353">
        <ele>605.471940</ele>
        <time>2026-03-27T14:07:09.402Z</time>
      </trkpt>
      <trkpt lat="38.724669" lon="-0.058191">
        <ele>606.256747</ele>
        <time>2026-03-27T14:07:14.636Z</time>
      </trkpt>
      <trkpt lat="38.724773" lon="-0.057977">
        <ele>607.431433</ele>
        <time>2026-03-27T14:07:22.580Z</time>
      </trkpt>
      <trkpt lat="38.724794" lon="-0.057938">
        <ele>607.652218</ele>
        <time>2026-03-27T14:07:24.179Z</time>
      </trkpt>
      <trkpt lat="38.724859" lon="-0.057805">
        <ele>608.383432</ele>
        <time>2026-03-27T14:07:30.003Z</time>
      </trkpt>
      <trkpt lat="38.724923" lon="-0.057580">
        <ele>609.499244</ele>
        <time>2026-03-27T14:07:40.440Z</time>
      </trkpt>
      <trkpt lat="38.724977" lon="-0.057277">
        <ele>610.947331</ele>
        <time>2026-03-27T14:07:51.399Z</time>
      </trkpt>
      <trkpt lat="38.724985" lon="-0.057101">
        <ele>611.788816</ele>
        <time>2026-03-27T14:07:55.991Z</time>
      </trkpt>
      <trkpt lat="38.724959" lon="-0.056831">
        <ele>613.101038</ele>
        <time>2026-03-27T14:08:02.626Z</time>
      </trkpt>
      <trkpt lat="38.724882" lon="-0.056572">
        <ele>614.437954</ele>
        <time>2026-03-27T14:08:10.144Z</time>
      </trkpt>
      <trkpt lat="38.724820" lon="-0.056447">
        <ele>615.152427</ele>
        <time>2026-03-27T14:08:14.296Z</time>
      </trkpt>
      <trkpt lat="38.724739" lon="-0.056438">
        <ele>615.655103</ele>
        <time>2026-03-27T14:08:17.815Z</time>
      </trkpt>
      <trkpt lat="38.724706" lon="-0.056495">
        <ele>615.997476</ele>
        <time>2026-03-27T14:08:19.932Z</time>
      </trkpt>
      <trkpt lat="38.724705" lon="-0.056571">
        <ele>616.364114</ele>
        <time>2026-03-27T14:08:22.430Z</time>
      </trkpt>
      <trkpt lat="38.724796" lon="-0.056879">
        <ele>617.952717</ele>
        <time>2026-03-27T14:08:33.832Z</time>
      </trkpt>
      <trkpt lat="38.724808" lon="-0.057029">
        <ele>618.680034</ele>
        <time>2026-03-27T14:08:39.440Z</time>
      </trkpt>
      <trkpt lat="38.724752" lon="-0.057361">
        <ele>620.318434</ele>
        <time>2026-03-27T14:08:51.730Z</time>
      </trkpt>
      <trkpt lat="38.724598" lon="-0.057642">
        <ele>621.974838</ele>
        <time>2026-03-27T14:09:03.210Z</time>
      </trkpt>
      <trkpt lat="38.723791" lon="-0.058674">
        <ele>622.006961</ele>
        <time>2026-03-27T14:09:34.060Z</time>
      </trkpt>
      <trkpt lat="38.723704" lon="-0.058876">
        <ele>621.955027</ele>
        <time>2026-03-27T14:09:36.317Z</time>
      </trkpt>
      <trkpt lat="38.723614" lon="-0.059482">
        <ele>621.816181</ele>
        <time>2026-03-27T14:09:40.832Z</time>
      </trkpt>
      <trkpt lat="38.723591" lon="-0.059595">
        <ele>621.362641</ele>
        <time>2026-03-27T14:09:41.633Z</time>
      </trkpt>
      <trkpt lat="38.723569" lon="-0.059709">
        <ele>620.303919</ele>
        <time>2026-03-27T14:09:42.427Z</time>
      </trkpt>
      <trkpt lat="38.723546" lon="-0.059805">
        <ele>619.398558</ele>
        <time>2026-03-27T14:09:43.098Z</time>
      </trkpt>
      <trkpt lat="38.723341" lon="-0.060859">
        <ele>609.605555</ele>
        <time>2026-03-27T14:09:50.194Z</time>
      </trkpt>
      <trkpt lat="38.723249" lon="-0.061428">
        <ele>604.366810</ele>
        <time>2026-03-27T14:09:53.981Z</time>
      </trkpt>
      <trkpt lat="38.723182" lon="-0.062032">
        <ele>599.585366</ele>
        <time>2026-03-27T14:09:58.011Z</time>
      </trkpt>
      <trkpt lat="38.723086" lon="-0.062294">
        <ele>597.848106</ele>
        <time>2026-03-27T14:09:59.965Z</time>
      </trkpt>
      <trkpt lat="38.722785" lon="-0.062939">
        <ele>593.337258</ele>
        <time>2026-03-27T14:10:05.154Z</time>
      </trkpt>
      <trkpt lat="38.722140" lon="-0.063725">
        <ele>586.607416</ele>
        <time>2026-03-27T14:10:13.447Z</time>
      </trkpt>
      <trkpt lat="38.721993" lon="-0.064015">
        <ele>584.883221</ele>
        <time>2026-03-27T14:10:16.016Z</time>
      </trkpt>
      <trkpt lat="38.721827" lon="-0.064515">
        <ele>582.174086</ele>
        <time>2026-03-27T14:10:19.996Z</time>
      </trkpt>
      <trkpt lat="38.721767" lon="-0.064618">
        <ele>581.533217</ele>
        <time>2026-03-27T14:10:20.926Z</time>
      </trkpt>
      <trkpt lat="38.721577" lon="-0.064751">
        <ele>580.149795</ele>
        <time>2026-03-27T14:10:22.921Z</time>
      </trkpt>
      <trkpt lat="38.721168" lon="-0.064871">
        <ele>577.468570</ele>
        <time>2026-03-27T14:10:26.705Z</time>
      </trkpt>
      <trkpt lat="38.720615" lon="-0.065227">
        <ele>572.431660</ele>
        <time>2026-03-27T14:10:32.115Z</time>
      </trkpt>
      <trkpt lat="38.720415" lon="-0.065408">
        <ele>570.087428</ele>
        <time>2026-03-27T14:10:34.213Z</time>
      </trkpt>
      <trkpt lat="38.719830" lon="-0.066187">
        <ele>562.010245</ele>
        <time>2026-03-27T14:10:41.470Z</time>
      </trkpt>
      <trkpt lat="38.719728" lon="-0.066523">
        <ele>559.316863</ele>
        <time>2026-03-27T14:10:43.884Z</time>
      </trkpt>
      <trkpt lat="38.719734" lon="-0.067264">
        <ele>554.409917</ele>
        <time>2026-03-27T14:10:48.883Z</time>
      </trkpt>
      <trkpt lat="38.719711" lon="-0.067450">
        <ele>553.192011</ele>
        <time>2026-03-27T14:10:50.167Z</time>
      </trkpt>
      <trkpt lat="38.719428" lon="-0.068382">
        <ele>546.724219</ele>
        <time>2026-03-27T14:10:57.067Z</time>
      </trkpt>
      <trkpt lat="38.718921" lon="-0.069410">
        <ele>540.011945</ele>
        <time>2026-03-27T14:11:05.578Z</time>
      </trkpt>
      <trkpt lat="38.718723" lon="-0.069908">
        <ele>537.284586</ele>
        <time>2026-03-27T14:11:09.483Z</time>
      </trkpt>
      <trkpt lat="38.718414" lon="-0.070383">
        <ele>534.266828</ele>
        <time>2026-03-27T14:11:13.924Z</time>
      </trkpt>
      <trkpt lat="38.718296" lon="-0.070742">
        <ele>532.365942</ele>
        <time>2026-03-27T14:11:16.825Z</time>
      </trkpt>
      <trkpt lat="38.718289" lon="-0.070962">
        <ele>531.637883</ele>
        <time>2026-03-27T14:11:18.488Z</time>
      </trkpt>
      <trkpt lat="38.718613" lon="-0.071759">
        <ele>528.749124</ele>
        <time>2026-03-27T14:11:25.310Z</time>
      </trkpt>
      <trkpt lat="38.718632" lon="-0.071943">
        <ele>528.152519</ele>
        <time>2026-03-27T14:11:26.750Z</time>
      </trkpt>
      <trkpt lat="38.718569" lon="-0.072076">
        <ele>527.652386</ele>
        <time>2026-03-27T14:11:27.965Z</time>
      </trkpt>
      <trkpt lat="38.718054" lon="-0.072730">
        <ele>524.745422</ele>
        <time>2026-03-27T14:11:35.093Z</time>
      </trkpt>
      <trkpt lat="38.717920" lon="-0.072979">
        <ele>524.109428</ele>
        <time>2026-03-27T14:11:37.358Z</time>
      </trkpt>
      <trkpt lat="38.717874" lon="-0.073192">
        <ele>523.644742</ele>
        <time>2026-03-27T14:11:38.998Z</time>
      </trkpt>
      <trkpt lat="38.717864" lon="-0.073583">
        <ele>522.822196</ele>
        <time>2026-03-27T14:11:41.983Z</time>
      </trkpt>
      <trkpt lat="38.717684" lon="-0.073967">
        <ele>521.880304</ele>
        <time>2026-03-27T14:11:45.694Z</time>
      </trkpt>
      <trkpt lat="38.717575" lon="-0.074319">
        <ele>521.084040</ele>
        <time>2026-03-27T14:11:49.853Z</time>
      </trkpt>
      <trkpt lat="38.717445" lon="-0.074840">
        <ele>519.866833</ele>
        <time>2026-03-27T14:11:55.689Z</time>
      </trkpt>
      <trkpt lat="38.717418" lon="-0.075000">
        <ele>519.322614</ele>
        <time>2026-03-27T14:11:57.129Z</time>
      </trkpt>
      <trkpt lat="38.717412" lon="-0.075240">
        <ele>518.524324</ele>
        <time>2026-03-27T14:11:59.055Z</time>
      </trkpt>
      <trkpt lat="38.717381" lon="-0.075330">
        <ele>518.197259</ele>
        <time>2026-03-27T14:11:59.812Z</time>
      </trkpt>
      <trkpt lat="38.717187" lon="-0.075538">
        <ele>517.119552</ele>
        <time>2026-03-27T14:12:02.190Z</time>
      </trkpt>
      <trkpt lat="38.717089" lon="-0.075792">
        <ele>516.177524</ele>
        <time>2026-03-27T14:12:04.223Z</time>
      </trkpt>
      <trkpt lat="38.717025" lon="-0.075894">
        <ele>515.742377</ele>
        <time>2026-03-27T14:12:05.159Z</time>
      </trkpt>
      <trkpt lat="38.716883" lon="-0.075930">
        <ele>515.125609</ele>
        <time>2026-03-27T14:12:06.481Z</time>
      </trkpt>
      <trkpt lat="38.716731" lon="-0.075873">
        <ele>514.450803</ele>
        <time>2026-03-27T14:12:07.950Z</time>
      </trkpt>
      <trkpt lat="38.716611" lon="-0.075876">
        <ele>513.939401</ele>
        <time>2026-03-27T14:12:09.067Z</time>
      </trkpt>
      <trkpt lat="38.716474" lon="-0.075967">
        <ele>513.281923</ele>
        <time>2026-03-27T14:12:10.498Z</time>
      </trkpt>
      <trkpt lat="38.716393" lon="-0.076124">
        <ele>512.656182</ele>
        <time>2026-03-27T14:12:11.848Z</time>
      </trkpt>
      <trkpt lat="38.716397" lon="-0.076413">
        <ele>512.618049</ele>
        <time>2026-03-27T14:12:13.929Z</time>
      </trkpt>
      <trkpt lat="38.716442" lon="-0.076640">
        <ele>512.880179</ele>
        <time>2026-03-27T14:12:15.679Z</time>
      </trkpt>
      <trkpt lat="38.716746" lon="-0.077222">
        <ele>513.664037</ele>
        <time>2026-03-27T14:12:23.258Z</time>
      </trkpt>
      <trkpt lat="38.716774" lon="-0.077348">
        <ele>513.810664</ele>
        <time>2026-03-27T14:12:26.235Z</time>
      </trkpt>
      <trkpt lat="38.716773" lon="-0.077468">
        <ele>513.944975</ele>
        <time>2026-03-27T14:12:29.440Z</time>
      </trkpt>
      <trkpt lat="38.716738" lon="-0.077574">
        <ele>514.073795</ele>
        <time>2026-03-27T14:12:32.873Z</time>
      </trkpt>
      <trkpt lat="38.716502" lon="-0.078012">
        <ele>514.669529</ele>
        <time>2026-03-27T14:12:50.718Z</time>
      </trkpt>
      <trkpt lat="38.716204" lon="-0.078874">
        <ele>516.086159</ele>
        <time>2026-03-27T14:13:17.233Z</time>
      </trkpt>
      <trkpt lat="38.716044" lon="-0.079092">
        <ele>516.580606</ele>
        <time>2026-03-27T14:13:22.351Z</time>
      </trkpt>
      <trkpt lat="38.715792" lon="-0.079311">
        <ele>517.225277</ele>
        <time>2026-03-27T14:13:27.983Z</time>
      </trkpt>
      <trkpt lat="38.715685" lon="-0.079359">
        <ele>517.465310</ele>
        <time>2026-03-27T14:13:29.761Z</time>
      </trkpt>
      <trkpt lat="38.715258" lon="-0.079408">
        <ele>518.373034</ele>
        <time>2026-03-27T14:13:35.424Z</time>
      </trkpt>
      <trkpt lat="38.715142" lon="-0.079504">
        <ele>518.665403</ele>
        <time>2026-03-27T14:13:37.310Z</time>
      </trkpt>
      <trkpt lat="38.715001" lon="-0.079869">
        <ele>519.368560</ele>
        <time>2026-03-27T14:13:42.054Z</time>
      </trkpt>
      <trkpt lat="38.714743" lon="-0.080089">
        <ele>520.059916</ele>
        <time>2026-03-27T14:13:48.003Z</time>
      </trkpt>
      <trkpt lat="38.714700" lon="-0.080258">
        <ele>520.369352</ele>
        <time>2026-03-27T14:13:51.315Z</time>
      </trkpt>
      <trkpt lat="38.714738" lon="-0.080395">
        <ele>520.622457</ele>
        <time>2026-03-27T14:13:54.488Z</time>
      </trkpt>
      <trkpt lat="38.715210" lon="-0.080943">
        <ele>522.043323</ele>
        <time>2026-03-27T14:14:15.815Z</time>
      </trkpt>
      <trkpt lat="38.715246" lon="-0.081029">
        <ele>522.213211</ele>
        <time>2026-03-27T14:14:18.396Z</time>
      </trkpt>
      <trkpt lat="38.715227" lon="-0.081219">
        <ele>522.546660</ele>
        <time>2026-03-27T14:14:23.041Z</time>
      </trkpt>
      <trkpt lat="38.715030" lon="-0.081736">
        <ele>521.465935</ele>
        <time>2026-03-27T14:14:33.024Z</time>
      </trkpt>
      <trkpt lat="38.714717" lon="-0.082152">
        <ele>519.721102</ele>
        <time>2026-03-27T14:14:37.616Z</time>
      </trkpt>
      <trkpt lat="38.714551" lon="-0.082474">
        <ele>518.555869</ele>
        <time>2026-03-27T14:14:40.294Z</time>
      </trkpt>
      <trkpt lat="38.713946" lon="-0.082922">
        <ele>515.852147</ele>
        <time>2026-03-27T14:14:46.442Z</time>
      </trkpt>
      <trkpt lat="38.713822" lon="-0.083159">
        <ele>516.388208</ele>
        <time>2026-03-27T14:14:48.473Z</time>
      </trkpt>
      <trkpt lat="38.713777" lon="-0.083381">
        <ele>516.853062</ele>
        <time>2026-03-27T14:14:50.202Z</time>
      </trkpt>
      <trkpt lat="38.713782" lon="-0.083748">
        <ele>517.596964</ele>
        <time>2026-03-27T14:14:53.493Z</time>
      </trkpt>
      <trkpt lat="38.713852" lon="-0.084270">
        <ele>518.670394</ele>
        <time>2026-03-27T14:15:05.531Z</time>
      </trkpt>
      <trkpt lat="38.713827" lon="-0.084922">
        <ele>519.993376</ele>
        <time>2026-03-27T14:15:33.881Z</time>
      </trkpt>
      <trkpt lat="38.713870" lon="-0.085195">
        <ele>520.620031</ele>
        <time>2026-03-27T14:15:45.878Z</time>
      </trkpt>
      <trkpt lat="38.714000" lon="-0.085721">
        <ele>522.913025</ele>
        <time>2026-03-27T14:16:06.368Z</time>
      </trkpt>
      <trkpt lat="38.713996" lon="-0.085865">
        <ele>523.511842</ele>
        <time>2026-03-27T14:16:11.312Z</time>
      </trkpt>
      <trkpt lat="38.713918" lon="-0.086026">
        <ele>524.299408</ele>
        <time>2026-03-27T14:16:17.199Z</time>
      </trkpt>
      <trkpt lat="38.713370" lon="-0.086244">
        <ele>527.355470</ele>
        <time>2026-03-27T14:16:36.095Z</time>
      </trkpt>
      <trkpt lat="38.713205" lon="-0.086439">
        <ele>528.550889</ele>
        <time>2026-03-27T14:16:42.093Z</time>
      </trkpt>
      <trkpt lat="38.713044" lon="-0.086882">
        <ele>530.597307</ele>
        <time>2026-03-27T14:16:49.687Z</time>
      </trkpt>
      <trkpt lat="38.712951" lon="-0.087569">
        <ele>533.584046</ele>
        <time>2026-03-27T14:17:03.208Z</time>
      </trkpt>
      <trkpt lat="38.712886" lon="-0.087847">
        <ele>534.827180</ele>
        <time>2026-03-27T14:17:11.381Z</time>
      </trkpt>
      <trkpt lat="38.712671" lon="-0.088531">
        <ele>537.985914</ele>
        <time>2026-03-27T14:17:37.758Z</time>
      </trkpt>
      <trkpt lat="38.712501" lon="-0.088825">
        <ele>539.553377</ele>
        <time>2026-03-27T14:17:51.355Z</time>
      </trkpt>
      <trkpt lat="38.712457" lon="-0.088929">
        <ele>540.071581</ele>
        <time>2026-03-27T14:17:55.646Z</time>
      </trkpt>
      <trkpt lat="38.712440" lon="-0.089068">
        <ele>540.738196</ele>
        <time>2026-03-27T14:18:00.777Z</time>
      </trkpt>
      <trkpt lat="38.712507" lon="-0.089494">
        <ele>542.797150</ele>
        <time>2026-03-27T14:18:15.746Z</time>
      </trkpt>
      <trkpt lat="38.712489" lon="-0.089687">
        <ele>543.718081</ele>
        <time>2026-03-27T14:18:22.246Z</time>
      </trkpt>
      <trkpt lat="38.712443" lon="-0.089764">
        <ele>544.177547</ele>
        <time>2026-03-27T14:18:25.442Z</time>
      </trkpt>
      <trkpt lat="38.712223" lon="-0.089933">
        <ele>545.734983</ele>
        <time>2026-03-27T14:18:35.819Z</time>
      </trkpt>
      <trkpt lat="38.712050" lon="-0.090128">
        <ele>547.133929</ele>
        <time>2026-03-27T14:18:45.253Z</time>
      </trkpt>
      <trkpt lat="38.711681" lon="-0.090750">
        <ele>550.835967</ele>
        <time>2026-03-27T14:19:05.998Z</time>
      </trkpt>
      <trkpt lat="38.711619" lon="-0.090922">
        <ele>551.142645</ele>
        <time>2026-03-27T14:19:10.319Z</time>
      </trkpt>
      <trkpt lat="38.711637" lon="-0.091061">
        <ele>551.351485</ele>
        <time>2026-03-27T14:19:13.442Z</time>
      </trkpt>
      <trkpt lat="38.711842" lon="-0.091406">
        <ele>551.994218</ele>
        <time>2026-03-27T14:19:22.899Z</time>
      </trkpt>
      <trkpt lat="38.711999" lon="-0.091678">
        <ele>552.495679</ele>
        <time>2026-03-27T14:19:29.965Z</time>
      </trkpt>
      <trkpt lat="38.712199" lon="-0.092222">
        <ele>553.386991</ele>
        <time>2026-03-27T14:19:40.480Z</time>
      </trkpt>
      <trkpt lat="38.712333" lon="-0.092711">
        <ele>554.155161</ele>
        <time>2026-03-27T14:19:46.299Z</time>
      </trkpt>
      <trkpt lat="38.712321" lon="-0.093274">
        <ele>553.404393</ele>
        <time>2026-03-27T14:19:51.210Z</time>
      </trkpt>
      <trkpt lat="38.712306" lon="-0.093425">
        <ele>553.118866</ele>
        <time>2026-03-27T14:19:52.516Z</time>
      </trkpt>
      <trkpt lat="38.712262" lon="-0.093544">
        <ele>552.871857</ele>
        <time>2026-03-27T14:19:53.625Z</time>
      </trkpt>
      <trkpt lat="38.712043" lon="-0.093812">
        <ele>552.143933</ele>
        <time>2026-03-27T14:19:56.856Z</time>
      </trkpt>
      <trkpt lat="38.711896" lon="-0.094127">
        <ele>551.455456</ele>
        <time>2026-03-27T14:19:59.702Z</time>
      </trkpt>
      <trkpt lat="38.711883" lon="-0.094321">
        <ele>551.090215</ele>
        <time>2026-03-27T14:20:01.182Z</time>
      </trkpt>
      <trkpt lat="38.712002" lon="-0.094862">
        <ele>550.035869</ele>
        <time>2026-03-27T14:20:05.475Z</time>
      </trkpt>
      <trkpt lat="38.712080" lon="-0.095805">
        <ele>549.456036</ele>
        <time>2026-03-27T14:20:13.848Z</time>
      </trkpt>
      <trkpt lat="38.712118" lon="-0.095974">
        <ele>549.357547</ele>
        <time>2026-03-27T14:20:15.613Z</time>
      </trkpt>
      <trkpt lat="38.712229" lon="-0.096133">
        <ele>549.238074</ele>
        <time>2026-03-27T14:20:17.654Z</time>
      </trkpt>
      <trkpt lat="38.712561" lon="-0.096330">
        <ele>548.975511</ele>
        <time>2026-03-27T14:20:22.194Z</time>
      </trkpt>
      <trkpt lat="38.712616" lon="-0.096437">
        <ele>548.903760</ele>
        <time>2026-03-27T14:20:23.590Z</time>
      </trkpt>
      <trkpt lat="38.712626" lon="-0.096558">
        <ele>548.835622</ele>
        <time>2026-03-27T14:20:25.118Z</time>
      </trkpt>
      <trkpt lat="38.712588" lon="-0.096679">
        <ele>548.762582</ele>
        <time>2026-03-27T14:20:26.952Z</time>
      </trkpt>
      <trkpt lat="38.712273" lon="-0.097206">
        <ele>548.666127</ele>
        <time>2026-03-27T14:20:40.266Z</time>
      </trkpt>
      <trkpt lat="38.712129" lon="-0.097691">
        <ele>548.656580</ele>
        <time>2026-03-27T14:20:52.684Z</time>
      </trkpt>
      <trkpt lat="38.711861" lon="-0.098172">
        <ele>548.645706</ele>
        <time>2026-03-27T14:21:00.801Z</time>
      </trkpt>
      <trkpt lat="38.711785" lon="-0.098239">
        <ele>548.643532</ele>
        <time>2026-03-27T14:21:01.965Z</time>
      </trkpt>
      <trkpt lat="38.711616" lon="-0.098273">
        <ele>548.639498</ele>
        <time>2026-03-27T14:21:03.891Z</time>
      </trkpt>
      <trkpt lat="38.711529" lon="-0.098245">
        <ele>548.637383</ele>
        <time>2026-03-27T14:21:04.837Z</time>
      </trkpt>
      <trkpt lat="38.711394" lon="-0.098130">
        <ele>548.633561</ele>
        <time>2026-03-27T14:21:06.452Z</time>
      </trkpt>
      <trkpt lat="38.711252" lon="-0.097877">
        <ele>546.206081</ele>
        <time>2026-03-27T14:21:08.735Z</time>
      </trkpt>
      <trkpt lat="38.711045" lon="-0.097307">
        <ele>540.852118</ele>
        <time>2026-03-27T14:21:13.014Z</time>
      </trkpt>
      <trkpt lat="38.710931" lon="-0.096735">
        <ele>535.824682</ele>
        <time>2026-03-27T14:21:16.838Z</time>
      </trkpt>
      <trkpt lat="38.710790" lon="-0.096512">
        <ele>533.380462</ele>
        <time>2026-03-27T14:21:18.690Z</time>
      </trkpt>
      <trkpt lat="38.710707" lon="-0.096450">
        <ele>532.332004</ele>
        <time>2026-03-27T14:21:19.485Z</time>
      </trkpt>
      <trkpt lat="38.710300" lon="-0.096337">
        <ele>528.244852</ele>
        <time>2026-03-27T14:21:22.965Z</time>
      </trkpt>
      <trkpt lat="38.710027" lon="-0.096173">
        <ele>526.192218</ele>
        <time>2026-03-27T14:21:25.526Z</time>
      </trkpt>
      <trkpt lat="38.709913" lon="-0.096154">
        <ele>525.409578</ele>
        <time>2026-03-27T14:21:26.524Z</time>
      </trkpt>
      <trkpt lat="38.709846" lon="-0.096170">
        <ele>524.945595</ele>
        <time>2026-03-27T14:21:27.116Z</time>
      </trkpt>
      <trkpt lat="38.709737" lon="-0.096264">
        <ele>524.051153</ele>
        <time>2026-03-27T14:21:28.276Z</time>
      </trkpt>
      <trkpt lat="38.709698" lon="-0.096337">
        <ele>523.581166</ele>
        <time>2026-03-27T14:21:28.894Z</time>
      </trkpt>
      <trkpt lat="38.709693" lon="-0.096542">
        <ele>522.491593</ele>
        <time>2026-03-27T14:21:30.366Z</time>
      </trkpt>
      <trkpt lat="38.709820" lon="-0.096860">
        <ele>520.593852</ele>
        <time>2026-03-27T14:21:33.090Z</time>
      </trkpt>
      <trkpt lat="38.710034" lon="-0.097571">
        <ele>516.614334</ele>
        <time>2026-03-27T14:21:39.616Z</time>
      </trkpt>
      <trkpt lat="38.710103" lon="-0.097940">
        <ele>515.249279</ele>
        <time>2026-03-27T14:21:42.827Z</time>
      </trkpt>
      <trkpt lat="38.710093" lon="-0.098181">
        <ele>514.381061</ele>
        <time>2026-03-27T14:21:44.751Z</time>
      </trkpt>
      <trkpt lat="38.709975" lon="-0.098571">
        <ele>512.876264</ele>
        <time>2026-03-27T14:21:47.909Z</time>
      </trkpt>
      <trkpt lat="38.709901" lon="-0.098688">
        <ele>512.334460</ele>
        <time>2026-03-27T14:21:49.016Z</time>
      </trkpt>
      <trkpt lat="38.709824" lon="-0.098729">
        <ele>511.950047</ele>
        <time>2026-03-27T14:21:49.787Z</time>
      </trkpt>
      <trkpt lat="38.709319" lon="-0.098806">
        <ele>509.605441</ele>
        <time>2026-03-27T14:21:54.444Z</time>
      </trkpt>
      <trkpt lat="38.709190" lon="-0.098869">
        <ele>508.968995</ele>
        <time>2026-03-27T14:21:55.690Z</time>
      </trkpt>
      <trkpt lat="38.709123" lon="-0.099002">
        <ele>508.399675</ele>
        <time>2026-03-27T14:21:56.810Z</time>
      </trkpt>
      <trkpt lat="38.709015" lon="-0.099419">
        <ele>506.823623</ele>
        <time>2026-03-27T14:21:59.926Z</time>
      </trkpt>
      <trkpt lat="38.708924" lon="-0.099574">
        <ele>506.127834</ele>
        <time>2026-03-27T14:22:01.325Z</time>
      </trkpt>
      <trkpt lat="38.708659" lon="-0.099789">
        <ele>504.686052</ele>
        <time>2026-03-27T14:22:04.337Z</time>
      </trkpt>
      <trkpt lat="38.708361" lon="-0.099942">
        <ele>503.210330</ele>
        <time>2026-03-27T14:22:07.593Z</time>
      </trkpt>
      <trkpt lat="38.708259" lon="-0.100134">
        <ele>502.377146</ele>
        <time>2026-03-27T14:22:09.437Z</time>
      </trkpt>
      <trkpt lat="38.708133" lon="-0.100304">
        <ele>501.536104</ele>
        <time>2026-03-27T14:22:11.284Z</time>
      </trkpt>
      <trkpt lat="38.708030" lon="-0.100406">
        <ele>500.937726</ele>
        <time>2026-03-27T14:22:12.582Z</time>
      </trkpt>
      <trkpt lat="38.707809" lon="-0.100559">
        <ele>499.842046</ele>
        <time>2026-03-27T14:22:15.032Z</time>
      </trkpt>
      <trkpt lat="38.707755" lon="-0.100683">
        <ele>499.405030</ele>
        <time>2026-03-27T14:22:16.075Z</time>
      </trkpt>
      <trkpt lat="38.707732" lon="-0.100963">
        <ele>498.538561</ele>
        <time>2026-03-27T14:22:18.126Z</time>
      </trkpt>
      <trkpt lat="38.707700" lon="-0.101083">
        <ele>498.148290</ele>
        <time>2026-03-27T14:22:19.041Z</time>
      </trkpt>
      <trkpt lat="38.707463" lon="-0.101514">
        <ele>496.525634</ele>
        <time>2026-03-27T14:22:22.924Z</time>
      </trkpt>
      <trkpt lat="38.707379" lon="-0.101601">
        <ele>496.099684</ele>
        <time>2026-03-27T14:22:23.970Z</time>
      </trkpt>
      <trkpt lat="38.707067" lon="-0.101750">
        <ele>494.786551</ele>
        <time>2026-03-27T14:22:27.195Z</time>
      </trkpt>
      <trkpt lat="38.707006" lon="-0.101836">
        <ele>494.428885</ele>
        <time>2026-03-27T14:22:28.080Z</time>
      </trkpt>
      <trkpt lat="38.706985" lon="-0.101965">
        <ele>494.023333</ele>
        <time>2026-03-27T14:22:29.092Z</time>
      </trkpt>
      <trkpt lat="38.707038" lon="-0.102366">
        <ele>493.301689</ele>
        <time>2026-03-27T14:22:32.330Z</time>
      </trkpt>
      <trkpt lat="38.707053" lon="-0.102757">
        <ele>494.013391</ele>
        <time>2026-03-27T14:22:35.731Z</time>
      </trkpt>
      <trkpt lat="38.707125" lon="-0.103005">
        <ele>494.494450</ele>
        <time>2026-03-27T14:22:39.077Z</time>
      </trkpt>
      <trkpt lat="38.707285" lon="-0.103362">
        <ele>495.242906</ele>
        <time>2026-03-27T14:22:49.671Z</time>
      </trkpt>
      <trkpt lat="38.707338" lon="-0.103668">
        <ele>495.812755</ele>
        <time>2026-03-27T14:22:58.046Z</time>
      </trkpt>
      <trkpt lat="38.707348" lon="-0.103984">
        <ele>496.387717</ele>
        <time>2026-03-27T14:23:06.087Z</time>
      </trkpt>
      <trkpt lat="38.707319" lon="-0.104373">
        <ele>497.098141</ele>
        <time>2026-03-27T14:23:15.457Z</time>
      </trkpt>
      <trkpt lat="38.707269" lon="-0.104565">
        <ele>497.895871</ele>
        <time>2026-03-27T14:23:20.241Z</time>
      </trkpt>
      <trkpt lat="38.707203" lon="-0.104658">
        <ele>498.699053</ele>
        <time>2026-03-27T14:23:23.363Z</time>
      </trkpt>
      <trkpt lat="38.706978" lon="-0.104868">
        <ele>500.978123</ele>
        <time>2026-03-27T14:23:33.335Z</time>
      </trkpt>
      <trkpt lat="38.706878" lon="-0.105014">
        <ele>502.219325</ele>
        <time>2026-03-27T14:23:39.575Z</time>
      </trkpt>
      <trkpt lat="38.706623" lon="-0.105539">
        <ele>506.170434</ele>
        <time>2026-03-27T14:24:02.282Z</time>
      </trkpt>
      <trkpt lat="38.706570" lon="-0.105773">
        <ele>507.727248</ele>
        <time>2026-03-27T14:24:10.705Z</time>
      </trkpt>
      <trkpt lat="38.706502" lon="-0.106601">
        <ele>513.750971</ele>
        <time>2026-03-27T14:24:47.370Z</time>
      </trkpt>
      <trkpt lat="38.706414" lon="-0.107083">
        <ele>519.086806</ele>
        <time>2026-03-27T14:25:18.389Z</time>
      </trkpt>
      <trkpt lat="38.706421" lon="-0.107231">
        <ele>520.685044</ele>
        <time>2026-03-27T14:25:28.661Z</time>
      </trkpt>
      <trkpt lat="38.706483" lon="-0.107480">
        <ele>523.502364</ele>
        <time>2026-03-27T14:25:46.559Z</time>
      </trkpt>
      <trkpt lat="38.706477" lon="-0.107651">
        <ele>525.347455</ele>
        <time>2026-03-27T14:25:57.452Z</time>
      </trkpt>
      <trkpt lat="38.706408" lon="-0.107826">
        <ele>527.460911</ele>
        <time>2026-03-27T14:26:09.373Z</time>
      </trkpt>
      <trkpt lat="38.706231" lon="-0.108005">
        <ele>530.575455</ele>
        <time>2026-03-27T14:26:25.960Z</time>
      </trkpt>
      <trkpt lat="38.706145" lon="-0.108187">
        <ele>532.868889</ele>
        <time>2026-03-27T14:26:37.172Z</time>
      </trkpt>
      <trkpt lat="38.706073" lon="-0.108257">
        <ele>534.117263</ele>
        <time>2026-03-27T14:26:42.893Z</time>
      </trkpt>
      <trkpt lat="38.705852" lon="-0.108311">
        <ele>537.093756</ele>
        <time>2026-03-27T14:26:56.429Z</time>
      </trkpt>
      <trkpt lat="38.705745" lon="-0.108300">
        <ele>538.033558</ele>
        <time>2026-03-27T14:27:02.328Z</time>
      </trkpt>
      <trkpt lat="38.705631" lon="-0.108239">
        <ele>539.115154</ele>
        <time>2026-03-27T14:27:08.914Z</time>
      </trkpt>
      <trkpt lat="38.705233" lon="-0.107853">
        <ele>543.485146</ele>
        <time>2026-03-27T14:27:35.360Z</time>
      </trkpt>
      <trkpt lat="38.704740" lon="-0.107466">
        <ele>548.546879</ele>
        <time>2026-03-27T14:28:00.654Z</time>
      </trkpt>
      <trkpt lat="38.704582" lon="-0.107446">
        <ele>549.936913</ele>
        <time>2026-03-27T14:28:07.860Z</time>
      </trkpt>
      <trkpt lat="38.704175" lon="-0.107531">
        <ele>553.479966</ele>
        <time>2026-03-27T14:28:27.026Z</time>
      </trkpt>
      <trkpt lat="38.704041" lon="-0.107504">
        <ele>554.581957</ele>
        <time>2026-03-27T14:28:33.315Z</time>
      </trkpt>
      <trkpt lat="38.703458" lon="-0.107255">
        <ele>559.574404</ele>
        <time>2026-03-27T14:29:01.100Z</time>
      </trkpt>
      <trkpt lat="38.702727" lon="-0.106760">
        <ele>566.291265</ele>
        <time>2026-03-27T14:29:40.807Z</time>
      </trkpt>
      <trkpt lat="38.702147" lon="-0.106623">
        <ele>569.939526</ele>
        <time>2026-03-27T14:30:12.644Z</time>
      </trkpt>
      <trkpt lat="38.701708" lon="-0.106566">
        <ele>572.461730</ele>
        <time>2026-03-27T14:30:31.473Z</time>
      </trkpt>
      <trkpt lat="38.701363" lon="-0.106520">
        <ele>574.444422</ele>
        <time>2026-03-27T14:30:43.546Z</time>
      </trkpt>
      <trkpt lat="38.701233" lon="-0.106441">
        <ele>575.266843</ele>
        <time>2026-03-27T14:30:47.815Z</time>
      </trkpt>
      <trkpt lat="38.701179" lon="-0.106351">
        <ele>575.773266</ele>
        <time>2026-03-27T14:30:50.235Z</time>
      </trkpt>
      <trkpt lat="38.701172" lon="-0.106230">
        <ele>576.314519</ele>
        <time>2026-03-27T14:30:52.950Z</time>
      </trkpt>
      <trkpt lat="38.701204" lon="-0.106136">
        <ele>576.772004</ele>
        <time>2026-03-27T14:30:55.060Z</time>
      </trkpt>
      <trkpt lat="38.701247" lon="-0.106091">
        <ele>577.089353</ele>
        <time>2026-03-27T14:30:56.508Z</time>
      </trkpt>
      <trkpt lat="38.701469" lon="-0.105984">
        <ele>577.921695</ele>
        <time>2026-03-27T14:31:01.123Z</time>
      </trkpt>
      <trkpt lat="38.701511" lon="-0.105883">
        <ele>578.147286</ele>
        <time>2026-03-27T14:31:02.564Z</time>
      </trkpt>
      <trkpt lat="38.701510" lon="-0.105799">
        <ele>578.312886</ele>
        <time>2026-03-27T14:31:03.409Z</time>
      </trkpt>
      <trkpt lat="38.701393" lon="-0.105458">
        <ele>579.047162</ele>
        <time>2026-03-27T14:31:07.256Z</time>
      </trkpt>
      <trkpt lat="38.701173" lon="-0.104975">
        <ele>580.149553</ele>
        <time>2026-03-27T14:31:16.223Z</time>
      </trkpt>
      <trkpt lat="38.700976" lon="-0.104107">
        <ele>581.931452</ele>
        <time>2026-03-27T14:31:39.230Z</time>
      </trkpt>
      <trkpt lat="38.700929" lon="-0.104005">
        <ele>582.178985</ele>
        <time>2026-03-27T14:31:42.491Z</time>
      </trkpt>
      <trkpt lat="38.700661" lon="-0.103812">
        <ele>583.050622</ele>
        <time>2026-03-27T14:31:52.355Z</time>
      </trkpt>
      <trkpt lat="38.700478" lon="-0.103630">
        <ele>583.707424</ele>
        <time>2026-03-27T14:31:58.820Z</time>
      </trkpt>
      <trkpt lat="38.700253" lon="-0.103557">
        <ele>584.365493</ele>
        <time>2026-03-27T14:32:04.879Z</time>
      </trkpt>
      <trkpt lat="38.700159" lon="-0.103487">
        <ele>584.673749</ele>
        <time>2026-03-27T14:32:07.539Z</time>
      </trkpt>
      <trkpt lat="38.699632" lon="-0.102936">
        <ele>586.602245</ele>
        <time>2026-03-27T14:32:24.192Z</time>
      </trkpt>
      <trkpt lat="38.699505" lon="-0.102873">
        <ele>586.988367</ele>
        <time>2026-03-27T14:32:27.393Z</time>
      </trkpt>
      <trkpt lat="38.699275" lon="-0.102869">
        <ele>587.650261</ele>
        <time>2026-03-27T14:32:31.968Z</time>
      </trkpt>
      <trkpt lat="38.699179" lon="-0.102818">
        <ele>587.950753</ele>
        <time>2026-03-27T14:32:33.687Z</time>
      </trkpt>
      <trkpt lat="38.698813" lon="-0.102326">
        <ele>589.484573</ele>
        <time>2026-03-27T14:32:44.200Z</time>
      </trkpt>
      <trkpt lat="38.698798" lon="-0.102301">
        <ele>589.555733</ele>
        <time>2026-03-27T14:32:44.886Z</time>
      </trkpt>
      <trkpt lat="38.698669" lon="-0.102174">
        <ele>590.026118</ele>
        <time>2026-03-27T14:32:49.462Z</time>
      </trkpt>
      <trkpt lat="38.698575" lon="-0.102120">
        <ele>590.323982</ele>
        <time>2026-03-27T14:32:52.444Z</time>
      </trkpt>
      <trkpt lat="38.698445" lon="-0.102078">
        <ele>590.711636</ele>
        <time>2026-03-27T14:32:56.495Z</time>
      </trkpt>
      <trkpt lat="38.698279" lon="-0.102080">
        <ele>591.191639</ele>
        <time>2026-03-27T14:33:01.697Z</time>
      </trkpt>
      <trkpt lat="38.698239" lon="-0.102091">
        <ele>591.309931</ele>
        <time>2026-03-27T14:33:03.082Z</time>
      </trkpt>
      <trkpt lat="38.698155" lon="-0.102136">
        <ele>591.573187</ele>
        <time>2026-03-27T14:33:05.715Z</time>
      </trkpt>
      <trkpt lat="38.698343" lon="-0.102504">
        <ele>592.750472</ele>
        <time>2026-03-27T14:33:16.409Z</time>
      </trkpt>
      <trkpt lat="38.698501" lon="-0.102748">
        <ele>594.080683</ele>
        <time>2026-03-27T14:33:24.172Z</time>
      </trkpt>
      <trkpt lat="38.698873" lon="-0.102902">
        <ele>596.182290</ele>
        <time>2026-03-27T14:33:40.021Z</time>
      </trkpt>
      <trkpt lat="38.698942" lon="-0.102954">
        <ele>596.612628</ele>
        <time>2026-03-27T14:33:43.567Z</time>
      </trkpt>
      <trkpt lat="38.699112" lon="-0.103202">
        <ele>597.997488</ele>
        <time>2026-03-27T14:33:54.881Z</time>
      </trkpt>
      <trkpt lat="38.699185" lon="-0.103269">
        <ele>598.480215</ele>
        <time>2026-03-27T14:33:58.509Z</time>
      </trkpt>
      <trkpt lat="38.699363" lon="-0.103360">
        <ele>599.510472</ele>
        <time>2026-03-27T14:34:05.544Z</time>
      </trkpt>
      <trkpt lat="38.699632" lon="-0.103713">
        <ele>601.580409</ele>
        <time>2026-03-27T14:34:18.378Z</time>
      </trkpt>
      <trkpt lat="38.699844" lon="-0.103867">
        <ele>602.847157</ele>
        <time>2026-03-27T14:34:25.952Z</time>
      </trkpt>
      <trkpt lat="38.700113" lon="-0.104150">
        <ele>604.625087</ele>
        <time>2026-03-27T14:34:37.207Z</time>
      </trkpt>
      <trkpt lat="38.700430" lon="-0.104377">
        <ele>606.480105</ele>
        <time>2026-03-27T14:34:49.444Z</time>
      </trkpt>
      <trkpt lat="38.700490" lon="-0.104486">
        <ele>607.011858</ele>
        <time>2026-03-27T14:34:52.901Z</time>
      </trkpt>
      <trkpt lat="38.700501" lon="-0.104606">
        <ele>607.493536</ele>
        <time>2026-03-27T14:34:55.871Z</time>
      </trkpt>
      <trkpt lat="38.700491" lon="-0.104670">
        <ele>607.753740</ele>
        <time>2026-03-27T14:34:57.519Z</time>
      </trkpt>
      <trkpt lat="38.700391" lon="-0.104878">
        <ele>608.727664</ele>
        <time>2026-03-27T14:35:04.307Z</time>
      </trkpt>
      <trkpt lat="38.700294" lon="-0.105031">
        <ele>609.513509</ele>
        <time>2026-03-27T14:35:10.218Z</time>
      </trkpt>
      <trkpt lat="38.700162" lon="-0.105090">
        <ele>610.227640</ele>
        <time>2026-03-27T14:35:15.758Z</time>
      </trkpt>
      <trkpt lat="38.699931" lon="-0.105095">
        <ele>611.361696</ele>
        <time>2026-03-27T14:35:25.179Z</time>
      </trkpt>
      <trkpt lat="38.699716" lon="-0.105156">
        <ele>612.227199</ele>
        <time>2026-03-27T14:35:34.296Z</time>
      </trkpt>
      <trkpt lat="38.699534" lon="-0.105305">
        <ele>613.076076</ele>
        <time>2026-03-27T14:35:43.184Z</time>
      </trkpt>
      <trkpt lat="38.699452" lon="-0.105426">
        <ele>613.567636</ele>
        <time>2026-03-27T14:35:48.036Z</time>
      </trkpt>
      <trkpt lat="38.699396" lon="-0.105583">
        <ele>614.097136</ele>
        <time>2026-03-27T14:35:52.996Z</time>
      </trkpt>
      <trkpt lat="38.699385" lon="-0.105709">
        <ele>614.486043</ele>
        <time>2026-03-27T14:35:56.452Z</time>
      </trkpt>
      <trkpt lat="38.699389" lon="-0.106495">
        <ele>616.897094</ele>
        <time>2026-03-27T14:36:12.674Z</time>
      </trkpt>
      <trkpt lat="38.699560" lon="-0.107126">
        <ele>619.050164</ele>
        <time>2026-03-27T14:36:22.766Z</time>
      </trkpt>
      <trkpt lat="38.699690" lon="-0.107345">
        <ele>620.025606</ele>
        <time>2026-03-27T14:36:26.672Z</time>
      </trkpt>
      <trkpt lat="38.699825" lon="-0.107501">
        <ele>620.851384</ele>
        <time>2026-03-27T14:36:30.342Z</time>
      </trkpt>
      <trkpt lat="38.699862" lon="-0.107525">
        <ele>621.039765</ele>
        <time>2026-03-27T14:36:31.261Z</time>
      </trkpt>
      <trkpt lat="38.699908" lon="-0.107539">
        <ele>621.254534</ele>
        <time>2026-03-27T14:36:32.273Z</time>
      </trkpt>
      <trkpt lat="38.700010" lon="-0.107543">
        <ele>621.718085</ele>
        <time>2026-03-27T14:36:34.610Z</time>
      </trkpt>
      <trkpt lat="38.700582" lon="-0.107433">
        <ele>624.345493</ele>
        <time>2026-03-27T14:36:52.470Z</time>
      </trkpt>
      <trkpt lat="38.700675" lon="-0.107440">
        <ele>624.768674</ele>
        <time>2026-03-27T14:36:56.320Z</time>
      </trkpt>
      <trkpt lat="38.701141" lon="-0.107726">
        <ele>628.069521</ele>
        <time>2026-03-27T14:37:22.618Z</time>
      </trkpt>
      <trkpt lat="38.701326" lon="-0.107916">
        <ele>630.683689</ele>
        <time>2026-03-27T14:37:37.116Z</time>
      </trkpt>
      <trkpt lat="38.701566" lon="-0.108099">
        <ele>633.763026</ele>
        <time>2026-03-27T14:37:55.228Z</time>
      </trkpt>
      <trkpt lat="38.701803" lon="-0.108171">
        <ele>636.448640</ele>
        <time>2026-03-27T14:38:11.396Z</time>
      </trkpt>
      <trkpt lat="38.702025" lon="-0.108182">
        <ele>638.898253</ele>
        <time>2026-03-27T14:38:26.093Z</time>
      </trkpt>
      <trkpt lat="38.702157" lon="-0.108222">
        <ele>640.393836</ele>
        <time>2026-03-27T14:38:34.881Z</time>
      </trkpt>
      <trkpt lat="38.702317" lon="-0.108306">
        <ele>642.300334</ele>
        <time>2026-03-27T14:38:45.794Z</time>
      </trkpt>
      <trkpt lat="38.702611" lon="-0.108598">
        <ele>646.350798</ele>
        <time>2026-03-27T14:39:07.796Z</time>
      </trkpt>
      <trkpt lat="38.702839" lon="-0.108769">
        <ele>648.050145</ele>
        <time>2026-03-27T14:39:22.350Z</time>
      </trkpt>
      <trkpt lat="38.703201" lon="-0.108870">
        <ele>650.433256</ele>
        <time>2026-03-27T14:39:40.226Z</time>
      </trkpt>
      <trkpt lat="38.703321" lon="-0.108930">
        <ele>651.261833</ele>
        <time>2026-03-27T14:39:45.478Z</time>
      </trkpt>
      <trkpt lat="38.703441" lon="-0.109027">
        <ele>652.174478</ele>
        <time>2026-03-27T14:39:50.746Z</time>
      </trkpt>
      <trkpt lat="38.703769" lon="-0.109493">
        <ele>655.324642</ele>
        <time>2026-03-27T14:40:05.411Z</time>
      </trkpt>
      <trkpt lat="38.703957" lon="-0.109680">
        <ele>656.855520</ele>
        <time>2026-03-27T14:40:11.750Z</time>
      </trkpt>
      <trkpt lat="38.704225" lon="-0.109834">
        <ele>658.751557</ele>
        <time>2026-03-27T14:40:20.705Z</time>
      </trkpt>
      <trkpt lat="38.704742" lon="-0.110030">
        <ele>662.245732</ele>
        <time>2026-03-27T14:40:40.975Z</time>
      </trkpt>
      <trkpt lat="38.704901" lon="-0.110143">
        <ele>663.424062</ele>
        <time>2026-03-27T14:40:49.338Z</time>
      </trkpt>
      <trkpt lat="38.705437" lon="-0.110770">
        <ele>668.127525</ele>
        <time>2026-03-27T14:41:25.426Z</time>
      </trkpt>
      <trkpt lat="38.705663" lon="-0.111203">
        <ele>670.075260</ele>
        <time>2026-03-27T14:41:42.889Z</time>
      </trkpt>
      <trkpt lat="38.705759" lon="-0.111308">
        <ele>670.445977</ele>
        <time>2026-03-27T14:41:47.077Z</time>
      </trkpt>
      <trkpt lat="38.705912" lon="-0.111412">
        <ele>670.954679</ele>
        <time>2026-03-27T14:41:51.621Z</time>
      </trkpt>
      <trkpt lat="38.706012" lon="-0.111460">
        <ele>671.268330</ele>
        <time>2026-03-27T14:41:54.082Z</time>
      </trkpt>
      <trkpt lat="38.706255" lon="-0.111575">
        <ele>672.029189</ele>
        <time>2026-03-27T14:41:59.606Z</time>
      </trkpt>
      <trkpt lat="38.706442" lon="-0.111567">
        <ele>672.578754</ele>
        <time>2026-03-27T14:42:03.277Z</time>
      </trkpt>
      <trkpt lat="38.706864" lon="-0.111431">
        <ele>673.856852</ele>
        <time>2026-03-27T14:42:09.610Z</time>
      </trkpt>
      <trkpt lat="38.706994" lon="-0.111415">
        <ele>674.240447</ele>
        <time>2026-03-27T14:42:11.567Z</time>
      </trkpt>
      <trkpt lat="38.707641" lon="-0.111575">
        <ele>677.327366</ele>
        <time>2026-03-27T14:42:29.317Z</time>
      </trkpt>
      <trkpt lat="38.708070" lon="-0.111551">
        <ele>679.635791</ele>
        <time>2026-03-27T14:42:50.567Z</time>
      </trkpt>
      <trkpt lat="38.708306" lon="-0.111586">
        <ele>680.912953</ele>
        <time>2026-03-27T14:43:03.495Z</time>
      </trkpt>
      <trkpt lat="38.708960" lon="-0.111911">
        <ele>684.496980</ele>
        <time>2026-03-27T14:43:30.269Z</time>
      </trkpt>
      <trkpt lat="38.709134" lon="-0.111954">
        <ele>684.660852</ele>
        <time>2026-03-27T14:43:34.725Z</time>
      </trkpt>
      <trkpt lat="38.709288" lon="-0.111903">
        <ele>684.807943</ele>
        <time>2026-03-27T14:43:38.149Z</time>
      </trkpt>
      <trkpt lat="38.709457" lon="-0.111757">
        <ele>684.996422</ele>
        <time>2026-03-27T14:43:41.743Z</time>
      </trkpt>
      <trkpt lat="38.709560" lon="-0.111555">
        <ele>685.170548</ele>
        <time>2026-03-27T14:43:44.447Z</time>
      </trkpt>
      <trkpt lat="38.709631" lon="-0.111281">
        <ele>685.378886</ele>
        <time>2026-03-27T14:43:47.315Z</time>
      </trkpt>
      <trkpt lat="38.709847" lon="-0.110488">
        <ele>685.984982</ele>
        <time>2026-03-27T14:43:55.414Z</time>
      </trkpt>
      <trkpt lat="38.709883" lon="-0.110210">
        <ele>686.145215</ele>
        <time>2026-03-27T14:43:58.557Z</time>
      </trkpt>
      <trkpt lat="38.709976" lon="-0.109983">
        <ele>686.210931</ele>
        <time>2026-03-27T14:44:02.465Z</time>
      </trkpt>
      <trkpt lat="38.710159" lon="-0.109819">
        <ele>686.284282</ele>
        <time>2026-03-27T14:44:07.496Z</time>
      </trkpt>
      <trkpt lat="38.710332" lon="-0.109789">
        <ele>686.341626</ele>
        <time>2026-03-27T14:44:11.197Z</time>
      </trkpt>
      <trkpt lat="38.710400" lon="-0.109800">
        <ele>686.364139</ele>
        <time>2026-03-27T14:44:12.600Z</time>
      </trkpt>
      <trkpt lat="38.711012" lon="-0.110109">
        <ele>686.580205</ele>
        <time>2026-03-27T14:44:24.935Z</time>
      </trkpt>
      <trkpt lat="38.711293" lon="-0.110337">
        <ele>686.689451</ele>
        <time>2026-03-27T14:44:29.320Z</time>
      </trkpt>
      <trkpt lat="38.712081" lon="-0.111157">
        <ele>684.896906</ele>
        <time>2026-03-27T14:44:40.555Z</time>
      </trkpt>
      <trkpt lat="38.712131" lon="-0.111243">
        <ele>684.736244</ele>
        <time>2026-03-27T14:44:41.447Z</time>
      </trkpt>
      <trkpt lat="38.712162" lon="-0.111417">
        <ele>684.468877</ele>
        <time>2026-03-27T14:44:42.934Z</time>
      </trkpt>
      <trkpt lat="38.712074" lon="-0.112753">
        <ele>682.600452</ele>
        <time>2026-03-27T14:44:54.087Z</time>
      </trkpt>
      <trkpt lat="38.712131" lon="-0.113618">
        <ele>681.528077</ele>
        <time>2026-03-27T14:45:01.373Z</time>
      </trkpt>
      <trkpt lat="38.712288" lon="-0.114411">
        <ele>680.517411</ele>
        <time>2026-03-27T14:45:09.560Z</time>
      </trkpt>
      <trkpt lat="38.712383" lon="-0.114589">
        <ele>680.306827</ele>
        <time>2026-03-27T14:45:12.271Z</time>
      </trkpt>
      <trkpt lat="38.712584" lon="-0.114718">
        <ele>680.074626</ele>
        <time>2026-03-27T14:45:15.554Z</time>
      </trkpt>
      <trkpt lat="38.713229" lon="-0.114946">
        <ele>679.383501</ele>
        <time>2026-03-27T14:45:24.799Z</time>
      </trkpt>
      <trkpt lat="38.713402" lon="-0.115032">
        <ele>679.191830</ele>
        <time>2026-03-27T14:45:27.273Z</time>
      </trkpt>
      <trkpt lat="38.713513" lon="-0.115128">
        <ele>679.053509</ele>
        <time>2026-03-27T14:45:28.919Z</time>
      </trkpt>
      <trkpt lat="38.713568" lon="-0.115235">
        <ele>678.950237</ele>
        <time>2026-03-27T14:45:30.077Z</time>
      </trkpt>
      <trkpt lat="38.713605" lon="-0.115381">
        <ele>678.826513</ele>
        <time>2026-03-27T14:45:31.455Z</time>
      </trkpt>
      <trkpt lat="38.713678" lon="-0.115788">
        <ele>678.295639</ele>
        <time>2026-03-27T14:45:34.934Z</time>
      </trkpt>
      <trkpt lat="38.713740" lon="-0.116206">
        <ele>676.908533</ele>
        <time>2026-03-27T14:45:38.253Z</time>
      </trkpt>
      <trkpt lat="38.713765" lon="-0.116610">
        <ele>675.587335</ele>
        <time>2026-03-27T14:45:41.304Z</time>
      </trkpt>
      <trkpt lat="38.713775" lon="-0.116861">
        <ele>674.767996</ele>
        <time>2026-03-27T14:45:43.202Z</time>
      </trkpt>
      <trkpt lat="38.713819" lon="-0.117086">
        <ele>674.011798</ele>
        <time>2026-03-27T14:45:44.947Z</time>
      </trkpt>
      <trkpt lat="38.714043" lon="-0.117783">
        <ele>671.554358</ele>
        <time>2026-03-27T14:45:50.518Z</time>
      </trkpt>
      <trkpt lat="38.714335" lon="-0.118409">
        <ele>669.440726</ele>
        <time>2026-03-27T14:45:55.789Z</time>
      </trkpt>
      <trkpt lat="38.714325" lon="-0.118539">
        <ele>669.075243</ele>
        <time>2026-03-27T14:45:56.748Z</time>
      </trkpt>
      <trkpt lat="38.714264" lon="-0.118723">
        <ele>668.515899</ele>
        <time>2026-03-27T14:45:58.230Z</time>
      </trkpt>
      <trkpt lat="38.714227" lon="-0.118937">
        <ele>667.902637</ele>
        <time>2026-03-27T14:45:59.876Z</time>
      </trkpt>
      <trkpt lat="38.714231" lon="-0.119215">
        <ele>667.124704</ele>
        <time>2026-03-27T14:46:02.008Z</time>
      </trkpt>
      <trkpt lat="38.714259" lon="-0.119396">
        <ele>666.608437</ele>
        <time>2026-03-27T14:46:03.465Z</time>
      </trkpt>
      <trkpt lat="38.714328" lon="-0.119582">
        <ele>666.032217</ele>
        <time>2026-03-27T14:46:05.128Z</time>
      </trkpt>
      <trkpt lat="38.714596" lon="-0.119905">
        <ele>664.713071</ele>
        <time>2026-03-27T14:46:09.105Z</time>
      </trkpt>
      <trkpt lat="38.715006" lon="-0.120260">
        <ele>665.585251</ele>
        <time>2026-03-27T14:46:15.620Z</time>
      </trkpt>
      <trkpt lat="38.715221" lon="-0.120488">
        <ele>666.188909</ele>
        <time>2026-03-27T14:46:21.618Z</time>
      </trkpt>
      <trkpt lat="38.715317" lon="-0.120643">
        <ele>666.522931</ele>
        <time>2026-03-27T14:46:25.450Z</time>
      </trkpt>
      <trkpt lat="38.715389" lon="-0.120863">
        <ele>666.925602</ele>
        <time>2026-03-27T14:46:30.437Z</time>
      </trkpt>
      <trkpt lat="38.715499" lon="-0.121948">
        <ele>669.078976</ele>
        <time>2026-03-27T14:46:57.924Z</time>
      </trkpt>
      <trkpt lat="38.715554" lon="-0.122229">
        <ele>670.081417</ele>
        <time>2026-03-27T14:47:06.044Z</time>
      </trkpt>
      <trkpt lat="38.715586" lon="-0.122711">
        <ele>671.755257</ele>
        <time>2026-03-27T14:47:19.807Z</time>
      </trkpt>
      <trkpt lat="38.715691" lon="-0.123364">
        <ele>674.062242</ele>
        <time>2026-03-27T14:47:37.700Z</time>
      </trkpt>
      <trkpt lat="38.715807" lon="-0.123938">
        <ele>676.113927</ele>
        <time>2026-03-27T14:47:51.858Z</time>
      </trkpt>
      <trkpt lat="38.715898" lon="-0.124260">
        <ele>676.982821</ele>
        <time>2026-03-27T14:47:58.845Z</time>
      </trkpt>
      <trkpt lat="38.716062" lon="-0.124681">
        <ele>677.999926</ele>
        <time>2026-03-27T14:48:08.036Z</time>
      </trkpt>
      <trkpt lat="38.716277" lon="-0.125427">
        <ele>679.718895</ele>
        <time>2026-03-27T14:48:24.098Z</time>
      </trkpt>
      <trkpt lat="38.716310" lon="-0.125671">
        <ele>680.254167</ele>
        <time>2026-03-27T14:48:29.435Z</time>
      </trkpt>
      <trkpt lat="38.716312" lon="-0.126456">
        <ele>681.596493</ele>
        <time>2026-03-27T14:48:45.021Z</time>
      </trkpt>
      <trkpt lat="38.716347" lon="-0.127035">
        <ele>681.981996</ele>
        <time>2026-03-27T14:48:54.784Z</time>
      </trkpt>
      <trkpt lat="38.716366" lon="-0.128348">
        <ele>682.853739</ele>
        <time>2026-03-27T14:49:09.677Z</time>
      </trkpt>
      <trkpt lat="38.716408" lon="-0.129202">
        <ele>684.106667</ele>
        <time>2026-03-27T14:49:20.001Z</time>
      </trkpt>
      <trkpt lat="38.716408" lon="-0.130672">
        <ele>686.560639</ele>
        <time>2026-03-27T14:49:50.733Z</time>
      </trkpt>
      <trkpt lat="38.716485" lon="-0.131372">
        <ele>687.286454</ele>
        <time>2026-03-27T14:50:07.657Z</time>
      </trkpt>
      <trkpt lat="38.716622" lon="-0.132202">
        <ele>688.005535</ele>
        <time>2026-03-27T14:50:20.179Z</time>
      </trkpt>
      <trkpt lat="38.716607" lon="-0.132346">
        <ele>688.128673</ele>
        <time>2026-03-27T14:50:21.674Z</time>
      </trkpt>
      <trkpt lat="38.716275" lon="-0.132743">
        <ele>688.621934</ele>
        <time>2026-03-27T14:50:27.340Z</time>
      </trkpt>
      <trkpt lat="38.716231" lon="-0.132900">
        <ele>688.763332</ele>
        <time>2026-03-27T14:50:28.947Z</time>
      </trkpt>
      <trkpt lat="38.716227" lon="-0.133038">
        <ele>688.944906</ele>
        <time>2026-03-27T14:50:30.332Z</time>
      </trkpt>
      <trkpt lat="38.716327" lon="-0.133456">
        <ele>689.535651</ele>
        <time>2026-03-27T14:50:34.998Z</time>
      </trkpt>
      <trkpt lat="38.716479" lon="-0.133813">
        <ele>690.085166</ele>
        <time>2026-03-27T14:50:39.970Z</time>
      </trkpt>
      <trkpt lat="38.716749" lon="-0.134016">
        <ele>690.627245</ele>
        <time>2026-03-27T14:50:46.075Z</time>
      </trkpt>
      <trkpt lat="38.716816" lon="-0.134185">
        <ele>690.883379</ele>
        <time>2026-03-27T14:50:49.580Z</time>
      </trkpt>
      <trkpt lat="38.716860" lon="-0.134607">
        <ele>691.458641</ele>
        <time>2026-03-27T14:50:59.200Z</time>
      </trkpt>
      <trkpt lat="38.716848" lon="-0.134894">
        <ele>691.846982</ele>
        <time>2026-03-27T14:51:06.710Z</time>
      </trkpt>
      <trkpt lat="38.716726" lon="-0.135441">
        <ele>694.154612</ele>
        <time>2026-03-27T14:51:22.623Z</time>
      </trkpt>
      <trkpt lat="38.716713" lon="-0.135677">
        <ele>695.148973</ele>
        <time>2026-03-27T14:51:29.452Z</time>
      </trkpt>
      <trkpt lat="38.716737" lon="-0.135964">
        <ele>696.362123</ele>
        <time>2026-03-27T14:51:37.863Z</time>
      </trkpt>
      <trkpt lat="38.716998" lon="-0.137304">
        <ele>702.105932</ele>
        <time>2026-03-27T14:52:19.302Z</time>
      </trkpt>
      <trkpt lat="38.717267" lon="-0.138485">
        <ele>706.744150</ele>
        <time>2026-03-27T14:52:51.919Z</time>
      </trkpt>
      <trkpt lat="38.717226" lon="-0.138720">
        <ele>707.651979</ele>
        <time>2026-03-27T14:52:57.585Z</time>
      </trkpt>
      <trkpt lat="38.717179" lon="-0.139235">
        <ele>709.606768</ele>
        <time>2026-03-27T14:53:10.394Z</time>
      </trkpt>
      <trkpt lat="38.717150" lon="-0.140074">
        <ele>713.123610</ele>
        <time>2026-03-27T14:53:33.450Z</time>
      </trkpt>
      <trkpt lat="38.717260" lon="-0.140619">
        <ele>715.542788</ele>
        <time>2026-03-27T14:53:50.051Z</time>
      </trkpt>
      <trkpt lat="38.717374" lon="-0.140969">
        <ele>717.172672</ele>
        <time>2026-03-27T14:54:01.726Z</time>
      </trkpt>
      <trkpt lat="38.717568" lon="-0.141809">
        <ele>720.933344</ele>
        <time>2026-03-27T14:54:28.070Z</time>
      </trkpt>
      <trkpt lat="38.717727" lon="-0.143974">
        <ele>730.312383</ele>
        <time>2026-03-27T14:55:28.422Z</time>
      </trkpt>
      <trkpt lat="38.717770" lon="-0.144508">
        <ele>733.542861</ele>
        <time>2026-03-27T14:55:45.769Z</time>
      </trkpt>
      <trkpt lat="38.717847" lon="-0.145079">
        <ele>737.029862</ele>
        <time>2026-03-27T14:56:05.187Z</time>
      </trkpt>
      <trkpt lat="38.717905" lon="-0.145314">
        <ele>738.513065</ele>
        <time>2026-03-27T14:56:14.218Z</time>
      </trkpt>
      <trkpt lat="38.718097" lon="-0.145873">
        <ele>742.188417</ele>
        <time>2026-03-27T14:56:37.924Z</time>
      </trkpt>
      <trkpt lat="38.718148" lon="-0.146154">
        <ele>743.936516</ele>
        <time>2026-03-27T14:56:49.687Z</time>
      </trkpt>
      <trkpt lat="38.718198" lon="-0.146323">
        <ele>745.555959</ele>
        <time>2026-03-27T14:56:57.286Z</time>
      </trkpt>
      <trkpt lat="38.718439" lon="-0.146572">
        <ele>749.110811</ele>
        <time>2026-03-27T14:57:14.575Z</time>
      </trkpt>
      <trkpt lat="38.718494" lon="-0.146713">
        <ele>750.523248</ele>
        <time>2026-03-27T14:57:21.774Z</time>
      </trkpt>
      <trkpt lat="38.718502" lon="-0.146883">
        <ele>752.049204</ele>
        <time>2026-03-27T14:57:29.626Z</time>
      </trkpt>
      <trkpt lat="38.718458" lon="-0.147111">
        <ele>754.153630</ele>
        <time>2026-03-27T14:57:40.955Z</time>
      </trkpt>
      <trkpt lat="38.718354" lon="-0.148270">
        <ele>764.581484</ele>
        <time>2026-03-27T14:58:43.037Z</time>
      </trkpt>
      <trkpt lat="38.718300" lon="-0.148658">
        <ele>766.389904</ele>
        <time>2026-03-27T14:59:02.662Z</time>
      </trkpt>
      <trkpt lat="38.718225" lon="-0.148960">
        <ele>767.844120</ele>
        <time>2026-03-27T14:59:16.297Z</time>
      </trkpt>
      <trkpt lat="38.718123" lon="-0.149291">
        <ele>769.477067</ele>
        <time>2026-03-27T14:59:29.524Z</time>
      </trkpt>
      <trkpt lat="38.718092" lon="-0.149402">
        <ele>770.018031</ele>
        <time>2026-03-27T14:59:33.337Z</time>
      </trkpt>
      <trkpt lat="38.718081" lon="-0.149654">
        <ele>771.176133</ele>
        <time>2026-03-27T14:59:40.592Z</time>
      </trkpt>
      <trkpt lat="38.718073" lon="-0.150484">
        <ele>774.984851</ele>
        <time>2026-03-27T14:59:54.424Z</time>
      </trkpt>
      <trkpt lat="38.718102" lon="-0.151020">
        <ele>773.347724</ele>
        <time>2026-03-27T14:59:58.705Z</time>
      </trkpt>
      <trkpt lat="38.718153" lon="-0.151483">
        <ele>771.695199</ele>
        <time>2026-03-27T15:00:02.195Z</time>
      </trkpt>
      <trkpt lat="38.718252" lon="-0.152075">
        <ele>769.555483</ele>
        <time>2026-03-27T15:00:06.617Z</time>
      </trkpt>
      <trkpt lat="38.718334" lon="-0.152792">
        <ele>766.994445</ele>
        <time>2026-03-27T15:00:11.769Z</time>
      </trkpt>
      <trkpt lat="38.718356" lon="-0.153572">
        <ele>762.426298</ele>
        <time>2026-03-27T15:00:17.152Z</time>
      </trkpt>
      <trkpt lat="38.718270" lon="-0.154325">
        <ele>757.966515</ele>
        <time>2026-03-27T15:00:22.435Z</time>
      </trkpt>
      <trkpt lat="38.718208" lon="-0.154593">
        <ele>756.328386</ele>
        <time>2026-03-27T15:00:24.363Z</time>
      </trkpt>
      <trkpt lat="38.718035" lon="-0.154965">
        <ele>753.790500</ele>
        <time>2026-03-27T15:00:27.347Z</time>
      </trkpt>
      <trkpt lat="38.717924" lon="-0.155197">
        <ele>752.405341</ele>
        <time>2026-03-27T15:00:29.230Z</time>
      </trkpt>
      <trkpt lat="38.717871" lon="-0.155375">
        <ele>751.471667</ele>
        <time>2026-03-27T15:00:30.551Z</time>
      </trkpt>
      <trkpt lat="38.717843" lon="-0.155566">
        <ele>750.519267</ele>
        <time>2026-03-27T15:00:31.913Z</time>
      </trkpt>
      <trkpt lat="38.717898" lon="-0.156689">
        <ele>745.005022</ele>
        <time>2026-03-27T15:00:39.955Z</time>
      </trkpt>
      <trkpt lat="38.717887" lon="-0.156974">
        <ele>743.606634</ele>
        <time>2026-03-27T15:00:41.983Z</time>
      </trkpt>
      <trkpt lat="38.717836" lon="-0.157193">
        <ele>742.486610</ele>
        <time>2026-03-27T15:00:43.626Z</time>
      </trkpt>
      <trkpt lat="38.717748" lon="-0.157425">
        <ele>741.692165</ele>
        <time>2026-03-27T15:00:45.509Z</time>
      </trkpt>
      <trkpt lat="38.717382" lon="-0.158076">
        <ele>739.691012</ele>
        <time>2026-03-27T15:00:51.676Z</time>
      </trkpt>
      <trkpt lat="38.717271" lon="-0.158252">
        <ele>739.126608</ele>
        <time>2026-03-27T15:00:53.536Z</time>
      </trkpt>
      <trkpt lat="38.716980" lon="-0.158562">
        <ele>737.917094</ele>
        <time>2026-03-27T15:00:57.712Z</time>
      </trkpt>
      <trkpt lat="38.716076" lon="-0.159253">
        <ele>734.484383</ele>
        <time>2026-03-27T15:01:09.294Z</time>
      </trkpt>
      <trkpt lat="38.715889" lon="-0.159458">
        <ele>733.669214</ele>
        <time>2026-03-27T15:01:11.756Z</time>
      </trkpt>
      <trkpt lat="38.715733" lon="-0.159728">
        <ele>732.800831</ele>
        <time>2026-03-27T15:01:14.322Z</time>
      </trkpt>
      <trkpt lat="38.715656" lon="-0.159922">
        <ele>732.238244</ele>
        <time>2026-03-27T15:01:15.957Z</time>
      </trkpt>
      <trkpt lat="38.715570" lon="-0.160439">
        <ele>730.871904</ele>
        <time>2026-03-27T15:01:19.884Z</time>
      </trkpt>
      <trkpt lat="38.715568" lon="-0.160582">
        <ele>730.502227</ele>
        <time>2026-03-27T15:01:20.942Z</time>
      </trkpt>
      <trkpt lat="38.715582" lon="-0.160801">
        <ele>730.365565</ele>
        <time>2026-03-27T15:01:22.572Z</time>
      </trkpt>
      <trkpt lat="38.715869" lon="-0.161853">
        <ele>729.797819</ele>
        <time>2026-03-27T15:01:31.661Z</time>
      </trkpt>
      <trkpt lat="38.715921" lon="-0.162071">
        <ele>729.681688</ele>
        <time>2026-03-27T15:01:34.167Z</time>
      </trkpt>
      <trkpt lat="38.716343" lon="-0.163601">
        <ele>733.011871</ele>
        <time>2026-03-27T15:02:10.782Z</time>
      </trkpt>
      <trkpt lat="38.716473" lon="-0.163858">
        <ele>734.322937</ele>
        <time>2026-03-27T15:02:20.475Z</time>
      </trkpt>
      <trkpt lat="38.716620" lon="-0.164041">
        <ele>735.447220</ele>
        <time>2026-03-27T15:02:29.034Z</time>
      </trkpt>
      <trkpt lat="38.716929" lon="-0.164471">
        <ele>737.949565</ele>
        <time>2026-03-27T15:02:49.085Z</time>
      </trkpt>
      <trkpt lat="38.716987" lon="-0.164655">
        <ele>738.799033</ele>
        <time>2026-03-27T15:02:55.957Z</time>
      </trkpt>
      <trkpt lat="38.716960" lon="-0.165015">
        <ele>739.886176</ele>
        <time>2026-03-27T15:03:08.235Z</time>
      </trkpt>
      <trkpt lat="38.716873" lon="-0.165172">
        <ele>740.389124</ele>
        <time>2026-03-27T15:03:14.490Z</time>
      </trkpt>
      <trkpt lat="38.716564" lon="-0.165460">
        <ele>741.668067</ele>
        <time>2026-03-27T15:03:28.641Z</time>
      </trkpt>
      <trkpt lat="38.716430" lon="-0.165658">
        <ele>742.352637</ele>
        <time>2026-03-27T15:03:34.919Z</time>
      </trkpt>
      <trkpt lat="38.716355" lon="-0.165847">
        <ele>742.906447</ele>
        <time>2026-03-27T15:03:39.337Z</time>
      </trkpt>
      <trkpt lat="38.716303" lon="-0.166177">
        <ele>743.785753</ele>
        <time>2026-03-27T15:03:45.167Z</time>
      </trkpt>
      <trkpt lat="38.716340" lon="-0.166377">
        <ele>744.322602</ele>
        <time>2026-03-27T15:03:47.991Z</time>
      </trkpt>
      <trkpt lat="38.716560" lon="-0.166741">
        <ele>745.145479</ele>
        <time>2026-03-27T15:03:52.537Z</time>
      </trkpt>
      <trkpt lat="38.716870" lon="-0.166989">
        <ele>745.001230</ele>
        <time>2026-03-27T15:03:56.511Z</time>
      </trkpt>
      <trkpt lat="38.717222" lon="-0.167092">
        <ele>744.858709</ele>
        <time>2026-03-27T15:04:00.297Z</time>
      </trkpt>
      <trkpt lat="38.717354" lon="-0.167195">
        <ele>744.797707</ele>
        <time>2026-03-27T15:04:01.996Z</time>
      </trkpt>
      <trkpt lat="38.717419" lon="-0.167328">
        <ele>744.749373</ele>
        <time>2026-03-27T15:04:03.455Z</time>
      </trkpt>
      <trkpt lat="38.717447" lon="-0.167499">
        <ele>744.695560</ele>
        <time>2026-03-27T15:04:05.268Z</time>
      </trkpt>
      <trkpt lat="38.717457" lon="-0.167943">
        <ele>744.558758</ele>
        <time>2026-03-27T15:04:11.409Z</time>
      </trkpt>
      <trkpt lat="38.717413" lon="-0.168103">
        <ele>744.506509</ele>
        <time>2026-03-27T15:04:14.258Z</time>
      </trkpt>
      <trkpt lat="38.717327" lon="-0.168201">
        <ele>744.541834</ele>
        <time>2026-03-27T15:04:16.963Z</time>
      </trkpt>
      <trkpt lat="38.717158" lon="-0.168285">
        <ele>744.869743</ele>
        <time>2026-03-27T15:04:21.503Z</time>
      </trkpt>
      <trkpt lat="38.717027" lon="-0.168292">
        <ele>745.106930</ele>
        <time>2026-03-27T15:04:24.942Z</time>
      </trkpt>
      <trkpt lat="38.716714" lon="-0.168228">
        <ele>745.680312</ele>
        <time>2026-03-27T15:04:33.725Z</time>
      </trkpt>
      <trkpt lat="38.716579" lon="-0.168236">
        <ele>745.924790</ele>
        <time>2026-03-27T15:04:37.534Z</time>
      </trkpt>
      <trkpt lat="38.716470" lon="-0.168342">
        <ele>746.172310</ele>
        <time>2026-03-27T15:04:41.391Z</time>
      </trkpt>
      <trkpt lat="38.716359" lon="-0.168534">
        <ele>746.509600</ele>
        <time>2026-03-27T15:04:46.560Z</time>
      </trkpt>
      <trkpt lat="38.716308" lon="-0.168700">
        <ele>746.761417</ele>
        <time>2026-03-27T15:04:50.248Z</time>
      </trkpt>
      <trkpt lat="38.716307" lon="-0.168783">
        <ele>746.878584</ele>
        <time>2026-03-27T15:04:51.812Z</time>
      </trkpt>
      <trkpt lat="38.716321" lon="-0.168854">
        <ele>746.981951</ele>
        <time>2026-03-27T15:04:53.161Z</time>
      </trkpt>
      <trkpt lat="38.716408" lon="-0.168985">
        <ele>747.224767</ele>
        <time>2026-03-27T15:04:55.980Z</time>
      </trkpt>
      <trkpt lat="38.716765" lon="-0.169205">
        <ele>747.429013</ele>
        <time>2026-03-27T15:05:02.083Z</time>
      </trkpt>
      <trkpt lat="38.716875" lon="-0.169357">
        <ele>747.014583</ele>
        <time>2026-03-27T15:05:03.972Z</time>
      </trkpt>
      <trkpt lat="38.717030" lon="-0.169719">
        <ele>746.189133</ele>
        <time>2026-03-27T15:05:07.277Z</time>
      </trkpt>
      <trkpt lat="38.717325" lon="-0.170225">
        <ele>744.926445</ele>
        <time>2026-03-27T15:05:12.082Z</time>
      </trkpt>
      <trkpt lat="38.717402" lon="-0.170455">
        <ele>744.426135</ele>
        <time>2026-03-27T15:05:14.029Z</time>
      </trkpt>
      <trkpt lat="38.717401" lon="-0.170612">
        <ele>744.112279</ele>
        <time>2026-03-27T15:05:15.279Z</time>
      </trkpt>
      <trkpt lat="38.717340" lon="-0.170725">
        <ele>743.837596</ele>
        <time>2026-03-27T15:05:16.383Z</time>
      </trkpt>
      <trkpt lat="38.717237" lon="-0.170787">
        <ele>743.546049</ele>
        <time>2026-03-27T15:05:17.565Z</time>
      </trkpt>
      <trkpt lat="38.716755" lon="-0.170803">
        <ele>741.724474</ele>
        <time>2026-03-27T15:05:22.672Z</time>
      </trkpt>
      <trkpt lat="38.716569" lon="-0.170780">
        <ele>740.899374</ele>
        <time>2026-03-27T15:05:24.537Z</time>
      </trkpt>
      <trkpt lat="38.716526" lon="-0.170733">
        <ele>740.649837</ele>
        <time>2026-03-27T15:05:25.087Z</time>
      </trkpt>
      <trkpt lat="38.716421" lon="-0.170450">
        <ele>739.570224</ele>
        <time>2026-03-27T15:05:27.383Z</time>
      </trkpt>
      <trkpt lat="38.716348" lon="-0.170356">
        <ele>739.113302</ele>
        <time>2026-03-27T15:05:28.340Z</time>
      </trkpt>
      <trkpt lat="38.716137" lon="-0.170218">
        <ele>738.067330</ele>
        <time>2026-03-27T15:05:30.547Z</time>
      </trkpt>
      <trkpt lat="38.715952" lon="-0.170134">
        <ele>737.200711</ele>
        <time>2026-03-27T15:05:32.348Z</time>
      </trkpt>
      <trkpt lat="38.715841" lon="-0.170159">
        <ele>736.703078</ele>
        <time>2026-03-27T15:05:33.396Z</time>
      </trkpt>
      <trkpt lat="38.715780" lon="-0.170247">
        <ele>736.297534</ele>
        <time>2026-03-27T15:05:34.259Z</time>
      </trkpt>
      <trkpt lat="38.715629" lon="-0.170750">
        <ele>734.801778</ele>
        <time>2026-03-27T15:05:38.233Z</time>
      </trkpt>
      <trkpt lat="38.715544" lon="-0.170902">
        <ele>734.472500</ele>
        <time>2026-03-27T15:05:39.656Z</time>
      </trkpt>
      <trkpt lat="38.715423" lon="-0.170980">
        <ele>734.166849</ele>
        <time>2026-03-27T15:05:41.011Z</time>
      </trkpt>
      <trkpt lat="38.715338" lon="-0.170950">
        <ele>733.967893</ele>
        <time>2026-03-27T15:05:41.899Z</time>
      </trkpt>
      <trkpt lat="38.715215" lon="-0.170803">
        <ele>733.588365</ele>
        <time>2026-03-27T15:05:43.629Z</time>
      </trkpt>
      <trkpt lat="38.715029" lon="-0.170320">
        <ele>732.639962</ele>
        <time>2026-03-27T15:05:48.345Z</time>
      </trkpt>
      <trkpt lat="38.714942" lon="-0.170191">
        <ele>732.339730</ele>
        <time>2026-03-27T15:05:50.067Z</time>
      </trkpt>
      <trkpt lat="38.714614" lon="-0.170165">
        <ele>731.598131</ele>
        <time>2026-03-27T15:05:54.914Z</time>
      </trkpt>
      <trkpt lat="38.714405" lon="-0.170111">
        <ele>731.114295</ele>
        <time>2026-03-27T15:05:58.268Z</time>
      </trkpt>
      <trkpt lat="38.714292" lon="-0.170171">
        <ele>730.608295</ele>
        <time>2026-03-27T15:06:00.108Z</time>
      </trkpt>
      <trkpt lat="38.714261" lon="-0.170298">
        <ele>730.178760</ele>
        <time>2026-03-27T15:06:01.468Z</time>
      </trkpt>
      <trkpt lat="38.714343" lon="-0.170834">
        <ele>728.415662</ele>
        <time>2026-03-27T15:06:06.060Z</time>
      </trkpt>
      <trkpt lat="38.714337" lon="-0.171046">
        <ele>727.730896</ele>
        <time>2026-03-27T15:06:07.674Z</time>
      </trkpt>
      <trkpt lat="38.714141" lon="-0.171891">
        <ele>724.885348</ele>
        <time>2026-03-27T15:06:14.021Z</time>
      </trkpt>
      <trkpt lat="38.713920" lon="-0.172675">
        <ele>722.077983</ele>
        <time>2026-03-27T15:06:19.853Z</time>
      </trkpt>
      <trkpt lat="38.713875" lon="-0.172902">
        <ele>721.262602</ele>
        <time>2026-03-27T15:06:21.501Z</time>
      </trkpt>
      <trkpt lat="38.713832" lon="-0.173687">
        <ele>718.522985</ele>
        <time>2026-03-27T15:06:27.269Z</time>
      </trkpt>
      <trkpt lat="38.713769" lon="-0.173859">
        <ele>717.861493</ele>
        <time>2026-03-27T15:06:28.776Z</time>
      </trkpt>
      <trkpt lat="38.713674" lon="-0.173939">
        <ele>717.354315</ele>
        <time>2026-03-27T15:06:29.960Z</time>
      </trkpt>
      <trkpt lat="38.713577" lon="-0.173934">
        <ele>716.921178</ele>
        <time>2026-03-27T15:06:30.980Z</time>
      </trkpt>
      <trkpt lat="38.713488" lon="-0.173837">
        <ele>716.399908</ele>
        <time>2026-03-27T15:06:32.236Z</time>
      </trkpt>
      <trkpt lat="38.713299" lon="-0.173511">
        <ele>715.236315</ele>
        <time>2026-03-27T15:06:35.868Z</time>
      </trkpt>
      <trkpt lat="38.713162" lon="-0.173371">
        <ele>714.747309</ele>
        <time>2026-03-27T15:06:38.161Z</time>
      </trkpt>
      <trkpt lat="38.713018" lon="-0.173291">
        <ele>714.309300</ele>
        <time>2026-03-27T15:06:40.429Z</time>
      </trkpt>
      <trkpt lat="38.712877" lon="-0.173284">
        <ele>713.915503</ele>
        <time>2026-03-27T15:06:42.672Z</time>
      </trkpt>
      <trkpt lat="38.712619" lon="-0.173480">
        <ele>713.078481</ele>
        <time>2026-03-27T15:06:47.375Z</time>
      </trkpt>
      <trkpt lat="38.712503" lon="-0.173652">
        <ele>712.583412</ele>
        <time>2026-03-27T15:06:49.830Z</time>
      </trkpt>
      <trkpt lat="38.712385" lon="-0.174003">
        <ele>711.751138</ele>
        <time>2026-03-27T15:06:53.070Z</time>
      </trkpt>
      <trkpt lat="38.712393" lon="-0.174733">
        <ele>708.821585</ele>
        <time>2026-03-27T15:06:58.207Z</time>
      </trkpt>
      <trkpt lat="38.712461" lon="-0.175049">
        <ele>706.087981</ele>
        <time>2026-03-27T15:07:00.406Z</time>
      </trkpt>
      <trkpt lat="38.712721" lon="-0.175536">
        <ele>701.167102</ele>
        <time>2026-03-27T15:07:04.304Z</time>
      </trkpt>
      <trkpt lat="38.712800" lon="-0.175745">
        <ele>699.230456</ele>
        <time>2026-03-27T15:07:05.837Z</time>
      </trkpt>
      <trkpt lat="38.712917" lon="-0.176236">
        <ele>694.949192</ele>
        <time>2026-03-27T15:07:09.200Z</time>
      </trkpt>
      <trkpt lat="38.713082" lon="-0.177117">
        <ele>687.733690</ele>
        <time>2026-03-27T15:07:15.177Z</time>
      </trkpt>
      <trkpt lat="38.713190" lon="-0.177615">
        <ele>683.788101</ele>
        <time>2026-03-27T15:07:18.651Z</time>
      </trkpt>
      <trkpt lat="38.713389" lon="-0.178157">
        <ele>679.215594</ele>
        <time>2026-03-27T15:07:22.715Z</time>
      </trkpt>
      <trkpt lat="38.713509" lon="-0.178829">
        <ele>673.953272</ele>
        <time>2026-03-27T15:07:27.417Z</time>
      </trkpt>
      <trkpt lat="38.713592" lon="-0.179042">
        <ele>672.844624</ele>
        <time>2026-03-27T15:07:29.057Z</time>
      </trkpt>
      <trkpt lat="38.713940" lon="-0.179570">
        <ele>669.794520</ele>
        <time>2026-03-27T15:07:33.842Z</time>
      </trkpt>
      <trkpt lat="38.714495" lon="-0.180298">
        <ele>665.302945</ele>
        <time>2026-03-27T15:07:41.302Z</time>
      </trkpt>
      <trkpt lat="38.714902" lon="-0.181246">
        <ele>660.801991</ele>
        <time>2026-03-27T15:07:50.504Z</time>
      </trkpt>
      <trkpt lat="38.714987" lon="-0.181363">
        <ele>660.158575</ele>
        <time>2026-03-27T15:07:51.827Z</time>
      </trkpt>
      <trkpt lat="38.715410" lon="-0.181788">
        <ele>657.386081</ele>
        <time>2026-03-27T15:07:57.151Z</time>
      </trkpt>
      <trkpt lat="38.715502" lon="-0.181912">
        <ele>656.697405</ele>
        <time>2026-03-27T15:07:58.386Z</time>
      </trkpt>
      <trkpt lat="38.715571" lon="-0.182056">
        <ele>656.017277</ele>
        <time>2026-03-27T15:07:59.575Z</time>
      </trkpt>
      <trkpt lat="38.715585" lon="-0.182173">
        <ele>655.540876</ele>
        <time>2026-03-27T15:08:00.396Z</time>
      </trkpt>
      <trkpt lat="38.715562" lon="-0.182338">
        <ele>654.866277</ele>
        <time>2026-03-27T15:08:01.546Z</time>
      </trkpt>
      <trkpt lat="38.715366" lon="-0.182927">
        <ele>649.920503</ele>
        <time>2026-03-27T15:08:05.787Z</time>
      </trkpt>
      <trkpt lat="38.715382" lon="-0.182989">
        <ele>649.357845</ele>
        <time>2026-03-27T15:08:06.215Z</time>
      </trkpt>
      <trkpt lat="38.715423" lon="-0.183022">
        <ele>648.823221</ele>
        <time>2026-03-27T15:08:06.618Z</time>
      </trkpt>
      <trkpt lat="38.715531" lon="-0.182999">
        <ele>647.614271</ele>
        <time>2026-03-27T15:08:07.523Z</time>
      </trkpt>
      <trkpt lat="38.715595" lon="-0.183018">
        <ele>646.888834</ele>
        <time>2026-03-27T15:08:08.074Z</time>
      </trkpt>
      <trkpt lat="38.715627" lon="-0.183074">
        <ele>646.290778</ele>
        <time>2026-03-27T15:08:08.524Z</time>
      </trkpt>
      <trkpt lat="38.715620" lon="-0.183148">
        <ele>645.648520</ele>
        <time>2026-03-27T15:08:09.008Z</time>
      </trkpt>
      <trkpt lat="38.715451" lon="-0.183471">
        <ele>642.297738</ele>
        <time>2026-03-27T15:08:11.547Z</time>
      </trkpt>
      <trkpt lat="38.715056" lon="-0.183959">
        <ele>636.239302</ele>
        <time>2026-03-27T15:08:16.220Z</time>
      </trkpt>
      <trkpt lat="38.715035" lon="-0.184034">
        <ele>635.552743</ele>
        <time>2026-03-27T15:08:16.751Z</time>
      </trkpt>
      <trkpt lat="38.715056" lon="-0.184095">
        <ele>634.978275</ele>
        <time>2026-03-27T15:08:17.202Z</time>
      </trkpt>
      <trkpt lat="38.715157" lon="-0.184125">
        <ele>634.175226</ele>
        <time>2026-03-27T15:08:18.101Z</time>
      </trkpt>
      <trkpt lat="38.715355" lon="-0.184108">
        <ele>633.101230</ele>
        <time>2026-03-27T15:08:19.858Z</time>
      </trkpt>
      <trkpt lat="38.715544" lon="-0.184001">
        <ele>631.982991</ele>
        <time>2026-03-27T15:08:21.726Z</time>
      </trkpt>
      <trkpt lat="38.716830" lon="-0.182936">
        <ele>623.014379</ele>
        <time>2026-03-27T15:08:36.871Z</time>
      </trkpt>
      <trkpt lat="38.716916" lon="-0.182773">
        <ele>621.655225</ele>
        <time>2026-03-27T15:08:38.281Z</time>
      </trkpt>
      <trkpt lat="38.716945" lon="-0.182587">
        <ele>620.345053</ele>
        <time>2026-03-27T15:08:39.616Z</time>
      </trkpt>
      <trkpt lat="38.716951" lon="-0.182381">
        <ele>618.921143</ele>
        <time>2026-03-27T15:08:41.052Z</time>
      </trkpt>
      <trkpt lat="38.716971" lon="-0.182329">
        <ele>618.520691</ele>
        <time>2026-03-27T15:08:41.449Z</time>
      </trkpt>
      <trkpt lat="38.717014" lon="-0.182283">
        <ele>618.024840</ele>
        <time>2026-03-27T15:08:41.942Z</time>
      </trkpt>
      <trkpt lat="38.717101" lon="-0.182299">
        <ele>617.246755</ele>
        <time>2026-03-27T15:08:42.712Z</time>
      </trkpt>
      <trkpt lat="38.717186" lon="-0.182429">
        <ele>616.075190</ele>
        <time>2026-03-27T15:08:43.866Z</time>
      </trkpt>
      <trkpt lat="38.717507" lon="-0.183160">
        <ele>610.281174</ele>
        <time>2026-03-27T15:08:49.440Z</time>
      </trkpt>
      <trkpt lat="38.717672" lon="-0.183644">
        <ele>606.201089</ele>
        <time>2026-03-27T15:08:52.889Z</time>
      </trkpt>
      <trkpt lat="38.717723" lon="-0.183921">
        <ele>603.851748</ele>
        <time>2026-03-27T15:08:54.753Z</time>
      </trkpt>
      <trkpt lat="38.717764" lon="-0.184359">
        <ele>600.210281</ele>
        <time>2026-03-27T15:08:57.656Z</time>
      </trkpt>
      <trkpt lat="38.717773" lon="-0.184861">
        <ele>596.065350</ele>
        <time>2026-03-27T15:09:00.996Z</time>
      </trkpt>
      <trkpt lat="38.717826" lon="-0.185166">
        <ele>593.485996</ele>
        <time>2026-03-27T15:09:03.103Z</time>
      </trkpt>
      <trkpt lat="38.718283" lon="-0.186120">
        <ele>585.935494</ele>
        <time>2026-03-27T15:09:10.919Z</time>
      </trkpt>
      <trkpt lat="38.718517" lon="-0.186412">
        <ele>583.528388</ele>
        <time>2026-03-27T15:09:13.945Z</time>
      </trkpt>
      <trkpt lat="38.718849" lon="-0.186677">
        <ele>580.645681</ele>
        <time>2026-03-27T15:09:17.511Z</time>
      </trkpt>
      <trkpt lat="38.718979" lon="-0.186816">
        <ele>579.397888</ele>
        <time>2026-03-27T15:09:19.023Z</time>
      </trkpt>
      <trkpt lat="38.719003" lon="-0.186958">
        <ele>578.562367</ele>
        <time>2026-03-27T15:09:20.029Z</time>
      </trkpt>
      <trkpt lat="38.718909" lon="-0.187231">
        <ele>576.846382</ele>
        <time>2026-03-27T15:09:22.077Z</time>
      </trkpt>
      <trkpt lat="38.718909" lon="-0.187371">
        <ele>575.914935</ele>
        <time>2026-03-27T15:09:23.021Z</time>
      </trkpt>
      <trkpt lat="38.718985" lon="-0.187538">
        <ele>574.532557</ele>
        <time>2026-03-27T15:09:24.330Z</time>
      </trkpt>
      <trkpt lat="38.719158" lon="-0.187804">
        <ele>572.056449</ele>
        <time>2026-03-27T15:09:26.651Z</time>
      </trkpt>
      <trkpt lat="38.719235" lon="-0.187980">
        <ele>570.613662</ele>
        <time>2026-03-27T15:09:28.003Z</time>
      </trkpt>
      <trkpt lat="38.719451" lon="-0.188675">
        <ele>565.264499</ele>
        <time>2026-03-27T15:09:33.004Z</time>
      </trkpt>
      <trkpt lat="38.719717" lon="-0.189546">
        <ele>559.234482</ele>
        <time>2026-03-27T15:09:39.393Z</time>
      </trkpt>
      <trkpt lat="38.719854" lon="-0.189657">
        <ele>558.400441</ele>
        <time>2026-03-27T15:09:40.851Z</time>
      </trkpt>
      <trkpt lat="38.720070" lon="-0.189744">
        <ele>557.235327</ele>
        <time>2026-03-27T15:09:42.950Z</time>
      </trkpt>
      <trkpt lat="38.720233" lon="-0.189843">
        <ele>556.307129</ele>
        <time>2026-03-27T15:09:44.656Z</time>
      </trkpt>
      <trkpt lat="38.720902" lon="-0.190543">
        <ele>551.863014</ele>
        <time>2026-03-27T15:09:53.128Z</time>
      </trkpt>
      <trkpt lat="38.721004" lon="-0.190736">
        <ele>550.927104</ele>
        <time>2026-03-27T15:09:54.991Z</time>
      </trkpt>
      <trkpt lat="38.721054" lon="-0.191061">
        <ele>549.710889</ele>
        <time>2026-03-27T15:09:57.567Z</time>
      </trkpt>
      <trkpt lat="38.721050" lon="-0.191267">
        <ele>548.960441</ele>
        <time>2026-03-27T15:09:59.123Z</time>
      </trkpt>
      <trkpt lat="38.720881" lon="-0.192118">
        <ele>545.762426</ele>
        <time>2026-03-27T15:10:05.597Z</time>
      </trkpt>
      <trkpt lat="38.720743" lon="-0.192769">
        <ele>543.305641</ele>
        <time>2026-03-27T15:10:10.562Z</time>
      </trkpt>
      <trkpt lat="38.720715" lon="-0.193055">
        <ele>542.281440</ele>
        <time>2026-03-27T15:10:12.674Z</time>
      </trkpt>
      <trkpt lat="38.720715" lon="-0.193650">
        <ele>540.440614</ele>
        <time>2026-03-27T15:10:16.985Z</time>
      </trkpt>
      <trkpt lat="38.720726" lon="-0.193884">
        <ele>539.715346</ele>
        <time>2026-03-27T15:10:18.695Z</time>
      </trkpt>
      <trkpt lat="38.720777" lon="-0.194702">
        <ele>537.176531</ele>
        <time>2026-03-27T15:10:24.998Z</time>
      </trkpt>
      <trkpt lat="38.720821" lon="-0.195210">
        <ele>535.595215</ele>
        <time>2026-03-27T15:10:29.176Z</time>
      </trkpt>
      <trkpt lat="38.720873" lon="-0.195431">
        <ele>535.027289</ele>
        <time>2026-03-27T15:10:31.398Z</time>
      </trkpt>
      <trkpt lat="38.721345" lon="-0.196228">
        <ele>533.029850</ele>
        <time>2026-03-27T15:10:39.587Z</time>
      </trkpt>
      <trkpt lat="38.721438" lon="-0.196279">
        <ele>532.771034</ele>
        <time>2026-03-27T15:10:40.597Z</time>
      </trkpt>
      <trkpt lat="38.721421" lon="-0.196393">
        <ele>532.539344</ele>
        <time>2026-03-27T15:10:41.526Z</time>
      </trkpt>
      <trkpt lat="38.721453" lon="-0.196516">
        <ele>532.280516</ele>
        <time>2026-03-27T15:10:42.593Z</time>
      </trkpt>
      <trkpt lat="38.721561" lon="-0.196602">
        <ele>531.955198</ele>
        <time>2026-03-27T15:10:43.907Z</time>
      </trkpt>
      <trkpt lat="38.721985" lon="-0.196714">
        <ele>530.847542</ele>
        <time>2026-03-27T15:10:48.483Z</time>
      </trkpt>
      <trkpt lat="38.722209" lon="-0.196659">
        <ele>530.547569</ele>
        <time>2026-03-27T15:10:50.976Z</time>
      </trkpt>
      <trkpt lat="38.722697" lon="-0.196409">
        <ele>530.095522</ele>
        <time>2026-03-27T15:10:56.618Z</time>
      </trkpt>
      <trkpt lat="38.722822" lon="-0.196372">
        <ele>529.985172</ele>
        <time>2026-03-27T15:10:58.075Z</time>
      </trkpt>
      <trkpt lat="38.722929" lon="-0.196392">
        <ele>529.892161</ele>
        <time>2026-03-27T15:10:59.419Z</time>
      </trkpt>
      <trkpt lat="38.722981" lon="-0.196422">
        <ele>529.843110</ele>
        <time>2026-03-27T15:11:00.164Z</time>
      </trkpt>
      <trkpt lat="38.723060" lon="-0.196525">
        <ele>529.746181</ele>
        <time>2026-03-27T15:11:01.876Z</time>
      </trkpt>
      <trkpt lat="38.723163" lon="-0.196812">
        <ele>529.534180</ele>
        <time>2026-03-27T15:11:06.044Z</time>
      </trkpt>
      <trkpt lat="38.723280" lon="-0.196959">
        <ele>529.393255</ele>
        <time>2026-03-27T15:11:08.904Z</time>
      </trkpt>
      <trkpt lat="38.723396" lon="-0.197045">
        <ele>529.277987</ele>
        <time>2026-03-27T15:11:11.271Z</time>
      </trkpt>
      <trkpt lat="38.723809" lon="-0.197258">
        <ele>529.522968</ele>
        <time>2026-03-27T15:11:18.802Z</time>
      </trkpt>
      <trkpt lat="38.723913" lon="-0.197287">
        <ele>529.662285</ele>
        <time>2026-03-27T15:11:20.478Z</time>
      </trkpt>
      <trkpt lat="38.724055" lon="-0.197286">
        <ele>529.848161</ele>
        <time>2026-03-27T15:11:22.814Z</time>
      </trkpt>
      <trkpt lat="38.724780" lon="-0.197168">
        <ele>530.804784</ele>
        <time>2026-03-27T15:11:36.197Z</time>
      </trkpt>
      <trkpt lat="38.724987" lon="-0.197159">
        <ele>531.075897</ele>
        <time>2026-03-27T15:11:40.835Z</time>
      </trkpt>
      <trkpt lat="38.725379" lon="-0.197226">
        <ele>531.786423</ele>
        <time>2026-03-27T15:11:50.871Z</time>
      </trkpt>
      <trkpt lat="38.725464" lon="-0.197282">
        <ele>532.165150</ele>
        <time>2026-03-27T15:11:53.503Z</time>
      </trkpt>
      <trkpt lat="38.725536" lon="-0.197396">
        <ele>532.618608</ele>
        <time>2026-03-27T15:11:56.654Z</time>
      </trkpt>
      <trkpt lat="38.725541" lon="-0.197649">
        <ele>533.401032</ele>
        <time>2026-03-27T15:12:02.291Z</time>
      </trkpt>
      <trkpt lat="38.725463" lon="-0.197869">
        <ele>534.148125</ele>
        <time>2026-03-27T15:12:07.814Z</time>
      </trkpt>
      <trkpt lat="38.725388" lon="-0.197946">
        <ele>534.528918</ele>
        <time>2026-03-27T15:12:10.723Z</time>
      </trkpt>
      <trkpt lat="38.724940" lon="-0.198156">
        <ele>536.419246</ele>
        <time>2026-03-27T15:12:25.769Z</time>
      </trkpt>
      <trkpt lat="38.724545" lon="-0.198447">
        <ele>538.224680</ele>
        <time>2026-03-27T15:12:41.182Z</time>
      </trkpt>
      <trkpt lat="38.724450" lon="-0.198577">
        <ele>538.843539</ele>
        <time>2026-03-27T15:12:45.983Z</time>
      </trkpt>
      <trkpt lat="38.724443" lon="-0.198607">
        <ele>538.984558</ele>
        <time>2026-03-27T15:12:46.822Z</time>
      </trkpt>
      <trkpt lat="38.724429" lon="-0.198673">
        <ele>539.292583</ele>
        <time>2026-03-27T15:12:48.641Z</time>
      </trkpt>
      <trkpt lat="38.724434" lon="-0.198777">
        <ele>539.761841</ele>
        <time>2026-03-27T15:12:51.463Z</time>
      </trkpt>
      <trkpt lat="38.724480" lon="-0.198928">
        <ele>540.491882</ele>
        <time>2026-03-27T15:12:55.907Z</time>
      </trkpt>
      <trkpt lat="38.724823" lon="-0.199767">
        <ele>544.757696</ele>
        <time>2026-03-27T15:13:24.136Z</time>
      </trkpt>
      <trkpt lat="38.724868" lon="-0.199918">
        <ele>545.485653</ele>
        <time>2026-03-27T15:13:29.432Z</time>
      </trkpt>
      <trkpt lat="38.724976" lon="-0.200550">
        <ele>548.399356</ele>
        <time>2026-03-27T15:13:50.932Z</time>
      </trkpt>
      <trkpt lat="38.725129" lon="-0.201014">
        <ele>550.177796</ele>
        <time>2026-03-27T15:14:05.578Z</time>
      </trkpt>
      <trkpt lat="38.725121" lon="-0.201119">
        <ele>550.512540</ele>
        <time>2026-03-27T15:14:08.376Z</time>
      </trkpt>
      <trkpt lat="38.725085" lon="-0.201196">
        <ele>550.797369</ele>
        <time>2026-03-27T15:14:10.631Z</time>
      </trkpt>
      <trkpt lat="38.724897" lon="-0.201321">
        <ele>551.658723</ele>
        <time>2026-03-27T15:14:17.327Z</time>
      </trkpt>
      <trkpt lat="38.724737" lon="-0.201359">
        <ele>552.320529</ele>
        <time>2026-03-27T15:14:22.082Z</time>
      </trkpt>
      <trkpt lat="38.724686" lon="-0.201336">
        <ele>552.540413</ele>
        <time>2026-03-27T15:14:23.601Z</time>
      </trkpt>
      <trkpt lat="38.724625" lon="-0.201290">
        <ele>552.828253</ele>
        <time>2026-03-27T15:14:25.582Z</time>
      </trkpt>
      <trkpt lat="38.724344" lon="-0.200831">
        <ele>554.679516</ele>
        <time>2026-03-27T15:14:37.944Z</time>
      </trkpt>
      <trkpt lat="38.724166" lon="-0.200605">
        <ele>555.698491</ele>
        <time>2026-03-27T15:14:44.722Z</time>
      </trkpt>
      <trkpt lat="38.724055" lon="-0.200551">
        <ele>556.181356</ele>
        <time>2026-03-27T15:14:47.952Z</time>
      </trkpt>
      <trkpt lat="38.724007" lon="-0.200551">
        <ele>556.392383</ele>
        <time>2026-03-27T15:14:49.259Z</time>
      </trkpt>
      <trkpt lat="38.723937" lon="-0.200595">
        <ele>556.804972</ele>
        <time>2026-03-27T15:14:51.426Z</time>
      </trkpt>
      <trkpt lat="38.723833" lon="-0.200732">
        <ele>557.594182</ele>
        <time>2026-03-27T15:14:55.631Z</time>
      </trkpt>
      <trkpt lat="38.723683" lon="-0.201016">
        <ele>559.010167</ele>
        <time>2026-03-27T15:15:03.676Z</time>
      </trkpt>
      <trkpt lat="38.723611" lon="-0.201206">
        <ele>559.882264</ele>
        <time>2026-03-27T15:15:09.059Z</time>
      </trkpt>
      <trkpt lat="38.723505" lon="-0.201930">
        <ele>562.923639</ele>
        <time>2026-03-27T15:15:30.473Z</time>
      </trkpt>
      <trkpt lat="38.723472" lon="-0.202093">
        <ele>563.618911</ele>
        <time>2026-03-27T15:15:35.853Z</time>
      </trkpt>
      <trkpt lat="38.723416" lon="-0.202210">
        <ele>564.185634</ele>
        <time>2026-03-27T15:15:40.345Z</time>
      </trkpt>
      <trkpt lat="38.722602" lon="-0.203202">
        <ele>570.273822</ele>
        <time>2026-03-27T15:16:29.444Z</time>
      </trkpt>
      <trkpt lat="38.722102" lon="-0.203574">
        <ele>573.436192</ele>
        <time>2026-03-27T15:16:51.751Z</time>
      </trkpt>
      <trkpt lat="38.721877" lon="-0.204060">
        <ele>575.691874</ele>
        <time>2026-03-27T15:17:04.363Z</time>
      </trkpt>
      <trkpt lat="38.721703" lon="-0.204470">
        <ele>575.819302</ele>
        <time>2026-03-27T15:17:11.639Z</time>
      </trkpt>
      <trkpt lat="38.721694" lon="-0.204615">
        <ele>575.859015</ele>
        <time>2026-03-27T15:17:13.266Z</time>
      </trkpt>
      <trkpt lat="38.721754" lon="-0.204743">
        <ele>575.899784</ele>
        <time>2026-03-27T15:17:14.726Z</time>
      </trkpt>
      <trkpt lat="38.721867" lon="-0.204855">
        <ele>575.949771</ele>
        <time>2026-03-27T15:17:16.389Z</time>
      </trkpt>
      <trkpt lat="38.722029" lon="-0.204911">
        <ele>576.008487</ele>
        <time>2026-03-27T15:17:18.301Z</time>
      </trkpt>
      <trkpt lat="38.722141" lon="-0.204902">
        <ele>576.047757</ele>
        <time>2026-03-27T15:17:19.580Z</time>
      </trkpt>
      <trkpt lat="38.722377" lon="-0.204816">
        <ele>576.133616</ele>
        <time>2026-03-27T15:17:22.386Z</time>
      </trkpt>
      <trkpt lat="38.722518" lon="-0.204824">
        <ele>576.183006</ele>
        <time>2026-03-27T15:17:24.064Z</time>
      </trkpt>
      <trkpt lat="38.722696" lon="-0.204960">
        <ele>576.255522</ele>
        <time>2026-03-27T15:17:26.656Z</time>
      </trkpt>
      <trkpt lat="38.722802" lon="-0.205075">
        <ele>576.304120</ele>
        <time>2026-03-27T15:17:28.717Z</time>
      </trkpt>
      <trkpt lat="38.722895" lon="-0.205215">
        <ele>576.958927</ele>
        <time>2026-03-27T15:17:31.376Z</time>
      </trkpt>
      <trkpt lat="38.722950" lon="-0.205396">
        <ele>577.745759</ele>
        <time>2026-03-27T15:17:34.801Z</time>
      </trkpt>
      <trkpt lat="38.722944" lon="-0.205535">
        <ele>578.309672</ele>
        <time>2026-03-27T15:17:37.684Z</time>
      </trkpt>
      <trkpt lat="38.722907" lon="-0.205667">
        <ele>578.877832</ele>
        <time>2026-03-27T15:17:40.868Z</time>
      </trkpt>
      <trkpt lat="38.722846" lon="-0.205757">
        <ele>579.360758</ele>
        <time>2026-03-27T15:17:43.779Z</time>
      </trkpt>
      <trkpt lat="38.722665" lon="-0.205881">
        <ele>580.426333</ele>
        <time>2026-03-27T15:17:51.024Z</time>
      </trkpt>
      <trkpt lat="38.722518" lon="-0.205944">
        <ele>581.231100</ele>
        <time>2026-03-27T15:17:57.047Z</time>
      </trkpt>
      <trkpt lat="38.722377" lon="-0.205970">
        <ele>581.970717</ele>
        <time>2026-03-27T15:18:02.922Z</time>
      </trkpt>
      <trkpt lat="38.721932" lon="-0.205921">
        <ele>584.289691</ele>
        <time>2026-03-27T15:18:23.067Z</time>
      </trkpt>
      <trkpt lat="38.721781" lon="-0.205997">
        <ele>585.131970</ele>
        <time>2026-03-27T15:18:30.799Z</time>
      </trkpt>
      <trkpt lat="38.721645" lon="-0.206135">
        <ele>586.158713</ele>
        <time>2026-03-27T15:18:39.233Z</time>
      </trkpt>
      <trkpt lat="38.721121" lon="-0.206811">
        <ele>591.289064</ele>
        <time>2026-03-27T15:19:15.817Z</time>
      </trkpt>
      <trkpt lat="38.720840" lon="-0.207099">
        <ele>593.771841</ele>
        <time>2026-03-27T15:19:32.026Z</time>
      </trkpt>
      <trkpt lat="38.720742" lon="-0.207226">
        <ele>594.733528</ele>
        <time>2026-03-27T15:19:37.940Z</time>
      </trkpt>
      <trkpt lat="38.720676" lon="-0.207359">
        <ele>595.582150</ele>
        <time>2026-03-27T15:19:42.865Z</time>
      </trkpt>
      <trkpt lat="38.720605" lon="-0.207646">
        <ele>597.203138</ele>
        <time>2026-03-27T15:19:51.429Z</time>
      </trkpt>
      <trkpt lat="38.720615" lon="-0.207802">
        <ele>598.045854</ele>
        <time>2026-03-27T15:19:55.409Z</time>
      </trkpt>
      <trkpt lat="38.720822" lon="-0.208487">
        <ele>599.837909</ele>
        <time>2026-03-27T15:20:10.060Z</time>
      </trkpt>
      <trkpt lat="38.720882" lon="-0.208594">
        <ele>600.157875</ele>
        <time>2026-03-27T15:20:12.509Z</time>
      </trkpt>
      <trkpt lat="38.721018" lon="-0.208657">
        <ele>600.607945</ele>
        <time>2026-03-27T15:20:15.970Z</time>
      </trkpt>
      <trkpt lat="38.721115" lon="-0.208664">
        <ele>600.910317</ele>
        <time>2026-03-27T15:20:18.304Z</time>
      </trkpt>
      <trkpt lat="38.721319" lon="-0.208547">
        <ele>601.605893</ele>
        <time>2026-03-27T15:20:23.699Z</time>
      </trkpt>
      <trkpt lat="38.721517" lon="-0.208418">
        <ele>602.297172</ele>
        <time>2026-03-27T15:20:29.144Z</time>
      </trkpt>
      <trkpt lat="38.721609" lon="-0.208449">
        <ele>602.593234</ele>
        <time>2026-03-27T15:20:31.567Z</time>
      </trkpt>
      <trkpt lat="38.721671" lon="-0.208527">
        <ele>602.863617</ele>
        <time>2026-03-27T15:20:33.743Z</time>
      </trkpt>
      <trkpt lat="38.721765" lon="-0.209116">
        <ele>605.054146</ele>
        <time>2026-03-27T15:20:46.072Z</time>
      </trkpt>
      <trkpt lat="38.721759" lon="-0.209306">
        <ele>606.023598</ele>
        <time>2026-03-27T15:20:50.363Z</time>
      </trkpt>
      <trkpt lat="38.721689" lon="-0.209389">
        <ele>606.646726</ele>
        <time>2026-03-27T15:20:53.526Z</time>
      </trkpt>
      <trkpt lat="38.721611" lon="-0.209388">
        <ele>607.156446</ele>
        <time>2026-03-27T15:20:56.388Z</time>
      </trkpt>
      <trkpt lat="38.721096" lon="-0.209208">
        <ele>610.644614</ele>
        <time>2026-03-27T15:21:20.246Z</time>
      </trkpt>
      <trkpt lat="38.720941" lon="-0.209249">
        <ele>611.678813</ele>
        <time>2026-03-27T15:21:27.758Z</time>
      </trkpt>
      <trkpt lat="38.720815" lon="-0.209409">
        <ele>612.837827</ele>
        <time>2026-03-27T15:21:36.332Z</time>
      </trkpt>
      <trkpt lat="38.720795" lon="-0.209478">
        <ele>613.213100</ele>
        <time>2026-03-27T15:21:39.100Z</time>
      </trkpt>
      <trkpt lat="38.720796" lon="-0.209629">
        <ele>613.982967</ele>
        <time>2026-03-27T15:21:44.840Z</time>
      </trkpt>
      <trkpt lat="38.720863" lon="-0.209753">
        <ele>614.751954</ele>
        <time>2026-03-27T15:21:50.559Z</time>
      </trkpt>
      <trkpt lat="38.721051" lon="-0.209904">
        <ele>616.067136</ele>
        <time>2026-03-27T15:22:01.511Z</time>
      </trkpt>
      <trkpt lat="38.721291" lon="-0.210051">
        <ele>617.508976</ele>
        <time>2026-03-27T15:22:14.648Z</time>
      </trkpt>
      <trkpt lat="38.721614" lon="-0.210111">
        <ele>619.278103</ele>
        <time>2026-03-27T15:22:30.697Z</time>
      </trkpt>
      <trkpt lat="38.722051" lon="-0.210250">
        <ele>621.718730</ele>
        <time>2026-03-27T15:22:49.684Z</time>
      </trkpt>
      <trkpt lat="38.722486" lon="-0.210167">
        <ele>624.102649</ele>
        <time>2026-03-27T15:23:01.695Z</time>
      </trkpt>
      <trkpt lat="38.722748" lon="-0.210052">
        <ele>625.182474</ele>
        <time>2026-03-27T15:23:06.167Z</time>
      </trkpt>
      <trkpt lat="38.723130" lon="-0.209737">
        <ele>625.297360</ele>
        <time>2026-03-27T15:23:11.310Z</time>
      </trkpt>
      <trkpt lat="38.723251" lon="-0.209603">
        <ele>625.337805</ele>
        <time>2026-03-27T15:23:12.975Z</time>
      </trkpt>
      <trkpt lat="38.723471" lon="-0.209233">
        <ele>625.429603</ele>
        <time>2026-03-27T15:23:16.715Z</time>
      </trkpt>
      <trkpt lat="38.723588" lon="-0.209079">
        <ele>625.472019</ele>
        <time>2026-03-27T15:23:18.585Z</time>
      </trkpt>
      <trkpt lat="38.724129" lon="-0.208516">
        <ele>626.491930</ele>
        <time>2026-03-27T15:23:34.636Z</time>
      </trkpt>
      <trkpt lat="38.724183" lon="-0.208475">
        <ele>626.933030</ele>
        <time>2026-03-27T15:23:37.059Z</time>
      </trkpt>
      <trkpt lat="38.724293" lon="-0.208452">
        <ele>627.716335</ele>
        <time>2026-03-27T15:23:41.610Z</time>
      </trkpt>
      <trkpt lat="38.724445" lon="-0.208510">
        <ele>628.830930</ele>
        <time>2026-03-27T15:23:48.465Z</time>
      </trkpt>
      <trkpt lat="38.724511" lon="-0.208574">
        <ele>629.412565</ele>
        <time>2026-03-27T15:23:52.250Z</time>
      </trkpt>
      <trkpt lat="38.724560" lon="-0.208715">
        <ele>630.258903</ele>
        <time>2026-03-27T15:23:57.932Z</time>
      </trkpt>
      <trkpt lat="38.724570" lon="-0.208865">
        <ele>631.084354</ele>
        <time>2026-03-27T15:24:03.601Z</time>
      </trkpt>
      <trkpt lat="38.724543" lon="-0.209085">
        <ele>632.305453</ele>
        <time>2026-03-27T15:24:12.251Z</time>
      </trkpt>
      <trkpt lat="38.724413" lon="-0.209559">
        <ele>635.060326</ele>
        <time>2026-03-27T15:24:32.828Z</time>
      </trkpt>
      <trkpt lat="38.724135" lon="-0.210211">
        <ele>638.889962</ele>
        <time>2026-03-27T15:25:01.555Z</time>
      </trkpt>
      <trkpt lat="38.724008" lon="-0.211201">
        <ele>642.857492</ele>
        <time>2026-03-27T15:25:30.210Z</time>
      </trkpt>
      <trkpt lat="38.723849" lon="-0.211789">
        <ele>645.318454</ele>
        <time>2026-03-27T15:25:45.656Z</time>
      </trkpt>
      <trkpt lat="38.723742" lon="-0.212030">
        <ele>646.415012</ele>
        <time>2026-03-27T15:25:52.238Z</time>
      </trkpt>
      <trkpt lat="38.723608" lon="-0.212228">
        <ele>647.404557</ele>
        <time>2026-03-27T15:25:58.108Z</time>
      </trkpt>
      <trkpt lat="38.723050" lon="-0.212722">
        <ele>648.740490</ele>
        <time>2026-03-27T15:26:14.233Z</time>
      </trkpt>
      <trkpt lat="38.722790" lon="-0.213162">
        <ele>649.588800</ele>
        <time>2026-03-27T15:26:22.929Z</time>
      </trkpt>
      <trkpt lat="38.722487" lon="-0.213347">
        <ele>650.249951</ele>
        <time>2026-03-27T15:26:29.935Z</time>
      </trkpt>
      <trkpt lat="38.722439" lon="-0.213511">
        <ele>650.519157</ele>
        <time>2026-03-27T15:26:33.223Z</time>
      </trkpt>
      <trkpt lat="38.722407" lon="-0.214122">
        <ele>651.458025</ele>
        <time>2026-03-27T15:26:43.271Z</time>
      </trkpt>
      <trkpt lat="38.722392" lon="-0.214192">
        <ele>651.569120</ele>
        <time>2026-03-27T15:26:44.243Z</time>
      </trkpt>
      <trkpt lat="38.722173" lon="-0.214603">
        <ele>652.330813</ele>
        <time>2026-03-27T15:26:51.286Z</time>
      </trkpt>
      <trkpt lat="38.722144" lon="-0.214719">
        <ele>652.517231</ele>
        <time>2026-03-27T15:26:53.618Z</time>
      </trkpt>
      <trkpt lat="38.722170" lon="-0.214942">
        <ele>652.862300</ele>
        <time>2026-03-27T15:26:58.210Z</time>
      </trkpt>
      <trkpt lat="38.722490" lon="-0.215483">
        <ele>653.901293</ele>
        <time>2026-03-27T15:27:12.743Z</time>
      </trkpt>
      <trkpt lat="38.722510" lon="-0.215604">
        <ele>654.090581</ele>
        <time>2026-03-27T15:27:15.391Z</time>
      </trkpt>
      <trkpt lat="38.722457" lon="-0.216044">
        <ele>654.559753</ele>
        <time>2026-03-27T15:27:22.740Z</time>
      </trkpt>
      <trkpt lat="38.722446" lon="-0.216320">
        <ele>654.707303</ele>
        <time>2026-03-27T15:27:26.315Z</time>
      </trkpt>
      <trkpt lat="38.722468" lon="-0.216710">
        <ele>654.916069</ele>
        <time>2026-03-27T15:27:32.409Z</time>
      </trkpt>
      <trkpt lat="38.722541" lon="-0.216827">
        <ele>654.996055</ele>
        <time>2026-03-27T15:27:35.248Z</time>
      </trkpt>
      <trkpt lat="38.722698" lon="-0.216872">
        <ele>655.106148</ele>
        <time>2026-03-27T15:27:39.758Z</time>
      </trkpt>
      <trkpt lat="38.722915" lon="-0.216868">
        <ele>655.254663</ele>
        <time>2026-03-27T15:27:45.159Z</time>
      </trkpt>
      <trkpt lat="38.722999" lon="-0.216905">
        <ele>655.315446</ele>
        <time>2026-03-27T15:27:47.144Z</time>
      </trkpt>
      <trkpt lat="38.723064" lon="-0.216985">
        <ele>655.377114</ele>
        <time>2026-03-27T15:27:48.927Z</time>
      </trkpt>
      <trkpt lat="38.723099" lon="-0.217110">
        <ele>655.448019</ele>
        <time>2026-03-27T15:27:50.633Z</time>
      </trkpt>
      <trkpt lat="38.723163" lon="-0.217827">
        <ele>654.460230</ele>
        <time>2026-03-27T15:27:56.699Z</time>
      </trkpt>
      <trkpt lat="38.723201" lon="-0.217933">
        <ele>653.975668</ele>
        <time>2026-03-27T15:27:57.565Z</time>
      </trkpt>
      <trkpt lat="38.723262" lon="-0.218010">
        <ele>653.519840</ele>
        <time>2026-03-27T15:27:58.371Z</time>
      </trkpt>
      <trkpt lat="38.723341" lon="-0.218074">
        <ele>653.022260</ele>
        <time>2026-03-27T15:27:59.226Z</time>
      </trkpt>
      <trkpt lat="38.723478" lon="-0.218108">
        <ele>652.279301</ele>
        <time>2026-03-27T15:28:00.500Z</time>
      </trkpt>
      <trkpt lat="38.723701" lon="-0.217945">
        <ele>650.912522</ele>
        <time>2026-03-27T15:28:02.786Z</time>
      </trkpt>
      <trkpt lat="38.723833" lon="-0.217751">
        <ele>649.843278</ele>
        <time>2026-03-27T15:28:04.562Z</time>
      </trkpt>
      <trkpt lat="38.724100" lon="-0.217124">
        <ele>646.876163</ele>
        <time>2026-03-27T15:28:09.470Z</time>
      </trkpt>
      <trkpt lat="38.724259" lon="-0.216887">
        <ele>646.536546</ele>
        <time>2026-03-27T15:28:11.736Z</time>
      </trkpt>
      <trkpt lat="38.724483" lon="-0.216623">
        <ele>647.887349</ele>
        <time>2026-03-27T15:28:15.051Z</time>
      </trkpt>
      <trkpt lat="38.724598" lon="-0.216583">
        <ele>648.416305</ele>
        <time>2026-03-27T15:28:17.256Z</time>
      </trkpt>
      <trkpt lat="38.724697" lon="-0.216610">
        <ele>648.865612</ele>
        <time>2026-03-27T15:28:19.703Z</time>
      </trkpt>
      <trkpt lat="38.724775" lon="-0.216686">
        <ele>649.300542</ele>
        <time>2026-03-27T15:28:22.648Z</time>
      </trkpt>
      <trkpt lat="38.724805" lon="-0.216797">
        <ele>649.707371</ele>
        <time>2026-03-27T15:28:25.924Z</time>
      </trkpt>
      <trkpt lat="38.724805" lon="-0.216896">
        <ele>650.050227</ele>
        <time>2026-03-27T15:28:28.983Z</time>
      </trkpt>
      <trkpt lat="38.724735" lon="-0.217134">
        <ele>650.931096</ele>
        <time>2026-03-27T15:28:38.488Z</time>
      </trkpt>
      <trkpt lat="38.724516" lon="-0.217474">
        <ele>652.458046</ele>
        <time>2026-03-27T15:28:57.444Z</time>
      </trkpt>
      <trkpt lat="38.724433" lon="-0.217602">
        <ele>653.034465</ele>
        <time>2026-03-27T15:29:04.603Z</time>
      </trkpt>
      <trkpt lat="38.724402" lon="-0.217712">
        <ele>653.439511</ele>
        <time>2026-03-27T15:29:09.399Z</time>
      </trkpt>
      <trkpt lat="38.724370" lon="-0.218184">
        <ele>655.849590</ele>
        <time>2026-03-27T15:29:30.470Z</time>
      </trkpt>
      <trkpt lat="38.724395" lon="-0.218313">
        <ele>656.665701</ele>
        <time>2026-03-27T15:29:36.333Z</time>
      </trkpt>
      <trkpt lat="38.724445" lon="-0.218420">
        <ele>657.431496</ele>
        <time>2026-03-27T15:29:41.868Z</time>
      </trkpt>
      <trkpt lat="38.724513" lon="-0.218481">
        <ele>658.084692</ele>
        <time>2026-03-27T15:29:46.411Z</time>
      </trkpt>
      <trkpt lat="38.724821" lon="-0.218635">
        <ele>660.686525</ele>
        <time>2026-03-27T15:30:03.501Z</time>
      </trkpt>
      <trkpt lat="38.724906" lon="-0.218713">
        <ele>661.509226</ele>
        <time>2026-03-27T15:30:08.491Z</time>
      </trkpt>
      <trkpt lat="38.724942" lon="-0.218805">
        <ele>662.141158</ele>
        <time>2026-03-27T15:30:12.361Z</time>
      </trkpt>
      <trkpt lat="38.724909" lon="-0.219666">
        <ele>667.433904</ele>
        <time>2026-03-27T15:30:39.582Z</time>
      </trkpt>
      <trkpt lat="38.724998" lon="-0.220143">
        <ele>668.943709</ele>
        <time>2026-03-27T15:30:53.115Z</time>
      </trkpt>
      <trkpt lat="38.724975" lon="-0.220547">
        <ele>669.737233</ele>
        <time>2026-03-27T15:31:02.276Z</time>
      </trkpt>
      <trkpt lat="38.725036" lon="-0.220759">
        <ele>670.179878</ele>
        <time>2026-03-27T15:31:05.929Z</time>
      </trkpt>
      <trkpt lat="38.725113" lon="-0.220834">
        <ele>670.422713</ele>
        <time>2026-03-27T15:31:07.886Z</time>
      </trkpt>
      <trkpt lat="38.725354" lon="-0.220953">
        <ele>671.071207</ele>
        <time>2026-03-27T15:31:13.330Z</time>
      </trkpt>
      <trkpt lat="38.725483" lon="-0.220987">
        <ele>671.401900</ele>
        <time>2026-03-27T15:31:16.051Z</time>
      </trkpt>
      <trkpt lat="38.725711" lon="-0.220987">
        <ele>671.974404</ele>
        <time>2026-03-27T15:31:20.475Z</time>
      </trkpt>
      <trkpt lat="38.726020" lon="-0.220921">
        <ele>672.753712</ele>
        <time>2026-03-27T15:31:26.899Z</time>
      </trkpt>
      <trkpt lat="38.726114" lon="-0.220973">
        <ele>672.590378</ele>
        <time>2026-03-27T15:31:29.031Z</time>
      </trkpt>
      <trkpt lat="38.726204" lon="-0.221069">
        <ele>672.403584</ele>
        <time>2026-03-27T15:31:31.276Z</time>
      </trkpt>
      <trkpt lat="38.726490" lon="-0.221738">
        <ele>671.454123</ele>
        <time>2026-03-27T15:31:40.506Z</time>
      </trkpt>
      <trkpt lat="38.726517" lon="-0.221842">
        <ele>671.317705</ele>
        <time>2026-03-27T15:31:41.626Z</time>
      </trkpt>
      <trkpt lat="38.726503" lon="-0.221963">
        <ele>671.165460</ele>
        <time>2026-03-27T15:31:43.019Z</time>
      </trkpt>
      <trkpt lat="38.726405" lon="-0.222368">
        <ele>670.637705</ele>
        <time>2026-03-27T15:31:47.067Z</time>
      </trkpt>
      <trkpt lat="38.726422" lon="-0.222486">
        <ele>670.488359</ele>
        <time>2026-03-27T15:31:48.024Z</time>
      </trkpt>
      <trkpt lat="38.726462" lon="-0.222588">
        <ele>670.346272</ele>
        <time>2026-03-27T15:31:48.902Z</time>
      </trkpt>
      <trkpt lat="38.726537" lon="-0.222657">
        <ele>670.198992</ele>
        <time>2026-03-27T15:31:49.781Z</time>
      </trkpt>
      <trkpt lat="38.726647" lon="-0.222687">
        <ele>670.019574</ele>
        <time>2026-03-27T15:31:50.832Z</time>
      </trkpt>
      <trkpt lat="38.727603" lon="-0.222617">
        <ele>664.811657</ele>
        <time>2026-03-27T15:31:59.347Z</time>
      </trkpt>
      <trkpt lat="38.727814" lon="-0.222674">
        <ele>663.560156</ele>
        <time>2026-03-27T15:32:01.259Z</time>
      </trkpt>
      <trkpt lat="38.728456" lon="-0.222967">
        <ele>659.605000</ele>
        <time>2026-03-27T15:32:07.590Z</time>
      </trkpt>
      <trkpt lat="38.728686" lon="-0.223111">
        <ele>659.002150</ele>
        <time>2026-03-27T15:32:10.340Z</time>
      </trkpt>
      <trkpt lat="38.729164" lon="-0.223575">
        <ele>657.834187</ele>
        <time>2026-03-27T15:32:17.940Z</time>
      </trkpt>
      <trkpt lat="38.729237" lon="-0.223679">
        <ele>657.621592</ele>
        <time>2026-03-27T15:32:19.304Z</time>
      </trkpt>
      <trkpt lat="38.729297" lon="-0.223926">
        <ele>657.228474</ele>
        <time>2026-03-27T15:32:21.700Z</time>
      </trkpt>
      <trkpt lat="38.729336" lon="-0.224482">
        <ele>656.380165</ele>
        <time>2026-03-27T15:32:26.626Z</time>
      </trkpt>
      <trkpt lat="38.729384" lon="-0.224616">
        <ele>656.156098</ele>
        <time>2026-03-27T15:32:27.876Z</time>
      </trkpt>
      <trkpt lat="38.729809" lon="-0.225211">
        <ele>654.698492</ele>
        <time>2026-03-27T15:32:34.707Z</time>
      </trkpt>
      <trkpt lat="38.729841" lon="-0.225346">
        <ele>654.435110</ele>
        <time>2026-03-27T15:32:35.863Z</time>
      </trkpt>
      <trkpt lat="38.729845" lon="-0.225467">
        <ele>654.209036</ele>
        <time>2026-03-27T15:32:36.871Z</time>
      </trkpt>
      <trkpt lat="38.729794" lon="-0.225720">
        <ele>653.721247</ele>
        <time>2026-03-27T15:32:39.021Z</time>
      </trkpt>
      <trkpt lat="38.729717" lon="-0.225897">
        <ele>653.342938</ele>
        <time>2026-03-27T15:32:40.672Z</time>
      </trkpt>
      <trkpt lat="38.729445" lon="-0.226367">
        <ele>652.250520</ele>
        <time>2026-03-27T15:32:45.661Z</time>
      </trkpt>
      <trkpt lat="38.729376" lon="-0.226483">
        <ele>651.978215</ele>
        <time>2026-03-27T15:32:46.919Z</time>
      </trkpt>
      <trkpt lat="38.729339" lon="-0.226600">
        <ele>651.742545</ele>
        <time>2026-03-27T15:32:48.011Z</time>
      </trkpt>
      <trkpt lat="38.729328" lon="-0.226738">
        <ele>651.220551</ele>
        <time>2026-03-27T15:32:49.167Z</time>
      </trkpt>
      <trkpt lat="38.729455" lon="-0.227567">
        <ele>646.999618</ele>
        <time>2026-03-27T15:32:55.629Z</time>
      </trkpt>
      <trkpt lat="38.729499" lon="-0.227714">
        <ele>646.212976</ele>
        <time>2026-03-27T15:32:56.746Z</time>
      </trkpt>
      <trkpt lat="38.729576" lon="-0.227900">
        <ele>645.160948</ele>
        <time>2026-03-27T15:32:58.215Z</time>
      </trkpt>
      <trkpt lat="38.729723" lon="-0.228103">
        <ele>643.777122</ele>
        <time>2026-03-27T15:33:00.108Z</time>
      </trkpt>
      <trkpt lat="38.730181" lon="-0.228477">
        <ele>640.299282</ele>
        <time>2026-03-27T15:33:04.789Z</time>
      </trkpt>
      <trkpt lat="38.730287" lon="-0.228591">
        <ele>639.695471</ele>
        <time>2026-03-27T15:33:05.972Z</time>
      </trkpt>
      <trkpt lat="38.730508" lon="-0.229098">
        <ele>637.950866</ele>
        <time>2026-03-27T15:33:09.955Z</time>
      </trkpt>
      <trkpt lat="38.730589" lon="-0.229351">
        <ele>637.129367</ele>
        <time>2026-03-27T15:33:11.932Z</time>
      </trkpt>
      <trkpt lat="38.730592" lon="-0.229499">
        <ele>636.684642</ele>
        <time>2026-03-27T15:33:13.037Z</time>
      </trkpt>
      <trkpt lat="38.730557" lon="-0.229586">
        <ele>636.390599</ele>
        <time>2026-03-27T15:33:13.802Z</time>
      </trkpt>
      <trkpt lat="38.730395" lon="-0.229744">
        <ele>635.606766</ele>
        <time>2026-03-27T15:33:15.881Z</time>
      </trkpt>
      <trkpt lat="38.730264" lon="-0.230016">
        <ele>634.646534</ele>
        <time>2026-03-27T15:33:18.707Z</time>
      </trkpt>
      <trkpt lat="38.730072" lon="-0.230300">
        <ele>633.517641</ele>
        <time>2026-03-27T15:33:23.786Z</time>
      </trkpt>
      <trkpt lat="38.729979" lon="-0.230453">
        <ele>633.529039</ele>
        <time>2026-03-27T15:33:27.552Z</time>
      </trkpt>
      <trkpt lat="38.729937" lon="-0.230629">
        <ele>634.238263</ele>
        <time>2026-03-27T15:33:31.743Z</time>
      </trkpt>
      <trkpt lat="38.729988" lon="-0.230822">
        <ele>635.023481</ele>
        <time>2026-03-27T15:33:36.832Z</time>
      </trkpt>
      <trkpt lat="38.730122" lon="-0.230983">
        <ele>635.930686</ele>
        <time>2026-03-27T15:33:43.194Z</time>
      </trkpt>
      <trkpt lat="38.730274" lon="-0.231126">
        <ele>636.862016</ele>
        <time>2026-03-27T15:33:50.139Z</time>
      </trkpt>
      <trkpt lat="38.730741" lon="-0.231509">
        <ele>639.600533</ele>
        <time>2026-03-27T15:34:10.865Z</time>
      </trkpt>
      <trkpt lat="38.730826" lon="-0.231611">
        <ele>640.175661</ele>
        <time>2026-03-27T15:34:15.271Z</time>
      </trkpt>
      <trkpt lat="38.731125" lon="-0.231995">
        <ele>642.357560</ele>
        <time>2026-03-27T15:34:32.669Z</time>
      </trkpt>
      <trkpt lat="38.731236" lon="-0.232098">
        <ele>643.365605</ele>
        <time>2026-03-27T15:34:38.536Z</time>
      </trkpt>
      <trkpt lat="38.731865" lon="-0.232383">
        <ele>648.273337</ele>
        <time>2026-03-27T15:35:07.856Z</time>
      </trkpt>
      <trkpt lat="38.732171" lon="-0.232601">
        <ele>650.848671</ele>
        <time>2026-03-27T15:35:24.161Z</time>
      </trkpt>
      <trkpt lat="38.732333" lon="-0.232801">
        <ele>652.503211</ele>
        <time>2026-03-27T15:35:34.692Z</time>
      </trkpt>
      <trkpt lat="38.732446" lon="-0.233059">
        <ele>654.201169</ele>
        <time>2026-03-27T15:35:45.495Z</time>
      </trkpt>
      <trkpt lat="38.732466" lon="-0.233183">
        <ele>654.927803</ele>
        <time>2026-03-27T15:35:50.098Z</time>
      </trkpt>
      <trkpt lat="38.732505" lon="-0.233970">
        <ele>657.897362</ele>
        <time>2026-03-27T15:36:17.146Z</time>
      </trkpt>
      <trkpt lat="38.732503" lon="-0.234472">
        <ele>659.696017</ele>
        <time>2026-03-27T15:36:32.138Z</time>
      </trkpt>
      <trkpt lat="38.732469" lon="-0.234913">
        <ele>661.283788</ele>
        <time>2026-03-27T15:36:42.990Z</time>
      </trkpt>
      <trkpt lat="38.732496" lon="-0.235407">
        <ele>663.058096</ele>
        <time>2026-03-27T15:36:51.976Z</time>
      </trkpt>
      <trkpt lat="38.732737" lon="-0.236730">
        <ele>663.938440</ele>
        <time>2026-03-27T15:37:06.598Z</time>
      </trkpt>
      <trkpt lat="38.732754" lon="-0.237147">
        <ele>664.064139</ele>
        <time>2026-03-27T15:37:11.088Z</time>
      </trkpt>
      <trkpt lat="38.732726" lon="-0.237305">
        <ele>664.112913</ele>
        <time>2026-03-27T15:37:13.006Z</time>
      </trkpt>
      <trkpt lat="38.732586" lon="-0.237664">
        <ele>664.233733</ele>
        <time>2026-03-27T15:37:18.220Z</time>
      </trkpt>
      <trkpt lat="38.732502" lon="-0.238248">
        <ele>665.148263</ele>
        <time>2026-03-27T15:37:27.159Z</time>
      </trkpt>
      <trkpt lat="38.731904" lon="-0.240284">
        <ele>669.152452</ele>
        <time>2026-03-27T15:38:12.062Z</time>
      </trkpt>
      <trkpt lat="38.731876" lon="-0.240547">
        <ele>669.667567</ele>
        <time>2026-03-27T15:38:17.343Z</time>
      </trkpt>
      <trkpt lat="38.731861" lon="-0.241218">
        <ele>670.970261</ele>
        <time>2026-03-27T15:38:29.843Z</time>
      </trkpt>
      <trkpt lat="38.731862" lon="-0.241432">
        <ele>671.385562</ele>
        <time>2026-03-27T15:38:33.703Z</time>
      </trkpt>
      <trkpt lat="38.731911" lon="-0.241630">
        <ele>671.788678</ele>
        <time>2026-03-27T15:38:37.524Z</time>
      </trkpt>
      <trkpt lat="38.732209" lon="-0.242022">
        <ele>672.850885</ele>
        <time>2026-03-27T15:38:47.847Z</time>
      </trkpt>
      <trkpt lat="38.732304" lon="-0.242340">
        <ele>673.910763</ele>
        <time>2026-03-27T15:38:54.546Z</time>
      </trkpt>
      <trkpt lat="38.732392" lon="-0.242482">
        <ele>674.508488</ele>
        <time>2026-03-27T15:38:58.302Z</time>
      </trkpt>
      <trkpt lat="38.732584" lon="-0.242712">
        <ele>675.618757</ele>
        <time>2026-03-27T15:39:05.468Z</time>
      </trkpt>
      <trkpt lat="38.732667" lon="-0.242956">
        <ele>676.496079</ele>
        <time>2026-03-27T15:39:11.297Z</time>
      </trkpt>
      <trkpt lat="38.732692" lon="-0.243140">
        <ele>677.111646</ele>
        <time>2026-03-27T15:39:15.738Z</time>
      </trkpt>
      <trkpt lat="38.732674" lon="-0.243241">
        <ele>677.453104</ele>
        <time>2026-03-27T15:39:18.570Z</time>
      </trkpt>
      <trkpt lat="38.732600" lon="-0.243359">
        <ele>677.952107</ele>
        <time>2026-03-27T15:39:22.580Z</time>
      </trkpt>
      <trkpt lat="38.732464" lon="-0.243506">
        <ele>678.703708</ele>
        <time>2026-03-27T15:39:28.935Z</time>
      </trkpt>
      <trkpt lat="38.732427" lon="-0.243637">
        <ele>679.162896</ele>
        <time>2026-03-27T15:39:32.906Z</time>
      </trkpt>
      <trkpt lat="38.732462" lon="-0.244162">
        <ele>680.988612</ele>
        <time>2026-03-27T15:39:48.531Z</time>
      </trkpt>
      <trkpt lat="38.732456" lon="-0.244363">
        <ele>681.815664</ele>
        <time>2026-03-27T15:39:54.822Z</time>
      </trkpt>
      <trkpt lat="38.732357" lon="-0.244411">
        <ele>682.373556</ele>
        <time>2026-03-27T15:39:59.960Z</time>
      </trkpt>
      <trkpt lat="38.732291" lon="-0.244593">
        <ele>683.198791</ele>
        <time>2026-03-27T15:40:07.478Z</time>
      </trkpt>
      <trkpt lat="38.732279" lon="-0.245046">
        <ele>685.062461</ele>
        <time>2026-03-27T15:40:25.062Z</time>
      </trkpt>
      <trkpt lat="38.732239" lon="-0.245211">
        <ele>685.772895</ele>
        <time>2026-03-27T15:40:31.947Z</time>
      </trkpt>
      <trkpt lat="38.731905" lon="-0.245734">
        <ele>688.552026</ele>
        <time>2026-03-27T15:40:54.881Z</time>
      </trkpt>
      <trkpt lat="38.731797" lon="-0.245819">
        <ele>689.220006</ele>
        <time>2026-03-27T15:40:58.978Z</time>
      </trkpt>
      <trkpt lat="38.731606" lon="-0.245826">
        <ele>689.904927</ele>
        <time>2026-03-27T15:41:04.424Z</time>
      </trkpt>
      <trkpt lat="38.731392" lon="-0.245866">
        <ele>689.271151</ele>
        <time>2026-03-27T15:41:09.473Z</time>
      </trkpt>
      <trkpt lat="38.731606" lon="-0.245826">
        <ele>688.637376</ele>
        <time>2026-03-27T15:41:13.315Z</time>
      </trkpt>
      <trkpt lat="38.731797" lon="-0.245819">
        <ele>688.077406</ele>
        <time>2026-03-27T15:41:16.322Z</time>
      </trkpt>
      <trkpt lat="38.731905" lon="-0.245734">
        <ele>687.706012</ele>
        <time>2026-03-27T15:41:18.176Z</time>
      </trkpt>
      <trkpt lat="38.732239" lon="-0.245211">
        <ele>686.160829</ele>
        <time>2026-03-27T15:41:25.207Z</time>
      </trkpt>
      <trkpt lat="38.732279" lon="-0.245046">
        <ele>685.765831</ele>
        <time>2026-03-27T15:41:26.944Z</time>
      </trkpt>
      <trkpt lat="38.732291" lon="-0.244593">
        <ele>684.729320</ele>
        <time>2026-03-27T15:41:31.587Z</time>
      </trkpt>
      <trkpt lat="38.732357" lon="-0.244411">
        <ele>684.262930</ele>
        <time>2026-03-27T15:41:33.694Z</time>
      </trkpt>
      <trkpt lat="38.732456" lon="-0.244363">
        <ele>683.947632</ele>
        <time>2026-03-27T15:41:35.121Z</time>
      </trkpt>
      <trkpt lat="38.732426" lon="-0.245471">
        <ele>681.371358</ele>
        <time>2026-03-27T15:41:43.633Z</time>
      </trkpt>
      <trkpt lat="38.732439" lon="-0.245604">
        <ele>681.059881</ele>
        <time>2026-03-27T15:41:44.761Z</time>
      </trkpt>
      <trkpt lat="38.732501" lon="-0.245763">
        <ele>680.646814</ele>
        <time>2026-03-27T15:41:46.281Z</time>
      </trkpt>
      <trkpt lat="38.732578" lon="-0.245920">
        <ele>680.215870</ele>
        <time>2026-03-27T15:41:48.103Z</time>
      </trkpt>
      <trkpt lat="38.732654" lon="-0.245983">
        <ele>679.946265</ele>
        <time>2026-03-27T15:41:49.258Z</time>
      </trkpt>
      <trkpt lat="38.732860" lon="-0.246103">
        <ele>679.504971</ele>
        <time>2026-03-27T15:41:52.353Z</time>
      </trkpt>
      <trkpt lat="38.732918" lon="-0.246170">
        <ele>679.727966</ele>
        <time>2026-03-27T15:41:53.473Z</time>
      </trkpt>
      <trkpt lat="38.732942" lon="-0.246339">
        <ele>680.110692</ele>
        <time>2026-03-27T15:41:55.569Z</time>
      </trkpt>
      <trkpt lat="38.732759" lon="-0.247181">
        <ele>682.058150</ele>
        <time>2026-03-27T15:42:09.950Z</time>
      </trkpt>
      <trkpt lat="38.732821" lon="-0.247757">
        <ele>683.353659</ele>
        <time>2026-03-27T15:42:24.794Z</time>
      </trkpt>
      <trkpt lat="38.732835" lon="-0.247904">
        <ele>683.683612</ele>
        <time>2026-03-27T15:42:28.934Z</time>
      </trkpt>
      <trkpt lat="38.732893" lon="-0.248095">
        <ele>684.140273</ele>
        <time>2026-03-27T15:42:34.871Z</time>
      </trkpt>
      <trkpt lat="38.733017" lon="-0.248397">
        <ele>685.290733</ele>
        <time>2026-03-27T15:42:44.963Z</time>
      </trkpt>
      <trkpt lat="38.733151" lon="-0.249388">
        <ele>689.879281</ele>
        <time>2026-03-27T15:43:16.026Z</time>
      </trkpt>
      <trkpt lat="38.733211" lon="-0.250736">
        <ele>696.088189</ele>
        <time>2026-03-27T15:43:55.547Z</time>
      </trkpt>
      <trkpt lat="38.733256" lon="-0.250830">
        <ele>696.616258</ele>
        <time>2026-03-27T15:43:58.801Z</time>
      </trkpt>
      <trkpt lat="38.733532" lon="-0.251079">
        <ele>698.687794</ele>
        <time>2026-03-27T15:44:12.753Z</time>
      </trkpt>
      <trkpt lat="38.733626" lon="-0.251208">
        <ele>699.533007</ele>
        <time>2026-03-27T15:44:18.610Z</time>
      </trkpt>
      <trkpt lat="38.733691" lon="-0.251422">
        <ele>700.632571</ele>
        <time>2026-03-27T15:44:26.164Z</time>
      </trkpt>
      <trkpt lat="38.733674" lon="-0.251755">
        <ele>702.230381</ele>
        <time>2026-03-27T15:44:36.843Z</time>
      </trkpt>
      <trkpt lat="38.733597" lon="-0.252026">
        <ele>703.611322</ele>
        <time>2026-03-27T15:44:45.870Z</time>
      </trkpt>
      <trkpt lat="38.733490" lon="-0.252303">
        <ele>705.091301</ele>
        <time>2026-03-27T15:44:55.324Z</time>
      </trkpt>
      <trkpt lat="38.733438" lon="-0.252545">
        <ele>706.224497</ele>
        <time>2026-03-27T15:45:02.773Z</time>
      </trkpt>
      <trkpt lat="38.733475" lon="-0.253592">
        <ele>709.566899</ele>
        <time>2026-03-27T15:45:31.373Z</time>
      </trkpt>
      <trkpt lat="38.733424" lon="-0.253984">
        <ele>710.834291</ele>
        <time>2026-03-27T15:45:39.651Z</time>
      </trkpt>
      <trkpt lat="38.733369" lon="-0.254212">
        <ele>711.595377</ele>
        <time>2026-03-27T15:45:44.401Z</time>
      </trkpt>
      <trkpt lat="38.733353" lon="-0.254418">
        <ele>712.255579</ele>
        <time>2026-03-27T15:45:48.551Z</time>
      </trkpt>
      <trkpt lat="38.733382" lon="-0.254571">
        <ele>712.757708</ele>
        <time>2026-03-27T15:45:51.702Z</time>
      </trkpt>
      <trkpt lat="38.733491" lon="-0.254887">
        <ele>713.866961</ele>
        <time>2026-03-27T15:45:58.651Z</time>
      </trkpt>
      <trkpt lat="38.733518" lon="-0.255062">
        <ele>714.445879</ele>
        <time>2026-03-27T15:46:02.343Z</time>
      </trkpt>
      <trkpt lat="38.733625" lon="-0.256242">
        <ele>718.301038</ele>
        <time>2026-03-27T15:46:30.180Z</time>
      </trkpt>
      <trkpt lat="38.733633" lon="-0.256454">
        <ele>718.989831</ele>
        <time>2026-03-27T15:46:35.804Z</time>
      </trkpt>
      <trkpt lat="38.733552" lon="-0.257207">
        <ele>721.604691</ele>
        <time>2026-03-27T15:46:57.500Z</time>
      </trkpt>
      <trkpt lat="38.733560" lon="-0.257374">
        <ele>722.298501</ele>
        <time>2026-03-27T15:47:02.419Z</time>
      </trkpt>
      <trkpt lat="38.733586" lon="-0.257508">
        <ele>722.871095</ele>
        <time>2026-03-27T15:47:06.541Z</time>
      </trkpt>
      <trkpt lat="38.733827" lon="-0.258177">
        <ele>725.926792</ele>
        <time>2026-03-27T15:47:28.603Z</time>
      </trkpt>
      <trkpt lat="38.734063" lon="-0.260388">
        <ele>734.529313</ele>
        <time>2026-03-27T15:48:28.945Z</time>
      </trkpt>
      <trkpt lat="38.734001" lon="-0.260903">
        <ele>736.390435</ele>
        <time>2026-03-27T15:48:41.942Z</time>
      </trkpt>
      <trkpt lat="38.733967" lon="-0.261799">
        <ele>739.544900</ele>
        <time>2026-03-27T15:49:04.093Z</time>
      </trkpt>
      <trkpt lat="38.733882" lon="-0.262459">
        <ele>741.798949</ele>
        <time>2026-03-27T15:49:20.613Z</time>
      </trkpt>
      <trkpt lat="38.733832" lon="-0.263079">
        <ele>743.899245</ele>
        <time>2026-03-27T15:49:36.315Z</time>
      </trkpt>
      <trkpt lat="38.733822" lon="-0.263699">
        <ele>745.988853</ele>
        <time>2026-03-27T15:49:52.121Z</time>
      </trkpt>
      <trkpt lat="38.733658" lon="-0.265021">
        <ele>750.802021</ele>
        <time>2026-03-27T15:50:25.761Z</time>
      </trkpt>
      <trkpt lat="38.733650" lon="-0.265391">
        <ele>752.143370</ele>
        <time>2026-03-27T15:50:35.504Z</time>
      </trkpt>
      <trkpt lat="38.733740" lon="-0.265971">
        <ele>754.286399</ele>
        <time>2026-03-27T15:50:51.570Z</time>
      </trkpt>
      <trkpt lat="38.734099" lon="-0.266909">
        <ele>757.952772</ele>
        <time>2026-03-27T15:51:20.389Z</time>
      </trkpt>
      <trkpt lat="38.734232" lon="-0.267167">
        <ele>759.031800</ele>
        <time>2026-03-27T15:51:28.519Z</time>
      </trkpt>
      <trkpt lat="38.734301" lon="-0.267305">
        <ele>759.603733</ele>
        <time>2026-03-27T15:51:32.754Z</time>
      </trkpt>
      <trkpt lat="38.734351" lon="-0.267804">
        <ele>761.359146</ele>
        <time>2026-03-27T15:51:44.929Z</time>
      </trkpt>
      <trkpt lat="38.734866" lon="-0.268977">
        <ele>765.824354</ele>
        <time>2026-03-27T15:52:15.605Z</time>
      </trkpt>
      <trkpt lat="38.734995" lon="-0.269253">
        <ele>766.864935</ele>
        <time>2026-03-27T15:52:22.590Z</time>
      </trkpt>
      <trkpt lat="38.735074" lon="-0.269452">
        <ele>767.587073</ele>
        <time>2026-03-27T15:52:27.526Z</time>
      </trkpt>
      <trkpt lat="38.735723" lon="-0.270969">
        <ele>774.051149</ele>
        <time>2026-03-27T15:53:15.161Z</time>
      </trkpt>
      <trkpt lat="38.735777" lon="-0.271090">
        <ele>774.640134</ele>
        <time>2026-03-27T15:53:19.758Z</time>
      </trkpt>
      <trkpt lat="38.736112" lon="-0.271905">
        <ele>778.532351</ele>
        <time>2026-03-27T15:53:49.694Z</time>
      </trkpt>
      <trkpt lat="38.736346" lon="-0.272398">
        <ele>779.951611</ele>
        <time>2026-03-27T15:54:06.080Z</time>
      </trkpt>
      <trkpt lat="38.736436" lon="-0.272536">
        <ele>779.831845</ele>
        <time>2026-03-27T15:54:10.414Z</time>
      </trkpt>
      <trkpt lat="38.737169" lon="-0.273314">
        <ele>779.019576</ele>
        <time>2026-03-27T15:54:23.648Z</time>
      </trkpt>
      <trkpt lat="38.737618" lon="-0.273782">
        <ele>778.313036</ele>
        <time>2026-03-27T15:54:29.052Z</time>
      </trkpt>
      <trkpt lat="38.738773" lon="-0.275068">
        <ele>767.572721</ele>
        <time>2026-03-27T15:54:42.671Z</time>
      </trkpt>
      <trkpt lat="38.738970" lon="-0.275535">
        <ele>764.733334</ele>
        <time>2026-03-27T15:54:46.391Z</time>
      </trkpt>
      <trkpt lat="38.739064" lon="-0.276092">
        <ele>761.780857</ele>
        <time>2026-03-27T15:54:50.386Z</time>
      </trkpt>
      <trkpt lat="38.739224" lon="-0.276444">
        <ele>759.670161</ele>
        <time>2026-03-27T15:54:53.243Z</time>
      </trkpt>
      <trkpt lat="38.739361" lon="-0.276584">
        <ele>758.506506</ele>
        <time>2026-03-27T15:54:54.817Z</time>
      </trkpt>
      <trkpt lat="38.739734" lon="-0.276821">
        <ele>755.741463</ele>
        <time>2026-03-27T15:54:58.559Z</time>
      </trkpt>
      <trkpt lat="38.740566" lon="-0.277085">
        <ele>752.246343</ele>
        <time>2026-03-27T15:55:06.521Z</time>
      </trkpt>
      <trkpt lat="38.740885" lon="-0.277059">
        <ele>751.309972</ele>
        <time>2026-03-27T15:55:09.840Z</time>
      </trkpt>
      <trkpt lat="38.741301" lon="-0.276832">
        <ele>749.985547</ele>
        <time>2026-03-27T15:55:14.965Z</time>
      </trkpt>
      <trkpt lat="38.741379" lon="-0.276736">
        <ele>749.668807</ele>
        <time>2026-03-27T15:55:16.317Z</time>
      </trkpt>
      <trkpt lat="38.741562" lon="-0.276200">
        <ele>748.669268</ele>
        <time>2026-03-27T15:55:22.235Z</time>
      </trkpt>
      <trkpt lat="38.741671" lon="-0.276053">
        <ele>748.617691</ele>
        <time>2026-03-27T15:55:24.618Z</time>
      </trkpt>
      <trkpt lat="38.742330" lon="-0.275705">
        <ele>748.385333</ele>
        <time>2026-03-27T15:55:34.134Z</time>
      </trkpt>
      <trkpt lat="38.743165" lon="-0.275267">
        <ele>748.124982</ele>
        <time>2026-03-27T15:55:46.417Z</time>
      </trkpt>
      <trkpt lat="38.743345" lon="-0.275042">
        <ele>748.124654</ele>
        <time>2026-03-27T15:55:51.470Z</time>
      </trkpt>
      <trkpt lat="38.743516" lon="-0.274768">
        <ele>748.124297</ele>
        <time>2026-03-27T15:55:56.488Z</time>
      </trkpt>
      <trkpt lat="38.743822" lon="-0.274126">
        <ele>748.123531</ele>
        <time>2026-03-27T15:56:06.106Z</time>
      </trkpt>
      <trkpt lat="38.743889" lon="-0.274043">
        <ele>748.123409</ele>
        <time>2026-03-27T15:56:07.501Z</time>
      </trkpt>
      <trkpt lat="38.743983" lon="-0.273961">
        <ele>748.123261</ele>
        <time>2026-03-27T15:56:09.003Z</time>
      </trkpt>
      <trkpt lat="38.744823" lon="-0.273434">
        <ele>746.895439</ele>
        <time>2026-03-27T15:56:20.598Z</time>
      </trkpt>
      <trkpt lat="38.745033" lon="-0.273246">
        <ele>746.333431</ele>
        <time>2026-03-27T15:56:23.396Z</time>
      </trkpt>
      <trkpt lat="38.745540" lon="-0.272625">
        <ele>744.794881</ele>
        <time>2026-03-27T15:56:30.856Z</time>
      </trkpt>
      <trkpt lat="38.745798" lon="-0.272269">
        <ele>743.709110</ele>
        <time>2026-03-27T15:56:34.702Z</time>
      </trkpt>
      <trkpt lat="38.746561" lon="-0.271102">
        <ele>737.991934</ele>
        <time>2026-03-27T15:56:45.840Z</time>
      </trkpt>
      <trkpt lat="38.747064" lon="-0.270585">
        <ele>734.926456</ele>
        <time>2026-03-27T15:56:51.825Z</time>
      </trkpt>
      <trkpt lat="38.748673" lon="-0.268803">
        <ele>725.436521</ele>
        <time>2026-03-27T15:57:12.325Z</time>
      </trkpt>
      <trkpt lat="38.748770" lon="-0.268747">
        <ele>724.985431</ele>
        <time>2026-03-27T15:57:13.353Z</time>
      </trkpt>
      <trkpt lat="38.748875" lon="-0.268725">
        <ele>724.534282</ele>
        <time>2026-03-27T15:57:14.379Z</time>
      </trkpt>
      <trkpt lat="38.749329" lon="-0.268772">
        <ele>722.602869</ele>
        <time>2026-03-27T15:57:18.735Z</time>
      </trkpt>
      <trkpt lat="38.749905" lon="-0.268853">
        <ele>720.145744</ele>
        <time>2026-03-27T15:57:24.233Z</time>
      </trkpt>
      <trkpt lat="38.750711" lon="-0.268950">
        <ele>719.637013</ele>
        <time>2026-03-27T15:57:32.682Z</time>
      </trkpt>
      <trkpt lat="38.750865" lon="-0.269002">
        <ele>719.611368</ele>
        <time>2026-03-27T15:57:34.848Z</time>
      </trkpt>
      <trkpt lat="38.750989" lon="-0.269158">
        <ele>719.583394</ele>
        <time>2026-03-27T15:57:37.700Z</time>
      </trkpt>
      <trkpt lat="38.751609" lon="-0.270459">
        <ele>720.317968</ele>
        <time>2026-03-27T15:58:07.878Z</time>
      </trkpt>
      <trkpt lat="38.751732" lon="-0.270805">
        <ele>720.894113</ele>
        <time>2026-03-27T15:58:15.583Z</time>
      </trkpt>
      <trkpt lat="38.751733" lon="-0.271507">
        <ele>721.957761</ele>
        <time>2026-03-27T15:58:27.253Z</time>
      </trkpt>
      <trkpt lat="38.751810" lon="-0.272401">
        <ele>723.565898</ele>
        <time>2026-03-27T15:58:40.687Z</time>
      </trkpt>
      <trkpt lat="38.751907" lon="-0.272530">
        <ele>724.020790</ele>
        <time>2026-03-27T15:58:43.582Z</time>
      </trkpt>
      <trkpt lat="38.752002" lon="-0.272589">
        <ele>724.364382</ele>
        <time>2026-03-27T15:58:45.881Z</time>
      </trkpt>
      <trkpt lat="38.752094" lon="-0.272607">
        <ele>724.667313</ele>
        <time>2026-03-27T15:58:47.991Z</time>
      </trkpt>
      <trkpt lat="38.752600" lon="-0.272551">
        <ele>726.320497</ele>
        <time>2026-03-27T15:59:00.467Z</time>
      </trkpt>
      <trkpt lat="38.753160" lon="-0.272681">
        <ele>728.172961</ele>
        <time>2026-03-27T15:59:18.001Z</time>
      </trkpt>
      <trkpt lat="38.753338" lon="-0.272773">
        <ele>728.797657</ele>
        <time>2026-03-27T15:59:25.184Z</time>
      </trkpt>
      <trkpt lat="38.753969" lon="-0.273310">
        <ele>734.476251</ele>
        <time>2026-03-27T15:59:58.143Z</time>
      </trkpt>
      <trkpt lat="38.754462" lon="-0.273621">
        <ele>738.609635</ele>
        <time>2026-03-27T16:00:24.261Z</time>
      </trkpt>
      <trkpt lat="38.755414" lon="-0.274196">
        <ele>745.940195</ele>
        <time>2026-03-27T16:01:16.376Z</time>
      </trkpt>
      <trkpt lat="38.756065" lon="-0.274587">
        <ele>750.590533</ele>
        <time>2026-03-27T16:01:45.944Z</time>
      </trkpt>
      <trkpt lat="38.756158" lon="-0.274554">
        <ele>751.214755</ele>
        <time>2026-03-27T16:01:49.720Z</time>
      </trkpt>
      <trkpt lat="38.756217" lon="-0.274360">
        <ele>752.265202</ele>
        <time>2026-03-27T16:01:55.626Z</time>
      </trkpt>
      <trkpt lat="38.756318" lon="-0.273832">
        <ele>754.273597</ele>
        <time>2026-03-27T16:02:08.988Z</time>
      </trkpt>
      <trkpt lat="38.756433" lon="-0.273603">
        <ele>754.667352</ele>
        <time>2026-03-27T16:02:14.485Z</time>
      </trkpt>
      <trkpt lat="38.756617" lon="-0.273381">
        <ele>755.135696</ele>
        <time>2026-03-27T16:02:20.138Z</time>
      </trkpt>
      <trkpt lat="38.756998" lon="-0.272423">
        <ele>756.690311</ele>
        <time>2026-03-27T16:02:37.317Z</time>
      </trkpt>
      <trkpt lat="38.757150" lon="-0.272224">
        <ele>757.093000</ele>
        <time>2026-03-27T16:02:40.978Z</time>
      </trkpt>
      <trkpt lat="38.757612" lon="-0.271718">
        <ele>757.645595</ele>
        <time>2026-03-27T16:02:49.730Z</time>
      </trkpt>
      <trkpt lat="38.757786" lon="-0.271390">
        <ele>757.856020</ele>
        <time>2026-03-27T16:02:54.615Z</time>
      </trkpt>
      <trkpt lat="38.757883" lon="-0.270900">
        <ele>758.124177</ele>
        <time>2026-03-27T16:03:01.644Z</time>
      </trkpt>
      <trkpt lat="38.757892" lon="-0.270672">
        <ele>758.245271</ele>
        <time>2026-03-27T16:03:04.756Z</time>
      </trkpt>
      <trkpt lat="38.757853" lon="-0.270190">
        <ele>758.502312</ele>
        <time>2026-03-27T16:03:11.552Z</time>
      </trkpt>
      <trkpt lat="38.758031" lon="-0.269382">
        <ele>760.374122</ele>
        <time>2026-03-27T16:03:25.840Z</time>
      </trkpt>
      <trkpt lat="38.758142" lon="-0.269015">
        <ele>761.307342</ele>
        <time>2026-03-27T16:03:34.230Z</time>
      </trkpt>
      <trkpt lat="38.758502" lon="-0.268096">
        <ele>763.745515</ele>
        <time>2026-03-27T16:03:58.444Z</time>
      </trkpt>
      <trkpt lat="38.758863" lon="-0.267011">
        <ele>767.287468</ele>
        <time>2026-03-27T16:04:29.922Z</time>
      </trkpt>
      <trkpt lat="38.759393" lon="-0.265776">
        <ele>771.687951</ele>
        <time>2026-03-27T16:05:01.898Z</time>
      </trkpt>
      <trkpt lat="38.759931" lon="-0.264668">
        <ele>776.269746</ele>
        <time>2026-03-27T16:05:25.368Z</time>
      </trkpt>
      <trkpt lat="38.760122" lon="-0.264414">
        <ele>777.508390</ele>
        <time>2026-03-27T16:05:33.965Z</time>
      </trkpt>
      <trkpt lat="38.760560" lon="-0.264004">
        <ele>781.633160</ele>
        <time>2026-03-27T16:05:59.950Z</time>
      </trkpt>
      <trkpt lat="38.760628" lon="-0.263978">
        <ele>782.648121</ele>
        <time>2026-03-27T16:06:04.225Z</time>
      </trkpt>
      <trkpt lat="38.760733" lon="-0.264003">
        <ele>784.175673</ele>
        <time>2026-03-27T16:06:11.123Z</time>
      </trkpt>
      <trkpt lat="38.760817" lon="-0.264096">
        <ele>785.762989</ele>
        <time>2026-03-27T16:06:18.659Z</time>
      </trkpt>
      <trkpt lat="38.760882" lon="-0.264247">
        <ele>787.686758</ele>
        <time>2026-03-27T16:06:28.453Z</time>
      </trkpt>
      <trkpt lat="38.761002" lon="-0.264694">
        <ele>792.959573</ele>
        <time>2026-03-27T16:06:57.789Z</time>
      </trkpt>
      <trkpt lat="38.761159" lon="-0.265102">
        <ele>798.034142</ele>
        <time>2026-03-27T16:07:27.677Z</time>
      </trkpt>
      <trkpt lat="38.761221" lon="-0.265661">
        <ele>804.331689</ele>
        <time>2026-03-27T16:08:05.404Z</time>
      </trkpt>
      <trkpt lat="38.761414" lon="-0.266427">
        <ele>811.817537</ele>
        <time>2026-03-27T16:08:55.445Z</time>
      </trkpt>
      <trkpt lat="38.761628" lon="-0.267025">
        <ele>817.853152</ele>
        <time>2026-03-27T16:09:30.174Z</time>
      </trkpt>
      <trkpt lat="38.761918" lon="-0.267618">
        <ele>824.274082</ele>
        <time>2026-03-27T16:09:59.394Z</time>
      </trkpt>
      <trkpt lat="38.762195" lon="-0.268293">
        <ele>825.162274</ele>
        <time>2026-03-27T16:10:17.886Z</time>
      </trkpt>
      <trkpt lat="38.762492" lon="-0.268703">
        <ele>824.274726</ele>
        <time>2026-03-27T16:10:23.243Z</time>
      </trkpt>
      <trkpt lat="38.762547" lon="-0.268738">
        <ele>824.149844</ele>
        <time>2026-03-27T16:10:23.889Z</time>
      </trkpt>
      <trkpt lat="38.762630" lon="-0.268733">
        <ele>823.980840</ele>
        <time>2026-03-27T16:10:24.710Z</time>
      </trkpt>
      <trkpt lat="38.762711" lon="-0.268650">
        <ele>823.769960</ele>
        <time>2026-03-27T16:10:25.718Z</time>
      </trkpt>
      <trkpt lat="38.762972" lon="-0.268077">
        <ele>822.717511</ele>
        <time>2026-03-27T16:10:30.417Z</time>
      </trkpt>
      <trkpt lat="38.763113" lon="-0.267911">
        <ele>822.039094</ele>
        <time>2026-03-27T16:10:32.090Z</time>
      </trkpt>
      <trkpt lat="38.763438" lon="-0.267751">
        <ele>818.644542</ele>
        <time>2026-03-27T16:10:35.095Z</time>
      </trkpt>
      <trkpt lat="38.763899" lon="-0.267284">
        <ele>812.916153</ele>
        <time>2026-03-27T16:10:40.126Z</time>
      </trkpt>
      <trkpt lat="38.764274" lon="-0.266976">
        <ele>808.573935</ele>
        <time>2026-03-27T16:10:43.932Z</time>
      </trkpt>
      <trkpt lat="38.764441" lon="-0.266789">
        <ele>806.412171</ele>
        <time>2026-03-27T16:10:45.827Z</time>
      </trkpt>
      <trkpt lat="38.764810" lon="-0.266158">
        <ele>801.616579</ele>
        <time>2026-03-27T16:10:51.154Z</time>
      </trkpt>
      <trkpt lat="38.764877" lon="-0.266140">
        <ele>801.129257</ele>
        <time>2026-03-27T16:10:51.759Z</time>
      </trkpt>
      <trkpt lat="38.764922" lon="-0.266246">
        <ele>800.459316</ele>
        <time>2026-03-27T16:10:52.580Z</time>
      </trkpt>
      <trkpt lat="38.764852" lon="-0.266701">
        <ele>797.885011</ele>
        <time>2026-03-27T16:10:55.802Z</time>
      </trkpt>
      <trkpt lat="38.764888" lon="-0.266878">
        <ele>796.869644</ele>
        <time>2026-03-27T16:10:57.092Z</time>
      </trkpt>
      <trkpt lat="38.764978" lon="-0.266926">
        <ele>796.175748</ele>
        <time>2026-03-27T16:10:57.972Z</time>
      </trkpt>
      <trkpt lat="38.765366" lon="-0.266970">
        <ele>793.402821</ele>
        <time>2026-03-27T16:11:01.577Z</time>
      </trkpt>
      <trkpt lat="38.765623" lon="-0.267094">
        <ele>791.908261</ele>
        <time>2026-03-27T16:11:04.205Z</time>
      </trkpt>
      <trkpt lat="38.765739" lon="-0.267111">
        <ele>791.700760</ele>
        <time>2026-03-27T16:11:05.361Z</time>
      </trkpt>
      <trkpt lat="38.765901" lon="-0.267052">
        <ele>791.401465</ele>
        <time>2026-03-27T16:11:07.077Z</time>
      </trkpt>
      <trkpt lat="38.766414" lon="-0.266761">
        <ele>790.404549</ele>
        <time>2026-03-27T16:11:13.235Z</time>
      </trkpt>
      <trkpt lat="38.766613" lon="-0.266692">
        <ele>790.038182</ele>
        <time>2026-03-27T16:11:15.717Z</time>
      </trkpt>
      <trkpt lat="38.767010" lon="-0.266651">
        <ele>789.330337</ele>
        <time>2026-03-27T16:11:21.317Z</time>
      </trkpt>
      <trkpt lat="38.767322" lon="-0.266706">
        <ele>788.882870</ele>
        <time>2026-03-27T16:11:26.100Z</time>
      </trkpt>
      <trkpt lat="38.768103" lon="-0.266997">
        <ele>789.160899</ele>
        <time>2026-03-27T16:11:38.700Z</time>
      </trkpt>
      <trkpt lat="38.768343" lon="-0.267151">
        <ele>789.252640</ele>
        <time>2026-03-27T16:11:43.371Z</time>
      </trkpt>
      <trkpt lat="38.768535" lon="-0.267387">
        <ele>789.343552</ele>
        <time>2026-03-27T16:11:47.784Z</time>
      </trkpt>
      <trkpt lat="38.768619" lon="-0.267533">
        <ele>789.391915</ele>
        <time>2026-03-27T16:11:50.207Z</time>
      </trkpt>
      <trkpt lat="38.768769" lon="-0.267898">
        <ele>789.397161</ele>
        <time>2026-03-27T16:11:55.702Z</time>
      </trkpt>
      <trkpt lat="38.768772" lon="-0.268069">
        <ele>789.228132</ele>
        <time>2026-03-27T16:11:58.077Z</time>
      </trkpt>
      <trkpt lat="38.768748" lon="-0.268222">
        <ele>789.073905</ele>
        <time>2026-03-27T16:12:00.333Z</time>
      </trkpt>
      <trkpt lat="38.768701" lon="-0.268456">
        <ele>788.835112</ele>
        <time>2026-03-27T16:12:03.620Z</time>
      </trkpt>
      <trkpt lat="38.768558" lon="-0.269021">
        <ele>788.248086</ele>
        <time>2026-03-27T16:12:11.534Z</time>
      </trkpt>
      <trkpt lat="38.768533" lon="-0.269373">
        <ele>787.898791</ele>
        <time>2026-03-27T16:12:15.097Z</time>
      </trkpt>
      <trkpt lat="38.768619" lon="-0.269733">
        <ele>787.526707</ele>
        <time>2026-03-27T16:12:18.177Z</time>
      </trkpt>
      <trkpt lat="38.768838" lon="-0.270206">
        <ele>785.872020</ele>
        <time>2026-03-27T16:12:22.228Z</time>
      </trkpt>
      <trkpt lat="38.768969" lon="-0.270940">
        <ele>781.315277</ele>
        <time>2026-03-27T16:12:27.488Z</time>
      </trkpt>
      <trkpt lat="38.769114" lon="-0.271500">
        <ele>777.744412</ele>
        <time>2026-03-27T16:12:31.516Z</time>
      </trkpt>
      <trkpt lat="38.769135" lon="-0.271715">
        <ele>776.433158</ele>
        <time>2026-03-27T16:12:32.978Z</time>
      </trkpt>
      <trkpt lat="38.769095" lon="-0.271911">
        <ele>775.207094</ele>
        <time>2026-03-27T16:12:34.342Z</time>
      </trkpt>
      <trkpt lat="38.768976" lon="-0.272150">
        <ele>773.491008</ele>
        <time>2026-03-27T16:12:36.248Z</time>
      </trkpt>
      <trkpt lat="38.768753" lon="-0.272643">
        <ele>769.150922</ele>
        <time>2026-03-27T16:12:40.074Z</time>
      </trkpt>
      <trkpt lat="38.768691" lon="-0.272846">
        <ele>767.463958</ele>
        <time>2026-03-27T16:12:41.547Z</time>
      </trkpt>
      <trkpt lat="38.768687" lon="-0.272984">
        <ele>766.395419</ele>
        <time>2026-03-27T16:12:42.481Z</time>
      </trkpt>
      <trkpt lat="38.768710" lon="-0.273102">
        <ele>765.454273</ele>
        <time>2026-03-27T16:12:43.307Z</time>
      </trkpt>
      <trkpt lat="38.768750" lon="-0.273195">
        <ele>764.632438</ele>
        <time>2026-03-27T16:12:44.021Z</time>
      </trkpt>
      <trkpt lat="38.768830" lon="-0.273270">
        <ele>763.649020</ele>
        <time>2026-03-27T16:12:44.876Z</time>
      </trkpt>
      <trkpt lat="38.769318" lon="-0.273460">
        <ele>758.587795</ele>
        <time>2026-03-27T16:12:49.251Z</time>
      </trkpt>
      <trkpt lat="38.769576" lon="-0.273411">
        <ele>755.999438</ele>
        <time>2026-03-27T16:12:51.475Z</time>
      </trkpt>
      <trkpt lat="38.769895" lon="-0.273448">
        <ele>753.362149</ele>
        <time>2026-03-27T16:12:54.203Z</time>
      </trkpt>
      <trkpt lat="38.770743" lon="-0.272974">
        <ele>746.117000</ele>
        <time>2026-03-27T16:13:02.350Z</time>
      </trkpt>
      <trkpt lat="38.770882" lon="-0.272938">
        <ele>745.006330</ele>
        <time>2026-03-27T16:13:03.674Z</time>
      </trkpt>
      <trkpt lat="38.771034" lon="-0.273029">
        <ele>743.692509</ele>
        <time>2026-03-27T16:13:05.248Z</time>
      </trkpt>
      <trkpt lat="38.771105" lon="-0.273319">
        <ele>741.836356</ele>
        <time>2026-03-27T16:13:07.455Z</time>
      </trkpt>
      <trkpt lat="38.771156" lon="-0.273423">
        <ele>741.075720</ele>
        <time>2026-03-27T16:13:08.342Z</time>
      </trkpt>
      <trkpt lat="38.771609" lon="-0.273783">
        <ele>736.701003</ele>
        <time>2026-03-27T16:13:13.215Z</time>
      </trkpt>
      <trkpt lat="38.771681" lon="-0.273812">
        <ele>736.081483</ele>
        <time>2026-03-27T16:13:13.899Z</time>
      </trkpt>
      <trkpt lat="38.771834" lon="-0.273783">
        <ele>734.811836</ele>
        <time>2026-03-27T16:13:15.291Z</time>
      </trkpt>
      <trkpt lat="38.772264" lon="-0.273339">
        <ele>730.280182</ele>
        <time>2026-03-27T16:13:20.131Z</time>
      </trkpt>
      <trkpt lat="38.772388" lon="-0.273238">
        <ele>729.074336</ele>
        <time>2026-03-27T16:13:21.391Z</time>
      </trkpt>
      <trkpt lat="38.772568" lon="-0.273139">
        <ele>727.466561</ele>
        <time>2026-03-27T16:13:23.075Z</time>
      </trkpt>
      <trkpt lat="38.772750" lon="-0.273057">
        <ele>725.660345</ele>
        <time>2026-03-27T16:13:24.710Z</time>
      </trkpt>
      <trkpt lat="38.773167" lon="-0.272938">
        <ele>720.958493</ele>
        <time>2026-03-27T16:13:28.315Z</time>
      </trkpt>
      <trkpt lat="38.773518" lon="-0.272873">
        <ele>717.055223</ele>
        <time>2026-03-27T16:13:31.330Z</time>
      </trkpt>
      <trkpt lat="38.773668" lon="-0.272791">
        <ele>715.260588</ele>
        <time>2026-03-27T16:13:32.718Z</time>
      </trkpt>
      <trkpt lat="38.773932" lon="-0.272488">
        <ele>711.361513</ele>
        <time>2026-03-27T16:13:35.746Z</time>
      </trkpt>
      <trkpt lat="38.774146" lon="-0.272175">
        <ele>707.789249</ele>
        <time>2026-03-27T16:13:38.519Z</time>
      </trkpt>
      <trkpt lat="38.774473" lon="-0.271205">
        <ele>699.712251</ele>
        <time>2026-03-27T16:13:45.564Z</time>
      </trkpt>
      <trkpt lat="38.774859" lon="-0.270786">
        <ele>694.834583</ele>
        <time>2026-03-27T16:13:49.944Z</time>
      </trkpt>
      <trkpt lat="38.774931" lon="-0.270668">
        <ele>693.707741</ele>
        <time>2026-03-27T16:13:50.960Z</time>
      </trkpt>
      <trkpt lat="38.775115" lon="-0.269967">
        <ele>688.684706</ele>
        <time>2026-03-27T16:13:55.981Z</time>
      </trkpt>
      <trkpt lat="38.775314" lon="-0.269651">
        <ele>686.953223</ele>
        <time>2026-03-27T16:13:58.782Z</time>
      </trkpt>
      <trkpt lat="38.775422" lon="-0.269415">
        <ele>685.786781</ele>
        <time>2026-03-27T16:14:00.712Z</time>
      </trkpt>
      <trkpt lat="38.775461" lon="-0.269367">
        <ele>685.491269</ele>
        <time>2026-03-27T16:14:01.207Z</time>
      </trkpt>
      <trkpt lat="38.775664" lon="-0.269288">
        <ele>684.331421</ele>
        <time>2026-03-27T16:14:03.169Z</time>
      </trkpt>
      <trkpt lat="38.775736" lon="-0.269225">
        <ele>683.854897</ele>
        <time>2026-03-27T16:14:03.986Z</time>
      </trkpt>
      <trkpt lat="38.775929" lon="-0.268977">
        <ele>682.361276</ele>
        <time>2026-03-27T16:14:06.621Z</time>
      </trkpt>
      <trkpt lat="38.776070" lon="-0.268957">
        <ele>681.585668</ele>
        <time>2026-03-27T16:14:08.054Z</time>
      </trkpt>
      <trkpt lat="38.776173" lon="-0.268991">
        <ele>681.004173</ele>
        <time>2026-03-27T16:14:09.177Z</time>
      </trkpt>
      <trkpt lat="38.776393" lon="-0.269064">
        <ele>679.761742</ele>
        <time>2026-03-27T16:14:11.605Z</time>
      </trkpt>
      <trkpt lat="38.776561" lon="-0.269090">
        <ele>678.996641</ele>
        <time>2026-03-27T16:14:14.215Z</time>
      </trkpt>
      <trkpt lat="38.776712" lon="-0.268999">
        <ele>678.287338</ele>
        <time>2026-03-27T16:14:16.746Z</time>
      </trkpt>
      <trkpt lat="38.776736" lon="-0.269022">
        <ele>678.159969</ele>
        <time>2026-03-27T16:14:17.210Z</time>
      </trkpt>
      <trkpt lat="38.777216" lon="-0.269471">
        <ele>675.634246</ele>
        <time>2026-03-27T16:14:23.299Z</time>
      </trkpt>
      <trkpt lat="38.777235" lon="-0.269490">
        <ele>675.531821</ele>
        <time>2026-03-27T16:14:23.529Z</time>
      </trkpt>
      <trkpt lat="38.777486" lon="-0.269876">
        <ele>673.865821</ele>
        <time>2026-03-27T16:14:27.230Z</time>
      </trkpt>
      <trkpt lat="38.777598" lon="-0.270162">
        <ele>672.805021</ele>
        <time>2026-03-27T16:14:29.518Z</time>
      </trkpt>
      <trkpt lat="38.777721" lon="-0.270708">
        <ele>670.683021</ele>
        <time>2026-03-27T16:14:33.524Z</time>
      </trkpt>
      <trkpt lat="38.777742" lon="-0.270921">
        <ele>669.799826</ele>
        <time>2026-03-27T16:14:35.034Z</time>
      </trkpt>
      <trkpt lat="38.777734" lon="-0.271205">
        <ele>668.630774</ele>
        <time>2026-03-27T16:14:37.069Z</time>
      </trkpt>
      <trkpt lat="38.777733" lon="-0.271442">
        <ele>667.655815</ele>
        <time>2026-03-27T16:14:38.787Z</time>
      </trkpt>
      <trkpt lat="38.777771" lon="-0.271511">
        <ele>667.308287</ele>
        <time>2026-03-27T16:14:39.401Z</time>
      </trkpt>
      <trkpt lat="38.777862" lon="-0.271555">
        <ele>666.795118</ele>
        <time>2026-03-27T16:14:40.309Z</time>
      </trkpt>
      <trkpt lat="38.777971" lon="-0.271493">
        <ele>666.165935</ele>
        <time>2026-03-27T16:14:41.424Z</time>
      </trkpt>
      <trkpt lat="38.778173" lon="-0.270717">
        <ele>662.800467</ele>
        <time>2026-03-27T16:14:47.483Z</time>
      </trkpt>
      <trkpt lat="38.778378" lon="-0.270230">
        <ele>660.800487</ele>
        <time>2026-03-27T16:14:51.779Z</time>
      </trkpt>
      <trkpt lat="38.778427" lon="-0.269848">
        <ele>659.440582</ele>
        <time>2026-03-27T16:14:54.782Z</time>
      </trkpt>
      <trkpt lat="38.778439" lon="-0.269286">
        <ele>657.465690</ele>
        <time>2026-03-27T16:14:58.988Z</time>
      </trkpt>
      <trkpt lat="38.778330" lon="-0.268602">
        <ele>655.013298</ele>
        <time>2026-03-27T16:15:04.146Z</time>
      </trkpt>
      <trkpt lat="38.778331" lon="-0.268479">
        <ele>654.581209</ele>
        <time>2026-03-27T16:15:05.055Z</time>
      </trkpt>
      <trkpt lat="38.778379" lon="-0.268363">
        <ele>654.051951</ele>
        <time>2026-03-27T16:15:06.021Z</time>
      </trkpt>
      <trkpt lat="38.778441" lon="-0.268314">
        <ele>653.608821</ele>
        <time>2026-03-27T16:15:06.703Z</time>
      </trkpt>
      <trkpt lat="38.778544" lon="-0.268323">
        <ele>652.980610</ele>
        <time>2026-03-27T16:15:07.664Z</time>
      </trkpt>
      <trkpt lat="38.778608" lon="-0.268391">
        <ele>652.474923</ele>
        <time>2026-03-27T16:15:08.430Z</time>
      </trkpt>
      <trkpt lat="38.778631" lon="-0.268470">
        <ele>652.074888</ele>
        <time>2026-03-27T16:15:09.044Z</time>
      </trkpt>
      <trkpt lat="38.778670" lon="-0.269048">
        <ele>649.322765</ele>
        <time>2026-03-27T16:15:13.197Z</time>
      </trkpt>
      <trkpt lat="38.778721" lon="-0.269231">
        <ele>648.400861</ele>
        <time>2026-03-27T16:15:14.585Z</time>
      </trkpt>
      <trkpt lat="38.778844" lon="-0.269340">
        <ele>647.491164</ele>
        <time>2026-03-27T16:15:15.942Z</time>
      </trkpt>
      <trkpt lat="38.779088" lon="-0.269392">
        <ele>645.986063</ele>
        <time>2026-03-27T16:15:18.185Z</time>
      </trkpt>
      <trkpt lat="38.779140" lon="-0.269416">
        <ele>645.649783</ele>
        <time>2026-03-27T16:15:18.700Z</time>
      </trkpt>
      <trkpt lat="38.779781" lon="-0.270282">
        <ele>639.278438</ele>
        <time>2026-03-27T16:15:27.085Z</time>
      </trkpt>
      <trkpt lat="38.780148" lon="-0.270542">
        <ele>636.194612</ele>
        <time>2026-03-27T16:15:30.840Z</time>
      </trkpt>
      <trkpt lat="38.780479" lon="-0.270971">
        <ele>632.733550</ele>
        <time>2026-03-27T16:15:35.024Z</time>
      </trkpt>
      <trkpt lat="38.780539" lon="-0.271114">
        <ele>631.802353</ele>
        <time>2026-03-27T16:15:36.146Z</time>
      </trkpt>
      <trkpt lat="38.780730" lon="-0.271793">
        <ele>627.660732</ele>
        <time>2026-03-27T16:15:41.098Z</time>
      </trkpt>
      <trkpt lat="38.780770" lon="-0.272252">
        <ele>625.009761</ele>
        <time>2026-03-27T16:15:44.268Z</time>
      </trkpt>
      <trkpt lat="38.780799" lon="-0.272311">
        <ele>624.609418</ele>
        <time>2026-03-27T16:15:44.748Z</time>
      </trkpt>
      <trkpt lat="38.780903" lon="-0.272388">
        <ele>623.725280</ele>
        <time>2026-03-27T16:15:45.817Z</time>
      </trkpt>
      <trkpt lat="38.781180" lon="-0.272402">
        <ele>621.684158</ele>
        <time>2026-03-27T16:15:48.289Z</time>
      </trkpt>
      <trkpt lat="38.781248" lon="-0.272382">
        <ele>621.170486</ele>
        <time>2026-03-27T16:15:48.916Z</time>
      </trkpt>
      <trkpt lat="38.781307" lon="-0.272333">
        <ele>620.652976</ele>
        <time>2026-03-27T16:15:49.539Z</time>
      </trkpt>
      <trkpt lat="38.781345" lon="-0.272246">
        <ele>620.080577</ele>
        <time>2026-03-27T16:15:50.235Z</time>
      </trkpt>
      <trkpt lat="38.781471" lon="-0.271620">
        <ele>616.491477</ele>
        <time>2026-03-27T16:15:54.801Z</time>
      </trkpt>
      <trkpt lat="38.781313" lon="-0.270790">
        <ele>612.723455</ele>
        <time>2026-03-27T16:16:00.988Z</time>
      </trkpt>
      <trkpt lat="38.781366" lon="-0.270249">
        <ele>610.318770</ele>
        <time>2026-03-27T16:16:04.985Z</time>
      </trkpt>
      <trkpt lat="38.781508" lon="-0.269881">
        <ele>608.507873</ele>
        <time>2026-03-27T16:16:07.980Z</time>
      </trkpt>
      <trkpt lat="38.781749" lon="-0.269446">
        <ele>606.089842</ele>
        <time>2026-03-27T16:16:11.817Z</time>
      </trkpt>
      <trkpt lat="38.782050" lon="-0.268968">
        <ele>603.071073</ele>
        <time>2026-03-27T16:16:16.200Z</time>
      </trkpt>
      <trkpt lat="38.782165" lon="-0.268931">
        <ele>602.323876</ele>
        <time>2026-03-27T16:16:17.266Z</time>
      </trkpt>
      <trkpt lat="38.782241" lon="-0.268961">
        <ele>601.822748</ele>
        <time>2026-03-27T16:16:17.975Z</time>
      </trkpt>
      <trkpt lat="38.782300" lon="-0.269029">
        <ele>601.322891</ele>
        <time>2026-03-27T16:16:18.676Z</time>
      </trkpt>
      <trkpt lat="38.782334" lon="-0.269169">
        <ele>600.602503</ele>
        <time>2026-03-27T16:16:19.684Z</time>
      </trkpt>
      <trkpt lat="38.782317" lon="-0.269265">
        <ele>600.118864</ele>
        <time>2026-03-27T16:16:20.360Z</time>
      </trkpt>
      <trkpt lat="38.782061" lon="-0.269731">
        <ele>597.318149</ele>
        <time>2026-03-27T16:16:24.309Z</time>
      </trkpt>
      <trkpt lat="38.782038" lon="-0.269840">
        <ele>596.763387</ele>
        <time>2026-03-27T16:16:25.111Z</time>
      </trkpt>
      <trkpt lat="38.782045" lon="-0.269950">
        <ele>596.221186</ele>
        <time>2026-03-27T16:16:25.906Z</time>
      </trkpt>
      <trkpt lat="38.782158" lon="-0.270291">
        <ele>595.302650</ele>
        <time>2026-03-27T16:16:28.636Z</time>
      </trkpt>
      <trkpt lat="38.782325" lon="-0.270693">
        <ele>595.116474</ele>
        <time>2026-03-27T16:16:32.230Z</time>
      </trkpt>
      <trkpt lat="38.782375" lon="-0.270762">
        <ele>595.077971</ele>
        <time>2026-03-27T16:16:32.991Z</time>
      </trkpt>
      <trkpt lat="38.782507" lon="-0.270836">
        <ele>595.002443</ele>
        <time>2026-03-27T16:16:34.588Z</time>
      </trkpt>
      <trkpt lat="38.783350" lon="-0.271065">
        <ele>594.550656</ele>
        <time>2026-03-27T16:16:50.133Z</time>
      </trkpt>
      <trkpt lat="38.784092" lon="-0.271389">
        <ele>596.571757</ele>
        <time>2026-03-27T16:17:16.054Z</time>
      </trkpt>
      <trkpt lat="38.784868" lon="-0.271743">
        <ele>599.620359</ele>
        <time>2026-03-27T16:17:41.315Z</time>
      </trkpt>
      <trkpt lat="38.785007" lon="-0.271807">
        <ele>600.167008</ele>
        <time>2026-03-27T16:17:45.768Z</time>
      </trkpt>
      <trkpt lat="38.785185" lon="-0.271837">
        <ele>600.831545</ele>
        <time>2026-03-27T16:17:51.103Z</time>
      </trkpt>
      <trkpt lat="38.787614" lon="-0.271883">
        <ele>606.911065</ele>
        <time>2026-03-27T16:18:53.797Z</time>
      </trkpt>
      <trkpt lat="38.787756" lon="-0.271883">
        <ele>607.098532</ele>
        <time>2026-03-27T16:18:56.041Z</time>
      </trkpt>
      <trkpt lat="38.788126" lon="-0.271886">
        <ele>607.587012</ele>
        <time>2026-03-27T16:19:01.774Z</time>
      </trkpt>
      <trkpt lat="38.788165" lon="-0.271713">
        <ele>607.772333</ele>
        <time>2026-03-27T16:19:03.822Z</time>
      </trkpt>
      <trkpt lat="38.788236" lon="-0.271543">
        <ele>607.970800</ele>
        <time>2026-03-27T16:19:06.088Z</time>
      </trkpt>
      <trkpt lat="38.788394" lon="-0.271323">
        <ele>608.278635</ele>
        <time>2026-03-27T16:19:09.868Z</time>
      </trkpt>
      <trkpt lat="38.788526" lon="-0.271207">
        <ele>608.489863</ele>
        <time>2026-03-27T16:19:12.815Z</time>
      </trkpt>
      <trkpt lat="38.789090" lon="-0.270913">
        <ele>611.153297</ele>
        <time>2026-03-27T16:19:26.179Z</time>
      </trkpt>
      <trkpt lat="38.789621" lon="-0.270590">
        <ele>613.865732</ele>
        <time>2026-03-27T16:19:46.643Z</time>
      </trkpt>
      <trkpt lat="38.789692" lon="-0.270511">
        <ele>614.299521</ele>
        <time>2026-03-27T16:19:50.570Z</time>
      </trkpt>
      <trkpt lat="38.789767" lon="-0.270283">
        <ele>615.189844</ele>
        <time>2026-03-27T16:19:58.827Z</time>
      </trkpt>
      <trkpt lat="38.789744" lon="-0.269695">
        <ele>617.563748</ele>
        <time>2026-03-27T16:20:19.514Z</time>
      </trkpt>
      <trkpt lat="38.789758" lon="-0.269520">
        <ele>618.550541</ele>
        <time>2026-03-27T16:20:25.738Z</time>
      </trkpt>
      <trkpt lat="38.789889" lon="-0.269001">
        <ele>621.610629</ele>
        <time>2026-03-27T16:20:44.593Z</time>
      </trkpt>
      <trkpt lat="38.790142" lon="-0.268147">
        <ele>626.735339</ele>
        <time>2026-03-27T16:21:15.572Z</time>
      </trkpt>
      <trkpt lat="38.790257" lon="-0.267934">
        <ele>628.188760</ele>
        <time>2026-03-27T16:21:24.356Z</time>
      </trkpt>
      <trkpt lat="38.790311" lon="-0.267883">
        <ele>628.671315</ele>
        <time>2026-03-27T16:21:27.266Z</time>
      </trkpt>
      <trkpt lat="38.790467" lon="-0.267855">
        <ele>629.803775</ele>
        <time>2026-03-27T16:21:34.108Z</time>
      </trkpt>
      <trkpt lat="38.790953" lon="-0.267938">
        <ele>632.949260</ele>
        <time>2026-03-27T16:21:55.435Z</time>
      </trkpt>
      <trkpt lat="38.791502" lon="-0.267777">
        <ele>636.562265</ele>
        <time>2026-03-27T16:22:19.342Z</time>
      </trkpt>
      <trkpt lat="38.792111" lon="-0.267558">
        <ele>640.619936</ele>
        <time>2026-03-27T16:22:44.169Z</time>
      </trkpt>
      <trkpt lat="38.793141" lon="-0.266572">
        <ele>646.291645</ele>
        <time>2026-03-27T16:23:26.777Z</time>
      </trkpt>
      <trkpt lat="38.793279" lon="-0.266438">
        <ele>647.022610</ele>
        <time>2026-03-27T16:23:32.085Z</time>
      </trkpt>
      <trkpt lat="38.793953" lon="-0.265329">
        <ele>649.752148</ele>
        <time>2026-03-27T16:24:01.661Z</time>
      </trkpt>
      <trkpt lat="38.793979" lon="-0.265101">
        <ele>649.981138</ele>
        <time>2026-03-27T16:24:05.534Z</time>
      </trkpt>
      <trkpt lat="38.793946" lon="-0.264742">
        <ele>650.340370</ele>
        <time>2026-03-27T16:24:11.095Z</time>
      </trkpt>
      <trkpt lat="38.793897" lon="-0.264332">
        <ele>650.752574</ele>
        <time>2026-03-27T16:24:16.437Z</time>
      </trkpt>
      <trkpt lat="38.793790" lon="-0.263926">
        <ele>651.178483</ele>
        <time>2026-03-27T16:24:20.860Z</time>
      </trkpt>
      <trkpt lat="38.793655" lon="-0.263453">
        <ele>650.471802</ele>
        <time>2026-03-27T16:24:25.430Z</time>
      </trkpt>
      <trkpt lat="38.793645" lon="-0.263114">
        <ele>649.914709</ele>
        <time>2026-03-27T16:24:28.366Z</time>
      </trkpt>
      <trkpt lat="38.793695" lon="-0.262904">
        <ele>649.554122</ele>
        <time>2026-03-27T16:24:30.233Z</time>
      </trkpt>
      <trkpt lat="38.793925" lon="-0.262267">
        <ele>648.401269</ele>
        <time>2026-03-27T16:24:36.052Z</time>
      </trkpt>
      <trkpt lat="38.794064" lon="-0.261937">
        <ele>647.785284</ele>
        <time>2026-03-27T16:24:39.090Z</time>
      </trkpt>
      <trkpt lat="38.794139" lon="-0.261516">
        <ele>646.839393</ele>
        <time>2026-03-27T16:24:42.534Z</time>
      </trkpt>
      <trkpt lat="38.794262" lon="-0.260326">
        <ele>643.565315</ele>
        <time>2026-03-27T16:24:51.870Z</time>
      </trkpt>
      <trkpt lat="38.794228" lon="-0.259219">
        <ele>640.682806</ele>
        <time>2026-03-27T16:25:00.320Z</time>
      </trkpt>
      <trkpt lat="38.794290" lon="-0.258997">
        <ele>640.189648</ele>
        <time>2026-03-27T16:25:02.144Z</time>
      </trkpt>
      <trkpt lat="38.794305" lon="-0.258956">
        <ele>640.094931</ele>
        <time>2026-03-27T16:25:02.493Z</time>
      </trkpt>
      <trkpt lat="38.794440" lon="-0.258597">
        <ele>639.261365</ele>
        <time>2026-03-27T16:25:05.641Z</time>
      </trkpt>
      <trkpt lat="38.794522" lon="-0.258261">
        <ele>638.525072</ele>
        <time>2026-03-27T16:25:08.495Z</time>
      </trkpt>
      <trkpt lat="38.794494" lon="-0.257719">
        <ele>637.389140</ele>
        <time>2026-03-27T16:25:13.024Z</time>
      </trkpt>
      <trkpt lat="38.794367" lon="-0.257119">
        <ele>636.164628</ele>
        <time>2026-03-27T16:25:18.603Z</time>
      </trkpt>
      <trkpt lat="38.794329" lon="-0.256789">
        <ele>635.701507</ele>
        <time>2026-03-27T16:25:21.685Z</time>
      </trkpt>
      <trkpt lat="38.794317" lon="-0.256336">
        <ele>635.072232</ele>
        <time>2026-03-27T16:25:25.840Z</time>
      </trkpt>
      <trkpt lat="38.794315" lon="-0.255871">
        <ele>634.426651</ele>
        <time>2026-03-27T16:25:29.980Z</time>
      </trkpt>
      <trkpt lat="38.794351" lon="-0.255589">
        <ele>634.029926</ele>
        <time>2026-03-27T16:25:32.429Z</time>
      </trkpt>
      <trkpt lat="38.794461" lon="-0.254987">
        <ele>633.171493</ele>
        <time>2026-03-27T16:25:37.623Z</time>
      </trkpt>
      <trkpt lat="38.794502" lon="-0.254874">
        <ele>632.993053</ele>
        <time>2026-03-27T16:25:38.654Z</time>
      </trkpt>
      <trkpt lat="38.795532" lon="-0.253745">
        <ele>630.463537</ele>
        <time>2026-03-27T16:25:53.228Z</time>
      </trkpt>
      <trkpt lat="38.795654" lon="-0.253517">
        <ele>630.061058</ele>
        <time>2026-03-27T16:25:55.894Z</time>
      </trkpt>
      <trkpt lat="38.795826" lon="-0.253076">
        <ele>629.597629</ele>
        <time>2026-03-27T16:26:00.769Z</time>
      </trkpt>
      <trkpt lat="38.796006" lon="-0.252346">
        <ele>629.177109</ele>
        <time>2026-03-27T16:26:08.993Z</time>
      </trkpt>
      <trkpt lat="38.796011" lon="-0.252326">
        <ele>629.165574</ele>
        <time>2026-03-27T16:26:09.218Z</time>
      </trkpt>
      <trkpt lat="38.796087" lon="-0.251748">
        <ele>628.843637</ele>
        <time>2026-03-27T16:26:15.136Z</time>
      </trkpt>
      <trkpt lat="38.796147" lon="-0.251393">
        <ele>628.644132</ele>
        <time>2026-03-27T16:26:18.652Z</time>
      </trkpt>
      <trkpt lat="38.796330" lon="-0.250823">
        <ele>628.412361</ele>
        <time>2026-03-27T16:26:24.518Z</time>
      </trkpt>
      <trkpt lat="38.796443" lon="-0.250526">
        <ele>628.339337</ele>
        <time>2026-03-27T16:26:27.756Z</time>
      </trkpt>
      <trkpt lat="38.796540" lon="-0.250370">
        <ele>628.295244</ele>
        <time>2026-03-27T16:26:29.779Z</time>
      </trkpt>
      <trkpt lat="38.797262" lon="-0.249745">
        <ele>628.048336</ele>
        <time>2026-03-27T16:26:42.097Z</time>
      </trkpt>
      <trkpt lat="38.797427" lon="-0.249574">
        <ele>627.988207</ele>
        <time>2026-03-27T16:26:45.794Z</time>
      </trkpt>
      <trkpt lat="38.797610" lon="-0.249358">
        <ele>627.983958</ele>
        <time>2026-03-27T16:26:50.097Z</time>
      </trkpt>
      <trkpt lat="38.797808" lon="-0.249052">
        <ele>627.998873</ele>
        <time>2026-03-27T16:26:55.161Z</time>
      </trkpt>
      <trkpt lat="38.798518" lon="-0.247880">
        <ele>628.054543</ele>
        <time>2026-03-27T16:27:12.054Z</time>
      </trkpt>
      <trkpt lat="38.798559" lon="-0.247773">
        <ele>628.059014</ele>
        <time>2026-03-27T16:27:13.284Z</time>
      </trkpt>
      <trkpt lat="38.798621" lon="-0.247231">
        <ele>628.220272</ele>
        <time>2026-03-27T16:27:19.121Z</time>
      </trkpt>
      <trkpt lat="38.798621" lon="-0.246338">
        <ele>628.506268</ele>
        <time>2026-03-27T16:27:31.001Z</time>
      </trkpt>
      <trkpt lat="38.798650" lon="-0.246077">
        <ele>628.590702</ele>
        <time>2026-03-27T16:27:35.024Z</time>
      </trkpt>
      <trkpt lat="38.799019" lon="-0.244803">
        <ele>627.323263</ele>
        <time>2026-03-27T16:27:53.774Z</time>
      </trkpt>
      <trkpt lat="38.799212" lon="-0.244291">
        <ele>626.132845</ele>
        <time>2026-03-27T16:27:58.837Z</time>
      </trkpt>
      <trkpt lat="38.799417" lon="-0.243732">
        <ele>624.839764</ele>
        <time>2026-03-27T16:28:03.554Z</time>
      </trkpt>
      <trkpt lat="38.799933" lon="-0.242343">
        <ele>618.038832</ele>
        <time>2026-03-27T16:28:14.251Z</time>
      </trkpt>
      <trkpt lat="38.800320" lon="-0.241477">
        <ele>612.766614</ele>
        <time>2026-03-27T16:28:21.148Z</time>
      </trkpt>
      <trkpt lat="38.800517" lon="-0.241160">
        <ele>611.415714</ele>
        <time>2026-03-27T16:28:24.105Z</time>
      </trkpt>
      <trkpt lat="38.800554" lon="-0.240947">
        <ele>611.051721</ele>
        <time>2026-03-27T16:28:25.784Z</time>
      </trkpt>
      <trkpt lat="38.800509" lon="-0.240707">
        <ele>610.639989</ele>
        <time>2026-03-27T16:28:27.781Z</time>
      </trkpt>
      <trkpt lat="38.800316" lon="-0.240071">
        <ele>609.501585</ele>
        <time>2026-03-27T16:28:33.898Z</time>
      </trkpt>
      <trkpt lat="38.800242" lon="-0.239765">
        <ele>608.967182</ele>
        <time>2026-03-27T16:28:37.406Z</time>
      </trkpt>
      <trkpt lat="38.800220" lon="-0.239618">
        <ele>608.717511</ele>
        <time>2026-03-27T16:28:39.241Z</time>
      </trkpt>
      <trkpt lat="38.800219" lon="-0.239318">
        <ele>608.217118</ele>
        <time>2026-03-27T16:28:43.121Z</time>
      </trkpt>
      <trkpt lat="38.800297" lon="-0.239018">
        <ele>607.770418</ele>
        <time>2026-03-27T16:28:46.983Z</time>
      </trkpt>
      <trkpt lat="38.801246" lon="-0.236693">
        <ele>605.389818</ele>
        <time>2026-03-27T16:29:09.875Z</time>
      </trkpt>
      <trkpt lat="38.801640" lon="-0.236116">
        <ele>605.422994</ele>
        <time>2026-03-27T16:29:18.039Z</time>
      </trkpt>
      <trkpt lat="38.801716" lon="-0.235971">
        <ele>605.430551</ele>
        <time>2026-03-27T16:29:20.453Z</time>
      </trkpt>
      <trkpt lat="38.801869" lon="-0.235428">
        <ele>605.455521</ele>
        <time>2026-03-27T16:29:29.082Z</time>
      </trkpt>
      <trkpt lat="38.802085" lon="-0.234946">
        <ele>605.867983</ele>
        <time>2026-03-27T16:29:38.039Z</time>
      </trkpt>
      <trkpt lat="38.802177" lon="-0.234817">
        <ele>606.172471</ele>
        <time>2026-03-27T16:29:40.980Z</time>
      </trkpt>
      <trkpt lat="38.802352" lon="-0.234685">
        <ele>606.626039</ele>
        <time>2026-03-27T16:29:45.401Z</time>
      </trkpt>
      <trkpt lat="38.802467" lon="-0.234672">
        <ele>606.883988</ele>
        <time>2026-03-27T16:29:47.889Z</time>
      </trkpt>
      <trkpt lat="38.802565" lon="-0.234724">
        <ele>607.120940</ele>
        <time>2026-03-27T16:29:50.133Z</time>
      </trkpt>
      <trkpt lat="38.802634" lon="-0.234804">
        <ele>607.328724</ele>
        <time>2026-03-27T16:29:52.113Z</time>
      </trkpt>
      <trkpt lat="38.802978" lon="-0.235413">
        <ele>608.638420</ele>
        <time>2026-03-27T16:30:05.230Z</time>
      </trkpt>
      <trkpt lat="38.803129" lon="-0.235571">
        <ele>609.073763</ele>
        <time>2026-03-27T16:30:09.944Z</time>
      </trkpt>
      <trkpt lat="38.803254" lon="-0.235590">
        <ele>609.355013</ele>
        <time>2026-03-27T16:30:13.253Z</time>
      </trkpt>
      <trkpt lat="38.803344" lon="-0.235525">
        <ele>609.760755</ele>
        <time>2026-03-27T16:30:16.103Z</time>
      </trkpt>
      <trkpt lat="38.803396" lon="-0.235405">
        <ele>610.430047</ele>
        <time>2026-03-27T16:30:19.238Z</time>
      </trkpt>
      <trkpt lat="38.803389" lon="-0.235207">
        <ele>611.396194</ele>
        <time>2026-03-27T16:30:24.172Z</time>
      </trkpt>
      <trkpt lat="38.803124" lon="-0.234099">
        <ele>617.045807</ele>
        <time>2026-03-27T16:31:02.807Z</time>
      </trkpt>
      <trkpt lat="38.802738" lon="-0.232681">
        <ele>622.835540</ele>
        <time>2026-03-27T16:31:55.991Z</time>
      </trkpt>
      <trkpt lat="38.802726" lon="-0.232568">
        <ele>623.156748</ele>
        <time>2026-03-27T16:31:58.916Z</time>
      </trkpt>
      <trkpt lat="38.802895" lon="-0.231939">
        <ele>625.030671</ele>
        <time>2026-03-27T16:32:12.075Z</time>
      </trkpt>
      <trkpt lat="38.803012" lon="-0.231660">
        <ele>625.923026</ele>
        <time>2026-03-27T16:32:16.597Z</time>
      </trkpt>
      <trkpt lat="38.803061" lon="-0.231595">
        <ele>626.177736</ele>
        <time>2026-03-27T16:32:17.840Z</time>
      </trkpt>
      <trkpt lat="38.803363" lon="-0.231425">
        <ele>627.255550</ele>
        <time>2026-03-27T16:32:23.179Z</time>
      </trkpt>
      <trkpt lat="38.803458" lon="-0.231337">
        <ele>627.307633</ele>
        <time>2026-03-27T16:32:25.023Z</time>
      </trkpt>
      <trkpt lat="38.803502" lon="-0.231238">
        <ele>627.347114</ele>
        <time>2026-03-27T16:32:26.342Z</time>
      </trkpt>
      <trkpt lat="38.803509" lon="-0.231137">
        <ele>627.382241</ele>
        <time>2026-03-27T16:32:27.565Z</time>
      </trkpt>
      <trkpt lat="38.803494" lon="-0.231043">
        <ele>627.415480</ele>
        <time>2026-03-27T16:32:28.646Z</time>
      </trkpt>
      <trkpt lat="38.803376" lon="-0.230852">
        <ele>627.499915</ele>
        <time>2026-03-27T16:32:31.304Z</time>
      </trkpt>
      <trkpt lat="38.802890" lon="-0.230418">
        <ele>627.763121</ele>
        <time>2026-03-27T16:32:40.312Z</time>
      </trkpt>
      <trkpt lat="38.802825" lon="-0.230335">
        <ele>627.803884</ele>
        <time>2026-03-27T16:32:41.871Z</time>
      </trkpt>
      <trkpt lat="38.802783" lon="-0.230146">
        <ele>627.871968</ele>
        <time>2026-03-27T16:32:44.611Z</time>
      </trkpt>
      <trkpt lat="38.802864" lon="-0.229957">
        <ele>627.946689</ele>
        <time>2026-03-27T16:32:47.896Z</time>
      </trkpt>
      <trkpt lat="38.803300" lon="-0.229831">
        <ele>627.994011</ele>
        <time>2026-03-27T16:32:56.815Z</time>
      </trkpt>
      <trkpt lat="38.803552" lon="-0.229678">
        <ele>627.941428</ele>
        <time>2026-03-27T16:33:01.600Z</time>
      </trkpt>
      <trkpt lat="38.803736" lon="-0.229504">
        <ele>627.898317</ele>
        <time>2026-03-27T16:33:04.866Z</time>
      </trkpt>
      <trkpt lat="38.803840" lon="-0.229233">
        <ele>627.853916</ele>
        <time>2026-03-27T16:33:07.930Z</time>
      </trkpt>
      <trkpt lat="38.804052" lon="-0.228530">
        <ele>627.743117</ele>
        <time>2026-03-27T16:33:15.407Z</time>
      </trkpt>
      <trkpt lat="38.804349" lon="-0.227806">
        <ele>626.356451</ele>
        <time>2026-03-27T16:33:23.445Z</time>
      </trkpt>
      <trkpt lat="38.804379" lon="-0.227661">
        <ele>625.971684</ele>
        <time>2026-03-27T16:33:24.784Z</time>
      </trkpt>
      <trkpt lat="38.804372" lon="-0.227497">
        <ele>625.550441</ele>
        <time>2026-03-27T16:33:26.184Z</time>
      </trkpt>
      <trkpt lat="38.804103" lon="-0.226859">
        <ele>623.690011</ele>
        <time>2026-03-27T16:33:31.833Z</time>
      </trkpt>
      <trkpt lat="38.804070" lon="-0.226694">
        <ele>623.253117</ele>
        <time>2026-03-27T16:33:33.105Z</time>
      </trkpt>
      <trkpt lat="38.804042" lon="-0.226287">
        <ele>622.205215</ele>
        <time>2026-03-27T16:33:36.108Z</time>
      </trkpt>
      <trkpt lat="38.804091" lon="-0.225049">
        <ele>615.783564</ele>
        <time>2026-03-27T16:33:44.922Z</time>
      </trkpt>
      <trkpt lat="38.804124" lon="-0.224730">
        <ele>613.986671</ele>
        <time>2026-03-27T16:33:47.149Z</time>
      </trkpt>
      <trkpt lat="38.804233" lon="-0.224343">
        <ele>611.688891</ele>
        <time>2026-03-27T16:33:49.985Z</time>
      </trkpt>
      <trkpt lat="38.804628" lon="-0.223494">
        <ele>605.043348</ele>
        <time>2026-03-27T16:33:56.733Z</time>
      </trkpt>
      <trkpt lat="38.804852" lon="-0.223127">
        <ele>601.366399</ele>
        <time>2026-03-27T16:33:59.875Z</time>
      </trkpt>
      <trkpt lat="38.805746" lon="-0.222127">
        <ele>589.424074</ele>
        <time>2026-03-27T16:34:09.991Z</time>
      </trkpt>
      <trkpt lat="38.805892" lon="-0.221913">
        <ele>587.284863</ele>
        <time>2026-03-27T16:34:11.870Z</time>
      </trkpt>
      <trkpt lat="38.806301" lon="-0.220928">
        <ele>578.890459</ele>
        <time>2026-03-27T16:34:19.282Z</time>
      </trkpt>
      <trkpt lat="38.806351" lon="-0.220733">
        <ele>577.346485</ele>
        <time>2026-03-27T16:34:20.677Z</time>
      </trkpt>
      <trkpt lat="38.806365" lon="-0.220545">
        <ele>575.926072</ele>
        <time>2026-03-27T16:34:21.976Z</time>
      </trkpt>
      <trkpt lat="38.806315" lon="-0.220275">
        <ele>573.838815</ele>
        <time>2026-03-27T16:34:23.917Z</time>
      </trkpt>
      <trkpt lat="38.806201" lon="-0.219992">
        <ele>572.521444</ele>
        <time>2026-03-27T16:34:26.200Z</time>
      </trkpt>
      <trkpt lat="38.806103" lon="-0.219881">
        <ele>571.981827</ele>
        <time>2026-03-27T16:34:27.409Z</time>
      </trkpt>
      <trkpt lat="38.805891" lon="-0.219804">
        <ele>571.072261</ele>
        <time>2026-03-27T16:34:29.437Z</time>
      </trkpt>
      <trkpt lat="38.805332" lon="-0.219929">
        <ele>568.729803</ele>
        <time>2026-03-27T16:34:34.840Z</time>
      </trkpt>
      <trkpt lat="38.805125" lon="-0.219864">
        <ele>567.850046</ele>
        <time>2026-03-27T16:34:37.031Z</time>
      </trkpt>
      <trkpt lat="38.804964" lon="-0.219753">
        <ele>567.095546</ele>
        <time>2026-03-27T16:34:39.016Z</time>
      </trkpt>
      <trkpt lat="38.804902" lon="-0.219640">
        <ele>566.650953</ele>
        <time>2026-03-27T16:34:40.223Z</time>
      </trkpt>
      <trkpt lat="38.804891" lon="-0.219529">
        <ele>566.290982</ele>
        <time>2026-03-27T16:34:41.236Z</time>
      </trkpt>
      <trkpt lat="38.804922" lon="-0.219310">
        <ele>566.156590</ele>
        <time>2026-03-27T16:34:43.320Z</time>
      </trkpt>
      <trkpt lat="38.805014" lon="-0.218958">
        <ele>567.083340</ele>
        <time>2026-03-27T16:34:46.929Z</time>
      </trkpt>
      <trkpt lat="38.805097" lon="-0.218739">
        <ele>567.691221</ele>
        <time>2026-03-27T16:34:49.618Z</time>
      </trkpt>
      <trkpt lat="38.805291" lon="-0.218403">
        <ele>568.735052</ele>
        <time>2026-03-27T16:34:56.598Z</time>
      </trkpt>
      <trkpt lat="38.805576" lon="-0.218002">
        <ele>570.089782</ele>
        <time>2026-03-27T16:35:10.743Z</time>
      </trkpt>
      <trkpt lat="38.805941" lon="-0.217703">
        <ele>571.476845</ele>
        <time>2026-03-27T16:35:29.126Z</time>
      </trkpt>
      <trkpt lat="38.806521" lon="-0.217158">
        <ele>577.900506</ele>
        <time>2026-03-27T16:36:05.409Z</time>
      </trkpt>
      <trkpt lat="38.806690" lon="-0.216846">
        <ele>580.696345</ele>
        <time>2026-03-27T16:36:21.641Z</time>
      </trkpt>
      <trkpt lat="38.806780" lon="-0.216461">
        <ele>583.653912</ele>
        <time>2026-03-27T16:36:39.381Z</time>
      </trkpt>
      <trkpt lat="38.806788" lon="-0.216348">
        <ele>584.488795</ele>
        <time>2026-03-27T16:36:44.449Z</time>
      </trkpt>
      <trkpt lat="38.806764" lon="-0.216236">
        <ele>585.343486</ele>
        <time>2026-03-27T16:36:49.687Z</time>
      </trkpt>
      <trkpt lat="38.806464" lon="-0.215688">
        <ele>589.776190</ele>
        <time>2026-03-27T16:37:19.455Z</time>
      </trkpt>
      <trkpt lat="38.806260" lon="-0.215255">
        <ele>592.364417</ele>
        <time>2026-03-27T16:37:40.840Z</time>
      </trkpt>
      <trkpt lat="38.806179" lon="-0.215025">
        <ele>593.655489</ele>
        <time>2026-03-27T16:37:50.496Z</time>
      </trkpt>
      <trkpt lat="38.806110" lon="-0.214736">
        <ele>595.201625</ele>
        <time>2026-03-27T16:38:01.082Z</time>
      </trkpt>
      <trkpt lat="38.806016" lon="-0.214102">
        <ele>598.502874</ele>
        <time>2026-03-27T16:38:19.442Z</time>
      </trkpt>
      <trkpt lat="38.805793" lon="-0.213283">
        <ele>599.946274</ele>
        <time>2026-03-27T16:38:33.587Z</time>
      </trkpt>
      <trkpt lat="38.805743" lon="-0.213098">
        <ele>599.741922</ele>
        <time>2026-03-27T16:38:35.537Z</time>
      </trkpt>
      <trkpt lat="38.805569" lon="-0.212355">
        <ele>598.932253</ele>
        <time>2026-03-27T16:38:42.098Z</time>
      </trkpt>
      <trkpt lat="38.805436" lon="-0.212091">
        <ele>598.604175</ele>
        <time>2026-03-27T16:38:44.610Z</time>
      </trkpt>
      <trkpt lat="38.805194" lon="-0.211734">
        <ele>598.110366</ele>
        <time>2026-03-27T16:38:48.317Z</time>
      </trkpt>
      <trkpt lat="38.805031" lon="-0.211422">
        <ele>597.236629</ele>
        <time>2026-03-27T16:38:51.233Z</time>
      </trkpt>
      <trkpt lat="38.804846" lon="-0.210629">
        <ele>595.098287</ele>
        <time>2026-03-27T16:38:57.636Z</time>
      </trkpt>
      <trkpt lat="38.804562" lon="-0.209176">
        <ele>591.327291</ele>
        <time>2026-03-27T16:39:09.424Z</time>
      </trkpt>
      <trkpt lat="38.804533" lon="-0.208799">
        <ele>590.461816</ele>
        <time>2026-03-27T16:39:12.621Z</time>
      </trkpt>
      <trkpt lat="38.804614" lon="-0.208410">
        <ele>589.541935</ele>
        <time>2026-03-27T16:39:16.110Z</time>
      </trkpt>
      <trkpt lat="38.804709" lon="-0.208196">
        <ele>588.979273</ele>
        <time>2026-03-27T16:39:18.233Z</time>
      </trkpt>
      <trkpt lat="38.804936" lon="-0.207814">
        <ele>587.881783</ele>
        <time>2026-03-27T16:39:22.302Z</time>
      </trkpt>
      <trkpt lat="38.804981" lon="-0.207686">
        <ele>587.560977</ele>
        <time>2026-03-27T16:39:23.429Z</time>
      </trkpt>
      <trkpt lat="38.804986" lon="-0.207463">
        <ele>587.051307</ele>
        <time>2026-03-27T16:39:25.177Z</time>
      </trkpt>
      <trkpt lat="38.804947" lon="-0.207260">
        <ele>586.145988</ele>
        <time>2026-03-27T16:39:26.756Z</time>
      </trkpt>
      <trkpt lat="38.804765" lon="-0.206748">
        <ele>582.530078</ele>
        <time>2026-03-27T16:39:30.810Z</time>
      </trkpt>
      <trkpt lat="38.804735" lon="-0.206621">
        <ele>581.677383</ele>
        <time>2026-03-27T16:39:31.733Z</time>
      </trkpt>
      <trkpt lat="38.804733" lon="-0.206491">
        <ele>580.841914</ele>
        <time>2026-03-27T16:39:32.628Z</time>
      </trkpt>
      <trkpt lat="38.804874" lon="-0.205025">
        <ele>571.388170</ele>
        <time>2026-03-27T16:39:42.503Z</time>
      </trkpt>
      <trkpt lat="38.805001" lon="-0.204266">
        <ele>566.696932</ele>
        <time>2026-03-27T16:39:47.680Z</time>
      </trkpt>
      <trkpt lat="38.805050" lon="-0.203364">
        <ele>561.232853</ele>
        <time>2026-03-27T16:39:53.926Z</time>
      </trkpt>
      <trkpt lat="38.805210" lon="-0.202488">
        <ele>557.393084</ele>
        <time>2026-03-27T16:40:00.692Z</time>
      </trkpt>
      <trkpt lat="38.804945" lon="-0.200880">
        <ele>554.557283</ele>
        <time>2026-03-27T16:40:15.120Z</time>
      </trkpt>
      <trkpt lat="38.804961" lon="-0.200455">
        <ele>553.960149</ele>
        <time>2026-03-27T16:40:19.162Z</time>
      </trkpt>
      <trkpt lat="38.805058" lon="-0.199610">
        <ele>553.380104</ele>
        <time>2026-03-27T16:40:27.901Z</time>
      </trkpt>
      <trkpt lat="38.805183" lon="-0.199128">
        <ele>553.035121</ele>
        <time>2026-03-27T16:40:33.401Z</time>
      </trkpt>
      <trkpt lat="38.805325" lon="-0.198215">
        <ele>552.230893</ele>
        <time>2026-03-27T16:40:42.440Z</time>
      </trkpt>
      <trkpt lat="38.805323" lon="-0.197907">
        <ele>551.565066</ele>
        <time>2026-03-27T16:40:45.139Z</time>
      </trkpt>
      <trkpt lat="38.805113" lon="-0.196909">
        <ele>549.330424</ele>
        <time>2026-03-27T16:40:53.391Z</time>
      </trkpt>
      <trkpt lat="38.805039" lon="-0.196343">
        <ele>548.089798</ele>
        <time>2026-03-27T16:40:57.797Z</time>
      </trkpt>
      <trkpt lat="38.805017" lon="-0.195961">
        <ele>547.212424</ele>
        <time>2026-03-27T16:41:00.796Z</time>
      </trkpt>
      <trkpt lat="38.805030" lon="-0.195374">
        <ele>545.671181</ele>
        <time>2026-03-27T16:41:05.468Z</time>
      </trkpt>
      <trkpt lat="38.805083" lon="-0.194954">
        <ele>544.554505</ele>
        <time>2026-03-27T16:41:08.896Z</time>
      </trkpt>
      <trkpt lat="38.805128" lon="-0.194542">
        <ele>543.462616</ele>
        <time>2026-03-27T16:41:12.228Z</time>
      </trkpt>
      <trkpt lat="38.805187" lon="-0.193817">
        <ele>541.549461</ele>
        <time>2026-03-27T16:41:17.922Z</time>
      </trkpt>
      <trkpt lat="38.805227" lon="-0.193564">
        <ele>540.617290</ele>
        <time>2026-03-27T16:41:19.876Z</time>
      </trkpt>
      <trkpt lat="38.805963" lon="-0.191185">
        <ele>531.258160</ele>
        <time>2026-03-27T16:41:38.557Z</time>
      </trkpt>
      <trkpt lat="38.806128" lon="-0.190676">
        <ele>529.628580</ele>
        <time>2026-03-27T16:41:42.782Z</time>
      </trkpt>
      <trkpt lat="38.806280" lon="-0.190308">
        <ele>528.397425</ele>
        <time>2026-03-27T16:41:46.032Z</time>
      </trkpt>
      <trkpt lat="38.806520" lon="-0.189768">
        <ele>526.559842</ele>
        <time>2026-03-27T16:41:50.952Z</time>
      </trkpt>
      <trkpt lat="38.806741" lon="-0.189455">
        <ele>525.362152</ele>
        <time>2026-03-27T16:41:54.330Z</time>
      </trkpt>
      <trkpt lat="38.807040" lon="-0.189133">
        <ele>524.031606</ele>
        <time>2026-03-27T16:41:58.363Z</time>
      </trkpt>
      <trkpt lat="38.807518" lon="-0.188824">
        <ele>522.207185</ele>
        <time>2026-03-27T16:42:03.796Z</time>
      </trkpt>
      <trkpt lat="38.807635" lon="-0.188706">
        <ele>521.699938</ele>
        <time>2026-03-27T16:42:05.287Z</time>
      </trkpt>
      <trkpt lat="38.807706" lon="-0.188522">
        <ele>521.154548</ele>
        <time>2026-03-27T16:42:06.889Z</time>
      </trkpt>
      <trkpt lat="38.807794" lon="-0.188149">
        <ele>520.119355</ele>
        <time>2026-03-27T16:42:09.904Z</time>
      </trkpt>
      <trkpt lat="38.807978" lon="-0.187689">
        <ele>518.369601</ele>
        <time>2026-03-27T16:42:13.815Z</time>
      </trkpt>
      <trkpt lat="38.808143" lon="-0.187055">
        <ele>515.880059</ele>
        <time>2026-03-27T16:42:18.758Z</time>
      </trkpt>
      <trkpt lat="38.808274" lon="-0.185958">
        <ele>511.746598</ele>
        <time>2026-03-27T16:42:26.756Z</time>
      </trkpt>
      <trkpt lat="38.808180" lon="-0.184930">
        <ele>508.950092</ele>
        <time>2026-03-27T16:42:34.664Z</time>
      </trkpt>
      <trkpt lat="38.808210" lon="-0.184590">
        <ele>508.098131</ele>
        <time>2026-03-27T16:42:37.551Z</time>
      </trkpt>
      <trkpt lat="38.808217" lon="-0.184540">
        <ele>507.971645</ele>
        <time>2026-03-27T16:42:37.998Z</time>
      </trkpt>
      <trkpt lat="38.808253" lon="-0.184410">
        <ele>507.628132</ele>
        <time>2026-03-27T16:42:39.202Z</time>
      </trkpt>
      <trkpt lat="38.808338" lon="-0.184266">
        <ele>507.178341</ele>
        <time>2026-03-27T16:42:40.797Z</time>
      </trkpt>
      <trkpt lat="38.808437" lon="-0.184120">
        <ele>506.696462</ele>
        <time>2026-03-27T16:42:42.541Z</time>
      </trkpt>
      <trkpt lat="38.808471" lon="-0.184045">
        <ele>506.480422</ele>
        <time>2026-03-27T16:42:43.355Z</time>
      </trkpt>
      <trkpt lat="38.808474" lon="-0.183820">
        <ele>505.920125</ele>
        <time>2026-03-27T16:42:45.429Z</time>
      </trkpt>
      <trkpt lat="38.808328" lon="-0.182508">
        <ele>499.755859</ele>
        <time>2026-03-27T16:42:55.360Z</time>
      </trkpt>
      <trkpt lat="38.808321" lon="-0.182264">
        <ele>498.507113</ele>
        <time>2026-03-27T16:42:57.031Z</time>
      </trkpt>
      <trkpt lat="38.808343" lon="-0.182076">
        <ele>497.534834</ele>
        <time>2026-03-27T16:42:58.324Z</time>
      </trkpt>
      <trkpt lat="38.808415" lon="-0.181822">
        <ele>496.152511</ele>
        <time>2026-03-27T16:43:00.146Z</time>
      </trkpt>
      <trkpt lat="38.808478" lon="-0.181683">
        <ele>495.330115</ele>
        <time>2026-03-27T16:43:01.233Z</time>
      </trkpt>
      <trkpt lat="38.808552" lon="-0.181593">
        <ele>494.660975</ele>
        <time>2026-03-27T16:43:02.110Z</time>
      </trkpt>
      <trkpt lat="38.808639" lon="-0.181549">
        <ele>494.047235</ele>
        <time>2026-03-27T16:43:02.917Z</time>
      </trkpt>
      <trkpt lat="38.808731" lon="-0.181518">
        <ele>493.478461</ele>
        <time>2026-03-27T16:43:03.731Z</time>
      </trkpt>
      <trkpt lat="38.809201" lon="-0.181498">
        <ele>491.949570</ele>
        <time>2026-03-27T16:43:07.825Z</time>
      </trkpt>
      <trkpt lat="38.809345" lon="-0.181438">
        <ele>491.457343</ele>
        <time>2026-03-27T16:43:09.217Z</time>
      </trkpt>
      <trkpt lat="38.809492" lon="-0.181279">
        <ele>490.832308</ele>
        <time>2026-03-27T16:43:11.113Z</time>
      </trkpt>
      <trkpt lat="38.809752" lon="-0.180867">
        <ele>489.489180</ele>
        <time>2026-03-27T16:43:15.907Z</time>
      </trkpt>
      <trkpt lat="38.810110" lon="-0.180332">
        <ele>487.702634</ele>
        <time>2026-03-27T16:43:26.161Z</time>
      </trkpt>
      <trkpt lat="38.810212" lon="-0.180109">
        <ele>487.676297</ele>
        <time>2026-03-27T16:43:31.174Z</time>
      </trkpt>
      <trkpt lat="38.810232" lon="-0.179992">
        <ele>487.672036</ele>
        <time>2026-03-27T16:43:33.801Z</time>
      </trkpt>
      <trkpt lat="38.810212" lon="-0.179807">
        <ele>487.665392</ele>
        <time>2026-03-27T16:43:38.113Z</time>
      </trkpt>
      <trkpt lat="38.810162" lon="-0.179719">
        <ele>487.661518</ele>
        <time>2026-03-27T16:43:40.682Z</time>
      </trkpt>
      <trkpt lat="38.809861" lon="-0.179425">
        <ele>487.644249</ele>
        <time>2026-03-27T16:43:50.993Z</time>
      </trkpt>
      <trkpt lat="38.809801" lon="-0.179324">
        <ele>487.639731</ele>
        <time>2026-03-27T16:43:52.850Z</time>
      </trkpt>
      <trkpt lat="38.809715" lon="-0.179070">
        <ele>487.629880</ele>
        <time>2026-03-27T16:43:55.641Z</time>
      </trkpt>
      <trkpt lat="38.809709" lon="-0.178772">
        <ele>487.619275</ele>
        <time>2026-03-27T16:43:58.126Z</time>
      </trkpt>
      <trkpt lat="38.809734" lon="-0.178666">
        <ele>487.615336</ele>
        <time>2026-03-27T16:43:58.993Z</time>
      </trkpt>
      <trkpt lat="38.809777" lon="-0.178592">
        <ele>487.612052</ele>
        <time>2026-03-27T16:43:59.717Z</time>
      </trkpt>
      <trkpt lat="38.809838" lon="-0.178556">
        <ele>487.608987</ele>
        <time>2026-03-27T16:44:00.373Z</time>
      </trkpt>
      <trkpt lat="38.809964" lon="-0.178575">
        <ele>487.603195</ele>
        <time>2026-03-27T16:44:01.603Z</time>
      </trkpt>
      <trkpt lat="38.810263" lon="-0.178701">
        <ele>486.026634</ele>
        <time>2026-03-27T16:44:04.587Z</time>
      </trkpt>
      <trkpt lat="38.810731" lon="-0.178805">
        <ele>483.638228</ele>
        <time>2026-03-27T16:44:09.029Z</time>
      </trkpt>
      <trkpt lat="38.810983" lon="-0.178837">
        <ele>482.364832</ele>
        <time>2026-03-27T16:44:11.378Z</time>
      </trkpt>
      <trkpt lat="38.811180" lon="-0.178779">
        <ele>481.348464</ele>
        <time>2026-03-27T16:44:13.259Z</time>
      </trkpt>
      <trkpt lat="38.811276" lon="-0.178673">
        <ele>480.711631</ele>
        <time>2026-03-27T16:44:14.429Z</time>
      </trkpt>
      <trkpt lat="38.811325" lon="-0.178473">
        <ele>479.890136</ele>
        <time>2026-03-27T16:44:15.940Z</time>
      </trkpt>
      <trkpt lat="38.811282" lon="-0.177609">
        <ele>474.966635</ele>
        <time>2026-03-27T16:44:22.276Z</time>
      </trkpt>
      <trkpt lat="38.811254" lon="-0.177254">
        <ele>472.529678</ele>
        <time>2026-03-27T16:44:24.883Z</time>
      </trkpt>
      <trkpt lat="38.811183" lon="-0.177038">
        <ele>470.928560</ele>
        <time>2026-03-27T16:44:26.562Z</time>
      </trkpt>
      <trkpt lat="38.811090" lon="-0.176860">
        <ele>469.464872</ele>
        <time>2026-03-27T16:44:28.062Z</time>
      </trkpt>
      <trkpt lat="38.810888" lon="-0.176553">
        <ele>466.720591</ele>
        <time>2026-03-27T16:44:30.781Z</time>
      </trkpt>
      <trkpt lat="38.810513" lon="-0.176326">
        <ele>463.086441</ele>
        <time>2026-03-27T16:44:34.264Z</time>
      </trkpt>
      <trkpt lat="38.810438" lon="-0.176194">
        <ele>461.129509</ele>
        <time>2026-03-27T16:44:35.322Z</time>
      </trkpt>
      <trkpt lat="38.810366" lon="-0.175896">
        <ele>456.820145</ele>
        <time>2026-03-27T16:44:37.337Z</time>
      </trkpt>
      <trkpt lat="38.809825" lon="-0.174436">
        <ele>434.490235</ele>
        <time>2026-03-27T16:44:47.633Z</time>
      </trkpt>
      <trkpt lat="38.809699" lon="-0.174191">
        <ele>430.636107</ele>
        <time>2026-03-27T16:44:49.508Z</time>
      </trkpt>
      <trkpt lat="38.809605" lon="-0.174072">
        <ele>429.281788</ele>
        <time>2026-03-27T16:44:50.590Z</time>
      </trkpt>
      <trkpt lat="38.809112" lon="-0.173473">
        <ele>422.318315</ele>
        <time>2026-03-27T16:44:56.271Z</time>
      </trkpt>
      <trkpt lat="38.808812" lon="-0.173241">
        <ele>418.725733</ele>
        <time>2026-03-27T16:44:59.388Z</time>
      </trkpt>
      <trkpt lat="38.808757" lon="-0.173170">
        <ele>417.925566</ele>
        <time>2026-03-27T16:45:00.116Z</time>
      </trkpt>
      <trkpt lat="38.808737" lon="-0.173083">
        <ele>417.200583</ele>
        <time>2026-03-27T16:45:00.784Z</time>
      </trkpt>
      <trkpt lat="38.808760" lon="-0.172986">
        <ele>416.390204</ele>
        <time>2026-03-27T16:45:01.524Z</time>
      </trkpt>
      <trkpt lat="38.808802" lon="-0.172928">
        <ele>415.757373</ele>
        <time>2026-03-27T16:45:02.116Z</time>
      </trkpt>
      <trkpt lat="38.808966" lon="-0.172857">
        <ele>413.982104</ele>
        <time>2026-03-27T16:45:03.756Z</time>
      </trkpt>
      <trkpt lat="38.809046" lon="-0.172839">
        <ele>413.149038</ele>
        <time>2026-03-27T16:45:04.534Z</time>
      </trkpt>
      <trkpt lat="38.809454" lon="-0.172972">
        <ele>410.709733</ele>
        <time>2026-03-27T16:45:08.560Z</time>
      </trkpt>
      <trkpt lat="38.809569" lon="-0.172980">
        <ele>410.139453</ele>
        <time>2026-03-27T16:45:09.687Z</time>
      </trkpt>
      <trkpt lat="38.809704" lon="-0.172919">
        <ele>409.430749</ele>
        <time>2026-03-27T16:45:11.087Z</time>
      </trkpt>
      <trkpt lat="38.809786" lon="-0.172824">
        <ele>408.883727</ele>
        <time>2026-03-27T16:45:12.162Z</time>
      </trkpt>
      <trkpt lat="38.809929" lon="-0.172495">
        <ele>407.430149</ele>
        <time>2026-03-27T16:45:14.978Z</time>
      </trkpt>
      <trkpt lat="38.809976" lon="-0.172228">
        <ele>406.373970</ele>
        <time>2026-03-27T16:45:16.981Z</time>
      </trkpt>
      <trkpt lat="38.810023" lon="-0.171632">
        <ele>404.062559</ele>
        <time>2026-03-27T16:45:21.276Z</time>
      </trkpt>
      <trkpt lat="38.810022" lon="-0.171548">
        <ele>403.738408</ele>
        <time>2026-03-27T16:45:21.865Z</time>
      </trkpt>
      <trkpt lat="38.809984" lon="-0.171418">
        <ele>403.239523</ele>
        <time>2026-03-27T16:45:22.851Z</time>
      </trkpt>
      <trkpt lat="38.809755" lon="-0.171107">
        <ele>401.760401</ele>
        <time>2026-03-27T16:45:25.939Z</time>
      </trkpt>
      <trkpt lat="38.808635" lon="-0.169068">
        <ele>393.525187</ele>
        <time>2026-03-27T16:45:44.962Z</time>
      </trkpt>
      <trkpt lat="38.808395" lon="-0.168508">
        <ele>391.667494</ele>
        <time>2026-03-27T16:45:49.848Z</time>
      </trkpt>
      <trkpt lat="38.808071" lon="-0.167263">
        <ele>388.209751</ele>
        <time>2026-03-27T16:46:00.047Z</time>
      </trkpt>
      <trkpt lat="38.807993" lon="-0.166888">
        <ele>387.478580</ele>
        <time>2026-03-27T16:46:03.182Z</time>
      </trkpt>
      <trkpt lat="38.807842" lon="-0.165661">
        <ele>385.138464</ele>
        <time>2026-03-27T16:46:13.578Z</time>
      </trkpt>
      <trkpt lat="38.807792" lon="-0.165505">
        <ele>384.820697</ele>
        <time>2026-03-27T16:46:15.077Z</time>
      </trkpt>
      <trkpt lat="38.807698" lon="-0.165352">
        <ele>384.483500</ele>
        <time>2026-03-27T16:46:16.837Z</time>
      </trkpt>
      <trkpt lat="38.807549" lon="-0.165188">
        <ele>384.222073</ele>
        <time>2026-03-27T16:46:19.115Z</time>
      </trkpt>
      <trkpt lat="38.807417" lon="-0.165037">
        <ele>383.986572</ele>
        <time>2026-03-27T16:46:21.159Z</time>
      </trkpt>
      <trkpt lat="38.807341" lon="-0.164948">
        <ele>383.849548</ele>
        <time>2026-03-27T16:46:22.381Z</time>
      </trkpt>
      <trkpt lat="38.807255" lon="-0.164786">
        <ele>383.646119</ele>
        <time>2026-03-27T16:46:24.169Z</time>
      </trkpt>
      <trkpt lat="38.806889" lon="-0.163462">
        <ele>382.188172</ele>
        <time>2026-03-27T16:46:37.447Z</time>
      </trkpt>
      <trkpt lat="38.806756" lon="-0.163062">
        <ele>381.998708</ele>
        <time>2026-03-27T16:46:41.241Z</time>
      </trkpt>
      <trkpt lat="38.806616" lon="-0.162811">
        <ele>381.894645</ele>
        <time>2026-03-27T16:46:43.957Z</time>
      </trkpt>
      <trkpt lat="38.805988" lon="-0.162193">
        <ele>381.552264</ele>
        <time>2026-03-27T16:46:54.067Z</time>
      </trkpt>
      <trkpt lat="38.805900" lon="-0.162053">
        <ele>381.491625</ele>
        <time>2026-03-27T16:46:56.514Z</time>
      </trkpt>
      <trkpt lat="38.805840" lon="-0.161884">
        <ele>381.429014</ele>
        <time>2026-03-27T16:46:59.245Z</time>
      </trkpt>
      <trkpt lat="38.805754" lon="-0.161342">
        <ele>381.365102</ele>
        <time>2026-03-27T16:47:08.097Z</time>
      </trkpt>
      <trkpt lat="38.805646" lon="-0.161014">
        <ele>381.386496</ele>
        <time>2026-03-27T16:47:13.417Z</time>
      </trkpt>
      <trkpt lat="38.805638" lon="-0.160939">
        <ele>381.391045</ele>
        <time>2026-03-27T16:47:14.551Z</time>
      </trkpt>
      <trkpt lat="38.805692" lon="-0.160913">
        <ele>381.395492</ele>
        <time>2026-03-27T16:47:15.570Z</time>
      </trkpt>
      <trkpt lat="38.805898" lon="-0.160801">
        <ele>381.412742</ele>
        <time>2026-03-27T16:47:19.402Z</time>
      </trkpt>
      <trkpt lat="38.806090" lon="-0.160646">
        <ele>381.430231</ele>
        <time>2026-03-27T16:47:23.347Z</time>
      </trkpt>
      <trkpt lat="38.806787" lon="-0.160020">
        <ele>381.262910</ele>
        <time>2026-03-27T16:47:34.312Z</time>
      </trkpt>
      <trkpt lat="38.807042" lon="-0.159770">
        <ele>380.743145</ele>
        <time>2026-03-27T16:47:37.697Z</time>
      </trkpt>
      <trkpt lat="38.807351" lon="-0.159411">
        <ele>380.068014</ele>
        <time>2026-03-27T16:47:42.077Z</time>
      </trkpt>
      <trkpt lat="38.807502" lon="-0.159179">
        <ele>379.686490</ele>
        <time>2026-03-27T16:47:44.697Z</time>
      </trkpt>
      <trkpt lat="38.807554" lon="-0.159029">
        <ele>379.479277</ele>
        <time>2026-03-27T16:47:46.169Z</time>
      </trkpt>
      <trkpt lat="38.807614" lon="-0.158585">
        <ele>378.910515</ele>
        <time>2026-03-27T16:47:50.325Z</time>
      </trkpt>
      <trkpt lat="38.807615" lon="-0.158272">
        <ele>378.564606</ele>
        <time>2026-03-27T16:47:53.162Z</time>
      </trkpt>
      <trkpt lat="38.807442" lon="-0.157427">
        <ele>378.420680</ele>
        <time>2026-03-27T16:48:01.644Z</time>
      </trkpt>
      <trkpt lat="38.807355" lon="-0.157033">
        <ele>378.353219</ele>
        <time>2026-03-27T16:48:06.223Z</time>
      </trkpt>
      <trkpt lat="38.807432" lon="-0.157028">
        <ele>378.336920</ele>
        <time>2026-03-27T16:48:07.284Z</time>
      </trkpt>
      <trkpt lat="38.807720" lon="-0.157011">
        <ele>378.275972</ele>
        <time>2026-03-27T16:48:11.784Z</time>
      </trkpt>
      <trkpt lat="38.807769" lon="-0.157007">
        <ele>378.265593</ele>
        <time>2026-03-27T16:48:12.634Z</time>
      </trkpt>
      <trkpt lat="38.807985" lon="-0.156975">
        <ele>378.219627</ele>
        <time>2026-03-27T16:48:16.164Z</time>
      </trkpt>
      <trkpt lat="38.808056" lon="-0.156940">
        <ele>378.203548</ele>
        <time>2026-03-27T16:48:17.358Z</time>
      </trkpt>
      <trkpt lat="38.808172" lon="-0.156819">
        <ele>378.329319</ele>
        <time>2026-03-27T16:48:19.807Z</time>
      </trkpt>
      <trkpt lat="38.809069" lon="-0.155029">
        <ele>380.764857</ele>
        <time>2026-03-27T16:48:54.228Z</time>
      </trkpt>
      <trkpt lat="38.809278" lon="-0.154600">
        <ele>381.885812</ele>
        <time>2026-03-27T16:49:04.011Z</time>
      </trkpt>
      <trkpt lat="38.809380" lon="-0.154396">
        <ele>382.457631</ele>
        <time>2026-03-27T16:49:08.975Z</time>
      </trkpt>
      <trkpt lat="38.809455" lon="-0.154108">
        <ele>383.174001</ele>
        <time>2026-03-27T16:49:15.409Z</time>
      </trkpt>
      <trkpt lat="38.809563" lon="-0.152772">
        <ele>386.348460</ele>
        <time>2026-03-27T16:49:45.508Z</time>
      </trkpt>
      <trkpt lat="38.809605" lon="-0.152630">
        <ele>386.738895</ele>
        <time>2026-03-27T16:49:48.976Z</time>
      </trkpt>
      <trkpt lat="38.810549" lon="-0.150543">
        <ele>392.777827</ele>
        <time>2026-03-27T16:50:41.840Z</time>
      </trkpt>
      <trkpt lat="38.810620" lon="-0.150249">
        <ele>393.391027</ele>
        <time>2026-03-27T16:50:48.120Z</time>
      </trkpt>
      <trkpt lat="38.810672" lon="-0.149642">
        <ele>394.607595</ele>
        <time>2026-03-27T16:51:00.355Z</time>
      </trkpt>
      <trkpt lat="38.810798" lon="-0.148005">
        <ele>397.493598</ele>
        <time>2026-03-27T16:51:30.659Z</time>
      </trkpt>
      <trkpt lat="38.810770" lon="-0.147404">
        <ele>398.256219</ele>
        <time>2026-03-27T16:51:39.442Z</time>
      </trkpt>
      <trkpt lat="38.810781" lon="-0.147178">
        <ele>398.543041</ele>
        <time>2026-03-27T16:51:42.817Z</time>
      </trkpt>
      <trkpt lat="38.810862" lon="-0.146765">
        <ele>399.082486</ele>
        <time>2026-03-27T16:51:49.434Z</time>
      </trkpt>
      <trkpt lat="38.810857" lon="-0.146645">
        <ele>399.234702</ele>
        <time>2026-03-27T16:51:51.315Z</time>
      </trkpt>
      <trkpt lat="38.810775" lon="-0.146339">
        <ele>399.644578</ele>
        <time>2026-03-27T16:51:56.629Z</time>
      </trkpt>
      <trkpt lat="38.810723" lon="-0.145982">
        <ele>400.920944</ele>
        <time>2026-03-27T16:52:02.781Z</time>
      </trkpt>
      <trkpt lat="38.810735" lon="-0.145734">
        <ele>401.929961</ele>
        <time>2026-03-27T16:52:07.212Z</time>
      </trkpt>
      <trkpt lat="38.810991" lon="-0.144964">
        <ele>405.329487</ele>
        <time>2026-03-27T16:52:27.381Z</time>
      </trkpt>
      <trkpt lat="38.811025" lon="-0.144725">
        <ele>406.316055</ele>
        <time>2026-03-27T16:52:35.373Z</time>
      </trkpt>
      <trkpt lat="38.811030" lon="-0.144278">
        <ele>408.131411</ele>
        <time>2026-03-27T16:52:52.116Z</time>
      </trkpt>
      <trkpt lat="38.811082" lon="-0.144077">
        <ele>408.991437</ele>
        <time>2026-03-27T16:53:00.812Z</time>
      </trkpt>
      <trkpt lat="38.811437" lon="-0.143454">
        <ele>413.324404</ele>
        <time>2026-03-27T16:53:33.161Z</time>
      </trkpt>
      <trkpt lat="38.811546" lon="-0.143386">
        <ele>414.206918</ele>
        <time>2026-03-27T16:53:39.108Z</time>
      </trkpt>
      <trkpt lat="38.811764" lon="-0.143330">
        <ele>415.825813</ele>
        <time>2026-03-27T16:53:49.223Z</time>
      </trkpt>
      <trkpt lat="38.811853" lon="-0.143218">
        <ele>416.733466</ele>
        <time>2026-03-27T16:53:54.483Z</time>
      </trkpt>
      <trkpt lat="38.811881" lon="-0.143114">
        <ele>417.357787</ele>
        <time>2026-03-27T16:53:58.116Z</time>
      </trkpt>
      <trkpt lat="38.811862" lon="-0.142923">
        <ele>418.450306</ele>
        <time>2026-03-27T16:54:03.855Z</time>
      </trkpt>
      <trkpt lat="38.811700" lon="-0.142656">
        <ele>420.370357</ele>
        <time>2026-03-27T16:54:12.847Z</time>
      </trkpt>
      <trkpt lat="38.811624" lon="-0.142290">
        <ele>422.584997</ele>
        <time>2026-03-27T16:54:22.383Z</time>
      </trkpt>
      <trkpt lat="38.811420" lon="-0.141948">
        <ele>425.537817</ele>
        <time>2026-03-27T16:54:34.248Z</time>
      </trkpt>
      <trkpt lat="38.811377" lon="-0.141750">
        <ele>426.947007</ele>
        <time>2026-03-27T16:54:42.067Z</time>
      </trkpt>
      <trkpt lat="38.811380" lon="-0.141321">
        <ele>429.888278</ele>
        <time>2026-03-27T16:54:59.222Z</time>
      </trkpt>
      <trkpt lat="38.811429" lon="-0.140857">
        <ele>433.098465</ele>
        <time>2026-03-27T16:55:18.090Z</time>
      </trkpt>
      <trkpt lat="38.811486" lon="-0.140752">
        <ele>433.975797</ele>
        <time>2026-03-27T16:55:23.218Z</time>
      </trkpt>
      <trkpt lat="38.811756" lon="-0.140551">
        <ele>436.722114</ele>
        <time>2026-03-27T16:55:40.680Z</time>
      </trkpt>
      <trkpt lat="38.811807" lon="-0.140448">
        <ele>437.558770</ele>
        <time>2026-03-27T16:55:46.338Z</time>
      </trkpt>
      <trkpt lat="38.811824" lon="-0.140335">
        <ele>438.492151</ele>
        <time>2026-03-27T16:55:52.052Z</time>
      </trkpt>
      <trkpt lat="38.811795" lon="-0.140199">
        <ele>439.898335</ele>
        <time>2026-03-27T16:55:59.162Z</time>
      </trkpt>
      <trkpt lat="38.811504" lon="-0.139616">
        <ele>446.803156</ele>
        <time>2026-03-27T16:56:37.929Z</time>
      </trkpt>
      <trkpt lat="38.811468" lon="-0.139495">
        <ele>448.094855</ele>
        <time>2026-03-27T16:56:45.233Z</time>
      </trkpt>
      <trkpt lat="38.811485" lon="-0.139131">
        <ele>451.731524</ele>
        <time>2026-03-27T16:57:02.411Z</time>
      </trkpt>
      <trkpt lat="38.811374" lon="-0.138364">
        <ele>459.511591</ele>
        <time>2026-03-27T16:57:41.195Z</time>
      </trkpt>
      <trkpt lat="38.811415" lon="-0.137737">
        <ele>464.014979</ele>
        <time>2026-03-27T16:58:20.210Z</time>
      </trkpt>
      <trkpt lat="38.811519" lon="-0.137102">
        <ele>468.065420</ele>
        <time>2026-03-27T16:58:52.003Z</time>
      </trkpt>
      <trkpt lat="38.811512" lon="-0.137049">
        <ele>468.400978</ele>
        <time>2026-03-27T16:58:54.031Z</time>
      </trkpt>
      <trkpt lat="38.811468" lon="-0.136980">
        <ele>468.957538</ele>
        <time>2026-03-27T16:58:57.291Z</time>
      </trkpt>
      <trkpt lat="38.811436" lon="-0.136962">
        <ele>469.237433</ele>
        <time>2026-03-27T16:58:58.730Z</time>
      </trkpt>
      <trkpt lat="38.811363" lon="-0.136957">
        <ele>469.823066</ele>
        <time>2026-03-27T16:59:01.648Z</time>
      </trkpt>
      <trkpt lat="38.811304" lon="-0.136997">
        <ele>470.357613</ele>
        <time>2026-03-27T16:59:04.059Z</time>
      </trkpt>
      <trkpt lat="38.811182" lon="-0.137203">
        <ele>471.972776</ele>
        <time>2026-03-27T16:59:10.241Z</time>
      </trkpt>
      <trkpt lat="38.811052" lon="-0.137524">
        <ele>474.231021</ele>
        <time>2026-03-27T16:59:17.432Z</time>
      </trkpt>
      <trkpt lat="38.810949" lon="-0.137957">
        <ele>475.474677</ele>
        <time>2026-03-27T16:59:24.268Z</time>
      </trkpt>
      <trkpt lat="38.810881" lon="-0.138122">
        <ele>475.485720</ele>
        <time>2026-03-27T16:59:25.962Z</time>
      </trkpt>
      <trkpt lat="38.810764" lon="-0.138219">
        <ele>475.496296</ele>
        <time>2026-03-27T16:59:27.363Z</time>
      </trkpt>
      <trkpt lat="38.810541" lon="-0.138214">
        <ele>475.513230</ele>
        <time>2026-03-27T16:59:29.552Z</time>
      </trkpt>
      <trkpt lat="38.810190" lon="-0.138275">
        <ele>475.540123</ele>
        <time>2026-03-27T16:59:33.166Z</time>
      </trkpt>
      <trkpt lat="38.809923" lon="-0.138388">
        <ele>475.561469</ele>
        <time>2026-03-27T16:59:36.572Z</time>
      </trkpt>
      <trkpt lat="38.809845" lon="-0.138453">
        <ele>475.568530</ele>
        <time>2026-03-27T16:59:38.121Z</time>
      </trkpt>
      <trkpt lat="38.809735" lon="-0.138713">
        <ele>475.586034</ele>
        <time>2026-03-27T16:59:43.781Z</time>
      </trkpt>
      <trkpt lat="38.809648" lon="-0.138790">
        <ele>475.594058</ele>
        <time>2026-03-27T16:59:46.835Z</time>
      </trkpt>
      <trkpt lat="38.809594" lon="-0.138785">
        <ele>475.761085</ele>
        <time>2026-03-27T16:59:48.682Z</time>
      </trkpt>
      <trkpt lat="38.809504" lon="-0.138692">
        <ele>476.460494</ele>
        <time>2026-03-27T16:59:52.476Z</time>
      </trkpt>
      <trkpt lat="38.809511" lon="-0.138585">
        <ele>476.966948</ele>
        <time>2026-03-27T16:59:55.351Z</time>
      </trkpt>
      <trkpt lat="38.809668" lon="-0.138215">
        <ele>478.954060</ele>
        <time>2026-03-27T17:00:07.529Z</time>
      </trkpt>
      <trkpt lat="38.809861" lon="-0.136997">
        <ele>484.816454</ele>
        <time>2026-03-27T17:00:53.478Z</time>
      </trkpt>
      <trkpt lat="38.809987" lon="-0.136815">
        <ele>485.964731</ele>
        <time>2026-03-27T17:01:02.235Z</time>
      </trkpt>
      <trkpt lat="38.810680" lon="-0.136215">
        <ele>486.825001</ele>
        <time>2026-03-27T17:01:27.302Z</time>
      </trkpt>
      <trkpt lat="38.810879" lon="-0.135998">
        <ele>486.943997</ele>
        <time>2026-03-27T17:01:30.208Z</time>
      </trkpt>
      <trkpt lat="38.810905" lon="-0.135940">
        <ele>486.967756</ele>
        <time>2026-03-27T17:01:30.745Z</time>
      </trkpt>
      <trkpt lat="38.810934" lon="-0.135720">
        <ele>487.046983</ele>
        <time>2026-03-27T17:01:32.447Z</time>
      </trkpt>
      <trkpt lat="38.810797" lon="-0.134547">
        <ele>490.049437</ele>
        <time>2026-03-27T17:01:41.679Z</time>
      </trkpt>
      <trkpt lat="38.810811" lon="-0.134341">
        <ele>491.268462</ele>
        <time>2026-03-27T17:01:44.159Z</time>
      </trkpt>
      <trkpt lat="38.810868" lon="-0.134149">
        <ele>492.479709</ele>
        <time>2026-03-27T17:01:47.917Z</time>
      </trkpt>
      <trkpt lat="38.811299" lon="-0.133552">
        <ele>497.277507</ele>
        <time>2026-03-27T17:02:20.524Z</time>
      </trkpt>
      <trkpt lat="38.811465" lon="-0.133476">
        <ele>498.610911</ele>
        <time>2026-03-27T17:02:34.052Z</time>
      </trkpt>
      <trkpt lat="38.811649" lon="-0.133464">
        <ele>500.004766</ele>
        <time>2026-03-27T17:02:49.932Z</time>
      </trkpt>
      <trkpt lat="38.811723" lon="-0.133430">
        <ele>500.599414</ele>
        <time>2026-03-27T17:02:56.973Z</time>
      </trkpt>
      <trkpt lat="38.812058" lon="-0.133129">
        <ele>506.352236</ele>
        <time>2026-03-27T17:03:36.963Z</time>
      </trkpt>
      <trkpt lat="38.812268" lon="-0.132894">
        <ele>510.474211</ele>
        <time>2026-03-27T17:04:03.580Z</time>
      </trkpt>
      <trkpt lat="38.812449" lon="-0.132807">
        <ele>513.333598</ele>
        <time>2026-03-27T17:04:20.970Z</time>
      </trkpt>
      <trkpt lat="38.812610" lon="-0.132799">
        <ele>515.717237</ele>
        <time>2026-03-27T17:04:34.386Z</time>
      </trkpt>
      <trkpt lat="38.812713" lon="-0.132750">
        <ele>517.342355</ele>
        <time>2026-03-27T17:04:43.037Z</time>
      </trkpt>
      <trkpt lat="38.812799" lon="-0.132598">
        <ele>519.507742</ele>
        <time>2026-03-27T17:04:53.590Z</time>
      </trkpt>
      <trkpt lat="38.812827" lon="-0.132219">
        <ele>523.896278</ele>
        <time>2026-03-27T17:05:11.871Z</time>
      </trkpt>
      <trkpt lat="38.812879" lon="-0.132059">
        <ele>525.894691</ele>
        <time>2026-03-27T17:05:19.031Z</time>
      </trkpt>
      <trkpt lat="38.812992" lon="-0.131913">
        <ele>527.761876</ele>
        <time>2026-03-27T17:05:26.702Z</time>
      </trkpt>
      <trkpt lat="38.813220" lon="-0.131742">
        <ele>529.027936</ele>
        <time>2026-03-27T17:05:37.894Z</time>
      </trkpt>
      <trkpt lat="38.814678" lon="-0.130697">
        <ele>535.895976</ele>
        <time>2026-03-27T17:06:28.059Z</time>
      </trkpt>
      <trkpt lat="38.814897" lon="-0.130571">
        <ele>535.577163</ele>
        <time>2026-03-27T17:06:33.383Z</time>
      </trkpt>
      <trkpt lat="38.815215" lon="-0.130436">
        <ele>535.132223</ele>
        <time>2026-03-27T17:06:39.011Z</time>
      </trkpt>
      <trkpt lat="38.815470" lon="-0.130335">
        <ele>534.777718</ele>
        <time>2026-03-27T17:06:42.287Z</time>
      </trkpt>
      <trkpt lat="38.815722" lon="-0.130230">
        <ele>534.425763</ele>
        <time>2026-03-27T17:06:45.116Z</time>
      </trkpt>
      <trkpt lat="38.816024" lon="-0.130076">
        <ele>533.994082</ele>
        <time>2026-03-27T17:06:48.279Z</time>
      </trkpt>
      <trkpt lat="38.816181" lon="-0.129913">
        <ele>533.558228</ele>
        <time>2026-03-27T17:06:50.139Z</time>
      </trkpt>
      <trkpt lat="38.816391" lon="-0.129256">
        <ele>528.389146</ele>
        <time>2026-03-27T17:06:55.034Z</time>
      </trkpt>
      <trkpt lat="38.816495" lon="-0.129010">
        <ele>526.351906</ele>
        <time>2026-03-27T17:06:56.909Z</time>
      </trkpt>
      <trkpt lat="38.816592" lon="-0.128623">
        <ele>523.392768</ele>
        <time>2026-03-27T17:06:59.620Z</time>
      </trkpt>
      <trkpt lat="38.816682" lon="-0.128455">
        <ele>521.908739</ele>
        <time>2026-03-27T17:07:00.968Z</time>
      </trkpt>
      <trkpt lat="38.816808" lon="-0.128360">
        <ele>520.543542</ele>
        <time>2026-03-27T17:07:02.205Z</time>
      </trkpt>
      <trkpt lat="38.817540" lon="-0.128010">
        <ele>514.163098</ele>
        <time>2026-03-27T17:07:08.866Z</time>
      </trkpt>
      <trkpt lat="38.817994" lon="-0.127850">
        <ele>510.853696</ele>
        <time>2026-03-27T17:07:12.953Z</time>
      </trkpt>
      <trkpt lat="38.818048" lon="-0.127805">
        <ele>510.401125</ele>
        <time>2026-03-27T17:07:13.516Z</time>
      </trkpt>
      <trkpt lat="38.818106" lon="-0.127704">
        <ele>509.713960</ele>
        <time>2026-03-27T17:07:14.373Z</time>
      </trkpt>
      <trkpt lat="38.818123" lon="-0.127529">
        <ele>508.748105</ele>
        <time>2026-03-27T17:07:15.603Z</time>
      </trkpt>
      <trkpt lat="38.818084" lon="-0.127416">
        <ele>508.071230</ele>
        <time>2026-03-27T17:07:16.490Z</time>
      </trkpt>
      <trkpt lat="38.817904" lon="-0.127140">
        <ele>506.099987</ele>
        <time>2026-03-27T17:07:19.253Z</time>
      </trkpt>
      <trkpt lat="38.817673" lon="-0.126939">
        <ele>504.274375</ele>
        <time>2026-03-27T17:07:22.289Z</time>
      </trkpt>
      <trkpt lat="38.817579" lon="-0.126879">
        <ele>504.130566</ele>
        <time>2026-03-27T17:07:23.524Z</time>
      </trkpt>
      <trkpt lat="38.817443" lon="-0.126841">
        <ele>503.939905</ele>
        <time>2026-03-27T17:07:25.426Z</time>
      </trkpt>
      <trkpt lat="38.817299" lon="-0.126885">
        <ele>503.737136</ele>
        <time>2026-03-27T17:07:27.830Z</time>
      </trkpt>
      <trkpt lat="38.817041" lon="-0.127019">
        <ele>503.355878</ele>
        <time>2026-03-27T17:07:32.937Z</time>
      </trkpt>
      <trkpt lat="38.816909" lon="-0.126980">
        <ele>503.170330</ele>
        <time>2026-03-27T17:07:35.491Z</time>
      </trkpt>
      <trkpt lat="38.816797" lon="-0.126740">
        <ele>502.871745</ele>
        <time>2026-03-27T17:07:39.172Z</time>
      </trkpt>
      <trkpt lat="38.816733" lon="-0.126660">
        <ele>502.749367</ele>
        <time>2026-03-27T17:07:40.730Z</time>
      </trkpt>
      <trkpt lat="38.816402" lon="-0.126560">
        <ele>502.283559</ele>
        <time>2026-03-27T17:07:45.608Z</time>
      </trkpt>
      <trkpt lat="38.816029" lon="-0.126183">
        <ele>500.824143</ele>
        <time>2026-03-27T17:07:50.411Z</time>
      </trkpt>
      <trkpt lat="38.815959" lon="-0.126079">
        <ele>500.113129</ele>
        <time>2026-03-27T17:07:51.391Z</time>
      </trkpt>
      <trkpt lat="38.815814" lon="-0.125413">
        <ele>496.535507</ele>
        <time>2026-03-27T17:07:56.123Z</time>
      </trkpt>
      <trkpt lat="38.815690" lon="-0.124170">
        <ele>490.052183</ele>
        <time>2026-03-27T17:08:04.659Z</time>
      </trkpt>
      <trkpt lat="38.815633" lon="-0.123995">
        <ele>489.440256</ele>
        <time>2026-03-27T17:08:06.078Z</time>
      </trkpt>
      <trkpt lat="38.815539" lon="-0.123832">
        <ele>488.858199</ele>
        <time>2026-03-27T17:08:07.692Z</time>
      </trkpt>
      <trkpt lat="38.815355" lon="-0.123632">
        <ele>487.969962</ele>
        <time>2026-03-27T17:08:10.394Z</time>
      </trkpt>
      <trkpt lat="38.815055" lon="-0.123467">
        <ele>486.767633</ele>
        <time>2026-03-27T17:08:14.348Z</time>
      </trkpt>
      <trkpt lat="38.814607" lon="-0.123426">
        <ele>485.113120</ele>
        <time>2026-03-27T17:08:19.901Z</time>
      </trkpt>
      <trkpt lat="38.814512" lon="-0.123370">
        <ele>484.728015</ele>
        <time>2026-03-27T17:08:21.029Z</time>
      </trkpt>
      <trkpt lat="38.814454" lon="-0.123286">
        <ele>484.405864</ele>
        <time>2026-03-27T17:08:21.927Z</time>
      </trkpt>
      <trkpt lat="38.814437" lon="-0.123175">
        <ele>484.081163</ele>
        <time>2026-03-27T17:08:22.807Z</time>
      </trkpt>
      <trkpt lat="38.814484" lon="-0.123042">
        <ele>483.661986</ele>
        <time>2026-03-27T17:08:23.906Z</time>
      </trkpt>
      <trkpt lat="38.814953" lon="-0.122622">
        <ele>479.484973</ele>
        <time>2026-03-27T17:08:28.991Z</time>
      </trkpt>
      <trkpt lat="38.815244" lon="-0.122442">
        <ele>476.862230</ele>
        <time>2026-03-27T17:08:31.741Z</time>
      </trkpt>
      <trkpt lat="38.815696" lon="-0.122301">
        <ele>473.085560</ele>
        <time>2026-03-27T17:08:35.695Z</time>
      </trkpt>
      <trkpt lat="38.815784" lon="-0.122255">
        <ele>472.314093</ele>
        <time>2026-03-27T17:08:36.521Z</time>
      </trkpt>
      <trkpt lat="38.815956" lon="-0.122103">
        <ele>470.618578</ele>
        <time>2026-03-27T17:08:38.358Z</time>
      </trkpt>
      <trkpt lat="38.816216" lon="-0.121710">
        <ele>467.734270</ele>
        <time>2026-03-27T17:08:42.029Z</time>
      </trkpt>
      <trkpt lat="38.816353" lon="-0.121407">
        <ele>466.154034</ele>
        <time>2026-03-27T17:08:44.764Z</time>
      </trkpt>
      <trkpt lat="38.816398" lon="-0.121183">
        <ele>465.110567</ele>
        <time>2026-03-27T17:08:46.672Z</time>
      </trkpt>
      <trkpt lat="38.816393" lon="-0.121073">
        <ele>464.613535</ele>
        <time>2026-03-27T17:08:47.616Z</time>
      </trkpt>
      <trkpt lat="38.816192" lon="-0.120056">
        <ele>459.880752</ele>
        <time>2026-03-27T17:08:55.684Z</time>
      </trkpt>
      <trkpt lat="38.816155" lon="-0.119731">
        <ele>458.399168</ele>
        <time>2026-03-27T17:08:57.914Z</time>
      </trkpt>
      <trkpt lat="38.816179" lon="-0.119373">
        <ele>455.322410</ele>
        <time>2026-03-27T17:09:00.287Z</time>
      </trkpt>
      <trkpt lat="38.816243" lon="-0.119069">
        <ele>452.504782</ele>
        <time>2026-03-27T17:09:02.345Z</time>
      </trkpt>
      <trkpt lat="38.816274" lon="-0.118784">
        <ele>449.929975</ele>
        <time>2026-03-27T17:09:04.215Z</time>
      </trkpt>
      <trkpt lat="38.816284" lon="-0.118427">
        <ele>446.733604</ele>
        <time>2026-03-27T17:09:06.519Z</time>
      </trkpt>
      <trkpt lat="38.816305" lon="-0.118329">
        <ele>445.824178</ele>
        <time>2026-03-27T17:09:07.174Z</time>
      </trkpt>
      <trkpt lat="38.816421" lon="-0.118069">
        <ele>443.143398</ele>
        <time>2026-03-27T17:09:09.120Z</time>
      </trkpt>
      <trkpt lat="38.816902" lon="-0.117266">
        <ele>436.651532</ele>
        <time>2026-03-27T17:09:15.932Z</time>
      </trkpt>
      <trkpt lat="38.816998" lon="-0.117178">
        <ele>436.285463</ele>
        <time>2026-03-27T17:09:17.077Z</time>
      </trkpt>
      <trkpt lat="38.817164" lon="-0.117134">
        <ele>435.759489</ele>
        <time>2026-03-27T17:09:18.830Z</time>
      </trkpt>
      <trkpt lat="38.817359" lon="-0.117178">
        <ele>435.145117</ele>
        <time>2026-03-27T17:09:21.245Z</time>
      </trkpt>
      <trkpt lat="38.817537" lon="-0.117291">
        <ele>434.528903</ele>
        <time>2026-03-27T17:09:24.129Z</time>
      </trkpt>
      <trkpt lat="38.818180" lon="-0.118239">
        <ele>431.085760</ele>
        <time>2026-03-27T17:09:39.199Z</time>
      </trkpt>
      <trkpt lat="38.818313" lon="-0.118505">
        <ele>429.740899</ele>
        <time>2026-03-27T17:09:41.758Z</time>
      </trkpt>
      <trkpt lat="38.818439" lon="-0.118830">
        <ele>428.196265</ele>
        <time>2026-03-27T17:09:44.429Z</time>
      </trkpt>
      <trkpt lat="38.818478" lon="-0.119039">
        <ele>427.281811</ele>
        <time>2026-03-27T17:09:45.937Z</time>
      </trkpt>
      <trkpt lat="38.818500" lon="-0.119395">
        <ele>425.762257</ele>
        <time>2026-03-27T17:09:48.386Z</time>
      </trkpt>
      <trkpt lat="38.818573" lon="-0.119732">
        <ele>424.273920</ele>
        <time>2026-03-27T17:09:50.758Z</time>
      </trkpt>
      <trkpt lat="38.818639" lon="-0.119873">
        <ele>423.574012</ele>
        <time>2026-03-27T17:09:51.878Z</time>
      </trkpt>
      <trkpt lat="38.818909" lon="-0.120187">
        <ele>421.828147</ele>
        <time>2026-03-27T17:09:55.085Z</time>
      </trkpt>
      <trkpt lat="38.818960" lon="-0.120333">
        <ele>421.417314</ele>
        <time>2026-03-27T17:09:56.207Z</time>
      </trkpt>
      <trkpt lat="38.818941" lon="-0.120416">
        <ele>421.195189</ele>
        <time>2026-03-27T17:09:56.820Z</time>
      </trkpt>
      <trkpt lat="38.818406" lon="-0.121014">
        <ele>418.857179</ele>
        <time>2026-03-27T17:10:04.190Z</time>
      </trkpt>
      <trkpt lat="38.818288" lon="-0.121111">
        <ele>418.395380</ele>
        <time>2026-03-27T17:10:06.049Z</time>
      </trkpt>
      <trkpt lat="38.818055" lon="-0.121181">
        <ele>417.606759</ele>
        <time>2026-03-27T17:10:09.004Z</time>
      </trkpt>
      <trkpt lat="38.817616" lon="-0.121143">
        <ele>416.135087</ele>
        <time>2026-03-27T17:10:14.108Z</time>
      </trkpt>
      <trkpt lat="38.817513" lon="-0.121187">
        <ele>415.710098</ele>
        <time>2026-03-27T17:10:15.314Z</time>
      </trkpt>
      <trkpt lat="38.817453" lon="-0.121299">
        <ele>415.295500</ele>
        <time>2026-03-27T17:10:16.610Z</time>
      </trkpt>
      <trkpt lat="38.817477" lon="-0.121427">
        <ele>414.893913</ele>
        <time>2026-03-27T17:10:17.700Z</time>
      </trkpt>
      <trkpt lat="38.817547" lon="-0.121528">
        <ele>414.481583</ele>
        <time>2026-03-27T17:10:18.817Z</time>
      </trkpt>
      <trkpt lat="38.817807" lon="-0.121768">
        <ele>413.227779</ele>
        <time>2026-03-27T17:10:22.149Z</time>
      </trkpt>
      <trkpt lat="38.817871" lon="-0.121848">
        <ele>412.878027</ele>
        <time>2026-03-27T17:10:23.078Z</time>
      </trkpt>
      <trkpt lat="38.817910" lon="-0.121950">
        <ele>412.531452</ele>
        <time>2026-03-27T17:10:23.914Z</time>
      </trkpt>
      <trkpt lat="38.817902" lon="-0.122110">
        <ele>412.042400</ele>
        <time>2026-03-27T17:10:25.093Z</time>
      </trkpt>
      <trkpt lat="38.817751" lon="-0.122560">
        <ele>410.547877</ele>
        <time>2026-03-27T17:10:28.555Z</time>
      </trkpt>
      <trkpt lat="38.817768" lon="-0.122689">
        <ele>410.148799</ele>
        <time>2026-03-27T17:10:29.462Z</time>
      </trkpt>
      <trkpt lat="38.817815" lon="-0.122758">
        <ele>409.869237</ele>
        <time>2026-03-27T17:10:30.103Z</time>
      </trkpt>
      <trkpt lat="38.817927" lon="-0.122809">
        <ele>409.403984</ele>
        <time>2026-03-27T17:10:31.203Z</time>
      </trkpt>
      <trkpt lat="38.817991" lon="-0.122795">
        <ele>409.131754</ele>
        <time>2026-03-27T17:10:31.807Z</time>
      </trkpt>
      <trkpt lat="38.818038" lon="-0.122747">
        <ele>408.843801</ele>
        <time>2026-03-27T17:10:32.375Z</time>
      </trkpt>
      <trkpt lat="38.818377" lon="-0.121931">
        <ele>405.389602</ele>
        <time>2026-03-27T17:10:39.416Z</time>
      </trkpt>
      <trkpt lat="38.818447" lon="-0.121837">
        <ele>404.903905</ele>
        <time>2026-03-27T17:10:40.419Z</time>
      </trkpt>
      <trkpt lat="38.818523" lon="-0.121788">
        <ele>404.496166</ele>
        <time>2026-03-27T17:10:41.261Z</time>
      </trkpt>
      <trkpt lat="38.818819" lon="-0.121771">
        <ele>403.075690</ele>
        <time>2026-03-27T17:10:44.146Z</time>
      </trkpt>
      <trkpt lat="38.819471" lon="-0.121618">
        <ele>399.445009</ele>
        <time>2026-03-27T17:10:50.345Z</time>
      </trkpt>
      <trkpt lat="38.819803" lon="-0.121313">
        <ele>396.237173</ele>
        <time>2026-03-27T17:10:54.051Z</time>
      </trkpt>
      <trkpt lat="38.819972" lon="-0.120953">
        <ele>393.664319</ele>
        <time>2026-03-27T17:10:56.960Z</time>
      </trkpt>
      <trkpt lat="38.820270" lon="-0.120722">
        <ele>390.929074</ele>
        <time>2026-03-27T17:11:00.003Z</time>
      </trkpt>
      <trkpt lat="38.820335" lon="-0.120604">
        <ele>390.044439</ele>
        <time>2026-03-27T17:11:00.975Z</time>
      </trkpt>
      <trkpt lat="38.820348" lon="-0.120469">
        <ele>389.211754</ele>
        <time>2026-03-27T17:11:01.894Z</time>
      </trkpt>
      <trkpt lat="38.820269" lon="-0.120161">
        <ele>387.226802</ele>
        <time>2026-03-27T17:11:04.067Z</time>
      </trkpt>
      <trkpt lat="38.820260" lon="-0.120030">
        <ele>386.423282</ele>
        <time>2026-03-27T17:11:04.955Z</time>
      </trkpt>
      <trkpt lat="38.820427" lon="-0.119407">
        <ele>382.503054</ele>
        <time>2026-03-27T17:11:09.406Z</time>
      </trkpt>
      <trkpt lat="38.820422" lon="-0.119095">
        <ele>380.646209</ele>
        <time>2026-03-27T17:11:11.544Z</time>
      </trkpt>
      <trkpt lat="38.820241" lon="-0.118395">
        <ele>376.257695</ele>
        <time>2026-03-27T17:11:16.679Z</time>
      </trkpt>
      <trkpt lat="38.819871" lon="-0.117461">
        <ele>370.847862</ele>
        <time>2026-03-27T17:11:24.179Z</time>
      </trkpt>
      <trkpt lat="38.819831" lon="-0.117285">
        <ele>370.088246</ele>
        <time>2026-03-27T17:11:25.516Z</time>
      </trkpt>
      <trkpt lat="38.819759" lon="-0.116551">
        <ele>367.023040</ele>
        <time>2026-03-27T17:11:31.029Z</time>
      </trkpt>
      <trkpt lat="38.819631" lon="-0.116139">
        <ele>365.185278</ele>
        <time>2026-03-27T17:11:34.312Z</time>
      </trkpt>
      <trkpt lat="38.819556" lon="-0.116013">
        <ele>364.528297</ele>
        <time>2026-03-27T17:11:35.483Z</time>
      </trkpt>
      <trkpt lat="38.819392" lon="-0.115853">
        <ele>363.432800</ele>
        <time>2026-03-27T17:11:37.411Z</time>
      </trkpt>
      <trkpt lat="38.819347" lon="-0.115756">
        <ele>362.867461</ele>
        <time>2026-03-27T17:11:38.228Z</time>
      </trkpt>
      <trkpt lat="38.819342" lon="-0.115620">
        <ele>362.039949</ele>
        <time>2026-03-27T17:11:39.207Z</time>
      </trkpt>
      <trkpt lat="38.819389" lon="-0.115169">
        <ele>359.274415</ele>
        <time>2026-03-27T17:11:42.417Z</time>
      </trkpt>
      <trkpt lat="38.819342" lon="-0.114855">
        <ele>357.331061</ele>
        <time>2026-03-27T17:11:44.671Z</time>
      </trkpt>
      <trkpt lat="38.819379" lon="-0.114705">
        <ele>356.374781</ele>
        <time>2026-03-27T17:11:45.769Z</time>
      </trkpt>
      <trkpt lat="38.819522" lon="-0.114352">
        <ele>353.956615</ele>
        <time>2026-03-27T17:11:48.488Z</time>
      </trkpt>
      <trkpt lat="38.819515" lon="-0.113904">
        <ele>351.233184</ele>
        <time>2026-03-27T17:11:51.521Z</time>
      </trkpt>
      <trkpt lat="38.819588" lon="-0.113744">
        <ele>350.106257</ele>
        <time>2026-03-27T17:11:52.769Z</time>
      </trkpt>
      <trkpt lat="38.819798" lon="-0.113448">
        <ele>347.328443</ele>
        <time>2026-03-27T17:11:55.460Z</time>
      </trkpt>
      <trkpt lat="38.819885" lon="-0.113073">
        <ele>344.392743</ele>
        <time>2026-03-27T17:11:58.070Z</time>
      </trkpt>
      <trkpt lat="38.819893" lon="-0.112902">
        <ele>343.107426</ele>
        <time>2026-03-27T17:11:59.217Z</time>
      </trkpt>
      <trkpt lat="38.819832" lon="-0.112634">
        <ele>341.012583</ele>
        <time>2026-03-27T17:12:01.090Z</time>
      </trkpt>
      <trkpt lat="38.819831" lon="-0.112548">
        <ele>340.367257</ele>
        <time>2026-03-27T17:12:01.669Z</time>
      </trkpt>
      <trkpt lat="38.819885" lon="-0.112388">
        <ele>339.058991</ele>
        <time>2026-03-27T17:12:02.835Z</time>
      </trkpt>
      <trkpt lat="38.820019" lon="-0.112146">
        <ele>336.831433</ele>
        <time>2026-03-27T17:12:04.835Z</time>
      </trkpt>
      <trkpt lat="38.820050" lon="-0.112020">
        <ele>335.840047</ele>
        <time>2026-03-27T17:12:05.728Z</time>
      </trkpt>
      <trkpt lat="38.819996" lon="-0.111583">
        <ele>332.520279</ele>
        <time>2026-03-27T17:12:08.725Z</time>
      </trkpt>
      <trkpt lat="38.820028" lon="-0.111255">
        <ele>329.787031</ele>
        <time>2026-03-27T17:12:10.970Z</time>
      </trkpt>
      <trkpt lat="38.820059" lon="-0.111159">
        <ele>328.896605</ele>
        <time>2026-03-27T17:12:11.672Z</time>
      </trkpt>
      <trkpt lat="38.820105" lon="-0.111080">
        <ele>328.051540</ele>
        <time>2026-03-27T17:12:12.347Z</time>
      </trkpt>
      <trkpt lat="38.820361" lon="-0.110830">
        <ele>324.513868</ele>
        <time>2026-03-27T17:12:15.144Z</time>
      </trkpt>
      <trkpt lat="38.820499" lon="-0.110602">
        <ele>322.040024</ele>
        <time>2026-03-27T17:12:17.092Z</time>
      </trkpt>
      <trkpt lat="38.820609" lon="-0.110470">
        <ele>320.383912</ele>
        <time>2026-03-27T17:12:18.376Z</time>
      </trkpt>
      <trkpt lat="38.820935" lon="-0.110172">
        <ele>315.982359</ele>
        <time>2026-03-27T17:12:21.745Z</time>
      </trkpt>
      <trkpt lat="38.821256" lon="-0.109992">
        <ele>312.129912</ele>
        <time>2026-03-27T17:12:24.669Z</time>
      </trkpt>
      <trkpt lat="38.821312" lon="-0.109865">
        <ele>311.076796</ele>
        <time>2026-03-27T17:12:25.623Z</time>
      </trkpt>
      <trkpt lat="38.821313" lon="-0.109784">
        <ele>310.500541</ele>
        <time>2026-03-27T17:12:26.144Z</time>
      </trkpt>
      <trkpt lat="38.821258" lon="-0.109414">
        <ele>307.821121</ele>
        <time>2026-03-27T17:12:28.595Z</time>
      </trkpt>
      <trkpt lat="38.821338" lon="-0.108759">
        <ele>303.104965</ele>
        <time>2026-03-27T17:12:32.942Z</time>
      </trkpt>
      <trkpt lat="38.821405" lon="-0.108569">
        <ele>301.621437</ele>
        <time>2026-03-27T17:12:34.332Z</time>
      </trkpt>
      <trkpt lat="38.821595" lon="-0.108191">
        <ele>298.421567</ele>
        <time>2026-03-27T17:12:37.427Z</time>
      </trkpt>
      <trkpt lat="38.821778" lon="-0.107642">
        <ele>295.899543</ele>
        <time>2026-03-27T17:12:42.947Z</time>
      </trkpt>
      <trkpt lat="38.821863" lon="-0.107524">
        <ele>296.121235</ele>
        <time>2026-03-27T17:12:45.672Z</time>
      </trkpt>
      <trkpt lat="38.821964" lon="-0.107448">
        <ele>296.328532</ele>
        <time>2026-03-27T17:12:48.735Z</time>
      </trkpt>
      <trkpt lat="38.822005" lon="-0.107461">
        <ele>296.403309</ele>
        <time>2026-03-27T17:12:49.930Z</time>
      </trkpt>
      <trkpt lat="38.822067" lon="-0.107537">
        <ele>296.555107</ele>
        <time>2026-03-27T17:12:52.574Z</time>
      </trkpt>
      <trkpt lat="38.822163" lon="-0.108303">
        <ele>297.625365</ele>
        <time>2026-03-27T17:13:12.296Z</time>
      </trkpt>
      <trkpt lat="38.822208" lon="-0.108452">
        <ele>297.845809</ele>
        <time>2026-03-27T17:13:16.087Z</time>
      </trkpt>
      <trkpt lat="38.822381" lon="-0.108822">
        <ele>298.441074</ele>
        <time>2026-03-27T17:13:25.411Z</time>
      </trkpt>
      <trkpt lat="38.822478" lon="-0.108905">
        <ele>298.647488</ele>
        <time>2026-03-27T17:13:28.185Z</time>
      </trkpt>
      <trkpt lat="38.822539" lon="-0.108915">
        <ele>298.756372</ele>
        <time>2026-03-27T17:13:29.455Z</time>
      </trkpt>
      <trkpt lat="38.822640" lon="-0.108885">
        <ele>298.655788</ele>
        <time>2026-03-27T17:13:31.350Z</time>
      </trkpt>
      <trkpt lat="38.822867" lon="-0.108472">
        <ele>297.896200</ele>
        <time>2026-03-27T17:13:36.162Z</time>
      </trkpt>
      <trkpt lat="38.822944" lon="-0.108411">
        <ele>297.721657</ele>
        <time>2026-03-27T17:13:37.113Z</time>
      </trkpt>
      <trkpt lat="38.823552" lon="-0.108208">
        <ele>296.509811</ele>
        <time>2026-03-27T17:13:43.215Z</time>
      </trkpt>
      <trkpt lat="38.824465" lon="-0.108146">
        <ele>295.385163</ele>
        <time>2026-03-27T17:13:52.812Z</time>
      </trkpt>
      <trkpt lat="38.824607" lon="-0.108187">
        <ele>295.409391</ele>
        <time>2026-03-27T17:13:55.024Z</time>
      </trkpt>
      <trkpt lat="38.824700" lon="-0.108258">
        <ele>295.427404</ele>
        <time>2026-03-27T17:13:56.886Z</time>
      </trkpt>
      <trkpt lat="38.824999" lon="-0.108664">
        <ele>295.499858</ele>
        <time>2026-03-27T17:14:05.355Z</time>
      </trkpt>
      <trkpt lat="38.825083" lon="-0.108856">
        <ele>295.528415</ele>
        <time>2026-03-27T17:14:09.103Z</time>
      </trkpt>
      <trkpt lat="38.825089" lon="-0.109359">
        <ele>295.593655</ele>
        <time>2026-03-27T17:14:17.976Z</time>
      </trkpt>
      <trkpt lat="38.825336" lon="-0.110157">
        <ele>293.654248</ele>
        <time>2026-03-27T17:14:29.985Z</time>
      </trkpt>
      <trkpt lat="38.825392" lon="-0.110405">
        <ele>292.723268</ele>
        <time>2026-03-27T17:14:32.207Z</time>
      </trkpt>
      <trkpt lat="38.825455" lon="-0.110924">
        <ele>290.829408</ele>
        <time>2026-03-27T17:14:36.080Z</time>
      </trkpt>
      <trkpt lat="38.825466" lon="-0.111760">
        <ele>287.814739</ele>
        <time>2026-03-27T17:14:41.794Z</time>
      </trkpt>
      <trkpt lat="38.825538" lon="-0.112193">
        <ele>285.317652</ele>
        <time>2026-03-27T17:14:44.779Z</time>
      </trkpt>
      <trkpt lat="38.825522" lon="-0.112542">
        <ele>283.016640</ele>
        <time>2026-03-27T17:14:47.146Z</time>
      </trkpt>
      <trkpt lat="38.825415" lon="-0.112980">
        <ele>279.995413</ele>
        <time>2026-03-27T17:14:50.274Z</time>
      </trkpt>
      <trkpt lat="38.825359" lon="-0.113110">
        <ele>279.017693</ele>
        <time>2026-03-27T17:14:51.281Z</time>
      </trkpt>
      <trkpt lat="38.825296" lon="-0.113202">
        <ele>278.211500</ele>
        <time>2026-03-27T17:14:52.121Z</time>
      </trkpt>
      <trkpt lat="38.824969" lon="-0.113453">
        <ele>274.992609</ele>
        <time>2026-03-27T17:14:55.480Z</time>
      </trkpt>
      <trkpt lat="38.824836" lon="-0.113624">
        <ele>273.402237</ele>
        <time>2026-03-27T17:14:57.148Z</time>
      </trkpt>
      <trkpt lat="38.824812" lon="-0.113706">
        <ele>272.825696</ele>
        <time>2026-03-27T17:14:57.753Z</time>
      </trkpt>
      <trkpt lat="38.824841" lon="-0.113825">
        <ele>272.028166</ele>
        <time>2026-03-27T17:14:58.616Z</time>
      </trkpt>
      <trkpt lat="38.824915" lon="-0.113896">
        <ele>271.413413</ele>
        <time>2026-03-27T17:14:59.442Z</time>
      </trkpt>
      <trkpt lat="38.824970" lon="-0.113895">
        <ele>271.047405</ele>
        <time>2026-03-27T17:14:59.927Z</time>
      </trkpt>
      <trkpt lat="38.825097" lon="-0.113815">
        <ele>270.106070</ele>
        <time>2026-03-27T17:15:01.195Z</time>
      </trkpt>
      <trkpt lat="38.825260" lon="-0.113524">
        <ele>268.248119</ele>
        <time>2026-03-27T17:15:03.674Z</time>
      </trkpt>
      <trkpt lat="38.825529" lon="-0.113356">
        <ele>266.257566</ele>
        <time>2026-03-27T17:15:06.328Z</time>
      </trkpt>
      <trkpt lat="38.825614" lon="-0.113222">
        <ele>265.361790</ele>
        <time>2026-03-27T17:15:07.527Z</time>
      </trkpt>
      <trkpt lat="38.825767" lon="-0.112890">
        <ele>263.362181</ele>
        <time>2026-03-27T17:15:10.223Z</time>
      </trkpt>
      <trkpt lat="38.826063" lon="-0.112388">
        <ele>260.112410</ele>
        <time>2026-03-27T17:15:14.802Z</time>
      </trkpt>
      <trkpt lat="38.826217" lon="-0.111973">
        <ele>258.428595</ele>
        <time>2026-03-27T17:15:18.330Z</time>
      </trkpt>
      <trkpt lat="38.826335" lon="-0.111121">
        <ele>255.258741</ele>
        <time>2026-03-27T17:15:25.210Z</time>
      </trkpt>
      <trkpt lat="38.826319" lon="-0.110329">
        <ele>252.356631</ele>
        <time>2026-03-27T17:15:31.088Z</time>
      </trkpt>
      <trkpt lat="38.826347" lon="-0.109604">
        <ele>248.451189</ele>
        <time>2026-03-27T17:15:36.134Z</time>
      </trkpt>
      <trkpt lat="38.826335" lon="-0.109491">
        <ele>247.771899</ele>
        <time>2026-03-27T17:15:36.909Z</time>
      </trkpt>
      <trkpt lat="38.826234" lon="-0.109113">
        <ele>245.391659</ele>
        <time>2026-03-27T17:15:39.601Z</time>
      </trkpt>
      <trkpt lat="38.826169" lon="-0.108516">
        <ele>241.801161</ele>
        <time>2026-03-27T17:15:43.661Z</time>
      </trkpt>
      <trkpt lat="38.826118" lon="-0.108381">
        <ele>240.907498</ele>
        <time>2026-03-27T17:15:44.677Z</time>
      </trkpt>
      <trkpt lat="38.825834" lon="-0.107969">
        <ele>237.785874</ele>
        <time>2026-03-27T17:15:48.495Z</time>
      </trkpt>
      <trkpt lat="38.825807" lon="-0.107850">
        <ele>237.421731</ele>
        <time>2026-03-27T17:15:49.402Z</time>
      </trkpt>
      <trkpt lat="38.825823" lon="-0.107728">
        <ele>237.058257</ele>
        <time>2026-03-27T17:15:50.335Z</time>
      </trkpt>
      <trkpt lat="38.825863" lon="-0.107657">
        <ele>236.800833</ele>
        <time>2026-03-27T17:15:51.019Z</time>
      </trkpt>
      <trkpt lat="38.825957" lon="-0.107626">
        <ele>236.434829</ele>
        <time>2026-03-27T17:15:52.055Z</time>
      </trkpt>
      <trkpt lat="38.826054" lon="-0.107672">
        <ele>236.044857</ele>
        <time>2026-03-27T17:15:53.230Z</time>
      </trkpt>
      <trkpt lat="38.826137" lon="-0.107802">
        <ele>235.551048</ele>
        <time>2026-03-27T17:15:54.955Z</time>
      </trkpt>
      <trkpt lat="38.826302" lon="-0.108367">
        <ele>233.778313</ele>
        <time>2026-03-27T17:15:59.740Z</time>
      </trkpt>
      <trkpt lat="38.826380" lon="-0.108982">
        <ele>231.947691</ele>
        <time>2026-03-27T17:16:04.884Z</time>
      </trkpt>
      <trkpt lat="38.826425" lon="-0.109129">
        <ele>231.483669</ele>
        <time>2026-03-27T17:16:06.268Z</time>
      </trkpt>
      <trkpt lat="38.826639" lon="-0.109388">
        <ele>229.419346</ele>
        <time>2026-03-27T17:16:09.220Z</time>
      </trkpt>
      <trkpt lat="38.826763" lon="-0.109595">
        <ele>227.712032</ele>
        <time>2026-03-27T17:16:11.126Z</time>
      </trkpt>
      <trkpt lat="38.826949" lon="-0.110195">
        <ele>223.489802</ele>
        <time>2026-03-27T17:16:15.493Z</time>
      </trkpt>
      <trkpt lat="38.827092" lon="-0.110388">
        <ele>221.748296</ele>
        <time>2026-03-27T17:16:17.220Z</time>
      </trkpt>
      <trkpt lat="38.827180" lon="-0.110416">
        <ele>220.987373</ele>
        <time>2026-03-27T17:16:17.985Z</time>
      </trkpt>
      <trkpt lat="38.827248" lon="-0.110404">
        <ele>220.411291</ele>
        <time>2026-03-27T17:16:18.559Z</time>
      </trkpt>
      <trkpt lat="38.827335" lon="-0.110247">
        <ele>219.151564</ele>
        <time>2026-03-27T17:16:19.837Z</time>
      </trkpt>
      <trkpt lat="38.827408" lon="-0.109675">
        <ele>215.682321</ele>
        <time>2026-03-27T17:16:23.756Z</time>
      </trkpt>
      <trkpt lat="38.827444" lon="-0.109545">
        <ele>215.195512</ele>
        <time>2026-03-27T17:16:24.695Z</time>
      </trkpt>
      <trkpt lat="38.827662" lon="-0.109114">
        <ele>213.382360</ele>
        <time>2026-03-27T17:16:28.293Z</time>
      </trkpt>
      <trkpt lat="38.827710" lon="-0.108968">
        <ele>212.823221</ele>
        <time>2026-03-27T17:16:29.470Z</time>
      </trkpt>
      <trkpt lat="38.827696" lon="-0.108875">
        <ele>212.489012</ele>
        <time>2026-03-27T17:16:30.182Z</time>
      </trkpt>
      <trkpt lat="38.827668" lon="-0.108841">
        <ele>212.314443</ele>
        <time>2026-03-27T17:16:30.574Z</time>
      </trkpt>
      <trkpt lat="38.827596" lon="-0.108835">
        <ele>211.987656</ele>
        <time>2026-03-27T17:16:31.297Z</time>
      </trkpt>
      <trkpt lat="38.827560" lon="-0.108864">
        <ele>211.795159</ele>
        <time>2026-03-27T17:16:31.739Z</time>
      </trkpt>
      <trkpt lat="38.827310" lon="-0.109501">
        <ele>209.278466</ele>
        <time>2026-03-27T17:16:37.934Z</time>
      </trkpt>
      <trkpt lat="38.827253" lon="-0.109575">
        <ele>208.911285</ele>
        <time>2026-03-27T17:16:39.059Z</time>
      </trkpt>
      <trkpt lat="38.827181" lon="-0.109580">
        <ele>208.584707</ele>
        <time>2026-03-27T17:16:39.942Z</time>
      </trkpt>
      <trkpt lat="38.827104" lon="-0.109480">
        <ele>208.088602</ele>
        <time>2026-03-27T17:16:41.657Z</time>
      </trkpt>
      <trkpt lat="38.826988" lon="-0.109088">
        <ele>204.924262</ele>
        <time>2026-03-27T17:16:45.452Z</time>
      </trkpt>
      <trkpt lat="38.826817" lon="-0.108731">
        <ele>201.533142</ele>
        <time>2026-03-27T17:16:48.523Z</time>
      </trkpt>
      <trkpt lat="38.826803" lon="-0.108619">
        <ele>200.615268</ele>
        <time>2026-03-27T17:16:49.309Z</time>
      </trkpt>
      <trkpt lat="38.826835" lon="-0.108570">
        <ele>200.097884</ele>
        <time>2026-03-27T17:16:49.746Z</time>
      </trkpt>
      <trkpt lat="38.826898" lon="-0.108587">
        <ele>199.429211</ele>
        <time>2026-03-27T17:16:50.302Z</time>
      </trkpt>
      <trkpt lat="38.827031" lon="-0.108856">
        <ele>196.851153</ele>
        <time>2026-03-27T17:16:52.411Z</time>
      </trkpt>
      <trkpt lat="38.827117" lon="-0.108933">
        <ele>195.762054</ele>
        <time>2026-03-27T17:16:53.282Z</time>
      </trkpt>
      <trkpt lat="38.827223" lon="-0.108931">
        <ele>194.660931</ele>
        <time>2026-03-27T17:16:54.161Z</time>
      </trkpt>
      <trkpt lat="38.827304" lon="-0.108845">
        <ele>193.569095</ele>
        <time>2026-03-27T17:16:55.031Z</time>
      </trkpt>
      <trkpt lat="38.827349" lon="-0.108699">
        <ele>192.298598</ele>
        <time>2026-03-27T17:16:56.036Z</time>
      </trkpt>
      <trkpt lat="38.827436" lon="-0.108057">
        <ele>185.493470</ele>
        <time>2026-03-27T17:17:00.210Z</time>
      </trkpt>
      <trkpt lat="38.827699" lon="-0.107337">
        <ele>174.585051</ele>
        <time>2026-03-27T17:17:05.271Z</time>
      </trkpt>
      <trkpt lat="38.827755" lon="-0.106647">
        <ele>165.068755</ele>
        <time>2026-03-27T17:17:09.690Z</time>
      </trkpt>
      <trkpt lat="38.827762" lon="-0.106599">
        <ele>164.398878</ele>
        <time>2026-03-27T17:17:10.004Z</time>
      </trkpt>
      <trkpt lat="38.827830" lon="-0.106134">
        <ele>157.908841</ele>
        <time>2026-03-27T17:17:13.047Z</time>
      </trkpt>
      <trkpt lat="38.827959" lon="-0.105679">
        <ele>155.843114</ele>
        <time>2026-03-27T17:17:16.235Z</time>
      </trkpt>
      <trkpt lat="38.828235" lon="-0.105337">
        <ele>154.001485</ele>
        <time>2026-03-27T17:17:19.677Z</time>
      </trkpt>
      <trkpt lat="38.828413" lon="-0.105198">
        <ele>153.001256</ele>
        <time>2026-03-27T17:17:21.771Z</time>
      </trkpt>
      <trkpt lat="38.828516" lon="-0.105190">
        <ele>152.505876</ele>
        <time>2026-03-27T17:17:22.963Z</time>
      </trkpt>
      <trkpt lat="38.828839" lon="-0.105371">
        <ele>150.813929</ele>
        <time>2026-03-27T17:17:29.182Z</time>
      </trkpt>
      <trkpt lat="38.828984" lon="-0.105525">
        <ele>149.910453</ele>
        <time>2026-03-27T17:17:33.458Z</time>
      </trkpt>
      <trkpt lat="38.829258" lon="-0.105859">
        <ele>148.206627</ele>
        <time>2026-03-27T17:17:41.613Z</time>
      </trkpt>
      <trkpt lat="38.829574" lon="-0.106151">
        <ele>146.586364</ele>
        <time>2026-03-27T17:17:48.641Z</time>
      </trkpt>
      <trkpt lat="38.829892" lon="-0.106454">
        <ele>144.938341</ele>
        <time>2026-03-27T17:17:52.684Z</time>
      </trkpt>
      <trkpt lat="38.830374" lon="-0.107009">
        <ele>142.243875</ele>
        <time>2026-03-27T17:17:58.396Z</time>
      </trkpt>
      <trkpt lat="38.830746" lon="-0.107226">
        <ele>139.668013</ele>
        <time>2026-03-27T17:18:01.958Z</time>
      </trkpt>
      <trkpt lat="38.830823" lon="-0.107312">
        <ele>138.827956</ele>
        <time>2026-03-27T17:18:02.842Z</time>
      </trkpt>
      <trkpt lat="38.830894" lon="-0.107442">
        <ele>137.809996</ele>
        <time>2026-03-27T17:18:03.924Z</time>
      </trkpt>
      <trkpt lat="38.831080" lon="-0.108112">
        <ele>133.249557</ele>
        <time>2026-03-27T17:18:08.771Z</time>
      </trkpt>
      <trkpt lat="38.831258" lon="-0.108486">
        <ele>130.439476</ele>
        <time>2026-03-27T17:18:11.775Z</time>
      </trkpt>
      <trkpt lat="38.831446" lon="-0.108719">
        <ele>128.288645</ele>
        <time>2026-03-27T17:18:14.131Z</time>
      </trkpt>
      <trkpt lat="38.831818" lon="-0.108930">
        <ele>125.141538</ele>
        <time>2026-03-27T17:18:17.775Z</time>
      </trkpt>
      <trkpt lat="38.831947" lon="-0.109064">
        <ele>123.937216</ele>
        <time>2026-03-27T17:18:19.235Z</time>
      </trkpt>
      <trkpt lat="38.832000" lon="-0.109156">
        <ele>123.290320</ele>
        <time>2026-03-27T17:18:20.021Z</time>
      </trkpt>
      <trkpt lat="38.832118" lon="-0.109367">
        <ele>121.821871</ele>
        <time>2026-03-27T17:18:21.784Z</time>
      </trkpt>
      <trkpt lat="38.832190" lon="-0.109559">
        <ele>120.617184</ele>
        <time>2026-03-27T17:18:23.238Z</time>
      </trkpt>
      <trkpt lat="38.832199" lon="-0.109879">
        <ele>118.806904</ele>
        <time>2026-03-27T17:18:25.449Z</time>
      </trkpt>
      <trkpt lat="38.832237" lon="-0.110090">
        <ele>117.582564</ele>
        <time>2026-03-27T17:18:26.952Z</time>
      </trkpt>
      <trkpt lat="38.832373" lon="-0.110521">
        <ele>114.953618</ele>
        <time>2026-03-27T17:18:30.243Z</time>
      </trkpt>
      <trkpt lat="38.832493" lon="-0.111082">
        <ele>112.293967</ele>
        <time>2026-03-27T17:18:34.409Z</time>
      </trkpt>
      <trkpt lat="38.832549" lon="-0.111143">
        <ele>111.935964</ele>
        <time>2026-03-27T17:18:35.100Z</time>
      </trkpt>
      <trkpt lat="38.832623" lon="-0.111151">
        <ele>111.573972</ele>
        <time>2026-03-27T17:18:35.792Z</time>
      </trkpt>
      <trkpt lat="38.832712" lon="-0.111055">
        <ele>111.007323</ele>
        <time>2026-03-27T17:18:36.899Z</time>
      </trkpt>
      <trkpt lat="38.832711" lon="-0.110815">
        <ele>110.095991</ele>
        <time>2026-03-27T17:18:38.676Z</time>
      </trkpt>
      <trkpt lat="38.832622" lon="-0.110295">
        <ele>108.074367</ele>
        <time>2026-03-27T17:18:42.697Z</time>
      </trkpt>
      <trkpt lat="38.832614" lon="-0.109979">
        <ele>106.873828</ele>
        <time>2026-03-27T17:18:45.090Z</time>
      </trkpt>
      <trkpt lat="38.832679" lon="-0.109719">
        <ele>105.836968</ele>
        <time>2026-03-27T17:18:47.172Z</time>
      </trkpt>
      <trkpt lat="38.832928" lon="-0.109288">
        <ele>103.508461</ele>
        <time>2026-03-27T17:18:51.202Z</time>
      </trkpt>
      <trkpt lat="38.832990" lon="-0.109055">
        <ele>102.305347</ele>
        <time>2026-03-27T17:18:53.004Z</time>
      </trkpt>
      <trkpt lat="38.833021" lon="-0.108249">
        <ele>98.362151</ele>
        <time>2026-03-27T17:18:58.679Z</time>
      </trkpt>
      <trkpt lat="38.833052" lon="-0.108134">
        <ele>97.767526</ele>
        <time>2026-03-27T17:18:59.516Z</time>
      </trkpt>
      <trkpt lat="38.833155" lon="-0.108058">
        <ele>97.022308</ele>
        <time>2026-03-27T17:19:00.570Z</time>
      </trkpt>
      <trkpt lat="38.834167" lon="-0.107804">
        <ele>91.846899</ele>
        <time>2026-03-27T17:19:09.856Z</time>
      </trkpt>
      <trkpt lat="38.834134" lon="-0.107675">
        <ele>91.471548</ele>
        <time>2026-03-27T17:19:10.838Z</time>
      </trkpt>
      <trkpt lat="38.834063" lon="-0.107543">
        <ele>91.028100</ele>
        <time>2026-03-27T17:19:12.011Z</time>
      </trkpt>
      <trkpt lat="38.833870" lon="-0.107311">
        <ele>90.089769</ele>
        <time>2026-03-27T17:19:14.575Z</time>
      </trkpt>
      <trkpt lat="38.832428" lon="-0.105735">
        <ele>86.493841</ele>
        <time>2026-03-27T17:19:38.511Z</time>
      </trkpt>
      <trkpt lat="38.832151" lon="-0.105329">
        <ele>86.235534</ele>
        <time>2026-03-27T17:19:44.287Z</time>
      </trkpt>
      <trkpt lat="38.832122" lon="-0.105278">
        <ele>86.205313</ele>
        <time>2026-03-27T17:19:44.950Z</time>
      </trkpt>
      <trkpt lat="38.831540" lon="-0.104196">
        <ele>85.672434</ele>
        <time>2026-03-27T17:19:58.450Z</time>
      </trkpt>
      <trkpt lat="38.830576" lon="-0.102400">
        <ele>85.556969</ele>
        <time>2026-03-27T17:20:20.889Z</time>
      </trkpt>
      <trkpt lat="38.830236" lon="-0.101754">
        <ele>85.916306</ele>
        <time>2026-03-27T17:20:31.184Z</time>
      </trkpt>
      <trkpt lat="38.830048" lon="-0.101340">
        <ele>86.137179</ele>
        <time>2026-03-27T17:20:38.603Z</time>
      </trkpt>
      <trkpt lat="38.829858" lon="-0.100592">
        <ele>88.051195</ele>
        <time>2026-03-27T17:20:53.733Z</time>
      </trkpt>
      <trkpt lat="38.829738" lon="-0.100407">
        <ele>88.800969</ele>
        <time>2026-03-27T17:20:58.917Z</time>
      </trkpt>
      <trkpt lat="38.829595" lon="-0.100325">
        <ele>89.427137</ele>
        <time>2026-03-27T17:21:03.471Z</time>
      </trkpt>
      <trkpt lat="38.829521" lon="-0.100312">
        <ele>89.725748</ele>
        <time>2026-03-27T17:21:05.725Z</time>
      </trkpt>
      <trkpt lat="38.828242" lon="-0.100308">
        <ele>95.699979</ele>
        <time>2026-03-27T17:21:50.581Z</time>
      </trkpt>
      <trkpt lat="38.827639" lon="-0.100311">
        <ele>99.574329</ele>
        <time>2026-03-27T17:22:18.500Z</time>
      </trkpt>
      <trkpt lat="38.827414" lon="-0.100238">
        <ele>101.065434</ele>
        <time>2026-03-27T17:22:28.611Z</time>
      </trkpt>
      <trkpt lat="38.827153" lon="-0.099992">
        <ele>103.145892</ele>
        <time>2026-03-27T17:22:41.613Z</time>
      </trkpt>
      <trkpt lat="38.826991" lon="-0.099724">
        <ele>104.843796</ele>
        <time>2026-03-27T17:22:51.697Z</time>
      </trkpt>
      <trkpt lat="38.826904" lon="-0.099386">
        <ele>106.154291</ele>
        <time>2026-03-27T17:23:02.250Z</time>
      </trkpt>
      <trkpt lat="38.826867" lon="-0.099147">
        <ele>107.025133</ele>
        <time>2026-03-27T17:23:09.463Z</time>
      </trkpt>
      <trkpt lat="38.826859" lon="-0.098913">
        <ele>107.862210</ele>
        <time>2026-03-27T17:23:16.238Z</time>
      </trkpt>
      <trkpt lat="38.826909" lon="-0.098335">
        <ele>109.940568</ele>
        <time>2026-03-27T17:23:30.585Z</time>
      </trkpt>
      <trkpt lat="38.826732" lon="-0.096784">
        <ele>114.298793</ele>
        <time>2026-03-27T17:24:06.248Z</time>
      </trkpt>
      <trkpt lat="38.826720" lon="-0.096447">
        <ele>114.856261</ele>
        <time>2026-03-27T17:24:15.366Z</time>
      </trkpt>
      <trkpt lat="38.826744" lon="-0.095983">
        <ele>115.624701</ele>
        <time>2026-03-27T17:24:26.001Z</time>
      </trkpt>
      <trkpt lat="38.826721" lon="-0.095514">
        <ele>116.401248</ele>
        <time>2026-03-27T17:24:32.863Z</time>
      </trkpt>
      <trkpt lat="38.826680" lon="-0.095223">
        <ele>116.889922</ele>
        <time>2026-03-27T17:24:35.835Z</time>
      </trkpt>
      <trkpt lat="38.826616" lon="-0.094811">
        <ele>116.526880</ele>
        <time>2026-03-27T17:24:39.394Z</time>
      </trkpt>
      <trkpt lat="38.826509" lon="-0.094418">
        <ele>115.867881</ele>
        <time>2026-03-27T17:24:42.723Z</time>
      </trkpt>
      <trkpt lat="38.826404" lon="-0.094276">
        <ele>115.557970</ele>
        <time>2026-03-27T17:24:44.248Z</time>
      </trkpt>
      <trkpt lat="38.826268" lon="-0.094240">
        <ele>115.275816</ele>
        <time>2026-03-27T17:24:45.641Z</time>
      </trkpt>
      <trkpt lat="38.825814" lon="-0.094297">
        <ele>114.348926</ele>
        <time>2026-03-27T17:24:50.103Z</time>
      </trkpt>
      <trkpt lat="38.825584" lon="-0.094423">
        <ele>113.840804</ele>
        <time>2026-03-27T17:24:52.689Z</time>
      </trkpt>
      <trkpt lat="38.825457" lon="-0.094602">
        <ele>113.457554</ele>
        <time>2026-03-27T17:24:54.855Z</time>
      </trkpt>
      <trkpt lat="38.825226" lon="-0.095064">
        <ele>115.599351</ele>
        <time>2026-03-27T17:25:02.876Z</time>
      </trkpt>
      <trkpt lat="38.825142" lon="-0.095141">
        <ele>116.178050</ele>
        <time>2026-03-27T17:25:05.899Z</time>
      </trkpt>
      <trkpt lat="38.825089" lon="-0.095178">
        <ele>116.516294</ele>
        <time>2026-03-27T17:25:07.942Z</time>
      </trkpt>
      <trkpt lat="38.824865" lon="-0.095206">
        <ele>117.778072</ele>
        <time>2026-03-27T17:25:16.636Z</time>
      </trkpt>
      <trkpt lat="38.824662" lon="-0.095222">
        <ele>118.918318</ele>
        <time>2026-03-27T17:25:26.133Z</time>
      </trkpt>
      <trkpt lat="38.824421" lon="-0.095238">
        <ele>120.271271</ele>
        <time>2026-03-27T17:25:38.794Z</time>
      </trkpt>
      <trkpt lat="38.823384" lon="-0.095310">
        <ele>126.022901</ele>
        <time>2026-03-27T17:26:31.222Z</time>
      </trkpt>
      <trkpt lat="38.822753" lon="-0.095342">
        <ele>129.467747</ele>
        <time>2026-03-27T17:26:54.031Z</time>
      </trkpt>
      <trkpt lat="38.822666" lon="-0.095327">
        <ele>129.946602</ele>
        <time>2026-03-27T17:26:56.473Z</time>
      </trkpt>
      <trkpt lat="38.822571" lon="-0.095267">
        <ele>130.524176</ele>
        <time>2026-03-27T17:26:58.914Z</time>
      </trkpt>
      <trkpt lat="38.822519" lon="-0.095115">
        <ele>131.229714</ele>
        <time>2026-03-27T17:27:02.182Z</time>
      </trkpt>
      <trkpt lat="38.822533" lon="-0.094852">
        <ele>132.350074</ele>
        <time>2026-03-27T17:27:07.100Z</time>
      </trkpt>
      <trkpt lat="38.822625" lon="-0.094661">
        <ele>133.300739</ele>
        <time>2026-03-27T17:27:11.654Z</time>
      </trkpt>
      <trkpt lat="38.822811" lon="-0.094435">
        <ele>134.429558</ele>
        <time>2026-03-27T17:27:18.871Z</time>
      </trkpt>
      <trkpt lat="38.823215" lon="-0.093915">
        <ele>136.951177</ele>
        <time>2026-03-27T17:27:38.523Z</time>
      </trkpt>
      <trkpt lat="38.823478" lon="-0.093464">
        <ele>138.885538</ele>
        <time>2026-03-27T17:27:56.233Z</time>
      </trkpt>
      <trkpt lat="38.824088" lon="-0.091882">
        <ele>143.568303</ele>
        <time>2026-03-27T17:28:36.694Z</time>
      </trkpt>
      <trkpt lat="38.824225" lon="-0.091709">
        <ele>144.102697</ele>
        <time>2026-03-27T17:28:40.049Z</time>
      </trkpt>
      <trkpt lat="38.824710" lon="-0.091413">
        <ele>145.595992</ele>
        <time>2026-03-27T17:28:50.746Z</time>
      </trkpt>
      <trkpt lat="38.824938" lon="-0.091217">
        <ele>146.464836</ele>
        <time>2026-03-27T17:28:57.200Z</time>
      </trkpt>
      <trkpt lat="38.825062" lon="-0.091042">
        <ele>147.350727</ele>
        <time>2026-03-27T17:29:01.822Z</time>
      </trkpt>
      <trkpt lat="38.825174" lon="-0.090627">
        <ele>148.995492</ele>
        <time>2026-03-27T17:29:12.705Z</time>
      </trkpt>
      <trkpt lat="38.825442" lon="-0.090134">
        <ele>151.246782</ele>
        <time>2026-03-27T17:29:33.370Z</time>
      </trkpt>
      <trkpt lat="38.825621" lon="-0.089692">
        <ele>153.112326</ele>
        <time>2026-03-27T17:29:49.583Z</time>
      </trkpt>
      <trkpt lat="38.825673" lon="-0.089396">
        <ele>154.248657</ele>
        <time>2026-03-27T17:29:57.598Z</time>
      </trkpt>
      <trkpt lat="38.825764" lon="-0.088500">
        <ele>157.301094</ele>
        <time>2026-03-27T17:30:16.919Z</time>
      </trkpt>
      <trkpt lat="38.825837" lon="-0.088337">
        <ele>157.921031</ele>
        <time>2026-03-27T17:30:20.356Z</time>
      </trkpt>
      <trkpt lat="38.826040" lon="-0.088154">
        <ele>158.970931</ele>
        <time>2026-03-27T17:30:26.312Z</time>
      </trkpt>
      <trkpt lat="38.826115" lon="-0.087996">
        <ele>159.580991</ele>
        <time>2026-03-27T17:30:30.302Z</time>
      </trkpt>
      <trkpt lat="38.826108" lon="-0.087481">
        <ele>161.279348</ele>
        <time>2026-03-27T17:30:43.273Z</time>
      </trkpt>
      <trkpt lat="38.826081" lon="-0.087142">
        <ele>162.402952</ele>
        <time>2026-03-27T17:30:53.493Z</time>
      </trkpt>
      <trkpt lat="38.825903" lon="-0.086600">
        <ele>164.647842</ele>
        <time>2026-03-27T17:31:14.386Z</time>
      </trkpt>
      <trkpt lat="38.825696" lon="-0.085976">
        <ele>167.249429</ele>
        <time>2026-03-27T17:31:38.131Z</time>
      </trkpt>
      <trkpt lat="38.825624" lon="-0.085585">
        <ele>168.790609</ele>
        <time>2026-03-27T17:31:49.228Z</time>
      </trkpt>
      <trkpt lat="38.825515" lon="-0.085261">
        <ele>170.144385</ele>
        <time>2026-03-27T17:31:56.684Z</time>
      </trkpt>
      <trkpt lat="38.825500" lon="-0.085143">
        <ele>170.603013</ele>
        <time>2026-03-27T17:31:58.741Z</time>
      </trkpt>
      <trkpt lat="38.825579" lon="-0.083524">
        <ele>175.049479</ele>
        <time>2026-03-27T17:32:16.848Z</time>
      </trkpt>
      <trkpt lat="38.825569" lon="-0.083401">
        <ele>175.370584</ele>
        <time>2026-03-27T17:32:19.529Z</time>
      </trkpt>
      <trkpt lat="38.825519" lon="-0.083260">
        <ele>175.772834</ele>
        <time>2026-03-27T17:32:23.582Z</time>
      </trkpt>
      <trkpt lat="38.825438" lon="-0.083154">
        <ele>176.158362</ele>
        <time>2026-03-27T17:32:28.082Z</time>
      </trkpt>
      <trkpt lat="38.825350" lon="-0.083135">
        <ele>176.455775</ele>
        <time>2026-03-27T17:32:31.930Z</time>
      </trkpt>
      <trkpt lat="38.825060" lon="-0.083172">
        <ele>177.627780</ele>
        <time>2026-03-27T17:32:46.623Z</time>
      </trkpt>
      <trkpt lat="38.824680" lon="-0.083350">
        <ele>181.585255</ele>
        <time>2026-03-27T17:33:11.279Z</time>
      </trkpt>
      <trkpt lat="38.824504" lon="-0.083358">
        <ele>183.308198</ele>
        <time>2026-03-27T17:33:23.047Z</time>
      </trkpt>
      <trkpt lat="38.824412" lon="-0.083331">
        <ele>184.231489</ele>
        <time>2026-03-27T17:33:29.455Z</time>
      </trkpt>
      <trkpt lat="38.824295" lon="-0.083237">
        <ele>185.581872</ele>
        <time>2026-03-27T17:33:38.830Z</time>
      </trkpt>
      <trkpt lat="38.824122" lon="-0.082994">
        <ele>188.090851</ele>
        <time>2026-03-27T17:33:55.547Z</time>
      </trkpt>
      <trkpt lat="38.823950" lon="-0.082710">
        <ele>190.832604</ele>
        <time>2026-03-27T17:34:11.820Z</time>
      </trkpt>
      <trkpt lat="38.823916" lon="-0.082605">
        <ele>191.699283</ele>
        <time>2026-03-27T17:34:16.375Z</time>
      </trkpt>
      <trkpt lat="38.823910" lon="-0.082445">
        <ele>192.920207</ele>
        <time>2026-03-27T17:34:22.350Z</time>
      </trkpt>
      <trkpt lat="38.824027" lon="-0.081973">
        <ele>195.531119</ele>
        <time>2026-03-27T17:34:37.600Z</time>
      </trkpt>
      <trkpt lat="38.824058" lon="-0.081686">
        <ele>196.291201</ele>
        <time>2026-03-27T17:34:44.664Z</time>
      </trkpt>
      <trkpt lat="38.824074" lon="-0.081074">
        <ele>197.897551</ele>
        <time>2026-03-27T17:34:57.133Z</time>
      </trkpt>
      <trkpt lat="38.824003" lon="-0.080062">
        <ele>200.563052</ele>
        <time>2026-03-27T17:35:15.207Z</time>
      </trkpt>
      <trkpt lat="38.823776" lon="-0.079290">
        <ele>200.978175</ele>
        <time>2026-03-27T17:35:29.496Z</time>
      </trkpt>
      <trkpt lat="38.823764" lon="-0.079184">
        <ele>200.978459</ele>
        <time>2026-03-27T17:35:31.299Z</time>
      </trkpt>
      <trkpt lat="38.823797" lon="-0.079011">
        <ele>200.978930</ele>
        <time>2026-03-27T17:35:34.105Z</time>
      </trkpt>
      <trkpt lat="38.824069" lon="-0.078418">
        <ele>200.980751</ele>
        <time>2026-03-27T17:35:43.203Z</time>
      </trkpt>
      <trkpt lat="38.824107" lon="-0.078157">
        <ele>200.981454</ele>
        <time>2026-03-27T17:35:45.904Z</time>
      </trkpt>
      <trkpt lat="38.824072" lon="-0.077977">
        <ele>200.981945</ele>
        <time>2026-03-27T17:35:47.567Z</time>
      </trkpt>
      <trkpt lat="38.823660" lon="-0.077054">
        <ele>197.266782</ele>
        <time>2026-03-27T17:35:55.625Z</time>
      </trkpt>
      <trkpt lat="38.823596" lon="-0.076854">
        <ele>196.318336</ele>
        <time>2026-03-27T17:35:57.167Z</time>
      </trkpt>
      <trkpt lat="38.823573" lon="-0.076614">
        <ele>195.257614</ele>
        <time>2026-03-27T17:35:58.873Z</time>
      </trkpt>
      <trkpt lat="38.823599" lon="-0.075893">
        <ele>192.091478</ele>
        <time>2026-03-27T17:36:03.891Z</time>
      </trkpt>
      <trkpt lat="38.823637" lon="-0.075499">
        <ele>190.368723</ele>
        <time>2026-03-27T17:36:06.633Z</time>
      </trkpt>
      <trkpt lat="38.823784" lon="-0.074926">
        <ele>187.820699</ele>
        <time>2026-03-27T17:36:10.873Z</time>
      </trkpt>
      <trkpt lat="38.823805" lon="-0.074732">
        <ele>186.993429</ele>
        <time>2026-03-27T17:36:12.276Z</time>
      </trkpt>
      <trkpt lat="38.823765" lon="-0.074578">
        <ele>186.307781</ele>
        <time>2026-03-27T17:36:13.452Z</time>
      </trkpt>
      <trkpt lat="38.823677" lon="-0.074464">
        <ele>185.629950</ele>
        <time>2026-03-27T17:36:14.634Z</time>
      </trkpt>
      <trkpt lat="38.823615" lon="-0.074425">
        <ele>185.255629</ele>
        <time>2026-03-27T17:36:15.291Z</time>
      </trkpt>
      <trkpt lat="38.823472" lon="-0.074375">
        <ele>184.452117</ele>
        <time>2026-03-27T17:36:16.690Z</time>
      </trkpt>
      <trkpt lat="38.823330" lon="-0.074386">
        <ele>183.680875</ele>
        <time>2026-03-27T17:36:18.034Z</time>
      </trkpt>
      <trkpt lat="38.822562" lon="-0.074667">
        <ele>179.916062</ele>
        <time>2026-03-27T17:36:25.804Z</time>
      </trkpt>
      <trkpt lat="38.822460" lon="-0.074677">
        <ele>179.540151</ele>
        <time>2026-03-27T17:36:26.840Z</time>
      </trkpt>
      <trkpt lat="38.821955" lon="-0.074626">
        <ele>177.678694</ele>
        <time>2026-03-27T17:36:32.235Z</time>
      </trkpt>
      <trkpt lat="38.821584" lon="-0.074701">
        <ele>176.298575</ele>
        <time>2026-03-27T17:36:36.085Z</time>
      </trkpt>
      <trkpt lat="38.821373" lon="-0.074677">
        <ele>175.520176</ele>
        <time>2026-03-27T17:36:38.141Z</time>
      </trkpt>
      <trkpt lat="38.821050" lon="-0.074536">
        <ele>174.285970</ele>
        <time>2026-03-27T17:36:41.355Z</time>
      </trkpt>
      <trkpt lat="38.820954" lon="-0.074469">
        <ele>173.918731</ele>
        <time>2026-03-27T17:36:42.376Z</time>
      </trkpt>
      <trkpt lat="38.820884" lon="-0.074390">
        <ele>173.605475</ele>
        <time>2026-03-27T17:36:43.246Z</time>
      </trkpt>
      <trkpt lat="38.820603" lon="-0.073587">
        <ele>171.300587</ele>
        <time>2026-03-27T17:36:49.756Z</time>
      </trkpt>
      <trkpt lat="38.820540" lon="-0.073488">
        <ele>170.965891</ele>
        <time>2026-03-27T17:36:50.720Z</time>
      </trkpt>
      <trkpt lat="38.820448" lon="-0.073413">
        <ele>170.599613</ele>
        <time>2026-03-27T17:36:51.773Z</time>
      </trkpt>
      <trkpt lat="38.820329" lon="-0.073367">
        <ele>170.181945</ele>
        <time>2026-03-27T17:36:52.990Z</time>
      </trkpt>
      <trkpt lat="38.820212" lon="-0.073366">
        <ele>169.788734</ele>
        <time>2026-03-27T17:36:54.139Z</time>
      </trkpt>
      <trkpt lat="38.819829" lon="-0.073484">
        <ele>168.465020</ele>
        <time>2026-03-27T17:36:58.578Z</time>
      </trkpt>
      <trkpt lat="38.819637" lon="-0.073446">
        <ele>168.634378</ele>
        <time>2026-03-27T17:37:01.986Z</time>
      </trkpt>
      <trkpt lat="38.819554" lon="-0.073395">
        <ele>168.723852</ele>
        <time>2026-03-27T17:37:04.026Z</time>
      </trkpt>
      <trkpt lat="38.819414" lon="-0.073223">
        <ele>168.912287</ele>
        <time>2026-03-27T17:37:08.842Z</time>
      </trkpt>
      <trkpt lat="38.818995" lon="-0.072406">
        <ele>169.653261</ele>
        <time>2026-03-27T17:37:29.146Z</time>
      </trkpt>
      <trkpt lat="38.818942" lon="-0.072171">
        <ele>169.838596</ele>
        <time>2026-03-27T17:37:33.682Z</time>
      </trkpt>
      <trkpt lat="38.819004" lon="-0.071391">
        <ele>168.780268</ele>
        <time>2026-03-27T17:37:42.476Z</time>
      </trkpt>
      <trkpt lat="38.818991" lon="-0.071217">
        <ele>167.977028</ele>
        <time>2026-03-27T17:37:43.891Z</time>
      </trkpt>
      <trkpt lat="38.818887" lon="-0.070684">
        <ele>165.452121</ele>
        <time>2026-03-27T17:37:47.934Z</time>
      </trkpt>
      <trkpt lat="38.818818" lon="-0.069582">
        <ele>160.371822</ele>
        <time>2026-03-27T17:37:55.480Z</time>
      </trkpt>
      <trkpt lat="38.818752" lon="-0.069100">
        <ele>157.640845</ele>
        <time>2026-03-27T17:37:58.759Z</time>
      </trkpt>
      <trkpt lat="38.818701" lon="-0.068918">
        <ele>156.460070</ele>
        <time>2026-03-27T17:38:00.067Z</time>
      </trkpt>
      <trkpt lat="38.818437" lon="-0.068417">
        <ele>152.767650</ele>
        <time>2026-03-27T17:38:04.184Z</time>
      </trkpt>
      <trkpt lat="38.818145" lon="-0.068058">
        <ele>149.599316</ele>
        <time>2026-03-27T17:38:07.779Z</time>
      </trkpt>
      <trkpt lat="38.817566" lon="-0.067543">
        <ele>144.084229</ele>
        <time>2026-03-27T17:38:14.253Z</time>
      </trkpt>
      <trkpt lat="38.816847" lon="-0.067030">
        <ele>137.659662</ele>
        <time>2026-03-27T17:38:21.667Z</time>
      </trkpt>
      <trkpt lat="38.815990" lon="-0.066179">
        <ele>129.342293</ele>
        <time>2026-03-27T17:38:31.065Z</time>
      </trkpt>
      <trkpt lat="38.815735" lon="-0.066017">
        <ele>127.263182</ele>
        <time>2026-03-27T17:38:33.526Z</time>
      </trkpt>
      <trkpt lat="38.815210" lon="-0.065770">
        <ele>123.177284</ele>
        <time>2026-03-27T17:38:38.465Z</time>
      </trkpt>
      <trkpt lat="38.814944" lon="-0.065656">
        <ele>121.128071</ele>
        <time>2026-03-27T17:38:41.027Z</time>
      </trkpt>
      <trkpt lat="38.814076" lon="-0.065410">
        <ele>116.543772</ele>
        <time>2026-03-27T17:38:49.562Z</time>
      </trkpt>
      <trkpt lat="38.813189" lon="-0.065275">
        <ele>113.411559</ele>
        <time>2026-03-27T17:38:58.406Z</time>
      </trkpt>
      <trkpt lat="38.812836" lon="-0.065280">
        <ele>112.173629</ele>
        <time>2026-03-27T17:39:02.090Z</time>
      </trkpt>
      <trkpt lat="38.812626" lon="-0.065374">
        <ele>112.119689</ele>
        <time>2026-03-27T17:39:04.552Z</time>
      </trkpt>
      <trkpt lat="38.812447" lon="-0.065491">
        <ele>112.258898</ele>
        <time>2026-03-27T17:39:07.067Z</time>
      </trkpt>
      <trkpt lat="38.811959" lon="-0.065811">
        <ele>112.638669</ele>
        <time>2026-03-27T17:39:15.641Z</time>
      </trkpt>
      <trkpt lat="38.811643" lon="-0.066041">
        <ele>112.890423</ele>
        <time>2026-03-27T17:39:24.271Z</time>
      </trkpt>
      <trkpt lat="38.811421" lon="-0.066304">
        <ele>113.099797</ele>
        <time>2026-03-27T17:39:32.703Z</time>
      </trkpt>
      <trkpt lat="38.811039" lon="-0.066751">
        <ele>113.321966</ele>
        <time>2026-03-27T17:39:45.409Z</time>
      </trkpt>
      <trkpt lat="38.810876" lon="-0.066886">
        <ele>113.369987</ele>
        <time>2026-03-27T17:39:49.360Z</time>
      </trkpt>
      <trkpt lat="38.810784" lon="-0.066914">
        <ele>113.393391</ele>
        <time>2026-03-27T17:39:50.988Z</time>
      </trkpt>
      <trkpt lat="38.810407" lon="-0.066875">
        <ele>113.487014</ele>
        <time>2026-03-27T17:39:56.924Z</time>
      </trkpt>
      <trkpt lat="38.810130" lon="-0.066835">
        <ele>113.556013</ele>
        <time>2026-03-27T17:40:00.587Z</time>
      </trkpt>
      <trkpt lat="38.809712" lon="-0.066795">
        <ele>113.659769</ele>
        <time>2026-03-27T17:40:05.684Z</time>
      </trkpt>
      <trkpt lat="38.809103" lon="-0.067060">
        <ele>112.594153</ele>
        <time>2026-03-27T17:40:12.978Z</time>
      </trkpt>
      <trkpt lat="38.808722" lon="-0.067197">
        <ele>111.750306</ele>
        <time>2026-03-27T17:40:17.356Z</time>
      </trkpt>
      <trkpt lat="38.808564" lon="-0.067223">
        <ele>111.410583</ele>
        <time>2026-03-27T17:40:19.080Z</time>
      </trkpt>
      <trkpt lat="38.807840" lon="-0.067343">
        <ele>109.854133</ele>
        <time>2026-03-27T17:40:26.677Z</time>
      </trkpt>
      <trkpt lat="38.807142" lon="-0.067505">
        <ele>108.682398</ele>
        <time>2026-03-27T17:40:34.006Z</time>
      </trkpt>
      <trkpt lat="38.806578" lon="-0.067772">
        <ele>107.689349</ele>
        <time>2026-03-27T17:40:40.577Z</time>
      </trkpt>
      <trkpt lat="38.805017" lon="-0.068589">
        <ele>108.197672</ele>
        <time>2026-03-27T17:41:07.916Z</time>
      </trkpt>
      <trkpt lat="38.803352" lon="-0.069476">
        <ele>111.646952</ele>
        <time>2026-03-27T17:41:53.878Z</time>
      </trkpt>
      <trkpt lat="38.802984" lon="-0.069667">
        <ele>112.568403</ele>
        <time>2026-03-27T17:42:03.406Z</time>
      </trkpt>
      <trkpt lat="38.802747" lon="-0.069795">
        <ele>113.058674</ele>
        <time>2026-03-27T17:42:09.110Z</time>
      </trkpt>
      <trkpt lat="38.802458" lon="-0.069925">
        <ele>113.208429</ele>
        <time>2026-03-27T17:42:15.192Z</time>
      </trkpt>
      <trkpt lat="38.801911" lon="-0.070213">
        <ele>113.497559</ele>
        <time>2026-03-27T17:42:24.949Z</time>
      </trkpt>
      <trkpt lat="38.801721" lon="-0.070313">
        <ele>113.597983</ele>
        <time>2026-03-27T17:42:27.894Z</time>
      </trkpt>
      <trkpt lat="38.801133" lon="-0.070597">
        <ele>113.905216</ele>
        <time>2026-03-27T17:42:36.741Z</time>
      </trkpt>
      <trkpt lat="38.800961" lon="-0.070627">
        <ele>113.956688</ele>
        <time>2026-03-27T17:42:39.205Z</time>
      </trkpt>
      <trkpt lat="38.800652" lon="-0.070628">
        <ele>114.044941</ele>
        <time>2026-03-27T17:42:43.667Z</time>
      </trkpt>
      <trkpt lat="38.797048" lon="-0.070285">
        <ele>114.618213</ele>
        <time>2026-03-27T17:43:43.965Z</time>
      </trkpt>
      <trkpt lat="38.795981" lon="-0.070182">
        <ele>113.405081</ele>
        <time>2026-03-27T17:43:56.167Z</time>
      </trkpt>
      <trkpt lat="38.794307" lon="-0.070035">
        <ele>110.721548</ele>
        <time>2026-03-27T17:44:14.090Z</time>
      </trkpt>
      <trkpt lat="38.793927" lon="-0.070020">
        <ele>110.164702</ele>
        <time>2026-03-27T17:44:18.970Z</time>
      </trkpt>
      <trkpt lat="38.793353" lon="-0.069959">
        <ele>111.440442</ele>
        <time>2026-03-27T17:44:29.723Z</time>
      </trkpt>
      <trkpt lat="38.792690" lon="-0.069886">
        <ele>112.914358</ele>
        <time>2026-03-27T17:44:48.097Z</time>
      </trkpt>
      <trkpt lat="38.792255" lon="-0.069666">
        <ele>113.950022</ele>
        <time>2026-03-27T17:45:02.090Z</time>
      </trkpt>
      <trkpt lat="38.791690" lon="-0.069372">
        <ele>115.213490</ele>
        <time>2026-03-27T17:45:18.932Z</time>
      </trkpt>
      <trkpt lat="38.791619" lon="-0.069546">
        <ele>115.527931</ele>
        <time>2026-03-27T17:45:22.891Z</time>
      </trkpt>
      <trkpt lat="38.790632" lon="-0.071513">
        <ele>118.955584</ele>
        <time>2026-03-27T17:45:59.411Z</time>
      </trkpt>
      <trkpt lat="38.790408" lon="-0.071874">
        <ele>119.535317</ele>
        <time>2026-03-27T17:46:06.860Z</time>
      </trkpt>
      <trkpt lat="38.790222" lon="-0.072048">
        <ele>119.906374</ele>
        <time>2026-03-27T17:46:11.863Z</time>
      </trkpt>
      <trkpt lat="38.790183" lon="-0.072087">
        <ele>119.986079</ele>
        <time>2026-03-27T17:46:12.945Z</time>
      </trkpt>
      <trkpt lat="38.789951" lon="-0.072296">
        <ele>120.443031</ele>
        <time>2026-03-27T17:46:19.391Z</time>
      </trkpt>
      <trkpt lat="38.789766" lon="-0.072568">
        <ele>120.961482</ele>
        <time>2026-03-27T17:46:26.049Z</time>
      </trkpt>
      <trkpt lat="38.789032" lon="-0.073631">
        <ele>123.324727</ele>
        <time>2026-03-27T17:46:51.978Z</time>
      </trkpt>
      <trkpt lat="38.788759" lon="-0.074051">
        <ele>124.234794</ele>
        <time>2026-03-27T17:47:01.904Z</time>
      </trkpt>
      <trkpt lat="38.787963" lon="-0.075284">
        <ele>127.249760</ele>
        <time>2026-03-27T17:47:31.378Z</time>
      </trkpt>
      <trkpt lat="38.787930" lon="-0.075327">
        <ele>127.365089</ele>
        <time>2026-03-27T17:47:32.549Z</time>
      </trkpt>
      <trkpt lat="38.786632" lon="-0.077165">
        <ele>133.713015</ele>
        <time>2026-03-27T17:48:23.243Z</time>
      </trkpt>
      <trkpt lat="38.785693" lon="-0.078374">
        <ele>143.306899</ele>
        <time>2026-03-27T17:49:13.256Z</time>
      </trkpt>
      <trkpt lat="38.785539" lon="-0.078703">
        <ele>146.118220</ele>
        <time>2026-03-27T17:49:28.814Z</time>
      </trkpt>
      <trkpt lat="38.785247" lon="-0.079598">
        <ele>153.543503</ele>
        <time>2026-03-27T17:50:19.511Z</time>
      </trkpt>
      <trkpt lat="38.785175" lon="-0.080027">
        <ele>158.175884</ele>
        <time>2026-03-27T17:50:48.569Z</time>
      </trkpt>
      <trkpt lat="38.785151" lon="-0.080259">
        <ele>160.646392</ele>
        <time>2026-03-27T17:51:04.187Z</time>
      </trkpt>
      <trkpt lat="38.785113" lon="-0.081161">
        <ele>170.181976</ele>
        <time>2026-03-27T17:51:56.060Z</time>
      </trkpt>
      <trkpt lat="38.785124" lon="-0.081330">
        <ele>171.972182</ele>
        <time>2026-03-27T17:52:04.708Z</time>
      </trkpt>
      <trkpt lat="38.785160" lon="-0.081510">
        <ele>173.933843</ele>
        <time>2026-03-27T17:52:13.828Z</time>
      </trkpt>
      <trkpt lat="38.785246" lon="-0.081684">
        <ele>176.108727</ele>
        <time>2026-03-27T17:52:23.503Z</time>
      </trkpt>
      <trkpt lat="38.785513" lon="-0.082033">
        <ele>178.854056</ele>
        <time>2026-03-27T17:52:43.470Z</time>
      </trkpt>
      <trkpt lat="38.785822" lon="-0.082383">
        <ele>181.375432</ele>
        <time>2026-03-27T17:53:00.452Z</time>
      </trkpt>
      <trkpt lat="38.785896" lon="-0.082564">
        <ele>182.349941</ele>
        <time>2026-03-27T17:53:05.712Z</time>
      </trkpt>
      <trkpt lat="38.786039" lon="-0.084405">
        <ele>189.546920</ele>
        <time>2026-03-27T17:53:51.121Z</time>
      </trkpt>
      <trkpt lat="38.785986" lon="-0.085133">
        <ele>191.320255</ele>
        <time>2026-03-27T17:54:03.363Z</time>
      </trkpt>
      <trkpt lat="38.785795" lon="-0.085738">
        <ele>192.903369</ele>
        <time>2026-03-27T17:54:13.176Z</time>
      </trkpt>
      <trkpt lat="38.785621" lon="-0.086122">
        <ele>194.844668</ele>
        <time>2026-03-27T17:54:24.340Z</time>
      </trkpt>
      <trkpt lat="38.785551" lon="-0.086286">
        <ele>196.053071</ele>
        <time>2026-03-27T17:54:30.133Z</time>
      </trkpt>
      <trkpt lat="38.785480" lon="-0.086562">
        <ele>197.931444</ele>
        <time>2026-03-27T17:54:40.506Z</time>
      </trkpt>
      <trkpt lat="38.785491" lon="-0.086796">
        <ele>199.446500</ele>
        <time>2026-03-27T17:54:49.947Z</time>
      </trkpt>
      <trkpt lat="38.785467" lon="-0.086853">
        <ele>199.865190</ele>
        <time>2026-03-27T17:54:52.812Z</time>
      </trkpt>
      <trkpt lat="38.785340" lon="-0.086908">
        <ele>200.976534</ele>
        <time>2026-03-27T17:55:00.529Z</time>
      </trkpt>
      <trkpt lat="38.785298" lon="-0.086883">
        <ele>201.360417</ele>
        <time>2026-03-27T17:55:03.506Z</time>
      </trkpt>
      <trkpt lat="38.785229" lon="-0.086733">
        <ele>202.486062</ele>
        <time>2026-03-27T17:55:11.656Z</time>
      </trkpt>
      <trkpt lat="38.785204" lon="-0.086602">
        <ele>203.357703</ele>
        <time>2026-03-27T17:55:17.779Z</time>
      </trkpt>
      <trkpt lat="38.785225" lon="-0.086279">
        <ele>205.452462</ele>
        <time>2026-03-27T17:55:32.526Z</time>
      </trkpt>
      <trkpt lat="38.785352" lon="-0.085907">
        <ele>208.077127</ele>
        <time>2026-03-27T17:55:50.953Z</time>
      </trkpt>
      <trkpt lat="38.785298" lon="-0.085835">
        <ele>208.630653</ele>
        <time>2026-03-27T17:55:55.488Z</time>
      </trkpt>
      <trkpt lat="38.785254" lon="-0.085864">
        <ele>208.932299</ele>
        <time>2026-03-27T17:55:58.447Z</time>
      </trkpt>
      <trkpt lat="38.784836" lon="-0.086840">
        <ele>214.225647</ele>
        <time>2026-03-27T17:56:31.547Z</time>
      </trkpt>
      <trkpt lat="38.784798" lon="-0.087089">
        <ele>215.431697</ele>
        <time>2026-03-27T17:56:37.575Z</time>
      </trkpt>
      <trkpt lat="38.784864" lon="-0.087480">
        <ele>217.333327</ele>
        <time>2026-03-27T17:56:47.098Z</time>
      </trkpt>
      <trkpt lat="38.784855" lon="-0.087600">
        <ele>217.906360</ele>
        <time>2026-03-27T17:56:50.174Z</time>
      </trkpt>
      <trkpt lat="38.784819" lon="-0.087651">
        <ele>218.233405</ele>
        <time>2026-03-27T17:56:51.973Z</time>
      </trkpt>
      <trkpt lat="38.784748" lon="-0.087672">
        <ele>218.677714</ele>
        <time>2026-03-27T17:56:54.422Z</time>
      </trkpt>
      <trkpt lat="38.784711" lon="-0.087651">
        <ele>218.924431</ele>
        <time>2026-03-27T17:56:55.883Z</time>
      </trkpt>
      <trkpt lat="38.784638" lon="-0.087531">
        <ele>219.736358</ele>
        <time>2026-03-27T17:57:00.070Z</time>
      </trkpt>
      <trkpt lat="38.784508" lon="-0.087073">
        <ele>222.722934</ele>
        <time>2026-03-27T17:57:14.871Z</time>
      </trkpt>
      <trkpt lat="38.784485" lon="-0.086848">
        <ele>224.113389</ele>
        <time>2026-03-27T17:57:22.810Z</time>
      </trkpt>
      <trkpt lat="38.784529" lon="-0.086652">
        <ele>225.363157</ele>
        <time>2026-03-27T17:57:29.980Z</time>
      </trkpt>
      <trkpt lat="38.784897" lon="-0.085935">
        <ele>230.623247</ele>
        <time>2026-03-27T17:58:04.407Z</time>
      </trkpt>
      <trkpt lat="38.784908" lon="-0.085838">
        <ele>231.223852</ele>
        <time>2026-03-27T17:58:08.401Z</time>
      </trkpt>
      <trkpt lat="38.784883" lon="-0.085804">
        <ele>231.510240</ele>
        <time>2026-03-27T17:58:10.615Z</time>
      </trkpt>
      <trkpt lat="38.784827" lon="-0.085791">
        <ele>231.957578</ele>
        <time>2026-03-27T17:58:13.911Z</time>
      </trkpt>
      <trkpt lat="38.784764" lon="-0.085846">
        <ele>232.556583</ele>
        <time>2026-03-27T17:58:17.850Z</time>
      </trkpt>
      <trkpt lat="38.784603" lon="-0.086161">
        <ele>235.014093</ele>
        <time>2026-03-27T17:58:33.623Z</time>
      </trkpt>
      <trkpt lat="38.784103" lon="-0.086825">
        <ele>241.281965</ele>
        <time>2026-03-27T17:59:08.751Z</time>
      </trkpt>
      <trkpt lat="38.783608" lon="-0.088145">
        <ele>251.138441</ele>
        <time>2026-03-27T18:00:04.409Z</time>
      </trkpt>
      <trkpt lat="38.783562" lon="-0.088492">
        <ele>253.426650</ele>
        <time>2026-03-27T18:00:18.539Z</time>
      </trkpt>
      <trkpt lat="38.783513" lon="-0.088645">
        <ele>254.501966</ele>
        <time>2026-03-27T18:00:25.343Z</time>
      </trkpt>
      <trkpt lat="38.783054" lon="-0.089601">
        <ele>261.801148</ele>
        <time>2026-03-27T18:01:09.542Z</time>
      </trkpt>
      <trkpt lat="38.782796" lon="-0.089913">
        <ele>264.473125</ele>
        <time>2026-03-27T18:01:24.996Z</time>
      </trkpt>
      <trkpt lat="38.782654" lon="-0.090155">
        <ele>265.525544</ele>
        <time>2026-03-27T18:01:34.652Z</time>
      </trkpt>
      <trkpt lat="38.782597" lon="-0.090414">
        <ele>266.460619</ele>
        <time>2026-03-27T18:01:42.496Z</time>
      </trkpt>
      <trkpt lat="38.782629" lon="-0.090712">
        <ele>267.505801</ele>
        <time>2026-03-27T18:01:50.245Z</time>
      </trkpt>
      <trkpt lat="38.782611" lon="-0.090902">
        <ele>268.170815</ele>
        <time>2026-03-27T18:01:54.707Z</time>
      </trkpt>
      <trkpt lat="38.782474" lon="-0.091408">
        <ele>270.031946</ele>
        <time>2026-03-27T18:02:06.228Z</time>
      </trkpt>
      <trkpt lat="38.782196" lon="-0.092850">
        <ele>273.222632</ele>
        <time>2026-03-27T18:02:36.932Z</time>
      </trkpt>
      <trkpt lat="38.781914" lon="-0.093474">
        <ele>274.099075</ele>
        <time>2026-03-27T18:02:46.526Z</time>
      </trkpt>
      <trkpt lat="38.781558" lon="-0.094152">
        <ele>275.355051</ele>
        <time>2026-03-27T18:02:56.332Z</time>
      </trkpt>
      <trkpt lat="38.781391" lon="-0.094509">
        <ele>276.917014</ele>
        <time>2026-03-27T18:03:03.375Z</time>
      </trkpt>
      <trkpt lat="38.781283" lon="-0.094685">
        <ele>277.757328</ele>
        <time>2026-03-27T18:03:07.432Z</time>
      </trkpt>
      <trkpt lat="38.780706" lon="-0.095637">
        <ele>282.281375</ele>
        <time>2026-03-27T18:03:41.226Z</time>
      </trkpt>
      <trkpt lat="38.780511" lon="-0.095823">
        <ele>283.450834</ele>
        <time>2026-03-27T18:03:53.919Z</time>
      </trkpt>
      <trkpt lat="38.780160" lon="-0.096074">
        <ele>286.646913</ele>
        <time>2026-03-27T18:04:16.184Z</time>
      </trkpt>
      <trkpt lat="38.780094" lon="-0.096177">
        <ele>287.505408</ele>
        <time>2026-03-27T18:04:21.970Z</time>
      </trkpt>
      <trkpt lat="38.780069" lon="-0.096267">
        <ele>288.120597</ele>
        <time>2026-03-27T18:04:25.960Z</time>
      </trkpt>
      <trkpt lat="38.780024" lon="-0.096744">
        <ele>291.214348</ele>
        <time>2026-03-27T18:04:46.001Z</time>
      </trkpt>
      <trkpt lat="38.779945" lon="-0.097044">
        <ele>293.253245</ele>
        <time>2026-03-27T18:04:59.078Z</time>
      </trkpt>
      <trkpt lat="38.779831" lon="-0.097234">
        <ele>294.797037</ele>
        <time>2026-03-27T18:05:08.554Z</time>
      </trkpt>
      <trkpt lat="38.779465" lon="-0.097711">
        <ele>298.835948</ele>
        <time>2026-03-27T18:05:29.898Z</time>
      </trkpt>
      <trkpt lat="38.779388" lon="-0.097868">
        <ele>299.515354</ele>
        <time>2026-03-27T18:05:34.700Z</time>
      </trkpt>
      <trkpt lat="38.779358" lon="-0.097991">
        <ele>299.987420</ele>
        <time>2026-03-27T18:05:37.934Z</time>
      </trkpt>
      <trkpt lat="38.779333" lon="-0.098255">
        <ele>300.961518</ele>
        <time>2026-03-27T18:05:44.585Z</time>
      </trkpt>
      <trkpt lat="38.779362" lon="-0.098606">
        <ele>302.254376</ele>
        <time>2026-03-27T18:05:52.924Z</time>
      </trkpt>
      <trkpt lat="38.779447" lon="-0.098771">
        <ele>302.978782</ele>
        <time>2026-03-27T18:05:57.445Z</time>
      </trkpt>
      <trkpt lat="38.779522" lon="-0.098824">
        <ele>303.381110</ele>
        <time>2026-03-27T18:05:59.924Z</time>
      </trkpt>
      <trkpt lat="38.779601" lon="-0.098821">
        <ele>303.752460</ele>
        <time>2026-03-27T18:06:02.184Z</time>
      </trkpt>
      <trkpt lat="38.779713" lon="-0.098743">
        <ele>304.351254</ele>
        <time>2026-03-27T18:06:05.761Z</time>
      </trkpt>
      <trkpt lat="38.780102" lon="-0.098288">
        <ele>306.824742</ele>
        <time>2026-03-27T18:06:21.383Z</time>
      </trkpt>
      <trkpt lat="38.780316" lon="-0.098093">
        <ele>309.129178</ele>
        <time>2026-03-27T18:06:30.508Z</time>
      </trkpt>
      <trkpt lat="38.781120" lon="-0.097868">
        <ele>316.666626</ele>
        <time>2026-03-27T18:07:10.835Z</time>
      </trkpt>
      <trkpt lat="38.781251" lon="-0.097854">
        <ele>317.870679</ele>
        <time>2026-03-27T18:07:18.534Z</time>
      </trkpt>
      <trkpt lat="38.781320" lon="-0.097880">
        <ele>318.529386</ele>
        <time>2026-03-27T18:07:22.782Z</time>
      </trkpt>
      <trkpt lat="38.781397" lon="-0.098039">
        <ele>319.865918</ele>
        <time>2026-03-27T18:07:31.743Z</time>
      </trkpt>
      <trkpt lat="38.781400" lon="-0.098224">
        <ele>321.187143</ele>
        <time>2026-03-27T18:07:41.049Z</time>
      </trkpt>
      <trkpt lat="38.781379" lon="-0.098310">
        <ele>321.830623</ele>
        <time>2026-03-27T18:07:45.726Z</time>
      </trkpt>
      <trkpt lat="38.781227" lon="-0.098556">
        <ele>324.164648</ele>
        <time>2026-03-27T18:08:02.337Z</time>
      </trkpt>
      <trkpt lat="38.781177" lon="-0.098788">
        <ele>326.122021</ele>
        <time>2026-03-27T18:08:15.105Z</time>
      </trkpt>
      <trkpt lat="38.781188" lon="-0.099413">
        <ele>331.205756</ele>
        <time>2026-03-27T18:08:47.383Z</time>
      </trkpt>
      <trkpt lat="38.781158" lon="-0.099656">
        <ele>333.206437</ele>
        <time>2026-03-27T18:08:59.139Z</time>
      </trkpt>
      <trkpt lat="38.781156" lon="-0.099806">
        <ele>334.426401</ele>
        <time>2026-03-27T18:09:05.975Z</time>
      </trkpt>
      <trkpt lat="38.781327" lon="-0.100438">
        <ele>339.866528</ele>
        <time>2026-03-27T18:09:33.365Z</time>
      </trkpt>
      <trkpt lat="38.781389" lon="-0.100812">
        <ele>342.527284</ele>
        <time>2026-03-27T18:09:46.376Z</time>
      </trkpt>
      <trkpt lat="38.781352" lon="-0.101021">
        <ele>343.303093</ele>
        <time>2026-03-27T18:09:52.773Z</time>
      </trkpt>
      <trkpt lat="38.781163" lon="-0.101313">
        <ele>344.676944</ele>
        <time>2026-03-27T18:10:02.697Z</time>
      </trkpt>
      <trkpt lat="38.781113" lon="-0.101376">
        <ele>345.002387</ele>
        <time>2026-03-27T18:10:04.995Z</time>
      </trkpt>
      <trkpt lat="38.780814" lon="-0.101738">
        <ele>346.911529</ele>
        <time>2026-03-27T18:10:17.557Z</time>
      </trkpt>
      <trkpt lat="38.780215" lon="-0.102450">
        <ele>350.717716</ele>
        <time>2026-03-27T18:10:41.008Z</time>
      </trkpt>
      <trkpt lat="38.780070" lon="-0.102477">
        <ele>351.450472</ele>
        <time>2026-03-27T18:10:45.268Z</time>
      </trkpt>
      <trkpt lat="38.780046" lon="-0.102589">
        <ele>351.903314</ele>
        <time>2026-03-27T18:10:47.976Z</time>
      </trkpt>
      <trkpt lat="38.779648" lon="-0.103338">
        <ele>355.437242</ele>
        <time>2026-03-27T18:11:11.138Z</time>
      </trkpt>
      <trkpt lat="38.779598" lon="-0.103384">
        <ele>355.744957</ele>
        <time>2026-03-27T18:11:13.493Z</time>
      </trkpt>
      <trkpt lat="38.779316" lon="-0.103907">
        <ele>358.224163</ele>
        <time>2026-03-27T18:11:33.986Z</time>
      </trkpt>
      <trkpt lat="38.779150" lon="-0.104215">
        <ele>359.619727</ele>
        <time>2026-03-27T18:11:45.355Z</time>
      </trkpt>
      <trkpt lat="38.779162" lon="-0.104342">
        <ele>359.929231</ele>
        <time>2026-03-27T18:11:49.320Z</time>
      </trkpt>
      <trkpt lat="38.779348" lon="-0.104880">
        <ele>361.353082</ele>
        <time>2026-03-27T18:12:05.381Z</time>
      </trkpt>
      <trkpt lat="38.779403" lon="-0.104966">
        <ele>361.622200</ele>
        <time>2026-03-27T18:12:08.031Z</time>
      </trkpt>
      <trkpt lat="38.779493" lon="-0.105043">
        <ele>361.957932</ele>
        <time>2026-03-27T18:12:11.248Z</time>
      </trkpt>
      <trkpt lat="38.779596" lon="-0.105043">
        <ele>362.277585</ele>
        <time>2026-03-27T18:12:14.432Z</time>
      </trkpt>
      <trkpt lat="38.780544" lon="-0.104372">
        <ele>365.991432</ele>
        <time>2026-03-27T18:12:35.169Z</time>
      </trkpt>
      <trkpt lat="38.780788" lon="-0.104159">
        <ele>367.505918</ele>
        <time>2026-03-27T18:12:41.082Z</time>
      </trkpt>
      <trkpt lat="38.780967" lon="-0.104007">
        <ele>368.607460</ele>
        <time>2026-03-27T18:12:45.837Z</time>
      </trkpt>
      <trkpt lat="38.781399" lon="-0.103759">
        <ele>371.036098</ele>
        <time>2026-03-27T18:13:00.562Z</time>
      </trkpt>
      <trkpt lat="38.781955" lon="-0.103550">
        <ele>374.009149</ele>
        <time>2026-03-27T18:13:26.560Z</time>
      </trkpt>
      <trkpt lat="38.782487" lon="-0.103513">
        <ele>379.758243</ele>
        <time>2026-03-27T18:14:03.141Z</time>
      </trkpt>
      <trkpt lat="38.782635" lon="-0.103566">
        <ele>381.530415</ele>
        <time>2026-03-27T18:14:14.113Z</time>
      </trkpt>
      <trkpt lat="38.782742" lon="-0.103797">
        <ele>383.946185</ele>
        <time>2026-03-27T18:14:28.927Z</time>
      </trkpt>
      <trkpt lat="38.782873" lon="-0.104702">
        <ele>392.221603</ele>
        <time>2026-03-27T18:15:13.712Z</time>
      </trkpt>
      <trkpt lat="38.782983" lon="-0.105236">
        <ele>396.359226</ele>
        <time>2026-03-27T18:15:38.402Z</time>
      </trkpt>
      <trkpt lat="38.782984" lon="-0.105375">
        <ele>397.120116</ele>
        <time>2026-03-27T18:15:44.177Z</time>
      </trkpt>
      <trkpt lat="38.782940" lon="-0.105523">
        <ele>397.987155</ele>
        <time>2026-03-27T18:15:50.590Z</time>
      </trkpt>
      <trkpt lat="38.782839" lon="-0.105667">
        <ele>399.047482</ele>
        <time>2026-03-27T18:15:57.894Z</time>
      </trkpt>
      <trkpt lat="38.782705" lon="-0.105774">
        <ele>400.155821</ele>
        <time>2026-03-27T18:16:04.802Z</time>
      </trkpt>
      <trkpt lat="38.782515" lon="-0.105807">
        <ele>401.502167</ele>
        <time>2026-03-27T18:16:12.363Z</time>
      </trkpt>
      <trkpt lat="38.782247" lon="-0.105719">
        <ele>403.444725</ele>
        <time>2026-03-27T18:16:22.123Z</time>
      </trkpt>
      <trkpt lat="38.782039" lon="-0.105719">
        <ele>404.905294</ele>
        <time>2026-03-27T18:16:29.281Z</time>
      </trkpt>
      <trkpt lat="38.781524" lon="-0.105955">
        <ele>408.386699</ele>
        <time>2026-03-27T18:16:49.593Z</time>
      </trkpt>
      <trkpt lat="38.781325" lon="-0.106090">
        <ele>409.424857</ele>
        <time>2026-03-27T18:16:57.608Z</time>
      </trkpt>
      <trkpt lat="38.780605" lon="-0.106680">
        <ele>413.364935</ele>
        <time>2026-03-27T18:17:23.144Z</time>
      </trkpt>
      <trkpt lat="38.780337" lon="-0.107020">
        <ele>415.103215</ele>
        <time>2026-03-27T18:17:35.373Z</time>
      </trkpt>
      <trkpt lat="38.780223" lon="-0.107261">
        <ele>416.176520</ele>
        <time>2026-03-27T18:17:43.108Z</time>
      </trkpt>
      <trkpt lat="38.779990" lon="-0.107898">
        <ele>419.952445</ele>
        <time>2026-03-27T18:18:04.371Z</time>
      </trkpt>
      <trkpt lat="38.779882" lon="-0.108078">
        <ele>421.171361</ele>
        <time>2026-03-27T18:18:11.796Z</time>
      </trkpt>
      <trkpt lat="38.779706" lon="-0.108190">
        <ele>422.523799</ele>
        <time>2026-03-27T18:18:20.167Z</time>
      </trkpt>
      <trkpt lat="38.778772" lon="-0.108568">
        <ele>429.246977</ele>
        <time>2026-03-27T18:19:05.597Z</time>
      </trkpt>
      <trkpt lat="38.778703" lon="-0.108589">
        <ele>429.724878</ele>
        <time>2026-03-27T18:19:09.230Z</time>
      </trkpt>
      <trkpt lat="38.778490" lon="-0.108670">
        <ele>431.222039</ele>
        <time>2026-03-27T18:19:20.126Z</time>
      </trkpt>
      <trkpt lat="38.778380" lon="-0.108781">
        <ele>432.165211</ele>
        <time>2026-03-27T18:19:26.664Z</time>
      </trkpt>
      <trkpt lat="38.778305" lon="-0.108905">
        <ele>432.989731</ele>
        <time>2026-03-27T18:19:32.174Z</time>
      </trkpt>
      <trkpt lat="38.778108" lon="-0.109449">
        <ele>436.140979</ele>
        <time>2026-03-27T18:19:52.628Z</time>
      </trkpt>
      <trkpt lat="38.778108" lon="-0.109582">
        <ele>436.839706</ele>
        <time>2026-03-27T18:19:57.026Z</time>
      </trkpt>
      <trkpt lat="38.778164" lon="-0.109730">
        <ele>437.703983</ele>
        <time>2026-03-27T18:20:02.325Z</time>
      </trkpt>
      <trkpt lat="38.778273" lon="-0.109877">
        <ele>438.769807</ele>
        <time>2026-03-27T18:20:08.825Z</time>
      </trkpt>
      <trkpt lat="38.778318" lon="-0.110008">
        <ele>439.521877</ele>
        <time>2026-03-27T18:20:12.950Z</time>
      </trkpt>
      <trkpt lat="38.778322" lon="-0.110050">
        <ele>439.744167</ele>
        <time>2026-03-27T18:20:14.176Z</time>
      </trkpt>
      <trkpt lat="38.778308" lon="-0.110142">
        <ele>440.236618</ele>
        <time>2026-03-27T18:20:16.567Z</time>
      </trkpt>
      <trkpt lat="38.778176" lon="-0.110579">
        <ele>441.914623</ele>
        <time>2026-03-27T18:20:26.847Z</time>
      </trkpt>
      <trkpt lat="38.778074" lon="-0.111185">
        <ele>444.011308</ele>
        <time>2026-03-27T18:20:38.567Z</time>
      </trkpt>
      <trkpt lat="38.777975" lon="-0.111410">
        <ele>444.885082</ele>
        <time>2026-03-27T18:20:44.942Z</time>
      </trkpt>
      <trkpt lat="38.777873" lon="-0.111574">
        <ele>445.594608</ele>
        <time>2026-03-27T18:20:51.240Z</time>
      </trkpt>
      <trkpt lat="38.777808" lon="-0.111631">
        <ele>445.936185</ele>
        <time>2026-03-27T18:20:54.626Z</time>
      </trkpt>
      <trkpt lat="38.777253" lon="-0.111913">
        <ele>448.517856</ele>
        <time>2026-03-27T18:21:15.169Z</time>
      </trkpt>
      <trkpt lat="38.776833" lon="-0.112343">
        <ele>450.766017</ele>
        <time>2026-03-27T18:21:32.804Z</time>
      </trkpt>
      <trkpt lat="38.776728" lon="-0.112512">
        <ele>451.470839</ele>
        <time>2026-03-27T18:21:39.493Z</time>
      </trkpt>
      <trkpt lat="38.776588" lon="-0.112842">
        <ele>452.696175</ele>
        <time>2026-03-27T18:21:50.743Z</time>
      </trkpt>
      <trkpt lat="38.776437" lon="-0.113081">
        <ele>453.699513</ele>
        <time>2026-03-27T18:21:58.526Z</time>
      </trkpt>
      <trkpt lat="38.776408" lon="-0.113153">
        <ele>453.963830</ele>
        <time>2026-03-27T18:22:00.406Z</time>
      </trkpt>
      <trkpt lat="38.776330" lon="-0.113350">
        <ele>454.684462</ele>
        <time>2026-03-27T18:22:04.526Z</time>
      </trkpt>
      <trkpt lat="38.776155" lon="-0.113716">
        <ele>456.064404</ele>
        <time>2026-03-27T18:22:10.526Z</time>
      </trkpt>
      <trkpt lat="38.775929" lon="-0.114059">
        <ele>457.413962</ele>
        <time>2026-03-27T18:22:18.753Z</time>
      </trkpt>
      <trkpt lat="38.775771" lon="-0.114252">
        <ele>458.254969</ele>
        <time>2026-03-27T18:22:25.504Z</time>
      </trkpt>
      <trkpt lat="38.775099" lon="-0.114736">
        <ele>461.225681</ele>
        <time>2026-03-27T18:22:49.304Z</time>
      </trkpt>
      <trkpt lat="38.774787" lon="-0.115175">
        <ele>463.271126</ele>
        <time>2026-03-27T18:23:05.016Z</time>
      </trkpt>
      <trkpt lat="38.774550" lon="-0.115395">
        <ele>465.561869</ele>
        <time>2026-03-27T18:23:16.429Z</time>
      </trkpt>
      <trkpt lat="38.774121" lon="-0.115660">
        <ele>469.290272</ele>
        <time>2026-03-27T18:23:36.521Z</time>
      </trkpt>
      <trkpt lat="38.773986" lon="-0.115715">
        <ele>470.399392</ele>
        <time>2026-03-27T18:23:43.026Z</time>
      </trkpt>
      <trkpt lat="38.773285" lon="-0.115883">
        <ele>475.983365</ele>
        <time>2026-03-27T18:24:19.402Z</time>
      </trkpt>
      <trkpt lat="38.772699" lon="-0.116027">
        <ele>481.232428</ele>
        <time>2026-03-27T18:24:55.075Z</time>
      </trkpt>
      <trkpt lat="38.772545" lon="-0.116094">
        <ele>482.698478</ele>
        <time>2026-03-27T18:25:05.113Z</time>
      </trkpt>
      <trkpt lat="38.772391" lon="-0.116191">
        <ele>484.245205</ele>
        <time>2026-03-27T18:25:15.605Z</time>
      </trkpt>
      <trkpt lat="38.772205" lon="-0.116356">
        <ele>486.284029</ele>
        <time>2026-03-27T18:25:28.149Z</time>
      </trkpt>
      <trkpt lat="38.772153" lon="-0.116430">
        <ele>486.984243</ele>
        <time>2026-03-27T18:25:32.106Z</time>
      </trkpt>
      <trkpt lat="38.772061" lon="-0.116672">
        <ele>488.876636</ele>
        <time>2026-03-27T18:25:42.618Z</time>
      </trkpt>
      <trkpt lat="38.771845" lon="-0.116968">
        <ele>491.726286</ele>
        <time>2026-03-27T18:25:57.350Z</time>
      </trkpt>
      <trkpt lat="38.771802" lon="-0.117079">
        <ele>492.597479</ele>
        <time>2026-03-27T18:26:01.307Z</time>
      </trkpt>
      <trkpt lat="38.771789" lon="-0.117228">
        <ele>493.296031</ele>
        <time>2026-03-27T18:26:05.786Z</time>
      </trkpt>
      <trkpt lat="38.771862" lon="-0.117682">
        <ele>494.604726</ele>
        <time>2026-03-27T18:26:16.455Z</time>
      </trkpt>
      <trkpt lat="38.771837" lon="-0.117813">
        <ele>494.985480</ele>
        <time>2026-03-27T18:26:19.095Z</time>
      </trkpt>
      <trkpt lat="38.771769" lon="-0.117971">
        <ele>495.494992</ele>
        <time>2026-03-27T18:26:21.995Z</time>
      </trkpt>
      <trkpt lat="38.771660" lon="-0.118144">
        <ele>496.122950</ele>
        <time>2026-03-27T18:26:25.131Z</time>
      </trkpt>
      <trkpt lat="38.771438" lon="-0.118398">
        <ele>497.200189</ele>
        <time>2026-03-27T18:26:30.944Z</time>
      </trkpt>
      <trkpt lat="38.771384" lon="-0.118515">
        <ele>497.584041</ele>
        <time>2026-03-27T18:26:33.057Z</time>
      </trkpt>
      <trkpt lat="38.771406" lon="-0.118663">
        <ele>498.009400</ele>
        <time>2026-03-27T18:26:35.845Z</time>
      </trkpt>
      <trkpt lat="38.771569" lon="-0.118818">
        <ele>498.744158</ele>
        <time>2026-03-27T18:26:42.062Z</time>
      </trkpt>
      <trkpt lat="38.771622" lon="-0.118902">
        <ele>499.049234</ele>
        <time>2026-03-27T18:26:44.983Z</time>
      </trkpt>
      <trkpt lat="38.771631" lon="-0.118981">
        <ele>499.274634</ele>
        <time>2026-03-27T18:26:47.210Z</time>
      </trkpt>
      <trkpt lat="38.771593" lon="-0.119071">
        <ele>499.563587</ele>
        <time>2026-03-27T18:26:50.304Z</time>
      </trkpt>
      <trkpt lat="38.771490" lon="-0.119174">
        <ele>500.292971</ele>
        <time>2026-03-27T18:26:55.070Z</time>
      </trkpt>
      <trkpt lat="38.770799" lon="-0.119494">
        <ele>504.417507</ele>
        <time>2026-03-27T18:27:24.537Z</time>
      </trkpt>
      <trkpt lat="38.770697" lon="-0.119596">
        <ele>505.143636</ele>
        <time>2026-03-27T18:27:29.902Z</time>
      </trkpt>
      <trkpt lat="38.770666" lon="-0.119695">
        <ele>505.610619</ele>
        <time>2026-03-27T18:27:33.516Z</time>
      </trkpt>
      <trkpt lat="38.770664" lon="-0.119804">
        <ele>506.087862</ele>
        <time>2026-03-27T18:27:36.822Z</time>
      </trkpt>
      <trkpt lat="38.770711" lon="-0.120041">
        <ele>507.158283</ele>
        <time>2026-03-27T18:27:44.590Z</time>
      </trkpt>
      <trkpt lat="38.770793" lon="-0.120186">
        <ele>507.942353</ele>
        <time>2026-03-27T18:27:49.960Z</time>
      </trkpt>
      <trkpt lat="38.771131" lon="-0.120597">
        <ele>510.193354</ele>
        <time>2026-03-27T18:28:06.501Z</time>
      </trkpt>
      <trkpt lat="38.771177" lon="-0.120691">
        <ele>510.480245</ele>
        <time>2026-03-27T18:28:09.305Z</time>
      </trkpt>
      <trkpt lat="38.771191" lon="-0.120783">
        <ele>510.722554</ele>
        <time>2026-03-27T18:28:11.615Z</time>
      </trkpt>
      <trkpt lat="38.771167" lon="-0.120932">
        <ele>511.115856</ele>
        <time>2026-03-27T18:28:14.881Z</time>
      </trkpt>
      <trkpt lat="38.771087" lon="-0.121141">
        <ele>511.717725</ele>
        <time>2026-03-27T18:28:19.422Z</time>
      </trkpt>
      <trkpt lat="38.770678" lon="-0.121879">
        <ele>514.058336</ele>
        <time>2026-03-27T18:28:35.810Z</time>
      </trkpt>
      <trkpt lat="38.770648" lon="-0.121981">
        <ele>514.340148</ele>
        <time>2026-03-27T18:28:37.904Z</time>
      </trkpt>
      <trkpt lat="38.770655" lon="-0.122063">
        <ele>514.553387</ele>
        <time>2026-03-27T18:28:39.572Z</time>
      </trkpt>
      <trkpt lat="38.770715" lon="-0.122178">
        <ele>514.911089</ele>
        <time>2026-03-27T18:28:42.402Z</time>
      </trkpt>
      <trkpt lat="38.770801" lon="-0.122240">
        <ele>515.238186</ele>
        <time>2026-03-27T18:28:45.092Z</time>
      </trkpt>
      <trkpt lat="38.771286" lon="-0.122334">
        <ele>517.301477</ele>
        <time>2026-03-27T18:28:59.978Z</time>
      </trkpt>
      <trkpt lat="38.771365" lon="-0.122381">
        <ele>517.692594</ele>
        <time>2026-03-27T18:29:02.809Z</time>
      </trkpt>
      <trkpt lat="38.771433" lon="-0.122471">
        <ele>518.131441</ele>
        <time>2026-03-27T18:29:06.052Z</time>
      </trkpt>
      <trkpt lat="38.771629" lon="-0.123076">
        <ele>520.425512</ele>
        <time>2026-03-27T18:29:23.899Z</time>
      </trkpt>
      <trkpt lat="38.771797" lon="-0.124012">
        <ele>523.773322</ele>
        <time>2026-03-27T18:29:50.333Z</time>
      </trkpt>
      <trkpt lat="38.771889" lon="-0.124373">
        <ele>524.842241</ele>
        <time>2026-03-27T18:29:59.988Z</time>
      </trkpt>
      <trkpt lat="38.772044" lon="-0.124770">
        <ele>526.091849</ele>
        <time>2026-03-27T18:30:10.654Z</time>
      </trkpt>
      <trkpt lat="38.772274" lon="-0.125237">
        <ele>527.646475</ele>
        <time>2026-03-27T18:30:21.998Z</time>
      </trkpt>
      <trkpt lat="38.772492" lon="-0.125554">
        <ele>528.836131</ele>
        <time>2026-03-27T18:30:29.751Z</time>
      </trkpt>
      <trkpt lat="38.772625" lon="-0.125663">
        <ele>529.405888</ele>
        <time>2026-03-27T18:30:33.791Z</time>
      </trkpt>
      <trkpt lat="38.772651" lon="-0.125869">
        <ele>529.993207</ele>
        <time>2026-03-27T18:30:38.250Z</time>
      </trkpt>
      <trkpt lat="38.772661" lon="-0.125946">
        <ele>530.217383</ele>
        <time>2026-03-27T18:30:39.848Z</time>
      </trkpt>
      <trkpt lat="38.772677" lon="-0.126131">
        <ele>530.983087</ele>
        <time>2026-03-27T18:30:44.171Z</time>
      </trkpt>
      <trkpt lat="38.772835" lon="-0.126203">
        <ele>531.867815</ele>
        <time>2026-03-27T18:30:49.697Z</time>
      </trkpt>
      <trkpt lat="38.772968" lon="-0.126298">
        <ele>532.671059</ele>
        <time>2026-03-27T18:30:55.182Z</time>
      </trkpt>
      <trkpt lat="38.772966" lon="-0.126323">
        <ele>532.774442</ele>
        <time>2026-03-27T18:30:55.911Z</time>
      </trkpt>
      <trkpt lat="38.773076" lon="-0.126365">
        <ele>533.380020</ele>
        <time>2026-03-27T18:31:00.297Z</time>
      </trkpt>
      <trkpt lat="38.773065" lon="-0.126454">
        <ele>533.750710</ele>
        <time>2026-03-27T18:31:02.985Z</time>
      </trkpt>
      <trkpt lat="38.773044" lon="-0.126573">
        <ele>534.252622</ele>
        <time>2026-03-27T18:31:07.064Z</time>
      </trkpt>
      <trkpt lat="38.773300" lon="-0.126693">
        <ele>535.690766</ele>
        <time>2026-03-27T18:31:19.202Z</time>
      </trkpt>
      <trkpt lat="38.773358" lon="-0.126686">
        <ele>535.998151</ele>
        <time>2026-03-27T18:31:21.680Z</time>
      </trkpt>
      <trkpt lat="38.773333" lon="-0.127457">
        <ele>539.172531</ele>
        <time>2026-03-27T18:31:44.065Z</time>
      </trkpt>
      <trkpt lat="38.773497" lon="-0.127459">
        <ele>540.264893</ele>
        <time>2026-03-27T18:31:50.259Z</time>
      </trkpt>
      <trkpt lat="38.773469" lon="-0.127884">
        <ele>543.176231</ele>
        <time>2026-03-27T18:32:03.355Z</time>
      </trkpt>
      <trkpt lat="38.773986" lon="-0.128188">
        <ele>548.155690</ele>
        <time>2026-03-27T18:32:28.893Z</time>
      </trkpt>
      <trkpt lat="38.774273" lon="-0.128385">
        <ele>551.005638</ele>
        <time>2026-03-27T18:32:46.159Z</time>
      </trkpt>
      <trkpt lat="38.774528" lon="-0.128360">
        <ele>553.244753</ele>
        <time>2026-03-27T18:33:00.947Z</time>
      </trkpt>
      <trkpt lat="38.774599" lon="-0.128378">
        <ele>553.878405</ele>
        <time>2026-03-27T18:33:05.332Z</time>
      </trkpt>
      <trkpt lat="38.774627" lon="-0.128419">
        <ele>554.250450</ele>
        <time>2026-03-27T18:33:07.924Z</time>
      </trkpt>
      <trkpt lat="38.774631" lon="-0.128483">
        <ele>554.688701</ele>
        <time>2026-03-27T18:33:11.054Z</time>
      </trkpt>
      <trkpt lat="38.774527" lon="-0.128712">
        <ele>555.441300</ele>
        <time>2026-03-27T18:33:24.478Z</time>
      </trkpt>
      <trkpt lat="38.774534" lon="-0.128782">
        <ele>555.441300</ele>
        <time>2026-03-27T18:33:28.225Z</time>
      </trkpt>
      <trkpt lat="38.774588" lon="-0.128853">
        <ele>555.441300</ele>
        <time>2026-03-27T18:33:33.529Z</time>
      </trkpt>
      <trkpt lat="38.774961" lon="-0.128984">
        <ele>555.441300</ele>
        <time>2026-03-27T18:34:00.587Z</time>
      </trkpt>
      <trkpt lat="38.775293" lon="-0.129014">
        <ele>555.441300</ele>
        <time>2026-03-27T18:34:21.412Z</time>
      </trkpt>
      <trkpt lat="38.775538" lon="-0.129169">
        <ele>555.441300</ele>
        <time>2026-03-27T18:34:36.518Z</time>
      </trkpt>
      <trkpt lat="38.775581" lon="-0.129261">
        <ele>555.441300</ele>
        <time>2026-03-27T18:34:40.804Z</time>
      </trkpt>
      <trkpt lat="38.775622" lon="-0.129374">
        <ele>555.441300</ele>
        <time>2026-03-27T18:34:45.411Z</time>
      </trkpt>
      <trkpt lat="38.775641" lon="-0.129438">
        <ele>555.441300</ele>
        <time>2026-03-27T18:34:47.801Z</time>
      </trkpt>
      <trkpt lat="38.775641" lon="-0.129538">
        <ele>555.441300</ele>
        <time>2026-03-27T18:34:51.205Z</time>
      </trkpt>
    </trkseg>
  </trk>
</gpx>