<?xml version='1.0' encoding='UTF-8'?>
<gpx version="1.1" creator="https://www.komoot.de" xmlns="http://www.topografix.com/GPX/1/1" xmlns:xsi="http://www.w3.org/2001/XMLSchema-instance" xsi:schemaLocation="http://www.topografix.com/GPX/1/1 http://www.topografix.com/GPX/1/1/gpx.xsd">
  <metadata>
    <name>16: Claußnitz, Flöha</name>
    <author>
      <link href="https://www.komoot.de">
        <text>komoot</text>
        <type>text/html</type>
      </link>
    </author>
  </metadata>
  <trk>
    <name>16: Claußnitz, Flöha</name>
    <type>racebike</type>
    <trkseg>
      <trkpt lat="50.832695" lon="12.905448">
        <ele>325.094954</ele>
        <time>2026-08-04T06:52:08.699Z</time>
      </trkpt>
      <trkpt lat="50.832730" lon="12.905696">
        <ele>325.094954</ele>
        <time>2026-08-04T06:52:10.651Z</time>
      </trkpt>
      <trkpt lat="50.832749" lon="12.905827">
        <ele>325.094954</ele>
        <time>2026-08-04T06:52:11.662Z</time>
      </trkpt>
      <trkpt lat="50.832768" lon="12.905965">
        <ele>325.094954</ele>
        <time>2026-08-04T06:52:12.712Z</time>
      </trkpt>
      <trkpt lat="50.832808" lon="12.906273">
        <ele>325.094954</ele>
        <time>2026-08-04T06:52:14.972Z</time>
      </trkpt>
      <trkpt lat="50.832891" lon="12.906874">
        <ele>325.042094</ele>
        <time>2026-08-04T06:52:19.218Z</time>
      </trkpt>
      <trkpt lat="50.832897" lon="12.906916">
        <ele>324.977976</ele>
        <time>2026-08-04T06:52:19.514Z</time>
      </trkpt>
      <trkpt lat="50.832932" lon="12.907155">
        <ele>324.612663</ele>
        <time>2026-08-04T06:52:21.162Z</time>
      </trkpt>
      <trkpt lat="50.833037" lon="12.907879">
        <ele>323.506569</ele>
        <time>2026-08-04T06:52:26.151Z</time>
      </trkpt>
      <trkpt lat="50.833063" lon="12.908057">
        <ele>323.234531</ele>
        <time>2026-08-04T06:52:27.378Z</time>
      </trkpt>
      <trkpt lat="50.833148" lon="12.908631">
        <ele>322.356667</ele>
        <time>2026-08-04T06:52:31.327Z</time>
      </trkpt>
      <trkpt lat="50.833155" lon="12.908679">
        <ele>322.283315</ele>
        <time>2026-08-04T06:52:31.651Z</time>
      </trkpt>
      <trkpt lat="50.833220" lon="12.909138">
        <ele>321.582896</ele>
        <time>2026-08-04T06:52:34.766Z</time>
      </trkpt>
      <trkpt lat="50.833458" lon="12.910736">
        <ele>319.131655</ele>
        <time>2026-08-04T06:52:45.883Z</time>
      </trkpt>
      <trkpt lat="50.833527" lon="12.910713">
        <ele>318.964781</ele>
        <time>2026-08-04T06:52:46.654Z</time>
      </trkpt>
      <trkpt lat="50.833786" lon="12.910631">
        <ele>318.339699</ele>
        <time>2026-08-04T06:52:49.480Z</time>
      </trkpt>
      <trkpt lat="50.834170" lon="12.910510">
        <ele>317.413105</ele>
        <time>2026-08-04T06:52:53.623Z</time>
      </trkpt>
      <trkpt lat="50.834354" lon="12.910450">
        <ele>316.968513</ele>
        <time>2026-08-04T06:52:55.639Z</time>
      </trkpt>
      <trkpt lat="50.834537" lon="12.910386">
        <ele>316.501838</ele>
        <time>2026-08-04T06:52:57.677Z</time>
      </trkpt>
      <trkpt lat="50.834562" lon="12.910377">
        <ele>316.421890</ele>
        <time>2026-08-04T06:52:57.960Z</time>
      </trkpt>
      <trkpt lat="50.835217" lon="12.910150">
        <ele>314.331010</ele>
        <time>2026-08-04T06:53:05.029Z</time>
      </trkpt>
      <trkpt lat="50.835479" lon="12.910058">
        <ele>313.494150</ele>
        <time>2026-08-04T06:53:07.850Z</time>
      </trkpt>
      <trkpt lat="50.836072" lon="12.909851">
        <ele>311.600559</ele>
        <time>2026-08-04T06:53:13.958Z</time>
      </trkpt>
      <trkpt lat="50.836192" lon="12.909809">
        <ele>311.217323</ele>
        <time>2026-08-04T06:53:15.144Z</time>
      </trkpt>
      <trkpt lat="50.836332" lon="12.909807">
        <ele>310.639605</ele>
        <time>2026-08-04T06:53:16.490Z</time>
      </trkpt>
      <trkpt lat="50.836771" lon="12.909800">
        <ele>308.343037</ele>
        <time>2026-08-04T06:53:20.664Z</time>
      </trkpt>
      <trkpt lat="50.837057" lon="12.909796">
        <ele>306.846886</ele>
        <time>2026-08-04T06:53:23.289Z</time>
      </trkpt>
      <trkpt lat="50.837271" lon="12.909792">
        <ele>305.727354</ele>
        <time>2026-08-04T06:53:25.235Z</time>
      </trkpt>
      <trkpt lat="50.837401" lon="12.909785">
        <ele>305.046918</ele>
        <time>2026-08-04T06:53:26.399Z</time>
      </trkpt>
      <trkpt lat="50.837507" lon="12.909779">
        <ele>304.492068</ele>
        <time>2026-08-04T06:53:27.363Z</time>
      </trkpt>
      <trkpt lat="50.837606" lon="12.909772">
        <ele>303.973674</ele>
        <time>2026-08-04T06:53:28.274Z</time>
      </trkpt>
      <trkpt lat="50.837626" lon="12.909771">
        <ele>303.868999</ele>
        <time>2026-08-04T06:53:28.460Z</time>
      </trkpt>
      <trkpt lat="50.837784" lon="12.909760">
        <ele>303.041688</ele>
        <time>2026-08-04T06:53:29.914Z</time>
      </trkpt>
      <trkpt lat="50.837887" lon="12.909754">
        <ele>302.502521</ele>
        <time>2026-08-04T06:53:30.858Z</time>
      </trkpt>
      <trkpt lat="50.838172" lon="12.909741">
        <ele>301.412847</ele>
        <time>2026-08-04T06:53:33.567Z</time>
      </trkpt>
      <trkpt lat="50.838490" lon="12.909731">
        <ele>300.923692</ele>
        <time>2026-08-04T06:53:36.730Z</time>
      </trkpt>
      <trkpt lat="50.838661" lon="12.909677">
        <ele>300.655529</ele>
        <time>2026-08-04T06:53:38.546Z</time>
      </trkpt>
      <trkpt lat="50.838925" lon="12.909560">
        <ele>300.233917</ele>
        <time>2026-08-04T06:53:41.493Z</time>
      </trkpt>
      <trkpt lat="50.839062" lon="12.909496">
        <ele>300.014245</ele>
        <time>2026-08-04T06:53:43.199Z</time>
      </trkpt>
      <trkpt lat="50.839249" lon="12.909408">
        <ele>299.714223</ele>
        <time>2026-08-04T06:53:45.991Z</time>
      </trkpt>
      <trkpt lat="50.839588" lon="12.909246">
        <ele>299.169646</ele>
        <time>2026-08-04T06:53:53.049Z</time>
      </trkpt>
      <trkpt lat="50.839878" lon="12.909097">
        <ele>298.781332</ele>
        <time>2026-08-04T06:53:59.414Z</time>
      </trkpt>
      <trkpt lat="50.839990" lon="12.909043">
        <ele>298.729391</ele>
        <time>2026-08-04T06:54:01.649Z</time>
      </trkpt>
      <trkpt lat="50.840172" lon="12.909379">
        <ele>298.605371</ele>
        <time>2026-08-04T06:54:06.141Z</time>
      </trkpt>
      <trkpt lat="50.840303" lon="12.909601">
        <ele>298.520247</ele>
        <time>2026-08-04T06:54:08.855Z</time>
      </trkpt>
      <trkpt lat="50.840598" lon="12.910102">
        <ele>298.328336</ele>
        <time>2026-08-04T06:54:14.485Z</time>
      </trkpt>
      <trkpt lat="50.840751" lon="12.910359">
        <ele>298.229383</ele>
        <time>2026-08-04T06:54:17.174Z</time>
      </trkpt>
      <trkpt lat="50.841016" lon="12.910784">
        <ele>298.062054</ele>
        <time>2026-08-04T06:54:21.491Z</time>
      </trkpt>
      <trkpt lat="50.841208" lon="12.911077">
        <ele>298.002778</ele>
        <time>2026-08-04T06:54:24.508Z</time>
      </trkpt>
      <trkpt lat="50.841345" lon="12.911266">
        <ele>297.988002</ele>
        <time>2026-08-04T06:54:26.631Z</time>
      </trkpt>
      <trkpt lat="50.841465" lon="12.911490">
        <ele>297.972917</ele>
        <time>2026-08-04T06:54:28.883Z</time>
      </trkpt>
      <trkpt lat="50.841578" lon="12.911769">
        <ele>297.955896</ele>
        <time>2026-08-04T06:54:31.641Z</time>
      </trkpt>
      <trkpt lat="50.841683" lon="12.912051">
        <ele>297.939085</ele>
        <time>2026-08-04T06:54:34.756Z</time>
      </trkpt>
      <trkpt lat="50.841842" lon="12.912302">
        <ele>297.920828</ele>
        <time>2026-08-04T06:54:38.656Z</time>
      </trkpt>
      <trkpt lat="50.841999" lon="12.912423">
        <ele>297.906628</ele>
        <time>2026-08-04T06:54:41.955Z</time>
      </trkpt>
      <trkpt lat="50.842604" lon="12.912716">
        <ele>297.831523</ele>
        <time>2026-08-04T06:54:54.442Z</time>
      </trkpt>
      <trkpt lat="50.843253" lon="12.913055">
        <ele>297.685750</ele>
        <time>2026-08-04T06:55:04.031Z</time>
      </trkpt>
      <trkpt lat="50.843492" lon="12.913165">
        <ele>297.632659</ele>
        <time>2026-08-04T06:55:07.294Z</time>
      </trkpt>
      <trkpt lat="50.843627" lon="12.913307">
        <ele>297.598090</ele>
        <time>2026-08-04T06:55:09.368Z</time>
      </trkpt>
      <trkpt lat="50.843672" lon="12.913375">
        <ele>297.584822</ele>
        <time>2026-08-04T06:55:10.149Z</time>
      </trkpt>
      <trkpt lat="50.843783" lon="12.913726">
        <ele>297.531948</ele>
        <time>2026-08-04T06:55:13.190Z</time>
      </trkpt>
      <trkpt lat="50.843848" lon="12.914106">
        <ele>297.480847</ele>
        <time>2026-08-04T06:55:16.189Z</time>
      </trkpt>
      <trkpt lat="50.843862" lon="12.914189">
        <ele>297.472386</ele>
        <time>2026-08-04T06:55:16.889Z</time>
      </trkpt>
      <trkpt lat="50.844003" lon="12.914614">
        <ele>297.425100</ele>
        <time>2026-08-04T06:55:20.850Z</time>
      </trkpt>
      <trkpt lat="50.844240" lon="12.915032">
        <ele>297.369769</ele>
        <time>2026-08-04T06:55:26.411Z</time>
      </trkpt>
      <trkpt lat="50.844387" lon="12.915266">
        <ele>297.337259</ele>
        <time>2026-08-04T06:55:29.633Z</time>
      </trkpt>
      <trkpt lat="50.844783" lon="12.915744">
        <ele>297.259595</ele>
        <time>2026-08-04T06:55:37.409Z</time>
      </trkpt>
      <trkpt lat="50.844897" lon="12.915941">
        <ele>297.233277</ele>
        <time>2026-08-04T06:55:39.832Z</time>
      </trkpt>
      <trkpt lat="50.844996" lon="12.916230">
        <ele>297.169844</ele>
        <time>2026-08-04T06:55:42.776Z</time>
      </trkpt>
      <trkpt lat="50.845039" lon="12.916511">
        <ele>296.950792</ele>
        <time>2026-08-04T06:55:45.480Z</time>
      </trkpt>
      <trkpt lat="50.845067" lon="12.916966">
        <ele>296.604446</ele>
        <time>2026-08-04T06:55:49.830Z</time>
      </trkpt>
      <trkpt lat="50.845073" lon="12.917209">
        <ele>296.420206</ele>
        <time>2026-08-04T06:55:51.896Z</time>
      </trkpt>
      <trkpt lat="50.845073" lon="12.917549">
        <ele>296.162618</ele>
        <time>2026-08-04T06:55:54.411Z</time>
      </trkpt>
      <trkpt lat="50.845072" lon="12.917916">
        <ele>295.884572</ele>
        <time>2026-08-04T06:55:56.921Z</time>
      </trkpt>
      <trkpt lat="50.845073" lon="12.918092">
        <ele>295.751227</ele>
        <time>2026-08-04T06:55:58.123Z</time>
      </trkpt>
      <trkpt lat="50.845073" lon="12.918261">
        <ele>295.623191</ele>
        <time>2026-08-04T06:55:59.287Z</time>
      </trkpt>
      <trkpt lat="50.845072" lon="12.918875">
        <ele>295.158016</ele>
        <time>2026-08-04T06:56:03.633Z</time>
      </trkpt>
      <trkpt lat="50.845074" lon="12.919375">
        <ele>294.665396</ele>
        <time>2026-08-04T06:56:07.197Z</time>
      </trkpt>
      <trkpt lat="50.845174" lon="12.919389">
        <ele>294.493835</ele>
        <time>2026-08-04T06:56:08.304Z</time>
      </trkpt>
      <trkpt lat="50.845540" lon="12.919498">
        <ele>293.857396</ele>
        <time>2026-08-04T06:56:12.353Z</time>
      </trkpt>
      <trkpt lat="50.845869" lon="12.919761">
        <ele>293.227590</ele>
        <time>2026-08-04T06:56:16.297Z</time>
      </trkpt>
      <trkpt lat="50.845900" lon="12.919802">
        <ele>293.158569</ele>
        <time>2026-08-04T06:56:16.730Z</time>
      </trkpt>
      <trkpt lat="50.846415" lon="12.920390">
        <ele>292.073603</ele>
        <time>2026-08-04T06:56:24.037Z</time>
      </trkpt>
      <trkpt lat="50.846591" lon="12.920534">
        <ele>291.978540</ele>
        <time>2026-08-04T06:56:26.485Z</time>
      </trkpt>
      <trkpt lat="50.846885" lon="12.920656">
        <ele>291.989223</ele>
        <time>2026-08-04T06:56:30.475Z</time>
      </trkpt>
      <trkpt lat="50.847215" lon="12.920712">
        <ele>292.000890</ele>
        <time>2026-08-04T06:56:35.322Z</time>
      </trkpt>
      <trkpt lat="50.847583" lon="12.920747">
        <ele>292.013849</ele>
        <time>2026-08-04T06:56:41.139Z</time>
      </trkpt>
      <trkpt lat="50.847907" lon="12.920776">
        <ele>292.025257</ele>
        <time>2026-08-04T06:56:46.715Z</time>
      </trkpt>
      <trkpt lat="50.848054" lon="12.920873">
        <ele>292.030855</ele>
        <time>2026-08-04T06:56:49.514Z</time>
      </trkpt>
      <trkpt lat="50.848474" lon="12.921237">
        <ele>292.468804</ele>
        <time>2026-08-04T06:56:58.177Z</time>
      </trkpt>
      <trkpt lat="50.848689" lon="12.921351">
        <ele>292.786810</ele>
        <time>2026-08-04T06:57:02.639Z</time>
      </trkpt>
      <trkpt lat="50.848818" lon="12.921372">
        <ele>292.968697</ele>
        <time>2026-08-04T06:57:05.312Z</time>
      </trkpt>
      <trkpt lat="50.849491" lon="12.921239">
        <ele>293.919958</ele>
        <time>2026-08-04T06:57:19.766Z</time>
      </trkpt>
      <trkpt lat="50.850023" lon="12.921104">
        <ele>294.609879</ele>
        <time>2026-08-04T06:57:31.562Z</time>
      </trkpt>
      <trkpt lat="50.850656" lon="12.920945">
        <ele>294.999280</ele>
        <time>2026-08-04T06:57:45.325Z</time>
      </trkpt>
      <trkpt lat="50.851900" lon="12.920677">
        <ele>295.326570</ele>
        <time>2026-08-04T06:58:04.838Z</time>
      </trkpt>
      <trkpt lat="50.852668" lon="12.920494">
        <ele>293.924128</ele>
        <time>2026-08-04T06:58:13.327Z</time>
      </trkpt>
      <trkpt lat="50.853050" lon="12.920403">
        <ele>293.226563</ele>
        <time>2026-08-04T06:58:17.370Z</time>
      </trkpt>
      <trkpt lat="50.853166" lon="12.920389">
        <ele>293.016486</ele>
        <time>2026-08-04T06:58:18.598Z</time>
      </trkpt>
      <trkpt lat="50.853349" lon="12.920365">
        <ele>292.684898</ele>
        <time>2026-08-04T06:58:20.559Z</time>
      </trkpt>
      <trkpt lat="50.853655" lon="12.920242">
        <ele>292.210893</ele>
        <time>2026-08-04T06:58:23.947Z</time>
      </trkpt>
      <trkpt lat="50.853853" lon="12.920099">
        <ele>291.948278</ele>
        <time>2026-08-04T06:58:26.289Z</time>
      </trkpt>
      <trkpt lat="50.854184" lon="12.919697">
        <ele>291.444922</ele>
        <time>2026-08-04T06:58:30.894Z</time>
      </trkpt>
      <trkpt lat="50.854643" lon="12.919071">
        <ele>290.713968</ele>
        <time>2026-08-04T06:58:38.546Z</time>
      </trkpt>
      <trkpt lat="50.854673" lon="12.919032">
        <ele>290.667132</ele>
        <time>2026-08-04T06:58:39.057Z</time>
      </trkpt>
      <trkpt lat="50.855238" lon="12.918260">
        <ele>290.057854</ele>
        <time>2026-08-04T06:58:50.062Z</time>
      </trkpt>
      <trkpt lat="50.855702" lon="12.917631">
        <ele>289.780222</ele>
        <time>2026-08-04T06:58:58.445Z</time>
      </trkpt>
      <trkpt lat="50.856034" lon="12.917176">
        <ele>289.580648</ele>
        <time>2026-08-04T06:59:04.268Z</time>
      </trkpt>
      <trkpt lat="50.856300" lon="12.916842">
        <ele>289.426342</ele>
        <time>2026-08-04T06:59:08.700Z</time>
      </trkpt>
      <trkpt lat="50.856621" lon="12.916416">
        <ele>289.162777</ele>
        <time>2026-08-04T06:59:13.827Z</time>
      </trkpt>
      <trkpt lat="50.857365" lon="12.915430">
        <ele>288.542671</ele>
        <time>2026-08-04T06:59:25.878Z</time>
      </trkpt>
      <trkpt lat="50.858115" lon="12.914436">
        <ele>288.312053</ele>
        <time>2026-08-04T06:59:39.927Z</time>
      </trkpt>
      <trkpt lat="50.858920" lon="12.913388">
        <ele>288.399350</ele>
        <time>2026-08-04T06:59:56.422Z</time>
      </trkpt>
      <trkpt lat="50.859339" lon="12.912717">
        <ele>288.455718</ele>
        <time>2026-08-04T07:00:05.511Z</time>
      </trkpt>
      <trkpt lat="50.859897" lon="12.911913">
        <ele>288.531563</ele>
        <time>2026-08-04T07:00:17.177Z</time>
      </trkpt>
      <trkpt lat="50.861069" lon="12.910259">
        <ele>288.690684</ele>
        <time>2026-08-04T07:00:40.440Z</time>
      </trkpt>
      <trkpt lat="50.861644" lon="12.909477">
        <ele>288.767963</ele>
        <time>2026-08-04T07:00:52.036Z</time>
      </trkpt>
      <trkpt lat="50.861668" lon="12.909444">
        <ele>288.771204</ele>
        <time>2026-08-04T07:00:52.516Z</time>
      </trkpt>
      <trkpt lat="50.862312" lon="12.908597">
        <ele>288.957409</ele>
        <time>2026-08-04T07:01:06.248Z</time>
      </trkpt>
      <trkpt lat="50.862393" lon="12.908490">
        <ele>288.982579</ele>
        <time>2026-08-04T07:01:07.991Z</time>
      </trkpt>
      <trkpt lat="50.863236" lon="12.907594">
        <ele>289.177646</ele>
        <time>2026-08-04T07:01:23.911Z</time>
      </trkpt>
      <trkpt lat="50.863404" lon="12.907424">
        <ele>289.067767</ele>
        <time>2026-08-04T07:01:26.815Z</time>
      </trkpt>
      <trkpt lat="50.863699" lon="12.907126">
        <ele>288.874919</ele>
        <time>2026-08-04T07:01:31.730Z</time>
      </trkpt>
      <trkpt lat="50.863999" lon="12.906823">
        <ele>288.678813</ele>
        <time>2026-08-04T07:01:36.424Z</time>
      </trkpt>
      <trkpt lat="50.864217" lon="12.906591">
        <ele>288.534058</ele>
        <time>2026-08-04T07:01:39.740Z</time>
      </trkpt>
      <trkpt lat="50.864455" lon="12.906381">
        <ele>288.383898</ele>
        <time>2026-08-04T07:01:43.355Z</time>
      </trkpt>
      <trkpt lat="50.864484" lon="12.906352">
        <ele>288.364995</ele>
        <time>2026-08-04T07:01:43.820Z</time>
      </trkpt>
      <trkpt lat="50.865619" lon="12.905188">
        <ele>286.681738</ele>
        <time>2026-08-04T07:01:59.557Z</time>
      </trkpt>
      <trkpt lat="50.865701" lon="12.905116">
        <ele>286.549194</ele>
        <time>2026-08-04T07:02:00.577Z</time>
      </trkpt>
      <trkpt lat="50.866156" lon="12.904667">
        <ele>285.791353</ele>
        <time>2026-08-04T07:02:06.554Z</time>
      </trkpt>
      <trkpt lat="50.866217" lon="12.904613">
        <ele>285.692564</ele>
        <time>2026-08-04T07:02:07.373Z</time>
      </trkpt>
      <trkpt lat="50.866293" lon="12.904509">
        <ele>285.669427</ele>
        <time>2026-08-04T07:02:08.549Z</time>
      </trkpt>
      <trkpt lat="50.866377" lon="12.904515">
        <ele>285.662987</ele>
        <time>2026-08-04T07:02:09.552Z</time>
      </trkpt>
      <trkpt lat="50.866437" lon="12.904437">
        <ele>285.657042</ele>
        <time>2026-08-04T07:02:10.488Z</time>
      </trkpt>
      <trkpt lat="50.866451" lon="12.904325">
        <ele>285.651523</ele>
        <time>2026-08-04T07:02:11.378Z</time>
      </trkpt>
      <trkpt lat="50.866434" lon="12.904246">
        <ele>285.647488</ele>
        <time>2026-08-04T07:02:12.034Z</time>
      </trkpt>
      <trkpt lat="50.866473" lon="12.904156">
        <ele>285.642210</ele>
        <time>2026-08-04T07:02:12.896Z</time>
      </trkpt>
      <trkpt lat="50.866541" lon="12.903943">
        <ele>285.630672</ele>
        <time>2026-08-04T07:02:14.820Z</time>
      </trkpt>
      <trkpt lat="50.866655" lon="12.903743">
        <ele>285.617644</ele>
        <time>2026-08-04T07:02:17.195Z</time>
      </trkpt>
      <trkpt lat="50.866688" lon="12.903656">
        <ele>285.612737</ele>
        <time>2026-08-04T07:02:18.197Z</time>
      </trkpt>
      <trkpt lat="50.866943" lon="12.902992">
        <ele>285.575164</ele>
        <time>2026-08-04T07:02:26.720Z</time>
      </trkpt>
      <trkpt lat="50.867094" lon="12.902626">
        <ele>285.554026</ele>
        <time>2026-08-04T07:02:31.950Z</time>
      </trkpt>
      <trkpt lat="50.867327" lon="12.902063">
        <ele>285.511215</ele>
        <time>2026-08-04T07:02:39.646Z</time>
      </trkpt>
      <trkpt lat="50.867490" lon="12.901669">
        <ele>285.474680</ele>
        <time>2026-08-04T07:02:44.473Z</time>
      </trkpt>
      <trkpt lat="50.868261" lon="12.900689">
        <ele>285.353221</ele>
        <time>2026-08-04T07:02:57.682Z</time>
      </trkpt>
      <trkpt lat="50.869385" lon="12.899351">
        <ele>285.313907</ele>
        <time>2026-08-04T07:03:16.207Z</time>
      </trkpt>
      <trkpt lat="50.869430" lon="12.899297">
        <ele>285.313728</ele>
        <time>2026-08-04T07:03:17.105Z</time>
      </trkpt>
      <trkpt lat="50.869498" lon="12.899210">
        <ele>285.313450</ele>
        <time>2026-08-04T07:03:18.503Z</time>
      </trkpt>
      <trkpt lat="50.870546" lon="12.897930">
        <ele>285.896943</ele>
        <time>2026-08-04T07:03:42.957Z</time>
      </trkpt>
      <trkpt lat="50.870846" lon="12.897573">
        <ele>286.177306</ele>
        <time>2026-08-04T07:03:49.677Z</time>
      </trkpt>
      <trkpt lat="50.870975" lon="12.897420">
        <ele>286.297717</ele>
        <time>2026-08-04T07:03:52.378Z</time>
      </trkpt>
      <trkpt lat="50.871102" lon="12.897268">
        <ele>286.416650</ele>
        <time>2026-08-04T07:03:55.021Z</time>
      </trkpt>
      <trkpt lat="50.871697" lon="12.896602">
        <ele>287.276713</ele>
        <time>2026-08-04T07:04:07.608Z</time>
      </trkpt>
      <trkpt lat="50.871902" lon="12.896383">
        <ele>287.652576</ele>
        <time>2026-08-04T07:04:12.200Z</time>
      </trkpt>
      <trkpt lat="50.872245" lon="12.896016">
        <ele>288.281766</ele>
        <time>2026-08-04T07:04:20.475Z</time>
      </trkpt>
      <trkpt lat="50.872756" lon="12.895435">
        <ele>289.237901</ele>
        <time>2026-08-04T07:04:35.626Z</time>
      </trkpt>
      <trkpt lat="50.872929" lon="12.895291">
        <ele>289.540761</ele>
        <time>2026-08-04T07:04:40.858Z</time>
      </trkpt>
      <trkpt lat="50.873107" lon="12.895142">
        <ele>289.859023</ele>
        <time>2026-08-04T07:04:46.054Z</time>
      </trkpt>
      <trkpt lat="50.873230" lon="12.895092">
        <ele>290.059779</ele>
        <time>2026-08-04T07:04:49.167Z</time>
      </trkpt>
      <trkpt lat="50.873311" lon="12.894993">
        <ele>290.221501</ele>
        <time>2026-08-04T07:04:51.616Z</time>
      </trkpt>
      <trkpt lat="50.873342" lon="12.894954">
        <ele>290.284078</ele>
        <time>2026-08-04T07:04:52.514Z</time>
      </trkpt>
      <trkpt lat="50.873711" lon="12.894216">
        <ele>291.223448</ele>
        <time>2026-08-04T07:05:04.847Z</time>
      </trkpt>
      <trkpt lat="50.874111" lon="12.893694">
        <ele>292.042665</ele>
        <time>2026-08-04T07:05:14.756Z</time>
      </trkpt>
      <trkpt lat="50.874164" lon="12.893671">
        <ele>292.129541</ele>
        <time>2026-08-04T07:05:15.774Z</time>
      </trkpt>
      <trkpt lat="50.874353" lon="12.893596">
        <ele>292.269261</ele>
        <time>2026-08-04T07:05:19.225Z</time>
      </trkpt>
      <trkpt lat="50.874826" lon="12.893472">
        <ele>292.400966</ele>
        <time>2026-08-04T07:05:26.904Z</time>
      </trkpt>
      <trkpt lat="50.875057" lon="12.893334">
        <ele>292.468784</ele>
        <time>2026-08-04T07:05:30.968Z</time>
      </trkpt>
      <trkpt lat="50.875949" lon="12.892475">
        <ele>292.404501</ele>
        <time>2026-08-04T07:05:48.317Z</time>
      </trkpt>
      <trkpt lat="50.876101" lon="12.892407">
        <ele>291.895016</ele>
        <time>2026-08-04T07:05:50.276Z</time>
      </trkpt>
      <trkpt lat="50.876230" lon="12.892404">
        <ele>291.478842</ele>
        <time>2026-08-04T07:05:51.743Z</time>
      </trkpt>
      <trkpt lat="50.876420" lon="12.892466">
        <ele>290.853080</ele>
        <time>2026-08-04T07:05:53.797Z</time>
      </trkpt>
      <trkpt lat="50.876683" lon="12.892632">
        <ele>289.939882</ele>
        <time>2026-08-04T07:05:56.699Z</time>
      </trkpt>
      <trkpt lat="50.876716" lon="12.892665">
        <ele>289.814010</ele>
        <time>2026-08-04T07:05:57.100Z</time>
      </trkpt>
      <trkpt lat="50.876904" lon="12.892926">
        <ele>289.007775</ele>
        <time>2026-08-04T07:05:59.572Z</time>
      </trkpt>
      <trkpt lat="50.877050" lon="12.893227">
        <ele>288.235004</ele>
        <time>2026-08-04T07:06:01.868Z</time>
      </trkpt>
      <trkpt lat="50.877099" lon="12.893531">
        <ele>287.596360</ele>
        <time>2026-08-04T07:06:03.700Z</time>
      </trkpt>
      <trkpt lat="50.877208" lon="12.893734">
        <ele>287.053809</ele>
        <time>2026-08-04T07:06:05.243Z</time>
      </trkpt>
      <trkpt lat="50.877350" lon="12.893819">
        <ele>286.478284</ele>
        <time>2026-08-04T07:06:06.628Z</time>
      </trkpt>
      <trkpt lat="50.877625" lon="12.893845">
        <ele>285.378636</ele>
        <time>2026-08-04T07:06:09.161Z</time>
      </trkpt>
      <trkpt lat="50.877791" lon="12.893939">
        <ele>284.675001</ele>
        <time>2026-08-04T07:06:10.794Z</time>
      </trkpt>
      <trkpt lat="50.877949" lon="12.894097">
        <ele>283.929273</ele>
        <time>2026-08-04T07:06:12.542Z</time>
      </trkpt>
      <trkpt lat="50.878152" lon="12.894336">
        <ele>282.919855</ele>
        <time>2026-08-04T07:06:14.996Z</time>
      </trkpt>
      <trkpt lat="50.878324" lon="12.894585">
        <ele>281.989987</ele>
        <time>2026-08-04T07:06:17.299Z</time>
      </trkpt>
      <trkpt lat="50.879223" lon="12.896199">
        <ele>278.829540</ele>
        <time>2026-08-04T07:06:32.238Z</time>
      </trkpt>
      <trkpt lat="50.879341" lon="12.896364">
        <ele>278.648365</ele>
        <time>2026-08-04T07:06:34.200Z</time>
      </trkpt>
      <trkpt lat="50.879514" lon="12.896667">
        <ele>278.351511</ele>
        <time>2026-08-04T07:06:37.508Z</time>
      </trkpt>
      <trkpt lat="50.879649" lon="12.897002">
        <ele>278.062754</ele>
        <time>2026-08-04T07:06:40.870Z</time>
      </trkpt>
      <trkpt lat="50.880062" lon="12.897647">
        <ele>277.722559</ele>
        <time>2026-08-04T07:06:49.044Z</time>
      </trkpt>
      <trkpt lat="50.880251" lon="12.897974">
        <ele>277.776573</ele>
        <time>2026-08-04T07:06:53.008Z</time>
      </trkpt>
      <trkpt lat="50.880514" lon="12.898321">
        <ele>277.842634</ele>
        <time>2026-08-04T07:06:58.279Z</time>
      </trkpt>
      <trkpt lat="50.881304" lon="12.899029">
        <ele>278.017832</ele>
        <time>2026-08-04T07:07:13.799Z</time>
      </trkpt>
      <trkpt lat="50.881389" lon="12.899126">
        <ele>278.028802</ele>
        <time>2026-08-04T07:07:15.457Z</time>
      </trkpt>
      <trkpt lat="50.881425" lon="12.899186">
        <ele>278.032782</ele>
        <time>2026-08-04T07:07:16.264Z</time>
      </trkpt>
      <trkpt lat="50.881387" lon="12.899354">
        <ele>278.041361</ele>
        <time>2026-08-04T07:07:17.975Z</time>
      </trkpt>
      <trkpt lat="50.881409" lon="12.899496">
        <ele>278.048390</ele>
        <time>2026-08-04T07:07:19.457Z</time>
      </trkpt>
      <trkpt lat="50.881440" lon="12.899555">
        <ele>278.052081</ele>
        <time>2026-08-04T07:07:20.174Z</time>
      </trkpt>
      <trkpt lat="50.881580" lon="12.899668">
        <ele>278.064051</ele>
        <time>2026-08-04T07:07:22.674Z</time>
      </trkpt>
      <trkpt lat="50.881596" lon="12.899723">
        <ele>278.066962</ele>
        <time>2026-08-04T07:07:23.284Z</time>
      </trkpt>
      <trkpt lat="50.881635" lon="12.899820">
        <ele>278.072492</ele>
        <time>2026-08-04T07:07:24.536Z</time>
      </trkpt>
      <trkpt lat="50.882154" lon="12.899400">
        <ele>278.116890</ele>
        <time>2026-08-04T07:07:33.687Z</time>
      </trkpt>
      <trkpt lat="50.882471" lon="12.899239">
        <ele>278.142252</ele>
        <time>2026-08-04T07:07:38.411Z</time>
      </trkpt>
      <trkpt lat="50.882574" lon="12.899113">
        <ele>278.152165</ele>
        <time>2026-08-04T07:07:40.154Z</time>
      </trkpt>
      <trkpt lat="50.882612" lon="12.898958">
        <ele>278.158562</ele>
        <time>2026-08-04T07:07:41.498Z</time>
      </trkpt>
      <trkpt lat="50.882583" lon="12.898338">
        <ele>278.051558</ele>
        <time>2026-08-04T07:07:46.597Z</time>
      </trkpt>
      <trkpt lat="50.882631" lon="12.898100">
        <ele>278.008552</ele>
        <time>2026-08-04T07:07:48.764Z</time>
      </trkpt>
      <trkpt lat="50.882732" lon="12.897912">
        <ele>277.966053</ele>
        <time>2026-08-04T07:07:50.940Z</time>
      </trkpt>
      <trkpt lat="50.882975" lon="12.897670">
        <ele>277.887762</ele>
        <time>2026-08-04T07:07:54.917Z</time>
      </trkpt>
      <trkpt lat="50.883164" lon="12.897551">
        <ele>277.832283</ele>
        <time>2026-08-04T07:07:57.654Z</time>
      </trkpt>
      <trkpt lat="50.884020" lon="12.897001">
        <ele>277.716355</ele>
        <time>2026-08-04T07:08:10.815Z</time>
      </trkpt>
      <trkpt lat="50.884599" lon="12.896633">
        <ele>277.806828</ele>
        <time>2026-08-04T07:08:20.498Z</time>
      </trkpt>
      <trkpt lat="50.886308" lon="12.895523">
        <ele>278.168104</ele>
        <time>2026-08-04T07:08:49.957Z</time>
      </trkpt>
      <trkpt lat="50.886925" lon="12.895126">
        <ele>278.327028</ele>
        <time>2026-08-04T07:09:00.605Z</time>
      </trkpt>
      <trkpt lat="50.887255" lon="12.895003">
        <ele>278.267867</ele>
        <time>2026-08-04T07:09:05.924Z</time>
      </trkpt>
      <trkpt lat="50.887586" lon="12.895009">
        <ele>278.119509</ele>
        <time>2026-08-04T07:09:10.730Z</time>
      </trkpt>
      <trkpt lat="50.887920" lon="12.895154">
        <ele>277.964305</ele>
        <time>2026-08-04T07:09:15.499Z</time>
      </trkpt>
      <trkpt lat="50.888380" lon="12.895441">
        <ele>277.742748</ele>
        <time>2026-08-04T07:09:21.812Z</time>
      </trkpt>
      <trkpt lat="50.888806" lon="12.895710">
        <ele>277.533773</ele>
        <time>2026-08-04T07:09:27.527Z</time>
      </trkpt>
      <trkpt lat="50.889122" lon="12.895859">
        <ele>277.353887</ele>
        <time>2026-08-04T07:09:31.455Z</time>
      </trkpt>
      <trkpt lat="50.889355" lon="12.895883">
        <ele>277.226486</ele>
        <time>2026-08-04T07:09:34.312Z</time>
      </trkpt>
      <trkpt lat="50.889647" lon="12.895807">
        <ele>277.065028</ele>
        <time>2026-08-04T07:09:38.121Z</time>
      </trkpt>
      <trkpt lat="50.889917" lon="12.895616">
        <ele>276.903704</ele>
        <time>2026-08-04T07:09:42.133Z</time>
      </trkpt>
      <trkpt lat="50.890105" lon="12.895401">
        <ele>276.777219</ele>
        <time>2026-08-04T07:09:45.409Z</time>
      </trkpt>
      <trkpt lat="50.890259" lon="12.895130">
        <ele>276.651676</ele>
        <time>2026-08-04T07:09:48.552Z</time>
      </trkpt>
      <trkpt lat="50.890651" lon="12.894255">
        <ele>277.061951</ele>
        <time>2026-08-04T07:09:58.672Z</time>
      </trkpt>
      <trkpt lat="50.890749" lon="12.894063">
        <ele>277.205911</ele>
        <time>2026-08-04T07:10:01.287Z</time>
      </trkpt>
      <trkpt lat="50.890909" lon="12.893853">
        <ele>277.397851</ele>
        <time>2026-08-04T07:10:05.049Z</time>
      </trkpt>
      <trkpt lat="50.891025" lon="12.893753">
        <ele>277.519861</ele>
        <time>2026-08-04T07:10:07.684Z</time>
      </trkpt>
      <trkpt lat="50.891202" lon="12.893663">
        <ele>277.691621</ele>
        <time>2026-08-04T07:10:11.613Z</time>
      </trkpt>
      <trkpt lat="50.891429" lon="12.893635">
        <ele>277.902010</ele>
        <time>2026-08-04T07:10:16.674Z</time>
      </trkpt>
      <trkpt lat="50.891580" lon="12.893666">
        <ele>278.042703</ele>
        <time>2026-08-04T07:10:19.825Z</time>
      </trkpt>
      <trkpt lat="50.891778" lon="12.893767">
        <ele>278.234950</ele>
        <time>2026-08-04T07:10:24.077Z</time>
      </trkpt>
      <trkpt lat="50.892315" lon="12.894207">
        <ele>278.818258</ele>
        <time>2026-08-04T07:10:37.554Z</time>
      </trkpt>
      <trkpt lat="50.892606" lon="12.894443">
        <ele>279.133674</ele>
        <time>2026-08-04T07:10:44.070Z</time>
      </trkpt>
      <trkpt lat="50.893103" lon="12.894863">
        <ele>279.677145</ele>
        <time>2026-08-04T07:10:53.781Z</time>
      </trkpt>
      <trkpt lat="50.893222" lon="12.894968">
        <ele>279.808564</ele>
        <time>2026-08-04T07:10:55.603Z</time>
      </trkpt>
      <trkpt lat="50.893290" lon="12.895028">
        <ele>279.883660</ele>
        <time>2026-08-04T07:10:56.598Z</time>
      </trkpt>
      <trkpt lat="50.894479" lon="12.896071">
        <ele>280.092568</ele>
        <time>2026-08-04T07:11:17.679Z</time>
      </trkpt>
      <trkpt lat="50.895250" lon="12.896743">
        <ele>279.946678</ele>
        <time>2026-08-04T07:11:30.848Z</time>
      </trkpt>
      <trkpt lat="50.895683" lon="12.897216">
        <ele>279.651499</ele>
        <time>2026-08-04T07:11:37.684Z</time>
      </trkpt>
      <trkpt lat="50.896401" lon="12.898042">
        <ele>279.153515</ele>
        <time>2026-08-04T07:11:48.274Z</time>
      </trkpt>
      <trkpt lat="50.896525" lon="12.898187">
        <ele>279.145612</ele>
        <time>2026-08-04T07:11:50.347Z</time>
      </trkpt>
      <trkpt lat="50.897422" lon="12.899216">
        <ele>279.251715</ele>
        <time>2026-08-04T07:12:08.705Z</time>
      </trkpt>
      <trkpt lat="50.897816" lon="12.899525">
        <ele>279.293840</ele>
        <time>2026-08-04T07:12:15.529Z</time>
      </trkpt>
      <trkpt lat="50.898187" lon="12.899652">
        <ele>279.558372</ele>
        <time>2026-08-04T07:12:20.753Z</time>
      </trkpt>
      <trkpt lat="50.899426" lon="12.899688">
        <ele>280.820786</ele>
        <time>2026-08-04T07:12:41.842Z</time>
      </trkpt>
      <trkpt lat="50.900200" lon="12.900010">
        <ele>282.723740</ele>
        <time>2026-08-04T07:13:03.513Z</time>
      </trkpt>
      <trkpt lat="50.900391" lon="12.900057">
        <ele>283.351503</ele>
        <time>2026-08-04T07:13:09.396Z</time>
      </trkpt>
      <trkpt lat="50.901568" lon="12.899987">
        <ele>287.229831</ele>
        <time>2026-08-04T07:13:42.120Z</time>
      </trkpt>
      <trkpt lat="50.901906" lon="12.899924">
        <ele>288.633152</ele>
        <time>2026-08-04T07:13:53.115Z</time>
      </trkpt>
      <trkpt lat="50.902380" lon="12.899606">
        <ele>290.755405</ele>
        <time>2026-08-04T07:14:10.985Z</time>
      </trkpt>
      <trkpt lat="50.902580" lon="12.899546">
        <ele>291.594724</ele>
        <time>2026-08-04T07:14:18.123Z</time>
      </trkpt>
      <trkpt lat="50.902746" lon="12.899638">
        <ele>292.319820</ele>
        <time>2026-08-04T07:14:24.054Z</time>
      </trkpt>
      <trkpt lat="50.902867" lon="12.899846">
        <ele>293.055683</ele>
        <time>2026-08-04T07:14:29.980Z</time>
      </trkpt>
      <trkpt lat="50.902918" lon="12.900128">
        <ele>293.818553</ele>
        <time>2026-08-04T07:14:36.087Z</time>
      </trkpt>
      <trkpt lat="50.902923" lon="12.900557">
        <ele>294.214354</ele>
        <time>2026-08-04T07:14:44.751Z</time>
      </trkpt>
      <trkpt lat="50.902954" lon="12.901915">
        <ele>293.011779</ele>
        <time>2026-08-04T07:14:59.463Z</time>
      </trkpt>
      <trkpt lat="50.903127" lon="12.902827">
        <ele>292.168967</ele>
        <time>2026-08-04T07:15:05.266Z</time>
      </trkpt>
      <trkpt lat="50.903343" lon="12.903778">
        <ele>289.814022</ele>
        <time>2026-08-04T07:15:11.036Z</time>
      </trkpt>
      <trkpt lat="50.903398" lon="12.903881">
        <ele>289.403227</ele>
        <time>2026-08-04T07:15:11.812Z</time>
      </trkpt>
      <trkpt lat="50.903486" lon="12.903971">
        <ele>288.897820</ele>
        <time>2026-08-04T07:15:12.758Z</time>
      </trkpt>
      <trkpt lat="50.903617" lon="12.904023">
        <ele>288.246041</ele>
        <time>2026-08-04T07:15:14.006Z</time>
      </trkpt>
      <trkpt lat="50.903741" lon="12.904001">
        <ele>287.643822</ele>
        <time>2026-08-04T07:15:15.151Z</time>
      </trkpt>
      <trkpt lat="50.903877" lon="12.903894">
        <ele>286.911068</ele>
        <time>2026-08-04T07:15:16.567Z</time>
      </trkpt>
      <trkpt lat="50.904009" lon="12.903709">
        <ele>286.060801</ele>
        <time>2026-08-04T07:15:18.223Z</time>
      </trkpt>
      <trkpt lat="50.904081" lon="12.903514">
        <ele>285.373033</ele>
        <time>2026-08-04T07:15:19.574Z</time>
      </trkpt>
      <trkpt lat="50.904100" lon="12.903202">
        <ele>284.418987</ele>
        <time>2026-08-04T07:15:21.457Z</time>
      </trkpt>
      <trkpt lat="50.903969" lon="12.901439">
        <ele>281.689748</ele>
        <time>2026-08-04T07:15:33.996Z</time>
      </trkpt>
      <trkpt lat="50.903963" lon="12.901063">
        <ele>281.277941</ele>
        <time>2026-08-04T07:15:36.886Z</time>
      </trkpt>
      <trkpt lat="50.904010" lon="12.900726">
        <ele>280.900050</ele>
        <time>2026-08-04T07:15:39.503Z</time>
      </trkpt>
      <trkpt lat="50.904118" lon="12.900447">
        <ele>280.541620</ele>
        <time>2026-08-04T07:15:42.006Z</time>
      </trkpt>
      <trkpt lat="50.904261" lon="12.900171">
        <ele>280.150522</ele>
        <time>2026-08-04T07:15:44.654Z</time>
      </trkpt>
      <trkpt lat="50.904564" lon="12.899601">
        <ele>278.881578</ele>
        <time>2026-08-04T07:15:50.059Z</time>
      </trkpt>
      <trkpt lat="50.904761" lon="12.899343">
        <ele>278.164717</ele>
        <time>2026-08-04T07:15:52.697Z</time>
      </trkpt>
      <trkpt lat="50.904971" lon="12.899226">
        <ele>277.540206</ele>
        <time>2026-08-04T07:15:54.917Z</time>
      </trkpt>
      <trkpt lat="50.905332" lon="12.899143">
        <ele>276.516746</ele>
        <time>2026-08-04T07:15:58.544Z</time>
      </trkpt>
      <trkpt lat="50.905424" lon="12.899124">
        <ele>276.256439</ele>
        <time>2026-08-04T07:15:59.473Z</time>
      </trkpt>
      <trkpt lat="50.905650" lon="12.899087">
        <ele>275.618973</ele>
        <time>2026-08-04T07:16:01.768Z</time>
      </trkpt>
      <trkpt lat="50.905689" lon="12.899008">
        <ele>275.441462</ele>
        <time>2026-08-04T07:16:02.398Z</time>
      </trkpt>
      <trkpt lat="50.905888" lon="12.898963">
        <ele>274.944628</ele>
        <time>2026-08-04T07:16:04.406Z</time>
      </trkpt>
      <trkpt lat="50.906017" lon="12.898885">
        <ele>274.736391</ele>
        <time>2026-08-04T07:16:05.791Z</time>
      </trkpt>
      <trkpt lat="50.906368" lon="12.898427">
        <ele>274.050791</ele>
        <time>2026-08-04T07:16:10.432Z</time>
      </trkpt>
      <trkpt lat="50.906373" lon="12.898424">
        <ele>274.042728</ele>
        <time>2026-08-04T07:16:10.485Z</time>
      </trkpt>
      <trkpt lat="50.906507" lon="12.898322">
        <ele>273.818536</ele>
        <time>2026-08-04T07:16:12.047Z</time>
      </trkpt>
      <trkpt lat="50.906515" lon="12.898392">
        <ele>273.750873</ele>
        <time>2026-08-04T07:16:12.552Z</time>
      </trkpt>
      <trkpt lat="50.906767" lon="12.898391">
        <ele>273.370776</ele>
        <time>2026-08-04T07:16:15.434Z</time>
      </trkpt>
      <trkpt lat="50.909674" lon="12.898923">
        <ele>273.621476</ele>
        <time>2026-08-04T07:17:03.638Z</time>
      </trkpt>
      <trkpt lat="50.910359" lon="12.899043">
        <ele>274.393916</ele>
        <time>2026-08-04T07:17:20.273Z</time>
      </trkpt>
      <trkpt lat="50.911010" lon="12.899165">
        <ele>275.128654</ele>
        <time>2026-08-04T07:17:33.332Z</time>
      </trkpt>
      <trkpt lat="50.911399" lon="12.899233">
        <ele>274.552765</ele>
        <time>2026-08-04T07:17:38.809Z</time>
      </trkpt>
      <trkpt lat="50.912455" lon="12.899427">
        <ele>272.761865</ele>
        <time>2026-08-04T07:17:50.085Z</time>
      </trkpt>
      <trkpt lat="50.913595" lon="12.899638">
        <ele>271.033901</ele>
        <time>2026-08-04T07:18:02.355Z</time>
      </trkpt>
      <trkpt lat="50.913967" lon="12.899656">
        <ele>270.505798</ele>
        <time>2026-08-04T07:18:06.694Z</time>
      </trkpt>
      <trkpt lat="50.914212" lon="12.899663">
        <ele>270.158093</ele>
        <time>2026-08-04T07:18:09.720Z</time>
      </trkpt>
      <trkpt lat="50.914513" lon="12.899670">
        <ele>269.730936</ele>
        <time>2026-08-04T07:18:13.712Z</time>
      </trkpt>
      <trkpt lat="50.914718" lon="12.899665">
        <ele>269.587344</ele>
        <time>2026-08-04T07:18:16.730Z</time>
      </trkpt>
      <trkpt lat="50.914870" lon="12.899669">
        <ele>269.599238</ele>
        <time>2026-08-04T07:18:19.105Z</time>
      </trkpt>
      <trkpt lat="50.915231" lon="12.899667">
        <ele>269.627484</ele>
        <time>2026-08-04T07:18:25.156Z</time>
      </trkpt>
      <trkpt lat="50.915346" lon="12.899637">
        <ele>269.636602</ele>
        <time>2026-08-04T07:18:27.100Z</time>
      </trkpt>
      <trkpt lat="50.915419" lon="12.899607">
        <ele>269.642503</ele>
        <time>2026-08-04T07:18:28.360Z</time>
      </trkpt>
      <trkpt lat="50.915485" lon="12.899571">
        <ele>269.647964</ele>
        <time>2026-08-04T07:18:29.516Z</time>
      </trkpt>
      <trkpt lat="50.915870" lon="12.899209">
        <ele>269.682982</ele>
        <time>2026-08-04T07:18:37.437Z</time>
      </trkpt>
      <trkpt lat="50.916170" lon="12.898899">
        <ele>269.710996</ele>
        <time>2026-08-04T07:18:42.799Z</time>
      </trkpt>
      <trkpt lat="50.916508" lon="12.898551">
        <ele>269.483728</ele>
        <time>2026-08-04T07:18:47.894Z</time>
      </trkpt>
      <trkpt lat="50.916617" lon="12.898388">
        <ele>269.358508</ele>
        <time>2026-08-04T07:18:49.713Z</time>
      </trkpt>
      <trkpt lat="50.916698" lon="12.898206">
        <ele>269.241106</ele>
        <time>2026-08-04T07:18:51.401Z</time>
      </trkpt>
      <trkpt lat="50.916876" lon="12.897620">
        <ele>268.898317</ele>
        <time>2026-08-04T07:18:56.205Z</time>
      </trkpt>
      <trkpt lat="50.917025" lon="12.897031">
        <ele>268.563868</ele>
        <time>2026-08-04T07:19:00.955Z</time>
      </trkpt>
      <trkpt lat="50.917035" lon="12.896970">
        <ele>268.530653</ele>
        <time>2026-08-04T07:19:01.424Z</time>
      </trkpt>
      <trkpt lat="50.917057" lon="12.896817">
        <ele>268.447954</ele>
        <time>2026-08-04T07:19:02.636Z</time>
      </trkpt>
      <trkpt lat="50.917056" lon="12.896542">
        <ele>268.303032</ele>
        <time>2026-08-04T07:19:04.705Z</time>
      </trkpt>
      <trkpt lat="50.917020" lon="12.896261">
        <ele>268.192527</ele>
        <time>2026-08-04T07:19:07.067Z</time>
      </trkpt>
      <trkpt lat="50.916848" lon="12.895632">
        <ele>268.056978</ele>
        <time>2026-08-04T07:19:14.008Z</time>
      </trkpt>
      <trkpt lat="50.916775" lon="12.895195">
        <ele>267.967601</ele>
        <time>2026-08-04T07:19:18.442Z</time>
      </trkpt>
      <trkpt lat="50.916770" lon="12.894911">
        <ele>267.911432</ele>
        <time>2026-08-04T07:19:21.100Z</time>
      </trkpt>
      <trkpt lat="50.916810" lon="12.894440">
        <ele>267.817472</ele>
        <time>2026-08-04T07:19:25.366Z</time>
      </trkpt>
      <trkpt lat="50.916853" lon="12.893872">
        <ele>267.704371</ele>
        <time>2026-08-04T07:19:30.141Z</time>
      </trkpt>
      <trkpt lat="50.916853" lon="12.893870">
        <ele>267.703975</ele>
        <time>2026-08-04T07:19:30.156Z</time>
      </trkpt>
      <trkpt lat="50.916852" lon="12.893346">
        <ele>267.537465</ele>
        <time>2026-08-04T07:19:34.335Z</time>
      </trkpt>
      <trkpt lat="50.916811" lon="12.892882">
        <ele>267.333807</ele>
        <time>2026-08-04T07:19:37.898Z</time>
      </trkpt>
      <trkpt lat="50.916755" lon="12.892543">
        <ele>267.181479</ele>
        <time>2026-08-04T07:19:40.478Z</time>
      </trkpt>
      <trkpt lat="50.916441" lon="12.890948">
        <ele>266.455163</ele>
        <time>2026-08-04T07:19:54.184Z</time>
      </trkpt>
      <trkpt lat="50.916326" lon="12.890169">
        <ele>266.321773</ele>
        <time>2026-08-04T07:20:01.269Z</time>
      </trkpt>
      <trkpt lat="50.916233" lon="12.889243">
        <ele>266.200318</ele>
        <time>2026-08-04T07:20:09.345Z</time>
      </trkpt>
      <trkpt lat="50.915964" lon="12.886334">
        <ele>266.459615</ele>
        <time>2026-08-04T07:20:36.873Z</time>
      </trkpt>
      <trkpt lat="50.915991" lon="12.885933">
        <ele>266.556821</ele>
        <time>2026-08-04T07:20:41.450Z</time>
      </trkpt>
      <trkpt lat="50.916037" lon="12.885706">
        <ele>266.614294</ele>
        <time>2026-08-04T07:20:44.271Z</time>
      </trkpt>
      <trkpt lat="50.916512" lon="12.883918">
        <ele>267.055724</ele>
        <time>2026-08-04T07:21:07.279Z</time>
      </trkpt>
      <trkpt lat="50.917130" lon="12.881612">
        <ele>266.907371</ele>
        <time>2026-08-04T07:21:29.235Z</time>
      </trkpt>
      <trkpt lat="50.917251" lon="12.881087">
        <ele>266.675671</ele>
        <time>2026-08-04T07:21:33.503Z</time>
      </trkpt>
      <trkpt lat="50.917382" lon="12.880110">
        <ele>266.261645</ele>
        <time>2026-08-04T07:21:41.037Z</time>
      </trkpt>
      <trkpt lat="50.917729" lon="12.877111">
        <ele>265.659525</ele>
        <time>2026-08-04T07:22:07.103Z</time>
      </trkpt>
      <trkpt lat="50.917753" lon="12.876921">
        <ele>265.656996</ele>
        <time>2026-08-04T07:22:09.424Z</time>
      </trkpt>
      <trkpt lat="50.917807" lon="12.876134">
        <ele>265.646662</ele>
        <time>2026-08-04T07:22:18.559Z</time>
      </trkpt>
      <trkpt lat="50.917775" lon="12.875460">
        <ele>265.637839</ele>
        <time>2026-08-04T07:22:26.021Z</time>
      </trkpt>
      <trkpt lat="50.917763" lon="12.875362">
        <ele>265.636536</ele>
        <time>2026-08-04T07:22:27.075Z</time>
      </trkpt>
      <trkpt lat="50.917405" lon="12.873435">
        <ele>265.029496</ele>
        <time>2026-08-04T07:22:43.014Z</time>
      </trkpt>
      <trkpt lat="50.917257" lon="12.872914">
        <ele>264.664090</ele>
        <time>2026-08-04T07:22:47.090Z</time>
      </trkpt>
      <trkpt lat="50.915886" lon="12.869698">
        <ele>262.918903</ele>
        <time>2026-08-04T07:23:17.240Z</time>
      </trkpt>
      <trkpt lat="50.915766" lon="12.869400">
        <ele>262.824380</ele>
        <time>2026-08-04T07:23:21.230Z</time>
      </trkpt>
      <trkpt lat="50.915623" lon="12.868909">
        <ele>263.174182</ele>
        <time>2026-08-04T07:23:27.866Z</time>
      </trkpt>
      <trkpt lat="50.915508" lon="12.868121">
        <ele>263.697301</ele>
        <time>2026-08-04T07:23:38.309Z</time>
      </trkpt>
      <trkpt lat="50.915507" lon="12.867492">
        <ele>264.104112</ele>
        <time>2026-08-04T07:23:46.792Z</time>
      </trkpt>
      <trkpt lat="50.915544" lon="12.867149">
        <ele>264.329174</ele>
        <time>2026-08-04T07:23:51.210Z</time>
      </trkpt>
      <trkpt lat="50.915596" lon="12.866903">
        <ele>264.496980</ele>
        <time>2026-08-04T07:23:54.320Z</time>
      </trkpt>
      <trkpt lat="50.915770" lon="12.866427">
        <ele>264.741349</ele>
        <time>2026-08-04T07:24:00.491Z</time>
      </trkpt>
      <trkpt lat="50.915923" lon="12.866169">
        <ele>264.843896</ele>
        <time>2026-08-04T07:24:04.174Z</time>
      </trkpt>
      <trkpt lat="50.916556" lon="12.865314">
        <ele>265.225695</ele>
        <time>2026-08-04T07:24:17.781Z</time>
      </trkpt>
      <trkpt lat="50.916705" lon="12.865078">
        <ele>265.322390</ele>
        <time>2026-08-04T07:24:21.322Z</time>
      </trkpt>
      <trkpt lat="50.917121" lon="12.864166">
        <ele>265.403475</ele>
        <time>2026-08-04T07:24:32.360Z</time>
      </trkpt>
      <trkpt lat="50.917210" lon="12.863765">
        <ele>265.350688</ele>
        <time>2026-08-04T07:24:36.024Z</time>
      </trkpt>
      <trkpt lat="50.917232" lon="12.863050">
        <ele>265.261801</ele>
        <time>2026-08-04T07:24:42.100Z</time>
      </trkpt>
      <trkpt lat="50.917207" lon="12.862552">
        <ele>265.199769</ele>
        <time>2026-08-04T07:24:46.327Z</time>
      </trkpt>
      <trkpt lat="50.917115" lon="12.862064">
        <ele>265.136523</ele>
        <time>2026-08-04T07:24:50.761Z</time>
      </trkpt>
      <trkpt lat="50.916915" lon="12.861306">
        <ele>265.059364</ele>
        <time>2026-08-04T07:24:58.138Z</time>
      </trkpt>
      <trkpt lat="50.916743" lon="12.860845">
        <ele>265.011603</ele>
        <time>2026-08-04T07:25:03.133Z</time>
      </trkpt>
      <trkpt lat="50.916519" lon="12.860350">
        <ele>264.957276</ele>
        <time>2026-08-04T07:25:09.095Z</time>
      </trkpt>
      <trkpt lat="50.916343" lon="12.860056">
        <ele>264.921128</ele>
        <time>2026-08-04T07:25:12.922Z</time>
      </trkpt>
      <trkpt lat="50.915792" lon="12.859557">
        <ele>264.563500</ele>
        <time>2026-08-04T07:25:21.491Z</time>
      </trkpt>
      <trkpt lat="50.915669" lon="12.859329">
        <ele>264.342693</ele>
        <time>2026-08-04T07:25:23.893Z</time>
      </trkpt>
      <trkpt lat="50.915583" lon="12.858859">
        <ele>263.982578</ele>
        <time>2026-08-04T07:25:27.817Z</time>
      </trkpt>
      <trkpt lat="50.915549" lon="12.858433">
        <ele>263.666610</ele>
        <time>2026-08-04T07:25:31.271Z</time>
      </trkpt>
      <trkpt lat="50.915553" lon="12.858165">
        <ele>263.469350</ele>
        <time>2026-08-04T07:25:33.294Z</time>
      </trkpt>
      <trkpt lat="50.915608" lon="12.857862">
        <ele>263.237334</ele>
        <time>2026-08-04T07:25:35.508Z</time>
      </trkpt>
      <trkpt lat="50.915692" lon="12.857593">
        <ele>263.016445</ele>
        <time>2026-08-04T07:25:37.572Z</time>
      </trkpt>
      <trkpt lat="50.915873" lon="12.857205">
        <ele>262.619101</ele>
        <time>2026-08-04T07:25:40.850Z</time>
      </trkpt>
      <trkpt lat="50.915986" lon="12.857021">
        <ele>262.356121</ele>
        <time>2026-08-04T07:25:42.580Z</time>
      </trkpt>
      <trkpt lat="50.916142" lon="12.856836">
        <ele>262.039819</ele>
        <time>2026-08-04T07:25:44.656Z</time>
      </trkpt>
      <trkpt lat="50.916346" lon="12.856656">
        <ele>261.660740</ele>
        <time>2026-08-04T07:25:47.177Z</time>
      </trkpt>
      <trkpt lat="50.916511" lon="12.856560">
        <ele>261.375342</ele>
        <time>2026-08-04T07:25:49.092Z</time>
      </trkpt>
      <trkpt lat="50.916663" lon="12.856510">
        <ele>261.123259</ele>
        <time>2026-08-04T07:25:50.774Z</time>
      </trkpt>
      <trkpt lat="50.917013" lon="12.856396">
        <ele>260.543040</ele>
        <time>2026-08-04T07:25:54.730Z</time>
      </trkpt>
      <trkpt lat="50.917416" lon="12.856362">
        <ele>259.887689</ele>
        <time>2026-08-04T07:25:59.855Z</time>
      </trkpt>
      <trkpt lat="50.917628" lon="12.856424">
        <ele>259.717836</ele>
        <time>2026-08-04T07:26:03.205Z</time>
      </trkpt>
      <trkpt lat="50.917752" lon="12.856504">
        <ele>259.626556</ele>
        <time>2026-08-04T07:26:05.322Z</time>
      </trkpt>
      <trkpt lat="50.918297" lon="12.856941">
        <ele>259.210146</ele>
        <time>2026-08-04T07:26:14.623Z</time>
      </trkpt>
      <trkpt lat="50.919045" lon="12.857543">
        <ele>258.638202</ele>
        <time>2026-08-04T07:26:25.023Z</time>
      </trkpt>
      <trkpt lat="50.919185" lon="12.857647">
        <ele>258.386169</ele>
        <time>2026-08-04T07:26:26.741Z</time>
      </trkpt>
      <trkpt lat="50.919279" lon="12.857721">
        <ele>258.196771</ele>
        <time>2026-08-04T07:26:27.883Z</time>
      </trkpt>
      <trkpt lat="50.919461" lon="12.857854">
        <ele>257.835111</ele>
        <time>2026-08-04T07:26:30.029Z</time>
      </trkpt>
      <trkpt lat="50.919825" lon="12.857993">
        <ele>257.159384</ele>
        <time>2026-08-04T07:26:34.049Z</time>
      </trkpt>
      <trkpt lat="50.921216" lon="12.858056">
        <ele>254.901792</ele>
        <time>2026-08-04T07:26:49.641Z</time>
      </trkpt>
      <trkpt lat="50.921490" lon="12.858006">
        <ele>254.577717</ele>
        <time>2026-08-04T07:26:52.703Z</time>
      </trkpt>
      <trkpt lat="50.921631" lon="12.857945">
        <ele>254.405990</ele>
        <time>2026-08-04T07:26:54.366Z</time>
      </trkpt>
      <trkpt lat="50.921985" lon="12.857709">
        <ele>253.954798</ele>
        <time>2026-08-04T07:26:58.896Z</time>
      </trkpt>
      <trkpt lat="50.922424" lon="12.857358">
        <ele>253.377155</ele>
        <time>2026-08-04T07:27:05.202Z</time>
      </trkpt>
      <trkpt lat="50.923839" lon="12.856198">
        <ele>252.957970</ele>
        <time>2026-08-04T07:27:29.639Z</time>
      </trkpt>
      <trkpt lat="50.924423" lon="12.855720">
        <ele>252.699456</ele>
        <time>2026-08-04T07:27:37.855Z</time>
      </trkpt>
      <trkpt lat="50.924426" lon="12.855718">
        <ele>252.697644</ele>
        <time>2026-08-04T07:27:37.898Z</time>
      </trkpt>
      <trkpt lat="50.924612" lon="12.855531">
        <ele>252.575073</ele>
        <time>2026-08-04T07:27:40.490Z</time>
      </trkpt>
      <trkpt lat="50.925271" lon="12.854710">
        <ele>252.108674</ele>
        <time>2026-08-04T07:27:50.667Z</time>
      </trkpt>
      <trkpt lat="50.925623" lon="12.854249">
        <ele>252.009248</ele>
        <time>2026-08-04T07:27:57.547Z</time>
      </trkpt>
      <trkpt lat="50.925702" lon="12.854146">
        <ele>252.170238</ele>
        <time>2026-08-04T07:27:59.337Z</time>
      </trkpt>
      <trkpt lat="50.925804" lon="12.854294">
        <ele>252.387863</ele>
        <time>2026-08-04T07:28:02.623Z</time>
      </trkpt>
      <trkpt lat="50.926012" lon="12.854622">
        <ele>252.849588</ele>
        <time>2026-08-04T07:28:10.223Z</time>
      </trkpt>
      <trkpt lat="50.926192" lon="12.854905">
        <ele>253.248566</ele>
        <time>2026-08-04T07:28:17.228Z</time>
      </trkpt>
      <trkpt lat="50.926393" lon="12.855228">
        <ele>253.698996</ele>
        <time>2026-08-04T07:28:25.343Z</time>
      </trkpt>
      <trkpt lat="50.926683" lon="12.855690">
        <ele>254.346035</ele>
        <time>2026-08-04T07:28:37.376Z</time>
      </trkpt>
      <trkpt lat="50.926835" lon="12.855921">
        <ele>254.677422</ele>
        <time>2026-08-04T07:28:42.414Z</time>
      </trkpt>
      <trkpt lat="50.927065" lon="12.856281">
        <ele>255.229884</ele>
        <time>2026-08-04T07:28:50.118Z</time>
      </trkpt>
      <trkpt lat="50.927197" lon="12.856486">
        <ele>255.548422</ele>
        <time>2026-08-04T07:28:54.475Z</time>
      </trkpt>
      <trkpt lat="50.927230" lon="12.856540">
        <ele>255.630175</ele>
        <time>2026-08-04T07:28:55.592Z</time>
      </trkpt>
      <trkpt lat="50.927745" lon="12.857364">
        <ele>256.891486</ele>
        <time>2026-08-04T07:29:11.342Z</time>
      </trkpt>
      <trkpt lat="50.928035" lon="12.857863">
        <ele>257.629235</ele>
        <time>2026-08-04T07:29:20.095Z</time>
      </trkpt>
      <trkpt lat="50.928335" lon="12.858563">
        <ele>258.395494</ele>
        <time>2026-08-04T07:29:30.618Z</time>
      </trkpt>
      <trkpt lat="50.928544" lon="12.859334">
        <ele>259.113066</ele>
        <time>2026-08-04T07:29:41.378Z</time>
      </trkpt>
      <trkpt lat="50.928624" lon="12.859761">
        <ele>259.493930</ele>
        <time>2026-08-04T07:29:47.266Z</time>
      </trkpt>
      <trkpt lat="50.928647" lon="12.859886">
        <ele>259.605263</ele>
        <time>2026-08-04T07:29:49.478Z</time>
      </trkpt>
      <trkpt lat="50.928715" lon="12.860242">
        <ele>259.923306</ele>
        <time>2026-08-04T07:29:55.863Z</time>
      </trkpt>
      <trkpt lat="50.929030" lon="12.861912">
        <ele>260.582887</ele>
        <time>2026-08-04T07:30:22.692Z</time>
      </trkpt>
      <trkpt lat="50.929314" lon="12.863471">
        <ele>260.934700</ele>
        <time>2026-08-04T07:30:42.355Z</time>
      </trkpt>
      <trkpt lat="50.929556" lon="12.864768">
        <ele>260.888674</ele>
        <time>2026-08-04T07:30:58.059Z</time>
      </trkpt>
      <trkpt lat="50.929734" lon="12.865690">
        <ele>260.855863</ele>
        <time>2026-08-04T07:31:10.633Z</time>
      </trkpt>
      <trkpt lat="50.929942" lon="12.866696">
        <ele>261.239937</ele>
        <time>2026-08-04T07:31:25.942Z</time>
      </trkpt>
      <trkpt lat="50.930040" lon="12.867146">
        <ele>261.540886</ele>
        <time>2026-08-04T07:31:33.309Z</time>
      </trkpt>
      <trkpt lat="50.930256" lon="12.868052">
        <ele>262.153174</ele>
        <time>2026-08-04T07:31:48.858Z</time>
      </trkpt>
      <trkpt lat="50.930605" lon="12.869495">
        <ele>263.316077</ele>
        <time>2026-08-04T07:32:12.883Z</time>
      </trkpt>
      <trkpt lat="50.931124" lon="12.871604">
        <ele>265.557051</ele>
        <time>2026-08-04T07:32:40.243Z</time>
      </trkpt>
      <trkpt lat="50.931412" lon="12.872806">
        <ele>268.574030</ele>
        <time>2026-08-04T07:33:04.588Z</time>
      </trkpt>
      <trkpt lat="50.931686" lon="12.874152">
        <ele>271.875067</ele>
        <time>2026-08-04T07:33:35.659Z</time>
      </trkpt>
      <trkpt lat="50.931897" lon="12.875472">
        <ele>274.078544</ele>
        <time>2026-08-04T07:33:59.274Z</time>
      </trkpt>
      <trkpt lat="50.932059" lon="12.876401">
        <ele>275.638201</ele>
        <time>2026-08-04T07:34:12.241Z</time>
      </trkpt>
      <trkpt lat="50.932184" lon="12.876838">
        <ele>276.414710</ele>
        <time>2026-08-04T07:34:18.493Z</time>
      </trkpt>
      <trkpt lat="50.932325" lon="12.877262">
        <ele>276.935131</ele>
        <time>2026-08-04T07:34:24.485Z</time>
      </trkpt>
      <trkpt lat="50.932535" lon="12.877699">
        <ele>277.516092</ele>
        <time>2026-08-04T07:34:31.743Z</time>
      </trkpt>
      <trkpt lat="50.932949" lon="12.878302">
        <ele>278.458766</ele>
        <time>2026-08-04T07:34:44.508Z</time>
      </trkpt>
      <trkpt lat="50.934260" lon="12.879764">
        <ele>281.097003</ele>
        <time>2026-08-04T07:35:18.557Z</time>
      </trkpt>
      <trkpt lat="50.934370" lon="12.879886">
        <ele>281.315453</ele>
        <time>2026-08-04T07:35:21.445Z</time>
      </trkpt>
      <trkpt lat="50.935195" lon="12.880800">
        <ele>282.573761</ele>
        <time>2026-08-04T07:35:43.389Z</time>
      </trkpt>
      <trkpt lat="50.935554" lon="12.881171">
        <ele>282.793888</ele>
        <time>2026-08-04T07:35:51.832Z</time>
      </trkpt>
      <trkpt lat="50.935814" lon="12.881357">
        <ele>282.940426</ele>
        <time>2026-08-04T07:35:56.889Z</time>
      </trkpt>
      <trkpt lat="50.936117" lon="12.881518">
        <ele>283.104606</ele>
        <time>2026-08-04T07:36:01.901Z</time>
      </trkpt>
      <trkpt lat="50.936229" lon="12.881576">
        <ele>283.165140</ele>
        <time>2026-08-04T07:36:03.516Z</time>
      </trkpt>
      <trkpt lat="50.936390" lon="12.881675">
        <ele>283.253857</ele>
        <time>2026-08-04T07:36:05.769Z</time>
      </trkpt>
      <trkpt lat="50.936570" lon="12.881822">
        <ele>283.279843</ele>
        <time>2026-08-04T07:36:08.266Z</time>
      </trkpt>
      <trkpt lat="50.936762" lon="12.882036">
        <ele>283.131571</ele>
        <time>2026-08-04T07:36:10.996Z</time>
      </trkpt>
      <trkpt lat="50.936818" lon="12.882120">
        <ele>283.082875</ele>
        <time>2026-08-04T07:36:11.868Z</time>
      </trkpt>
      <trkpt lat="50.937039" lon="12.882517">
        <ele>282.871925</ele>
        <time>2026-08-04T07:36:15.577Z</time>
      </trkpt>
      <trkpt lat="50.937551" lon="12.883627">
        <ele>282.324128</ele>
        <time>2026-08-04T07:36:26.366Z</time>
      </trkpt>
      <trkpt lat="50.938191" lon="12.885029">
        <ele>283.530016</ele>
        <time>2026-08-04T07:36:47.457Z</time>
      </trkpt>
      <trkpt lat="50.938954" lon="12.886690">
        <ele>285.763766</ele>
        <time>2026-08-04T07:37:18.345Z</time>
      </trkpt>
      <trkpt lat="50.939830" lon="12.888599">
        <ele>289.039851</ele>
        <time>2026-08-04T07:37:52.156Z</time>
      </trkpt>
      <trkpt lat="50.940232" lon="12.889478">
        <ele>290.772878</ele>
        <time>2026-08-04T07:38:10.988Z</time>
      </trkpt>
      <trkpt lat="50.940416" lon="12.889828">
        <ele>291.500183</ele>
        <time>2026-08-04T07:38:19.149Z</time>
      </trkpt>
      <trkpt lat="50.940605" lon="12.890066">
        <ele>292.111133</ele>
        <time>2026-08-04T07:38:25.876Z</time>
      </trkpt>
      <trkpt lat="50.941045" lon="12.890403">
        <ele>293.348274</ele>
        <time>2026-08-04T07:38:37.496Z</time>
      </trkpt>
      <trkpt lat="50.941175" lon="12.890520">
        <ele>293.491247</ele>
        <time>2026-08-04T07:38:40.450Z</time>
      </trkpt>
      <trkpt lat="50.941550" lon="12.890934">
        <ele>293.679729</ele>
        <time>2026-08-04T07:38:48.151Z</time>
      </trkpt>
      <trkpt lat="50.941855" lon="12.891423">
        <ele>293.858614</ele>
        <time>2026-08-04T07:38:54.332Z</time>
      </trkpt>
      <trkpt lat="50.942005" lon="12.891723">
        <ele>293.958182</ele>
        <time>2026-08-04T07:38:57.690Z</time>
      </trkpt>
      <trkpt lat="50.942164" lon="12.892143">
        <ele>294.085567</ele>
        <time>2026-08-04T07:39:02.044Z</time>
      </trkpt>
      <trkpt lat="50.942288" lon="12.892585">
        <ele>294.226622</ele>
        <time>2026-08-04T07:39:06.659Z</time>
      </trkpt>
      <trkpt lat="50.942807" lon="12.894792">
        <ele>295.231668</ele>
        <time>2026-08-04T07:39:33.365Z</time>
      </trkpt>
      <trkpt lat="50.943071" lon="12.895943">
        <ele>295.915327</ele>
        <time>2026-08-04T07:39:47.404Z</time>
      </trkpt>
      <trkpt lat="50.943222" lon="12.896525">
        <ele>296.307846</ele>
        <time>2026-08-04T07:39:54.546Z</time>
      </trkpt>
      <trkpt lat="50.943259" lon="12.896662">
        <ele>296.400800</ele>
        <time>2026-08-04T07:39:56.212Z</time>
      </trkpt>
      <trkpt lat="50.943328" lon="12.896864">
        <ele>296.544094</ele>
        <time>2026-08-04T07:39:58.853Z</time>
      </trkpt>
      <trkpt lat="50.943403" lon="12.897073">
        <ele>296.694089</ele>
        <time>2026-08-04T07:40:01.728Z</time>
      </trkpt>
      <trkpt lat="50.943445" lon="12.897067">
        <ele>296.735826</ele>
        <time>2026-08-04T07:40:02.595Z</time>
      </trkpt>
      <trkpt lat="50.945331" lon="12.900589">
        <ele>300.398289</ele>
        <time>2026-08-04T07:41:00.549Z</time>
      </trkpt>
      <trkpt lat="50.945795" lon="12.901410">
        <ele>301.379445</ele>
        <time>2026-08-04T07:41:15.309Z</time>
      </trkpt>
      <trkpt lat="50.946267" lon="12.902242">
        <ele>302.333098</ele>
        <time>2026-08-04T07:41:29.842Z</time>
      </trkpt>
      <trkpt lat="50.946379" lon="12.902360">
        <ele>302.501093</ele>
        <time>2026-08-04T07:41:32.559Z</time>
      </trkpt>
      <trkpt lat="50.946737" lon="12.903108">
        <ele>303.240697</ele>
        <time>2026-08-04T07:41:44.200Z</time>
      </trkpt>
      <trkpt lat="50.952365" lon="12.913396">
        <ele>313.401405</ele>
        <time>2026-08-04T07:44:31.743Z</time>
      </trkpt>
      <trkpt lat="50.952987" lon="12.914605">
        <ele>314.563622</ele>
        <time>2026-08-04T07:44:51.044Z</time>
      </trkpt>
      <trkpt lat="50.953873" lon="12.916213">
        <ele>316.326862</ele>
        <time>2026-08-04T07:45:17.919Z</time>
      </trkpt>
      <trkpt lat="50.954459" lon="12.917100">
        <ele>317.283624</ele>
        <time>2026-08-04T07:45:34.886Z</time>
      </trkpt>
      <trkpt lat="50.954809" lon="12.917543">
        <ele>317.408432</ele>
        <time>2026-08-04T07:45:43.465Z</time>
      </trkpt>
      <trkpt lat="50.954855" lon="12.917544">
        <ele>317.421259</ele>
        <time>2026-08-04T07:45:44.292Z</time>
      </trkpt>
      <trkpt lat="50.954925" lon="12.917641">
        <ele>317.447166</ele>
        <time>2026-08-04T07:45:45.957Z</time>
      </trkpt>
      <trkpt lat="50.954868" lon="12.917759">
        <ele>317.473283</ele>
        <time>2026-08-04T07:45:47.572Z</time>
      </trkpt>
      <trkpt lat="50.955010" lon="12.917950">
        <ele>317.525177</ele>
        <time>2026-08-04T07:45:50.674Z</time>
      </trkpt>
      <trkpt lat="50.955467" lon="12.918523">
        <ele>317.687547</ele>
        <time>2026-08-04T07:45:59.264Z</time>
      </trkpt>
      <trkpt lat="50.955579" lon="12.918656">
        <ele>317.726545</ele>
        <time>2026-08-04T07:46:01.054Z</time>
      </trkpt>
      <trkpt lat="50.956025" lon="12.919250">
        <ele>317.093905</ele>
        <time>2026-08-04T07:46:07.838Z</time>
      </trkpt>
      <trkpt lat="50.956061" lon="12.919303">
        <ele>317.028172</ele>
        <time>2026-08-04T07:46:08.393Z</time>
      </trkpt>
      <trkpt lat="50.956283" lon="12.919657">
        <ele>316.606903</ele>
        <time>2026-08-04T07:46:11.912Z</time>
      </trkpt>
      <trkpt lat="50.956319" lon="12.919718">
        <ele>316.536409</ele>
        <time>2026-08-04T07:46:12.503Z</time>
      </trkpt>
      <trkpt lat="50.956525" lon="12.920146">
        <ele>316.082154</ele>
        <time>2026-08-04T07:46:16.389Z</time>
      </trkpt>
      <trkpt lat="50.956783" lon="12.920809">
        <ele>315.424933</ele>
        <time>2026-08-04T07:46:22.044Z</time>
      </trkpt>
      <trkpt lat="50.956951" lon="12.921369">
        <ele>315.323891</ele>
        <time>2026-08-04T07:46:26.552Z</time>
      </trkpt>
      <trkpt lat="50.956205" lon="12.921774">
        <ele>315.276379</ele>
        <time>2026-08-04T07:46:36.960Z</time>
      </trkpt>
      <trkpt lat="50.956001" lon="12.921956">
        <ele>315.262277</ele>
        <time>2026-08-04T07:46:40.797Z</time>
      </trkpt>
      <trkpt lat="50.955666" lon="12.922445">
        <ele>315.263470</ele>
        <time>2026-08-04T07:46:49.378Z</time>
      </trkpt>
      <trkpt lat="50.955235" lon="12.922668">
        <ele>316.682756</ele>
        <time>2026-08-04T07:46:59.796Z</time>
      </trkpt>
      <trkpt lat="50.953855" lon="12.923861">
        <ele>321.579477</ele>
        <time>2026-08-04T07:47:46.968Z</time>
      </trkpt>
      <trkpt lat="50.952960" lon="12.924731">
        <ele>324.762253</ele>
        <time>2026-08-04T07:48:17.521Z</time>
      </trkpt>
      <trkpt lat="50.952483" lon="12.925139">
        <ele>326.341127</ele>
        <time>2026-08-04T07:48:30.616Z</time>
      </trkpt>
      <trkpt lat="50.951405" lon="12.925965">
        <ele>327.185969</ele>
        <time>2026-08-04T07:48:51.677Z</time>
      </trkpt>
      <trkpt lat="50.950428" lon="12.926801">
        <ele>327.921407</ele>
        <time>2026-08-04T07:49:08.021Z</time>
      </trkpt>
      <trkpt lat="50.950315" lon="12.926864">
        <ele>327.995227</ele>
        <time>2026-08-04T07:49:09.939Z</time>
      </trkpt>
      <trkpt lat="50.950170" lon="12.926855">
        <ele>328.084669</ele>
        <time>2026-08-04T07:49:12.343Z</time>
      </trkpt>
      <trkpt lat="50.950169" lon="12.926855">
        <ele>328.085285</ele>
        <time>2026-08-04T07:49:12.365Z</time>
      </trkpt>
      <trkpt lat="50.949959" lon="12.926756">
        <ele>328.220310</ele>
        <time>2026-08-04T07:49:16.192Z</time>
      </trkpt>
      <trkpt lat="50.949479" lon="12.926433">
        <ele>328.541654</ele>
        <time>2026-08-04T07:49:26.036Z</time>
      </trkpt>
      <trkpt lat="50.948335" lon="12.925800">
        <ele>329.386811</ele>
        <time>2026-08-04T07:49:49.610Z</time>
      </trkpt>
      <trkpt lat="50.948049" lon="12.925600">
        <ele>329.611645</ele>
        <time>2026-08-04T07:49:54.998Z</time>
      </trkpt>
      <trkpt lat="50.947627" lon="12.925192">
        <ele>329.967123</ele>
        <time>2026-08-04T07:50:03.021Z</time>
      </trkpt>
      <trkpt lat="50.947507" lon="12.925120">
        <ele>329.909470</ele>
        <time>2026-08-04T07:50:05.013Z</time>
      </trkpt>
      <trkpt lat="50.947313" lon="12.925125">
        <ele>329.730843</ele>
        <time>2026-08-04T07:50:07.947Z</time>
      </trkpt>
      <trkpt lat="50.946129" lon="12.925431">
        <ele>328.626454</ele>
        <time>2026-08-04T07:50:22.824Z</time>
      </trkpt>
      <trkpt lat="50.944646" lon="12.925691">
        <ele>327.174771</ele>
        <time>2026-08-04T07:50:39.113Z</time>
      </trkpt>
      <trkpt lat="50.944517" lon="12.925700">
        <ele>327.047340</ele>
        <time>2026-08-04T07:50:40.773Z</time>
      </trkpt>
      <trkpt lat="50.944297" lon="12.925611">
        <ele>326.823282</ele>
        <time>2026-08-04T07:50:44.179Z</time>
      </trkpt>
      <trkpt lat="50.944226" lon="12.925577">
        <ele>326.750093</ele>
        <time>2026-08-04T07:50:45.455Z</time>
      </trkpt>
      <trkpt lat="50.944133" lon="12.925582">
        <ele>326.658259</ele>
        <time>2026-08-04T07:50:47.143Z</time>
      </trkpt>
      <trkpt lat="50.943667" lon="12.925792">
        <ele>327.360877</ele>
        <time>2026-08-04T07:50:57.495Z</time>
      </trkpt>
      <trkpt lat="50.943594" lon="12.925859">
        <ele>327.534547</ele>
        <time>2026-08-04T07:50:59.567Z</time>
      </trkpt>
      <trkpt lat="50.943467" lon="12.926067">
        <ele>327.910392</ele>
        <time>2026-08-04T07:51:04.261Z</time>
      </trkpt>
      <trkpt lat="50.943283" lon="12.926234">
        <ele>328.346921</ele>
        <time>2026-08-04T07:51:09.973Z</time>
      </trkpt>
      <trkpt lat="50.942682" lon="12.926515">
        <ele>329.637250</ele>
        <time>2026-08-04T07:51:26.615Z</time>
      </trkpt>
      <trkpt lat="50.942359" lon="12.926795">
        <ele>330.213329</ele>
        <time>2026-08-04T07:51:35.358Z</time>
      </trkpt>
      <trkpt lat="50.942191" lon="12.927015">
        <ele>330.025990</ele>
        <time>2026-08-04T07:51:39.738Z</time>
      </trkpt>
      <trkpt lat="50.941726" lon="12.928011">
        <ele>329.354170</ele>
        <time>2026-08-04T07:51:50.651Z</time>
      </trkpt>
      <trkpt lat="50.941419" lon="12.928567">
        <ele>328.953511</ele>
        <time>2026-08-04T07:51:55.669Z</time>
      </trkpt>
      <trkpt lat="50.941225" lon="12.928857">
        <ele>328.724283</ele>
        <time>2026-08-04T07:51:58.360Z</time>
      </trkpt>
      <trkpt lat="50.940706" lon="12.929455">
        <ele>326.812269</ele>
        <time>2026-08-04T07:52:04.636Z</time>
      </trkpt>
      <trkpt lat="50.940401" lon="12.929737">
        <ele>325.753926</ele>
        <time>2026-08-04T07:52:08.121Z</time>
      </trkpt>
      <trkpt lat="50.940021" lon="12.930023">
        <ele>324.492960</ele>
        <time>2026-08-04T07:52:12.399Z</time>
      </trkpt>
      <trkpt lat="50.938958" lon="12.930730">
        <ele>322.580295</ele>
        <time>2026-08-04T07:52:25.554Z</time>
      </trkpt>
      <trkpt lat="50.937765" lon="12.931401">
        <ele>321.626611</ele>
        <time>2026-08-04T07:52:42.335Z</time>
      </trkpt>
      <trkpt lat="50.936767" lon="12.931895">
        <ele>321.890637</ele>
        <time>2026-08-04T07:52:58.054Z</time>
      </trkpt>
      <trkpt lat="50.936510" lon="12.932065">
        <ele>321.960957</ele>
        <time>2026-08-04T07:53:02.853Z</time>
      </trkpt>
      <trkpt lat="50.935149" lon="12.933118">
        <ele>323.845310</ele>
        <time>2026-08-04T07:53:33.205Z</time>
      </trkpt>
      <trkpt lat="50.935073" lon="12.933221">
        <ele>323.988735</ele>
        <time>2026-08-04T07:53:35.401Z</time>
      </trkpt>
      <trkpt lat="50.934563" lon="12.935590">
        <ele>325.895867</ele>
        <time>2026-08-04T07:54:10.689Z</time>
      </trkpt>
      <trkpt lat="50.934420" lon="12.936078">
        <ele>326.277254</ele>
        <time>2026-08-04T07:54:16.949Z</time>
      </trkpt>
      <trkpt lat="50.934297" lon="12.936319">
        <ele>326.497025</ele>
        <time>2026-08-04T07:54:20.220Z</time>
      </trkpt>
      <trkpt lat="50.932150" lon="12.939024">
        <ele>323.837579</ele>
        <time>2026-08-04T07:54:53.013Z</time>
      </trkpt>
      <trkpt lat="50.931250" lon="12.940301">
        <ele>322.307701</ele>
        <time>2026-08-04T07:55:07.110Z</time>
      </trkpt>
      <trkpt lat="50.930742" lon="12.941544">
        <ele>321.029880</ele>
        <time>2026-08-04T07:55:18.261Z</time>
      </trkpt>
      <trkpt lat="50.930628" lon="12.941773">
        <ele>320.778172</ele>
        <time>2026-08-04T07:55:20.406Z</time>
      </trkpt>
      <trkpt lat="50.930360" lon="12.942169">
        <ele>320.276980</ele>
        <time>2026-08-04T07:55:24.605Z</time>
      </trkpt>
      <trkpt lat="50.930061" lon="12.942515">
        <ele>319.603636</ele>
        <time>2026-08-04T07:55:28.787Z</time>
      </trkpt>
      <trkpt lat="50.929576" lon="12.942959">
        <ele>318.517283</ele>
        <time>2026-08-04T07:55:34.975Z</time>
      </trkpt>
      <trkpt lat="50.929484" lon="12.943088">
        <ele>318.279079</ele>
        <time>2026-08-04T07:55:36.314Z</time>
      </trkpt>
      <trkpt lat="50.929444" lon="12.943204">
        <ele>318.117392</ele>
        <time>2026-08-04T07:55:37.225Z</time>
      </trkpt>
      <trkpt lat="50.929365" lon="12.943708">
        <ele>317.482323</ele>
        <time>2026-08-04T07:55:40.769Z</time>
      </trkpt>
      <trkpt lat="50.929325" lon="12.943946">
        <ele>317.181125</ele>
        <time>2026-08-04T07:55:42.434Z</time>
      </trkpt>
      <trkpt lat="50.929269" lon="12.944210">
        <ele>316.840511</ele>
        <time>2026-08-04T07:55:44.327Z</time>
      </trkpt>
      <trkpt lat="50.929223" lon="12.944316">
        <ele>316.683140</ele>
        <time>2026-08-04T07:55:45.210Z</time>
      </trkpt>
      <trkpt lat="50.929114" lon="12.944531">
        <ele>316.599050</ele>
        <time>2026-08-04T07:55:47.105Z</time>
      </trkpt>
      <trkpt lat="50.928942" lon="12.944731">
        <ele>316.498380</ele>
        <time>2026-08-04T07:55:49.465Z</time>
      </trkpt>
      <trkpt lat="50.928619" lon="12.945052">
        <ele>316.318453</ele>
        <time>2026-08-04T07:55:53.871Z</time>
      </trkpt>
      <trkpt lat="50.928549" lon="12.945176">
        <ele>316.268922</ele>
        <time>2026-08-04T07:55:55.149Z</time>
      </trkpt>
      <trkpt lat="50.928504" lon="12.945303">
        <ele>316.225572</ele>
        <time>2026-08-04T07:55:56.289Z</time>
      </trkpt>
      <trkpt lat="50.928440" lon="12.945956">
        <ele>316.028937</ele>
        <time>2026-08-04T07:56:02.470Z</time>
      </trkpt>
      <trkpt lat="50.928409" lon="12.946053">
        <ele>315.996577</ele>
        <time>2026-08-04T07:56:03.654Z</time>
      </trkpt>
      <trkpt lat="50.928351" lon="12.945986">
        <ele>315.962707</ele>
        <time>2026-08-04T07:56:04.929Z</time>
      </trkpt>
      <trkpt lat="50.928225" lon="12.945957">
        <ele>315.902602</ele>
        <time>2026-08-04T07:56:07.309Z</time>
      </trkpt>
      <trkpt lat="50.928001" lon="12.945938">
        <ele>316.007757</ele>
        <time>2026-08-04T07:56:11.771Z</time>
      </trkpt>
      <trkpt lat="50.927351" lon="12.945907">
        <ele>317.568137</ele>
        <time>2026-08-04T07:56:27.457Z</time>
      </trkpt>
      <trkpt lat="50.927225" lon="12.945866">
        <ele>317.876768</ele>
        <time>2026-08-04T07:56:31.042Z</time>
      </trkpt>
      <trkpt lat="50.926988" lon="12.945568">
        <ele>318.602393</ele>
        <time>2026-08-04T07:56:39.327Z</time>
      </trkpt>
      <trkpt lat="50.926758" lon="12.945089">
        <ele>319.513114</ele>
        <time>2026-08-04T07:56:49.434Z</time>
      </trkpt>
      <trkpt lat="50.926486" lon="12.944679">
        <ele>320.432904</ele>
        <time>2026-08-04T07:56:58.636Z</time>
      </trkpt>
      <trkpt lat="50.926460" lon="12.944639">
        <ele>320.526179</ele>
        <time>2026-08-04T07:56:59.483Z</time>
      </trkpt>
      <trkpt lat="50.926225" lon="12.944242">
        <ele>321.410283</ele>
        <time>2026-08-04T07:57:07.621Z</time>
      </trkpt>
      <trkpt lat="50.925996" lon="12.943481">
        <ele>322.779217</ele>
        <time>2026-08-04T07:57:20.843Z</time>
      </trkpt>
      <trkpt lat="50.925896" lon="12.943299">
        <ele>323.171161</ele>
        <time>2026-08-04T07:57:24.662Z</time>
      </trkpt>
      <trkpt lat="50.925610" lon="12.943007">
        <ele>324.047083</ele>
        <time>2026-08-04T07:57:32.970Z</time>
      </trkpt>
      <trkpt lat="50.925009" lon="12.942261">
        <ele>326.154466</ele>
        <time>2026-08-04T07:57:53.082Z</time>
      </trkpt>
      <trkpt lat="50.924930" lon="12.942160">
        <ele>326.445883</ele>
        <time>2026-08-04T07:57:55.871Z</time>
      </trkpt>
      <trkpt lat="50.924651" lon="12.941926">
        <ele>327.352333</ele>
        <time>2026-08-04T07:58:04.616Z</time>
      </trkpt>
      <trkpt lat="50.923922" lon="12.941510">
        <ele>329.577534</ele>
        <time>2026-08-04T07:58:25.095Z</time>
      </trkpt>
      <trkpt lat="50.923646" lon="12.941300">
        <ele>330.282048</ele>
        <time>2026-08-04T07:58:32.911Z</time>
      </trkpt>
      <trkpt lat="50.922975" lon="12.940518">
        <ele>331.856077</ele>
        <time>2026-08-04T07:58:53.235Z</time>
      </trkpt>
      <trkpt lat="50.922348" lon="12.939888">
        <ele>333.259173</ele>
        <time>2026-08-04T07:59:08.957Z</time>
      </trkpt>
      <trkpt lat="50.922178" lon="12.939677">
        <ele>333.145297</ele>
        <time>2026-08-04T07:59:12.751Z</time>
      </trkpt>
      <trkpt lat="50.921922" lon="12.939264">
        <ele>332.714107</ele>
        <time>2026-08-04T07:59:17.820Z</time>
      </trkpt>
      <trkpt lat="50.921774" lon="12.939025">
        <ele>332.464701</ele>
        <time>2026-08-04T07:59:20.416Z</time>
      </trkpt>
      <trkpt lat="50.921453" lon="12.938507">
        <ele>331.923955</ele>
        <time>2026-08-04T07:59:25.514Z</time>
      </trkpt>
      <trkpt lat="50.921235" lon="12.937992">
        <ele>331.462148</ele>
        <time>2026-08-04T07:59:29.587Z</time>
      </trkpt>
      <trkpt lat="50.921019" lon="12.937463">
        <ele>331.290610</ele>
        <time>2026-08-04T07:59:33.741Z</time>
      </trkpt>
      <trkpt lat="50.920916" lon="12.937300">
        <ele>331.342178</ele>
        <time>2026-08-04T07:59:35.332Z</time>
      </trkpt>
      <trkpt lat="50.920424" lon="12.936713">
        <ele>331.560383</ele>
        <time>2026-08-04T07:59:43.031Z</time>
      </trkpt>
      <trkpt lat="50.920348" lon="12.936644">
        <ele>331.591421</ele>
        <time>2026-08-04T07:59:44.516Z</time>
      </trkpt>
      <trkpt lat="50.920206" lon="12.936587">
        <ele>331.643338</ele>
        <time>2026-08-04T07:59:47.202Z</time>
      </trkpt>
      <trkpt lat="50.920070" lon="12.936644">
        <ele>331.693197</ele>
        <time>2026-08-04T07:59:50.014Z</time>
      </trkpt>
      <trkpt lat="50.918742" lon="12.937990">
        <ele>335.672901</ele>
        <time>2026-08-04T08:00:35.518Z</time>
      </trkpt>
      <trkpt lat="50.918306" lon="12.938481">
        <ele>337.514902</ele>
        <time>2026-08-04T08:00:51.570Z</time>
      </trkpt>
      <trkpt lat="50.917023" lon="12.940307">
        <ele>343.007225</ele>
        <time>2026-08-04T08:01:39.781Z</time>
      </trkpt>
      <trkpt lat="50.916303" lon="12.941858">
        <ele>345.785702</ele>
        <time>2026-08-04T08:02:09.401Z</time>
      </trkpt>
      <trkpt lat="50.916038" lon="12.942246">
        <ele>346.536661</ele>
        <time>2026-08-04T08:02:17.297Z</time>
      </trkpt>
      <trkpt lat="50.915648" lon="12.942545">
        <ele>347.438641</ele>
        <time>2026-08-04T08:02:26.383Z</time>
      </trkpt>
      <trkpt lat="50.914263" lon="12.943657">
        <ele>349.574427</ele>
        <time>2026-08-04T08:02:58.123Z</time>
      </trkpt>
      <trkpt lat="50.913962" lon="12.943986">
        <ele>350.013870</ele>
        <time>2026-08-04T08:03:05.345Z</time>
      </trkpt>
      <trkpt lat="50.913574" lon="12.944492">
        <ele>350.390134</ele>
        <time>2026-08-04T08:03:14.809Z</time>
      </trkpt>
      <trkpt lat="50.913497" lon="12.944754">
        <ele>350.526653</ele>
        <time>2026-08-04T08:03:18.113Z</time>
      </trkpt>
      <trkpt lat="50.913523" lon="12.945007">
        <ele>350.647715</ele>
        <time>2026-08-04T08:03:20.993Z</time>
      </trkpt>
      <trkpt lat="50.913696" lon="12.945592">
        <ele>350.952877</ele>
        <time>2026-08-04T08:03:28.049Z</time>
      </trkpt>
      <trkpt lat="50.914040" lon="12.947321">
        <ele>351.231896</ele>
        <time>2026-08-04T08:03:46.220Z</time>
      </trkpt>
      <trkpt lat="50.914040" lon="12.947469">
        <ele>351.224284</ele>
        <time>2026-08-04T08:03:47.741Z</time>
      </trkpt>
      <trkpt lat="50.913837" lon="12.948117">
        <ele>351.187070</ele>
        <time>2026-08-04T08:03:54.957Z</time>
      </trkpt>
      <trkpt lat="50.913664" lon="12.948578">
        <ele>351.159479</ele>
        <time>2026-08-04T08:03:59.702Z</time>
      </trkpt>
      <trkpt lat="50.913488" lon="12.948966">
        <ele>350.945863</ele>
        <time>2026-08-04T08:04:03.455Z</time>
      </trkpt>
      <trkpt lat="50.913186" lon="12.949354">
        <ele>350.054058</ele>
        <time>2026-08-04T08:04:08.039Z</time>
      </trkpt>
      <trkpt lat="50.912866" lon="12.949741">
        <ele>349.130669</ele>
        <time>2026-08-04T08:04:12.513Z</time>
      </trkpt>
      <trkpt lat="50.912749" lon="12.949940">
        <ele>348.737012</ele>
        <time>2026-08-04T08:04:14.327Z</time>
      </trkpt>
      <trkpt lat="50.911889" lon="12.952351">
        <ele>344.114415</ele>
        <time>2026-08-04T08:04:31.827Z</time>
      </trkpt>
      <trkpt lat="50.911740" lon="12.952783">
        <ele>343.210313</ele>
        <time>2026-08-04T08:04:34.985Z</time>
      </trkpt>
      <trkpt lat="50.911570" lon="12.953265">
        <ele>342.196274</ele>
        <time>2026-08-04T08:04:38.638Z</time>
      </trkpt>
      <trkpt lat="50.911517" lon="12.953416">
        <ele>341.878962</ele>
        <time>2026-08-04T08:04:39.825Z</time>
      </trkpt>
      <trkpt lat="50.911160" lon="12.954426">
        <ele>341.903771</ele>
        <time>2026-08-04T08:04:48.610Z</time>
      </trkpt>
      <trkpt lat="50.911051" lon="12.954641">
        <ele>341.935503</ele>
        <time>2026-08-04T08:04:51.281Z</time>
      </trkpt>
      <trkpt lat="50.910396" lon="12.955537">
        <ele>342.093295</ele>
        <time>2026-08-04T08:05:08.942Z</time>
      </trkpt>
      <trkpt lat="50.910201" lon="12.955845">
        <ele>342.352019</ele>
        <time>2026-08-04T08:05:15.116Z</time>
      </trkpt>
      <trkpt lat="50.909990" lon="12.956190">
        <ele>342.707440</ele>
        <time>2026-08-04T08:05:21.891Z</time>
      </trkpt>
      <trkpt lat="50.909746" lon="12.956658">
        <ele>343.156507</ele>
        <time>2026-08-04T08:05:30.075Z</time>
      </trkpt>
      <trkpt lat="50.909198" lon="12.957667">
        <ele>344.141290</ele>
        <time>2026-08-04T08:05:45.626Z</time>
      </trkpt>
      <trkpt lat="50.909145" lon="12.957739">
        <ele>344.214950</ele>
        <time>2026-08-04T08:05:46.712Z</time>
      </trkpt>
      <trkpt lat="50.909001" lon="12.957937">
        <ele>344.226060</ele>
        <time>2026-08-04T08:05:49.639Z</time>
      </trkpt>
      <trkpt lat="50.908965" lon="12.957986">
        <ele>344.228826</ele>
        <time>2026-08-04T08:05:50.363Z</time>
      </trkpt>
      <trkpt lat="50.908783" lon="12.958091">
        <ele>344.240115</ele>
        <time>2026-08-04T08:05:53.199Z</time>
      </trkpt>
      <trkpt lat="50.908634" lon="12.958135">
        <ele>344.248950</ele>
        <time>2026-08-04T08:05:55.409Z</time>
      </trkpt>
      <trkpt lat="50.908182" lon="12.958064">
        <ele>344.275427</ele>
        <time>2026-08-04T08:06:01.893Z</time>
      </trkpt>
      <trkpt lat="50.907832" lon="12.958053">
        <ele>344.295833</ele>
        <time>2026-08-04T08:06:06.802Z</time>
      </trkpt>
      <trkpt lat="50.907451" lon="12.958122">
        <ele>344.318187</ele>
        <time>2026-08-04T08:06:12.253Z</time>
      </trkpt>
      <trkpt lat="50.906762" lon="12.958320">
        <ele>343.986221</ele>
        <time>2026-08-04T08:06:23.264Z</time>
      </trkpt>
      <trkpt lat="50.906652" lon="12.958382">
        <ele>343.929022</ele>
        <time>2026-08-04T08:06:25.026Z</time>
      </trkpt>
      <trkpt lat="50.906556" lon="12.958486">
        <ele>343.872057</ele>
        <time>2026-08-04T08:06:26.730Z</time>
      </trkpt>
      <trkpt lat="50.906390" lon="12.958724">
        <ele>343.762408</ele>
        <time>2026-08-04T08:06:29.796Z</time>
      </trkpt>
      <trkpt lat="50.906324" lon="12.958766">
        <ele>343.727564</ele>
        <time>2026-08-04T08:06:30.677Z</time>
      </trkpt>
      <trkpt lat="50.906164" lon="12.958746">
        <ele>343.648925</ele>
        <time>2026-08-04T08:06:32.626Z</time>
      </trkpt>
      <trkpt lat="50.905547" lon="12.958651">
        <ele>343.065212</ele>
        <time>2026-08-04T08:06:40.016Z</time>
      </trkpt>
      <trkpt lat="50.905547" lon="12.958904">
        <ele>342.751441</ele>
        <time>2026-08-04T08:06:41.843Z</time>
      </trkpt>
      <trkpt lat="50.905548" lon="12.959175">
        <ele>342.415341</ele>
        <time>2026-08-04T08:06:43.728Z</time>
      </trkpt>
      <trkpt lat="50.905551" lon="12.959341">
        <ele>342.209383</ele>
        <time>2026-08-04T08:06:44.873Z</time>
      </trkpt>
      <trkpt lat="50.905566" lon="12.959805">
        <ele>341.633175</ele>
        <time>2026-08-04T08:06:48.001Z</time>
      </trkpt>
      <trkpt lat="50.905598" lon="12.960084">
        <ele>341.281482</ele>
        <time>2026-08-04T08:06:49.898Z</time>
      </trkpt>
      <trkpt lat="50.905623" lon="12.960236">
        <ele>341.086666</ele>
        <time>2026-08-04T08:06:50.949Z</time>
      </trkpt>
      <trkpt lat="50.905644" lon="12.960416">
        <ele>340.859642</ele>
        <time>2026-08-04T08:06:52.177Z</time>
      </trkpt>
      <trkpt lat="50.905677" lon="12.960697">
        <ele>340.505155</ele>
        <time>2026-08-04T08:06:54.085Z</time>
      </trkpt>
      <trkpt lat="50.905740" lon="12.961779">
        <ele>339.305382</ele>
        <time>2026-08-04T08:07:01.638Z</time>
      </trkpt>
      <trkpt lat="50.905763" lon="12.962252">
        <ele>338.834064</ele>
        <time>2026-08-04T08:07:05.001Z</time>
      </trkpt>
      <trkpt lat="50.905772" lon="12.962446">
        <ele>338.640805</ele>
        <time>2026-08-04T08:07:06.424Z</time>
      </trkpt>
      <trkpt lat="50.905779" lon="12.962565">
        <ele>338.522066</ele>
        <time>2026-08-04T08:07:07.307Z</time>
      </trkpt>
      <trkpt lat="50.905784" lon="12.962752">
        <ele>338.336116</ele>
        <time>2026-08-04T08:07:08.692Z</time>
      </trkpt>
      <trkpt lat="50.905727" lon="12.963164">
        <ele>337.917061</ele>
        <time>2026-08-04T08:07:11.766Z</time>
      </trkpt>
      <trkpt lat="50.905646" lon="12.963420">
        <ele>337.632506</ele>
        <time>2026-08-04T08:07:13.883Z</time>
      </trkpt>
      <trkpt lat="50.905383" lon="12.964167">
        <ele>336.886611</ele>
        <time>2026-08-04T08:07:20.263Z</time>
      </trkpt>
      <trkpt lat="50.905209" lon="12.964664">
        <ele>336.528503</ele>
        <time>2026-08-04T08:07:24.549Z</time>
      </trkpt>
      <trkpt lat="50.905055" lon="12.965104">
        <ele>336.211486</ele>
        <time>2026-08-04T08:07:28.251Z</time>
      </trkpt>
      <trkpt lat="50.904666" lon="12.966196">
        <ele>335.421384</ele>
        <time>2026-08-04T08:07:37.996Z</time>
      </trkpt>
      <trkpt lat="50.904626" lon="12.966325">
        <ele>335.330825</ele>
        <time>2026-08-04T08:07:39.218Z</time>
      </trkpt>
      <trkpt lat="50.904469" lon="12.966914">
        <ele>334.896774</ele>
        <time>2026-08-04T08:07:44.768Z</time>
      </trkpt>
      <trkpt lat="50.904459" lon="12.966949">
        <ele>334.870360</ele>
        <time>2026-08-04T08:07:45.090Z</time>
      </trkpt>
      <trkpt lat="50.904367" lon="12.967505">
        <ele>334.475207</ele>
        <time>2026-08-04T08:07:50.041Z</time>
      </trkpt>
      <trkpt lat="50.904242" lon="12.968563">
        <ele>333.735243</ele>
        <time>2026-08-04T08:07:58.674Z</time>
      </trkpt>
      <trkpt lat="50.904203" lon="12.968907">
        <ele>333.494973</ele>
        <time>2026-08-04T08:08:01.213Z</time>
      </trkpt>
      <trkpt lat="50.904130" lon="12.970347">
        <ele>330.913854</ele>
        <time>2026-08-04T08:08:10.574Z</time>
      </trkpt>
      <trkpt lat="50.904180" lon="12.970691">
        <ele>330.193976</ele>
        <time>2026-08-04T08:08:12.789Z</time>
      </trkpt>
      <trkpt lat="50.904242" lon="12.970873">
        <ele>329.772151</ele>
        <time>2026-08-04T08:08:14.082Z</time>
      </trkpt>
      <trkpt lat="50.904475" lon="12.971679">
        <ele>327.964095</ele>
        <time>2026-08-04T08:08:19.595Z</time>
      </trkpt>
      <trkpt lat="50.904498" lon="12.972048">
        <ele>327.189338</ele>
        <time>2026-08-04T08:08:21.901Z</time>
      </trkpt>
      <trkpt lat="50.904490" lon="12.972706">
        <ele>325.759672</ele>
        <time>2026-08-04T08:08:26.011Z</time>
      </trkpt>
      <trkpt lat="50.904488" lon="12.973853">
        <ele>323.267987</ele>
        <time>2026-08-04T08:08:33.264Z</time>
      </trkpt>
      <trkpt lat="50.904498" lon="12.974030">
        <ele>322.881942</ele>
        <time>2026-08-04T08:08:34.386Z</time>
      </trkpt>
      <trkpt lat="50.904584" lon="12.974740">
        <ele>321.311387</ele>
        <time>2026-08-04T08:08:39.008Z</time>
      </trkpt>
      <trkpt lat="50.904687" lon="12.975704">
        <ele>319.536692</ele>
        <time>2026-08-04T08:08:45.261Z</time>
      </trkpt>
      <trkpt lat="50.904797" lon="12.976762">
        <ele>317.592952</ele>
        <time>2026-08-04T08:08:52.223Z</time>
      </trkpt>
      <trkpt lat="50.904807" lon="12.976856">
        <ele>317.420150</ele>
        <time>2026-08-04T08:08:52.868Z</time>
      </trkpt>
      <trkpt lat="50.904810" lon="12.976887">
        <ele>317.363298</ele>
        <time>2026-08-04T08:08:53.082Z</time>
      </trkpt>
      <trkpt lat="50.904882" lon="12.977476">
        <ele>316.275739</ele>
        <time>2026-08-04T08:08:57.108Z</time>
      </trkpt>
      <trkpt lat="50.904888" lon="12.977543">
        <ele>316.153069</ele>
        <time>2026-08-04T08:08:57.577Z</time>
      </trkpt>
      <trkpt lat="50.905001" lon="12.978520">
        <ele>314.603733</ele>
        <time>2026-08-04T08:09:04.087Z</time>
      </trkpt>
      <trkpt lat="50.905129" lon="12.979006">
        <ele>313.784170</ele>
        <time>2026-08-04T08:09:07.661Z</time>
      </trkpt>
      <trkpt lat="50.905195" lon="12.979243">
        <ele>313.381021</ele>
        <time>2026-08-04T08:09:09.470Z</time>
      </trkpt>
      <trkpt lat="50.905251" lon="12.979450">
        <ele>313.030524</ele>
        <time>2026-08-04T08:09:11.044Z</time>
      </trkpt>
      <trkpt lat="50.905322" lon="12.979747">
        <ele>312.536277</ele>
        <time>2026-08-04T08:09:13.225Z</time>
      </trkpt>
      <trkpt lat="50.905359" lon="12.979907">
        <ele>312.271093</ele>
        <time>2026-08-04T08:09:14.378Z</time>
      </trkpt>
      <trkpt lat="50.905382" lon="12.980008">
        <ele>312.103996</ele>
        <time>2026-08-04T08:09:15.087Z</time>
      </trkpt>
      <trkpt lat="50.905441" lon="12.980261">
        <ele>311.681982</ele>
        <time>2026-08-04T08:09:16.871Z</time>
      </trkpt>
      <trkpt lat="50.905548" lon="12.980922">
        <ele>310.081545</ele>
        <time>2026-08-04T08:09:21.258Z</time>
      </trkpt>
      <trkpt lat="50.905593" lon="12.981396">
        <ele>308.957396</ele>
        <time>2026-08-04T08:09:24.394Z</time>
      </trkpt>
      <trkpt lat="50.905585" lon="12.981828">
        <ele>307.943835</ele>
        <time>2026-08-04T08:09:27.200Z</time>
      </trkpt>
      <trkpt lat="50.905564" lon="12.982289">
        <ele>306.859883</ele>
        <time>2026-08-04T08:09:30.034Z</time>
      </trkpt>
      <trkpt lat="50.905547" lon="12.982671">
        <ele>305.961790</ele>
        <time>2026-08-04T08:09:32.327Z</time>
      </trkpt>
      <trkpt lat="50.905525" lon="12.983076">
        <ele>305.008468</ele>
        <time>2026-08-04T08:09:34.728Z</time>
      </trkpt>
      <trkpt lat="50.905548" lon="12.983747">
        <ele>302.833241</ele>
        <time>2026-08-04T08:09:38.662Z</time>
      </trkpt>
      <trkpt lat="50.905545" lon="12.984192">
        <ele>301.390453</ele>
        <time>2026-08-04T08:09:41.248Z</time>
      </trkpt>
      <trkpt lat="50.905507" lon="12.984469">
        <ele>300.471405</ele>
        <time>2026-08-04T08:09:42.896Z</time>
      </trkpt>
      <trkpt lat="50.905509" lon="12.984896">
        <ele>299.087016</ele>
        <time>2026-08-04T08:09:45.376Z</time>
      </trkpt>
      <trkpt lat="50.905617" lon="12.986005">
        <ele>295.548904</ele>
        <time>2026-08-04T08:09:52.082Z</time>
      </trkpt>
      <trkpt lat="50.905653" lon="12.986335">
        <ele>294.820662</ele>
        <time>2026-08-04T08:09:54.164Z</time>
      </trkpt>
      <trkpt lat="50.905684" lon="12.986723">
        <ele>293.970213</ele>
        <time>2026-08-04T08:09:56.631Z</time>
      </trkpt>
      <trkpt lat="50.905713" lon="12.987907">
        <ele>291.393673</ele>
        <time>2026-08-04T08:10:04.338Z</time>
      </trkpt>
      <trkpt lat="50.906027" lon="12.989790">
        <ele>287.140940</ele>
        <time>2026-08-04T08:10:16.654Z</time>
      </trkpt>
      <trkpt lat="50.906057" lon="12.990451">
        <ele>285.689389</ele>
        <time>2026-08-04T08:10:20.873Z</time>
      </trkpt>
      <trkpt lat="50.906061" lon="12.990550">
        <ele>285.472102</ele>
        <time>2026-08-04T08:10:21.506Z</time>
      </trkpt>
      <trkpt lat="50.906076" lon="12.990863">
        <ele>284.784553</ele>
        <time>2026-08-04T08:10:23.480Z</time>
      </trkpt>
      <trkpt lat="50.906086" lon="12.991101">
        <ele>284.262099</ele>
        <time>2026-08-04T08:10:24.968Z</time>
      </trkpt>
      <trkpt lat="50.906127" lon="12.991365">
        <ele>283.666575</ele>
        <time>2026-08-04T08:10:26.654Z</time>
      </trkpt>
      <trkpt lat="50.906205" lon="12.991741">
        <ele>282.755435</ele>
        <time>2026-08-04T08:10:29.100Z</time>
      </trkpt>
      <trkpt lat="50.906269" lon="12.992053">
        <ele>281.973733</ele>
        <time>2026-08-04T08:10:31.174Z</time>
      </trkpt>
      <trkpt lat="50.906516" lon="12.993186">
        <ele>279.117527</ele>
        <time>2026-08-04T08:10:38.684Z</time>
      </trkpt>
      <trkpt lat="50.906627" lon="12.994107">
        <ele>276.883479</ele>
        <time>2026-08-04T08:10:44.378Z</time>
      </trkpt>
      <trkpt lat="50.906681" lon="12.994341">
        <ele>276.332474</ele>
        <time>2026-08-04T08:10:45.924Z</time>
      </trkpt>
      <trkpt lat="50.906800" lon="12.994815">
        <ele>275.355866</ele>
        <time>2026-08-04T08:10:49.141Z</time>
      </trkpt>
      <trkpt lat="50.906878" lon="12.995127">
        <ele>274.713406</ele>
        <time>2026-08-04T08:10:51.286Z</time>
      </trkpt>
      <trkpt lat="50.906935" lon="12.995333">
        <ele>274.282785</ele>
        <time>2026-08-04T08:10:52.715Z</time>
      </trkpt>
      <trkpt lat="50.907024" lon="12.995615">
        <ele>273.679141</ele>
        <time>2026-08-04T08:10:54.720Z</time>
      </trkpt>
      <trkpt lat="50.907078" lon="12.995776">
        <ele>273.330070</ele>
        <time>2026-08-04T08:10:55.929Z</time>
      </trkpt>
      <trkpt lat="50.907269" lon="12.996296">
        <ele>272.178129</ele>
        <time>2026-08-04T08:10:59.876Z</time>
      </trkpt>
      <trkpt lat="50.907536" lon="12.997050">
        <ele>270.597433</ele>
        <time>2026-08-04T08:11:05.743Z</time>
      </trkpt>
      <trkpt lat="50.907558" lon="12.997119">
        <ele>270.470503</ele>
        <time>2026-08-04T08:11:06.279Z</time>
      </trkpt>
      <trkpt lat="50.907587" lon="12.997210">
        <ele>270.303119</ele>
        <time>2026-08-04T08:11:07.019Z</time>
      </trkpt>
      <trkpt lat="50.907693" lon="12.997567">
        <ele>269.655333</ele>
        <time>2026-08-04T08:11:09.667Z</time>
      </trkpt>
      <trkpt lat="50.908006" lon="12.998684">
        <ele>267.648726</ele>
        <time>2026-08-04T08:11:17.741Z</time>
      </trkpt>
      <trkpt lat="50.908200" lon="12.999357">
        <ele>266.433944</ele>
        <time>2026-08-04T08:11:22.598Z</time>
      </trkpt>
      <trkpt lat="50.908297" lon="12.999686">
        <ele>265.697099</ele>
        <time>2026-08-04T08:11:24.998Z</time>
      </trkpt>
      <trkpt lat="50.908464" lon="13.000262">
        <ele>264.378399</ele>
        <time>2026-08-04T08:11:29.039Z</time>
      </trkpt>
      <trkpt lat="50.908501" lon="13.000441">
        <ele>263.986573</ele>
        <time>2026-08-04T08:11:30.228Z</time>
      </trkpt>
      <trkpt lat="50.908516" lon="13.000519">
        <ele>263.816951</ele>
        <time>2026-08-04T08:11:30.735Z</time>
      </trkpt>
      <trkpt lat="50.908557" lon="13.000985">
        <ele>262.838252</ele>
        <time>2026-08-04T08:11:33.679Z</time>
      </trkpt>
      <trkpt lat="50.908571" lon="13.001173">
        <ele>262.444484</ele>
        <time>2026-08-04T08:11:34.883Z</time>
      </trkpt>
      <trkpt lat="50.908599" lon="13.001537">
        <ele>261.681729</ele>
        <time>2026-08-04T08:11:37.200Z</time>
      </trkpt>
      <trkpt lat="50.908632" lon="13.001972">
        <ele>260.770380</ele>
        <time>2026-08-04T08:11:39.967Z</time>
      </trkpt>
      <trkpt lat="50.908644" lon="13.002146">
        <ele>260.410288</ele>
        <time>2026-08-04T08:11:41.082Z</time>
      </trkpt>
      <trkpt lat="50.908661" lon="13.002467">
        <ele>259.848647</ele>
        <time>2026-08-04T08:11:43.100Z</time>
      </trkpt>
      <trkpt lat="50.908696" lon="13.003097">
        <ele>258.745974</ele>
        <time>2026-08-04T08:11:47.072Z</time>
      </trkpt>
      <trkpt lat="50.908682" lon="13.003236">
        <ele>258.500552</ele>
        <time>2026-08-04T08:11:47.955Z</time>
      </trkpt>
      <trkpt lat="50.908639" lon="13.003367">
        <ele>258.243058</ele>
        <time>2026-08-04T08:11:48.893Z</time>
      </trkpt>
      <trkpt lat="50.907820" lon="13.005377">
        <ele>254.736058</ele>
        <time>2026-08-04T08:12:05.139Z</time>
      </trkpt>
      <trkpt lat="50.907758" lon="13.005493">
        <ele>254.598132</ele>
        <time>2026-08-04T08:12:06.235Z</time>
      </trkpt>
      <trkpt lat="50.907577" lon="13.005712">
        <ele>254.270652</ele>
        <time>2026-08-04T08:12:08.889Z</time>
      </trkpt>
      <trkpt lat="50.906380" lon="13.006726">
        <ele>252.649867</ele>
        <time>2026-08-04T08:12:25.488Z</time>
      </trkpt>
      <trkpt lat="50.905997" lon="13.007041">
        <ele>252.401805</ele>
        <time>2026-08-04T08:12:30.957Z</time>
      </trkpt>
      <trkpt lat="50.905551" lon="13.007397">
        <ele>252.114722</ele>
        <time>2026-08-04T08:12:37.468Z</time>
      </trkpt>
      <trkpt lat="50.905454" lon="13.007486">
        <ele>252.050289</ele>
        <time>2026-08-04T08:12:38.965Z</time>
      </trkpt>
      <trkpt lat="50.905363" lon="13.007563">
        <ele>251.990986</ele>
        <time>2026-08-04T08:12:40.365Z</time>
      </trkpt>
      <trkpt lat="50.905009" lon="13.007883">
        <ele>251.885926</ele>
        <time>2026-08-04T08:12:46.212Z</time>
      </trkpt>
      <trkpt lat="50.902933" lon="13.009628">
        <ele>252.795846</ele>
        <time>2026-08-04T08:13:25.495Z</time>
      </trkpt>
      <trkpt lat="50.902829" lon="13.009718">
        <ele>252.849967</ele>
        <time>2026-08-04T08:13:27.519Z</time>
      </trkpt>
      <trkpt lat="50.902230" lon="13.010219">
        <ele>253.159315</ele>
        <time>2026-08-04T08:13:38.850Z</time>
      </trkpt>
      <trkpt lat="50.901238" lon="13.011056">
        <ele>253.459399</ele>
        <time>2026-08-04T08:13:57.195Z</time>
      </trkpt>
      <trkpt lat="50.900968" lon="13.011282">
        <ele>253.518515</ele>
        <time>2026-08-04T08:14:01.715Z</time>
      </trkpt>
      <trkpt lat="50.900777" lon="13.011363">
        <ele>253.556798</ele>
        <time>2026-08-04T08:14:04.776Z</time>
      </trkpt>
      <trkpt lat="50.900697" lon="13.011328">
        <ele>253.572867</ele>
        <time>2026-08-04T08:14:06.100Z</time>
      </trkpt>
      <trkpt lat="50.900621" lon="13.011300">
        <ele>253.587974</ele>
        <time>2026-08-04T08:14:07.304Z</time>
      </trkpt>
      <trkpt lat="50.900591" lon="13.011209">
        <ele>253.600514</ele>
        <time>2026-08-04T08:14:08.314Z</time>
      </trkpt>
      <trkpt lat="50.900537" lon="13.011150">
        <ele>253.613211</ele>
        <time>2026-08-04T08:14:09.314Z</time>
      </trkpt>
      <trkpt lat="50.900430" lon="13.011160">
        <ele>253.633965</ele>
        <time>2026-08-04T08:14:10.949Z</time>
      </trkpt>
      <trkpt lat="50.900365" lon="13.011092">
        <ele>253.649044</ele>
        <time>2026-08-04T08:14:12.131Z</time>
      </trkpt>
      <trkpt lat="50.900278" lon="13.011039">
        <ele>253.668808</ele>
        <time>2026-08-04T08:14:13.521Z</time>
      </trkpt>
      <trkpt lat="50.900170" lon="13.010864">
        <ele>253.701860</ele>
        <time>2026-08-04T08:14:15.781Z</time>
      </trkpt>
      <trkpt lat="50.899842" lon="13.010349">
        <ele>253.800662</ele>
        <time>2026-08-04T08:14:22.353Z</time>
      </trkpt>
      <trkpt lat="50.899413" lon="13.009763">
        <ele>253.921861</ele>
        <time>2026-08-04T08:14:30.570Z</time>
      </trkpt>
      <trkpt lat="50.899402" lon="13.009749">
        <ele>253.924880</ele>
        <time>2026-08-04T08:14:30.781Z</time>
      </trkpt>
      <trkpt lat="50.899203" lon="13.009493">
        <ele>253.979730</ele>
        <time>2026-08-04T08:14:34.870Z</time>
      </trkpt>
      <trkpt lat="50.899189" lon="13.009476">
        <ele>253.983504</ele>
        <time>2026-08-04T08:14:35.148Z</time>
      </trkpt>
      <trkpt lat="50.898434" lon="13.008508">
        <ele>256.575873</ele>
        <time>2026-08-04T08:14:53.080Z</time>
      </trkpt>
      <trkpt lat="50.898099" lon="13.008027">
        <ele>258.155506</ele>
        <time>2026-08-04T08:15:07.429Z</time>
      </trkpt>
      <trkpt lat="50.897812" lon="13.007537">
        <ele>259.629614</ele>
        <time>2026-08-04T08:15:24.225Z</time>
      </trkpt>
      <trkpt lat="50.897547" lon="13.006984">
        <ele>261.139884</ele>
        <time>2026-08-04T08:15:41.748Z</time>
      </trkpt>
      <trkpt lat="50.897424" lon="13.006606">
        <ele>262.054335</ele>
        <time>2026-08-04T08:15:52.164Z</time>
      </trkpt>
      <trkpt lat="50.897219" lon="13.006866">
        <ele>262.949191</ele>
        <time>2026-08-04T08:16:01.771Z</time>
      </trkpt>
      <trkpt lat="50.897024" lon="13.007513">
        <ele>264.490856</ele>
        <time>2026-08-04T08:16:16.264Z</time>
      </trkpt>
      <trkpt lat="50.896598" lon="13.008704">
        <ele>266.141647</ele>
        <time>2026-08-04T08:16:28.883Z</time>
      </trkpt>
      <trkpt lat="50.895908" lon="13.010270">
        <ele>264.836492</ele>
        <time>2026-08-04T08:16:41.980Z</time>
      </trkpt>
      <trkpt lat="50.895686" lon="13.010587">
        <ele>264.512856</ele>
        <time>2026-08-04T08:16:45.873Z</time>
      </trkpt>
      <trkpt lat="50.895515" lon="13.010732">
        <ele>265.162411</ele>
        <time>2026-08-04T08:16:48.743Z</time>
      </trkpt>
      <trkpt lat="50.895364" lon="13.010793">
        <ele>265.710976</ele>
        <time>2026-08-04T08:16:51.432Z</time>
      </trkpt>
      <trkpt lat="50.895181" lon="13.010996">
        <ele>266.497242</ele>
        <time>2026-08-04T08:16:56.082Z</time>
      </trkpt>
      <trkpt lat="50.895142" lon="13.011038">
        <ele>266.663216</ele>
        <time>2026-08-04T08:16:57.177Z</time>
      </trkpt>
      <trkpt lat="50.894980" lon="13.011207">
        <ele>267.345907</ele>
        <time>2026-08-04T08:17:02.202Z</time>
      </trkpt>
      <trkpt lat="50.894915" lon="13.011242">
        <ele>267.587570</ele>
        <time>2026-08-04T08:17:04.143Z</time>
      </trkpt>
      <trkpt lat="50.894848" lon="13.011215">
        <ele>267.830937</ele>
        <time>2026-08-04T08:17:06.200Z</time>
      </trkpt>
      <trkpt lat="50.894584" lon="13.010762">
        <ele>269.200444</ele>
        <time>2026-08-04T08:17:19.220Z</time>
      </trkpt>
      <trkpt lat="50.894431" lon="13.010695">
        <ele>269.759234</ele>
        <time>2026-08-04T08:17:25.365Z</time>
      </trkpt>
      <trkpt lat="50.894333" lon="13.010738">
        <ele>270.117202</ele>
        <time>2026-08-04T08:17:29.542Z</time>
      </trkpt>
      <trkpt lat="50.894227" lon="13.010844">
        <ele>270.558394</ele>
        <time>2026-08-04T08:17:34.917Z</time>
      </trkpt>
      <trkpt lat="50.894146" lon="13.010999">
        <ele>271.218321</ele>
        <time>2026-08-04T08:17:40.531Z</time>
      </trkpt>
      <trkpt lat="50.894020" lon="13.011368">
        <ele>273.328751</ele>
        <time>2026-08-04T08:17:52.460Z</time>
      </trkpt>
      <trkpt lat="50.893938" lon="13.011504">
        <ele>274.275023</ele>
        <time>2026-08-04T08:17:58.016Z</time>
      </trkpt>
      <trkpt lat="50.893856" lon="13.011559">
        <ele>274.984996</ele>
        <time>2026-08-04T08:18:02.256Z</time>
      </trkpt>
      <trkpt lat="50.893686" lon="13.011597">
        <ele>276.353973</ele>
        <time>2026-08-04T08:18:10.741Z</time>
      </trkpt>
      <trkpt lat="50.893000" lon="13.011673">
        <ele>281.837434</ele>
        <time>2026-08-04T08:18:45.667Z</time>
      </trkpt>
      <trkpt lat="50.892323" lon="13.011748">
        <ele>286.311605</ele>
        <time>2026-08-04T08:19:17.521Z</time>
      </trkpt>
      <trkpt lat="50.891987" lon="13.011690">
        <ele>287.786094</ele>
        <time>2026-08-04T08:19:31.281Z</time>
      </trkpt>
      <trkpt lat="50.891717" lon="13.011541">
        <ele>289.033315</ele>
        <time>2026-08-04T08:19:41.616Z</time>
      </trkpt>
      <trkpt lat="50.890532" lon="13.010860">
        <ele>292.052685</ele>
        <time>2026-08-04T08:20:11.679Z</time>
      </trkpt>
      <trkpt lat="50.890242" lon="13.010557">
        <ele>291.073532</ele>
        <time>2026-08-04T08:20:16.230Z</time>
      </trkpt>
      <trkpt lat="50.889707" lon="13.009854">
        <ele>289.114510</ele>
        <time>2026-08-04T08:20:23.177Z</time>
      </trkpt>
      <trkpt lat="50.889617" lon="13.009674">
        <ele>288.706045</ele>
        <time>2026-08-04T08:20:24.493Z</time>
      </trkpt>
      <trkpt lat="50.889401" lon="13.009236">
        <ele>287.373631</ele>
        <time>2026-08-04T08:20:27.605Z</time>
      </trkpt>
      <trkpt lat="50.889235" lon="13.008992">
        <ele>285.813765</ele>
        <time>2026-08-04T08:20:29.580Z</time>
      </trkpt>
      <trkpt lat="50.889229" lon="13.008984">
        <ele>285.759743</ele>
        <time>2026-08-04T08:20:29.651Z</time>
      </trkpt>
      <trkpt lat="50.889020" lon="13.008677">
        <ele>283.796418</ele>
        <time>2026-08-04T08:20:32.131Z</time>
      </trkpt>
      <trkpt lat="50.888829" lon="13.008471">
        <ele>282.204606</ele>
        <time>2026-08-04T08:20:34.133Z</time>
      </trkpt>
      <trkpt lat="50.888643" lon="13.008382">
        <ele>280.865858</ele>
        <time>2026-08-04T08:20:35.830Z</time>
      </trkpt>
      <trkpt lat="50.888447" lon="13.008454">
        <ele>279.479531</ele>
        <time>2026-08-04T08:20:37.626Z</time>
      </trkpt>
      <trkpt lat="50.888315" lon="13.008659">
        <ele>278.206225</ele>
        <time>2026-08-04T08:20:39.317Z</time>
      </trkpt>
      <trkpt lat="50.887923" lon="13.009455">
        <ele>275.457084</ele>
        <time>2026-08-04T08:20:45.470Z</time>
      </trkpt>
      <trkpt lat="50.887862" lon="13.009514">
        <ele>275.427543</ele>
        <time>2026-08-04T08:20:46.210Z</time>
      </trkpt>
      <trkpt lat="50.887839" lon="13.009684">
        <ele>275.382200</ele>
        <time>2026-08-04T08:20:47.381Z</time>
      </trkpt>
      <trkpt lat="50.887724" lon="13.009890">
        <ele>275.310461</ele>
        <time>2026-08-04T08:20:49.315Z</time>
      </trkpt>
      <trkpt lat="50.887453" lon="13.010071">
        <ele>275.188889</ele>
        <time>2026-08-04T08:20:53.194Z</time>
      </trkpt>
      <trkpt lat="50.887330" lon="13.010084">
        <ele>275.137927</ele>
        <time>2026-08-04T08:20:55.205Z</time>
      </trkpt>
      <trkpt lat="50.887172" lon="13.010050">
        <ele>275.072009</ele>
        <time>2026-08-04T08:20:58.248Z</time>
      </trkpt>
      <trkpt lat="50.887012" lon="13.009961">
        <ele>275.001910</ele>
        <time>2026-08-04T08:21:01.955Z</time>
      </trkpt>
      <trkpt lat="50.886657" lon="13.009881">
        <ele>274.853674</ele>
        <time>2026-08-04T08:21:10.205Z</time>
      </trkpt>
      <trkpt lat="50.886464" lon="13.009876">
        <ele>275.141702</ele>
        <time>2026-08-04T08:21:14.662Z</time>
      </trkpt>
      <trkpt lat="50.886070" lon="13.010175">
        <ele>276.459431</ele>
        <time>2026-08-04T08:21:26.980Z</time>
      </trkpt>
      <trkpt lat="50.885914" lon="13.010246">
        <ele>276.949034</ele>
        <time>2026-08-04T08:21:32.462Z</time>
      </trkpt>
      <trkpt lat="50.885335" lon="13.011123">
        <ele>279.364865</ele>
        <time>2026-08-04T08:22:00.365Z</time>
      </trkpt>
      <trkpt lat="50.885248" lon="13.011197">
        <ele>279.662708</ele>
        <time>2026-08-04T08:22:02.929Z</time>
      </trkpt>
      <trkpt lat="50.884954" lon="13.011342">
        <ele>279.533439</ele>
        <time>2026-08-04T08:22:08.468Z</time>
      </trkpt>
      <trkpt lat="50.884870" lon="13.011519">
        <ele>278.671591</ele>
        <time>2026-08-04T08:22:10.154Z</time>
      </trkpt>
      <trkpt lat="50.884804" lon="13.011734">
        <ele>277.741208</ele>
        <time>2026-08-04T08:22:11.748Z</time>
      </trkpt>
      <trkpt lat="50.884713" lon="13.011973">
        <ele>276.654972</ele>
        <time>2026-08-04T08:22:13.463Z</time>
      </trkpt>
      <trkpt lat="50.884832" lon="13.012343">
        <ele>275.038943</ele>
        <time>2026-08-04T08:22:15.865Z</time>
      </trkpt>
      <trkpt lat="50.884870" lon="13.012584">
        <ele>274.072327</ele>
        <time>2026-08-04T08:22:17.251Z</time>
      </trkpt>
      <trkpt lat="50.884864" lon="13.012805">
        <ele>273.211583</ele>
        <time>2026-08-04T08:22:18.457Z</time>
      </trkpt>
      <trkpt lat="50.884785" lon="13.013062">
        <ele>272.099162</ele>
        <time>2026-08-04T08:22:19.996Z</time>
      </trkpt>
      <trkpt lat="50.884122" lon="13.014278">
        <ele>266.079823</ele>
        <time>2026-08-04T08:22:28.664Z</time>
      </trkpt>
      <trkpt lat="50.884087" lon="13.014326">
        <ele>265.814620</ele>
        <time>2026-08-04T08:22:29.069Z</time>
      </trkpt>
      <trkpt lat="50.884005" lon="13.014438">
        <ele>265.194368</ele>
        <time>2026-08-04T08:22:30.026Z</time>
      </trkpt>
      <trkpt lat="50.883717" lon="13.014602">
        <ele>263.440828</ele>
        <time>2026-08-04T08:22:32.784Z</time>
      </trkpt>
      <trkpt lat="50.883556" lon="13.014602">
        <ele>262.518280</ele>
        <time>2026-08-04T08:22:34.299Z</time>
      </trkpt>
      <trkpt lat="50.883079" lon="13.014181">
        <ele>259.389840</ele>
        <time>2026-08-04T08:22:40.292Z</time>
      </trkpt>
      <trkpt lat="50.882930" lon="13.013979">
        <ele>258.943953</ele>
        <time>2026-08-04T08:22:43.677Z</time>
      </trkpt>
      <trkpt lat="50.882792" lon="13.013665">
        <ele>259.183765</ele>
        <time>2026-08-04T08:22:48.679Z</time>
      </trkpt>
      <trkpt lat="50.882713" lon="13.013512">
        <ele>259.307663</ele>
        <time>2026-08-04T08:22:51.330Z</time>
      </trkpt>
      <trkpt lat="50.882581" lon="13.013395">
        <ele>259.457885</ele>
        <time>2026-08-04T08:22:54.475Z</time>
      </trkpt>
      <trkpt lat="50.882008" lon="13.013371">
        <ele>260.027237</ele>
        <time>2026-08-04T08:23:05.878Z</time>
      </trkpt>
      <trkpt lat="50.881928" lon="13.013339">
        <ele>260.109191</ele>
        <time>2026-08-04T08:23:07.623Z</time>
      </trkpt>
      <trkpt lat="50.881843" lon="13.013231">
        <ele>260.217400</ele>
        <time>2026-08-04T08:23:10.029Z</time>
      </trkpt>
      <trkpt lat="50.881834" lon="13.013212">
        <ele>260.232290</ele>
        <time>2026-08-04T08:23:10.363Z</time>
      </trkpt>
      <trkpt lat="50.881514" lon="13.012352">
        <ele>260.966810</ele>
        <time>2026-08-04T08:23:23.773Z</time>
      </trkpt>
      <trkpt lat="50.881287" lon="13.011882">
        <ele>261.515125</ele>
        <time>2026-08-04T08:23:30.603Z</time>
      </trkpt>
      <trkpt lat="50.881073" lon="13.011525">
        <ele>261.971302</ele>
        <time>2026-08-04T08:23:35.863Z</time>
      </trkpt>
      <trkpt lat="50.880618" lon="13.010880">
        <ele>262.867582</ele>
        <time>2026-08-04T08:23:49.039Z</time>
      </trkpt>
      <trkpt lat="50.880317" lon="13.010525">
        <ele>263.484748</ele>
        <time>2026-08-04T08:23:58.059Z</time>
      </trkpt>
      <trkpt lat="50.880025" lon="13.010459">
        <ele>264.112863</ele>
        <time>2026-08-04T08:24:04.942Z</time>
      </trkpt>
      <trkpt lat="50.879895" lon="13.010472">
        <ele>264.390253</ele>
        <time>2026-08-04T08:24:07.924Z</time>
      </trkpt>
      <trkpt lat="50.879759" lon="13.010535">
        <ele>264.691986</ele>
        <time>2026-08-04T08:24:11.095Z</time>
      </trkpt>
      <trkpt lat="50.879485" lon="13.010857">
        <ele>265.418381</ele>
        <time>2026-08-04T08:24:18.569Z</time>
      </trkpt>
      <trkpt lat="50.879374" lon="13.011146">
        <ele>265.872980</ele>
        <time>2026-08-04T08:24:23.230Z</time>
      </trkpt>
      <trkpt lat="50.879306" lon="13.011411">
        <ele>266.257364</ele>
        <time>2026-08-04T08:24:27.483Z</time>
      </trkpt>
      <trkpt lat="50.879133" lon="13.011728">
        <ele>266.820521</ele>
        <time>2026-08-04T08:24:33.980Z</time>
      </trkpt>
      <trkpt lat="50.878923" lon="13.012009">
        <ele>267.418829</ele>
        <time>2026-08-04T08:24:41.070Z</time>
      </trkpt>
      <trkpt lat="50.878787" lon="13.012251">
        <ele>267.872924</ele>
        <time>2026-08-04T08:24:46.241Z</time>
      </trkpt>
      <trkpt lat="50.878499" lon="13.012583">
        <ele>268.663796</ele>
        <time>2026-08-04T08:24:55.360Z</time>
      </trkpt>
      <trkpt lat="50.878188" lon="13.013045">
        <ele>269.610417</ele>
        <time>2026-08-04T08:25:06.613Z</time>
      </trkpt>
      <trkpt lat="50.877654" lon="13.013861">
        <ele>270.956422</ele>
        <time>2026-08-04T08:25:24.338Z</time>
      </trkpt>
      <trkpt lat="50.877606" lon="13.013931">
        <ele>270.831579</ele>
        <time>2026-08-04T08:25:25.514Z</time>
      </trkpt>
      <trkpt lat="50.877471" lon="13.014092">
        <ele>270.508220</ele>
        <time>2026-08-04T08:25:28.054Z</time>
      </trkpt>
      <trkpt lat="50.877093" lon="13.014466">
        <ele>269.655351</ele>
        <time>2026-08-04T08:25:33.269Z</time>
      </trkpt>
      <trkpt lat="50.876961" lon="13.014604">
        <ele>269.352698</ele>
        <time>2026-08-04T08:25:34.947Z</time>
      </trkpt>
      <trkpt lat="50.876142" lon="13.015683">
        <ele>267.585916</ele>
        <time>2026-08-04T08:25:45.412Z</time>
      </trkpt>
      <trkpt lat="50.876012" lon="13.015967">
        <ele>267.501513</ele>
        <time>2026-08-04T08:25:47.610Z</time>
      </trkpt>
      <trkpt lat="50.875764" lon="13.017155">
        <ele>267.200492</ele>
        <time>2026-08-04T08:25:56.541Z</time>
      </trkpt>
      <trkpt lat="50.875722" lon="13.017300">
        <ele>267.162111</ele>
        <time>2026-08-04T08:25:58.299Z</time>
      </trkpt>
      <trkpt lat="50.875574" lon="13.017745">
        <ele>267.041101</ele>
        <time>2026-08-04T08:26:05.598Z</time>
      </trkpt>
      <trkpt lat="50.875916" lon="13.018034">
        <ele>268.330551</ele>
        <time>2026-08-04T08:26:17.315Z</time>
      </trkpt>
      <trkpt lat="50.875967" lon="13.018134">
        <ele>268.896944</ele>
        <time>2026-08-04T08:26:20.113Z</time>
      </trkpt>
      <trkpt lat="50.876639" lon="13.020556">
        <ele>280.881270</ele>
        <time>2026-08-04T08:27:37.348Z</time>
      </trkpt>
      <trkpt lat="50.877403" lon="13.022785">
        <ele>295.638744</ele>
        <time>2026-08-04T08:29:03.312Z</time>
      </trkpt>
      <trkpt lat="50.877496" lon="13.023112">
        <ele>297.479982</ele>
        <time>2026-08-04T08:29:14.988Z</time>
      </trkpt>
      <trkpt lat="50.877699" lon="13.024008">
        <ele>302.178074</ele>
        <time>2026-08-04T08:29:44.651Z</time>
      </trkpt>
      <trkpt lat="50.877849" lon="13.024890">
        <ele>306.685990</ele>
        <time>2026-08-04T08:30:10.677Z</time>
      </trkpt>
      <trkpt lat="50.878057" lon="13.025665">
        <ele>310.662919</ele>
        <time>2026-08-04T08:30:32.991Z</time>
      </trkpt>
      <trkpt lat="50.879011" lon="13.027896">
        <ele>320.389740</ele>
        <time>2026-08-04T08:31:36.462Z</time>
      </trkpt>
      <trkpt lat="50.879163" lon="13.028306">
        <ele>321.887134</ele>
        <time>2026-08-04T08:31:46.661Z</time>
      </trkpt>
      <trkpt lat="50.879260" lon="13.028668">
        <ele>323.117452</ele>
        <time>2026-08-04T08:31:55.062Z</time>
      </trkpt>
      <trkpt lat="50.879312" lon="13.028982">
        <ele>324.132993</ele>
        <time>2026-08-04T08:32:02.029Z</time>
      </trkpt>
      <trkpt lat="50.879351" lon="13.029498">
        <ele>325.758710</ele>
        <time>2026-08-04T08:32:13.218Z</time>
      </trkpt>
      <trkpt lat="50.879329" lon="13.030014">
        <ele>327.376567</ele>
        <time>2026-08-04T08:32:24.467Z</time>
      </trkpt>
      <trkpt lat="50.879282" lon="13.030342">
        <ele>328.428761</ele>
        <time>2026-08-04T08:32:31.957Z</time>
      </trkpt>
      <trkpt lat="50.879212" lon="13.030664">
        <ele>329.479979</ele>
        <time>2026-08-04T08:32:39.462Z</time>
      </trkpt>
      <trkpt lat="50.878921" lon="13.031560">
        <ele>332.237724</ele>
        <time>2026-08-04T08:33:01.814Z</time>
      </trkpt>
      <trkpt lat="50.878846" lon="13.031801">
        <ele>332.973101</ele>
        <time>2026-08-04T08:33:07.725Z</time>
      </trkpt>
      <trkpt lat="50.878691" lon="13.032288">
        <ele>334.465782</ele>
        <time>2026-08-04T08:33:19.172Z</time>
      </trkpt>
      <trkpt lat="50.878517" lon="13.032854">
        <ele>336.188770</ele>
        <time>2026-08-04T08:33:31.360Z</time>
      </trkpt>
      <trkpt lat="50.878490" lon="13.033134">
        <ele>336.963920</ele>
        <time>2026-08-04T08:33:36.468Z</time>
      </trkpt>
      <trkpt lat="50.878501" lon="13.033334">
        <ele>337.306079</ele>
        <time>2026-08-04T08:33:39.929Z</time>
      </trkpt>
      <trkpt lat="50.878543" lon="13.033541">
        <ele>337.529067</ele>
        <time>2026-08-04T08:33:43.501Z</time>
      </trkpt>
      <trkpt lat="50.879034" lon="13.034930">
        <ele>339.161810</ele>
        <time>2026-08-04T08:34:06.319Z</time>
      </trkpt>
      <trkpt lat="50.879058" lon="13.035085">
        <ele>339.325479</ele>
        <time>2026-08-04T08:34:08.253Z</time>
      </trkpt>
      <trkpt lat="50.879039" lon="13.035261">
        <ele>339.508590</ele>
        <time>2026-08-04T08:34:10.309Z</time>
      </trkpt>
      <trkpt lat="50.878310" lon="13.036173">
        <ele>339.551474</ele>
        <time>2026-08-04T08:34:23.707Z</time>
      </trkpt>
      <trkpt lat="50.877947" lon="13.036807">
        <ele>339.018900</ele>
        <time>2026-08-04T08:34:29.965Z</time>
      </trkpt>
      <trkpt lat="50.877495" lon="13.037797">
        <ele>338.513200</ele>
        <time>2026-08-04T08:34:38.241Z</time>
      </trkpt>
      <trkpt lat="50.877325" lon="13.038108">
        <ele>339.147133</ele>
        <time>2026-08-04T08:34:41.638Z</time>
      </trkpt>
      <trkpt lat="50.876890" lon="13.038730">
        <ele>340.577670</ele>
        <time>2026-08-04T08:34:53.871Z</time>
      </trkpt>
      <trkpt lat="50.877016" lon="13.039327">
        <ele>341.547535</ele>
        <time>2026-08-04T08:35:05.631Z</time>
      </trkpt>
      <trkpt lat="50.877237" lon="13.039968">
        <ele>342.672905</ele>
        <time>2026-08-04T08:35:22.564Z</time>
      </trkpt>
      <trkpt lat="50.877924" lon="13.041337">
        <ele>347.891222</ele>
        <time>2026-08-04T08:36:05.529Z</time>
      </trkpt>
      <trkpt lat="50.878189" lon="13.042145">
        <ele>350.633081</ele>
        <time>2026-08-04T08:36:22.468Z</time>
      </trkpt>
      <trkpt lat="50.878248" lon="13.042390">
        <ele>351.358107</ele>
        <time>2026-08-04T08:36:26.965Z</time>
      </trkpt>
      <trkpt lat="50.878317" lon="13.043319">
        <ele>352.608753</ele>
        <time>2026-08-04T08:36:41.702Z</time>
      </trkpt>
      <trkpt lat="50.878325" lon="13.043471">
        <ele>352.812682</ele>
        <time>2026-08-04T08:36:44.052Z</time>
      </trkpt>
      <trkpt lat="50.878333" lon="13.043591">
        <ele>352.974015</ele>
        <time>2026-08-04T08:36:45.914Z</time>
      </trkpt>
      <trkpt lat="50.878618" lon="13.045198">
        <ele>355.093736</ele>
        <time>2026-08-04T08:37:09.488Z</time>
      </trkpt>
      <trkpt lat="50.878811" lon="13.045726">
        <ele>354.870774</ele>
        <time>2026-08-04T08:37:16.065Z</time>
      </trkpt>
      <trkpt lat="50.878862" lon="13.045909">
        <ele>354.797675</ele>
        <time>2026-08-04T08:37:17.906Z</time>
      </trkpt>
      <trkpt lat="50.879143" lon="13.047457">
        <ele>354.209112</ele>
        <time>2026-08-04T08:37:29.692Z</time>
      </trkpt>
      <trkpt lat="50.879204" lon="13.047868">
        <ele>354.055369</ele>
        <time>2026-08-04T08:37:32.628Z</time>
      </trkpt>
      <trkpt lat="50.879287" lon="13.049111">
        <ele>353.609985</ele>
        <time>2026-08-04T08:37:42.827Z</time>
      </trkpt>
      <trkpt lat="50.879368" lon="13.049320">
        <ele>353.522586</ele>
        <time>2026-08-04T08:37:45.021Z</time>
      </trkpt>
      <trkpt lat="50.879436" lon="13.049388">
        <ele>353.477179</ele>
        <time>2026-08-04T08:37:46.230Z</time>
      </trkpt>
      <trkpt lat="50.879882" lon="13.049455">
        <ele>353.224178</ele>
        <time>2026-08-04T08:37:52.692Z</time>
      </trkpt>
      <trkpt lat="50.879960" lon="13.049494">
        <ele>353.177989</ele>
        <time>2026-08-04T08:37:53.832Z</time>
      </trkpt>
      <trkpt lat="50.880076" lon="13.049618">
        <ele>353.098972</ele>
        <time>2026-08-04T08:37:55.878Z</time>
      </trkpt>
      <trkpt lat="50.879844" lon="13.049970">
        <ele>352.625717</ele>
        <time>2026-08-04T08:38:00.498Z</time>
      </trkpt>
      <trkpt lat="50.879758" lon="13.050168">
        <ele>352.365051</ele>
        <time>2026-08-04T08:38:02.549Z</time>
      </trkpt>
      <trkpt lat="50.879672" lon="13.050476">
        <ele>351.999813</ele>
        <time>2026-08-04T08:38:05.123Z</time>
      </trkpt>
      <trkpt lat="50.879328" lon="13.052049">
        <ele>350.194497</ele>
        <time>2026-08-04T08:38:16.381Z</time>
      </trkpt>
      <trkpt lat="50.879226" lon="13.052611">
        <ele>349.102323</ele>
        <time>2026-08-04T08:38:20.202Z</time>
      </trkpt>
      <trkpt lat="50.879229" lon="13.053545">
        <ele>346.954720</ele>
        <time>2026-08-04T08:38:26.299Z</time>
      </trkpt>
      <trkpt lat="50.879210" lon="13.053756">
        <ele>346.464645</ele>
        <time>2026-08-04T08:38:27.659Z</time>
      </trkpt>
      <trkpt lat="50.879160" lon="13.053965">
        <ele>345.950700</ele>
        <time>2026-08-04T08:38:29.064Z</time>
      </trkpt>
      <trkpt lat="50.879036" lon="13.054181">
        <ele>345.279236</ele>
        <time>2026-08-04T08:38:30.860Z</time>
      </trkpt>
      <trkpt lat="50.878873" lon="13.054277">
        <ele>344.645544</ele>
        <time>2026-08-04T08:38:32.537Z</time>
      </trkpt>
      <trkpt lat="50.878744" lon="13.054289">
        <ele>344.174633</ele>
        <time>2026-08-04T08:38:33.774Z</time>
      </trkpt>
      <trkpt lat="50.878523" lon="13.054196">
        <ele>343.306618</ele>
        <time>2026-08-04T08:38:35.937Z</time>
      </trkpt>
      <trkpt lat="50.877837" lon="13.053615">
        <ele>339.126840</ele>
        <time>2026-08-04T08:38:43.131Z</time>
      </trkpt>
      <trkpt lat="50.876803" lon="13.052973">
        <ele>333.282332</ele>
        <time>2026-08-04T08:38:53.381Z</time>
      </trkpt>
      <trkpt lat="50.876545" lon="13.052962">
        <ele>332.185023</ele>
        <time>2026-08-04T08:38:55.916Z</time>
      </trkpt>
      <trkpt lat="50.876397" lon="13.053061">
        <ele>331.502031</ele>
        <time>2026-08-04T08:38:57.498Z</time>
      </trkpt>
      <trkpt lat="50.876015" lon="13.053406">
        <ele>329.632705</ele>
        <time>2026-08-04T08:39:01.871Z</time>
      </trkpt>
      <trkpt lat="50.875885" lon="13.053440">
        <ele>329.072521</ele>
        <time>2026-08-04T08:39:03.187Z</time>
      </trkpt>
      <trkpt lat="50.875810" lon="13.053437">
        <ele>328.753549</ele>
        <time>2026-08-04T08:39:03.929Z</time>
      </trkpt>
      <trkpt lat="50.875698" lon="13.053383">
        <ele>328.255820</ele>
        <time>2026-08-04T08:39:05.098Z</time>
      </trkpt>
      <trkpt lat="50.875105" lon="13.052677">
        <ele>324.771912</ele>
        <time>2026-08-04T08:39:12.307Z</time>
      </trkpt>
      <trkpt lat="50.874484" lon="13.052003">
        <ele>320.513620</ele>
        <time>2026-08-04T08:39:19.222Z</time>
      </trkpt>
      <trkpt lat="50.873870" lon="13.051337">
        <ele>316.304122</ele>
        <time>2026-08-04T08:39:26.047Z</time>
      </trkpt>
      <trkpt lat="50.873356" lon="13.050507">
        <ele>311.051974</ele>
        <time>2026-08-04T08:39:32.733Z</time>
      </trkpt>
      <trkpt lat="50.873136" lon="13.050161">
        <ele>308.787034</ele>
        <time>2026-08-04T08:39:35.514Z</time>
      </trkpt>
      <trkpt lat="50.872618" lon="13.049473">
        <ele>303.848144</ele>
        <time>2026-08-04T08:39:41.457Z</time>
      </trkpt>
      <trkpt lat="50.872409" lon="13.049294">
        <ele>302.095882</ele>
        <time>2026-08-04T08:39:43.519Z</time>
      </trkpt>
      <trkpt lat="50.872184" lon="13.049178">
        <ele>300.325025</ele>
        <time>2026-08-04T08:39:45.595Z</time>
      </trkpt>
      <trkpt lat="50.872055" lon="13.049059">
        <ele>299.207869</ele>
        <time>2026-08-04T08:39:46.922Z</time>
      </trkpt>
      <trkpt lat="50.871627" lon="13.048536">
        <ele>295.162778</ele>
        <time>2026-08-04T08:39:51.838Z</time>
      </trkpt>
      <trkpt lat="50.871460" lon="13.048469">
        <ele>293.873457</ele>
        <time>2026-08-04T08:39:53.399Z</time>
      </trkpt>
      <trkpt lat="50.871050" lon="13.048614">
        <ele>290.729385</ele>
        <time>2026-08-04T08:39:57.121Z</time>
      </trkpt>
      <trkpt lat="50.870850" lon="13.048571">
        <ele>289.227218</ele>
        <time>2026-08-04T08:39:58.881Z</time>
      </trkpt>
      <trkpt lat="50.870771" lon="13.048518">
        <ele>288.637937</ele>
        <time>2026-08-04T08:39:59.641Z</time>
      </trkpt>
      <trkpt lat="50.870487" lon="13.048231">
        <ele>286.324199</ele>
        <time>2026-08-04T08:40:02.666Z</time>
      </trkpt>
      <trkpt lat="50.870041" lon="13.047893">
        <ele>282.928284</ele>
        <time>2026-08-04T08:40:07.072Z</time>
      </trkpt>
      <trkpt lat="50.869884" lon="13.047868">
        <ele>281.844421</ele>
        <time>2026-08-04T08:40:08.460Z</time>
      </trkpt>
      <trkpt lat="50.869773" lon="13.047930">
        <ele>281.035980</ele>
        <time>2026-08-04T08:40:09.496Z</time>
      </trkpt>
      <trkpt lat="50.869619" lon="13.048122">
        <ele>279.689976</ele>
        <time>2026-08-04T08:40:11.223Z</time>
      </trkpt>
      <trkpt lat="50.869525" lon="13.048345">
        <ele>278.527478</ele>
        <time>2026-08-04T08:40:12.751Z</time>
      </trkpt>
      <trkpt lat="50.868462" lon="13.049486">
        <ele>272.951874</ele>
        <time>2026-08-04T08:40:25.452Z</time>
      </trkpt>
      <trkpt lat="50.868320" lon="13.049668">
        <ele>272.257994</ele>
        <time>2026-08-04T08:40:27.302Z</time>
      </trkpt>
      <trkpt lat="50.867654" lon="13.050545">
        <ele>269.511382</ele>
        <time>2026-08-04T08:40:35.963Z</time>
      </trkpt>
      <trkpt lat="50.867233" lon="13.051360">
        <ele>268.164012</ele>
        <time>2026-08-04T08:40:42.886Z</time>
      </trkpt>
      <trkpt lat="50.867120" lon="13.051512">
        <ele>267.863541</ele>
        <time>2026-08-04T08:40:44.524Z</time>
      </trkpt>
      <trkpt lat="50.866822" lon="13.051737">
        <ele>267.194394</ele>
        <time>2026-08-04T08:40:48.366Z</time>
      </trkpt>
      <trkpt lat="50.866578" lon="13.051989">
        <ele>266.603992</ele>
        <time>2026-08-04T08:40:52.011Z</time>
      </trkpt>
      <trkpt lat="50.866399" lon="13.052093">
        <ele>266.667500</ele>
        <time>2026-08-04T08:40:54.513Z</time>
      </trkpt>
      <trkpt lat="50.866367" lon="13.052493">
        <ele>267.013245</ele>
        <time>2026-08-04T08:40:58.401Z</time>
      </trkpt>
      <trkpt lat="50.866284" lon="13.052847">
        <ele>267.337070</ele>
        <time>2026-08-04T08:41:02.922Z</time>
      </trkpt>
      <trkpt lat="50.866033" lon="13.053586">
        <ele>268.056701</ele>
        <time>2026-08-04T08:41:14.998Z</time>
      </trkpt>
      <trkpt lat="50.865960" lon="13.053788">
        <ele>268.256303</ele>
        <time>2026-08-04T08:41:18.873Z</time>
      </trkpt>
      <trkpt lat="50.865953" lon="13.053806">
        <ele>268.274433</ele>
        <time>2026-08-04T08:41:19.210Z</time>
      </trkpt>
      <trkpt lat="50.865435" lon="13.055281">
        <ele>269.665126</ele>
        <time>2026-08-04T08:41:44.620Z</time>
      </trkpt>
      <trkpt lat="50.864762" lon="13.057115">
        <ele>271.240610</ele>
        <time>2026-08-04T08:42:08.871Z</time>
      </trkpt>
      <trkpt lat="50.864665" lon="13.057381">
        <ele>271.306171</ele>
        <time>2026-08-04T08:42:11.934Z</time>
      </trkpt>
      <trkpt lat="50.864420" lon="13.058066">
        <ele>271.474201</ele>
        <time>2026-08-04T08:42:19.791Z</time>
      </trkpt>
      <trkpt lat="50.863780" lon="13.059862">
        <ele>272.008597</ele>
        <time>2026-08-04T08:42:40.559Z</time>
      </trkpt>
      <trkpt lat="50.863712" lon="13.060032">
        <ele>272.089360</ele>
        <time>2026-08-04T08:42:42.304Z</time>
      </trkpt>
      <trkpt lat="50.863624" lon="13.060254">
        <ele>272.194556</ele>
        <time>2026-08-04T08:42:44.656Z</time>
      </trkpt>
      <trkpt lat="50.863569" lon="13.060391">
        <ele>272.259711</ele>
        <time>2026-08-04T08:42:46.151Z</time>
      </trkpt>
      <trkpt lat="50.863316" lon="13.061046">
        <ele>272.567864</ele>
        <time>2026-08-04T08:42:53.922Z</time>
      </trkpt>
      <trkpt lat="50.863077" lon="13.061736">
        <ele>272.883705</ele>
        <time>2026-08-04T08:43:03.886Z</time>
      </trkpt>
      <trkpt lat="50.862959" lon="13.062137">
        <ele>273.357649</ele>
        <time>2026-08-04T08:43:09.572Z</time>
      </trkpt>
      <trkpt lat="50.862836" lon="13.062736">
        <ele>274.289091</ele>
        <time>2026-08-04T08:43:18.559Z</time>
      </trkpt>
      <trkpt lat="50.862737" lon="13.063407">
        <ele>275.308054</ele>
        <time>2026-08-04T08:43:29.998Z</time>
      </trkpt>
      <trkpt lat="50.862730" lon="13.063464">
        <ele>275.393921</ele>
        <time>2026-08-04T08:43:31.013Z</time>
      </trkpt>
      <trkpt lat="50.862673" lon="13.064074">
        <ele>276.305769</ele>
        <time>2026-08-04T08:43:41.763Z</time>
      </trkpt>
      <trkpt lat="50.862566" lon="13.065230">
        <ele>276.676223</ele>
        <time>2026-08-04T08:44:00.292Z</time>
      </trkpt>
      <trkpt lat="50.862549" lon="13.065321">
        <ele>276.597324</ele>
        <time>2026-08-04T08:44:01.491Z</time>
      </trkpt>
      <trkpt lat="50.862494" lon="13.065601">
        <ele>276.353526</ele>
        <time>2026-08-04T08:44:04.860Z</time>
      </trkpt>
      <trkpt lat="50.862423" lon="13.065951">
        <ele>276.047885</ele>
        <time>2026-08-04T08:44:08.172Z</time>
      </trkpt>
      <trkpt lat="50.862324" lon="13.066266">
        <ele>275.755332</ele>
        <time>2026-08-04T08:44:10.669Z</time>
      </trkpt>
      <trkpt lat="50.862163" lon="13.066621">
        <ele>275.391904</ele>
        <time>2026-08-04T08:44:13.421Z</time>
      </trkpt>
      <trkpt lat="50.861983" lon="13.066487">
        <ele>275.129944</ele>
        <time>2026-08-04T08:44:15.317Z</time>
      </trkpt>
      <trkpt lat="50.861750" lon="13.066353">
        <ele>274.803448</ele>
        <time>2026-08-04T08:44:17.662Z</time>
      </trkpt>
      <trkpt lat="50.861668" lon="13.066308">
        <ele>274.489799</ele>
        <time>2026-08-04T08:44:18.485Z</time>
      </trkpt>
      <trkpt lat="50.861384" lon="13.066150">
        <ele>273.350576</ele>
        <time>2026-08-04T08:44:21.309Z</time>
      </trkpt>
      <trkpt lat="50.861135" lon="13.066033">
        <ele>272.367590</ele>
        <time>2026-08-04T08:44:23.710Z</time>
      </trkpt>
      <trkpt lat="50.861097" lon="13.066015">
        <ele>272.217478</ele>
        <time>2026-08-04T08:44:24.085Z</time>
      </trkpt>
      <trkpt lat="50.860760" lon="13.065882">
        <ele>270.903028</ele>
        <time>2026-08-04T08:44:27.312Z</time>
      </trkpt>
      <trkpt lat="50.860710" lon="13.065865">
        <ele>270.709480</ele>
        <time>2026-08-04T08:44:27.789Z</time>
      </trkpt>
      <trkpt lat="50.860668" lon="13.065851">
        <ele>270.547039</ele>
        <time>2026-08-04T08:44:28.200Z</time>
      </trkpt>
      <trkpt lat="50.860626" lon="13.065837">
        <ele>270.384597</ele>
        <time>2026-08-04T08:44:28.620Z</time>
      </trkpt>
      <trkpt lat="50.860404" lon="13.065762">
        <ele>269.525485</ele>
        <time>2026-08-04T08:44:30.863Z</time>
      </trkpt>
      <trkpt lat="50.860025" lon="13.065627">
        <ele>268.055244</ele>
        <time>2026-08-04T08:44:35.345Z</time>
      </trkpt>
      <trkpt lat="50.859921" lon="13.065608">
        <ele>268.031805</ele>
        <time>2026-08-04T08:44:36.848Z</time>
      </trkpt>
      <trkpt lat="50.859792" lon="13.065634">
        <ele>268.097194</ele>
        <time>2026-08-04T08:44:38.922Z</time>
      </trkpt>
      <trkpt lat="50.859474" lon="13.065974">
        <ele>268.290107</ele>
        <time>2026-08-04T08:44:45.615Z</time>
      </trkpt>
      <trkpt lat="50.859426" lon="13.066015">
        <ele>268.317528</ele>
        <time>2026-08-04T08:44:46.572Z</time>
      </trkpt>
      <trkpt lat="50.859293" lon="13.066122">
        <ele>268.392535</ele>
        <time>2026-08-04T08:44:49.241Z</time>
      </trkpt>
      <trkpt lat="50.859256" lon="13.066146">
        <ele>268.412640</ele>
        <time>2026-08-04T08:44:49.973Z</time>
      </trkpt>
      <trkpt lat="50.859179" lon="13.066205">
        <ele>268.455649</ele>
        <time>2026-08-04T08:44:51.572Z</time>
      </trkpt>
      <trkpt lat="50.859089" lon="13.066278">
        <ele>268.506492</ele>
        <time>2026-08-04T08:44:53.526Z</time>
      </trkpt>
      <trkpt lat="50.858862" lon="13.066470">
        <ele>268.635887</ele>
        <time>2026-08-04T08:44:58.756Z</time>
      </trkpt>
      <trkpt lat="50.858507" lon="13.066757">
        <ele>268.836296</ele>
        <time>2026-08-04T08:45:06.934Z</time>
      </trkpt>
      <trkpt lat="50.858267" lon="13.067087">
        <ele>269.036496</ele>
        <time>2026-08-04T08:45:12.491Z</time>
      </trkpt>
      <trkpt lat="50.858103" lon="13.067382">
        <ele>269.209937</ele>
        <time>2026-08-04T08:45:16.495Z</time>
      </trkpt>
      <trkpt lat="50.857947" lon="13.067656">
        <ele>269.372741</ele>
        <time>2026-08-04T08:45:20.164Z</time>
      </trkpt>
      <trkpt lat="50.857884" lon="13.067765">
        <ele>269.437949</ele>
        <time>2026-08-04T08:45:21.621Z</time>
      </trkpt>
      <trkpt lat="50.857687" lon="13.068112">
        <ele>269.643866</ele>
        <time>2026-08-04T08:45:26.416Z</time>
      </trkpt>
      <trkpt lat="50.857393" lon="13.068660">
        <ele>269.961187</ele>
        <time>2026-08-04T08:45:34.621Z</time>
      </trkpt>
      <trkpt lat="50.857293" lon="13.068895">
        <ele>270.086234</ele>
        <time>2026-08-04T08:45:38.097Z</time>
      </trkpt>
      <trkpt lat="50.856806" lon="13.070279">
        <ele>270.533727</ele>
        <time>2026-08-04T08:45:57.184Z</time>
      </trkpt>
      <trkpt lat="50.856788" lon="13.070335">
        <ele>270.550478</ele>
        <time>2026-08-04T08:45:57.863Z</time>
      </trkpt>
      <trkpt lat="50.856683" lon="13.070648">
        <ele>270.644961</ele>
        <time>2026-08-04T08:46:01.514Z</time>
      </trkpt>
      <trkpt lat="50.856660" lon="13.070715">
        <ele>270.665290</ele>
        <time>2026-08-04T08:46:02.263Z</time>
      </trkpt>
      <trkpt lat="50.856544" lon="13.070974">
        <ele>270.749941</ele>
        <time>2026-08-04T08:46:05.159Z</time>
      </trkpt>
      <trkpt lat="50.856320" lon="13.071230">
        <ele>270.866575</ele>
        <time>2026-08-04T08:46:08.909Z</time>
      </trkpt>
      <trkpt lat="50.856165" lon="13.071338">
        <ele>270.868218</ele>
        <time>2026-08-04T08:46:11.100Z</time>
      </trkpt>
      <trkpt lat="50.856137" lon="13.071359">
        <ele>270.849628</ele>
        <time>2026-08-04T08:46:11.496Z</time>
      </trkpt>
      <trkpt lat="50.855990" lon="13.071426">
        <ele>270.757838</ele>
        <time>2026-08-04T08:46:13.419Z</time>
      </trkpt>
      <trkpt lat="50.855964" lon="13.071430">
        <ele>270.742162</ele>
        <time>2026-08-04T08:46:13.741Z</time>
      </trkpt>
      <trkpt lat="50.855689" lon="13.071495">
        <ele>270.575314</ele>
        <time>2026-08-04T08:46:17.202Z</time>
      </trkpt>
      <trkpt lat="50.855504" lon="13.071553">
        <ele>270.462147</ele>
        <time>2026-08-04T08:46:19.537Z</time>
      </trkpt>
      <trkpt lat="50.854951" lon="13.071708">
        <ele>270.125149</ele>
        <time>2026-08-04T08:46:26.549Z</time>
      </trkpt>
      <trkpt lat="50.854728" lon="13.071786">
        <ele>269.988109</ele>
        <time>2026-08-04T08:46:29.457Z</time>
      </trkpt>
      <trkpt lat="50.854547" lon="13.071882">
        <ele>269.873568</ele>
        <time>2026-08-04T08:46:31.990Z</time>
      </trkpt>
      <trkpt lat="50.854498" lon="13.071909">
        <ele>269.842436</ele>
        <time>2026-08-04T08:46:32.697Z</time>
      </trkpt>
      <trkpt lat="50.854304" lon="13.072025">
        <ele>269.897566</ele>
        <time>2026-08-04T08:46:35.671Z</time>
      </trkpt>
      <trkpt lat="50.854275" lon="13.072045">
        <ele>269.909044</ele>
        <time>2026-08-04T08:46:36.161Z</time>
      </trkpt>
      <trkpt lat="50.853899" lon="13.072339">
        <ele>270.061207</ele>
        <time>2026-08-04T08:46:43.199Z</time>
      </trkpt>
      <trkpt lat="50.853848" lon="13.072402">
        <ele>270.084676</ele>
        <time>2026-08-04T08:46:44.447Z</time>
      </trkpt>
      <trkpt lat="50.853717" lon="13.072559">
        <ele>270.144288</ele>
        <time>2026-08-04T08:46:47.393Z</time>
      </trkpt>
      <trkpt lat="50.853593" lon="13.072713">
        <ele>270.201467</ele>
        <time>2026-08-04T08:46:50.087Z</time>
      </trkpt>
      <trkpt lat="50.853490" lon="13.072865">
        <ele>270.252552</ele>
        <time>2026-08-04T08:46:52.419Z</time>
      </trkpt>
      <trkpt lat="50.853357" lon="13.073080">
        <ele>270.321512</ele>
        <time>2026-08-04T08:46:55.664Z</time>
      </trkpt>
      <trkpt lat="50.853209" lon="13.073353">
        <ele>270.403950</ele>
        <time>2026-08-04T08:46:59.582Z</time>
      </trkpt>
      <trkpt lat="50.853080" lon="13.073589">
        <ele>270.475466</ele>
        <time>2026-08-04T08:47:02.955Z</time>
      </trkpt>
      <trkpt lat="50.852773" lon="13.074094">
        <ele>270.575614</ele>
        <time>2026-08-04T08:47:10.281Z</time>
      </trkpt>
      <trkpt lat="50.852422" lon="13.074564">
        <ele>270.676693</ele>
        <time>2026-08-04T08:47:17.565Z</time>
      </trkpt>
      <trkpt lat="50.852140" lon="13.075017">
        <ele>270.765022</ele>
        <time>2026-08-04T08:47:22.988Z</time>
      </trkpt>
      <trkpt lat="50.851991" lon="13.075277">
        <ele>270.813775</ele>
        <time>2026-08-04T08:47:26.187Z</time>
      </trkpt>
      <trkpt lat="50.851933" lon="13.075379">
        <ele>270.832835</ele>
        <time>2026-08-04T08:47:27.514Z</time>
      </trkpt>
      <trkpt lat="50.851747" lon="13.075741">
        <ele>270.931757</ele>
        <time>2026-08-04T08:47:32.235Z</time>
      </trkpt>
      <trkpt lat="50.851602" lon="13.076033">
        <ele>271.073706</ele>
        <time>2026-08-04T08:47:36.197Z</time>
      </trkpt>
      <trkpt lat="50.851555" lon="13.076132">
        <ele>271.121036</ele>
        <time>2026-08-04T08:47:37.564Z</time>
      </trkpt>
      <trkpt lat="50.851464" lon="13.076315">
        <ele>271.210045</ele>
        <time>2026-08-04T08:47:40.251Z</time>
      </trkpt>
      <trkpt lat="50.851390" lon="13.076458">
        <ele>271.280694</ele>
        <time>2026-08-04T08:47:42.452Z</time>
      </trkpt>
      <trkpt lat="50.851285" lon="13.076583">
        <ele>271.360190</ele>
        <time>2026-08-04T08:47:44.972Z</time>
      </trkpt>
      <trkpt lat="50.851140" lon="13.076757">
        <ele>271.470289</ele>
        <time>2026-08-04T08:47:48.455Z</time>
      </trkpt>
      <trkpt lat="50.850789" lon="13.077168">
        <ele>271.734468</ele>
        <time>2026-08-04T08:47:56.261Z</time>
      </trkpt>
      <trkpt lat="50.850561" lon="13.077447">
        <ele>271.908843</ele>
        <time>2026-08-04T08:48:01.218Z</time>
      </trkpt>
      <trkpt lat="50.850520" lon="13.077490">
        <ele>271.938604</ele>
        <time>2026-08-04T08:48:02.059Z</time>
      </trkpt>
      <trkpt lat="50.850387" lon="13.077652">
        <ele>271.984501</ele>
        <time>2026-08-04T08:48:04.814Z</time>
      </trkpt>
      <trkpt lat="50.850280" lon="13.077763">
        <ele>272.003227</ele>
        <time>2026-08-04T08:48:06.850Z</time>
      </trkpt>
      <trkpt lat="50.850007" lon="13.078049">
        <ele>272.051146</ele>
        <time>2026-08-04T08:48:12.070Z</time>
      </trkpt>
      <trkpt lat="50.849940" lon="13.078114">
        <ele>272.062649</ele>
        <time>2026-08-04T08:48:13.309Z</time>
      </trkpt>
      <trkpt lat="50.849918" lon="13.078130">
        <ele>272.066193</ele>
        <time>2026-08-04T08:48:13.705Z</time>
      </trkpt>
      <trkpt lat="50.849865" lon="13.078169">
        <ele>272.074749</ele>
        <time>2026-08-04T08:48:14.687Z</time>
      </trkpt>
      <trkpt lat="50.849758" lon="13.078237">
        <ele>272.091628</ele>
        <time>2026-08-04T08:48:16.562Z</time>
      </trkpt>
      <trkpt lat="50.849692" lon="13.078279">
        <ele>272.102042</ele>
        <time>2026-08-04T08:48:17.713Z</time>
      </trkpt>
      <trkpt lat="50.849645" lon="13.078302">
        <ele>272.109243</ele>
        <time>2026-08-04T08:48:18.475Z</time>
      </trkpt>
      <trkpt lat="50.849593" lon="13.078330">
        <ele>272.117284</ele>
        <time>2026-08-04T08:48:19.358Z</time>
      </trkpt>
      <trkpt lat="50.849194" lon="13.078487">
        <ele>272.177475</ele>
        <time>2026-08-04T08:48:25.103Z</time>
      </trkpt>
      <trkpt lat="50.848838" lon="13.078612">
        <ele>272.228261</ele>
        <time>2026-08-04T08:48:32.251Z</time>
      </trkpt>
      <trkpt lat="50.848662" lon="13.078674">
        <ele>272.167574</ele>
        <time>2026-08-04T08:48:35.718Z</time>
      </trkpt>
      <trkpt lat="50.848572" lon="13.078705">
        <ele>272.136573</ele>
        <time>2026-08-04T08:48:37.490Z</time>
      </trkpt>
      <trkpt lat="50.848358" lon="13.078781">
        <ele>272.062755</ele>
        <time>2026-08-04T08:48:41.774Z</time>
      </trkpt>
      <trkpt lat="50.848102" lon="13.078871">
        <ele>271.974492</ele>
        <time>2026-08-04T08:48:47.047Z</time>
      </trkpt>
      <trkpt lat="50.847936" lon="13.078928">
        <ele>271.917321</ele>
        <time>2026-08-04T08:48:49.546Z</time>
      </trkpt>
      <trkpt lat="50.847869" lon="13.078952">
        <ele>271.894200</ele>
        <time>2026-08-04T08:48:50.452Z</time>
      </trkpt>
      <trkpt lat="50.847818" lon="13.078973">
        <ele>271.876464</ele>
        <time>2026-08-04T08:48:51.159Z</time>
      </trkpt>
      <trkpt lat="50.847738" lon="13.079005">
        <ele>271.848692</ele>
        <time>2026-08-04T08:48:52.199Z</time>
      </trkpt>
      <trkpt lat="50.847480" lon="13.079106">
        <ele>271.759239</ele>
        <time>2026-08-04T08:48:55.501Z</time>
      </trkpt>
      <trkpt lat="50.847233" lon="13.079294">
        <ele>271.667001</ele>
        <time>2026-08-04T08:48:59.167Z</time>
      </trkpt>
      <trkpt lat="50.846984" lon="13.079622">
        <ele>271.725865</ele>
        <time>2026-08-04T08:49:03.445Z</time>
      </trkpt>
      <trkpt lat="50.846748" lon="13.079947">
        <ele>271.885598</ele>
        <time>2026-08-04T08:49:07.697Z</time>
      </trkpt>
      <trkpt lat="50.846670" lon="13.080053">
        <ele>271.938093</ele>
        <time>2026-08-04T08:49:09.401Z</time>
      </trkpt>
      <trkpt lat="50.846511" lon="13.080270">
        <ele>272.045296</ele>
        <time>2026-08-04T08:49:12.952Z</time>
      </trkpt>
      <trkpt lat="50.846385" lon="13.080444">
        <ele>272.130680</ele>
        <time>2026-08-04T08:49:15.815Z</time>
      </trkpt>
      <trkpt lat="50.846301" lon="13.080558">
        <ele>272.187181</ele>
        <time>2026-08-04T08:49:17.669Z</time>
      </trkpt>
      <trkpt lat="50.846208" lon="13.080622">
        <ele>272.238972</ele>
        <time>2026-08-04T08:49:19.404Z</time>
      </trkpt>
      <trkpt lat="50.846154" lon="13.080533">
        <ele>272.278778</ele>
        <time>2026-08-04T08:49:20.674Z</time>
      </trkpt>
      <trkpt lat="50.845932" lon="13.080188">
        <ele>272.437637</ele>
        <time>2026-08-04T08:49:26.202Z</time>
      </trkpt>
      <trkpt lat="50.845924" lon="13.080172">
        <ele>272.444219</ele>
        <time>2026-08-04T08:49:26.460Z</time>
      </trkpt>
      <trkpt lat="50.845837" lon="13.080017">
        <ele>272.511102</ele>
        <time>2026-08-04T08:49:29.093Z</time>
      </trkpt>
      <trkpt lat="50.845664" lon="13.079626">
        <ele>273.062954</ele>
        <time>2026-08-04T08:49:35.299Z</time>
      </trkpt>
      <trkpt lat="50.845608" lon="13.079386">
        <ele>273.415181</ele>
        <time>2026-08-04T08:49:39.220Z</time>
      </trkpt>
      <trkpt lat="50.845490" lon="13.078907">
        <ele>274.122993</ele>
        <time>2026-08-04T08:49:48.667Z</time>
      </trkpt>
      <trkpt lat="50.845482" lon="13.078809">
        <ele>274.259026</ele>
        <time>2026-08-04T08:49:50.506Z</time>
      </trkpt>
      <trkpt lat="50.845482" lon="13.078655">
        <ele>274.471026</ele>
        <time>2026-08-04T08:49:53.202Z</time>
      </trkpt>
      <trkpt lat="50.845528" lon="13.078412">
        <ele>274.820256</ele>
        <time>2026-08-04T08:49:57.437Z</time>
      </trkpt>
      <trkpt lat="50.845580" lon="13.078205">
        <ele>275.126942</ele>
        <time>2026-08-04T08:50:00.899Z</time>
      </trkpt>
      <trkpt lat="50.845596" lon="13.078140">
        <ele>275.222982</ele>
        <time>2026-08-04T08:50:01.973Z</time>
      </trkpt>
      <trkpt lat="50.845642" lon="13.077912">
        <ele>275.552485</ele>
        <time>2026-08-04T08:50:05.490Z</time>
      </trkpt>
      <trkpt lat="50.845597" lon="13.077616">
        <ele>275.971610</ele>
        <time>2026-08-04T08:50:09.753Z</time>
      </trkpt>
      <trkpt lat="50.845537" lon="13.077520">
        <ele>276.157560</ele>
        <time>2026-08-04T08:50:11.557Z</time>
      </trkpt>
      <trkpt lat="50.845459" lon="13.077466">
        <ele>276.343156</ele>
        <time>2026-08-04T08:50:13.401Z</time>
      </trkpt>
      <trkpt lat="50.845342" lon="13.077482">
        <ele>276.462381</ele>
        <time>2026-08-04T08:50:15.891Z</time>
      </trkpt>
      <trkpt lat="50.844844" lon="13.077772">
        <ele>276.441541</ele>
        <time>2026-08-04T08:50:26.414Z</time>
      </trkpt>
      <trkpt lat="50.844604" lon="13.077920">
        <ele>276.431426</ele>
        <time>2026-08-04T08:50:30.835Z</time>
      </trkpt>
      <trkpt lat="50.844455" lon="13.077970">
        <ele>276.425444</ele>
        <time>2026-08-04T08:50:32.860Z</time>
      </trkpt>
      <trkpt lat="50.844181" lon="13.077959">
        <ele>276.414679</ele>
        <time>2026-08-04T08:50:36.054Z</time>
      </trkpt>
      <trkpt lat="50.843903" lon="13.077909">
        <ele>276.403690</ele>
        <time>2026-08-04T08:50:39.233Z</time>
      </trkpt>
      <trkpt lat="50.843722" lon="13.077770">
        <ele>276.395790</ele>
        <time>2026-08-04T08:50:41.513Z</time>
      </trkpt>
      <trkpt lat="50.843564" lon="13.077596">
        <ele>276.459132</ele>
        <time>2026-08-04T08:50:43.807Z</time>
      </trkpt>
      <trkpt lat="50.843289" lon="13.077163">
        <ele>276.626065</ele>
        <time>2026-08-04T08:50:48.639Z</time>
      </trkpt>
      <trkpt lat="50.843166" lon="13.076894">
        <ele>276.716342</ele>
        <time>2026-08-04T08:50:51.506Z</time>
      </trkpt>
      <trkpt lat="50.843082" lon="13.076481">
        <ele>276.834284</ele>
        <time>2026-08-04T08:50:55.621Z</time>
      </trkpt>
      <trkpt lat="50.843041" lon="13.075771">
        <ele>277.028082</ele>
        <time>2026-08-04T08:51:03.702Z</time>
      </trkpt>
      <trkpt lat="50.842955" lon="13.075096">
        <ele>277.641927</ele>
        <time>2026-08-04T08:51:14.240Z</time>
      </trkpt>
      <trkpt lat="50.843055" lon="13.074637">
        <ele>278.976356</ele>
        <time>2026-08-04T08:51:23.070Z</time>
      </trkpt>
      <trkpt lat="50.843155" lon="13.073950">
        <ele>280.913929</ele>
        <time>2026-08-04T08:51:37.118Z</time>
      </trkpt>
      <trkpt lat="50.843162" lon="13.073702">
        <ele>281.596178</ele>
        <time>2026-08-04T08:51:42.554Z</time>
      </trkpt>
      <trkpt lat="50.843132" lon="13.073453">
        <ele>282.292841</ele>
        <time>2026-08-04T08:51:48.452Z</time>
      </trkpt>
      <trkpt lat="50.842836" lon="13.072431">
        <ele>285.468669</ele>
        <time>2026-08-04T08:52:14.748Z</time>
      </trkpt>
      <trkpt lat="50.842709" lon="13.071666">
        <ele>288.125132</ele>
        <time>2026-08-04T08:52:32.422Z</time>
      </trkpt>
      <trkpt lat="50.842671" lon="13.071432">
        <ele>288.936565</ele>
        <time>2026-08-04T08:52:37.835Z</time>
      </trkpt>
      <trkpt lat="50.842544" lon="13.071099">
        <ele>290.243058</ele>
        <time>2026-08-04T08:52:46.613Z</time>
      </trkpt>
      <trkpt lat="50.842432" lon="13.070540">
        <ele>292.212637</ele>
        <time>2026-08-04T08:53:00.189Z</time>
      </trkpt>
      <trkpt lat="50.842375" lon="13.070192">
        <ele>293.420038</ele>
        <time>2026-08-04T08:53:08.210Z</time>
      </trkpt>
      <trkpt lat="50.842356" lon="13.069783">
        <ele>294.808072</ele>
        <time>2026-08-04T08:53:17.210Z</time>
      </trkpt>
      <trkpt lat="50.842295" lon="13.069307">
        <ele>296.513930</ele>
        <time>2026-08-04T08:53:28.529Z</time>
      </trkpt>
      <trkpt lat="50.842193" lon="13.068878">
        <ele>298.123908</ele>
        <time>2026-08-04T08:53:39.802Z</time>
      </trkpt>
      <trkpt lat="50.842060" lon="13.068449">
        <ele>299.802420</ele>
        <time>2026-08-04T08:53:51.784Z</time>
      </trkpt>
      <trkpt lat="50.841957" lon="13.067885">
        <ele>301.864458</ele>
        <time>2026-08-04T08:54:06.302Z</time>
      </trkpt>
      <trkpt lat="50.841913" lon="13.067576">
        <ele>302.976969</ele>
        <time>2026-08-04T08:54:13.934Z</time>
      </trkpt>
      <trkpt lat="50.841874" lon="13.067032">
        <ele>304.754027</ele>
        <time>2026-08-04T08:54:26.330Z</time>
      </trkpt>
      <trkpt lat="50.841848" lon="13.065931">
        <ele>306.929241</ele>
        <time>2026-08-04T08:54:47.848Z</time>
      </trkpt>
      <trkpt lat="50.841861" lon="13.065244">
        <ele>308.286188</ele>
        <time>2026-08-04T08:54:58.449Z</time>
      </trkpt>
      <trkpt lat="50.841874" lon="13.064928">
        <ele>308.911386</ele>
        <time>2026-08-04T08:55:03.008Z</time>
      </trkpt>
      <trkpt lat="50.842052" lon="13.063824">
        <ele>310.979516</ele>
        <time>2026-08-04T08:55:18.838Z</time>
      </trkpt>
      <trkpt lat="50.842425" lon="13.062054">
        <ele>313.974898</ele>
        <time>2026-08-04T08:55:48.330Z</time>
      </trkpt>
      <trkpt lat="50.842595" lon="13.060993">
        <ele>316.007316</ele>
        <time>2026-08-04T08:56:07.523Z</time>
      </trkpt>
      <trkpt lat="50.842863" lon="13.058881">
        <ele>320.447438</ele>
        <time>2026-08-04T08:56:45.738Z</time>
      </trkpt>
      <trkpt lat="50.842968" lon="13.057833">
        <ele>322.645947</ele>
        <time>2026-08-04T08:57:04.067Z</time>
      </trkpt>
      <trkpt lat="50.843037" lon="13.056781">
        <ele>324.838365</ele>
        <time>2026-08-04T08:57:22.776Z</time>
      </trkpt>
      <trkpt lat="50.843197" lon="13.054915">
        <ele>328.512625</ele>
        <time>2026-08-04T08:57:56.491Z</time>
      </trkpt>
      <trkpt lat="50.843255" lon="13.053996">
        <ele>330.227926</ele>
        <time>2026-08-04T08:58:12.126Z</time>
      </trkpt>
      <trkpt lat="50.843237" lon="13.053432">
        <ele>331.276742</ele>
        <time>2026-08-04T08:58:21.105Z</time>
      </trkpt>
      <trkpt lat="50.843078" lon="13.052302">
        <ele>333.413947</ele>
        <time>2026-08-04T08:58:38.855Z</time>
      </trkpt>
      <trkpt lat="50.842995" lon="13.051652">
        <ele>334.635614</ele>
        <time>2026-08-04T08:58:48.878Z</time>
      </trkpt>
      <trkpt lat="50.842424" lon="13.048622">
        <ele>342.088065</ele>
        <time>2026-08-04T08:59:46.781Z</time>
      </trkpt>
      <trkpt lat="50.842148" lon="13.047641">
        <ele>345.075236</ele>
        <time>2026-08-04T09:00:11.751Z</time>
      </trkpt>
      <trkpt lat="50.842061" lon="13.047140">
        <ele>346.967500</ele>
        <time>2026-08-04T09:00:24.457Z</time>
      </trkpt>
      <trkpt lat="50.842055" lon="13.046091">
        <ele>350.787885</ele>
        <time>2026-08-04T09:00:50.554Z</time>
      </trkpt>
      <trkpt lat="50.842016" lon="13.045325">
        <ele>353.586544</ele>
        <time>2026-08-04T09:01:09.378Z</time>
      </trkpt>
      <trkpt lat="50.842189" lon="13.044028">
        <ele>357.731897</ele>
        <time>2026-08-04T09:01:39.756Z</time>
      </trkpt>
      <trkpt lat="50.842252" lon="13.043748">
        <ele>358.583230</ele>
        <time>2026-08-04T09:01:45.741Z</time>
      </trkpt>
      <trkpt lat="50.842409" lon="13.043385">
        <ele>359.843383</ele>
        <time>2026-08-04T09:01:54.432Z</time>
      </trkpt>
      <trkpt lat="50.842867" lon="13.042610">
        <ele>362.883478</ele>
        <time>2026-08-04T09:02:15.161Z</time>
      </trkpt>
      <trkpt lat="50.842968" lon="13.042340">
        <ele>363.747645</ele>
        <time>2026-08-04T09:02:21.077Z</time>
      </trkpt>
      <trkpt lat="50.843675" lon="13.039646">
        <ele>371.263138</ele>
        <time>2026-08-04T09:03:19.797Z</time>
      </trkpt>
      <trkpt lat="50.843764" lon="13.039185">
        <ele>372.238079</ele>
        <time>2026-08-04T09:03:28.906Z</time>
      </trkpt>
      <trkpt lat="50.844025" lon="13.038125">
        <ele>374.539064</ele>
        <time>2026-08-04T09:03:48.605Z</time>
      </trkpt>
      <trkpt lat="50.844223" lon="13.036969">
        <ele>376.985291</ele>
        <time>2026-08-04T09:04:07.457Z</time>
      </trkpt>
      <trkpt lat="50.844188" lon="13.036548">
        <ele>377.900490</ele>
        <time>2026-08-04T09:04:14.419Z</time>
      </trkpt>
      <trkpt lat="50.844155" lon="13.036469">
        <ele>378.104642</ele>
        <time>2026-08-04T09:04:16.031Z</time>
      </trkpt>
      <trkpt lat="50.843858" lon="13.036069">
        <ele>379.435405</ele>
        <time>2026-08-04T09:04:26.649Z</time>
      </trkpt>
      <trkpt lat="50.842891" lon="13.034971">
        <ele>383.716749</ele>
        <time>2026-08-04T09:05:02.370Z</time>
      </trkpt>
      <trkpt lat="50.842674" lon="13.034826">
        <ele>384.753679</ele>
        <time>2026-08-04T09:05:09.978Z</time>
      </trkpt>
      <trkpt lat="50.841270" lon="13.034378">
        <ele>391.021999</ele>
        <time>2026-08-04T09:05:57.523Z</time>
      </trkpt>
      <trkpt lat="50.839899" lon="13.033898">
        <ele>396.632714</ele>
        <time>2026-08-04T09:06:43.572Z</time>
      </trkpt>
      <trkpt lat="50.839720" lon="13.033864">
        <ele>397.353112</ele>
        <time>2026-08-04T09:06:48.983Z</time>
      </trkpt>
      <trkpt lat="50.838506" lon="13.033917">
        <ele>398.187857</ele>
        <time>2026-08-04T09:07:14.692Z</time>
      </trkpt>
      <trkpt lat="50.838359" lon="13.033881">
        <ele>398.234727</ele>
        <time>2026-08-04T09:07:16.595Z</time>
      </trkpt>
      <trkpt lat="50.837953" lon="13.033663">
        <ele>398.369810</ele>
        <time>2026-08-04T09:07:21.501Z</time>
      </trkpt>
      <trkpt lat="50.837620" lon="13.033346">
        <ele>397.434940</ele>
        <time>2026-08-04T09:07:25.491Z</time>
      </trkpt>
      <trkpt lat="50.837275" lon="13.032923">
        <ele>395.791193</ele>
        <time>2026-08-04T09:07:29.722Z</time>
      </trkpt>
      <trkpt lat="50.835787" lon="13.031096">
        <ele>389.367697</ele>
        <time>2026-08-04T09:07:47.995Z</time>
      </trkpt>
      <trkpt lat="50.835647" lon="13.030925">
        <ele>388.853532</ele>
        <time>2026-08-04T09:07:49.843Z</time>
      </trkpt>
      <trkpt lat="50.834909" lon="13.030005">
        <ele>386.211045</ele>
        <time>2026-08-04T09:08:00.248Z</time>
      </trkpt>
      <trkpt lat="50.834863" lon="13.029871">
        <ele>386.019155</ele>
        <time>2026-08-04T09:08:01.394Z</time>
      </trkpt>
      <trkpt lat="50.834753" lon="13.029493">
        <ele>385.495510</ele>
        <time>2026-08-04T09:08:04.409Z</time>
      </trkpt>
      <trkpt lat="50.834731" lon="13.029217">
        <ele>385.145502</ele>
        <time>2026-08-04T09:08:06.401Z</time>
      </trkpt>
      <trkpt lat="50.834742" lon="13.028940">
        <ele>384.796301</ele>
        <time>2026-08-04T09:08:08.381Z</time>
      </trkpt>
      <trkpt lat="50.835103" lon="13.027076">
        <ele>382.057748</ele>
        <time>2026-08-04T09:08:21.738Z</time>
      </trkpt>
      <trkpt lat="50.835165" lon="13.026604">
        <ele>381.088787</ele>
        <time>2026-08-04T09:08:24.860Z</time>
      </trkpt>
      <trkpt lat="50.835209" lon="13.025891">
        <ele>379.648926</ele>
        <time>2026-08-04T09:08:29.398Z</time>
      </trkpt>
      <trkpt lat="50.835225" lon="13.024220">
        <ele>376.702410</ele>
        <time>2026-08-04T09:08:39.853Z</time>
      </trkpt>
      <trkpt lat="50.835235" lon="13.023221">
        <ele>375.720233</ele>
        <time>2026-08-04T09:08:46.289Z</time>
      </trkpt>
      <trkpt lat="50.835219" lon="13.022803">
        <ele>375.308569</ele>
        <time>2026-08-04T09:08:49.304Z</time>
      </trkpt>
      <trkpt lat="50.835242" lon="13.022650">
        <ele>375.153963</ele>
        <time>2026-08-04T09:08:50.519Z</time>
      </trkpt>
      <trkpt lat="50.835319" lon="13.022677">
        <ele>375.031205</ele>
        <time>2026-08-04T09:08:51.514Z</time>
      </trkpt>
      <trkpt lat="50.835387" lon="13.022610">
        <ele>374.906541</ele>
        <time>2026-08-04T09:08:52.593Z</time>
      </trkpt>
      <trkpt lat="50.835399" lon="13.022449">
        <ele>374.747175</ele>
        <time>2026-08-04T09:08:54.126Z</time>
      </trkpt>
      <trkpt lat="50.835355" lon="13.022369">
        <ele>374.642890</ele>
        <time>2026-08-04T09:08:55.233Z</time>
      </trkpt>
      <trkpt lat="50.835437" lon="13.022117">
        <ele>374.364218</ele>
        <time>2026-08-04T09:08:59.478Z</time>
      </trkpt>
      <trkpt lat="50.835557" lon="13.021736">
        <ele>375.069213</ele>
        <time>2026-08-04T09:09:06.860Z</time>
      </trkpt>
      <trkpt lat="50.835667" lon="13.021037">
        <ele>376.622431</ele>
        <time>2026-08-04T09:09:21.368Z</time>
      </trkpt>
      <trkpt lat="50.835755" lon="13.020143">
        <ele>378.573280</ele>
        <time>2026-08-04T09:09:43.342Z</time>
      </trkpt>
      <trkpt lat="50.834756" lon="13.019939">
        <ele>382.033143</ele>
        <time>2026-08-04T09:10:15.789Z</time>
      </trkpt>
      <trkpt lat="50.834581" lon="13.019925">
        <ele>382.639339</ele>
        <time>2026-08-04T09:10:20.983Z</time>
      </trkpt>
      <trkpt lat="50.834376" lon="13.019917">
        <ele>383.348766</ele>
        <time>2026-08-04T09:10:26.912Z</time>
      </trkpt>
      <trkpt lat="50.834145" lon="13.019908">
        <ele>384.148168</ele>
        <time>2026-08-04T09:10:33.554Z</time>
      </trkpt>
      <trkpt lat="50.834260" lon="13.019443">
        <ele>385.239288</ele>
        <time>2026-08-04T09:10:42.412Z</time>
      </trkpt>
      <trkpt lat="50.834271" lon="13.019262">
        <ele>385.636589</ele>
        <time>2026-08-04T09:10:45.560Z</time>
      </trkpt>
      <trkpt lat="50.834305" lon="13.018666">
        <ele>386.688176</ele>
        <time>2026-08-04T09:10:55.212Z</time>
      </trkpt>
      <trkpt lat="50.834315" lon="13.018464">
        <ele>386.731106</ele>
        <time>2026-08-04T09:10:58.256Z</time>
      </trkpt>
      <trkpt lat="50.834374" lon="13.017270">
        <ele>386.984854</ele>
        <time>2026-08-04T09:11:14.406Z</time>
      </trkpt>
      <trkpt lat="50.834473" lon="13.015738">
        <ele>386.731804</ele>
        <time>2026-08-04T09:12:22.026Z</time>
      </trkpt>
      <trkpt lat="50.834474" lon="13.015731">
        <ele>386.714602</ele>
        <time>2026-08-04T09:12:22.307Z</time>
      </trkpt>
      <trkpt lat="50.834584" lon="13.014955">
        <ele>384.808296</ele>
        <time>2026-08-04T09:12:57.253Z</time>
      </trkpt>
      <trkpt lat="50.834632" lon="13.014621">
        <ele>383.987253</ele>
        <time>2026-08-04T09:13:12.292Z</time>
      </trkpt>
      <trkpt lat="50.834804" lon="13.013685">
        <ele>381.650682</ele>
        <time>2026-08-04T09:13:55.110Z</time>
      </trkpt>
      <trkpt lat="50.834782" lon="13.013256">
        <ele>380.619014</ele>
        <time>2026-08-04T09:14:14.021Z</time>
      </trkpt>
      <trkpt lat="50.834712" lon="13.012827">
        <ele>380.227376</ele>
        <time>2026-08-04T09:14:33.498Z</time>
      </trkpt>
      <trkpt lat="50.834505" lon="13.012329">
        <ele>379.886049</ele>
        <time>2026-08-04T09:14:59.684Z</time>
      </trkpt>
      <trkpt lat="50.834402" lon="13.012168">
        <ele>379.754843</ele>
        <time>2026-08-04T09:15:09.764Z</time>
      </trkpt>
      <trkpt lat="50.833905" lon="13.011233">
        <ele>379.055165</ele>
        <time>2026-08-04T09:16:03.378Z</time>
      </trkpt>
      <trkpt lat="50.833884" lon="13.010936">
        <ele>378.884060</ele>
        <time>2026-08-04T09:16:07.702Z</time>
      </trkpt>
      <trkpt lat="50.833823" lon="13.010744">
        <ele>378.969513</ele>
        <time>2026-08-04T09:16:11.095Z</time>
      </trkpt>
      <trkpt lat="50.833619" lon="13.010404">
        <ele>379.911717</ele>
        <time>2026-08-04T09:16:18.917Z</time>
      </trkpt>
      <trkpt lat="50.833607" lon="13.010315">
        <ele>380.094556</ele>
        <time>2026-08-04T09:16:20.523Z</time>
      </trkpt>
      <trkpt lat="50.833578" lon="13.010065">
        <ele>380.605234</ele>
        <time>2026-08-04T09:16:25.057Z</time>
      </trkpt>
      <trkpt lat="50.833493" lon="13.009905">
        <ele>381.025291</ele>
        <time>2026-08-04T09:16:28.998Z</time>
      </trkpt>
      <trkpt lat="50.833314" lon="13.009900">
        <ele>381.594797</ele>
        <time>2026-08-04T09:16:34.567Z</time>
      </trkpt>
      <trkpt lat="50.833252" lon="13.009693">
        <ele>382.055081</ele>
        <time>2026-08-04T09:16:44.613Z</time>
      </trkpt>
      <trkpt lat="50.833176" lon="13.009334">
        <ele>382.815796</ele>
        <time>2026-08-04T09:17:01.222Z</time>
      </trkpt>
      <trkpt lat="50.833258" lon="13.009300">
        <ele>383.085443</ele>
        <time>2026-08-04T09:17:03.741Z</time>
      </trkpt>
      <trkpt lat="50.832962" lon="13.008035">
        <ele>385.345432</ele>
        <time>2026-08-04T09:17:26.432Z</time>
      </trkpt>
      <trkpt lat="50.832867" lon="13.007706">
        <ele>385.813865</ele>
        <time>2026-08-04T09:17:31.858Z</time>
      </trkpt>
      <trkpt lat="50.832752" lon="13.007393">
        <ele>386.282758</ele>
        <time>2026-08-04T09:17:37.572Z</time>
      </trkpt>
      <trkpt lat="50.832693" lon="13.007298">
        <ele>386.455283</ele>
        <time>2026-08-04T09:17:39.626Z</time>
      </trkpt>
      <trkpt lat="50.832603" lon="13.007153">
        <ele>386.718536</ele>
        <time>2026-08-04T09:17:42.730Z</time>
      </trkpt>
      <trkpt lat="50.832372" lon="13.006747">
        <ele>387.426133</ele>
        <time>2026-08-04T09:17:50.542Z</time>
      </trkpt>
      <trkpt lat="50.832277" lon="13.006532">
        <ele>387.765906</ele>
        <time>2026-08-04T09:17:53.914Z</time>
      </trkpt>
      <trkpt lat="50.832165" lon="13.006172">
        <ele>388.202845</ele>
        <time>2026-08-04T09:17:58.577Z</time>
      </trkpt>
      <trkpt lat="50.832084" lon="13.005806">
        <ele>388.103073</ele>
        <time>2026-08-04T09:18:02.654Z</time>
      </trkpt>
      <trkpt lat="50.832037" lon="13.005398">
        <ele>387.996377</ele>
        <time>2026-08-04T09:18:06.641Z</time>
      </trkpt>
      <trkpt lat="50.831966" lon="13.003782">
        <ele>387.579631</ele>
        <time>2026-08-04T09:18:20.042Z</time>
      </trkpt>
      <trkpt lat="50.831935" lon="13.002421">
        <ele>386.192967</ele>
        <time>2026-08-04T09:18:29.628Z</time>
      </trkpt>
      <trkpt lat="50.831899" lon="13.000155">
        <ele>383.438511</ele>
        <time>2026-08-04T09:18:44.865Z</time>
      </trkpt>
      <trkpt lat="50.831934" lon="12.999441">
        <ele>382.857975</ele>
        <time>2026-08-04T09:18:49.868Z</time>
      </trkpt>
      <trkpt lat="50.832074" lon="12.996994">
        <ele>381.291096</ele>
        <time>2026-08-04T09:19:09.715Z</time>
      </trkpt>
      <trkpt lat="50.832177" lon="12.995227">
        <ele>380.879499</ele>
        <time>2026-08-04T09:19:26.026Z</time>
      </trkpt>
      <trkpt lat="50.832583" lon="12.992453">
        <ele>379.194573</ele>
        <time>2026-08-04T09:19:49.437Z</time>
      </trkpt>
      <trkpt lat="50.832543" lon="12.992232">
        <ele>379.047360</ele>
        <time>2026-08-04T09:19:50.990Z</time>
      </trkpt>
      <trkpt lat="50.832587" lon="12.991877">
        <ele>378.313630</ele>
        <time>2026-08-04T09:19:53.378Z</time>
      </trkpt>
      <trkpt lat="50.832718" lon="12.990954">
        <ele>375.825317</ele>
        <time>2026-08-04T09:19:59.340Z</time>
      </trkpt>
      <trkpt lat="50.832802" lon="12.989907">
        <ele>373.049267</ele>
        <time>2026-08-04T09:20:05.595Z</time>
      </trkpt>
      <trkpt lat="50.832835" lon="12.989511">
        <ele>371.998644</ele>
        <time>2026-08-04T09:20:07.942Z</time>
      </trkpt>
      <trkpt lat="50.832866" lon="12.989091">
        <ele>370.806669</ele>
        <time>2026-08-04T09:20:10.442Z</time>
      </trkpt>
      <trkpt lat="50.832903" lon="12.988606">
        <ele>369.351019</ele>
        <time>2026-08-04T09:20:13.335Z</time>
      </trkpt>
      <trkpt lat="50.832913" lon="12.988381">
        <ele>368.678933</ele>
        <time>2026-08-04T09:20:14.672Z</time>
      </trkpt>
      <trkpt lat="50.832923" lon="12.988089">
        <ele>367.807588</ele>
        <time>2026-08-04T09:20:16.406Z</time>
      </trkpt>
      <trkpt lat="50.832919" lon="12.987721">
        <ele>366.710903</ele>
        <time>2026-08-04T09:20:18.610Z</time>
      </trkpt>
      <trkpt lat="50.832886" lon="12.986751">
        <ele>363.816422</ele>
        <time>2026-08-04T09:20:24.519Z</time>
      </trkpt>
      <trkpt lat="50.832820" lon="12.986047">
        <ele>361.925858</ele>
        <time>2026-08-04T09:20:28.924Z</time>
      </trkpt>
      <trkpt lat="50.832790" lon="12.985759">
        <ele>361.209447</ele>
        <time>2026-08-04T09:20:30.720Z</time>
      </trkpt>
      <trkpt lat="50.832653" lon="12.984647">
        <ele>358.428730</ele>
        <time>2026-08-04T09:20:37.713Z</time>
      </trkpt>
      <trkpt lat="50.832574" lon="12.984189">
        <ele>357.263452</ele>
        <time>2026-08-04T09:20:40.636Z</time>
      </trkpt>
      <trkpt lat="50.832392" lon="12.983556">
        <ele>355.702580</ele>
        <time>2026-08-04T09:20:44.972Z</time>
      </trkpt>
      <trkpt lat="50.832125" lon="12.982855">
        <ele>354.338879</ele>
        <time>2026-08-04T09:20:50.251Z</time>
      </trkpt>
      <trkpt lat="50.831620" lon="12.981889">
        <ele>352.249881</ele>
        <time>2026-08-04T09:20:58.763Z</time>
      </trkpt>
      <trkpt lat="50.831483" lon="12.981415">
        <ele>351.381486</ele>
        <time>2026-08-04T09:21:02.401Z</time>
      </trkpt>
      <trkpt lat="50.831342" lon="12.980687">
        <ele>350.202336</ele>
        <time>2026-08-04T09:21:07.649Z</time>
      </trkpt>
      <trkpt lat="50.831295" lon="12.980256">
        <ele>349.530117</ele>
        <time>2026-08-04T09:21:10.603Z</time>
      </trkpt>
      <trkpt lat="50.831300" lon="12.979783">
        <ele>348.803046</ele>
        <time>2026-08-04T09:21:13.740Z</time>
      </trkpt>
      <trkpt lat="50.831328" lon="12.979319">
        <ele>348.086663</ele>
        <time>2026-08-04T09:21:16.787Z</time>
      </trkpt>
      <trkpt lat="50.831382" lon="12.978919">
        <ele>347.458004</ele>
        <time>2026-08-04T09:21:19.463Z</time>
      </trkpt>
      <trkpt lat="50.831476" lon="12.978531">
        <ele>346.857941</ele>
        <time>2026-08-04T09:21:22.200Z</time>
      </trkpt>
      <trkpt lat="50.831612" lon="12.978075">
        <ele>346.503308</ele>
        <time>2026-08-04T09:21:25.582Z</time>
      </trkpt>
      <trkpt lat="50.831868" lon="12.977094">
        <ele>345.756865</ele>
        <time>2026-08-04T09:21:33.121Z</time>
      </trkpt>
      <trkpt lat="50.832130" lon="12.975773">
        <ele>344.951602</ele>
        <time>2026-08-04T09:21:45.906Z</time>
      </trkpt>
      <trkpt lat="50.832211" lon="12.975422">
        <ele>345.111555</ele>
        <time>2026-08-04T09:21:50.289Z</time>
      </trkpt>
      <trkpt lat="50.832524" lon="12.974149">
        <ele>345.696268</ele>
        <time>2026-08-04T09:22:06.980Z</time>
      </trkpt>
      <trkpt lat="50.832575" lon="12.973485">
        <ele>345.982572</ele>
        <time>2026-08-04T09:22:14.738Z</time>
      </trkpt>
      <trkpt lat="50.832542" lon="12.973082">
        <ele>346.072671</ele>
        <time>2026-08-04T09:22:18.863Z</time>
      </trkpt>
      <trkpt lat="50.832519" lon="12.972933">
        <ele>346.027576</ele>
        <time>2026-08-04T09:22:20.304Z</time>
      </trkpt>
      <trkpt lat="50.832420" lon="12.972413">
        <ele>345.867902</ele>
        <time>2026-08-04T09:22:25.014Z</time>
      </trkpt>
      <trkpt lat="50.832270" lon="12.971871">
        <ele>345.693928</ele>
        <time>2026-08-04T09:22:29.804Z</time>
      </trkpt>
      <trkpt lat="50.831922" lon="12.970855">
        <ele>345.354125</ele>
        <time>2026-08-04T09:22:38.991Z</time>
      </trkpt>
      <trkpt lat="50.831432" lon="12.968711">
        <ele>344.130769</ele>
        <time>2026-08-04T09:22:57.324Z</time>
      </trkpt>
      <trkpt lat="50.831276" lon="12.968262">
        <ele>343.837869</ele>
        <time>2026-08-04T09:23:01.279Z</time>
      </trkpt>
      <trkpt lat="50.831028" lon="12.967726">
        <ele>343.266904</ele>
        <time>2026-08-04T09:23:06.248Z</time>
      </trkpt>
      <trkpt lat="50.830727" lon="12.967219">
        <ele>342.455449</ele>
        <time>2026-08-04T09:23:11.297Z</time>
      </trkpt>
      <trkpt lat="50.830151" lon="12.966260">
        <ele>340.912120</ele>
        <time>2026-08-04T09:23:20.495Z</time>
      </trkpt>
      <trkpt lat="50.830055" lon="12.966052">
        <ele>340.611687</ele>
        <time>2026-08-04T09:23:22.256Z</time>
      </trkpt>
      <trkpt lat="50.829683" lon="12.964697">
        <ele>337.869359</ele>
        <time>2026-08-04T09:23:32.034Z</time>
      </trkpt>
      <trkpt lat="50.829035" lon="12.963817">
        <ele>335.171251</ele>
        <time>2026-08-04T09:23:40.401Z</time>
      </trkpt>
      <trkpt lat="50.828686" lon="12.962984">
        <ele>333.565084</ele>
        <time>2026-08-04T09:23:46.822Z</time>
      </trkpt>
      <trkpt lat="50.828736" lon="12.962811">
        <ele>333.286503</ele>
        <time>2026-08-04T09:23:48.093Z</time>
      </trkpt>
      <trkpt lat="50.828859" lon="12.962379">
        <ele>332.592636</ele>
        <time>2026-08-04T09:23:51.266Z</time>
      </trkpt>
      <trkpt lat="50.828876" lon="12.962317">
        <ele>332.493665</ele>
        <time>2026-08-04T09:23:51.712Z</time>
      </trkpt>
      <trkpt lat="50.829038" lon="12.961687">
        <ele>331.497655</ele>
        <time>2026-08-04T09:23:56.473Z</time>
      </trkpt>
      <trkpt lat="50.829242" lon="12.960825">
        <ele>330.180316</ele>
        <time>2026-08-04T09:24:03.289Z</time>
      </trkpt>
      <trkpt lat="50.829352" lon="12.960362">
        <ele>329.525772</ele>
        <time>2026-08-04T09:24:06.799Z</time>
      </trkpt>
      <trkpt lat="50.829458" lon="12.960052">
        <ele>329.059335</ele>
        <time>2026-08-04T09:24:09.297Z</time>
      </trkpt>
      <trkpt lat="50.829476" lon="12.959997">
        <ele>328.977371</ele>
        <time>2026-08-04T09:24:09.730Z</time>
      </trkpt>
      <trkpt lat="50.829566" lon="12.959748">
        <ele>328.597766</ele>
        <time>2026-08-04T09:24:11.764Z</time>
      </trkpt>
      <trkpt lat="50.829663" lon="12.959480">
        <ele>328.189058</ele>
        <time>2026-08-04T09:24:13.866Z</time>
      </trkpt>
      <trkpt lat="50.829793" lon="12.959188">
        <ele>327.716357</ele>
        <time>2026-08-04T09:24:16.258Z</time>
      </trkpt>
      <trkpt lat="50.829887" lon="12.959035">
        <ele>327.433936</ele>
        <time>2026-08-04T09:24:17.664Z</time>
      </trkpt>
      <trkpt lat="50.829902" lon="12.959014">
        <ele>327.391990</ele>
        <time>2026-08-04T09:24:17.871Z</time>
      </trkpt>
      <trkpt lat="50.830162" lon="12.958664">
        <ele>326.673039</ele>
        <time>2026-08-04T09:24:21.399Z</time>
      </trkpt>
      <trkpt lat="50.830562" lon="12.958147">
        <ele>325.392842</ele>
        <time>2026-08-04T09:24:26.871Z</time>
      </trkpt>
      <trkpt lat="50.830819" lon="12.957834">
        <ele>324.588968</ele>
        <time>2026-08-04T09:24:30.429Z</time>
      </trkpt>
      <trkpt lat="50.830950" lon="12.957732">
        <ele>324.227036</ele>
        <time>2026-08-04T09:24:32.008Z</time>
      </trkpt>
      <trkpt lat="50.831517" lon="12.957268">
        <ele>322.644630</ele>
        <time>2026-08-04T09:24:38.646Z</time>
      </trkpt>
      <trkpt lat="50.831632" lon="12.957050">
        <ele>322.206549</ele>
        <time>2026-08-04T09:24:40.521Z</time>
      </trkpt>
      <trkpt lat="50.831707" lon="12.956814">
        <ele>321.862394</ele>
        <time>2026-08-04T09:24:42.291Z</time>
      </trkpt>
      <trkpt lat="50.831761" lon="12.956604">
        <ele>321.567028</ele>
        <time>2026-08-04T09:24:43.825Z</time>
      </trkpt>
      <trkpt lat="50.831802" lon="12.956256">
        <ele>321.105877</ele>
        <time>2026-08-04T09:24:46.235Z</time>
      </trkpt>
      <trkpt lat="50.831763" lon="12.955990">
        <ele>320.750151</ele>
        <time>2026-08-04T09:24:48.110Z</time>
      </trkpt>
      <trkpt lat="50.831677" lon="12.955731">
        <ele>320.368973</ele>
        <time>2026-08-04T09:24:50.118Z</time>
      </trkpt>
      <trkpt lat="50.831442" lon="12.954968">
        <ele>319.263145</ele>
        <time>2026-08-04T09:24:56.011Z</time>
      </trkpt>
      <trkpt lat="50.831369" lon="12.954734">
        <ele>318.923160</ele>
        <time>2026-08-04T09:24:57.845Z</time>
      </trkpt>
      <trkpt lat="50.831324" lon="12.954330">
        <ele>318.433182</ele>
        <time>2026-08-04T09:25:00.776Z</time>
      </trkpt>
      <trkpt lat="50.831350" lon="12.953921">
        <ele>318.066200</ele>
        <time>2026-08-04T09:25:03.797Z</time>
      </trkpt>
      <trkpt lat="50.831391" lon="12.953670">
        <ele>317.834745</ele>
        <time>2026-08-04T09:25:05.730Z</time>
      </trkpt>
      <trkpt lat="50.831646" lon="12.952742">
        <ele>316.931260</ele>
        <time>2026-08-04T09:25:13.383Z</time>
      </trkpt>
      <trkpt lat="50.831663" lon="12.952677">
        <ele>316.868453</ele>
        <time>2026-08-04T09:25:13.901Z</time>
      </trkpt>
      <trkpt lat="50.831678" lon="12.952610">
        <ele>316.804992</ele>
        <time>2026-08-04T09:25:14.419Z</time>
      </trkpt>
      <trkpt lat="50.831819" lon="12.951915">
        <ele>316.153308</ele>
        <time>2026-08-04T09:25:19.641Z</time>
      </trkpt>
      <trkpt lat="50.831835" lon="12.951648">
        <ele>315.922278</ele>
        <time>2026-08-04T09:25:21.582Z</time>
      </trkpt>
      <trkpt lat="50.831841" lon="12.950291">
        <ele>314.848871</ele>
        <time>2026-08-04T09:25:31.710Z</time>
      </trkpt>
      <trkpt lat="50.831846" lon="12.949395">
        <ele>314.140113</ele>
        <time>2026-08-04T09:25:38.447Z</time>
      </trkpt>
      <trkpt lat="50.831848" lon="12.949127">
        <ele>313.928111</ele>
        <time>2026-08-04T09:25:40.478Z</time>
      </trkpt>
      <trkpt lat="50.831904" lon="12.948356">
        <ele>313.306052</ele>
        <time>2026-08-04T09:25:46.468Z</time>
      </trkpt>
      <trkpt lat="50.832127" lon="12.947682">
        <ele>312.692498</ele>
        <time>2026-08-04T09:25:52.082Z</time>
      </trkpt>
      <trkpt lat="50.832211" lon="12.947412">
        <ele>312.449797</ele>
        <time>2026-08-04T09:25:54.292Z</time>
      </trkpt>
      <trkpt lat="50.832262" lon="12.947038">
        <ele>312.141265</ele>
        <time>2026-08-04T09:25:57.113Z</time>
      </trkpt>
      <trkpt lat="50.832249" lon="12.946808">
        <ele>311.955059</ele>
        <time>2026-08-04T09:25:58.804Z</time>
      </trkpt>
      <trkpt lat="50.832136" lon="12.946323">
        <ele>311.538207</ele>
        <time>2026-08-04T09:26:02.641Z</time>
      </trkpt>
      <trkpt lat="50.832022" lon="12.945855">
        <ele>311.132238</ele>
        <time>2026-08-04T09:26:06.455Z</time>
      </trkpt>
      <trkpt lat="50.831880" lon="12.945110">
        <ele>310.501658</ele>
        <time>2026-08-04T09:26:12.340Z</time>
      </trkpt>
      <trkpt lat="50.831788" lon="12.944575">
        <ele>310.052354</ele>
        <time>2026-08-04T09:26:16.434Z</time>
      </trkpt>
      <trkpt lat="50.831738" lon="12.944360">
        <ele>309.866700</ele>
        <time>2026-08-04T09:26:18.116Z</time>
      </trkpt>
      <trkpt lat="50.831518" lon="12.943644">
        <ele>309.221493</ele>
        <time>2026-08-04T09:26:23.965Z</time>
      </trkpt>
      <trkpt lat="50.831384" lon="12.943209">
        <ele>308.952541</ele>
        <time>2026-08-04T09:26:27.562Z</time>
      </trkpt>
      <trkpt lat="50.831333" lon="12.943023">
        <ele>308.855332</ele>
        <time>2026-08-04T09:26:29.062Z</time>
      </trkpt>
      <trkpt lat="50.831263" lon="12.942766">
        <ele>308.721157</ele>
        <time>2026-08-04T09:26:31.151Z</time>
      </trkpt>
      <trkpt lat="50.831103" lon="12.942201">
        <ele>308.424314</ele>
        <time>2026-08-04T09:26:35.947Z</time>
      </trkpt>
      <trkpt lat="50.830870" lon="12.941366">
        <ele>307.986684</ele>
        <time>2026-08-04T09:26:43.794Z</time>
      </trkpt>
      <trkpt lat="50.830848" lon="12.941258">
        <ele>307.932282</ele>
        <time>2026-08-04T09:26:44.888Z</time>
      </trkpt>
      <trkpt lat="50.830785" lon="12.940849">
        <ele>307.713069</ele>
        <time>2026-08-04T09:26:48.860Z</time>
      </trkpt>
      <trkpt lat="50.830752" lon="12.940399">
        <ele>307.389178</ele>
        <time>2026-08-04T09:26:52.886Z</time>
      </trkpt>
      <trkpt lat="50.830790" lon="12.939787">
        <ele>306.949517</ele>
        <time>2026-08-04T09:26:57.886Z</time>
      </trkpt>
      <trkpt lat="50.830815" lon="12.939579">
        <ele>306.798138</ele>
        <time>2026-08-04T09:26:59.524Z</time>
      </trkpt>
      <trkpt lat="50.830820" lon="12.939534">
        <ele>306.765471</ele>
        <time>2026-08-04T09:26:59.870Z</time>
      </trkpt>
      <trkpt lat="50.830864" lon="12.939158">
        <ele>306.492074</ele>
        <time>2026-08-04T09:27:02.730Z</time>
      </trkpt>
      <trkpt lat="50.830879" lon="12.938894">
        <ele>306.302565</ele>
        <time>2026-08-04T09:27:04.662Z</time>
      </trkpt>
      <trkpt lat="50.830877" lon="12.938243">
        <ele>305.837126</ele>
        <time>2026-08-04T09:27:09.245Z</time>
      </trkpt>
      <trkpt lat="50.830874" lon="12.937720">
        <ele>305.384351</ele>
        <time>2026-08-04T09:27:12.809Z</time>
      </trkpt>
      <trkpt lat="50.830880" lon="12.937517">
        <ele>305.196105</ele>
        <time>2026-08-04T09:27:14.184Z</time>
      </trkpt>
      <trkpt lat="50.830928" lon="12.937095">
        <ele>304.798914</ele>
        <time>2026-08-04T09:27:17.074Z</time>
      </trkpt>
      <trkpt lat="50.831182" lon="12.936137">
        <ele>303.836498</ele>
        <time>2026-08-04T09:27:24.557Z</time>
      </trkpt>
      <trkpt lat="50.831313" lon="12.935577">
        <ele>303.283334</ele>
        <time>2026-08-04T09:27:29.514Z</time>
      </trkpt>
      <trkpt lat="50.831349" lon="12.935380">
        <ele>303.093369</ele>
        <time>2026-08-04T09:27:31.217Z</time>
      </trkpt>
      <trkpt lat="50.831381" lon="12.935216">
        <ele>303.026800</ele>
        <time>2026-08-04T09:27:32.623Z</time>
      </trkpt>
      <trkpt lat="50.831528" lon="12.934459">
        <ele>302.723301</ele>
        <time>2026-08-04T09:27:39.307Z</time>
      </trkpt>
      <trkpt lat="50.831627" lon="12.933994">
        <ele>302.535253</ele>
        <time>2026-08-04T09:27:43.679Z</time>
      </trkpt>
      <trkpt lat="50.831795" lon="12.933163">
        <ele>302.200884</ele>
        <time>2026-08-04T09:27:50.975Z</time>
      </trkpt>
      <trkpt lat="50.831908" lon="12.932389">
        <ele>301.902712</ele>
        <time>2026-08-04T09:27:56.952Z</time>
      </trkpt>
      <trkpt lat="50.832018" lon="12.931450">
        <ele>301.558705</ele>
        <time>2026-08-04T09:28:04.519Z</time>
      </trkpt>
      <trkpt lat="50.832051" lon="12.931266">
        <ele>301.489806</ele>
        <time>2026-08-04T09:28:06.093Z</time>
      </trkpt>
      <trkpt lat="50.832100" lon="12.930993">
        <ele>301.387574</ele>
        <time>2026-08-04T09:28:08.457Z</time>
      </trkpt>
      <trkpt lat="50.832220" lon="12.930345">
        <ele>301.144332</ele>
        <time>2026-08-04T09:28:14.202Z</time>
      </trkpt>
      <trkpt lat="50.832329" lon="12.929850">
        <ele>300.968503</ele>
        <time>2026-08-04T09:28:18.633Z</time>
      </trkpt>
      <trkpt lat="50.832541" lon="12.929227">
        <ele>300.884321</ele>
        <time>2026-08-04T09:28:25.774Z</time>
      </trkpt>
      <trkpt lat="50.832841" lon="12.928531">
        <ele>300.784084</ele>
        <time>2026-08-04T09:28:34.569Z</time>
      </trkpt>
      <trkpt lat="50.832968" lon="12.928313">
        <ele>300.748805</ele>
        <time>2026-08-04T09:28:37.268Z</time>
      </trkpt>
      <trkpt lat="50.833078" lon="12.928071">
        <ele>300.713338</ele>
        <time>2026-08-04T09:28:39.848Z</time>
      </trkpt>
      <trkpt lat="50.833105" lon="12.928102">
        <ele>300.707056</ele>
        <time>2026-08-04T09:28:43.399Z</time>
      </trkpt>
      <trkpt lat="50.833357" lon="12.927599">
        <ele>300.613283</ele>
        <time>2026-08-04T09:28:48.210Z</time>
      </trkpt>
      <trkpt lat="50.833408" lon="12.927566">
        <ele>300.569870</ele>
        <time>2026-08-04T09:28:48.876Z</time>
      </trkpt>
      <trkpt lat="50.833472" lon="12.927530">
        <ele>300.516351</ele>
        <time>2026-08-04T09:28:50.042Z</time>
      </trkpt>
      <trkpt lat="50.833672" lon="12.927133">
        <ele>300.263624</ele>
        <time>2026-08-04T09:28:55.715Z</time>
      </trkpt>
      <trkpt lat="50.833762" lon="12.926983">
        <ele>300.160658</ele>
        <time>2026-08-04T09:29:00.445Z</time>
      </trkpt>
      <trkpt lat="50.833851" lon="12.926895">
        <ele>300.077977</ele>
        <time>2026-08-04T09:29:04.082Z</time>
      </trkpt>
      <trkpt lat="50.833887" lon="12.926870">
        <ele>300.047002</ele>
        <time>2026-08-04T09:29:04.842Z</time>
      </trkpt>
      <trkpt lat="50.833951" lon="12.926725">
        <ele>299.958965</ele>
        <time>2026-08-04T09:29:06.832Z</time>
      </trkpt>
      <trkpt lat="50.834027" lon="12.926569">
        <ele>299.860916</ele>
        <time>2026-08-04T09:29:09.082Z</time>
      </trkpt>
      <trkpt lat="50.834091" lon="12.926435">
        <ele>299.777308</ele>
        <time>2026-08-04T09:29:10.934Z</time>
      </trkpt>
      <trkpt lat="50.834126" lon="12.926177">
        <ele>299.645983</ele>
        <time>2026-08-04T09:29:13.781Z</time>
      </trkpt>
      <trkpt lat="50.834635" lon="12.925201">
        <ele>299.082345</ele>
        <time>2026-08-04T09:29:27.891Z</time>
      </trkpt>
      <trkpt lat="50.835093" lon="12.924278">
        <ele>298.689088</ele>
        <time>2026-08-04T09:29:42.355Z</time>
      </trkpt>
      <trkpt lat="50.835192" lon="12.924029">
        <ele>298.590513</ele>
        <time>2026-08-04T09:29:44.768Z</time>
      </trkpt>
      <trkpt lat="50.835217" lon="12.923967">
        <ele>298.565869</ele>
        <time>2026-08-04T09:29:45.378Z</time>
      </trkpt>
      <trkpt lat="50.835235" lon="12.923924">
        <ele>298.548585</ele>
        <time>2026-08-04T09:29:45.804Z</time>
      </trkpt>
      <trkpt lat="50.835270" lon="12.923835">
        <ele>298.513460</ele>
        <time>2026-08-04T09:29:46.684Z</time>
      </trkpt>
      <trkpt lat="50.835243" lon="12.923803">
        <ele>298.495570</ele>
        <time>2026-08-04T09:29:47.120Z</time>
      </trkpt>
      <trkpt lat="50.835317" lon="12.923644">
        <ele>298.429399</ele>
        <time>2026-08-04T09:29:48.771Z</time>
      </trkpt>
      <trkpt lat="50.835540" lon="12.923179">
        <ele>298.158022</ele>
        <time>2026-08-04T09:29:53.960Z</time>
      </trkpt>
      <trkpt lat="50.835576" lon="12.923102">
        <ele>298.047317</ele>
        <time>2026-08-04T09:29:54.787Z</time>
      </trkpt>
      <trkpt lat="50.835706" lon="12.922839">
        <ele>297.661394</ele>
        <time>2026-08-04T09:29:57.478Z</time>
      </trkpt>
      <trkpt lat="50.835744" lon="12.922763">
        <ele>297.549382</ele>
        <time>2026-08-04T09:29:58.222Z</time>
      </trkpt>
      <trkpt lat="50.836079" lon="12.922118">
        <ele>296.584393</ele>
        <time>2026-08-04T09:30:04.039Z</time>
      </trkpt>
      <trkpt lat="50.836174" lon="12.921938">
        <ele>296.313329</ele>
        <time>2026-08-04T09:30:05.508Z</time>
      </trkpt>
      <trkpt lat="50.836233" lon="12.921821">
        <ele>296.140322</ele>
        <time>2026-08-04T09:30:06.457Z</time>
      </trkpt>
      <trkpt lat="50.836297" lon="12.921697">
        <ele>295.955273</ele>
        <time>2026-08-04T09:30:07.468Z</time>
      </trkpt>
      <trkpt lat="50.836344" lon="12.921606">
        <ele>295.819434</ele>
        <time>2026-08-04T09:30:08.213Z</time>
      </trkpt>
      <trkpt lat="50.836391" lon="12.921518">
        <ele>295.686260</ele>
        <time>2026-08-04T09:30:08.970Z</time>
      </trkpt>
      <trkpt lat="50.836476" lon="12.921360">
        <ele>295.446426</ele>
        <time>2026-08-04T09:30:10.340Z</time>
      </trkpt>
      <trkpt lat="50.836521" lon="12.921278">
        <ele>295.320898</ele>
        <time>2026-08-04T09:30:11.098Z</time>
      </trkpt>
      <trkpt lat="50.836599" lon="12.921235">
        <ele>295.169780</ele>
        <time>2026-08-04T09:30:11.993Z</time>
      </trkpt>
      <trkpt lat="50.836874" lon="12.920698">
        <ele>295.020060</ele>
        <time>2026-08-04T09:30:17.195Z</time>
      </trkpt>
      <trkpt lat="50.836910" lon="12.920631">
        <ele>295.027867</ele>
        <time>2026-08-04T09:30:17.853Z</time>
      </trkpt>
      <trkpt lat="50.836938" lon="12.920662">
        <ele>295.032668</ele>
        <time>2026-08-04T09:30:18.317Z</time>
      </trkpt>
      <trkpt lat="50.836986" lon="12.920723">
        <ele>295.041317</ele>
        <time>2026-08-04T09:30:19.014Z</time>
      </trkpt>
      <trkpt lat="50.837000" lon="12.920694">
        <ele>295.044556</ele>
        <time>2026-08-04T09:30:21.398Z</time>
      </trkpt>
      <trkpt lat="50.837039" lon="12.920618">
        <ele>295.053247</ele>
        <time>2026-08-04T09:30:28.253Z</time>
      </trkpt>
      <trkpt lat="50.837059" lon="12.920576">
        <ele>295.057915</ele>
        <time>2026-08-04T09:30:31.873Z</time>
      </trkpt>
      <trkpt lat="50.837090" lon="12.920514">
        <ele>295.064933</ele>
        <time>2026-08-04T09:30:37.197Z</time>
      </trkpt>
      <trkpt lat="50.837165" lon="12.920364">
        <ele>295.081912</ele>
        <time>2026-08-04T09:30:50.521Z</time>
      </trkpt>
      <trkpt lat="50.837124" lon="12.920311">
        <ele>295.089349</ele>
        <time>2026-08-04T09:30:54.167Z</time>
      </trkpt>
      <trkpt lat="50.837352" lon="12.919850">
        <ele>295.141314</ele>
        <time>2026-08-04T09:31:00.847Z</time>
      </trkpt>
      <trkpt lat="50.837679" lon="12.919233">
        <ele>295.212796</ele>
        <time>2026-08-04T09:31:13.246Z</time>
      </trkpt>
      <trkpt lat="50.838063" lon="12.918473">
        <ele>295.353300</ele>
        <time>2026-08-04T09:31:24.947Z</time>
      </trkpt>
      <trkpt lat="50.838157" lon="12.918197">
        <ele>295.401859</ele>
        <time>2026-08-04T09:31:27.575Z</time>
      </trkpt>
      <trkpt lat="50.838361" lon="12.917868">
        <ele>295.473259</ele>
        <time>2026-08-04T09:31:31.378Z</time>
      </trkpt>
      <trkpt lat="50.838480" lon="12.917665">
        <ele>295.516151</ele>
        <time>2026-08-04T09:31:33.830Z</time>
      </trkpt>
      <trkpt lat="50.838561" lon="12.917526">
        <ele>295.545439</ele>
        <time>2026-08-04T09:31:35.511Z</time>
      </trkpt>
      <trkpt lat="50.838957" lon="12.916471">
        <ele>295.730703</ele>
        <time>2026-08-04T09:31:46.807Z</time>
      </trkpt>
      <trkpt lat="50.838828" lon="12.916367">
        <ele>295.763698</ele>
        <time>2026-08-04T09:31:48.781Z</time>
      </trkpt>
      <trkpt lat="50.838420" lon="12.916039">
        <ele>295.867994</ele>
        <time>2026-08-04T09:31:55.230Z</time>
      </trkpt>
      <trkpt lat="50.838248" lon="12.915901">
        <ele>295.911944</ele>
        <time>2026-08-04T09:31:58.554Z</time>
      </trkpt>
      <trkpt lat="50.838046" lon="12.915735">
        <ele>295.963818</ele>
        <time>2026-08-04T09:32:02.741Z</time>
      </trkpt>
      <trkpt lat="50.837789" lon="12.915522">
        <ele>296.029936</ele>
        <time>2026-08-04T09:32:08.044Z</time>
      </trkpt>
      <trkpt lat="50.837753" lon="12.915491">
        <ele>296.039277</ele>
        <time>2026-08-04T09:32:08.784Z</time>
      </trkpt>
      <trkpt lat="50.837655" lon="12.915385">
        <ele>296.066328</ele>
        <time>2026-08-04T09:32:10.815Z</time>
      </trkpt>
      <trkpt lat="50.837596" lon="12.915323">
        <ele>296.082969</ele>
        <time>2026-08-04T09:32:12.088Z</time>
      </trkpt>
      <trkpt lat="50.837620" lon="12.915228">
        <ele>296.099193</ele>
        <time>2026-08-04T09:32:13.120Z</time>
      </trkpt>
      <trkpt lat="50.837650" lon="12.915119">
        <ele>296.118046</ele>
        <time>2026-08-04T09:32:14.396Z</time>
      </trkpt>
      <trkpt lat="50.837783" lon="12.914630">
        <ele>296.202469</ele>
        <time>2026-08-04T09:32:19.281Z</time>
      </trkpt>
      <trkpt lat="50.837891" lon="12.914243">
        <ele>296.269557</ele>
        <time>2026-08-04T09:32:23.309Z</time>
      </trkpt>
      <trkpt lat="50.838015" lon="12.913800">
        <ele>296.346390</ele>
        <time>2026-08-04T09:32:28.350Z</time>
      </trkpt>
      <trkpt lat="50.838055" lon="12.913656">
        <ele>296.371334</ele>
        <time>2026-08-04T09:32:30.202Z</time>
      </trkpt>
      <trkpt lat="50.838137" lon="12.913362">
        <ele>296.422295</ele>
        <time>2026-08-04T09:32:33.771Z</time>
      </trkpt>
      <trkpt lat="50.838258" lon="12.912881">
        <ele>296.504391</ele>
        <time>2026-08-04T09:32:38.610Z</time>
      </trkpt>
      <trkpt lat="50.838316" lon="12.912538">
        <ele>296.694775</ele>
        <time>2026-08-04T09:32:41.707Z</time>
      </trkpt>
      <trkpt lat="50.838324" lon="12.912478">
        <ele>296.745819</ele>
        <time>2026-08-04T09:32:42.223Z</time>
      </trkpt>
      <trkpt lat="50.838339" lon="12.912234">
        <ele>296.949881</ele>
        <time>2026-08-04T09:32:44.302Z</time>
      </trkpt>
      <trkpt lat="50.838344" lon="12.912032">
        <ele>297.118152</ele>
        <time>2026-08-04T09:32:45.993Z</time>
      </trkpt>
      <trkpt lat="50.838347" lon="12.911892">
        <ele>297.234753</ele>
        <time>2026-08-04T09:32:47.151Z</time>
      </trkpt>
      <trkpt lat="50.838353" lon="12.911691">
        <ele>297.402250</ele>
        <time>2026-08-04T09:32:48.898Z</time>
      </trkpt>
      <trkpt lat="50.838370" lon="12.911223">
        <ele>297.792450</ele>
        <time>2026-08-04T09:32:53.559Z</time>
      </trkpt>
      <trkpt lat="50.838408" lon="12.910606">
        <ele>298.308468</ele>
        <time>2026-08-04T09:33:02.146Z</time>
      </trkpt>
      <trkpt lat="50.838490" lon="12.909731">
        <ele>299.477829</ele>
        <time>2026-08-04T09:33:17.878Z</time>
      </trkpt>
      <trkpt lat="50.838172" lon="12.909741">
        <ele>301.150250</ele>
        <time>2026-08-04T09:33:27.672Z</time>
      </trkpt>
      <trkpt lat="50.837887" lon="12.909754">
        <ele>302.649445</ele>
        <time>2026-08-04T09:33:38.126Z</time>
      </trkpt>
      <trkpt lat="50.837784" lon="12.909760">
        <ele>303.191401</ele>
        <time>2026-08-04T09:33:42.212Z</time>
      </trkpt>
      <trkpt lat="50.837626" lon="12.909771">
        <ele>304.022991</ele>
        <time>2026-08-04T09:33:48.549Z</time>
      </trkpt>
      <trkpt lat="50.837606" lon="12.909772">
        <ele>304.128206</ele>
        <time>2026-08-04T09:33:49.343Z</time>
      </trkpt>
      <trkpt lat="50.837507" lon="12.909779">
        <ele>304.649282</ele>
        <time>2026-08-04T09:33:53.424Z</time>
      </trkpt>
      <trkpt lat="50.837401" lon="12.909785">
        <ele>305.207002</ele>
        <time>2026-08-04T09:33:57.774Z</time>
      </trkpt>
      <trkpt lat="50.837271" lon="12.909792">
        <ele>305.890956</ele>
        <time>2026-08-04T09:34:03.213Z</time>
      </trkpt>
      <trkpt lat="50.837057" lon="12.909796">
        <ele>307.016279</ele>
        <time>2026-08-04T09:34:12.121Z</time>
      </trkpt>
      <trkpt lat="50.836771" lon="12.909800">
        <ele>308.475616</ele>
        <time>2026-08-04T09:34:23.031Z</time>
      </trkpt>
      <trkpt lat="50.836332" lon="12.909807">
        <ele>310.152027</ele>
        <time>2026-08-04T09:34:37.901Z</time>
      </trkpt>
      <trkpt lat="50.836192" lon="12.909809">
        <ele>310.686640</ele>
        <time>2026-08-04T09:34:42.490Z</time>
      </trkpt>
      <trkpt lat="50.836072" lon="12.909851">
        <ele>311.155922</ele>
        <time>2026-08-04T09:34:46.501Z</time>
      </trkpt>
      <trkpt lat="50.835479" lon="12.910058">
        <ele>313.474670</ele>
        <time>2026-08-04T09:35:03.582Z</time>
      </trkpt>
      <trkpt lat="50.835217" lon="12.910150">
        <ele>314.499425</ele>
        <time>2026-08-04T09:35:10.327Z</time>
      </trkpt>
      <trkpt lat="50.834562" lon="12.910377">
        <ele>316.391452</ele>
        <time>2026-08-04T09:35:27.070Z</time>
      </trkpt>
      <trkpt lat="50.834537" lon="12.910386">
        <ele>316.453681</ele>
        <time>2026-08-04T09:35:27.672Z</time>
      </trkpt>
      <trkpt lat="50.834354" lon="12.910450">
        <ele>316.908561</ele>
        <time>2026-08-04T09:35:32.026Z</time>
      </trkpt>
      <trkpt lat="50.834170" lon="12.910510">
        <ele>317.364536</ele>
        <time>2026-08-04T09:35:36.537Z</time>
      </trkpt>
      <trkpt lat="50.833786" lon="12.910631">
        <ele>318.314853</ele>
        <time>2026-08-04T09:35:46.223Z</time>
      </trkpt>
      <trkpt lat="50.833527" lon="12.910713">
        <ele>318.955938</ele>
        <time>2026-08-04T09:35:52.628Z</time>
      </trkpt>
      <trkpt lat="50.833458" lon="12.910736">
        <ele>319.127085</ele>
        <time>2026-08-04T09:35:54.294Z</time>
      </trkpt>
      <trkpt lat="50.833220" lon="12.909138">
        <ele>321.541774</ele>
        <time>2026-08-04T09:36:19.177Z</time>
      </trkpt>
      <trkpt lat="50.833155" lon="12.908679">
        <ele>322.226983</ele>
        <time>2026-08-04T09:36:26.741Z</time>
      </trkpt>
      <trkpt lat="50.833148" lon="12.908631">
        <ele>322.298743</ele>
        <time>2026-08-04T09:36:27.539Z</time>
      </trkpt>
      <trkpt lat="50.833063" lon="12.908057">
        <ele>323.157544</ele>
        <time>2026-08-04T09:36:36.692Z</time>
      </trkpt>
      <trkpt lat="50.833037" lon="12.907879">
        <ele>323.423675</ele>
        <time>2026-08-04T09:36:39.493Z</time>
      </trkpt>
      <trkpt lat="50.832932" lon="12.907155">
        <ele>323.739577</ele>
        <time>2026-08-04T09:36:50.182Z</time>
      </trkpt>
      <trkpt lat="50.832897" lon="12.906916">
        <ele>323.739577</ele>
        <time>2026-08-04T09:36:53.524Z</time>
      </trkpt>
      <trkpt lat="50.832891" lon="12.906874">
        <ele>323.739577</ele>
        <time>2026-08-04T09:36:54.072Z</time>
      </trkpt>
      <trkpt lat="50.832808" lon="12.906273">
        <ele>323.739577</ele>
        <time>2026-08-04T09:37:02.049Z</time>
      </trkpt>
    </trkseg>
  </trk>
</gpx>