<?xml version='1.0' encoding='UTF-8'?>
<gpx version="1.1" creator="https://www.komoot.de" xmlns="http://www.topografix.com/GPX/1/1" xmlns:xsi="http://www.w3.org/2001/XMLSchema-instance" xsi:schemaLocation="http://www.topografix.com/GPX/1/1 http://www.topografix.com/GPX/1/1/gpx.xsd">
  <metadata>
    <name>14: Zschopau</name>
    <author>
      <link href="https://www.komoot.de">
        <text>komoot</text>
        <type>text/html</type>
      </link>
    </author>
  </metadata>
  <trk>
    <name>14: Zschopau</name>
    <type>racebike</type>
    <trkseg>
      <trkpt lat="50.832749" lon="12.905827">
        <ele>324.866163</ele>
        <time>2026-07-21T11:48:05.866Z</time>
      </trkpt>
      <trkpt lat="50.832768" lon="12.905965">
        <ele>324.866163</ele>
        <time>2026-07-21T11:48:06.816Z</time>
      </trkpt>
      <trkpt lat="50.832808" lon="12.906273">
        <ele>324.866163</ele>
        <time>2026-07-21T11:48:08.874Z</time>
      </trkpt>
      <trkpt lat="50.832891" lon="12.906874">
        <ele>324.866163</ele>
        <time>2026-07-21T11:48:13.732Z</time>
      </trkpt>
      <trkpt lat="50.832897" lon="12.906916">
        <ele>324.866163</ele>
        <time>2026-07-21T11:48:14.076Z</time>
      </trkpt>
      <trkpt lat="50.832932" lon="12.907155">
        <ele>324.866163</ele>
        <time>2026-07-21T11:48:15.874Z</time>
      </trkpt>
      <trkpt lat="50.833037" lon="12.907879">
        <ele>324.369468</ele>
        <time>2026-07-21T11:48:20.584Z</time>
      </trkpt>
      <trkpt lat="50.833063" lon="12.908057">
        <ele>324.235668</ele>
        <time>2026-07-21T11:48:21.724Z</time>
      </trkpt>
      <trkpt lat="50.832462" lon="12.908265">
        <ele>323.522321</ele>
        <time>2026-07-21T11:48:33.448Z</time>
      </trkpt>
      <trkpt lat="50.832068" lon="12.908401">
        <ele>323.054726</ele>
        <time>2026-07-21T11:48:38.704Z</time>
      </trkpt>
      <trkpt lat="50.831856" lon="12.908470">
        <ele>322.803760</ele>
        <time>2026-07-21T11:48:41.313Z</time>
      </trkpt>
      <trkpt lat="50.831608" lon="12.908558">
        <ele>321.694909</ele>
        <time>2026-07-21T11:48:43.946Z</time>
      </trkpt>
      <trkpt lat="50.831513" lon="12.908617">
        <ele>321.221721</ele>
        <time>2026-07-21T11:48:44.986Z</time>
      </trkpt>
      <trkpt lat="50.831374" lon="12.908776">
        <ele>320.426565</ele>
        <time>2026-07-21T11:48:46.719Z</time>
      </trkpt>
      <trkpt lat="50.831361" lon="12.908790">
        <ele>320.353662</ele>
        <time>2026-07-21T11:48:46.869Z</time>
      </trkpt>
      <trkpt lat="50.830892" lon="12.909270">
        <ele>317.764123</ele>
        <time>2026-07-21T11:48:52.101Z</time>
      </trkpt>
      <trkpt lat="50.830697" lon="12.909470">
        <ele>316.686768</ele>
        <time>2026-07-21T11:48:54.318Z</time>
      </trkpt>
      <trkpt lat="50.830565" lon="12.909605">
        <ele>315.958093</ele>
        <time>2026-07-21T11:48:55.969Z</time>
      </trkpt>
      <trkpt lat="50.830516" lon="12.909655">
        <ele>315.687780</ele>
        <time>2026-07-21T11:48:56.517Z</time>
      </trkpt>
      <trkpt lat="50.830216" lon="12.909962">
        <ele>313.859105</ele>
        <time>2026-07-21T11:48:59.604Z</time>
      </trkpt>
      <trkpt lat="50.830004" lon="12.910180">
        <ele>312.192994</ele>
        <time>2026-07-21T11:49:01.815Z</time>
      </trkpt>
      <trkpt lat="50.829908" lon="12.910278">
        <ele>311.440149</ele>
        <time>2026-07-21T11:49:02.867Z</time>
      </trkpt>
      <trkpt lat="50.829505" lon="12.910697">
        <ele>308.262498</ele>
        <time>2026-07-21T11:49:07.755Z</time>
      </trkpt>
      <trkpt lat="50.829411" lon="12.910794">
        <ele>307.522976</ele>
        <time>2026-07-21T11:49:08.828Z</time>
      </trkpt>
      <trkpt lat="50.829104" lon="12.911143">
        <ele>305.031992</ele>
        <time>2026-07-21T11:49:12.214Z</time>
      </trkpt>
      <trkpt lat="50.828871" lon="12.911423">
        <ele>303.104036</ele>
        <time>2026-07-21T11:49:14.739Z</time>
      </trkpt>
      <trkpt lat="50.828654" lon="12.911567">
        <ele>302.603326</ele>
        <time>2026-07-21T11:49:17.573Z</time>
      </trkpt>
      <trkpt lat="50.828381" lon="12.911691">
        <ele>302.635250</ele>
        <time>2026-07-21T11:49:21.135Z</time>
      </trkpt>
      <trkpt lat="50.828236" lon="12.911825">
        <ele>302.654122</ele>
        <time>2026-07-21T11:49:23.443Z</time>
      </trkpt>
      <trkpt lat="50.828075" lon="12.911994">
        <ele>302.675835</ele>
        <time>2026-07-21T11:49:26.561Z</time>
      </trkpt>
      <trkpt lat="50.827982" lon="12.912097">
        <ele>302.688592</ele>
        <time>2026-07-21T11:49:30.012Z</time>
      </trkpt>
      <trkpt lat="50.827915" lon="12.912135">
        <ele>302.696592</ele>
        <time>2026-07-21T11:49:33.168Z</time>
      </trkpt>
      <trkpt lat="50.827881" lon="12.912148">
        <ele>302.700523</ele>
        <time>2026-07-21T11:49:34.943Z</time>
      </trkpt>
      <trkpt lat="50.827850" lon="12.912140">
        <ele>302.704054</ele>
        <time>2026-07-21T11:49:36.588Z</time>
      </trkpt>
      <trkpt lat="50.827804" lon="12.912182">
        <ele>302.710023</ele>
        <time>2026-07-21T11:49:39.333Z</time>
      </trkpt>
      <trkpt lat="50.827760" lon="12.912221">
        <ele>302.715691</ele>
        <time>2026-07-21T11:49:42.043Z</time>
      </trkpt>
      <trkpt lat="50.827745" lon="12.912236">
        <ele>302.717685</ele>
        <time>2026-07-21T11:49:43.045Z</time>
      </trkpt>
      <trkpt lat="50.827680" lon="12.912290">
        <ele>302.725936</ele>
        <time>2026-07-21T11:49:47.231Z</time>
      </trkpt>
      <trkpt lat="50.827666" lon="12.912301">
        <ele>302.727693</ele>
        <time>2026-07-21T11:49:48.022Z</time>
      </trkpt>
      <trkpt lat="50.827617" lon="12.912342">
        <ele>302.733922</ele>
        <time>2026-07-21T11:49:50.525Z</time>
      </trkpt>
      <trkpt lat="50.827566" lon="12.912385">
        <ele>302.740417</ele>
        <time>2026-07-21T11:49:52.706Z</time>
      </trkpt>
      <trkpt lat="50.827543" lon="12.912415">
        <ele>302.743767</ele>
        <time>2026-07-21T11:49:53.877Z</time>
      </trkpt>
      <trkpt lat="50.827542" lon="12.912535">
        <ele>302.752287</ele>
        <time>2026-07-21T11:49:56.747Z</time>
      </trkpt>
      <trkpt lat="50.827530" lon="12.912543">
        <ele>302.753751</ele>
        <time>2026-07-21T11:49:57.236Z</time>
      </trkpt>
      <trkpt lat="50.827284" lon="12.912760">
        <ele>302.785405</ele>
        <time>2026-07-21T11:50:08.877Z</time>
      </trkpt>
      <trkpt lat="50.827068" lon="12.913015">
        <ele>303.487772</ele>
        <time>2026-07-21T11:50:19.260Z</time>
      </trkpt>
      <trkpt lat="50.826874" lon="12.913383">
        <ele>304.344515</ele>
        <time>2026-07-21T11:50:29.247Z</time>
      </trkpt>
      <trkpt lat="50.826779" lon="12.913656">
        <ele>304.901625</ele>
        <time>2026-07-21T11:50:36.933Z</time>
      </trkpt>
      <trkpt lat="50.826716" lon="12.914013">
        <ele>305.564165</ele>
        <time>2026-07-21T11:50:46.068Z</time>
      </trkpt>
      <trkpt lat="50.826776" lon="12.914038">
        <ele>305.739728</ele>
        <time>2026-07-21T11:50:46.685Z</time>
      </trkpt>
      <trkpt lat="50.826857" lon="12.914080">
        <ele>305.980913</ele>
        <time>2026-07-21T11:50:47.476Z</time>
      </trkpt>
      <trkpt lat="50.826921" lon="12.914111">
        <ele>306.170299</ele>
        <time>2026-07-21T11:50:48.351Z</time>
      </trkpt>
      <trkpt lat="50.826908" lon="12.914188">
        <ele>306.312760</ele>
        <time>2026-07-21T11:50:49.749Z</time>
      </trkpt>
      <trkpt lat="50.826898" lon="12.914247">
        <ele>306.421948</ele>
        <time>2026-07-21T11:50:51.165Z</time>
      </trkpt>
      <trkpt lat="50.826878" lon="12.914357">
        <ele>306.626546</ele>
        <time>2026-07-21T11:50:53.992Z</time>
      </trkpt>
      <trkpt lat="50.826873" lon="12.914385">
        <ele>306.678554</ele>
        <time>2026-07-21T11:50:54.686Z</time>
      </trkpt>
      <trkpt lat="50.826732" lon="12.915134">
        <ele>307.655110</ele>
        <time>2026-07-21T11:51:10.841Z</time>
      </trkpt>
      <trkpt lat="50.826568" lon="12.915910">
        <ele>306.013006</ele>
        <time>2026-07-21T11:51:19.458Z</time>
      </trkpt>
      <trkpt lat="50.826317" lon="12.916754">
        <ele>304.140956</ele>
        <time>2026-07-21T11:51:27.277Z</time>
      </trkpt>
      <trkpt lat="50.826171" lon="12.917169">
        <ele>303.187684</ele>
        <time>2026-07-21T11:51:31.142Z</time>
      </trkpt>
      <trkpt lat="50.825723" lon="12.918518">
        <ele>300.582816</ele>
        <time>2026-07-21T11:51:45.033Z</time>
      </trkpt>
      <trkpt lat="50.825643" lon="12.918773">
        <ele>300.138868</ele>
        <time>2026-07-21T11:51:47.543Z</time>
      </trkpt>
      <trkpt lat="50.825490" lon="12.919513">
        <ele>298.924780</ele>
        <time>2026-07-21T11:51:54.588Z</time>
      </trkpt>
      <trkpt lat="50.825467" lon="12.919710">
        <ele>298.612403</ele>
        <time>2026-07-21T11:51:56.698Z</time>
      </trkpt>
      <trkpt lat="50.825441" lon="12.919916">
        <ele>298.284846</ele>
        <time>2026-07-21T11:51:59.160Z</time>
      </trkpt>
      <trkpt lat="50.825462" lon="12.920078">
        <ele>298.026981</ele>
        <time>2026-07-21T11:52:01.550Z</time>
      </trkpt>
      <trkpt lat="50.825480" lon="12.920095">
        <ele>297.975243</ele>
        <time>2026-07-21T11:52:02.112Z</time>
      </trkpt>
      <trkpt lat="50.825492" lon="12.920176">
        <ele>297.845516</ele>
        <time>2026-07-21T11:52:03.550Z</time>
      </trkpt>
      <trkpt lat="50.825489" lon="12.920257">
        <ele>297.726363</ele>
        <time>2026-07-21T11:52:04.966Z</time>
      </trkpt>
      <trkpt lat="50.825486" lon="12.920363">
        <ele>297.833092</ele>
        <time>2026-07-21T11:52:06.668Z</time>
      </trkpt>
      <trkpt lat="50.825482" lon="12.920448">
        <ele>297.918828</ele>
        <time>2026-07-21T11:52:07.818Z</time>
      </trkpt>
      <trkpt lat="50.825479" lon="12.920548">
        <ele>298.019528</ele>
        <time>2026-07-21T11:52:09.045Z</time>
      </trkpt>
      <trkpt lat="50.825403" lon="12.920588">
        <ele>298.147061</ele>
        <time>2026-07-21T11:52:10.744Z</time>
      </trkpt>
      <trkpt lat="50.825334" lon="12.920610">
        <ele>298.259140</ele>
        <time>2026-07-21T11:52:12.045Z</time>
      </trkpt>
      <trkpt lat="50.825222" lon="12.920650">
        <ele>298.441967</ele>
        <time>2026-07-21T11:52:14.527Z</time>
      </trkpt>
      <trkpt lat="50.825137" lon="12.920676">
        <ele>298.579821</ele>
        <time>2026-07-21T11:52:16.966Z</time>
      </trkpt>
      <trkpt lat="50.825162" lon="12.920778">
        <ele>298.689873</ele>
        <time>2026-07-21T11:52:19.604Z</time>
      </trkpt>
      <trkpt lat="50.825177" lon="12.921065">
        <ele>298.979546</ele>
        <time>2026-07-21T11:52:26.652Z</time>
      </trkpt>
      <trkpt lat="50.825180" lon="12.921118">
        <ele>299.033071</ele>
        <time>2026-07-21T11:52:27.734Z</time>
      </trkpt>
      <trkpt lat="50.825189" lon="12.921280">
        <ele>299.196652</ele>
        <time>2026-07-21T11:52:30.550Z</time>
      </trkpt>
      <trkpt lat="50.825202" lon="12.921497">
        <ele>299.415907</ele>
        <time>2026-07-21T11:52:33.808Z</time>
      </trkpt>
      <trkpt lat="50.825208" lon="12.921596">
        <ele>299.515946</ele>
        <time>2026-07-21T11:52:35.507Z</time>
      </trkpt>
      <trkpt lat="50.825303" lon="12.922157">
        <ele>300.100167</ele>
        <time>2026-07-21T11:52:45.813Z</time>
      </trkpt>
      <trkpt lat="50.825310" lon="12.922566">
        <ele>300.511720</ele>
        <time>2026-07-21T11:52:51.440Z</time>
      </trkpt>
      <trkpt lat="50.825321" lon="12.923360">
        <ele>300.896124</ele>
        <time>2026-07-21T11:52:57.568Z</time>
      </trkpt>
      <trkpt lat="50.825315" lon="12.923644">
        <ele>301.018107</ele>
        <time>2026-07-21T11:53:00.170Z</time>
      </trkpt>
      <trkpt lat="50.825244" lon="12.924227">
        <ele>301.272984</ele>
        <time>2026-07-21T11:53:06.578Z</time>
      </trkpt>
      <trkpt lat="50.825218" lon="12.924798">
        <ele>301.518737</ele>
        <time>2026-07-21T11:53:12.869Z</time>
      </trkpt>
      <trkpt lat="50.825075" lon="12.924820">
        <ele>301.616373</ele>
        <time>2026-07-21T11:53:16.293Z</time>
      </trkpt>
      <trkpt lat="50.825065" lon="12.925000">
        <ele>301.693941</ele>
        <time>2026-07-21T11:53:18.693Z</time>
      </trkpt>
      <trkpt lat="50.824983" lon="12.925033">
        <ele>301.751439</ele>
        <time>2026-07-21T11:53:20.005Z</time>
      </trkpt>
      <trkpt lat="50.824958" lon="12.925077">
        <ele>301.776843</ele>
        <time>2026-07-21T11:53:20.742Z</time>
      </trkpt>
      <trkpt lat="50.824603" lon="12.925193">
        <ele>302.661738</ele>
        <time>2026-07-21T11:53:26.874Z</time>
      </trkpt>
      <trkpt lat="50.824507" lon="12.925224">
        <ele>302.927644</ele>
        <time>2026-07-21T11:53:28.670Z</time>
      </trkpt>
      <trkpt lat="50.824387" lon="12.925313">
        <ele>303.287291</ele>
        <time>2026-07-21T11:53:32.127Z</time>
      </trkpt>
      <trkpt lat="50.824165" lon="12.925376">
        <ele>303.899395</ele>
        <time>2026-07-21T11:53:40.856Z</time>
      </trkpt>
      <trkpt lat="50.823812" lon="12.925521">
        <ele>304.889151</ele>
        <time>2026-07-21T11:53:53.701Z</time>
      </trkpt>
      <trkpt lat="50.823731" lon="12.925548">
        <ele>305.113803</ele>
        <time>2026-07-21T11:53:55.877Z</time>
      </trkpt>
      <trkpt lat="50.823687" lon="12.925566">
        <ele>305.237140</ele>
        <time>2026-07-21T11:53:56.798Z</time>
      </trkpt>
      <trkpt lat="50.823584" lon="12.925610">
        <ele>305.526678</ele>
        <time>2026-07-21T11:53:58.395Z</time>
      </trkpt>
      <trkpt lat="50.823436" lon="12.925668">
        <ele>305.940470</ele>
        <time>2026-07-21T11:54:00.793Z</time>
      </trkpt>
      <trkpt lat="50.823312" lon="12.925671">
        <ele>306.277041</ele>
        <time>2026-07-21T11:54:03.675Z</time>
      </trkpt>
      <trkpt lat="50.823245" lon="12.925673">
        <ele>306.458909</ele>
        <time>2026-07-21T11:54:05.338Z</time>
      </trkpt>
      <trkpt lat="50.823189" lon="12.925514">
        <ele>306.756100</ele>
        <time>2026-07-21T11:54:07.948Z</time>
      </trkpt>
      <trkpt lat="50.823092" lon="12.925494">
        <ele>306.971901</ele>
        <time>2026-07-21T11:54:10.119Z</time>
      </trkpt>
      <trkpt lat="50.823048" lon="12.925529">
        <ele>307.080536</ele>
        <time>2026-07-21T11:54:11.249Z</time>
      </trkpt>
      <trkpt lat="50.823008" lon="12.925615">
        <ele>307.229371</ele>
        <time>2026-07-21T11:54:12.686Z</time>
      </trkpt>
      <trkpt lat="50.823003" lon="12.925713">
        <ele>307.366393</ele>
        <time>2026-07-21T11:54:13.966Z</time>
      </trkpt>
      <trkpt lat="50.823028" lon="12.925802">
        <ele>307.502136</ele>
        <time>2026-07-21T11:54:15.451Z</time>
      </trkpt>
      <trkpt lat="50.822977" lon="12.925850">
        <ele>307.633032</ele>
        <time>2026-07-21T11:54:17.226Z</time>
      </trkpt>
      <trkpt lat="50.822698" lon="12.925990">
        <ele>308.278722</ele>
        <time>2026-07-21T11:54:29.124Z</time>
      </trkpt>
      <trkpt lat="50.822564" lon="12.926040">
        <ele>308.582443</ele>
        <time>2026-07-21T11:54:33.652Z</time>
      </trkpt>
      <trkpt lat="50.822478" lon="12.926024">
        <ele>308.773475</ele>
        <time>2026-07-21T11:54:35.782Z</time>
      </trkpt>
      <trkpt lat="50.821750" lon="12.925769">
        <ele>310.418376</ele>
        <time>2026-07-21T11:54:50.329Z</time>
      </trkpt>
      <trkpt lat="50.821205" lon="12.925581">
        <ele>311.098129</ele>
        <time>2026-07-21T11:55:00.071Z</time>
      </trkpt>
      <trkpt lat="50.820965" lon="12.925474">
        <ele>311.342034</ele>
        <time>2026-07-21T11:55:02.573Z</time>
      </trkpt>
      <trkpt lat="50.820830" lon="12.925406">
        <ele>311.480617</ele>
        <time>2026-07-21T11:55:04.341Z</time>
      </trkpt>
      <trkpt lat="50.820760" lon="12.925371">
        <ele>311.552427</ele>
        <time>2026-07-21T11:55:05.658Z</time>
      </trkpt>
      <trkpt lat="50.820641" lon="12.925310">
        <ele>311.674785</ele>
        <time>2026-07-21T11:55:08.665Z</time>
      </trkpt>
      <trkpt lat="50.820470" lon="12.925223">
        <ele>311.850488</ele>
        <time>2026-07-21T11:55:14.242Z</time>
      </trkpt>
      <trkpt lat="50.819901" lon="12.924909">
        <ele>312.420987</ele>
        <time>2026-07-21T11:55:28.009Z</time>
      </trkpt>
      <trkpt lat="50.819558" lon="12.924728">
        <ele>312.457752</ele>
        <time>2026-07-21T11:55:37.874Z</time>
      </trkpt>
      <trkpt lat="50.818649" lon="12.924278">
        <ele>312.554601</ele>
        <time>2026-07-21T11:55:50.747Z</time>
      </trkpt>
      <trkpt lat="50.817909" lon="12.923943">
        <ele>312.607534</ele>
        <time>2026-07-21T11:55:59.561Z</time>
      </trkpt>
      <trkpt lat="50.817230" lon="12.923593">
        <ele>312.621156</ele>
        <time>2026-07-21T11:56:08.693Z</time>
      </trkpt>
      <trkpt lat="50.817017" lon="12.923560">
        <ele>312.625238</ele>
        <time>2026-07-21T11:56:12.476Z</time>
      </trkpt>
      <trkpt lat="50.816745" lon="12.923568">
        <ele>312.630428</ele>
        <time>2026-07-21T11:56:18.150Z</time>
      </trkpt>
      <trkpt lat="50.816564" lon="12.923575">
        <ele>312.633881</ele>
        <time>2026-07-21T11:56:22.657Z</time>
      </trkpt>
      <trkpt lat="50.816244" lon="12.923581">
        <ele>312.829015</ele>
        <time>2026-07-21T11:56:30.670Z</time>
      </trkpt>
      <trkpt lat="50.815830" lon="12.923554">
        <ele>313.211257</ele>
        <time>2026-07-21T11:56:36.803Z</time>
      </trkpt>
      <trkpt lat="50.815649" lon="12.923534">
        <ele>313.378637</ele>
        <time>2026-07-21T11:56:38.828Z</time>
      </trkpt>
      <trkpt lat="50.815455" lon="12.923516">
        <ele>313.557911</ele>
        <time>2026-07-21T11:56:41.234Z</time>
      </trkpt>
      <trkpt lat="50.815109" lon="12.923499">
        <ele>313.877252</ele>
        <time>2026-07-21T11:56:46.604Z</time>
      </trkpt>
      <trkpt lat="50.814877" lon="12.923493">
        <ele>314.091302</ele>
        <time>2026-07-21T11:56:53.058Z</time>
      </trkpt>
      <trkpt lat="50.814445" lon="12.923400">
        <ele>314.578134</ele>
        <time>2026-07-21T11:57:05.002Z</time>
      </trkpt>
      <trkpt lat="50.812547" lon="12.922423">
        <ele>317.700047</ele>
        <time>2026-07-21T11:57:42.300Z</time>
      </trkpt>
      <trkpt lat="50.812198" lon="12.922314">
        <ele>318.595257</ele>
        <time>2026-07-21T11:57:49.704Z</time>
      </trkpt>
      <trkpt lat="50.811972" lon="12.922314">
        <ele>319.163994</ele>
        <time>2026-07-21T11:57:55.897Z</time>
      </trkpt>
      <trkpt lat="50.811731" lon="12.922382">
        <ele>319.780042</ele>
        <time>2026-07-21T11:58:03.913Z</time>
      </trkpt>
      <trkpt lat="50.811521" lon="12.922511">
        <ele>320.346929</ele>
        <time>2026-07-21T11:58:11.573Z</time>
      </trkpt>
      <trkpt lat="50.811343" lon="12.922624">
        <ele>320.829567</ele>
        <time>2026-07-21T11:58:16.440Z</time>
      </trkpt>
      <trkpt lat="50.811305" lon="12.922648">
        <ele>320.932530</ele>
        <time>2026-07-21T11:58:17.407Z</time>
      </trkpt>
      <trkpt lat="50.811145" lon="12.922752">
        <ele>321.455007</ele>
        <time>2026-07-21T11:58:21.762Z</time>
      </trkpt>
      <trkpt lat="50.811073" lon="12.922798">
        <ele>321.745841</ele>
        <time>2026-07-21T11:58:23.948Z</time>
      </trkpt>
      <trkpt lat="50.811033" lon="12.922823">
        <ele>321.906929</ele>
        <time>2026-07-21T11:58:25.158Z</time>
      </trkpt>
      <trkpt lat="50.810517" lon="12.923104">
        <ele>323.950920</ele>
        <time>2026-07-21T11:58:39.525Z</time>
      </trkpt>
      <trkpt lat="50.809892" lon="12.923479">
        <ele>326.454568</ele>
        <time>2026-07-21T11:58:57.193Z</time>
      </trkpt>
      <trkpt lat="50.809112" lon="12.923933">
        <ele>328.861865</ele>
        <time>2026-07-21T11:59:30.316Z</time>
      </trkpt>
      <trkpt lat="50.809000" lon="12.923977">
        <ele>329.108251</ele>
        <time>2026-07-21T11:59:34.451Z</time>
      </trkpt>
      <trkpt lat="50.808897" lon="12.924004">
        <ele>329.331159</ele>
        <time>2026-07-21T11:59:37.088Z</time>
      </trkpt>
      <trkpt lat="50.808520" lon="12.924034">
        <ele>330.137095</ele>
        <time>2026-07-21T11:59:44.964Z</time>
      </trkpt>
      <trkpt lat="50.808314" lon="12.923983">
        <ele>330.582268</ele>
        <time>2026-07-21T11:59:48.938Z</time>
      </trkpt>
      <trkpt lat="50.807243" lon="12.923486">
        <ele>332.116449</ele>
        <time>2026-07-21T12:00:03.221Z</time>
      </trkpt>
      <trkpt lat="50.807027" lon="12.923477">
        <ele>332.251095</ele>
        <time>2026-07-21T12:00:05.714Z</time>
      </trkpt>
      <trkpt lat="50.806792" lon="12.923551">
        <ele>332.400405</ele>
        <time>2026-07-21T12:00:09.190Z</time>
      </trkpt>
      <trkpt lat="50.806687" lon="12.923598">
        <ele>332.468402</ele>
        <time>2026-07-21T12:00:12.073Z</time>
      </trkpt>
      <trkpt lat="50.806508" lon="12.923674">
        <ele>332.583890</ele>
        <time>2026-07-21T12:00:17.520Z</time>
      </trkpt>
      <trkpt lat="50.806254" lon="12.923777">
        <ele>332.747283</ele>
        <time>2026-07-21T12:00:22.658Z</time>
      </trkpt>
      <trkpt lat="50.805976" lon="12.923876">
        <ele>332.995380</ele>
        <time>2026-07-21T12:00:28.402Z</time>
      </trkpt>
      <trkpt lat="50.805928" lon="12.923758">
        <ele>333.154835</ele>
        <time>2026-07-21T12:00:29.992Z</time>
      </trkpt>
      <trkpt lat="50.805888" lon="12.923724">
        <ele>333.236475</ele>
        <time>2026-07-21T12:00:30.859Z</time>
      </trkpt>
      <trkpt lat="50.805799" lon="12.923724">
        <ele>333.396500</ele>
        <time>2026-07-21T12:00:32.997Z</time>
      </trkpt>
      <trkpt lat="50.805759" lon="12.923760">
        <ele>333.479240</ele>
        <time>2026-07-21T12:00:34.339Z</time>
      </trkpt>
      <trkpt lat="50.805711" lon="12.923885">
        <ele>333.645440</ele>
        <time>2026-07-21T12:00:37.331Z</time>
      </trkpt>
      <trkpt lat="50.805725" lon="12.924029">
        <ele>333.810987</ele>
        <time>2026-07-21T12:00:40.346Z</time>
      </trkpt>
      <trkpt lat="50.805649" lon="12.924059">
        <ele>333.951825</ele>
        <time>2026-07-21T12:00:42.663Z</time>
      </trkpt>
      <trkpt lat="50.805485" lon="12.924122">
        <ele>334.255267</ele>
        <time>2026-07-21T12:00:46.741Z</time>
      </trkpt>
      <trkpt lat="50.805261" lon="12.924207">
        <ele>334.669445</ele>
        <time>2026-07-21T12:00:51.851Z</time>
      </trkpt>
      <trkpt lat="50.804651" lon="12.924359">
        <ele>335.779761</ele>
        <time>2026-07-21T12:01:03.601Z</time>
      </trkpt>
      <trkpt lat="50.804224" lon="12.924599">
        <ele>336.489524</ele>
        <time>2026-07-21T12:01:11.428Z</time>
      </trkpt>
      <trkpt lat="50.804091" lon="12.924682">
        <ele>336.689535</ele>
        <time>2026-07-21T12:01:14.857Z</time>
      </trkpt>
      <trkpt lat="50.803824" lon="12.924865">
        <ele>337.096595</ele>
        <time>2026-07-21T12:01:22.262Z</time>
      </trkpt>
      <trkpt lat="50.803658" lon="12.924995">
        <ele>337.355710</ele>
        <time>2026-07-21T12:01:26.354Z</time>
      </trkpt>
      <trkpt lat="50.803322" lon="12.925275">
        <ele>337.886966</ele>
        <time>2026-07-21T12:01:36.321Z</time>
      </trkpt>
      <trkpt lat="50.803087" lon="12.925492">
        <ele>338.267611</ele>
        <time>2026-07-21T12:01:44.829Z</time>
      </trkpt>
      <trkpt lat="50.802413" lon="12.926122">
        <ele>338.691317</ele>
        <time>2026-07-21T12:01:59.716Z</time>
      </trkpt>
      <trkpt lat="50.802063" lon="12.926457">
        <ele>338.733630</ele>
        <time>2026-07-21T12:02:12.466Z</time>
      </trkpt>
      <trkpt lat="50.801859" lon="12.926658">
        <ele>338.758489</ele>
        <time>2026-07-21T12:02:17.859Z</time>
      </trkpt>
      <trkpt lat="50.801736" lon="12.926788">
        <ele>338.773790</ele>
        <time>2026-07-21T12:02:20.517Z</time>
      </trkpt>
      <trkpt lat="50.801445" lon="12.927099">
        <ele>338.810115</ele>
        <time>2026-07-21T12:02:24.313Z</time>
      </trkpt>
      <trkpt lat="50.801353" lon="12.927237">
        <ele>338.823228</ele>
        <time>2026-07-21T12:02:25.793Z</time>
      </trkpt>
      <trkpt lat="50.801171" lon="12.927536">
        <ele>338.465217</ele>
        <time>2026-07-21T12:02:28.910Z</time>
      </trkpt>
      <trkpt lat="50.801053" lon="12.927883">
        <ele>338.118066</ele>
        <time>2026-07-21T12:02:31.612Z</time>
      </trkpt>
      <trkpt lat="50.800900" lon="12.928527">
        <ele>337.511935</ele>
        <time>2026-07-21T12:02:36.550Z</time>
      </trkpt>
      <trkpt lat="50.800674" lon="12.929362">
        <ele>336.711673</ele>
        <time>2026-07-21T12:02:42.905Z</time>
      </trkpt>
      <trkpt lat="50.800168" lon="12.930513">
        <ele>335.539045</ele>
        <time>2026-07-21T12:02:55.826Z</time>
      </trkpt>
      <trkpt lat="50.799884" lon="12.931050">
        <ele>334.968127</ele>
        <time>2026-07-21T12:03:00.770Z</time>
      </trkpt>
      <trkpt lat="50.799741" lon="12.931295">
        <ele>334.696210</ele>
        <time>2026-07-21T12:03:03.063Z</time>
      </trkpt>
      <trkpt lat="50.798977" lon="12.932542">
        <ele>332.687796</ele>
        <time>2026-07-21T12:03:15.614Z</time>
      </trkpt>
      <trkpt lat="50.798722" lon="12.932956">
        <ele>331.826499</ele>
        <time>2026-07-21T12:03:19.237Z</time>
      </trkpt>
      <trkpt lat="50.798637" lon="12.933025">
        <ele>331.601291</ele>
        <time>2026-07-21T12:03:20.160Z</time>
      </trkpt>
      <trkpt lat="50.798549" lon="12.933052">
        <ele>331.389980</ele>
        <time>2026-07-21T12:03:21.022Z</time>
      </trkpt>
      <trkpt lat="50.798465" lon="12.933021">
        <ele>331.186648</ele>
        <time>2026-07-21T12:03:21.846Z</time>
      </trkpt>
      <trkpt lat="50.798306" lon="12.932876">
        <ele>330.754026</ele>
        <time>2026-07-21T12:03:23.719Z</time>
      </trkpt>
      <trkpt lat="50.798211" lon="12.932728">
        <ele>330.439735</ele>
        <time>2026-07-21T12:03:25.275Z</time>
      </trkpt>
      <trkpt lat="50.798215" lon="12.932616">
        <ele>330.272593</ele>
        <time>2026-07-21T12:03:26.119Z</time>
      </trkpt>
      <trkpt lat="50.798173" lon="12.932524">
        <ele>330.103499</ele>
        <time>2026-07-21T12:03:26.889Z</time>
      </trkpt>
      <trkpt lat="50.798102" lon="12.932494">
        <ele>329.930262</ele>
        <time>2026-07-21T12:03:27.640Z</time>
      </trkpt>
      <trkpt lat="50.798087" lon="12.932498">
        <ele>329.894403</ele>
        <time>2026-07-21T12:03:27.793Z</time>
      </trkpt>
      <trkpt lat="50.798040" lon="12.932536">
        <ele>329.769980</ele>
        <time>2026-07-21T12:03:28.336Z</time>
      </trkpt>
      <trkpt lat="50.798004" lon="12.932660">
        <ele>329.729060</ele>
        <time>2026-07-21T12:03:29.259Z</time>
      </trkpt>
      <trkpt lat="50.797956" lon="12.932744">
        <ele>329.704954</ele>
        <time>2026-07-21T12:03:30.061Z</time>
      </trkpt>
      <trkpt lat="50.797911" lon="12.932927">
        <ele>329.663153</ele>
        <time>2026-07-21T12:03:31.550Z</time>
      </trkpt>
      <trkpt lat="50.797909" lon="12.933020">
        <ele>329.643343</ele>
        <time>2026-07-21T12:03:32.584Z</time>
      </trkpt>
      <trkpt lat="50.797880" lon="12.933182">
        <ele>329.607501</ele>
        <time>2026-07-21T12:03:35.027Z</time>
      </trkpt>
      <trkpt lat="50.797711" lon="12.933807">
        <ele>329.462788</ele>
        <time>2026-07-21T12:03:44.642Z</time>
      </trkpt>
      <trkpt lat="50.797461" lon="12.934723">
        <ele>329.250388</ele>
        <time>2026-07-21T12:03:52.609Z</time>
      </trkpt>
      <trkpt lat="50.797279" lon="12.935358">
        <ele>328.852935</ele>
        <time>2026-07-21T12:04:01.351Z</time>
      </trkpt>
      <trkpt lat="50.797249" lon="12.935390">
        <ele>328.778030</ele>
        <time>2026-07-21T12:04:01.928Z</time>
      </trkpt>
      <trkpt lat="50.796911" lon="12.935346">
        <ele>328.075909</ele>
        <time>2026-07-21T12:04:05.645Z</time>
      </trkpt>
      <trkpt lat="50.796553" lon="12.935458">
        <ele>327.320397</ele>
        <time>2026-07-21T12:04:08.851Z</time>
      </trkpt>
      <trkpt lat="50.796325" lon="12.935598">
        <ele>326.814067</ele>
        <time>2026-07-21T12:04:11.525Z</time>
      </trkpt>
      <trkpt lat="50.796143" lon="12.935799">
        <ele>326.354552</ele>
        <time>2026-07-21T12:04:13.953Z</time>
      </trkpt>
      <trkpt lat="50.796087" lon="12.935860">
        <ele>326.213794</ele>
        <time>2026-07-21T12:04:14.726Z</time>
      </trkpt>
      <trkpt lat="50.795959" lon="12.936052">
        <ele>325.848623</ele>
        <time>2026-07-21T12:04:17.382Z</time>
      </trkpt>
      <trkpt lat="50.795864" lon="12.936195">
        <ele>325.577148</ele>
        <time>2026-07-21T12:04:20.048Z</time>
      </trkpt>
      <trkpt lat="50.795774" lon="12.936377">
        <ele>325.422189</ele>
        <time>2026-07-21T12:04:22.966Z</time>
      </trkpt>
      <trkpt lat="50.795575" lon="12.936807">
        <ele>325.401734</ele>
        <time>2026-07-21T12:04:26.808Z</time>
      </trkpt>
      <trkpt lat="50.795273" lon="12.937444">
        <ele>325.371170</ele>
        <time>2026-07-21T12:04:40.073Z</time>
      </trkpt>
      <trkpt lat="50.795145" lon="12.937631">
        <ele>325.360590</ele>
        <time>2026-07-21T12:04:43.308Z</time>
      </trkpt>
      <trkpt lat="50.795021" lon="12.937688">
        <ele>325.352749</ele>
        <time>2026-07-21T12:04:44.716Z</time>
      </trkpt>
      <trkpt lat="50.794876" lon="12.937655">
        <ele>325.343853</ele>
        <time>2026-07-21T12:04:46.142Z</time>
      </trkpt>
      <trkpt lat="50.794724" lon="12.937631">
        <ele>325.334577</ele>
        <time>2026-07-21T12:04:47.614Z</time>
      </trkpt>
      <trkpt lat="50.794728" lon="12.937746">
        <ele>325.330156</ele>
        <time>2026-07-21T12:04:48.451Z</time>
      </trkpt>
      <trkpt lat="50.794720" lon="12.937861">
        <ele>325.325715</ele>
        <time>2026-07-21T12:04:49.612Z</time>
      </trkpt>
      <trkpt lat="50.794684" lon="12.938130">
        <ele>325.340199</ele>
        <time>2026-07-21T12:04:52.410Z</time>
      </trkpt>
      <trkpt lat="50.794545" lon="12.939045">
        <ele>325.704054</ele>
        <time>2026-07-21T12:05:01.346Z</time>
      </trkpt>
      <trkpt lat="50.794547" lon="12.939220">
        <ele>325.771728</ele>
        <time>2026-07-21T12:05:02.685Z</time>
      </trkpt>
      <trkpt lat="50.794563" lon="12.939916">
        <ele>326.041013</ele>
        <time>2026-07-21T12:05:09.058Z</time>
      </trkpt>
      <trkpt lat="50.794616" lon="12.940173">
        <ele>326.145536</ele>
        <time>2026-07-21T12:05:14.124Z</time>
      </trkpt>
      <trkpt lat="50.794633" lon="12.940255">
        <ele>326.178902</ele>
        <time>2026-07-21T12:05:15.926Z</time>
      </trkpt>
      <trkpt lat="50.794863" lon="12.940763">
        <ele>326.419560</ele>
        <time>2026-07-21T12:05:27.112Z</time>
      </trkpt>
      <trkpt lat="50.794936" lon="12.941099">
        <ele>326.511910</ele>
        <time>2026-07-21T12:05:31.107Z</time>
      </trkpt>
      <trkpt lat="50.794931" lon="12.941394">
        <ele>326.588615</ele>
        <time>2026-07-21T12:05:34.397Z</time>
      </trkpt>
      <trkpt lat="50.794842" lon="12.941749">
        <ele>326.687882</ele>
        <time>2026-07-21T12:05:38.155Z</time>
      </trkpt>
      <trkpt lat="50.794717" lon="12.942109">
        <ele>326.794643</ele>
        <time>2026-07-21T12:05:41.568Z</time>
      </trkpt>
      <trkpt lat="50.794567" lon="12.942419">
        <ele>326.896119</ele>
        <time>2026-07-21T12:05:45.252Z</time>
      </trkpt>
      <trkpt lat="50.794389" lon="12.942709">
        <ele>327.001188</ele>
        <time>2026-07-21T12:05:48.132Z</time>
      </trkpt>
      <trkpt lat="50.794334" lon="12.942774">
        <ele>327.029418</ele>
        <time>2026-07-21T12:05:48.841Z</time>
      </trkpt>
      <trkpt lat="50.794314" lon="12.942734">
        <ele>327.042675</ele>
        <time>2026-07-21T12:05:49.168Z</time>
      </trkpt>
      <trkpt lat="50.794246" lon="12.942679">
        <ele>327.074080</ele>
        <time>2026-07-21T12:05:49.948Z</time>
      </trkpt>
      <trkpt lat="50.794164" lon="12.942701">
        <ele>327.108280</ele>
        <time>2026-07-21T12:05:50.846Z</time>
      </trkpt>
      <trkpt lat="50.794100" lon="12.942837">
        <ele>327.152351</ele>
        <time>2026-07-21T12:05:52.288Z</time>
      </trkpt>
      <trkpt lat="50.794108" lon="12.942957">
        <ele>327.326727</ele>
        <time>2026-07-21T12:05:53.874Z</time>
      </trkpt>
      <trkpt lat="50.794187" lon="12.943070">
        <ele>327.607099</ele>
        <time>2026-07-21T12:05:56.505Z</time>
      </trkpt>
      <trkpt lat="50.794247" lon="12.943076">
        <ele>327.765365</ele>
        <time>2026-07-21T12:05:57.971Z</time>
      </trkpt>
      <trkpt lat="50.794305" lon="12.943034">
        <ele>327.933285</ele>
        <time>2026-07-21T12:05:59.785Z</time>
      </trkpt>
      <trkpt lat="50.794382" lon="12.943129">
        <ele>328.190343</ele>
        <time>2026-07-21T12:06:03.058Z</time>
      </trkpt>
      <trkpt lat="50.794449" lon="12.943150">
        <ele>328.370150</ele>
        <time>2026-07-21T12:06:05.785Z</time>
      </trkpt>
      <trkpt lat="50.794462" lon="12.943274">
        <ele>328.579307</ele>
        <time>2026-07-21T12:06:08.800Z</time>
      </trkpt>
      <trkpt lat="50.794497" lon="12.943351">
        <ele>328.737126</ele>
        <time>2026-07-21T12:06:10.777Z</time>
      </trkpt>
      <trkpt lat="50.794831" lon="12.943762">
        <ele>329.851051</ele>
        <time>2026-07-21T12:06:20.448Z</time>
      </trkpt>
      <trkpt lat="50.794936" lon="12.943869">
        <ele>330.179845</ele>
        <time>2026-07-21T12:06:23.851Z</time>
      </trkpt>
      <trkpt lat="50.795369" lon="12.944170">
        <ele>331.424909</ele>
        <time>2026-07-21T12:06:36.510Z</time>
      </trkpt>
      <trkpt lat="50.795617" lon="12.944354">
        <ele>332.270566</ele>
        <time>2026-07-21T12:06:44.657Z</time>
      </trkpt>
      <trkpt lat="50.796050" lon="12.944868">
        <ele>334.395041</ele>
        <time>2026-07-21T12:07:02.226Z</time>
      </trkpt>
      <trkpt lat="50.796202" lon="12.945081">
        <ele>335.191921</ele>
        <time>2026-07-21T12:07:07.923Z</time>
      </trkpt>
      <trkpt lat="50.796387" lon="12.945378">
        <ele>336.226285</ele>
        <time>2026-07-21T12:07:13.663Z</time>
      </trkpt>
      <trkpt lat="50.796533" lon="12.945610">
        <ele>337.038382</ele>
        <time>2026-07-21T12:07:18.221Z</time>
      </trkpt>
      <trkpt lat="50.796591" lon="12.945702">
        <ele>337.360707</ele>
        <time>2026-07-21T12:07:20.986Z</time>
      </trkpt>
      <trkpt lat="50.796944" lon="12.946131">
        <ele>339.205555</ele>
        <time>2026-07-21T12:07:39.241Z</time>
      </trkpt>
      <trkpt lat="50.797126" lon="12.946292">
        <ele>340.535667</ele>
        <time>2026-07-21T12:07:47.216Z</time>
      </trkpt>
      <trkpt lat="50.797301" lon="12.946445">
        <ele>341.811079</ele>
        <time>2026-07-21T12:07:53.803Z</time>
      </trkpt>
      <trkpt lat="50.797302" lon="12.946443">
        <ele>341.821361</ele>
        <time>2026-07-21T12:07:53.869Z</time>
      </trkpt>
      <trkpt lat="50.797300" lon="12.946440">
        <ele>341.838941</ele>
        <time>2026-07-21T12:07:53.918Z</time>
      </trkpt>
      <trkpt lat="50.797510" lon="12.946760">
        <ele>343.698792</ele>
        <time>2026-07-21T12:07:59.329Z</time>
      </trkpt>
      <trkpt lat="50.797640" lon="12.946900">
        <ele>344.701926</ele>
        <time>2026-07-21T12:08:02.244Z</time>
      </trkpt>
      <trkpt lat="50.797960" lon="12.947150">
        <ele>346.978470</ele>
        <time>2026-07-21T12:08:08.874Z</time>
      </trkpt>
      <trkpt lat="50.798200" lon="12.947370">
        <ele>348.747797</ele>
        <time>2026-07-21T12:08:14.045Z</time>
      </trkpt>
      <trkpt lat="50.798610" lon="12.947890">
        <ele>351.911127</ele>
        <time>2026-07-21T12:08:23.795Z</time>
      </trkpt>
      <trkpt lat="50.798890" lon="12.948340">
        <ele>354.170458</ele>
        <time>2026-07-21T12:08:31.198Z</time>
      </trkpt>
      <trkpt lat="50.799060" lon="12.949040">
        <ele>356.853495</ele>
        <time>2026-07-21T12:08:39.992Z</time>
      </trkpt>
      <trkpt lat="50.799230" lon="12.949740">
        <ele>359.536523</ele>
        <time>2026-07-21T12:08:48.780Z</time>
      </trkpt>
      <trkpt lat="50.799370" lon="12.951110">
        <ele>364.453924</ele>
        <time>2026-07-21T12:09:05.073Z</time>
      </trkpt>
      <trkpt lat="50.799360" lon="12.951230">
        <ele>364.881655</ele>
        <time>2026-07-21T12:09:06.494Z</time>
      </trkpt>
      <trkpt lat="50.799300" lon="12.951520">
        <ele>365.959982</ele>
        <time>2026-07-21T12:09:10.076Z</time>
      </trkpt>
      <trkpt lat="50.799120" lon="12.952230">
        <ele>368.663340</ele>
        <time>2026-07-21T12:09:19.038Z</time>
      </trkpt>
      <trkpt lat="50.799090" lon="12.952300">
        <ele>368.962217</ele>
        <time>2026-07-21T12:09:20.030Z</time>
      </trkpt>
      <trkpt lat="50.798750" lon="12.952770">
        <ele>371.544388</ele>
        <time>2026-07-21T12:09:28.413Z</time>
      </trkpt>
      <trkpt lat="50.798660" lon="12.952930">
        <ele>372.354396</ele>
        <time>2026-07-21T12:09:30.923Z</time>
      </trkpt>
      <trkpt lat="50.798620" lon="12.953190">
        <ele>373.366367</ele>
        <time>2026-07-21T12:09:34.060Z</time>
      </trkpt>
      <trkpt lat="50.798627" lon="12.953195">
        <ele>373.412321</ele>
        <time>2026-07-21T12:09:34.203Z</time>
      </trkpt>
      <trkpt lat="50.798625" lon="12.953435">
        <ele>374.320027</ele>
        <time>2026-07-21T12:09:38.287Z</time>
      </trkpt>
      <trkpt lat="50.798475" lon="12.954418">
        <ele>378.144329</ele>
        <time>2026-07-21T12:10:07.101Z</time>
      </trkpt>
      <trkpt lat="50.798451" lon="12.954841">
        <ele>379.750459</ele>
        <time>2026-07-21T12:10:19.739Z</time>
      </trkpt>
      <trkpt lat="50.798485" lon="12.955246">
        <ele>381.295536</ele>
        <time>2026-07-21T12:10:30.880Z</time>
      </trkpt>
      <trkpt lat="50.798497" lon="12.955477">
        <ele>382.110788</ele>
        <time>2026-07-21T12:10:36.639Z</time>
      </trkpt>
      <trkpt lat="50.798379" lon="12.956111">
        <ele>384.405298</ele>
        <time>2026-07-21T12:10:46.655Z</time>
      </trkpt>
      <trkpt lat="50.798361" lon="12.956267">
        <ele>384.955837</ele>
        <time>2026-07-21T12:10:50.048Z</time>
      </trkpt>
      <trkpt lat="50.798386" lon="12.956557">
        <ele>385.971955</ele>
        <time>2026-07-21T12:10:57.321Z</time>
      </trkpt>
      <trkpt lat="50.798502" lon="12.956872">
        <ele>387.237622</ele>
        <time>2026-07-21T12:11:06.489Z</time>
      </trkpt>
      <trkpt lat="50.798653" lon="12.957403">
        <ele>389.259084</ele>
        <time>2026-07-21T12:11:21.073Z</time>
      </trkpt>
      <trkpt lat="50.798712" lon="12.957697">
        <ele>390.329974</ele>
        <time>2026-07-21T12:11:26.288Z</time>
      </trkpt>
      <trkpt lat="50.798875" lon="12.958643">
        <ele>394.030353</ele>
        <time>2026-07-21T12:11:52.680Z</time>
      </trkpt>
      <trkpt lat="50.798993" lon="12.959625">
        <ele>397.923783</ele>
        <time>2026-07-21T12:12:15.060Z</time>
      </trkpt>
      <trkpt lat="50.799004" lon="12.959969">
        <ele>399.265385</ele>
        <time>2026-07-21T12:12:21.900Z</time>
      </trkpt>
      <trkpt lat="50.799006" lon="12.960694">
        <ele>402.089303</ele>
        <time>2026-07-21T12:12:43.357Z</time>
      </trkpt>
      <trkpt lat="50.799002" lon="12.962570">
        <ele>409.824044</ele>
        <time>2026-07-21T12:13:36.535Z</time>
      </trkpt>
      <trkpt lat="50.799045" lon="12.963278">
        <ele>412.763475</ele>
        <time>2026-07-21T12:13:51.489Z</time>
      </trkpt>
      <trkpt lat="50.799050" lon="12.963568">
        <ele>413.962404</ele>
        <time>2026-07-21T12:13:56.622Z</time>
      </trkpt>
      <trkpt lat="50.799032" lon="12.963689">
        <ele>414.501399</ele>
        <time>2026-07-21T12:13:59.035Z</time>
      </trkpt>
      <trkpt lat="50.798917" lon="12.964420">
        <ele>417.855229</ele>
        <time>2026-07-21T12:14:19.645Z</time>
      </trkpt>
      <trkpt lat="50.798871" lon="12.964712">
        <ele>419.195035</ele>
        <time>2026-07-21T12:14:27.854Z</time>
      </trkpt>
      <trkpt lat="50.798864" lon="12.964929">
        <ele>420.162414</ele>
        <time>2026-07-21T12:14:33.499Z</time>
      </trkpt>
      <trkpt lat="50.798943" lon="12.965392">
        <ele>422.297560</ele>
        <time>2026-07-21T12:14:46.318Z</time>
      </trkpt>
      <trkpt lat="50.799072" lon="12.965811">
        <ele>424.372561</ele>
        <time>2026-07-21T12:14:58.402Z</time>
      </trkpt>
      <trkpt lat="50.799153" lon="12.965982">
        <ele>425.323957</ele>
        <time>2026-07-21T12:15:05.487Z</time>
      </trkpt>
      <trkpt lat="50.799198" lon="12.966066">
        <ele>425.814202</ele>
        <time>2026-07-21T12:15:09.604Z</time>
      </trkpt>
      <trkpt lat="50.799297" lon="12.966377">
        <ele>427.247354</ele>
        <time>2026-07-21T12:15:23.226Z</time>
      </trkpt>
      <trkpt lat="50.799393" lon="12.966731">
        <ele>428.594065</ele>
        <time>2026-07-21T12:15:36.002Z</time>
      </trkpt>
      <trkpt lat="50.799503" lon="12.967326">
        <ele>430.761369</ele>
        <time>2026-07-21T12:15:49.456Z</time>
      </trkpt>
      <trkpt lat="50.799658" lon="12.968536">
        <ele>435.077575</ele>
        <time>2026-07-21T12:16:16.510Z</time>
      </trkpt>
      <trkpt lat="50.799719" lon="12.970961">
        <ele>439.745923</ele>
        <time>2026-07-21T12:16:56.806Z</time>
      </trkpt>
      <trkpt lat="50.799760" lon="12.971381">
        <ele>440.397142</ele>
        <time>2026-07-21T12:17:03.129Z</time>
      </trkpt>
      <trkpt lat="50.799853" lon="12.971900">
        <ele>441.149971</ele>
        <time>2026-07-21T12:17:10.313Z</time>
      </trkpt>
      <trkpt lat="50.799891" lon="12.972059">
        <ele>441.208237</ele>
        <time>2026-07-21T12:17:12.058Z</time>
      </trkpt>
      <trkpt lat="50.800334" lon="12.973446">
        <ele>441.740906</ele>
        <time>2026-07-21T12:17:26.591Z</time>
      </trkpt>
      <trkpt lat="50.800405" lon="12.973658">
        <ele>441.823142</ele>
        <time>2026-07-21T12:17:28.334Z</time>
      </trkpt>
      <trkpt lat="50.800539" lon="12.974067">
        <ele>441.981048</ele>
        <time>2026-07-21T12:17:34.303Z</time>
      </trkpt>
      <trkpt lat="50.800740" lon="12.974706">
        <ele>442.442986</ele>
        <time>2026-07-21T12:17:43.050Z</time>
      </trkpt>
      <trkpt lat="50.800842" lon="12.975129">
        <ele>442.875579</ele>
        <time>2026-07-21T12:17:48.456Z</time>
      </trkpt>
      <trkpt lat="50.800456" lon="12.975452">
        <ele>443.535727</ele>
        <time>2026-07-21T12:17:57.050Z</time>
      </trkpt>
      <trkpt lat="50.798793" lon="12.977145">
        <ele>447.365676</ele>
        <time>2026-07-21T12:18:42.152Z</time>
      </trkpt>
      <trkpt lat="50.798460" lon="12.977488">
        <ele>448.262990</ele>
        <time>2026-07-21T12:18:52.772Z</time>
      </trkpt>
      <trkpt lat="50.798057" lon="12.977924">
        <ele>449.125991</ele>
        <time>2026-07-21T12:19:05.366Z</time>
      </trkpt>
      <trkpt lat="50.797534" lon="12.978509">
        <ele>449.851239</ele>
        <time>2026-07-21T12:19:19.425Z</time>
      </trkpt>
      <trkpt lat="50.797379" lon="12.978719">
        <ele>450.082305</ele>
        <time>2026-07-21T12:19:23.372Z</time>
      </trkpt>
      <trkpt lat="50.797244" lon="12.978997">
        <ele>450.333208</ele>
        <time>2026-07-21T12:19:27.405Z</time>
      </trkpt>
      <trkpt lat="50.797202" lon="12.979132">
        <ele>450.440896</ele>
        <time>2026-07-21T12:19:28.908Z</time>
      </trkpt>
      <trkpt lat="50.797127" lon="12.979597">
        <ele>450.784358</ele>
        <time>2026-07-21T12:19:33.079Z</time>
      </trkpt>
      <trkpt lat="50.797120" lon="12.979836">
        <ele>450.927545</ele>
        <time>2026-07-21T12:19:35.114Z</time>
      </trkpt>
      <trkpt lat="50.797104" lon="12.980111">
        <ele>450.961383</ele>
        <time>2026-07-21T12:19:37.310Z</time>
      </trkpt>
      <trkpt lat="50.797074" lon="12.980239">
        <ele>450.978110</ele>
        <time>2026-07-21T12:19:38.402Z</time>
      </trkpt>
      <trkpt lat="50.796976" lon="12.980465">
        <ele>451.011692</ele>
        <time>2026-07-21T12:19:40.607Z</time>
      </trkpt>
      <trkpt lat="50.796835" lon="12.980616">
        <ele>451.044699</ele>
        <time>2026-07-21T12:19:42.867Z</time>
      </trkpt>
      <trkpt lat="50.796593" lon="12.980732">
        <ele>451.093717</ele>
        <time>2026-07-21T12:19:47.142Z</time>
      </trkpt>
      <trkpt lat="50.796110" lon="12.980870">
        <ele>451.188864</ele>
        <time>2026-07-21T12:19:56.487Z</time>
      </trkpt>
      <trkpt lat="50.795842" lon="12.981012">
        <ele>451.243653</ele>
        <time>2026-07-21T12:20:01.234Z</time>
      </trkpt>
      <trkpt lat="50.795654" lon="12.981209">
        <ele>451.311078</ele>
        <time>2026-07-21T12:20:04.130Z</time>
      </trkpt>
      <trkpt lat="50.795528" lon="12.981410">
        <ele>451.394316</ele>
        <time>2026-07-21T12:20:06.630Z</time>
      </trkpt>
      <trkpt lat="50.795379" lon="12.981665">
        <ele>451.496425</ele>
        <time>2026-07-21T12:20:10.790Z</time>
      </trkpt>
      <trkpt lat="50.795216" lon="12.981946">
        <ele>451.608570</ele>
        <time>2026-07-21T12:20:14.872Z</time>
      </trkpt>
      <trkpt lat="50.794920" lon="12.982478">
        <ele>451.816969</ele>
        <time>2026-07-21T12:20:23.726Z</time>
      </trkpt>
      <trkpt lat="50.794408" lon="12.983417">
        <ele>452.639441</ele>
        <time>2026-07-21T12:20:33.004Z</time>
      </trkpt>
      <trkpt lat="50.793410" lon="12.985256">
        <ele>457.733127</ele>
        <time>2026-07-21T12:21:22.520Z</time>
      </trkpt>
      <trkpt lat="50.793246" lon="12.985552">
        <ele>458.483129</ele>
        <time>2026-07-21T12:21:30.433Z</time>
      </trkpt>
      <trkpt lat="50.792933" lon="12.986053">
        <ele>459.722041</ele>
        <time>2026-07-21T12:21:43.987Z</time>
      </trkpt>
      <trkpt lat="50.793087" lon="12.986593">
        <ele>460.763987</ele>
        <time>2026-07-21T12:21:50.101Z</time>
      </trkpt>
      <trkpt lat="50.793103" lon="12.986768">
        <ele>461.074982</ele>
        <time>2026-07-21T12:21:52.344Z</time>
      </trkpt>
      <trkpt lat="50.793067" lon="12.987024">
        <ele>461.536246</ele>
        <time>2026-07-21T12:21:56.346Z</time>
      </trkpt>
      <trkpt lat="50.792964" lon="12.987338">
        <ele>462.158447</ele>
        <time>2026-07-21T12:22:03.111Z</time>
      </trkpt>
      <trkpt lat="50.792634" lon="12.988094">
        <ele>463.213332</ele>
        <time>2026-07-21T12:22:19.280Z</time>
      </trkpt>
      <trkpt lat="50.792525" lon="12.988413">
        <ele>463.327088</ele>
        <time>2026-07-21T12:22:24.818Z</time>
      </trkpt>
      <trkpt lat="50.792472" lon="12.988861">
        <ele>463.470068</ele>
        <time>2026-07-21T12:22:31.328Z</time>
      </trkpt>
      <trkpt lat="50.792482" lon="12.989170">
        <ele>463.567130</ele>
        <time>2026-07-21T12:22:35.425Z</time>
      </trkpt>
      <trkpt lat="50.792529" lon="12.989419">
        <ele>463.648651</ele>
        <time>2026-07-21T12:22:37.884Z</time>
      </trkpt>
      <trkpt lat="50.792708" lon="12.989877">
        <ele>463.817571</ele>
        <time>2026-07-21T12:22:41.413Z</time>
      </trkpt>
      <trkpt lat="50.793000" lon="12.990633">
        <ele>463.866165</ele>
        <time>2026-07-21T12:22:47.435Z</time>
      </trkpt>
      <trkpt lat="50.793167" lon="12.991535">
        <ele>463.553708</ele>
        <time>2026-07-21T12:22:55.891Z</time>
      </trkpt>
      <trkpt lat="50.793218" lon="12.991726">
        <ele>463.484780</ele>
        <time>2026-07-21T12:22:57.744Z</time>
      </trkpt>
      <trkpt lat="50.793384" lon="12.992152">
        <ele>463.318415</ele>
        <time>2026-07-21T12:23:02.140Z</time>
      </trkpt>
      <trkpt lat="50.793893" lon="12.992970">
        <ele>463.298885</ele>
        <time>2026-07-21T12:23:12.058Z</time>
      </trkpt>
      <trkpt lat="50.794140" lon="12.993481">
        <ele>463.848587</ele>
        <time>2026-07-21T12:23:19.808Z</time>
      </trkpt>
      <trkpt lat="50.794180" lon="12.993582">
        <ele>463.950435</ele>
        <time>2026-07-21T12:23:21.568Z</time>
      </trkpt>
      <trkpt lat="50.794349" lon="12.993930">
        <ele>464.325439</ele>
        <time>2026-07-21T12:23:29.346Z</time>
      </trkpt>
      <trkpt lat="50.795608" lon="12.996136">
        <ele>465.784094</ele>
        <time>2026-07-21T12:24:07.650Z</time>
      </trkpt>
      <trkpt lat="50.795728" lon="12.996400">
        <ele>465.846686</ele>
        <time>2026-07-21T12:24:10.367Z</time>
      </trkpt>
      <trkpt lat="50.795823" lon="12.996609">
        <ele>465.896237</ele>
        <time>2026-07-21T12:24:13.726Z</time>
      </trkpt>
      <trkpt lat="50.796850" lon="12.999572">
        <ele>462.445462</ele>
        <time>2026-07-21T12:24:37.198Z</time>
      </trkpt>
      <trkpt lat="50.797548" lon="13.001658">
        <ele>459.546002</ele>
        <time>2026-07-21T12:24:52.441Z</time>
      </trkpt>
      <trkpt lat="50.798917" lon="13.005754">
        <ele>460.688952</ele>
        <time>2026-07-21T12:25:46.390Z</time>
      </trkpt>
      <trkpt lat="50.799210" lon="13.006477">
        <ele>461.088248</ele>
        <time>2026-07-21T12:25:58.175Z</time>
      </trkpt>
      <trkpt lat="50.799444" lon="13.007002">
        <ele>461.386916</ele>
        <time>2026-07-21T12:26:04.295Z</time>
      </trkpt>
      <trkpt lat="50.799701" lon="13.007412">
        <ele>460.275435</ele>
        <time>2026-07-21T12:26:10.604Z</time>
      </trkpt>
      <trkpt lat="50.800089" lon="13.007917">
        <ele>458.146184</ele>
        <time>2026-07-21T12:26:15.716Z</time>
      </trkpt>
      <trkpt lat="50.800002" lon="13.008138">
        <ele>457.448781</ele>
        <time>2026-07-21T12:26:17.209Z</time>
      </trkpt>
      <trkpt lat="50.799847" lon="13.008534">
        <ele>456.201126</ele>
        <time>2026-07-21T12:26:19.861Z</time>
      </trkpt>
      <trkpt lat="50.799768" lon="13.008854">
        <ele>455.280908</ele>
        <time>2026-07-21T12:26:21.793Z</time>
      </trkpt>
      <trkpt lat="50.799733" lon="13.009232">
        <ele>454.257591</ele>
        <time>2026-07-21T12:26:24.025Z</time>
      </trkpt>
      <trkpt lat="50.799630" lon="13.010051">
        <ele>450.808645</ele>
        <time>2026-07-21T12:26:28.900Z</time>
      </trkpt>
      <trkpt lat="50.799479" lon="13.010911">
        <ele>446.814625</ele>
        <time>2026-07-21T12:26:34.038Z</time>
      </trkpt>
      <trkpt lat="50.799332" lon="13.011403">
        <ele>444.379440</ele>
        <time>2026-07-21T12:26:37.040Z</time>
      </trkpt>
      <trkpt lat="50.798753" lon="13.013000">
        <ele>436.714083</ele>
        <time>2026-07-21T12:26:47.334Z</time>
      </trkpt>
      <trkpt lat="50.798305" lon="13.014116">
        <ele>431.482569</ele>
        <time>2026-07-21T12:26:55.060Z</time>
      </trkpt>
      <trkpt lat="50.798181" lon="13.014300">
        <ele>430.418228</ele>
        <time>2026-07-21T12:26:56.647Z</time>
      </trkpt>
      <trkpt lat="50.796938" lon="13.015393">
        <ele>423.733506</ele>
        <time>2026-07-21T12:27:10.596Z</time>
      </trkpt>
      <trkpt lat="50.796382" lon="13.015749">
        <ele>420.868131</ele>
        <time>2026-07-21T12:27:16.091Z</time>
      </trkpt>
      <trkpt lat="50.796226" lon="13.015849">
        <ele>419.950653</ele>
        <time>2026-07-21T12:27:17.614Z</time>
      </trkpt>
      <trkpt lat="50.795942" lon="13.016063">
        <ele>418.235998</ele>
        <time>2026-07-21T12:27:20.759Z</time>
      </trkpt>
      <trkpt lat="50.795586" lon="13.016277">
        <ele>416.160146</ele>
        <time>2026-07-21T12:27:24.267Z</time>
      </trkpt>
      <trkpt lat="50.794355" lon="13.016572">
        <ele>408.506806</ele>
        <time>2026-07-21T12:27:35.811Z</time>
      </trkpt>
      <trkpt lat="50.794176" lon="13.016642">
        <ele>407.138465</ele>
        <time>2026-07-21T12:27:37.601Z</time>
      </trkpt>
      <trkpt lat="50.793419" lon="13.017244">
        <ele>400.850930</ele>
        <time>2026-07-21T12:27:45.078Z</time>
      </trkpt>
      <trkpt lat="50.793414" lon="13.017249">
        <ele>400.807033</ele>
        <time>2026-07-21T12:27:45.127Z</time>
      </trkpt>
      <trkpt lat="50.792266" lon="13.018391">
        <ele>393.098003</ele>
        <time>2026-07-21T12:27:56.854Z</time>
      </trkpt>
      <trkpt lat="50.792172" lon="13.018477">
        <ele>392.539210</ele>
        <time>2026-07-21T12:27:57.895Z</time>
      </trkpt>
      <trkpt lat="50.792085" lon="13.018560">
        <ele>392.016396</ele>
        <time>2026-07-21T12:27:59.675Z</time>
      </trkpt>
      <trkpt lat="50.791714" lon="13.019554">
        <ele>389.804074</ele>
        <time>2026-07-21T12:28:22.211Z</time>
      </trkpt>
      <trkpt lat="50.791789" lon="13.020346">
        <ele>391.630260</ele>
        <time>2026-07-21T12:28:27.701Z</time>
      </trkpt>
      <trkpt lat="50.791836" lon="13.021004">
        <ele>393.140273</ele>
        <time>2026-07-21T12:28:37.665Z</time>
      </trkpt>
      <trkpt lat="50.791736" lon="13.021218">
        <ele>393.747122</ele>
        <time>2026-07-21T12:28:45.742Z</time>
      </trkpt>
      <trkpt lat="50.790870" lon="13.023579">
        <ele>405.608202</ele>
        <time>2026-07-21T12:30:07.311Z</time>
      </trkpt>
      <trkpt lat="50.790795" lon="13.023866">
        <ele>407.241432</ele>
        <time>2026-07-21T12:30:16.984Z</time>
      </trkpt>
      <trkpt lat="50.790771" lon="13.024180">
        <ele>408.904804</ele>
        <time>2026-07-21T12:30:26.900Z</time>
      </trkpt>
      <trkpt lat="50.790781" lon="13.025383">
        <ele>415.596969</ele>
        <time>2026-07-21T12:31:05.454Z</time>
      </trkpt>
      <trkpt lat="50.790667" lon="13.026341">
        <ele>421.129339</ele>
        <time>2026-07-21T12:31:38.905Z</time>
      </trkpt>
      <trkpt lat="50.790622" lon="13.027028">
        <ele>425.049111</ele>
        <time>2026-07-21T12:32:02.214Z</time>
      </trkpt>
      <trkpt lat="50.790611" lon="13.027508">
        <ele>427.077765</ele>
        <time>2026-07-21T12:32:17.931Z</time>
      </trkpt>
      <trkpt lat="50.790652" lon="13.028026">
        <ele>427.990030</ele>
        <time>2026-07-21T12:32:34.612Z</time>
      </trkpt>
      <trkpt lat="50.790839" lon="13.028609">
        <ele>429.132454</ele>
        <time>2026-07-21T12:32:39.630Z</time>
      </trkpt>
      <trkpt lat="50.791156" lon="13.029530">
        <ele>430.964974</ele>
        <time>2026-07-21T12:32:54.747Z</time>
      </trkpt>
      <trkpt lat="50.791164" lon="13.029918">
        <ele>431.643352</ele>
        <time>2026-07-21T12:32:58.823Z</time>
      </trkpt>
      <trkpt lat="50.790945" lon="13.030857">
        <ele>431.421101</ele>
        <time>2026-07-21T12:33:06.007Z</time>
      </trkpt>
      <trkpt lat="50.790887" lon="13.031006">
        <ele>431.362177</ele>
        <time>2026-07-21T12:33:07.216Z</time>
      </trkpt>
      <trkpt lat="50.790582" lon="13.031131">
        <ele>431.194341</ele>
        <time>2026-07-21T12:33:10.489Z</time>
      </trkpt>
      <trkpt lat="50.789474" lon="13.031384">
        <ele>432.130289</ele>
        <time>2026-07-21T12:33:27.803Z</time>
      </trkpt>
      <trkpt lat="50.789201" lon="13.031545">
        <ele>433.271328</ele>
        <time>2026-07-21T12:33:36.959Z</time>
      </trkpt>
      <trkpt lat="50.788863" lon="13.032192">
        <ele>435.349337</ele>
        <time>2026-07-21T12:33:57.484Z</time>
      </trkpt>
      <trkpt lat="50.788421" lon="13.032747">
        <ele>437.559426</ele>
        <time>2026-07-21T12:34:19.048Z</time>
      </trkpt>
      <trkpt lat="50.787643" lon="13.033128">
        <ele>437.099034</ele>
        <time>2026-07-21T12:34:42.303Z</time>
      </trkpt>
      <trkpt lat="50.787169" lon="13.034138">
        <ele>436.325129</ele>
        <time>2026-07-21T12:34:50.249Z</time>
      </trkpt>
      <trkpt lat="50.786678" lon="13.034943">
        <ele>435.068649</ele>
        <time>2026-07-21T12:34:56.609Z</time>
      </trkpt>
      <trkpt lat="50.786280" lon="13.035239">
        <ele>434.085550</ele>
        <time>2026-07-21T12:35:00.831Z</time>
      </trkpt>
      <trkpt lat="50.785910" lon="13.035346">
        <ele>433.244765</ele>
        <time>2026-07-21T12:35:04.788Z</time>
      </trkpt>
      <trkpt lat="50.785636" lon="13.035469">
        <ele>432.608094</ele>
        <time>2026-07-21T12:35:09.734Z</time>
      </trkpt>
      <trkpt lat="50.785478" lon="13.035646">
        <ele>432.175301</ele>
        <time>2026-07-21T12:35:14.772Z</time>
      </trkpt>
      <trkpt lat="50.785090" lon="13.036987">
        <ele>436.275827</ele>
        <time>2026-07-21T12:35:46.599Z</time>
      </trkpt>
      <trkpt lat="50.784654" lon="13.038074">
        <ele>440.187272</ele>
        <time>2026-07-21T12:36:23.260Z</time>
      </trkpt>
      <trkpt lat="50.784029" lon="13.040374">
        <ele>441.104161</ele>
        <time>2026-07-21T12:36:55.760Z</time>
      </trkpt>
      <trkpt lat="50.783975" lon="13.040582">
        <ele>441.143202</ele>
        <time>2026-07-21T12:36:57.129Z</time>
      </trkpt>
      <trkpt lat="50.783803" lon="13.041714">
        <ele>437.734251</ele>
        <time>2026-07-21T12:37:03.770Z</time>
      </trkpt>
      <trkpt lat="50.783614" lon="13.042277">
        <ele>435.227217</ele>
        <time>2026-07-21T12:37:07.431Z</time>
      </trkpt>
      <trkpt lat="50.783326" lon="13.042660">
        <ele>432.886568</ele>
        <time>2026-07-21T12:37:10.869Z</time>
      </trkpt>
      <trkpt lat="50.782954" lon="13.043000">
        <ele>430.213916</ele>
        <time>2026-07-21T12:37:14.747Z</time>
      </trkpt>
      <trkpt lat="50.782634" lon="13.043478">
        <ele>426.914117</ele>
        <time>2026-07-21T12:37:18.670Z</time>
      </trkpt>
      <trkpt lat="50.782449" lon="13.044345">
        <ele>422.515499</ele>
        <time>2026-07-21T12:37:23.749Z</time>
      </trkpt>
      <trkpt lat="50.782056" lon="13.046542">
        <ele>410.767642</ele>
        <time>2026-07-21T12:37:36.624Z</time>
      </trkpt>
      <trkpt lat="50.781775" lon="13.047854">
        <ele>403.035025</ele>
        <time>2026-07-21T12:37:44.201Z</time>
      </trkpt>
      <trkpt lat="50.781644" lon="13.048134">
        <ele>401.090628</ele>
        <time>2026-07-21T12:37:46.104Z</time>
      </trkpt>
      <trkpt lat="50.781472" lon="13.048268">
        <ele>399.137544</ele>
        <time>2026-07-21T12:37:47.755Z</time>
      </trkpt>
      <trkpt lat="50.781155" lon="13.048402">
        <ele>395.523515</ele>
        <time>2026-07-21T12:37:50.594Z</time>
      </trkpt>
      <trkpt lat="50.780999" lon="13.048542">
        <ele>393.547970</ele>
        <time>2026-07-21T12:37:52.137Z</time>
      </trkpt>
      <trkpt lat="50.780876" lon="13.048745">
        <ele>391.589941</ele>
        <time>2026-07-21T12:37:53.639Z</time>
      </trkpt>
      <trkpt lat="50.780747" lon="13.049491">
        <ele>386.203940</ele>
        <time>2026-07-21T12:37:59.456Z</time>
      </trkpt>
      <trkpt lat="50.780460" lon="13.050750">
        <ele>378.196907</ele>
        <time>2026-07-21T12:38:09.553Z</time>
      </trkpt>
      <trkpt lat="50.780582" lon="13.050790">
        <ele>377.304502</ele>
        <time>2026-07-21T12:38:10.640Z</time>
      </trkpt>
      <trkpt lat="50.780799" lon="13.050726">
        <ele>375.723445</ele>
        <time>2026-07-21T12:38:12.711Z</time>
      </trkpt>
      <trkpt lat="50.781284" lon="13.050502">
        <ele>372.104542</ele>
        <time>2026-07-21T12:38:18.033Z</time>
      </trkpt>
      <trkpt lat="50.782035" lon="13.050333">
        <ele>367.463688</ele>
        <time>2026-07-21T12:38:24.599Z</time>
      </trkpt>
      <trkpt lat="50.782335" lon="13.050353">
        <ele>366.883789</ele>
        <time>2026-07-21T12:38:27.757Z</time>
      </trkpt>
      <trkpt lat="50.783469" lon="13.050864">
        <ele>364.606561</ele>
        <time>2026-07-21T12:38:41.127Z</time>
      </trkpt>
      <trkpt lat="50.783675" lon="13.050856">
        <ele>364.225892</ele>
        <time>2026-07-21T12:38:45.729Z</time>
      </trkpt>
      <trkpt lat="50.784043" lon="13.050621">
        <ele>363.638741</ele>
        <time>2026-07-21T12:39:03.821Z</time>
      </trkpt>
      <trkpt lat="50.784251" lon="13.050552">
        <ele>363.324313</ele>
        <time>2026-07-21T12:39:11.104Z</time>
      </trkpt>
      <trkpt lat="50.784368" lon="13.050618">
        <ele>363.140534</ele>
        <time>2026-07-21T12:39:12.186Z</time>
      </trkpt>
      <trkpt lat="50.784623" lon="13.051144">
        <ele>362.520527</ele>
        <time>2026-07-21T12:39:15.800Z</time>
      </trkpt>
      <trkpt lat="50.784867" lon="13.051568">
        <ele>361.984234</ele>
        <time>2026-07-21T12:39:19.601Z</time>
      </trkpt>
      <trkpt lat="50.785021" lon="13.051686">
        <ele>361.731066</ele>
        <time>2026-07-21T12:39:21.872Z</time>
      </trkpt>
      <trkpt lat="50.785232" lon="13.051697">
        <ele>361.550644</ele>
        <time>2026-07-21T12:39:25.578Z</time>
      </trkpt>
      <trkpt lat="50.785842" lon="13.052157">
        <ele>361.201394</ele>
        <time>2026-07-21T12:39:37.249Z</time>
      </trkpt>
      <trkpt lat="50.786074" lon="13.052245">
        <ele>361.078095</ele>
        <time>2026-07-21T12:39:41.354Z</time>
      </trkpt>
      <trkpt lat="50.786317" lon="13.052269">
        <ele>360.952266</ele>
        <time>2026-07-21T12:39:45.188Z</time>
      </trkpt>
      <trkpt lat="50.787211" lon="13.052229">
        <ele>358.864302</ele>
        <time>2026-07-21T12:39:55.683Z</time>
      </trkpt>
      <trkpt lat="50.787803" lon="13.052242">
        <ele>356.093924</ele>
        <time>2026-07-21T12:40:01.265Z</time>
      </trkpt>
      <trkpt lat="50.788115" lon="13.052257">
        <ele>354.633327</ele>
        <time>2026-07-21T12:40:04.101Z</time>
      </trkpt>
      <trkpt lat="50.788407" lon="13.052349">
        <ele>353.240149</ele>
        <time>2026-07-21T12:40:06.777Z</time>
      </trkpt>
      <trkpt lat="50.789478" lon="13.052991">
        <ele>346.984578</ele>
        <time>2026-07-21T12:40:17.219Z</time>
      </trkpt>
      <trkpt lat="50.790000" lon="13.053345">
        <ele>343.784984</ele>
        <time>2026-07-21T12:40:22.808Z</time>
      </trkpt>
      <trkpt lat="50.790223" lon="13.053569">
        <ele>342.296807</ele>
        <time>2026-07-21T12:40:25.329Z</time>
      </trkpt>
      <trkpt lat="50.790630" lon="13.054056">
        <ele>340.234087</ele>
        <time>2026-07-21T12:40:29.923Z</time>
      </trkpt>
      <trkpt lat="50.790777" lon="13.054172">
        <ele>339.584888</ele>
        <time>2026-07-21T12:40:31.379Z</time>
      </trkpt>
      <trkpt lat="50.791058" lon="13.054318">
        <ele>338.416038</ele>
        <time>2026-07-21T12:40:34.117Z</time>
      </trkpt>
      <trkpt lat="50.790843" lon="13.054836">
        <ele>336.867963</ele>
        <time>2026-07-21T12:40:37.520Z</time>
      </trkpt>
      <trkpt lat="50.790706" lon="13.055082">
        <ele>336.048933</ele>
        <time>2026-07-21T12:40:39.380Z</time>
      </trkpt>
      <trkpt lat="50.790631" lon="13.055157">
        <ele>335.698284</ele>
        <time>2026-07-21T12:40:41.007Z</time>
      </trkpt>
      <trkpt lat="50.790385" lon="13.055358">
        <ele>336.282020</ele>
        <time>2026-07-21T12:40:51.963Z</time>
      </trkpt>
      <trkpt lat="50.790100" lon="13.055520">
        <ele>339.748592</ele>
        <time>2026-07-21T12:41:05.448Z</time>
      </trkpt>
      <trkpt lat="50.790016" lon="13.055596">
        <ele>340.856292</ele>
        <time>2026-07-21T12:41:10.905Z</time>
      </trkpt>
      <trkpt lat="50.789825" lon="13.055858">
        <ele>343.750178</ele>
        <time>2026-07-21T12:41:32.866Z</time>
      </trkpt>
      <trkpt lat="50.789633" lon="13.056035">
        <ele>346.293956</ele>
        <time>2026-07-21T12:41:56.652Z</time>
      </trkpt>
      <trkpt lat="50.789430" lon="13.056140">
        <ele>348.738733</ele>
        <time>2026-07-21T12:42:14.640Z</time>
      </trkpt>
      <trkpt lat="50.789251" lon="13.056293">
        <ele>351.067713</ele>
        <time>2026-07-21T12:42:25.772Z</time>
      </trkpt>
      <trkpt lat="50.789082" lon="13.056475">
        <ele>353.407992</ele>
        <time>2026-07-21T12:42:37.369Z</time>
      </trkpt>
      <trkpt lat="50.788872" lon="13.056805">
        <ele>356.353917</ele>
        <time>2026-07-21T12:42:51.923Z</time>
      </trkpt>
      <trkpt lat="50.788609" lon="13.057055">
        <ele>358.541264</ele>
        <time>2026-07-21T12:43:05.229Z</time>
      </trkpt>
      <trkpt lat="50.787718" lon="13.057614">
        <ele>365.374345</ele>
        <time>2026-07-21T12:43:49.941Z</time>
      </trkpt>
      <trkpt lat="50.787115" lon="13.058244">
        <ele>369.821258</ele>
        <time>2026-07-21T12:44:10.698Z</time>
      </trkpt>
      <trkpt lat="50.786602" lon="13.058691">
        <ele>372.582106</ele>
        <time>2026-07-21T12:44:34.877Z</time>
      </trkpt>
      <trkpt lat="50.785919" lon="13.059547">
        <ele>376.689823</ele>
        <time>2026-07-21T12:45:02.096Z</time>
      </trkpt>
      <trkpt lat="50.785655" lon="13.059769">
        <ele>378.213633</ele>
        <time>2026-07-21T12:45:10.548Z</time>
      </trkpt>
      <trkpt lat="50.784845" lon="13.060275">
        <ele>382.718565</ele>
        <time>2026-07-21T12:45:37.548Z</time>
      </trkpt>
      <trkpt lat="50.784525" lon="13.060550">
        <ele>384.602416</ele>
        <time>2026-07-21T12:45:51.084Z</time>
      </trkpt>
      <trkpt lat="50.784233" lon="13.060904">
        <ele>386.595629</ele>
        <time>2026-07-21T12:46:08.387Z</time>
      </trkpt>
      <trkpt lat="50.783586" lon="13.061450">
        <ele>391.621125</ele>
        <time>2026-07-21T12:46:44.020Z</time>
      </trkpt>
      <trkpt lat="50.783147" lon="13.061786">
        <ele>394.963306</ele>
        <time>2026-07-21T12:47:02.928Z</time>
      </trkpt>
      <trkpt lat="50.782785" lon="13.062021">
        <ele>397.644908</ele>
        <time>2026-07-21T12:47:15.834Z</time>
      </trkpt>
      <trkpt lat="50.782175" lon="13.062329">
        <ele>402.612246</ele>
        <time>2026-07-21T12:47:43.221Z</time>
      </trkpt>
      <trkpt lat="50.781917" lon="13.062554">
        <ele>404.967419</ele>
        <time>2026-07-21T12:47:58.147Z</time>
      </trkpt>
      <trkpt lat="50.781681" lon="13.062852">
        <ele>407.381481</ele>
        <time>2026-07-21T12:48:14.015Z</time>
      </trkpt>
      <trkpt lat="50.781561" lon="13.062954">
        <ele>408.470505</ele>
        <time>2026-07-21T12:48:20.614Z</time>
      </trkpt>
      <trkpt lat="50.780954" lon="13.063244">
        <ele>413.364698</ele>
        <time>2026-07-21T12:48:53.744Z</time>
      </trkpt>
      <trkpt lat="50.780791" lon="13.063393">
        <ele>414.436697</ele>
        <time>2026-07-21T12:49:02.196Z</time>
      </trkpt>
      <trkpt lat="50.780124" lon="13.064200">
        <ele>419.218499</ele>
        <time>2026-07-21T12:49:33.066Z</time>
      </trkpt>
      <trkpt lat="50.780028" lon="13.064363">
        <ele>420.020493</ele>
        <time>2026-07-21T12:49:37.239Z</time>
      </trkpt>
      <trkpt lat="50.779911" lon="13.064678">
        <ele>421.335791</ele>
        <time>2026-07-21T12:49:43.522Z</time>
      </trkpt>
      <trkpt lat="50.779812" lon="13.064868">
        <ele>422.222193</ele>
        <time>2026-07-21T12:49:48.091Z</time>
      </trkpt>
      <trkpt lat="50.779695" lon="13.065006">
        <ele>423.053264</ele>
        <time>2026-07-21T12:49:52.912Z</time>
      </trkpt>
      <trkpt lat="50.779374" lon="13.065316">
        <ele>425.499250</ele>
        <time>2026-07-21T12:50:06.642Z</time>
      </trkpt>
      <trkpt lat="50.779212" lon="13.065431">
        <ele>426.662617</ele>
        <time>2026-07-21T12:50:13.629Z</time>
      </trkpt>
      <trkpt lat="50.777995" lon="13.066620">
        <ele>435.712313</ele>
        <time>2026-07-21T12:51:16.550Z</time>
      </trkpt>
      <trkpt lat="50.777746" lon="13.067209">
        <ele>437.769024</ele>
        <time>2026-07-21T12:51:37.821Z</time>
      </trkpt>
      <trkpt lat="50.777641" lon="13.068439">
        <ele>441.371959</ele>
        <time>2026-07-21T12:52:02.436Z</time>
      </trkpt>
      <trkpt lat="50.777577" lon="13.068858">
        <ele>442.623251</ele>
        <time>2026-07-21T12:52:07.354Z</time>
      </trkpt>
      <trkpt lat="50.777360" lon="13.068851">
        <ele>443.524731</ele>
        <time>2026-07-21T12:52:10.884Z</time>
      </trkpt>
      <trkpt lat="50.777137" lon="13.068877">
        <ele>444.310537</ele>
        <time>2026-07-21T12:52:14.665Z</time>
      </trkpt>
      <trkpt lat="50.776793" lon="13.069083">
        <ele>445.603212</ele>
        <time>2026-07-21T12:52:23.775Z</time>
      </trkpt>
      <trkpt lat="50.776126" lon="13.069708">
        <ele>448.327806</ele>
        <time>2026-07-21T12:52:47.492Z</time>
      </trkpt>
      <trkpt lat="50.775666" lon="13.070058">
        <ele>450.748812</ele>
        <time>2026-07-21T12:53:07.647Z</time>
      </trkpt>
      <trkpt lat="50.775441" lon="13.070130">
        <ele>452.418821</ele>
        <time>2026-07-21T12:53:14.704Z</time>
      </trkpt>
      <trkpt lat="50.775211" lon="13.070142">
        <ele>454.092940</ele>
        <time>2026-07-21T12:53:22.586Z</time>
      </trkpt>
      <trkpt lat="50.774022" lon="13.070166">
        <ele>462.712118</ele>
        <time>2026-07-21T12:54:22.987Z</time>
      </trkpt>
      <trkpt lat="50.773864" lon="13.070119">
        <ele>463.583873</ele>
        <time>2026-07-21T12:54:31.885Z</time>
      </trkpt>
      <trkpt lat="50.773745" lon="13.070016">
        <ele>464.319467</ele>
        <time>2026-07-21T12:54:38.306Z</time>
      </trkpt>
      <trkpt lat="50.773618" lon="13.069973">
        <ele>465.023712</ele>
        <time>2026-07-21T12:54:42.902Z</time>
      </trkpt>
      <trkpt lat="50.773461" lon="13.070012">
        <ele>465.885458</ele>
        <time>2026-07-21T12:54:47.260Z</time>
      </trkpt>
      <trkpt lat="50.773205" lon="13.070177">
        <ele>467.384454</ele>
        <time>2026-07-21T12:54:54.892Z</time>
      </trkpt>
      <trkpt lat="50.773016" lon="13.070299">
        <ele>468.491373</ele>
        <time>2026-07-21T12:55:00.402Z</time>
      </trkpt>
      <trkpt lat="50.772433" lon="13.070542">
        <ele>471.760570</ele>
        <time>2026-07-21T12:55:23.951Z</time>
      </trkpt>
      <trkpt lat="50.772165" lon="13.070555">
        <ele>473.129670</ele>
        <time>2026-07-21T12:55:31.588Z</time>
      </trkpt>
      <trkpt lat="50.771919" lon="13.070415">
        <ele>474.404442</ele>
        <time>2026-07-21T12:55:40.584Z</time>
      </trkpt>
      <trkpt lat="50.770921" lon="13.069556">
        <ele>479.944713</ele>
        <time>2026-07-21T12:56:16.374Z</time>
      </trkpt>
      <trkpt lat="50.769819" lon="13.068898">
        <ele>484.415160</ele>
        <time>2026-07-21T12:57:05.658Z</time>
      </trkpt>
      <trkpt lat="50.769301" lon="13.068459">
        <ele>486.478097</ele>
        <time>2026-07-21T12:57:20.831Z</time>
      </trkpt>
      <trkpt lat="50.769090" lon="13.068320">
        <ele>487.280437</ele>
        <time>2026-07-21T12:57:24.214Z</time>
      </trkpt>
      <trkpt lat="50.768707" lon="13.068133">
        <ele>485.967696</ele>
        <time>2026-07-21T12:57:28.430Z</time>
      </trkpt>
      <trkpt lat="50.768362" lon="13.068018">
        <ele>484.470457</ele>
        <time>2026-07-21T12:57:31.640Z</time>
      </trkpt>
      <trkpt lat="50.767852" lon="13.067898">
        <ele>482.280902</ele>
        <time>2026-07-21T12:57:36.420Z</time>
      </trkpt>
      <trkpt lat="50.767558" lon="13.067905">
        <ele>481.032295</ele>
        <time>2026-07-21T12:57:39.237Z</time>
      </trkpt>
      <trkpt lat="50.767086" lon="13.067977">
        <ele>478.701372</ele>
        <time>2026-07-21T12:57:43.752Z</time>
      </trkpt>
      <trkpt lat="50.766098" lon="13.067921">
        <ele>472.838397</ele>
        <time>2026-07-21T12:57:52.982Z</time>
      </trkpt>
      <trkpt lat="50.765949" lon="13.067951">
        <ele>471.947635</ele>
        <time>2026-07-21T12:57:54.341Z</time>
      </trkpt>
      <trkpt lat="50.765148" lon="13.068266">
        <ele>466.744589</ele>
        <time>2026-07-21T12:58:01.683Z</time>
      </trkpt>
      <trkpt lat="50.763797" lon="13.068603">
        <ele>457.443334</ele>
        <time>2026-07-21T12:58:13.987Z</time>
      </trkpt>
      <trkpt lat="50.763239" lon="13.068811">
        <ele>455.072079</ele>
        <time>2026-07-21T12:58:19.315Z</time>
      </trkpt>
      <trkpt lat="50.762828" lon="13.068857">
        <ele>453.537967</ele>
        <time>2026-07-21T12:58:23.275Z</time>
      </trkpt>
      <trkpt lat="50.762335" lon="13.068960">
        <ele>451.686414</ele>
        <time>2026-07-21T12:58:28.214Z</time>
      </trkpt>
      <trkpt lat="50.762146" lon="13.069034">
        <ele>450.961448</ele>
        <time>2026-07-21T12:58:30.290Z</time>
      </trkpt>
      <trkpt lat="50.762091" lon="13.068903">
        <ele>450.591146</ele>
        <time>2026-07-21T12:58:32.065Z</time>
      </trkpt>
      <trkpt lat="50.761997" lon="13.068852">
        <ele>450.224233</ele>
        <time>2026-07-21T12:58:33.869Z</time>
      </trkpt>
      <trkpt lat="50.761947" lon="13.068864">
        <ele>450.295429</ele>
        <time>2026-07-21T12:58:34.466Z</time>
      </trkpt>
      <trkpt lat="50.761904" lon="13.068897">
        <ele>450.362720</ele>
        <time>2026-07-21T12:58:34.971Z</time>
      </trkpt>
      <trkpt lat="50.761848" lon="13.069015">
        <ele>450.494085</ele>
        <time>2026-07-21T12:58:35.900Z</time>
      </trkpt>
      <trkpt lat="50.761843" lon="13.069162">
        <ele>450.625177</ele>
        <time>2026-07-21T12:58:36.892Z</time>
      </trkpt>
      <trkpt lat="50.760684" lon="13.069800">
        <ele>452.352897</ele>
        <time>2026-07-21T12:59:05.255Z</time>
      </trkpt>
      <trkpt lat="50.760085" lon="13.070166">
        <ele>452.537380</ele>
        <time>2026-07-21T12:59:23.734Z</time>
      </trkpt>
      <trkpt lat="50.759908" lon="13.070262">
        <ele>452.422793</ele>
        <time>2026-07-21T12:59:27.790Z</time>
      </trkpt>
      <trkpt lat="50.759607" lon="13.070351">
        <ele>452.235280</ele>
        <time>2026-07-21T12:59:33.938Z</time>
      </trkpt>
      <trkpt lat="50.758996" lon="13.070431">
        <ele>451.859855</ele>
        <time>2026-07-21T12:59:42.765Z</time>
      </trkpt>
      <trkpt lat="50.757681" lon="13.070282">
        <ele>442.773386</ele>
        <time>2026-07-21T12:59:54.614Z</time>
      </trkpt>
      <trkpt lat="50.757305" lon="13.070234">
        <ele>439.363258</ele>
        <time>2026-07-21T12:59:57.749Z</time>
      </trkpt>
      <trkpt lat="50.756934" lon="13.070215">
        <ele>436.007636</ele>
        <time>2026-07-21T13:00:01.038Z</time>
      </trkpt>
      <trkpt lat="50.756535" lon="13.070203">
        <ele>432.019182</ele>
        <time>2026-07-21T13:00:04.357Z</time>
      </trkpt>
      <trkpt lat="50.755744" lon="13.070239">
        <ele>423.955713</ele>
        <time>2026-07-21T13:00:11.127Z</time>
      </trkpt>
      <trkpt lat="50.755620" lon="13.070292">
        <ele>422.646801</ele>
        <time>2026-07-21T13:00:12.206Z</time>
      </trkpt>
      <trkpt lat="50.755574" lon="13.070350">
        <ele>422.047216</ele>
        <time>2026-07-21T13:00:12.711Z</time>
      </trkpt>
      <trkpt lat="50.755527" lon="13.070421">
        <ele>421.384761</ele>
        <time>2026-07-21T13:00:13.282Z</time>
      </trkpt>
      <trkpt lat="50.755459" lon="13.070534">
        <ele>420.379403</ele>
        <time>2026-07-21T13:00:14.152Z</time>
      </trkpt>
      <trkpt lat="50.755370" lon="13.070953">
        <ele>417.530181</ele>
        <time>2026-07-21T13:00:16.601Z</time>
      </trkpt>
      <trkpt lat="50.755340" lon="13.070971">
        <ele>417.203206</ele>
        <time>2026-07-21T13:00:16.885Z</time>
      </trkpt>
      <trkpt lat="50.755311" lon="13.071010">
        <ele>416.843328</ele>
        <time>2026-07-21T13:00:17.234Z</time>
      </trkpt>
      <trkpt lat="50.755288" lon="13.071123">
        <ele>416.163710</ele>
        <time>2026-07-21T13:00:17.930Z</time>
      </trkpt>
      <trkpt lat="50.755302" lon="13.071199">
        <ele>415.710517</ele>
        <time>2026-07-21T13:00:18.395Z</time>
      </trkpt>
      <trkpt lat="50.755132" lon="13.071640">
        <ele>412.753854</ele>
        <time>2026-07-21T13:00:21.372Z</time>
      </trkpt>
      <trkpt lat="50.754930" lon="13.071781">
        <ele>410.755458</ele>
        <time>2026-07-21T13:00:23.489Z</time>
      </trkpt>
      <trkpt lat="50.754461" lon="13.071916">
        <ele>406.441237</ele>
        <time>2026-07-21T13:00:27.489Z</time>
      </trkpt>
      <trkpt lat="50.754332" lon="13.071940">
        <ele>405.265737</ele>
        <time>2026-07-21T13:00:28.617Z</time>
      </trkpt>
      <trkpt lat="50.753880" lon="13.072025">
        <ele>401.146319</ele>
        <time>2026-07-21T13:00:32.811Z</time>
      </trkpt>
      <trkpt lat="50.753745" lon="13.072074">
        <ele>399.907321</ele>
        <time>2026-07-21T13:00:34.055Z</time>
      </trkpt>
      <trkpt lat="50.753442" lon="13.072268">
        <ele>396.996777</ele>
        <time>2026-07-21T13:00:36.755Z</time>
      </trkpt>
      <trkpt lat="50.753125" lon="13.072544">
        <ele>393.774660</ele>
        <time>2026-07-21T13:00:39.782Z</time>
      </trkpt>
      <trkpt lat="50.752754" lon="13.072880">
        <ele>389.967832</ele>
        <time>2026-07-21T13:00:43.790Z</time>
      </trkpt>
      <trkpt lat="50.752474" lon="13.073187">
        <ele>386.933917</ele>
        <time>2026-07-21T13:00:46.729Z</time>
      </trkpt>
      <trkpt lat="50.752591" lon="13.073495">
        <ele>384.910342</ele>
        <time>2026-07-21T13:00:48.629Z</time>
      </trkpt>
      <trkpt lat="50.752635" lon="13.073676">
        <ele>384.778466</ele>
        <time>2026-07-21T13:00:49.782Z</time>
      </trkpt>
      <trkpt lat="50.752650" lon="13.074027">
        <ele>384.784824</ele>
        <time>2026-07-21T13:00:52.691Z</time>
      </trkpt>
      <trkpt lat="50.752486" lon="13.075244">
        <ele>384.807311</ele>
        <time>2026-07-21T13:01:05.589Z</time>
      </trkpt>
      <trkpt lat="50.752460" lon="13.076092">
        <ele>384.822655</ele>
        <time>2026-07-21T13:01:18.762Z</time>
      </trkpt>
      <trkpt lat="50.752477" lon="13.076522">
        <ele>385.310925</ele>
        <time>2026-07-21T13:01:28.168Z</time>
      </trkpt>
      <trkpt lat="50.752485" lon="13.076705">
        <ele>385.748544</ele>
        <time>2026-07-21T13:01:31.987Z</time>
      </trkpt>
      <trkpt lat="50.752518" lon="13.077120">
        <ele>386.746386</ele>
        <time>2026-07-21T13:01:41.935Z</time>
      </trkpt>
      <trkpt lat="50.752581" lon="13.077538">
        <ele>387.771501</ele>
        <time>2026-07-21T13:01:53.573Z</time>
      </trkpt>
      <trkpt lat="50.752632" lon="13.077795">
        <ele>388.414070</ele>
        <time>2026-07-21T13:02:00.591Z</time>
      </trkpt>
      <trkpt lat="50.752747" lon="13.078152">
        <ele>389.369792</ele>
        <time>2026-07-21T13:02:08.966Z</time>
      </trkpt>
      <trkpt lat="50.752979" lon="13.078742">
        <ele>391.027040</ele>
        <time>2026-07-21T13:02:20.933Z</time>
      </trkpt>
      <trkpt lat="50.753178" lon="13.079209">
        <ele>391.606829</ele>
        <time>2026-07-21T13:02:24.716Z</time>
      </trkpt>
      <trkpt lat="50.753883" lon="13.080708">
        <ele>391.593675</ele>
        <time>2026-07-21T13:02:44.997Z</time>
      </trkpt>
      <trkpt lat="50.754033" lon="13.081103">
        <ele>391.590430</ele>
        <time>2026-07-21T13:02:47.981Z</time>
      </trkpt>
      <trkpt lat="50.754342" lon="13.081922">
        <ele>388.608293</ele>
        <time>2026-07-21T13:02:58.300Z</time>
      </trkpt>
      <trkpt lat="50.754695" lon="13.082861">
        <ele>384.314077</ele>
        <time>2026-07-21T13:03:04.833Z</time>
      </trkpt>
      <trkpt lat="50.754717" lon="13.082986">
        <ele>383.803984</ele>
        <time>2026-07-21T13:03:05.522Z</time>
      </trkpt>
      <trkpt lat="50.754760" lon="13.083454">
        <ele>381.944769</ele>
        <time>2026-07-21T13:03:07.976Z</time>
      </trkpt>
      <trkpt lat="50.754850" lon="13.084038">
        <ele>379.736649</ele>
        <time>2026-07-21T13:03:11.101Z</time>
      </trkpt>
      <trkpt lat="50.754929" lon="13.084197">
        <ele>379.090218</ele>
        <time>2026-07-21T13:03:12.857Z</time>
      </trkpt>
      <trkpt lat="50.755038" lon="13.084287">
        <ele>378.468695</ele>
        <time>2026-07-21T13:03:17.231Z</time>
      </trkpt>
      <trkpt lat="50.755120" lon="13.084301">
        <ele>378.051851</ele>
        <time>2026-07-21T13:03:19.601Z</time>
      </trkpt>
      <trkpt lat="50.755758" lon="13.084325">
        <ele>374.826449</ele>
        <time>2026-07-21T13:03:30.915Z</time>
      </trkpt>
      <trkpt lat="50.755926" lon="13.084440">
        <ele>373.901172</ele>
        <time>2026-07-21T13:03:32.696Z</time>
      </trkpt>
      <trkpt lat="50.756011" lon="13.084577">
        <ele>373.287638</ele>
        <time>2026-07-21T13:03:33.790Z</time>
      </trkpt>
      <trkpt lat="50.756292" lon="13.085298">
        <ele>370.529036</ele>
        <time>2026-07-21T13:03:38.423Z</time>
      </trkpt>
      <trkpt lat="50.756380" lon="13.085466">
        <ele>369.783687</ele>
        <time>2026-07-21T13:03:39.624Z</time>
      </trkpt>
      <trkpt lat="50.756451" lon="13.085592">
        <ele>369.207075</ele>
        <time>2026-07-21T13:03:40.573Z</time>
      </trkpt>
      <trkpt lat="50.756667" lon="13.085799">
        <ele>367.842626</ele>
        <time>2026-07-21T13:03:42.925Z</time>
      </trkpt>
      <trkpt lat="50.756903" lon="13.085888">
        <ele>366.532042</ele>
        <time>2026-07-21T13:03:45.333Z</time>
      </trkpt>
      <trkpt lat="50.757117" lon="13.085917">
        <ele>365.371833</ele>
        <time>2026-07-21T13:03:47.484Z</time>
      </trkpt>
      <trkpt lat="50.757919" lon="13.085906">
        <ele>360.871790</ele>
        <time>2026-07-21T13:03:55.420Z</time>
      </trkpt>
      <trkpt lat="50.758097" lon="13.085949">
        <ele>359.610933</ele>
        <time>2026-07-21T13:03:57.079Z</time>
      </trkpt>
      <trkpt lat="50.758739" lon="13.086253">
        <ele>354.918189</ele>
        <time>2026-07-21T13:04:02.999Z</time>
      </trkpt>
      <trkpt lat="50.758744" lon="13.086256">
        <ele>354.880741</ele>
        <time>2026-07-21T13:04:03.045Z</time>
      </trkpt>
      <trkpt lat="50.759326" lon="13.086692">
        <ele>350.371030</ele>
        <time>2026-07-21T13:04:08.683Z</time>
      </trkpt>
      <trkpt lat="50.759473" lon="13.086682">
        <ele>349.340757</ele>
        <time>2026-07-21T13:04:12.022Z</time>
      </trkpt>
      <trkpt lat="50.759654" lon="13.086748">
        <ele>347.959871</ele>
        <time>2026-07-21T13:04:14.481Z</time>
      </trkpt>
      <trkpt lat="50.760047" lon="13.087413">
        <ele>343.595880</ele>
        <time>2026-07-21T13:04:19.293Z</time>
      </trkpt>
      <trkpt lat="50.760165" lon="13.087554">
        <ele>342.474582</ele>
        <time>2026-07-21T13:04:20.545Z</time>
      </trkpt>
      <trkpt lat="50.760579" lon="13.087923">
        <ele>338.871757</ele>
        <time>2026-07-21T13:04:24.925Z</time>
      </trkpt>
      <trkpt lat="50.760948" lon="13.088240">
        <ele>335.688168</ele>
        <time>2026-07-21T13:04:29.109Z</time>
      </trkpt>
      <trkpt lat="50.761725" lon="13.088909">
        <ele>330.023488</ele>
        <time>2026-07-21T13:04:37.091Z</time>
      </trkpt>
      <trkpt lat="50.762226" lon="13.089340">
        <ele>326.404464</ele>
        <time>2026-07-21T13:04:42.214Z</time>
      </trkpt>
      <trkpt lat="50.762708" lon="13.089826">
        <ele>323.021766</ele>
        <time>2026-07-21T13:04:47.415Z</time>
      </trkpt>
      <trkpt lat="50.763514" lon="13.090413">
        <ele>318.551990</ele>
        <time>2026-07-21T13:04:55.770Z</time>
      </trkpt>
      <trkpt lat="50.763624" lon="13.090533">
        <ele>317.878832</ele>
        <time>2026-07-21T13:04:57.224Z</time>
      </trkpt>
      <trkpt lat="50.763710" lon="13.090682">
        <ele>317.236196</ele>
        <time>2026-07-21T13:04:59.887Z</time>
      </trkpt>
      <trkpt lat="50.763783" lon="13.090842">
        <ele>316.607673</ele>
        <time>2026-07-21T13:05:01.882Z</time>
      </trkpt>
      <trkpt lat="50.763879" lon="13.091046">
        <ele>315.797600</ele>
        <time>2026-07-21T13:05:03.318Z</time>
      </trkpt>
      <trkpt lat="50.764163" lon="13.091679">
        <ele>314.065893</ele>
        <time>2026-07-21T13:05:07.757Z</time>
      </trkpt>
      <trkpt lat="50.764242" lon="13.091857">
        <ele>313.698103</ele>
        <time>2026-07-21T13:05:08.941Z</time>
      </trkpt>
      <trkpt lat="50.764343" lon="13.092067">
        <ele>313.251890</ele>
        <time>2026-07-21T13:05:10.372Z</time>
      </trkpt>
      <trkpt lat="50.764413" lon="13.092213">
        <ele>312.942020</ele>
        <time>2026-07-21T13:05:11.397Z</time>
      </trkpt>
      <trkpt lat="50.764601" lon="13.092603">
        <ele>312.112648</ele>
        <time>2026-07-21T13:05:14.530Z</time>
      </trkpt>
      <trkpt lat="50.764915" lon="13.093215">
        <ele>310.779791</ele>
        <time>2026-07-21T13:05:23.841Z</time>
      </trkpt>
      <trkpt lat="50.764998" lon="13.093345">
        <ele>310.467369</ele>
        <time>2026-07-21T13:05:26.829Z</time>
      </trkpt>
      <trkpt lat="50.765067" lon="13.093400">
        <ele>310.260734</ele>
        <time>2026-07-21T13:05:28.711Z</time>
      </trkpt>
      <trkpt lat="50.765231" lon="13.093447">
        <ele>311.048564</ele>
        <time>2026-07-21T13:05:32.323Z</time>
      </trkpt>
      <trkpt lat="50.765483" lon="13.093515">
        <ele>313.381741</ele>
        <time>2026-07-21T13:05:38.316Z</time>
      </trkpt>
      <trkpt lat="50.765590" lon="13.093590">
        <ele>314.449962</ele>
        <time>2026-07-21T13:05:41.726Z</time>
      </trkpt>
      <trkpt lat="50.765802" lon="13.093762">
        <ele>316.624696</ele>
        <time>2026-07-21T13:05:52.104Z</time>
      </trkpt>
      <trkpt lat="50.765712" lon="13.094781">
        <ele>322.563995</ele>
        <time>2026-07-21T13:06:37.257Z</time>
      </trkpt>
      <trkpt lat="50.765630" lon="13.094919">
        <ele>323.657007</ele>
        <time>2026-07-21T13:06:45.614Z</time>
      </trkpt>
      <trkpt lat="50.765257" lon="13.095123">
        <ele>327.304735</ele>
        <time>2026-07-21T13:07:12.096Z</time>
      </trkpt>
      <trkpt lat="50.765034" lon="13.095244">
        <ele>329.587377</ele>
        <time>2026-07-21T13:07:26.831Z</time>
      </trkpt>
      <trkpt lat="50.764821" lon="13.095569">
        <ele>332.453330</ele>
        <time>2026-07-21T13:07:44.068Z</time>
      </trkpt>
      <trkpt lat="50.764361" lon="13.096669">
        <ele>340.528637</ele>
        <time>2026-07-21T13:08:39.288Z</time>
      </trkpt>
      <trkpt lat="50.764083" lon="13.097285">
        <ele>345.137247</ele>
        <time>2026-07-21T13:08:53.471Z</time>
      </trkpt>
      <trkpt lat="50.763855" lon="13.097910">
        <ele>349.464842</ele>
        <time>2026-07-21T13:09:13.895Z</time>
      </trkpt>
      <trkpt lat="50.763763" lon="13.098098">
        <ele>350.890567</ele>
        <time>2026-07-21T13:09:23.145Z</time>
      </trkpt>
      <trkpt lat="50.763650" lon="13.098441">
        <ele>353.210250</ele>
        <time>2026-07-21T13:09:37.851Z</time>
      </trkpt>
      <trkpt lat="50.763601" lon="13.099251">
        <ele>358.090888</ele>
        <time>2026-07-21T13:10:13.543Z</time>
      </trkpt>
      <trkpt lat="50.763468" lon="13.099823">
        <ele>361.675972</ele>
        <time>2026-07-21T13:10:43.364Z</time>
      </trkpt>
      <trkpt lat="50.763451" lon="13.100139">
        <ele>363.403568</ele>
        <time>2026-07-21T13:10:59.356Z</time>
      </trkpt>
      <trkpt lat="50.763577" lon="13.100781">
        <ele>367.065283</ele>
        <time>2026-07-21T13:11:18.418Z</time>
      </trkpt>
      <trkpt lat="50.763882" lon="13.102137">
        <ele>374.905064</ele>
        <time>2026-07-21T13:11:57.759Z</time>
      </trkpt>
      <trkpt lat="50.763909" lon="13.102521">
        <ele>377.272254</ele>
        <time>2026-07-21T13:12:14.181Z</time>
      </trkpt>
      <trkpt lat="50.764011" lon="13.103052">
        <ele>381.767581</ele>
        <time>2026-07-21T13:12:37.221Z</time>
      </trkpt>
      <trkpt lat="50.764082" lon="13.103483">
        <ele>385.375339</ele>
        <time>2026-07-21T13:12:56.747Z</time>
      </trkpt>
      <trkpt lat="50.764082" lon="13.103857">
        <ele>388.404905</ele>
        <time>2026-07-21T13:13:14.494Z</time>
      </trkpt>
      <trkpt lat="50.764053" lon="13.104310">
        <ele>392.093153</ele>
        <time>2026-07-21T13:13:42.793Z</time>
      </trkpt>
      <trkpt lat="50.764040" lon="13.104584">
        <ele>394.318912</ele>
        <time>2026-07-21T13:13:54.732Z</time>
      </trkpt>
      <trkpt lat="50.764076" lon="13.104859">
        <ele>396.593745</ele>
        <time>2026-07-21T13:14:06.298Z</time>
      </trkpt>
      <trkpt lat="50.764160" lon="13.105323">
        <ele>400.419628</ele>
        <time>2026-07-21T13:14:28.887Z</time>
      </trkpt>
      <trkpt lat="50.764444" lon="13.106483">
        <ele>409.650869</ele>
        <time>2026-07-21T13:15:25.895Z</time>
      </trkpt>
      <trkpt lat="50.764567" lon="13.106982">
        <ele>413.625409</ele>
        <time>2026-07-21T13:15:45.507Z</time>
      </trkpt>
      <trkpt lat="50.764593" lon="13.107042">
        <ele>414.165168</ele>
        <time>2026-07-21T13:15:48.408Z</time>
      </trkpt>
      <trkpt lat="50.764917" lon="13.107852">
        <ele>421.253028</ele>
        <time>2026-07-21T13:16:29.341Z</time>
      </trkpt>
      <trkpt lat="50.765000" lon="13.108022">
        <ele>422.788074</ele>
        <time>2026-07-21T13:16:40.162Z</time>
      </trkpt>
      <trkpt lat="50.765026" lon="13.108154">
        <ele>423.776284</ele>
        <time>2026-07-21T13:16:45.165Z</time>
      </trkpt>
      <trkpt lat="50.765046" lon="13.108255">
        <ele>424.532772</ele>
        <time>2026-07-21T13:16:48.086Z</time>
      </trkpt>
      <trkpt lat="50.765069" lon="13.108823">
        <ele>428.601070</ele>
        <time>2026-07-21T13:17:06.344Z</time>
      </trkpt>
      <trkpt lat="50.765099" lon="13.108961">
        <ele>429.644110</ele>
        <time>2026-07-21T13:17:11.992Z</time>
      </trkpt>
      <trkpt lat="50.765505" lon="13.109782">
        <ele>437.093210</ele>
        <time>2026-07-21T13:17:57.540Z</time>
      </trkpt>
      <trkpt lat="50.765601" lon="13.110429">
        <ele>441.661498</ele>
        <time>2026-07-21T13:18:33.647Z</time>
      </trkpt>
      <trkpt lat="50.765604" lon="13.110512">
        <ele>442.136661</ele>
        <time>2026-07-21T13:18:37.599Z</time>
      </trkpt>
      <trkpt lat="50.765624" lon="13.111144">
        <ele>445.753393</ele>
        <time>2026-07-21T13:19:00.221Z</time>
      </trkpt>
      <trkpt lat="50.765592" lon="13.111781">
        <ele>449.405651</ele>
        <time>2026-07-21T13:19:19.617Z</time>
      </trkpt>
      <trkpt lat="50.765606" lon="13.112310">
        <ele>452.431812</ele>
        <time>2026-07-21T13:19:35.089Z</time>
      </trkpt>
      <trkpt lat="50.765582" lon="13.112790">
        <ele>455.183826</ele>
        <time>2026-07-21T13:19:50.719Z</time>
      </trkpt>
      <trkpt lat="50.765509" lon="13.113062">
        <ele>456.872618</ele>
        <time>2026-07-21T13:20:03.681Z</time>
      </trkpt>
      <trkpt lat="50.765453" lon="13.113253">
        <ele>458.015009</ele>
        <time>2026-07-21T13:20:13.293Z</time>
      </trkpt>
      <trkpt lat="50.765399" lon="13.113486">
        <ele>459.335972</ele>
        <time>2026-07-21T13:20:22.150Z</time>
      </trkpt>
      <trkpt lat="50.765315" lon="13.114594">
        <ele>465.276372</ele>
        <time>2026-07-21T13:20:50.158Z</time>
      </trkpt>
      <trkpt lat="50.765249" lon="13.114979">
        <ele>467.399775</ele>
        <time>2026-07-21T13:21:03.306Z</time>
      </trkpt>
      <trkpt lat="50.765215" lon="13.115092">
        <ele>468.065901</ele>
        <time>2026-07-21T13:21:08.788Z</time>
      </trkpt>
      <trkpt lat="50.765165" lon="13.115260">
        <ele>469.054272</ele>
        <time>2026-07-21T13:21:18.486Z</time>
      </trkpt>
      <trkpt lat="50.765138" lon="13.115455">
        <ele>470.116896</ele>
        <time>2026-07-21T13:21:28.247Z</time>
      </trkpt>
      <trkpt lat="50.765109" lon="13.115897">
        <ele>472.509651</ele>
        <time>2026-07-21T13:21:42.140Z</time>
      </trkpt>
      <trkpt lat="50.765198" lon="13.116729">
        <ele>477.788513</ele>
        <time>2026-07-21T13:22:15.882Z</time>
      </trkpt>
      <trkpt lat="50.765202" lon="13.117187">
        <ele>480.654008</ele>
        <time>2026-07-21T13:22:34.882Z</time>
      </trkpt>
      <trkpt lat="50.765202" lon="13.117240">
        <ele>480.985573</ele>
        <time>2026-07-21T13:22:37.173Z</time>
      </trkpt>
      <trkpt lat="50.765152" lon="13.118275">
        <ele>487.479334</ele>
        <time>2026-07-21T13:23:19.492Z</time>
      </trkpt>
      <trkpt lat="50.765164" lon="13.118600">
        <ele>489.515979</ele>
        <time>2026-07-21T13:23:32.155Z</time>
      </trkpt>
      <trkpt lat="50.765230" lon="13.119168">
        <ele>492.418729</ele>
        <time>2026-07-21T13:23:51.402Z</time>
      </trkpt>
      <trkpt lat="50.765273" lon="13.119325">
        <ele>493.236693</ele>
        <time>2026-07-21T13:23:54.466Z</time>
      </trkpt>
      <trkpt lat="50.765408" lon="13.119531">
        <ele>494.654895</ele>
        <time>2026-07-21T13:23:56.959Z</time>
      </trkpt>
      <trkpt lat="50.765450" lon="13.119594">
        <ele>495.092513</ele>
        <time>2026-07-21T13:23:57.869Z</time>
      </trkpt>
      <trkpt lat="50.765474" lon="13.119698">
        <ele>495.621793</ele>
        <time>2026-07-21T13:24:00.255Z</time>
      </trkpt>
      <trkpt lat="50.765533" lon="13.120082">
        <ele>497.511068</ele>
        <time>2026-07-21T13:24:15.525Z</time>
      </trkpt>
      <trkpt lat="50.765639" lon="13.120546">
        <ele>499.869687</ele>
        <time>2026-07-21T13:24:36.441Z</time>
      </trkpt>
      <trkpt lat="50.765631" lon="13.121714">
        <ele>505.216597</ele>
        <time>2026-07-21T13:25:17.232Z</time>
      </trkpt>
      <trkpt lat="50.765629" lon="13.122074">
        <ele>506.703010</ele>
        <time>2026-07-21T13:25:28.471Z</time>
      </trkpt>
      <trkpt lat="50.765628" lon="13.122212">
        <ele>507.272817</ele>
        <time>2026-07-21T13:25:34.287Z</time>
      </trkpt>
      <trkpt lat="50.765646" lon="13.122489">
        <ele>508.422505</ele>
        <time>2026-07-21T13:25:45.336Z</time>
      </trkpt>
      <trkpt lat="50.765647" lon="13.122529">
        <ele>508.587784</ele>
        <time>2026-07-21T13:25:46.538Z</time>
      </trkpt>
      <trkpt lat="50.765647" lon="13.122589">
        <ele>508.835510</ele>
        <time>2026-07-21T13:25:48.150Z</time>
      </trkpt>
      <trkpt lat="50.765681" lon="13.123340">
        <ele>511.944144</ele>
        <time>2026-07-21T13:26:03.838Z</time>
      </trkpt>
      <trkpt lat="50.766133" lon="13.123253">
        <ele>514.916473</ele>
        <time>2026-07-21T13:26:13.522Z</time>
      </trkpt>
      <trkpt lat="50.766273" lon="13.123245">
        <ele>515.833570</ele>
        <time>2026-07-21T13:26:17.425Z</time>
      </trkpt>
      <trkpt lat="50.766471" lon="13.123246">
        <ele>517.135034</ele>
        <time>2026-07-21T13:26:26.316Z</time>
      </trkpt>
      <trkpt lat="50.766649" lon="13.123291">
        <ele>518.319892</ele>
        <time>2026-07-21T13:26:35.060Z</time>
      </trkpt>
      <trkpt lat="50.766738" lon="13.123316">
        <ele>518.914051</ele>
        <time>2026-07-21T13:26:39.798Z</time>
      </trkpt>
      <trkpt lat="50.767074" lon="13.123381">
        <ele>521.139054</ele>
        <time>2026-07-21T13:27:00.061Z</time>
      </trkpt>
      <trkpt lat="50.767327" lon="13.123330">
        <ele>522.815488</ele>
        <time>2026-07-21T13:27:06.226Z</time>
      </trkpt>
      <trkpt lat="50.767526" lon="13.123275">
        <ele>524.143351</ele>
        <time>2026-07-21T13:27:12.290Z</time>
      </trkpt>
      <trkpt lat="50.769722" lon="13.122622">
        <ele>539.597304</ele>
        <time>2026-07-21T13:28:54.418Z</time>
      </trkpt>
      <trkpt lat="50.771419" lon="13.122249">
        <ele>544.401169</ele>
        <time>2026-07-21T13:29:43.864Z</time>
      </trkpt>
      <trkpt lat="50.771859" lon="13.122116">
        <ele>543.011427</ele>
        <time>2026-07-21T13:29:48.351Z</time>
      </trkpt>
      <trkpt lat="50.773285" lon="13.121586">
        <ele>535.135735</ele>
        <time>2026-07-21T13:30:01.757Z</time>
      </trkpt>
      <trkpt lat="50.776456" lon="13.120329">
        <ele>504.318660</ele>
        <time>2026-07-21T13:30:29.838Z</time>
      </trkpt>
      <trkpt lat="50.778660" lon="13.119448">
        <ele>491.545914</ele>
        <time>2026-07-21T13:30:50.938Z</time>
      </trkpt>
      <trkpt lat="50.781062" lon="13.118508">
        <ele>487.889363</ele>
        <time>2026-07-21T13:31:25.084Z</time>
      </trkpt>
      <trkpt lat="50.781213" lon="13.118488">
        <ele>487.564180</ele>
        <time>2026-07-21T13:31:27.165Z</time>
      </trkpt>
      <trkpt lat="50.781376" lon="13.118520">
        <ele>487.211695</ele>
        <time>2026-07-21T13:31:29.002Z</time>
      </trkpt>
      <trkpt lat="50.781516" lon="13.118610">
        <ele>486.887382</ele>
        <time>2026-07-21T13:31:30.400Z</time>
      </trkpt>
      <trkpt lat="50.781870" lon="13.119058">
        <ele>485.914424</ele>
        <time>2026-07-21T13:31:34.438Z</time>
      </trkpt>
      <trkpt lat="50.783147" lon="13.120867">
        <ele>482.136451</ele>
        <time>2026-07-21T13:31:54.640Z</time>
      </trkpt>
      <trkpt lat="50.783310" lon="13.121002">
        <ele>481.688197</ele>
        <time>2026-07-21T13:31:56.545Z</time>
      </trkpt>
      <trkpt lat="50.783584" lon="13.121105">
        <ele>480.690664</ele>
        <time>2026-07-21T13:31:59.387Z</time>
      </trkpt>
      <trkpt lat="50.783826" lon="13.121068">
        <ele>479.829513</ele>
        <time>2026-07-21T13:32:01.783Z</time>
      </trkpt>
      <trkpt lat="50.784071" lon="13.120914">
        <ele>478.895715</ele>
        <time>2026-07-21T13:32:04.346Z</time>
      </trkpt>
      <trkpt lat="50.785619" lon="13.119573">
        <ele>472.025843</ele>
        <time>2026-07-21T13:32:21.688Z</time>
      </trkpt>
      <trkpt lat="50.786179" lon="13.119079">
        <ele>469.250499</ele>
        <time>2026-07-21T13:32:28.007Z</time>
      </trkpt>
      <trkpt lat="50.786526" lon="13.118674">
        <ele>467.282463</ele>
        <time>2026-07-21T13:32:32.329Z</time>
      </trkpt>
      <trkpt lat="50.786951" lon="13.118099">
        <ele>463.919288</ele>
        <time>2026-07-21T13:32:37.183Z</time>
      </trkpt>
      <trkpt lat="50.788404" lon="13.115711">
        <ele>452.220151</ele>
        <time>2026-07-21T13:32:56.655Z</time>
      </trkpt>
      <trkpt lat="50.788739" lon="13.115161">
        <ele>449.791618</ele>
        <time>2026-07-21T13:33:01.489Z</time>
      </trkpt>
      <trkpt lat="50.789097" lon="13.114605">
        <ele>447.211065</ele>
        <time>2026-07-21T13:33:05.959Z</time>
      </trkpt>
      <trkpt lat="50.789375" lon="13.113997">
        <ele>444.559897</ele>
        <time>2026-07-21T13:33:11.494Z</time>
      </trkpt>
      <trkpt lat="50.790494" lon="13.110986">
        <ele>431.264831</ele>
        <time>2026-07-21T13:33:31.507Z</time>
      </trkpt>
      <trkpt lat="50.790640" lon="13.110712">
        <ele>429.779349</ele>
        <time>2026-07-21T13:33:33.558Z</time>
      </trkpt>
      <trkpt lat="50.790869" lon="13.110495">
        <ele>428.028894</ele>
        <time>2026-07-21T13:33:35.987Z</time>
      </trkpt>
      <trkpt lat="50.791357" lon="13.110380">
        <ele>425.056370</ele>
        <time>2026-07-21T13:33:40.545Z</time>
      </trkpt>
      <trkpt lat="50.791886" lon="13.110247">
        <ele>422.353062</ele>
        <time>2026-07-21T13:33:45.242Z</time>
      </trkpt>
      <trkpt lat="50.792353" lon="13.110042">
        <ele>419.907111</ele>
        <time>2026-07-21T13:33:49.737Z</time>
      </trkpt>
      <trkpt lat="50.792797" lon="13.109744">
        <ele>417.472960</ele>
        <time>2026-07-21T13:33:54.739Z</time>
      </trkpt>
      <trkpt lat="50.793088" lon="13.109493">
        <ele>416.874466</ele>
        <time>2026-07-21T13:33:58.744Z</time>
      </trkpt>
      <trkpt lat="50.793739" lon="13.108809">
        <ele>416.940031</ele>
        <time>2026-07-21T13:34:08.208Z</time>
      </trkpt>
      <trkpt lat="50.794602" lon="13.107822">
        <ele>418.246488</ele>
        <time>2026-07-21T13:34:29.974Z</time>
      </trkpt>
      <trkpt lat="50.795189" lon="13.107229">
        <ele>421.601598</ele>
        <time>2026-07-21T13:34:55.339Z</time>
      </trkpt>
      <trkpt lat="50.795776" lon="13.106817">
        <ele>424.695153</ele>
        <time>2026-07-21T13:35:19.741Z</time>
      </trkpt>
      <trkpt lat="50.796495" lon="13.106497">
        <ele>428.665564</ele>
        <time>2026-07-21T13:35:49.043Z</time>
      </trkpt>
      <trkpt lat="50.796998" lon="13.106340">
        <ele>431.486246</ele>
        <time>2026-07-21T13:36:09.690Z</time>
      </trkpt>
      <trkpt lat="50.797186" lon="13.106313">
        <ele>432.524812</ele>
        <time>2026-07-21T13:36:16.655Z</time>
      </trkpt>
      <trkpt lat="50.797865" lon="13.106305">
        <ele>435.976178</ele>
        <time>2026-07-21T13:36:37.816Z</time>
      </trkpt>
      <trkpt lat="50.798112" lon="13.106257">
        <ele>436.783147</ele>
        <time>2026-07-21T13:36:47.446Z</time>
      </trkpt>
      <trkpt lat="50.798307" lon="13.106137">
        <ele>437.461624</ele>
        <time>2026-07-21T13:36:54.295Z</time>
      </trkpt>
      <trkpt lat="50.799930" lon="13.104834">
        <ele>442.861077</ele>
        <time>2026-07-21T13:37:39.122Z</time>
      </trkpt>
      <trkpt lat="50.800603" lon="13.104418">
        <ele>444.604542</ele>
        <time>2026-07-21T13:37:56.665Z</time>
      </trkpt>
      <trkpt lat="50.801741" lon="13.103832">
        <ele>446.577766</ele>
        <time>2026-07-21T13:38:26.163Z</time>
      </trkpt>
      <trkpt lat="50.802337" lon="13.103607">
        <ele>447.284401</ele>
        <time>2026-07-21T13:38:40.089Z</time>
      </trkpt>
      <trkpt lat="50.802641" lon="13.103535">
        <ele>447.638897</ele>
        <time>2026-07-21T13:38:46.204Z</time>
      </trkpt>
      <trkpt lat="50.802367" lon="13.101207">
        <ele>443.413335</ele>
        <time>2026-07-21T13:39:01.193Z</time>
      </trkpt>
      <trkpt lat="50.802286" lon="13.100218">
        <ele>441.368156</ele>
        <time>2026-07-21T13:39:07.316Z</time>
      </trkpt>
      <trkpt lat="50.802251" lon="13.098494">
        <ele>437.915371</ele>
        <time>2026-07-21T13:39:17.548Z</time>
      </trkpt>
      <trkpt lat="50.802220" lon="13.098321">
        <ele>437.555419</ele>
        <time>2026-07-21T13:39:18.612Z</time>
      </trkpt>
      <trkpt lat="50.802155" lon="13.098166">
        <ele>437.183058</ele>
        <time>2026-07-21T13:39:19.757Z</time>
      </trkpt>
      <trkpt lat="50.801597" lon="13.097837">
        <ele>435.572223</ele>
        <time>2026-07-21T13:39:36.040Z</time>
      </trkpt>
      <trkpt lat="50.801443" lon="13.097711">
        <ele>435.185513</ele>
        <time>2026-07-21T13:39:42.091Z</time>
      </trkpt>
      <trkpt lat="50.801392" lon="13.097541">
        <ele>434.920231</ele>
        <time>2026-07-21T13:39:43.979Z</time>
      </trkpt>
      <trkpt lat="50.801290" lon="13.096578">
        <ele>433.543734</ele>
        <time>2026-07-21T13:39:49.931Z</time>
      </trkpt>
      <trkpt lat="50.801226" lon="13.096261">
        <ele>433.074604</ele>
        <time>2026-07-21T13:39:51.918Z</time>
      </trkpt>
      <trkpt lat="50.800981" lon="13.095825">
        <ele>432.252151</ele>
        <time>2026-07-21T13:39:55.520Z</time>
      </trkpt>
      <trkpt lat="50.800199" lon="13.095040">
        <ele>427.111677</ele>
        <time>2026-07-21T13:40:04.469Z</time>
      </trkpt>
      <trkpt lat="50.799927" lon="13.094701">
        <ele>425.169092</ele>
        <time>2026-07-21T13:40:07.459Z</time>
      </trkpt>
      <trkpt lat="50.799586" lon="13.094418">
        <ele>423.008761</ele>
        <time>2026-07-21T13:40:10.920Z</time>
      </trkpt>
      <trkpt lat="50.799188" lon="13.094181">
        <ele>420.743550</ele>
        <time>2026-07-21T13:40:14.905Z</time>
      </trkpt>
      <trkpt lat="50.799024" lon="13.094062">
        <ele>419.812604</ele>
        <time>2026-07-21T13:40:16.915Z</time>
      </trkpt>
      <trkpt lat="50.798863" lon="13.093895">
        <ele>418.819274</ele>
        <time>2026-07-21T13:40:18.953Z</time>
      </trkpt>
      <trkpt lat="50.798713" lon="13.093681">
        <ele>417.777124</ele>
        <time>2026-07-21T13:40:20.928Z</time>
      </trkpt>
      <trkpt lat="50.798390" lon="13.092948">
        <ele>414.863037</ele>
        <time>2026-07-21T13:40:26.088Z</time>
      </trkpt>
      <trkpt lat="50.798313" lon="13.092715">
        <ele>414.005572</ele>
        <time>2026-07-21T13:40:27.520Z</time>
      </trkpt>
      <trkpt lat="50.798238" lon="13.092233">
        <ele>412.349313</ele>
        <time>2026-07-21T13:40:30.334Z</time>
      </trkpt>
      <trkpt lat="50.798344" lon="13.091629">
        <ele>410.137808</ele>
        <time>2026-07-21T13:40:35.486Z</time>
      </trkpt>
      <trkpt lat="50.798554" lon="13.091008">
        <ele>407.653089</ele>
        <time>2026-07-21T13:40:39.925Z</time>
      </trkpt>
      <trkpt lat="50.798683" lon="13.090445">
        <ele>405.540374</ele>
        <time>2026-07-21T13:40:43.438Z</time>
      </trkpt>
      <trkpt lat="50.798729" lon="13.089807">
        <ele>403.274957</ele>
        <time>2026-07-21T13:40:47.007Z</time>
      </trkpt>
      <trkpt lat="50.798970" lon="13.088749">
        <ele>396.123279</ele>
        <time>2026-07-21T13:40:53.191Z</time>
      </trkpt>
      <trkpt lat="50.799188" lon="13.088043">
        <ele>390.827299</ele>
        <time>2026-07-21T13:40:57.558Z</time>
      </trkpt>
      <trkpt lat="50.799563" lon="13.087098">
        <ele>383.235412</ele>
        <time>2026-07-21T13:41:03.499Z</time>
      </trkpt>
      <trkpt lat="50.799859" lon="13.086601">
        <ele>377.598933</ele>
        <time>2026-07-21T13:41:07.048Z</time>
      </trkpt>
      <trkpt lat="50.800000" lon="13.086225">
        <ele>373.990359</ele>
        <time>2026-07-21T13:41:09.306Z</time>
      </trkpt>
      <trkpt lat="50.800111" lon="13.085636">
        <ele>368.917375</ele>
        <time>2026-07-21T13:41:12.514Z</time>
      </trkpt>
      <trkpt lat="50.800093" lon="13.084929">
        <ele>363.077231</ele>
        <time>2026-07-21T13:41:16.425Z</time>
      </trkpt>
      <trkpt lat="50.799791" lon="13.084193">
        <ele>356.869936</ele>
        <time>2026-07-21T13:41:21.441Z</time>
      </trkpt>
      <trkpt lat="50.799644" lon="13.083286">
        <ele>351.002210</ele>
        <time>2026-07-21T13:41:26.885Z</time>
      </trkpt>
      <trkpt lat="50.799326" lon="13.082888">
        <ele>346.982019</ele>
        <time>2026-07-21T13:41:30.300Z</time>
      </trkpt>
      <trkpt lat="50.799002" lon="13.082045">
        <ele>340.513620</ele>
        <time>2026-07-21T13:41:35.504Z</time>
      </trkpt>
      <trkpt lat="50.798216" lon="13.080656">
        <ele>326.610025</ele>
        <time>2026-07-21T13:41:45.356Z</time>
      </trkpt>
      <trkpt lat="50.798213" lon="13.080647">
        <ele>326.534144</ele>
        <time>2026-07-21T13:41:45.413Z</time>
      </trkpt>
      <trkpt lat="50.797766" lon="13.079491">
        <ele>317.577661</ele>
        <time>2026-07-21T13:41:53.066Z</time>
      </trkpt>
      <trkpt lat="50.797571" lon="13.078886">
        <ele>313.765080</ele>
        <time>2026-07-21T13:41:56.902Z</time>
      </trkpt>
      <trkpt lat="50.797474" lon="13.078483">
        <ele>311.344143</ele>
        <time>2026-07-21T13:41:59.369Z</time>
      </trkpt>
      <trkpt lat="50.797417" lon="13.078245">
        <ele>309.915306</ele>
        <time>2026-07-21T13:42:00.818Z</time>
      </trkpt>
      <trkpt lat="50.797180" lon="13.076951">
        <ele>303.536875</ele>
        <time>2026-07-21T13:42:07.971Z</time>
      </trkpt>
      <trkpt lat="50.797111" lon="13.076745">
        <ele>302.791665</ele>
        <time>2026-07-21T13:42:09.247Z</time>
      </trkpt>
      <trkpt lat="50.796959" lon="13.076415">
        <ele>301.486472</ele>
        <time>2026-07-21T13:42:11.586Z</time>
      </trkpt>
      <trkpt lat="50.796899" lon="13.076033">
        <ele>300.228291</ele>
        <time>2026-07-21T13:42:14.107Z</time>
      </trkpt>
      <trkpt lat="50.796824" lon="13.075814">
        <ele>299.432119</ele>
        <time>2026-07-21T13:42:15.969Z</time>
      </trkpt>
      <trkpt lat="50.796764" lon="13.075447">
        <ele>298.220412</ele>
        <time>2026-07-21T13:42:18.782Z</time>
      </trkpt>
      <trkpt lat="50.796649" lon="13.075108">
        <ele>296.990609</ele>
        <time>2026-07-21T13:42:22.094Z</time>
      </trkpt>
      <trkpt lat="50.796527" lon="13.074925">
        <ele>296.140419</ele>
        <time>2026-07-21T13:42:24.224Z</time>
      </trkpt>
      <trkpt lat="50.796386" lon="13.074686">
        <ele>296.048695</ele>
        <time>2026-07-21T13:42:26.356Z</time>
      </trkpt>
      <trkpt lat="50.796042" lon="13.073937">
        <ele>296.181894</ele>
        <time>2026-07-21T13:42:34.150Z</time>
      </trkpt>
      <trkpt lat="50.795942" lon="13.073554">
        <ele>296.241511</ele>
        <time>2026-07-21T13:42:38.152Z</time>
      </trkpt>
      <trkpt lat="50.796008" lon="13.073427">
        <ele>296.265165</ele>
        <time>2026-07-21T13:42:39.346Z</time>
      </trkpt>
      <trkpt lat="50.796241" lon="13.072996">
        <ele>296.346757</ele>
        <time>2026-07-21T13:42:54.721Z</time>
      </trkpt>
      <trkpt lat="50.796339" lon="13.072882">
        <ele>296.374443</ele>
        <time>2026-07-21T13:42:56.757Z</time>
      </trkpt>
      <trkpt lat="50.796456" lon="13.072808">
        <ele>296.403123</ele>
        <time>2026-07-21T13:42:58.915Z</time>
      </trkpt>
      <trkpt lat="50.796580" lon="13.072798">
        <ele>296.499219</ele>
        <time>2026-07-21T13:43:03.810Z</time>
      </trkpt>
      <trkpt lat="50.796670" lon="13.072840">
        <ele>296.621475</ele>
        <time>2026-07-21T13:43:07.790Z</time>
      </trkpt>
      <trkpt lat="50.797503" lon="13.074219">
        <ele>298.192327</ele>
        <time>2026-07-21T13:43:27.576Z</time>
      </trkpt>
      <trkpt lat="50.797768" lon="13.074558">
        <ele>298.636338</ele>
        <time>2026-07-21T13:43:33.482Z</time>
      </trkpt>
      <trkpt lat="50.798450" lon="13.075044">
        <ele>303.543258</ele>
        <time>2026-07-21T13:43:53.563Z</time>
      </trkpt>
      <trkpt lat="50.799597" lon="13.075339">
        <ele>312.083357</ele>
        <time>2026-07-21T13:44:54.412Z</time>
      </trkpt>
      <trkpt lat="50.799732" lon="13.075354">
        <ele>313.285248</ele>
        <time>2026-07-21T13:45:03.458Z</time>
      </trkpt>
      <trkpt lat="50.800151" lon="13.075238">
        <ele>317.062932</ele>
        <time>2026-07-21T13:45:36.122Z</time>
      </trkpt>
      <trkpt lat="50.801048" lon="13.075063">
        <ele>325.089539</ele>
        <time>2026-07-21T13:46:34.311Z</time>
      </trkpt>
      <trkpt lat="50.801454" lon="13.075001">
        <ele>327.279503</ele>
        <time>2026-07-21T13:46:39.183Z</time>
      </trkpt>
      <trkpt lat="50.801647" lon="13.075030">
        <ele>325.910662</ele>
        <time>2026-07-21T13:46:41.015Z</time>
      </trkpt>
      <trkpt lat="50.802160" lon="13.075193">
        <ele>322.216226</ele>
        <time>2026-07-21T13:46:45.767Z</time>
      </trkpt>
      <trkpt lat="50.803725" lon="13.075722">
        <ele>309.986244</ele>
        <time>2026-07-21T13:46:59.466Z</time>
      </trkpt>
      <trkpt lat="50.804883" lon="13.076188">
        <ele>299.741150</ele>
        <time>2026-07-21T13:47:10.236Z</time>
      </trkpt>
      <trkpt lat="50.805085" lon="13.076180">
        <ele>298.778665</ele>
        <time>2026-07-21T13:47:11.915Z</time>
      </trkpt>
      <trkpt lat="50.805428" lon="13.076077">
        <ele>297.115698</ele>
        <time>2026-07-21T13:47:14.997Z</time>
      </trkpt>
      <trkpt lat="50.805599" lon="13.075953">
        <ele>296.219723</ele>
        <time>2026-07-21T13:47:16.752Z</time>
      </trkpt>
      <trkpt lat="50.805871" lon="13.075621">
        <ele>294.583456</ele>
        <time>2026-07-21T13:47:20.084Z</time>
      </trkpt>
      <trkpt lat="50.806053" lon="13.075466">
        <ele>293.598957</ele>
        <time>2026-07-21T13:47:22.152Z</time>
      </trkpt>
      <trkpt lat="50.806232" lon="13.075368">
        <ele>292.696739</ele>
        <time>2026-07-21T13:47:24.112Z</time>
      </trkpt>
      <trkpt lat="50.806586" lon="13.075285">
        <ele>291.294664</ele>
        <time>2026-07-21T13:47:28.035Z</time>
      </trkpt>
      <trkpt lat="50.806694" lon="13.075221">
        <ele>291.557268</ele>
        <time>2026-07-21T13:47:29.267Z</time>
      </trkpt>
      <trkpt lat="50.806710" lon="13.075172">
        <ele>291.636634</ele>
        <time>2026-07-21T13:47:29.652Z</time>
      </trkpt>
      <trkpt lat="50.806729" lon="13.075064">
        <ele>291.797954</ele>
        <time>2026-07-21T13:47:30.591Z</time>
      </trkpt>
      <trkpt lat="50.806737" lon="13.075001">
        <ele>291.890421</ele>
        <time>2026-07-21T13:47:31.400Z</time>
      </trkpt>
      <trkpt lat="50.807105" lon="13.073606">
        <ele>294.065669</ele>
        <time>2026-07-21T13:48:01.678Z</time>
      </trkpt>
      <trkpt lat="50.807194" lon="13.073336">
        <ele>294.503869</ele>
        <time>2026-07-21T13:48:06.382Z</time>
      </trkpt>
      <trkpt lat="50.807212" lon="13.073194">
        <ele>294.712272</ele>
        <time>2026-07-21T13:48:08.591Z</time>
      </trkpt>
      <trkpt lat="50.807295" lon="13.073049">
        <ele>294.993795</ele>
        <time>2026-07-21T13:48:11.415Z</time>
      </trkpt>
      <trkpt lat="50.807631" lon="13.071750">
        <ele>296.831950</ele>
        <time>2026-07-21T13:48:34.441Z</time>
      </trkpt>
      <trkpt lat="50.807734" lon="13.071524">
        <ele>297.190604</ele>
        <time>2026-07-21T13:48:36.931Z</time>
      </trkpt>
      <trkpt lat="50.808194" lon="13.070817">
        <ele>298.496736</ele>
        <time>2026-07-21T13:48:49.670Z</time>
      </trkpt>
      <trkpt lat="50.808710" lon="13.069831">
        <ele>297.955633</ele>
        <time>2026-07-21T13:49:10.765Z</time>
      </trkpt>
      <trkpt lat="50.808852" lon="13.069649">
        <ele>297.642336</ele>
        <time>2026-07-21T13:49:14.101Z</time>
      </trkpt>
      <trkpt lat="50.809211" lon="13.069338">
        <ele>296.940633</ele>
        <time>2026-07-21T13:49:18.066Z</time>
      </trkpt>
      <trkpt lat="50.809351" lon="13.069258">
        <ele>296.685431</ele>
        <time>2026-07-21T13:49:19.380Z</time>
      </trkpt>
      <trkpt lat="50.809642" lon="13.069206">
        <ele>296.183334</ele>
        <time>2026-07-21T13:49:22.265Z</time>
      </trkpt>
      <trkpt lat="50.809929" lon="13.069272">
        <ele>295.609404</ele>
        <time>2026-07-21T13:49:25.010Z</time>
      </trkpt>
      <trkpt lat="50.810125" lon="13.069297">
        <ele>295.133355</ele>
        <time>2026-07-21T13:49:27.076Z</time>
      </trkpt>
      <trkpt lat="50.810459" lon="13.069268">
        <ele>294.323536</ele>
        <time>2026-07-21T13:49:30.275Z</time>
      </trkpt>
      <trkpt lat="50.810857" lon="13.069256">
        <ele>293.359816</ele>
        <time>2026-07-21T13:49:33.897Z</time>
      </trkpt>
      <trkpt lat="50.811136" lon="13.069199">
        <ele>292.678760</ele>
        <time>2026-07-21T13:49:36.466Z</time>
      </trkpt>
      <trkpt lat="50.811220" lon="13.069180">
        <ele>292.473332</ele>
        <time>2026-07-21T13:49:37.420Z</time>
      </trkpt>
      <trkpt lat="50.811217" lon="13.069102">
        <ele>292.353791</ele>
        <time>2026-07-21T13:49:38.548Z</time>
      </trkpt>
      <trkpt lat="50.811193" lon="13.068312">
        <ele>292.000821</ele>
        <time>2026-07-21T13:49:58.872Z</time>
      </trkpt>
      <trkpt lat="50.811440" lon="13.066909">
        <ele>294.879308</ele>
        <time>2026-07-21T13:50:25.693Z</time>
      </trkpt>
      <trkpt lat="50.811525" lon="13.066166">
        <ele>296.371633</ele>
        <time>2026-07-21T13:50:37.783Z</time>
      </trkpt>
      <trkpt lat="50.811546" lon="13.065771">
        <ele>297.149750</ele>
        <time>2026-07-21T13:50:44.219Z</time>
      </trkpt>
      <trkpt lat="50.811539" lon="13.065377">
        <ele>297.568189</ele>
        <time>2026-07-21T13:50:50.581Z</time>
      </trkpt>
      <trkpt lat="50.811476" lon="13.064607">
        <ele>298.392453</ele>
        <time>2026-07-21T13:51:00.612Z</time>
      </trkpt>
      <trkpt lat="50.811365" lon="13.063954">
        <ele>299.110333</ele>
        <time>2026-07-21T13:51:06.484Z</time>
      </trkpt>
      <trkpt lat="50.811348" lon="13.063863">
        <ele>299.211073</ele>
        <time>2026-07-21T13:51:07.323Z</time>
      </trkpt>
      <trkpt lat="50.811324" lon="13.063739">
        <ele>299.348751</ele>
        <time>2026-07-21T13:51:08.815Z</time>
      </trkpt>
      <trkpt lat="50.811160" lon="13.063007">
        <ele>300.170331</ele>
        <time>2026-07-21T13:51:22.027Z</time>
      </trkpt>
      <trkpt lat="50.811074" lon="13.062460">
        <ele>300.543501</ele>
        <time>2026-07-21T13:51:33.387Z</time>
      </trkpt>
      <trkpt lat="50.811056" lon="13.062365">
        <ele>300.609160</ele>
        <time>2026-07-21T13:51:34.658Z</time>
      </trkpt>
      <trkpt lat="50.810767" lon="13.060569">
        <ele>301.836113</ele>
        <time>2026-07-21T13:51:52.081Z</time>
      </trkpt>
      <trkpt lat="50.810543" lon="13.059178">
        <ele>303.990909</ele>
        <time>2026-07-21T13:52:09.351Z</time>
      </trkpt>
      <trkpt lat="50.810488" lon="13.058776">
        <ele>304.708548</ele>
        <time>2026-07-21T13:52:15.287Z</time>
      </trkpt>
      <trkpt lat="50.810485" lon="13.058055">
        <ele>305.966534</ele>
        <time>2026-07-21T13:52:29.599Z</time>
      </trkpt>
      <trkpt lat="50.810494" lon="13.057880">
        <ele>306.272873</ele>
        <time>2026-07-21T13:52:34.487Z</time>
      </trkpt>
      <trkpt lat="50.810557" lon="13.057001">
        <ele>308.115407</ele>
        <time>2026-07-21T13:52:54.288Z</time>
      </trkpt>
      <trkpt lat="50.810699" lon="13.056242">
        <ele>310.012758</ele>
        <time>2026-07-21T13:53:07.867Z</time>
      </trkpt>
      <trkpt lat="50.810737" lon="13.055709">
        <ele>311.298436</ele>
        <time>2026-07-21T13:53:18.119Z</time>
      </trkpt>
      <trkpt lat="50.810900" lon="13.055111">
        <ele>312.859480</ele>
        <time>2026-07-21T13:53:30.306Z</time>
      </trkpt>
      <trkpt lat="50.811007" lon="13.054401">
        <ele>314.235322</ele>
        <time>2026-07-21T13:53:44.869Z</time>
      </trkpt>
      <trkpt lat="50.811307" lon="13.053053">
        <ele>315.998137</ele>
        <time>2026-07-21T13:54:02.810Z</time>
      </trkpt>
      <trkpt lat="50.811363" lon="13.052473">
        <ele>316.721843</ele>
        <time>2026-07-21T13:54:09.908Z</time>
      </trkpt>
      <trkpt lat="50.811518" lon="13.051815">
        <ele>317.626881</ele>
        <time>2026-07-21T13:54:19.752Z</time>
      </trkpt>
      <trkpt lat="50.811732" lon="13.051080">
        <ele>318.788178</ele>
        <time>2026-07-21T13:54:32.525Z</time>
      </trkpt>
      <trkpt lat="50.811984" lon="13.050397">
        <ele>319.923121</ele>
        <time>2026-07-21T13:54:43.438Z</time>
      </trkpt>
      <trkpt lat="50.812168" lon="13.049812">
        <ele>320.860831</ele>
        <time>2026-07-21T13:54:49.096Z</time>
      </trkpt>
      <trkpt lat="50.812144" lon="13.049300">
        <ele>321.676204</ele>
        <time>2026-07-21T13:55:00.732Z</time>
      </trkpt>
      <trkpt lat="50.812040" lon="13.048777">
        <ele>322.843406</ele>
        <time>2026-07-21T13:55:15.382Z</time>
      </trkpt>
      <trkpt lat="50.811875" lon="13.047311">
        <ele>326.013379</ele>
        <time>2026-07-21T13:55:42.744Z</time>
      </trkpt>
      <trkpt lat="50.811360" lon="13.045908">
        <ele>328.005293</ele>
        <time>2026-07-21T13:56:06.005Z</time>
      </trkpt>
      <trkpt lat="50.810676" lon="13.044979">
        <ele>328.791255</ele>
        <time>2026-07-21T13:56:17.441Z</time>
      </trkpt>
      <trkpt lat="50.810052" lon="13.044050">
        <ele>330.928402</ele>
        <time>2026-07-21T13:56:36.346Z</time>
      </trkpt>
      <trkpt lat="50.810019" lon="13.043969">
        <ele>331.136835</ele>
        <time>2026-07-21T13:56:38.224Z</time>
      </trkpt>
      <trkpt lat="50.809997" lon="13.043913">
        <ele>331.279445</ele>
        <time>2026-07-21T13:56:39.550Z</time>
      </trkpt>
      <trkpt lat="50.809950" lon="13.043794">
        <ele>331.582944</ele>
        <time>2026-07-21T13:56:42.229Z</time>
      </trkpt>
      <trkpt lat="50.809634" lon="13.043044">
        <ele>333.532486</ele>
        <time>2026-07-21T13:57:00.265Z</time>
      </trkpt>
      <trkpt lat="50.809509" lon="13.042895">
        <ele>334.068093</ele>
        <time>2026-07-21T13:57:10.484Z</time>
      </trkpt>
      <trkpt lat="50.808590" lon="13.042102">
        <ele>336.644027</ele>
        <time>2026-07-21T13:57:36.938Z</time>
      </trkpt>
      <trkpt lat="50.808148" lon="13.041413">
        <ele>337.888429</ele>
        <time>2026-07-21T13:57:50.265Z</time>
      </trkpt>
      <trkpt lat="50.807965" lon="13.041075">
        <ele>338.452566</ele>
        <time>2026-07-21T13:58:02.645Z</time>
      </trkpt>
      <trkpt lat="50.807355" lon="13.040036">
        <ele>340.298764</ele>
        <time>2026-07-21T13:58:11.703Z</time>
      </trkpt>
      <trkpt lat="50.807271" lon="13.039857">
        <ele>340.591018</ele>
        <time>2026-07-21T13:58:13.158Z</time>
      </trkpt>
      <trkpt lat="50.807218" lon="13.039672">
        <ele>340.857273</ele>
        <time>2026-07-21T13:58:15.703Z</time>
      </trkpt>
      <trkpt lat="50.807207" lon="13.039626">
        <ele>340.921743</ele>
        <time>2026-07-21T13:58:16.706Z</time>
      </trkpt>
      <trkpt lat="50.807160" lon="13.039418">
        <ele>341.211296</ele>
        <time>2026-07-21T13:58:22.440Z</time>
      </trkpt>
      <trkpt lat="50.807102" lon="13.038863">
        <ele>341.948675</ele>
        <time>2026-07-21T13:58:40.841Z</time>
      </trkpt>
      <trkpt lat="50.807067" lon="13.038611">
        <ele>342.286883</ele>
        <time>2026-07-21T13:58:53.767Z</time>
      </trkpt>
      <trkpt lat="50.807020" lon="13.038439">
        <ele>342.532518</ele>
        <time>2026-07-21T13:58:59.757Z</time>
      </trkpt>
      <trkpt lat="50.806809" lon="13.038092">
        <ele>343.683292</ele>
        <time>2026-07-21T13:59:02.573Z</time>
      </trkpt>
      <trkpt lat="50.806573" lon="13.037725">
        <ele>344.957850</ele>
        <time>2026-07-21T13:59:08.897Z</time>
      </trkpt>
      <trkpt lat="50.806202" lon="13.036957">
        <ele>347.310997</ele>
        <time>2026-07-21T13:59:31.484Z</time>
      </trkpt>
      <trkpt lat="50.805935" lon="13.036466">
        <ele>348.887805</ele>
        <time>2026-07-21T13:59:45.173Z</time>
      </trkpt>
      <trkpt lat="50.805040" lon="13.035190">
        <ele>351.172857</ele>
        <time>2026-07-21T14:00:17.430Z</time>
      </trkpt>
      <trkpt lat="50.802977" lon="13.033255">
        <ele>352.520626</ele>
        <time>2026-07-21T14:00:48.130Z</time>
      </trkpt>
      <trkpt lat="50.802057" lon="13.032619">
        <ele>355.972522</ele>
        <time>2026-07-21T14:01:17.989Z</time>
      </trkpt>
      <trkpt lat="50.801586" lon="13.032432">
        <ele>357.927224</ele>
        <time>2026-07-21T14:01:39.785Z</time>
      </trkpt>
      <trkpt lat="50.801248" lon="13.032404">
        <ele>359.289646</ele>
        <time>2026-07-21T14:01:52.380Z</time>
      </trkpt>
      <trkpt lat="50.801117" lon="13.032447">
        <ele>359.771302</ele>
        <time>2026-07-21T14:01:56.719Z</time>
      </trkpt>
      <trkpt lat="50.800886" lon="13.032682">
        <ele>359.721458</ele>
        <time>2026-07-21T14:02:02.283Z</time>
      </trkpt>
      <trkpt lat="50.800737" lon="13.032781">
        <ele>359.692127</ele>
        <time>2026-07-21T14:02:04.201Z</time>
      </trkpt>
      <trkpt lat="50.800558" lon="13.032868">
        <ele>359.658141</ele>
        <time>2026-07-21T14:02:06.234Z</time>
      </trkpt>
      <trkpt lat="50.800090" lon="13.033005">
        <ele>359.571758</ele>
        <time>2026-07-21T14:02:11.752Z</time>
      </trkpt>
      <trkpt lat="50.799810" lon="13.033040">
        <ele>359.520781</ele>
        <time>2026-07-21T14:02:15.198Z</time>
      </trkpt>
      <trkpt lat="50.798808" lon="13.032895">
        <ele>359.570632</ele>
        <time>2026-07-21T14:02:26.992Z</time>
      </trkpt>
      <trkpt lat="50.798651" lon="13.032853">
        <ele>359.603286</ele>
        <time>2026-07-21T14:02:30.831Z</time>
      </trkpt>
      <trkpt lat="50.798466" lon="13.032625">
        <ele>359.651377</ele>
        <time>2026-07-21T14:02:34.412Z</time>
      </trkpt>
      <trkpt lat="50.798242" lon="13.032091">
        <ele>359.734450</ele>
        <time>2026-07-21T14:02:39.282Z</time>
      </trkpt>
      <trkpt lat="50.798188" lon="13.031757">
        <ele>359.779136</ele>
        <time>2026-07-21T14:02:43.137Z</time>
      </trkpt>
      <trkpt lat="50.798155" lon="13.031597">
        <ele>359.800952</ele>
        <time>2026-07-21T14:02:45.678Z</time>
      </trkpt>
      <trkpt lat="50.798281" lon="13.031292">
        <ele>360.611090</ele>
        <time>2026-07-21T14:02:49.943Z</time>
      </trkpt>
      <trkpt lat="50.798538" lon="13.030911">
        <ele>362.404397</ele>
        <time>2026-07-21T14:03:01.954Z</time>
      </trkpt>
      <trkpt lat="50.798598" lon="13.030741">
        <ele>363.031027</ele>
        <time>2026-07-21T14:03:07.566Z</time>
      </trkpt>
      <trkpt lat="50.798640" lon="13.030462">
        <ele>363.954047</ele>
        <time>2026-07-21T14:03:16.724Z</time>
      </trkpt>
      <trkpt lat="50.798646" lon="13.030189">
        <ele>364.833171</ele>
        <time>2026-07-21T14:03:23.982Z</time>
      </trkpt>
      <trkpt lat="50.798603" lon="13.029545">
        <ele>366.917283</ele>
        <time>2026-07-21T14:03:38.925Z</time>
      </trkpt>
      <trkpt lat="50.798617" lon="13.029436">
        <ele>367.275246</ele>
        <time>2026-07-21T14:03:40.976Z</time>
      </trkpt>
      <trkpt lat="50.798716" lon="13.029151">
        <ele>368.321854</ele>
        <time>2026-07-21T14:03:46.290Z</time>
      </trkpt>
      <trkpt lat="50.798802" lon="13.028900">
        <ele>369.218198</ele>
        <time>2026-07-21T14:03:54.856Z</time>
      </trkpt>
      <trkpt lat="50.799028" lon="13.027941">
        <ele>372.233572</ele>
        <time>2026-07-21T14:04:21.147Z</time>
      </trkpt>
      <trkpt lat="50.799490" lon="13.026729">
        <ele>376.403432</ele>
        <time>2026-07-21T14:04:50.781Z</time>
      </trkpt>
      <trkpt lat="50.799772" lon="13.026176">
        <ele>378.147229</ele>
        <time>2026-07-21T14:05:00.441Z</time>
      </trkpt>
      <trkpt lat="50.799881" lon="13.025967">
        <ele>378.700342</ele>
        <time>2026-07-21T14:05:03.861Z</time>
      </trkpt>
      <trkpt lat="50.800239" lon="13.024933">
        <ele>381.106931</ele>
        <time>2026-07-21T14:05:24.992Z</time>
      </trkpt>
      <trkpt lat="50.800271" lon="13.024830">
        <ele>381.341206</ele>
        <time>2026-07-21T14:05:26.780Z</time>
      </trkpt>
      <trkpt lat="50.800391" lon="13.024401">
        <ele>382.298824</ele>
        <time>2026-07-21T14:05:32.609Z</time>
      </trkpt>
      <trkpt lat="50.800460" lon="13.024051">
        <ele>383.047202</ele>
        <time>2026-07-21T14:05:39.999Z</time>
      </trkpt>
      <trkpt lat="50.800504" lon="13.023583">
        <ele>384.627406</ele>
        <time>2026-07-21T14:05:52.254Z</time>
      </trkpt>
      <trkpt lat="50.800487" lon="13.022754">
        <ele>387.550984</ele>
        <time>2026-07-21T14:06:11.119Z</time>
      </trkpt>
      <trkpt lat="50.800551" lon="13.021809">
        <ele>390.900966</ele>
        <time>2026-07-21T14:06:33.780Z</time>
      </trkpt>
      <trkpt lat="50.800720" lon="13.020191">
        <ele>397.320350</ele>
        <time>2026-07-21T14:07:16.078Z</time>
      </trkpt>
      <trkpt lat="50.800748" lon="13.019704">
        <ele>399.360221</ele>
        <time>2026-07-21T14:07:28.254Z</time>
      </trkpt>
      <trkpt lat="50.800753" lon="13.018563">
        <ele>404.119926</ele>
        <time>2026-07-21T14:08:00.101Z</time>
      </trkpt>
      <trkpt lat="50.800776" lon="13.018222">
        <ele>405.585565</ele>
        <time>2026-07-21T14:08:08.443Z</time>
      </trkpt>
      <trkpt lat="50.800846" lon="13.017905">
        <ele>407.088636</ele>
        <time>2026-07-21T14:08:15.923Z</time>
      </trkpt>
      <trkpt lat="50.800931" lon="13.017542">
        <ele>408.821429</ele>
        <time>2026-07-21T14:08:26.790Z</time>
      </trkpt>
      <trkpt lat="50.800972" lon="13.017284">
        <ele>410.012232</ele>
        <time>2026-07-21T14:08:34.351Z</time>
      </trkpt>
      <trkpt lat="50.800986" lon="13.016197">
        <ele>414.878855</ele>
        <time>2026-07-21T14:09:02.374Z</time>
      </trkpt>
      <trkpt lat="50.800943" lon="13.015451">
        <ele>418.325312</ele>
        <time>2026-07-21T14:09:25.257Z</time>
      </trkpt>
      <trkpt lat="50.800922" lon="13.015000">
        <ele>420.796020</ele>
        <time>2026-07-21T14:09:37.265Z</time>
      </trkpt>
      <trkpt lat="50.800967" lon="13.014737">
        <ele>422.284641</ele>
        <time>2026-07-21T14:09:46.785Z</time>
      </trkpt>
      <trkpt lat="50.800993" lon="13.014302">
        <ele>424.671858</ele>
        <time>2026-07-21T14:10:03.497Z</time>
      </trkpt>
      <trkpt lat="50.800880" lon="13.013089">
        <ele>431.370665</ele>
        <time>2026-07-21T14:10:39.226Z</time>
      </trkpt>
      <trkpt lat="50.800810" lon="13.012113">
        <ele>436.854233</ele>
        <time>2026-07-21T14:11:12.288Z</time>
      </trkpt>
      <trkpt lat="50.800818" lon="13.011728">
        <ele>439.031647</ele>
        <time>2026-07-21T14:11:24.576Z</time>
      </trkpt>
      <trkpt lat="50.800835" lon="13.010804">
        <ele>444.256829</ele>
        <time>2026-07-21T14:11:52.762Z</time>
      </trkpt>
      <trkpt lat="50.800842" lon="13.010199">
        <ele>447.677202</ele>
        <time>2026-07-21T14:12:13.859Z</time>
      </trkpt>
      <trkpt lat="50.800736" lon="13.009268">
        <ele>451.957925</ele>
        <time>2026-07-21T14:12:45.762Z</time>
      </trkpt>
      <trkpt lat="50.800687" lon="13.009020">
        <ele>452.989221</ele>
        <time>2026-07-21T14:12:52.583Z</time>
      </trkpt>
      <trkpt lat="50.800575" lon="13.008682">
        <ele>454.503953</ele>
        <time>2026-07-21T14:13:01.441Z</time>
      </trkpt>
      <trkpt lat="50.800338" lon="13.008265">
        <ele>456.729821</ele>
        <time>2026-07-21T14:13:19.510Z</time>
      </trkpt>
      <trkpt lat="50.800259" lon="13.008149">
        <ele>457.406657</ele>
        <time>2026-07-21T14:13:22.956Z</time>
      </trkpt>
      <trkpt lat="50.800089" lon="13.007917">
        <ele>458.816499</ele>
        <time>2026-07-21T14:13:29.948Z</time>
      </trkpt>
      <trkpt lat="50.799701" lon="13.007412">
        <ele>460.728128</ele>
        <time>2026-07-21T14:13:43.369Z</time>
      </trkpt>
      <trkpt lat="50.799444" lon="13.007002">
        <ele>460.708163</ele>
        <time>2026-07-21T14:13:48.119Z</time>
      </trkpt>
      <trkpt lat="50.799210" lon="13.006477">
        <ele>460.685951</ele>
        <time>2026-07-21T14:13:54.048Z</time>
      </trkpt>
      <trkpt lat="50.798917" lon="13.005754">
        <ele>460.656256</ele>
        <time>2026-07-21T14:14:00.158Z</time>
      </trkpt>
      <trkpt lat="50.797548" lon="13.001658">
        <ele>459.932871</ele>
        <time>2026-07-21T14:14:36.492Z</time>
      </trkpt>
      <trkpt lat="50.796850" lon="12.999572">
        <ele>462.296812</ele>
        <time>2026-07-21T14:15:16.808Z</time>
      </trkpt>
      <trkpt lat="50.795823" lon="12.996609">
        <ele>465.647063</ele>
        <time>2026-07-21T14:16:05.517Z</time>
      </trkpt>
      <trkpt lat="50.795728" lon="12.996400">
        <ele>465.722281</ele>
        <time>2026-07-21T14:16:07.389Z</time>
      </trkpt>
      <trkpt lat="50.795608" lon="12.996136">
        <ele>465.817293</ele>
        <time>2026-07-21T14:16:10.874Z</time>
      </trkpt>
      <trkpt lat="50.794349" lon="12.993930">
        <ele>464.137871</ele>
        <time>2026-07-21T14:16:32.752Z</time>
      </trkpt>
      <trkpt lat="50.794180" lon="12.993582">
        <ele>463.730760</ele>
        <time>2026-07-21T14:16:35.550Z</time>
      </trkpt>
      <trkpt lat="50.794140" lon="12.993481">
        <ele>463.620192</ele>
        <time>2026-07-21T14:16:36.369Z</time>
      </trkpt>
      <trkpt lat="50.793893" lon="12.992970">
        <ele>463.431698</ele>
        <time>2026-07-21T14:16:41.303Z</time>
      </trkpt>
      <trkpt lat="50.793384" lon="12.992152">
        <ele>463.421269</ele>
        <time>2026-07-21T14:16:53.053Z</time>
      </trkpt>
      <trkpt lat="50.793218" lon="12.991726">
        <ele>463.416723</ele>
        <time>2026-07-21T14:16:58.083Z</time>
      </trkpt>
      <trkpt lat="50.793167" lon="12.991535">
        <ele>463.414839</ele>
        <time>2026-07-21T14:17:00.132Z</time>
      </trkpt>
      <trkpt lat="50.793000" lon="12.990633">
        <ele>463.516234</ele>
        <time>2026-07-21T14:17:09.315Z</time>
      </trkpt>
      <trkpt lat="50.792708" lon="12.989877">
        <ele>463.755057</ele>
        <time>2026-07-21T14:17:22.665Z</time>
      </trkpt>
      <trkpt lat="50.792529" lon="12.989419">
        <ele>463.900210</ele>
        <time>2026-07-21T14:17:31.527Z</time>
      </trkpt>
      <trkpt lat="50.792482" lon="12.989170">
        <ele>463.970261</ele>
        <time>2026-07-21T14:17:33.953Z</time>
      </trkpt>
      <trkpt lat="50.792472" lon="12.988861">
        <ele>464.053666</ele>
        <time>2026-07-21T14:17:36.191Z</time>
      </trkpt>
      <trkpt lat="50.792525" lon="12.988413">
        <ele>464.176529</ele>
        <time>2026-07-21T14:17:39.369Z</time>
      </trkpt>
      <trkpt lat="50.792634" lon="12.988094">
        <ele>463.595350</ele>
        <time>2026-07-21T14:17:41.823Z</time>
      </trkpt>
      <trkpt lat="50.792964" lon="12.987338">
        <ele>462.116333</ele>
        <time>2026-07-21T14:17:47.691Z</time>
      </trkpt>
      <trkpt lat="50.793067" lon="12.987024">
        <ele>461.546836</ele>
        <time>2026-07-21T14:17:49.890Z</time>
      </trkpt>
      <trkpt lat="50.793103" lon="12.986768">
        <ele>461.124644</ele>
        <time>2026-07-21T14:17:51.670Z</time>
      </trkpt>
      <trkpt lat="50.793087" lon="12.986593">
        <ele>460.839991</ele>
        <time>2026-07-21T14:17:52.976Z</time>
      </trkpt>
      <trkpt lat="50.792933" lon="12.986053">
        <ele>459.886303</ele>
        <time>2026-07-21T14:17:58.066Z</time>
      </trkpt>
      <trkpt lat="50.793246" lon="12.985552">
        <ele>458.382855</ele>
        <time>2026-07-21T14:18:02.431Z</time>
      </trkpt>
      <trkpt lat="50.793410" lon="12.985256">
        <ele>457.471804</ele>
        <time>2026-07-21T14:18:04.834Z</time>
      </trkpt>
      <trkpt lat="50.794408" lon="12.983417">
        <ele>452.749812</ele>
        <time>2026-07-21T14:18:19.589Z</time>
      </trkpt>
      <trkpt lat="50.794920" lon="12.982478">
        <ele>452.098947</ele>
        <time>2026-07-21T14:18:35.160Z</time>
      </trkpt>
      <trkpt lat="50.795216" lon="12.981946">
        <ele>451.726965</ele>
        <time>2026-07-21T14:18:40.459Z</time>
      </trkpt>
      <trkpt lat="50.795379" lon="12.981665">
        <ele>451.526792</ele>
        <time>2026-07-21T14:18:43.647Z</time>
      </trkpt>
      <trkpt lat="50.795528" lon="12.981410">
        <ele>451.446831</ele>
        <time>2026-07-21T14:18:46.326Z</time>
      </trkpt>
      <trkpt lat="50.795654" lon="12.981209">
        <ele>451.386502</ele>
        <time>2026-07-21T14:18:49.142Z</time>
      </trkpt>
      <trkpt lat="50.795842" lon="12.981012">
        <ele>451.310474</ele>
        <time>2026-07-21T14:18:53.116Z</time>
      </trkpt>
      <trkpt lat="50.796110" lon="12.980870">
        <ele>451.215184</ele>
        <time>2026-07-21T14:18:56.862Z</time>
      </trkpt>
      <trkpt lat="50.796593" lon="12.980732">
        <ele>451.049705</ele>
        <time>2026-07-21T14:19:02.816Z</time>
      </trkpt>
      <trkpt lat="50.796835" lon="12.980616">
        <ele>450.964451</ele>
        <time>2026-07-21T14:19:06.150Z</time>
      </trkpt>
      <trkpt lat="50.796976" lon="12.980465">
        <ele>450.904861</ele>
        <time>2026-07-21T14:19:09.007Z</time>
      </trkpt>
      <trkpt lat="50.797074" lon="12.980239">
        <ele>450.807789</ele>
        <time>2026-07-21T14:19:12.094Z</time>
      </trkpt>
      <trkpt lat="50.797104" lon="12.980111">
        <ele>450.759438</ele>
        <time>2026-07-21T14:19:13.630Z</time>
      </trkpt>
      <trkpt lat="50.797120" lon="12.979836">
        <ele>450.661626</ele>
        <time>2026-07-21T14:19:16.787Z</time>
      </trkpt>
      <trkpt lat="50.797127" lon="12.979597">
        <ele>450.576886</ele>
        <time>2026-07-21T14:19:19.275Z</time>
      </trkpt>
      <trkpt lat="50.797202" lon="12.979132">
        <ele>450.406914</ele>
        <time>2026-07-21T14:19:24.145Z</time>
      </trkpt>
      <trkpt lat="50.797244" lon="12.978997">
        <ele>450.353622</ele>
        <time>2026-07-21T14:19:25.476Z</time>
      </trkpt>
      <trkpt lat="50.797379" lon="12.978719">
        <ele>450.229455</ele>
        <time>2026-07-21T14:19:28.242Z</time>
      </trkpt>
      <trkpt lat="50.797534" lon="12.978509">
        <ele>450.115106</ele>
        <time>2026-07-21T14:19:30.701Z</time>
      </trkpt>
      <trkpt lat="50.798057" lon="12.977924">
        <ele>449.306792</ele>
        <time>2026-07-21T14:19:37.874Z</time>
      </trkpt>
      <trkpt lat="50.798460" lon="12.977488">
        <ele>448.192713</ele>
        <time>2026-07-21T14:19:42.953Z</time>
      </trkpt>
      <trkpt lat="50.798793" lon="12.977145">
        <ele>447.285974</ele>
        <time>2026-07-21T14:19:47.037Z</time>
      </trkpt>
      <trkpt lat="50.800456" lon="12.975452">
        <ele>443.627123</ele>
        <time>2026-07-21T14:20:08.749Z</time>
      </trkpt>
      <trkpt lat="50.800842" lon="12.975129">
        <ele>442.911942</ele>
        <time>2026-07-21T14:20:13.994Z</time>
      </trkpt>
      <trkpt lat="50.801037" lon="12.975028">
        <ele>442.557251</ele>
        <time>2026-07-21T14:20:17.038Z</time>
      </trkpt>
      <trkpt lat="50.801477" lon="12.974873">
        <ele>441.769153</ele>
        <time>2026-07-21T14:20:23.635Z</time>
      </trkpt>
      <trkpt lat="50.801842" lon="12.974747">
        <ele>441.116004</ele>
        <time>2026-07-21T14:20:28.027Z</time>
      </trkpt>
      <trkpt lat="50.803006" lon="12.974343">
        <ele>438.195888</ele>
        <time>2026-07-21T14:20:40.341Z</time>
      </trkpt>
      <trkpt lat="50.803107" lon="12.974296">
        <ele>437.783665</ele>
        <time>2026-07-21T14:20:41.372Z</time>
      </trkpt>
      <trkpt lat="50.803336" lon="12.974181">
        <ele>436.842918</ele>
        <time>2026-07-21T14:20:43.696Z</time>
      </trkpt>
      <trkpt lat="50.803562" lon="12.973992">
        <ele>435.842003</ele>
        <time>2026-07-21T14:20:46.135Z</time>
      </trkpt>
      <trkpt lat="50.804491" lon="12.973010">
        <ele>431.233362</ele>
        <time>2026-07-21T14:20:56.928Z</time>
      </trkpt>
      <trkpt lat="50.804665" lon="12.972806">
        <ele>430.219660</ele>
        <time>2026-07-21T14:20:59.265Z</time>
      </trkpt>
      <trkpt lat="50.805031" lon="12.972385">
        <ele>428.101577</ele>
        <time>2026-07-21T14:21:03.415Z</time>
      </trkpt>
      <trkpt lat="50.805105" lon="12.972299">
        <ele>427.671796</ele>
        <time>2026-07-21T14:21:04.259Z</time>
      </trkpt>
      <trkpt lat="50.805681" lon="12.971476">
        <ele>424.124713</ele>
        <time>2026-07-21T14:21:11.652Z</time>
      </trkpt>
      <trkpt lat="50.805852" lon="12.971231">
        <ele>423.493471</ele>
        <time>2026-07-21T14:21:13.754Z</time>
      </trkpt>
      <trkpt lat="50.805953" lon="12.971077">
        <ele>423.109662</ele>
        <time>2026-07-21T14:21:15.020Z</time>
      </trkpt>
      <trkpt lat="50.806554" lon="12.970384">
        <ele>421.074741</ele>
        <time>2026-07-21T14:21:27.933Z</time>
      </trkpt>
      <trkpt lat="50.807266" lon="12.969367">
        <ele>417.496906</ele>
        <time>2026-07-21T14:21:37.517Z</time>
      </trkpt>
      <trkpt lat="50.807515" lon="12.969241">
        <ele>416.000802</ele>
        <time>2026-07-21T14:21:39.869Z</time>
      </trkpt>
      <trkpt lat="50.807627" lon="12.969131">
        <ele>415.246412</ele>
        <time>2026-07-21T14:21:41.012Z</time>
      </trkpt>
      <trkpt lat="50.807660" lon="12.969087">
        <ele>414.999454</ele>
        <time>2026-07-21T14:21:41.385Z</time>
      </trkpt>
      <trkpt lat="50.807728" lon="12.969003">
        <ele>414.505761</ele>
        <time>2026-07-21T14:21:42.158Z</time>
      </trkpt>
      <trkpt lat="50.807749" lon="12.968938">
        <ele>414.241749</ele>
        <time>2026-07-21T14:21:42.783Z</time>
      </trkpt>
      <trkpt lat="50.807686" lon="12.968798">
        <ele>413.620184</ele>
        <time>2026-07-21T14:21:44.331Z</time>
      </trkpt>
      <trkpt lat="50.807673" lon="12.968706">
        <ele>413.279250</ele>
        <time>2026-07-21T14:21:45.165Z</time>
      </trkpt>
      <trkpt lat="50.809117" lon="12.966418">
        <ele>401.218394</ele>
        <time>2026-07-21T14:22:11.818Z</time>
      </trkpt>
      <trkpt lat="50.809214" lon="12.966287">
        <ele>400.452676</ele>
        <time>2026-07-21T14:22:12.923Z</time>
      </trkpt>
      <trkpt lat="50.809327" lon="12.966155">
        <ele>399.609315</ele>
        <time>2026-07-21T14:22:14.175Z</time>
      </trkpt>
      <trkpt lat="50.809615" lon="12.965653">
        <ele>397.093108</ele>
        <time>2026-07-21T14:22:20.428Z</time>
      </trkpt>
      <trkpt lat="50.809934" lon="12.965169">
        <ele>394.565149</ele>
        <time>2026-07-21T14:22:26.295Z</time>
      </trkpt>
      <trkpt lat="50.810272" lon="12.964640">
        <ele>391.845849</ele>
        <time>2026-07-21T14:22:32.992Z</time>
      </trkpt>
      <trkpt lat="50.810409" lon="12.964453">
        <ele>390.810935</ele>
        <time>2026-07-21T14:22:35.295Z</time>
      </trkpt>
      <trkpt lat="50.810727" lon="12.963846">
        <ele>387.960865</ele>
        <time>2026-07-21T14:22:41.560Z</time>
      </trkpt>
      <trkpt lat="50.811186" lon="12.962779">
        <ele>382.664731</ele>
        <time>2026-07-21T14:22:52.122Z</time>
      </trkpt>
      <trkpt lat="50.811213" lon="12.962713">
        <ele>382.341969</ele>
        <time>2026-07-21T14:22:52.762Z</time>
      </trkpt>
      <trkpt lat="50.811472" lon="12.962022">
        <ele>379.043840</ele>
        <time>2026-07-21T14:22:59.397Z</time>
      </trkpt>
      <trkpt lat="50.811647" lon="12.961590">
        <ele>376.937304</ele>
        <time>2026-07-21T14:23:03.777Z</time>
      </trkpt>
      <trkpt lat="50.811676" lon="12.961520">
        <ele>376.593694</ele>
        <time>2026-07-21T14:23:04.458Z</time>
      </trkpt>
      <trkpt lat="50.811967" lon="12.960921">
        <ele>374.905180</ele>
        <time>2026-07-21T14:23:10.415Z</time>
      </trkpt>
      <trkpt lat="50.812019" lon="12.960817">
        <ele>374.639158</ele>
        <time>2026-07-21T14:23:11.543Z</time>
      </trkpt>
      <trkpt lat="50.812106" lon="12.960722">
        <ele>374.303616</ele>
        <time>2026-07-21T14:23:13.188Z</time>
      </trkpt>
      <trkpt lat="50.812092" lon="12.960648">
        <ele>374.148672</ele>
        <time>2026-07-21T14:23:13.744Z</time>
      </trkpt>
      <trkpt lat="50.812086" lon="12.960605">
        <ele>374.060342</ele>
        <time>2026-07-21T14:23:14.053Z</time>
      </trkpt>
      <trkpt lat="50.812101" lon="12.960528">
        <ele>373.898717</ele>
        <time>2026-07-21T14:23:14.607Z</time>
      </trkpt>
      <trkpt lat="50.812119" lon="12.960486">
        <ele>373.796920</ele>
        <time>2026-07-21T14:23:14.936Z</time>
      </trkpt>
      <trkpt lat="50.812246" lon="12.960193">
        <ele>373.084214</ele>
        <time>2026-07-21T14:23:18.229Z</time>
      </trkpt>
      <trkpt lat="50.812393" lon="12.959855">
        <ele>372.261160</ele>
        <time>2026-07-21T14:23:23.058Z</time>
      </trkpt>
      <trkpt lat="50.812526" lon="12.959755">
        <ele>371.793725</ele>
        <time>2026-07-21T14:23:26.101Z</time>
      </trkpt>
      <trkpt lat="50.812526" lon="12.959673">
        <ele>371.629246</ele>
        <time>2026-07-21T14:23:27.147Z</time>
      </trkpt>
      <trkpt lat="50.812523" lon="12.959611">
        <ele>371.504520</ele>
        <time>2026-07-21T14:23:27.918Z</time>
      </trkpt>
      <trkpt lat="50.812583" lon="12.959471">
        <ele>371.165201</ele>
        <time>2026-07-21T14:23:29.869Z</time>
      </trkpt>
      <trkpt lat="50.812658" lon="12.959161">
        <ele>370.515526</ele>
        <time>2026-07-21T14:23:33.315Z</time>
      </trkpt>
      <trkpt lat="50.812926" lon="12.958504">
        <ele>369.493597</ele>
        <time>2026-07-21T14:23:41.517Z</time>
      </trkpt>
      <trkpt lat="50.813260" lon="12.957727">
        <ele>368.265537</ele>
        <time>2026-07-21T14:23:50.099Z</time>
      </trkpt>
      <trkpt lat="50.813345" lon="12.957558">
        <ele>367.983267</ele>
        <time>2026-07-21T14:23:52.736Z</time>
      </trkpt>
      <trkpt lat="50.814170" lon="12.955587">
        <ele>364.869146</ele>
        <time>2026-07-21T14:24:16.101Z</time>
      </trkpt>
      <trkpt lat="50.814969" lon="12.953680">
        <ele>361.960093</ele>
        <time>2026-07-21T14:24:38.652Z</time>
      </trkpt>
      <trkpt lat="50.815418" lon="12.952599">
        <ele>360.415556</ele>
        <time>2026-07-21T14:24:51.818Z</time>
      </trkpt>
      <trkpt lat="50.815533" lon="12.952326">
        <ele>360.023817</ele>
        <time>2026-07-21T14:24:55.160Z</time>
      </trkpt>
      <trkpt lat="50.815624" lon="12.952106">
        <ele>359.709874</ele>
        <time>2026-07-21T14:24:57.767Z</time>
      </trkpt>
      <trkpt lat="50.816011" lon="12.951148">
        <ele>358.994996</ele>
        <time>2026-07-21T14:25:09.142Z</time>
      </trkpt>
      <trkpt lat="50.816249" lon="12.950559">
        <ele>358.570590</ele>
        <time>2026-07-21T14:25:20.584Z</time>
      </trkpt>
      <trkpt lat="50.816283" lon="12.950359">
        <ele>358.444868</ele>
        <time>2026-07-21T14:25:23.280Z</time>
      </trkpt>
      <trkpt lat="50.816371" lon="12.950150">
        <ele>358.292409</ele>
        <time>2026-07-21T14:25:25.270Z</time>
      </trkpt>
      <trkpt lat="50.816439" lon="12.949982">
        <ele>358.171297</ele>
        <time>2026-07-21T14:25:26.647Z</time>
      </trkpt>
      <trkpt lat="50.816501" lon="12.949828">
        <ele>358.060450</ele>
        <time>2026-07-21T14:25:27.795Z</time>
      </trkpt>
      <trkpt lat="50.816589" lon="12.949615">
        <ele>357.879468</ele>
        <time>2026-07-21T14:25:29.463Z</time>
      </trkpt>
      <trkpt lat="50.816597" lon="12.949597">
        <ele>357.852338</ele>
        <time>2026-07-21T14:25:29.624Z</time>
      </trkpt>
      <trkpt lat="50.816742" lon="12.949248">
        <ele>357.337418</ele>
        <time>2026-07-21T14:25:32.872Z</time>
      </trkpt>
      <trkpt lat="50.816761" lon="12.949203">
        <ele>357.270697</ele>
        <time>2026-07-21T14:25:33.270Z</time>
      </trkpt>
      <trkpt lat="50.816891" lon="12.948889">
        <ele>356.807909</ele>
        <time>2026-07-21T14:25:35.938Z</time>
      </trkpt>
      <trkpt lat="50.817024" lon="12.948570">
        <ele>356.336756</ele>
        <time>2026-07-21T14:25:39.795Z</time>
      </trkpt>
      <trkpt lat="50.817042" lon="12.948526">
        <ele>356.272138</ele>
        <time>2026-07-21T14:25:40.163Z</time>
      </trkpt>
      <trkpt lat="50.817221" lon="12.948097">
        <ele>355.638371</ele>
        <time>2026-07-21T14:25:43.303Z</time>
      </trkpt>
      <trkpt lat="50.817252" lon="12.948023">
        <ele>355.528917</ele>
        <time>2026-07-21T14:25:43.872Z</time>
      </trkpt>
      <trkpt lat="50.817472" lon="12.947493">
        <ele>354.747171</ele>
        <time>2026-07-21T14:25:48.545Z</time>
      </trkpt>
      <trkpt lat="50.817681" lon="12.946991">
        <ele>353.681212</ele>
        <time>2026-07-21T14:25:52.443Z</time>
      </trkpt>
      <trkpt lat="50.817896" lon="12.946475">
        <ele>352.324475</ele>
        <time>2026-07-21T14:25:57.285Z</time>
      </trkpt>
      <trkpt lat="50.818101" lon="12.945982">
        <ele>351.029013</ele>
        <time>2026-07-21T14:26:01.020Z</time>
      </trkpt>
      <trkpt lat="50.818250" lon="12.945624">
        <ele>350.088035</ele>
        <time>2026-07-21T14:26:03.879Z</time>
      </trkpt>
      <trkpt lat="50.818420" lon="12.945216">
        <ele>349.015275</ele>
        <time>2026-07-21T14:26:06.709Z</time>
      </trkpt>
      <trkpt lat="50.818441" lon="12.945165">
        <ele>348.881656</ele>
        <time>2026-07-21T14:26:07.204Z</time>
      </trkpt>
      <trkpt lat="50.818661" lon="12.944636">
        <ele>347.463247</ele>
        <time>2026-07-21T14:26:10.803Z</time>
      </trkpt>
      <trkpt lat="50.818677" lon="12.944599">
        <ele>347.360747</ele>
        <time>2026-07-21T14:26:11.073Z</time>
      </trkpt>
      <trkpt lat="50.818866" lon="12.944145">
        <ele>346.117825</ele>
        <time>2026-07-21T14:26:14.747Z</time>
      </trkpt>
      <trkpt lat="50.818926" lon="12.943999">
        <ele>345.719665</ele>
        <time>2026-07-21T14:26:15.772Z</time>
      </trkpt>
      <trkpt lat="50.819201" lon="12.943340">
        <ele>343.914207</ele>
        <time>2026-07-21T14:26:20.736Z</time>
      </trkpt>
      <trkpt lat="50.819348" lon="12.942985">
        <ele>342.943889</ele>
        <time>2026-07-21T14:26:24.329Z</time>
      </trkpt>
      <trkpt lat="50.819405" lon="12.942849">
        <ele>342.570799</ele>
        <time>2026-07-21T14:26:25.742Z</time>
      </trkpt>
      <trkpt lat="50.819725" lon="12.942080">
        <ele>341.201757</ele>
        <time>2026-07-21T14:26:35.688Z</time>
      </trkpt>
      <trkpt lat="50.819806" lon="12.941886">
        <ele>340.996393</ele>
        <time>2026-07-21T14:26:39.448Z</time>
      </trkpt>
      <trkpt lat="50.819895" lon="12.941672">
        <ele>340.770127</ele>
        <time>2026-07-21T14:26:44.709Z</time>
      </trkpt>
      <trkpt lat="50.820256" lon="12.940805">
        <ele>339.853111</ele>
        <time>2026-07-21T14:26:56.423Z</time>
      </trkpt>
      <trkpt lat="50.820468" lon="12.940296">
        <ele>339.314701</ele>
        <time>2026-07-21T14:27:02.466Z</time>
      </trkpt>
      <trkpt lat="50.820520" lon="12.940172">
        <ele>339.183264</ele>
        <time>2026-07-21T14:27:03.808Z</time>
      </trkpt>
      <trkpt lat="50.820569" lon="12.940055">
        <ele>338.889258</ele>
        <time>2026-07-21T14:27:05.048Z</time>
      </trkpt>
      <trkpt lat="50.820777" lon="12.939556">
        <ele>337.379735</ele>
        <time>2026-07-21T14:27:10.280Z</time>
      </trkpt>
      <trkpt lat="50.820926" lon="12.939196">
        <ele>336.293032</ele>
        <time>2026-07-21T14:27:14.150Z</time>
      </trkpt>
      <trkpt lat="50.821448" lon="12.937945">
        <ele>332.507476</ele>
        <time>2026-07-21T14:27:27.556Z</time>
      </trkpt>
      <trkpt lat="50.821564" lon="12.937666">
        <ele>331.626937</ele>
        <time>2026-07-21T14:27:30.341Z</time>
      </trkpt>
      <trkpt lat="50.821727" lon="12.937275">
        <ele>330.296322</ele>
        <time>2026-07-21T14:27:34.168Z</time>
      </trkpt>
      <trkpt lat="50.821945" lon="12.936751">
        <ele>328.514199</ele>
        <time>2026-07-21T14:27:39.517Z</time>
      </trkpt>
      <trkpt lat="50.822103" lon="12.936372">
        <ele>327.224422</ele>
        <time>2026-07-21T14:27:43.915Z</time>
      </trkpt>
      <trkpt lat="50.822216" lon="12.936085">
        <ele>326.263869</ele>
        <time>2026-07-21T14:27:47.005Z</time>
      </trkpt>
      <trkpt lat="50.822319" lon="12.935823">
        <ele>325.387361</ele>
        <time>2026-07-21T14:27:49.527Z</time>
      </trkpt>
      <trkpt lat="50.822552" lon="12.935230">
        <ele>323.447786</ele>
        <time>2026-07-21T14:27:55.553Z</time>
      </trkpt>
      <trkpt lat="50.822632" lon="12.935027">
        <ele>322.831641</ele>
        <time>2026-07-21T14:27:57.538Z</time>
      </trkpt>
      <trkpt lat="50.822677" lon="12.934912">
        <ele>322.483282</ele>
        <time>2026-07-21T14:27:58.721Z</time>
      </trkpt>
      <trkpt lat="50.823090" lon="12.933663">
        <ele>318.852900</ele>
        <time>2026-07-21T14:28:12.765Z</time>
      </trkpt>
      <trkpt lat="50.823196" lon="12.933333">
        <ele>317.899546</ele>
        <time>2026-07-21T14:28:15.734Z</time>
      </trkpt>
      <trkpt lat="50.823331" lon="12.932924">
        <ele>316.711198</ele>
        <time>2026-07-21T14:28:19.380Z</time>
      </trkpt>
      <trkpt lat="50.823440" lon="12.932598">
        <ele>316.244633</ele>
        <time>2026-07-21T14:28:22.627Z</time>
      </trkpt>
      <trkpt lat="50.823511" lon="12.932413">
        <ele>316.031958</ele>
        <time>2026-07-21T14:28:24.456Z</time>
      </trkpt>
      <trkpt lat="50.823607" lon="12.932194">
        <ele>315.770064</ele>
        <time>2026-07-21T14:28:26.635Z</time>
      </trkpt>
      <trkpt lat="50.823676" lon="12.932069">
        <ele>315.606972</ele>
        <time>2026-07-21T14:28:27.890Z</time>
      </trkpt>
      <trkpt lat="50.824052" lon="12.931560">
        <ele>314.837519</ele>
        <time>2026-07-21T14:28:45.787Z</time>
      </trkpt>
      <trkpt lat="50.824161" lon="12.931426">
        <ele>314.622877</ele>
        <time>2026-07-21T14:28:49.010Z</time>
      </trkpt>
      <trkpt lat="50.824191" lon="12.931391">
        <ele>314.564916</ele>
        <time>2026-07-21T14:28:49.438Z</time>
      </trkpt>
      <trkpt lat="50.824229" lon="12.931346">
        <ele>314.491109</ele>
        <time>2026-07-21T14:28:49.912Z</time>
      </trkpt>
      <trkpt lat="50.824354" lon="12.931202">
        <ele>314.250670</ele>
        <time>2026-07-21T14:28:51.341Z</time>
      </trkpt>
      <trkpt lat="50.824541" lon="12.930976">
        <ele>313.884764</ele>
        <time>2026-07-21T14:28:53.785Z</time>
      </trkpt>
      <trkpt lat="50.824705" lon="12.930783">
        <ele>313.505751</ele>
        <time>2026-07-21T14:28:55.892Z</time>
      </trkpt>
      <trkpt lat="50.824814" lon="12.930656">
        <ele>313.223073</ele>
        <time>2026-07-21T14:28:57.339Z</time>
      </trkpt>
      <trkpt lat="50.824842" lon="12.930623">
        <ele>313.150163</ele>
        <time>2026-07-21T14:28:57.704Z</time>
      </trkpt>
      <trkpt lat="50.824968" lon="12.930463">
        <ele>312.812788</ele>
        <time>2026-07-21T14:28:59.267Z</time>
      </trkpt>
      <trkpt lat="50.825216" lon="12.930186">
        <ele>312.178854</ele>
        <time>2026-07-21T14:29:02.114Z</time>
      </trkpt>
      <trkpt lat="50.825346" lon="12.930055">
        <ele>311.856988</ele>
        <time>2026-07-21T14:29:04.079Z</time>
      </trkpt>
      <trkpt lat="50.825503" lon="12.929874">
        <ele>311.451331</ele>
        <time>2026-07-21T14:29:06.808Z</time>
      </trkpt>
      <trkpt lat="50.825588" lon="12.929778">
        <ele>311.233246</ele>
        <time>2026-07-21T14:29:07.984Z</time>
      </trkpt>
      <trkpt lat="50.826143" lon="12.929172">
        <ele>309.731825</ele>
        <time>2026-07-21T14:29:16.499Z</time>
      </trkpt>
      <trkpt lat="50.826176" lon="12.929139">
        <ele>309.603831</ele>
        <time>2026-07-21T14:29:17.030Z</time>
      </trkpt>
      <trkpt lat="50.826299" lon="12.929020">
        <ele>309.131137</ele>
        <time>2026-07-21T14:29:18.839Z</time>
      </trkpt>
      <trkpt lat="50.826238" lon="12.928804">
        <ele>308.641045</ele>
        <time>2026-07-21T14:29:20.435Z</time>
      </trkpt>
      <trkpt lat="50.826196" lon="12.928658">
        <ele>308.308741</ele>
        <time>2026-07-21T14:29:21.489Z</time>
      </trkpt>
      <trkpt lat="50.826173" lon="12.928577">
        <ele>308.124788</ele>
        <time>2026-07-21T14:29:22.091Z</time>
      </trkpt>
      <trkpt lat="50.826107" lon="12.928348">
        <ele>307.603405</ele>
        <time>2026-07-21T14:29:23.834Z</time>
      </trkpt>
      <trkpt lat="50.826035" lon="12.928095">
        <ele>307.028619</ele>
        <time>2026-07-21T14:29:25.683Z</time>
      </trkpt>
      <trkpt lat="50.825993" lon="12.927946">
        <ele>306.690649</ele>
        <time>2026-07-21T14:29:26.714Z</time>
      </trkpt>
      <trkpt lat="50.825961" lon="12.927834">
        <ele>306.436028</ele>
        <time>2026-07-21T14:29:27.466Z</time>
      </trkpt>
      <trkpt lat="50.825937" lon="12.927752">
        <ele>306.248828</ele>
        <time>2026-07-21T14:29:28.010Z</time>
      </trkpt>
      <trkpt lat="50.825814" lon="12.927293">
        <ele>305.216049</ele>
        <time>2026-07-21T14:29:30.971Z</time>
      </trkpt>
      <trkpt lat="50.825738" lon="12.927060">
        <ele>304.672871</ele>
        <time>2026-07-21T14:29:32.492Z</time>
      </trkpt>
      <trkpt lat="50.825748" lon="12.926916">
        <ele>304.372794</ele>
        <time>2026-07-21T14:29:33.339Z</time>
      </trkpt>
      <trkpt lat="50.825648" lon="12.926495">
        <ele>303.697211</ele>
        <time>2026-07-21T14:29:36.005Z</time>
      </trkpt>
      <trkpt lat="50.825585" lon="12.926264">
        <ele>303.381532</ele>
        <time>2026-07-21T14:29:37.486Z</time>
      </trkpt>
      <trkpt lat="50.825530" lon="12.926044">
        <ele>303.084681</ele>
        <time>2026-07-21T14:29:38.905Z</time>
      </trkpt>
      <trkpt lat="50.825470" lon="12.925818">
        <ele>302.777108</ele>
        <time>2026-07-21T14:29:40.456Z</time>
      </trkpt>
      <trkpt lat="50.825357" lon="12.925070">
        <ele>301.812173</ele>
        <time>2026-07-21T14:29:46.017Z</time>
      </trkpt>
      <trkpt lat="50.825343" lon="12.924775">
        <ele>301.441010</ele>
        <time>2026-07-21T14:29:49.015Z</time>
      </trkpt>
      <trkpt lat="50.825315" lon="12.923644">
        <ele>300.310660</ele>
        <time>2026-07-21T14:30:01.974Z</time>
      </trkpt>
      <trkpt lat="50.825321" lon="12.923360">
        <ele>300.161883</ele>
        <time>2026-07-21T14:30:04.861Z</time>
      </trkpt>
      <trkpt lat="50.825310" lon="12.922566">
        <ele>299.746069</ele>
        <time>2026-07-21T14:30:14.331Z</time>
      </trkpt>
      <trkpt lat="50.825303" lon="12.922157">
        <ele>299.531850</ele>
        <time>2026-07-21T14:30:17.209Z</time>
      </trkpt>
      <trkpt lat="50.825299" lon="12.921925">
        <ele>299.410336</ele>
        <time>2026-07-21T14:30:18.673Z</time>
      </trkpt>
      <trkpt lat="50.825334" lon="12.921541">
        <ele>299.207204</ele>
        <time>2026-07-21T14:30:21.290Z</time>
      </trkpt>
      <trkpt lat="50.825338" lon="12.921357">
        <ele>299.110810</ele>
        <time>2026-07-21T14:30:22.583Z</time>
      </trkpt>
      <trkpt lat="50.825404" lon="12.921145">
        <ele>299.042304</ele>
        <time>2026-07-21T14:30:24.089Z</time>
      </trkpt>
      <trkpt lat="50.825403" lon="12.920588">
        <ele>299.150386</ele>
        <time>2026-07-21T14:30:27.484Z</time>
      </trkpt>
      <trkpt lat="50.825479" lon="12.920548">
        <ele>299.174988</ele>
        <time>2026-07-21T14:30:28.831Z</time>
      </trkpt>
      <trkpt lat="50.825482" lon="12.920448">
        <ele>299.194414</ele>
        <time>2026-07-21T14:30:30.129Z</time>
      </trkpt>
      <trkpt lat="50.825486" lon="12.920363">
        <ele>299.210953</ele>
        <time>2026-07-21T14:30:31.170Z</time>
      </trkpt>
      <trkpt lat="50.825489" lon="12.920257">
        <ele>299.231542</ele>
        <time>2026-07-21T14:30:32.295Z</time>
      </trkpt>
      <trkpt lat="50.825492" lon="12.920176">
        <ele>299.247286</ele>
        <time>2026-07-21T14:30:33.106Z</time>
      </trkpt>
      <trkpt lat="50.825480" lon="12.920095">
        <ele>299.263430</ele>
        <time>2026-07-21T14:30:33.946Z</time>
      </trkpt>
      <trkpt lat="50.825462" lon="12.920078">
        <ele>299.269869</ele>
        <time>2026-07-21T14:30:34.287Z</time>
      </trkpt>
      <trkpt lat="50.825441" lon="12.919916">
        <ele>299.301958</ele>
        <time>2026-07-21T14:30:36.175Z</time>
      </trkpt>
      <trkpt lat="50.825467" lon="12.919710">
        <ele>299.342721</ele>
        <time>2026-07-21T14:30:39.091Z</time>
      </trkpt>
      <trkpt lat="50.825490" lon="12.919513">
        <ele>299.381594</ele>
        <time>2026-07-21T14:30:42.367Z</time>
      </trkpt>
      <trkpt lat="50.825643" lon="12.918773">
        <ele>299.532680</ele>
        <time>2026-07-21T14:30:59.282Z</time>
      </trkpt>
      <trkpt lat="50.825723" lon="12.918518">
        <ele>299.686719</ele>
        <time>2026-07-21T14:31:05.874Z</time>
      </trkpt>
      <trkpt lat="50.826171" lon="12.917169">
        <ele>303.610893</ele>
        <time>2026-07-21T14:31:38.454Z</time>
      </trkpt>
      <trkpt lat="50.826317" lon="12.916754">
        <ele>304.833972</ele>
        <time>2026-07-21T14:31:52.642Z</time>
      </trkpt>
      <trkpt lat="50.826568" lon="12.915910">
        <ele>306.760452</ele>
        <time>2026-07-21T14:32:17.857Z</time>
      </trkpt>
      <trkpt lat="50.826732" lon="12.915134">
        <ele>305.780736</ele>
        <time>2026-07-21T14:32:31.119Z</time>
      </trkpt>
      <trkpt lat="50.826873" lon="12.914385">
        <ele>304.844994</ele>
        <time>2026-07-21T14:32:38.339Z</time>
      </trkpt>
      <trkpt lat="50.826878" lon="12.914357">
        <ele>304.810156</ele>
        <time>2026-07-21T14:32:38.517Z</time>
      </trkpt>
      <trkpt lat="50.826898" lon="12.914247">
        <ele>304.673108</ele>
        <time>2026-07-21T14:32:39.170Z</time>
      </trkpt>
      <trkpt lat="50.826908" lon="12.914188">
        <ele>304.599970</ele>
        <time>2026-07-21T14:32:39.517Z</time>
      </trkpt>
      <trkpt lat="50.826921" lon="12.914111">
        <ele>304.504543</ele>
        <time>2026-07-21T14:32:39.966Z</time>
      </trkpt>
      <trkpt lat="50.826988" lon="12.913860">
        <ele>304.178295</ele>
        <time>2026-07-21T14:32:42.165Z</time>
      </trkpt>
      <trkpt lat="50.827144" lon="12.913507">
        <ele>303.662491</ele>
        <time>2026-07-21T14:32:45.859Z</time>
      </trkpt>
      <trkpt lat="50.827253" lon="12.913324">
        <ele>303.395334</ele>
        <time>2026-07-21T14:32:48.073Z</time>
      </trkpt>
      <trkpt lat="50.827558" lon="12.913013">
        <ele>302.873693</ele>
        <time>2026-07-21T14:32:53.379Z</time>
      </trkpt>
      <trkpt lat="50.827658" lon="12.912920">
        <ele>302.706933</ele>
        <time>2026-07-21T14:32:54.908Z</time>
      </trkpt>
      <trkpt lat="50.827698" lon="12.912933">
        <ele>302.648219</ele>
        <time>2026-07-21T14:32:55.415Z</time>
      </trkpt>
      <trkpt lat="50.827743" lon="12.912907">
        <ele>302.579341</ele>
        <time>2026-07-21T14:32:55.994Z</time>
      </trkpt>
      <trkpt lat="50.827776" lon="12.912873">
        <ele>302.522728</ele>
        <time>2026-07-21T14:32:56.329Z</time>
      </trkpt>
      <trkpt lat="50.827809" lon="12.912840">
        <ele>302.466605</ele>
        <time>2026-07-21T14:32:56.662Z</time>
      </trkpt>
      <trkpt lat="50.827903" lon="12.912745">
        <ele>302.306254</ele>
        <time>2026-07-21T14:32:58.030Z</time>
      </trkpt>
      <trkpt lat="50.827938" lon="12.912711">
        <ele>302.247210</ele>
        <time>2026-07-21T14:32:58.397Z</time>
      </trkpt>
      <trkpt lat="50.827976" lon="12.912673">
        <ele>302.182584</ele>
        <time>2026-07-21T14:32:58.836Z</time>
      </trkpt>
      <trkpt lat="50.828007" lon="12.912657">
        <ele>302.135701</ele>
        <time>2026-07-21T14:32:59.306Z</time>
      </trkpt>
      <trkpt lat="50.828002" lon="12.912594">
        <ele>302.078033</ele>
        <time>2026-07-21T14:32:59.930Z</time>
      </trkpt>
      <trkpt lat="50.828041" lon="12.912524">
        <ele>301.993260</ele>
        <time>2026-07-21T14:33:00.813Z</time>
      </trkpt>
      <trkpt lat="50.828122" lon="12.912396">
        <ele>301.828702</ele>
        <time>2026-07-21T14:33:02.476Z</time>
      </trkpt>
      <trkpt lat="50.828160" lon="12.912356">
        <ele>301.763088</ele>
        <time>2026-07-21T14:33:03.147Z</time>
      </trkpt>
      <trkpt lat="50.828327" lon="12.912181">
        <ele>301.475128</ele>
        <time>2026-07-21T14:33:06.377Z</time>
      </trkpt>
      <trkpt lat="50.828400" lon="12.912079">
        <ele>301.335131</ele>
        <time>2026-07-21T14:33:09.232Z</time>
      </trkpt>
      <trkpt lat="50.828444" lon="12.911942">
        <ele>301.195544</ele>
        <time>2026-07-21T14:33:12.946Z</time>
      </trkpt>
      <trkpt lat="50.828690" lon="12.911600">
        <ele>301.802348</ele>
        <time>2026-07-21T14:33:29.224Z</time>
      </trkpt>
      <trkpt lat="50.828871" lon="12.911423">
        <ele>303.220970</ele>
        <time>2026-07-21T14:33:41.461Z</time>
      </trkpt>
      <trkpt lat="50.829104" lon="12.911143">
        <ele>305.171549</ele>
        <time>2026-07-21T14:33:57.412Z</time>
      </trkpt>
      <trkpt lat="50.829411" lon="12.910794">
        <ele>307.691763</ele>
        <time>2026-07-21T14:34:13.839Z</time>
      </trkpt>
      <trkpt lat="50.829505" lon="12.910697">
        <ele>308.439963</ele>
        <time>2026-07-21T14:34:17.487Z</time>
      </trkpt>
      <trkpt lat="50.829908" lon="12.910278">
        <ele>311.654900</ele>
        <time>2026-07-21T14:34:30.838Z</time>
      </trkpt>
      <trkpt lat="50.830004" lon="12.910180">
        <ele>312.416579</ele>
        <time>2026-07-21T14:34:35.193Z</time>
      </trkpt>
      <trkpt lat="50.830216" lon="12.909962">
        <ele>313.820119</ele>
        <time>2026-07-21T14:34:47.790Z</time>
      </trkpt>
      <trkpt lat="50.830516" lon="12.909655">
        <ele>315.638594</ele>
        <time>2026-07-21T14:35:06.815Z</time>
      </trkpt>
      <trkpt lat="50.830565" lon="12.909605">
        <ele>315.935362</ele>
        <time>2026-07-21T14:35:08.790Z</time>
      </trkpt>
      <trkpt lat="50.830697" lon="12.909470">
        <ele>316.735350</ele>
        <time>2026-07-21T14:35:12.760Z</time>
      </trkpt>
      <trkpt lat="50.830892" lon="12.909270">
        <ele>317.918142</ele>
        <time>2026-07-21T14:35:20.515Z</time>
      </trkpt>
      <trkpt lat="50.831361" lon="12.908790">
        <ele>320.761111</ele>
        <time>2026-07-21T14:35:40.464Z</time>
      </trkpt>
      <trkpt lat="50.831374" lon="12.908776">
        <ele>320.841149</ele>
        <time>2026-07-21T14:35:40.915Z</time>
      </trkpt>
      <trkpt lat="50.831561" lon="12.908699">
        <ele>321.824789</ele>
        <time>2026-07-21T14:35:45.943Z</time>
      </trkpt>
      <trkpt lat="50.831627" lon="12.908656">
        <ele>322.098537</ele>
        <time>2026-07-21T14:35:47.974Z</time>
      </trkpt>
      <trkpt lat="50.831856" lon="12.908470">
        <ele>322.446878</ele>
        <time>2026-07-21T14:35:55.073Z</time>
      </trkpt>
      <trkpt lat="50.832068" lon="12.908401">
        <ele>322.739807</ele>
        <time>2026-07-21T14:35:59.288Z</time>
      </trkpt>
      <trkpt lat="50.832462" lon="12.908265">
        <ele>323.285586</ele>
        <time>2026-07-21T14:36:06.229Z</time>
      </trkpt>
      <trkpt lat="50.833063" lon="12.908057">
        <ele>324.118207</ele>
        <time>2026-07-21T14:36:13.688Z</time>
      </trkpt>
      <trkpt lat="50.833037" lon="12.907879">
        <ele>324.274379</ele>
        <time>2026-07-21T14:36:17.127Z</time>
      </trkpt>
      <trkpt lat="50.832932" lon="12.907155">
        <ele>324.500448</ele>
        <time>2026-07-21T14:36:30.497Z</time>
      </trkpt>
      <trkpt lat="50.832897" lon="12.906916">
        <ele>324.500448</ele>
        <time>2026-07-21T14:36:33.642Z</time>
      </trkpt>
      <trkpt lat="50.832891" lon="12.906874">
        <ele>324.500448</ele>
        <time>2026-07-21T14:36:34.130Z</time>
      </trkpt>
      <trkpt lat="50.832808" lon="12.906273">
        <ele>324.500448</ele>
        <time>2026-07-21T14:36:41.226Z</time>
      </trkpt>
      <trkpt lat="50.832768" lon="12.905965">
        <ele>324.500448</ele>
        <time>2026-07-21T14:36:46.369Z</time>
      </trkpt>
      <trkpt lat="50.832749" lon="12.905827">
        <ele>324.500448</ele>
        <time>2026-07-21T14:36:48.545Z</time>
      </trkpt>
    </trkseg>
  </trk>
</gpx>