<?xml version='1.0' encoding='UTF-8'?>
<gpx version="1.1" creator="https://www.komoot.de" xmlns="http://www.topografix.com/GPX/1/1" xmlns:xsi="http://www.w3.org/2001/XMLSchema-instance" xsi:schemaLocation="http://www.topografix.com/GPX/1/1 http://www.topografix.com/GPX/1/1/gpx.xsd">
  <metadata>
    <name>2: Auerbach</name>
    <author>
      <link href="https://www.komoot.de">
        <text>komoot</text>
        <type>text/html</type>
      </link>
    </author>
  </metadata>
  <trk>
    <name>2: Auerbach</name>
    <type>racebike</type>
    <trkseg>
      <trkpt lat="50.832768" lon="12.905965">
        <ele>324.782310</ele>
        <time>2026-09-08T13:22:03.285Z</time>
      </trkpt>
      <trkpt lat="50.832808" lon="12.906273">
        <ele>324.782310</ele>
        <time>2026-09-08T13:22:05.640Z</time>
      </trkpt>
      <trkpt lat="50.832891" lon="12.906874">
        <ele>324.782310</ele>
        <time>2026-09-08T13:22:10.186Z</time>
      </trkpt>
      <trkpt lat="50.832897" lon="12.906916">
        <ele>324.782310</ele>
        <time>2026-09-08T13:22:10.530Z</time>
      </trkpt>
      <trkpt lat="50.832932" lon="12.907155">
        <ele>324.782310</ele>
        <time>2026-09-08T13:22:12.383Z</time>
      </trkpt>
      <trkpt lat="50.833037" lon="12.907879">
        <ele>324.245874</ele>
        <time>2026-09-08T13:22:18.043Z</time>
      </trkpt>
      <trkpt lat="50.833063" lon="12.908057">
        <ele>324.063359</ele>
        <time>2026-09-08T13:22:19.436Z</time>
      </trkpt>
      <trkpt lat="50.832462" lon="12.908265">
        <ele>323.090292</ele>
        <time>2026-09-08T13:22:26.766Z</time>
      </trkpt>
      <trkpt lat="50.832068" lon="12.908401">
        <ele>322.452450</ele>
        <time>2026-09-08T13:22:31.372Z</time>
      </trkpt>
      <trkpt lat="50.831856" lon="12.908470">
        <ele>322.110111</ele>
        <time>2026-09-08T13:22:33.799Z</time>
      </trkpt>
      <trkpt lat="50.831608" lon="12.908558">
        <ele>321.284378</ele>
        <time>2026-09-08T13:22:36.515Z</time>
      </trkpt>
      <trkpt lat="50.831513" lon="12.908617">
        <ele>320.824589</ele>
        <time>2026-09-08T13:22:37.579Z</time>
      </trkpt>
      <trkpt lat="50.831374" lon="12.908776">
        <ele>320.051951</ele>
        <time>2026-09-08T13:22:39.332Z</time>
      </trkpt>
      <trkpt lat="50.831361" lon="12.908790">
        <ele>319.981112</ele>
        <time>2026-09-08T13:22:39.487Z</time>
      </trkpt>
      <trkpt lat="50.830892" lon="12.909270">
        <ele>317.464903</ele>
        <time>2026-09-08T13:22:44.824Z</time>
      </trkpt>
      <trkpt lat="50.830697" lon="12.909470">
        <ele>316.418057</ele>
        <time>2026-09-08T13:22:46.975Z</time>
      </trkpt>
      <trkpt lat="50.830565" lon="12.909605">
        <ele>315.710016</ele>
        <time>2026-09-08T13:22:48.433Z</time>
      </trkpt>
      <trkpt lat="50.830516" lon="12.909655">
        <ele>315.447358</ele>
        <time>2026-09-08T13:22:48.972Z</time>
      </trkpt>
      <trkpt lat="50.830216" lon="12.909962">
        <ele>313.837891</ele>
        <time>2026-09-08T13:22:52.276Z</time>
      </trkpt>
      <trkpt lat="50.830004" lon="12.910180">
        <ele>312.331138</ele>
        <time>2026-09-08T13:22:54.607Z</time>
      </trkpt>
      <trkpt lat="50.829908" lon="12.910278">
        <ele>311.649627</ele>
        <time>2026-09-08T13:22:55.650Z</time>
      </trkpt>
      <trkpt lat="50.829505" lon="12.910697">
        <ele>308.773063</ele>
        <time>2026-09-08T13:22:59.987Z</time>
      </trkpt>
      <trkpt lat="50.829411" lon="12.910794">
        <ele>308.103612</ele>
        <time>2026-09-08T13:23:00.982Z</time>
      </trkpt>
      <trkpt lat="50.829104" lon="12.911143">
        <ele>305.848652</ele>
        <time>2026-09-08T13:23:04.378Z</time>
      </trkpt>
      <trkpt lat="50.828871" lon="12.911423">
        <ele>304.103372</ele>
        <time>2026-09-08T13:23:07.076Z</time>
      </trkpt>
      <trkpt lat="50.828654" lon="12.911567">
        <ele>303.104143</ele>
        <time>2026-09-08T13:23:10.308Z</time>
      </trkpt>
      <trkpt lat="50.828381" lon="12.911691">
        <ele>303.113455</ele>
        <time>2026-09-08T13:23:14.403Z</time>
      </trkpt>
      <trkpt lat="50.828236" lon="12.911825">
        <ele>303.118960</ele>
        <time>2026-09-08T13:23:16.974Z</time>
      </trkpt>
      <trkpt lat="50.828075" lon="12.911994">
        <ele>303.125293</ele>
        <time>2026-09-08T13:23:20.186Z</time>
      </trkpt>
      <trkpt lat="50.827982" lon="12.912097">
        <ele>303.129015</ele>
        <time>2026-09-08T13:23:22.291Z</time>
      </trkpt>
      <trkpt lat="50.827915" lon="12.912135">
        <ele>303.131348</ele>
        <time>2026-09-08T13:23:23.770Z</time>
      </trkpt>
      <trkpt lat="50.827881" lon="12.912148">
        <ele>303.132495</ele>
        <time>2026-09-08T13:23:24.543Z</time>
      </trkpt>
      <trkpt lat="50.827850" lon="12.912140">
        <ele>303.133525</ele>
        <time>2026-09-08T13:23:25.215Z</time>
      </trkpt>
      <trkpt lat="50.827804" lon="12.912182">
        <ele>303.135266</ele>
        <time>2026-09-08T13:23:26.191Z</time>
      </trkpt>
      <trkpt lat="50.827760" lon="12.912221">
        <ele>303.136919</ele>
        <time>2026-09-08T13:23:27.173Z</time>
      </trkpt>
      <trkpt lat="50.827745" lon="12.912236">
        <ele>303.137501</ele>
        <time>2026-09-08T13:23:27.607Z</time>
      </trkpt>
      <trkpt lat="50.827680" lon="12.912290">
        <ele>303.139908</ele>
        <time>2026-09-08T13:23:29.582Z</time>
      </trkpt>
      <trkpt lat="50.827666" lon="12.912301">
        <ele>303.140420</ele>
        <time>2026-09-08T13:23:30.003Z</time>
      </trkpt>
      <trkpt lat="50.827617" lon="12.912342">
        <ele>303.142237</ele>
        <time>2026-09-08T13:23:31.337Z</time>
      </trkpt>
      <trkpt lat="50.827566" lon="12.912385">
        <ele>303.144132</ele>
        <time>2026-09-08T13:23:32.760Z</time>
      </trkpt>
      <trkpt lat="50.827543" lon="12.912415">
        <ele>303.145109</ele>
        <time>2026-09-08T13:23:33.709Z</time>
      </trkpt>
      <trkpt lat="50.827542" lon="12.912535">
        <ele>303.147594</ele>
        <time>2026-09-08T13:23:36.168Z</time>
      </trkpt>
      <trkpt lat="50.827530" lon="12.912543">
        <ele>303.148021</ele>
        <time>2026-09-08T13:23:36.600Z</time>
      </trkpt>
      <trkpt lat="50.827284" lon="12.912760">
        <ele>303.157254</ele>
        <time>2026-09-08T13:23:46.826Z</time>
      </trkpt>
      <trkpt lat="50.827068" lon="12.913015">
        <ele>303.493935</ele>
        <time>2026-09-08T13:23:56.834Z</time>
      </trkpt>
      <trkpt lat="50.826874" lon="12.913383">
        <ele>304.131585</ele>
        <time>2026-09-08T13:24:08.141Z</time>
      </trkpt>
      <trkpt lat="50.826779" lon="12.913656">
        <ele>304.546227</ele>
        <time>2026-09-08T13:24:14.849Z</time>
      </trkpt>
      <trkpt lat="50.826716" lon="12.914013">
        <ele>305.039338</ele>
        <time>2026-09-08T13:24:22.740Z</time>
      </trkpt>
      <trkpt lat="50.826776" lon="12.914038">
        <ele>305.170004</ele>
        <time>2026-09-08T13:24:24.145Z</time>
      </trkpt>
      <trkpt lat="50.826857" lon="12.914080">
        <ele>305.349511</ele>
        <time>2026-09-08T13:24:26.456Z</time>
      </trkpt>
      <trkpt lat="50.826921" lon="12.914111">
        <ele>305.490466</ele>
        <time>2026-09-08T13:24:27.878Z</time>
      </trkpt>
      <trkpt lat="50.826908" lon="12.914188">
        <ele>305.596496</ele>
        <time>2026-09-08T13:24:29.179Z</time>
      </trkpt>
      <trkpt lat="50.826898" lon="12.914247">
        <ele>305.677761</ele>
        <time>2026-09-08T13:24:30.136Z</time>
      </trkpt>
      <trkpt lat="50.826878" lon="12.914357">
        <ele>305.830038</ele>
        <time>2026-09-08T13:24:31.518Z</time>
      </trkpt>
      <trkpt lat="50.826873" lon="12.914385">
        <ele>305.868746</ele>
        <time>2026-09-08T13:24:31.969Z</time>
      </trkpt>
      <trkpt lat="50.826732" lon="12.915134">
        <ele>306.908465</ele>
        <time>2026-09-08T13:24:43.021Z</time>
      </trkpt>
      <trkpt lat="50.826568" lon="12.915910">
        <ele>305.589763</ele>
        <time>2026-09-08T13:24:51.414Z</time>
      </trkpt>
      <trkpt lat="50.826317" lon="12.916754">
        <ele>303.980439</ele>
        <time>2026-09-08T13:25:00.085Z</time>
      </trkpt>
      <trkpt lat="50.826171" lon="12.917169">
        <ele>303.160950</ele>
        <time>2026-09-08T13:25:04.271Z</time>
      </trkpt>
      <trkpt lat="50.825723" lon="12.918518">
        <ele>300.933277</ele>
        <time>2026-09-08T13:25:17.717Z</time>
      </trkpt>
      <trkpt lat="50.825643" lon="12.918773">
        <ele>300.573160</ele>
        <time>2026-09-08T13:25:20.414Z</time>
      </trkpt>
      <trkpt lat="50.825490" lon="12.919513">
        <ele>299.588329</ele>
        <time>2026-09-08T13:25:28.209Z</time>
      </trkpt>
      <trkpt lat="50.825467" lon="12.919710">
        <ele>299.334938</ele>
        <time>2026-09-08T13:25:30.411Z</time>
      </trkpt>
      <trkpt lat="50.825441" lon="12.919916">
        <ele>299.069233</ele>
        <time>2026-09-08T13:25:32.827Z</time>
      </trkpt>
      <trkpt lat="50.825462" lon="12.920078">
        <ele>298.860061</ele>
        <time>2026-09-08T13:25:34.832Z</time>
      </trkpt>
      <trkpt lat="50.825480" lon="12.920095">
        <ele>298.818093</ele>
        <time>2026-09-08T13:25:35.227Z</time>
      </trkpt>
      <trkpt lat="50.825492" lon="12.920176">
        <ele>298.712862</ele>
        <time>2026-09-08T13:25:36.230Z</time>
      </trkpt>
      <trkpt lat="50.825489" lon="12.920257">
        <ele>298.610235</ele>
        <time>2026-09-08T13:25:37.286Z</time>
      </trkpt>
      <trkpt lat="50.825486" lon="12.920363">
        <ele>298.476029</ele>
        <time>2026-09-08T13:25:38.605Z</time>
      </trkpt>
      <trkpt lat="50.825482" lon="12.920448">
        <ele>298.472580</ele>
        <time>2026-09-08T13:25:39.781Z</time>
      </trkpt>
      <trkpt lat="50.825479" lon="12.920548">
        <ele>298.543103</ele>
        <time>2026-09-08T13:25:41.196Z</time>
      </trkpt>
      <trkpt lat="50.825403" lon="12.920588">
        <ele>298.632417</ele>
        <time>2026-09-08T13:25:43.028Z</time>
      </trkpt>
      <trkpt lat="50.825334" lon="12.920610">
        <ele>298.710908</ele>
        <time>2026-09-08T13:25:44.365Z</time>
      </trkpt>
      <trkpt lat="50.825222" lon="12.920650">
        <ele>298.838946</ele>
        <time>2026-09-08T13:25:46.674Z</time>
      </trkpt>
      <trkpt lat="50.825137" lon="12.920676">
        <ele>298.935488</ele>
        <time>2026-09-08T13:25:48.408Z</time>
      </trkpt>
      <trkpt lat="50.825162" lon="12.920778">
        <ele>299.012560</ele>
        <time>2026-09-08T13:25:50.335Z</time>
      </trkpt>
      <trkpt lat="50.825177" lon="12.921065">
        <ele>299.215424</ele>
        <time>2026-09-08T13:25:55.296Z</time>
      </trkpt>
      <trkpt lat="50.825180" lon="12.921118">
        <ele>299.252909</ele>
        <time>2026-09-08T13:25:56.199Z</time>
      </trkpt>
      <trkpt lat="50.825189" lon="12.921280">
        <ele>299.367468</ele>
        <time>2026-09-08T13:25:59.033Z</time>
      </trkpt>
      <trkpt lat="50.825202" lon="12.921497">
        <ele>299.521017</ele>
        <time>2026-09-08T13:26:02.747Z</time>
      </trkpt>
      <trkpt lat="50.825208" lon="12.921596">
        <ele>299.591077</ele>
        <time>2026-09-08T13:26:04.365Z</time>
      </trkpt>
      <trkpt lat="50.825303" lon="12.922157">
        <ele>300.000219</ele>
        <time>2026-09-08T13:26:11.987Z</time>
      </trkpt>
      <trkpt lat="50.825310" lon="12.922566">
        <ele>300.288439</ele>
        <time>2026-09-08T13:26:17.270Z</time>
      </trkpt>
      <trkpt lat="50.825321" lon="12.923360">
        <ele>300.829887</ele>
        <time>2026-09-08T13:26:26.538Z</time>
      </trkpt>
      <trkpt lat="50.825315" lon="12.923644">
        <ele>301.021199</ele>
        <time>2026-09-08T13:26:29.738Z</time>
      </trkpt>
      <trkpt lat="50.825244" lon="12.924227">
        <ele>301.420935</ele>
        <time>2026-09-08T13:26:35.934Z</time>
      </trkpt>
      <trkpt lat="50.825218" lon="12.924798">
        <ele>301.806363</ele>
        <time>2026-09-08T13:26:41.987Z</time>
      </trkpt>
      <trkpt lat="50.825075" lon="12.924820">
        <ele>301.959491</ele>
        <time>2026-09-08T13:26:44.850Z</time>
      </trkpt>
      <trkpt lat="50.825065" lon="12.925000">
        <ele>302.081146</ele>
        <time>2026-09-08T13:26:47.834Z</time>
      </trkpt>
      <trkpt lat="50.824983" lon="12.925033">
        <ele>302.171322</ele>
        <time>2026-09-08T13:26:49.719Z</time>
      </trkpt>
      <trkpt lat="50.824958" lon="12.925077">
        <ele>302.211165</ele>
        <time>2026-09-08T13:26:50.533Z</time>
      </trkpt>
      <trkpt lat="50.824603" lon="12.925193">
        <ele>302.919104</ele>
        <time>2026-09-08T13:26:59.059Z</time>
      </trkpt>
      <trkpt lat="50.824507" lon="12.925224">
        <ele>303.163771</ele>
        <time>2026-09-08T13:27:01.255Z</time>
      </trkpt>
      <trkpt lat="50.824387" lon="12.925313">
        <ele>303.494693</ele>
        <time>2026-09-08T13:27:04.383Z</time>
      </trkpt>
      <trkpt lat="50.824165" lon="12.925376">
        <ele>304.057908</ele>
        <time>2026-09-08T13:27:09.865Z</time>
      </trkpt>
      <trkpt lat="50.823812" lon="12.925521">
        <ele>304.968612</ele>
        <time>2026-09-08T13:27:18.676Z</time>
      </trkpt>
      <trkpt lat="50.823731" lon="12.925548">
        <ele>305.175320</ele>
        <time>2026-09-08T13:27:20.788Z</time>
      </trkpt>
      <trkpt lat="50.823687" lon="12.925566">
        <ele>305.288807</ele>
        <time>2026-09-08T13:27:21.982Z</time>
      </trkpt>
      <trkpt lat="50.823584" lon="12.925610">
        <ele>305.555219</ele>
        <time>2026-09-08T13:27:24.893Z</time>
      </trkpt>
      <trkpt lat="50.823436" lon="12.925668">
        <ele>305.935961</ele>
        <time>2026-09-08T13:27:29.243Z</time>
      </trkpt>
      <trkpt lat="50.823312" lon="12.925671">
        <ele>306.245650</ele>
        <time>2026-09-08T13:27:32.816Z</time>
      </trkpt>
      <trkpt lat="50.823245" lon="12.925673">
        <ele>306.412991</ele>
        <time>2026-09-08T13:27:34.788Z</time>
      </trkpt>
      <trkpt lat="50.823189" lon="12.925514">
        <ele>306.700166</ele>
        <time>2026-09-08T13:27:38.008Z</time>
      </trkpt>
      <trkpt lat="50.823092" lon="12.925494">
        <ele>306.925892</ele>
        <time>2026-09-08T13:27:40.635Z</time>
      </trkpt>
      <trkpt lat="50.823048" lon="12.925529">
        <ele>307.024810</ele>
        <time>2026-09-08T13:27:41.939Z</time>
      </trkpt>
      <trkpt lat="50.823008" lon="12.925615">
        <ele>307.160332</ele>
        <time>2026-09-08T13:27:43.714Z</time>
      </trkpt>
      <trkpt lat="50.823003" lon="12.925713">
        <ele>307.285097</ele>
        <time>2026-09-08T13:27:45.270Z</time>
      </trkpt>
      <trkpt lat="50.823028" lon="12.925802">
        <ele>307.408698</ele>
        <time>2026-09-08T13:27:46.821Z</time>
      </trkpt>
      <trkpt lat="50.822977" lon="12.925850">
        <ele>307.527886</ele>
        <time>2026-09-08T13:27:48.294Z</time>
      </trkpt>
      <trkpt lat="50.822698" lon="12.925990">
        <ele>308.115819</ele>
        <time>2026-09-08T13:27:55.316Z</time>
      </trkpt>
      <trkpt lat="50.822564" lon="12.926040">
        <ele>308.392372</ele>
        <time>2026-09-08T13:27:58.648Z</time>
      </trkpt>
      <trkpt lat="50.822478" lon="12.926024">
        <ele>308.566315</ele>
        <time>2026-09-08T13:28:00.729Z</time>
      </trkpt>
      <trkpt lat="50.821750" lon="12.925769">
        <ele>310.064079</ele>
        <time>2026-09-08T13:28:16.964Z</time>
      </trkpt>
      <trkpt lat="50.821205" lon="12.925581">
        <ele>310.844390</ele>
        <time>2026-09-08T13:28:27.245Z</time>
      </trkpt>
      <trkpt lat="50.820965" lon="12.925474">
        <ele>311.109234</ele>
        <time>2026-09-08T13:28:31.753Z</time>
      </trkpt>
      <trkpt lat="50.820830" lon="12.925406">
        <ele>311.259715</ele>
        <time>2026-09-08T13:28:34.421Z</time>
      </trkpt>
      <trkpt lat="50.820760" lon="12.925371">
        <ele>311.337689</ele>
        <time>2026-09-08T13:28:35.877Z</time>
      </trkpt>
      <trkpt lat="50.820641" lon="12.925310">
        <ele>311.470553</ele>
        <time>2026-09-08T13:28:38.303Z</time>
      </trkpt>
      <trkpt lat="50.820470" lon="12.925223">
        <ele>311.661339</ele>
        <time>2026-09-08T13:28:41.865Z</time>
      </trkpt>
      <trkpt lat="50.819901" lon="12.924909">
        <ele>312.301402</ele>
        <time>2026-09-08T13:28:53.368Z</time>
      </trkpt>
      <trkpt lat="50.819558" lon="12.924728">
        <ele>312.410404</ele>
        <time>2026-09-08T13:29:00.620Z</time>
      </trkpt>
      <trkpt lat="50.818649" lon="12.924278">
        <ele>312.530995</ele>
        <time>2026-09-08T13:29:15.352Z</time>
      </trkpt>
      <trkpt lat="50.817909" lon="12.923943">
        <ele>312.615510</ele>
        <time>2026-09-08T13:29:25.018Z</time>
      </trkpt>
      <trkpt lat="50.817230" lon="12.923593">
        <ele>312.663437</ele>
        <time>2026-09-08T13:29:35.214Z</time>
      </trkpt>
      <trkpt lat="50.817017" lon="12.923560">
        <ele>312.677801</ele>
        <time>2026-09-08T13:29:38.724Z</time>
      </trkpt>
      <trkpt lat="50.816745" lon="12.923568">
        <ele>312.696060</ele>
        <time>2026-09-08T13:29:43.258Z</time>
      </trkpt>
      <trkpt lat="50.816564" lon="12.923575">
        <ele>312.708211</ele>
        <time>2026-09-08T13:29:46.255Z</time>
      </trkpt>
      <trkpt lat="50.816244" lon="12.923581">
        <ele>312.841903</ele>
        <time>2026-09-08T13:29:51.625Z</time>
      </trkpt>
      <trkpt lat="50.815830" lon="12.923554">
        <ele>313.257082</ele>
        <time>2026-09-08T13:29:59.230Z</time>
      </trkpt>
      <trkpt lat="50.815649" lon="12.923534">
        <ele>313.438885</ele>
        <time>2026-09-08T13:30:02.789Z</time>
      </trkpt>
      <trkpt lat="50.815455" lon="12.923516">
        <ele>313.633606</ele>
        <time>2026-09-08T13:30:06.658Z</time>
      </trkpt>
      <trkpt lat="50.815109" lon="12.923499">
        <ele>313.980464</ele>
        <time>2026-09-08T13:30:13.260Z</time>
      </trkpt>
      <trkpt lat="50.814877" lon="12.923493">
        <ele>314.212959</ele>
        <time>2026-09-08T13:30:17.617Z</time>
      </trkpt>
      <trkpt lat="50.814445" lon="12.923400">
        <ele>314.704153</ele>
        <time>2026-09-08T13:30:26.143Z</time>
      </trkpt>
      <trkpt lat="50.812547" lon="12.922423">
        <ele>317.893626</ele>
        <time>2026-09-08T13:31:07.168Z</time>
      </trkpt>
      <trkpt lat="50.812198" lon="12.922314">
        <ele>318.763709</ele>
        <time>2026-09-08T13:31:15.543Z</time>
      </trkpt>
      <trkpt lat="50.811972" lon="12.922314">
        <ele>319.316483</ele>
        <time>2026-09-08T13:31:21.128Z</time>
      </trkpt>
      <trkpt lat="50.811731" lon="12.922382">
        <ele>319.915240</ele>
        <time>2026-09-08T13:31:27.334Z</time>
      </trkpt>
      <trkpt lat="50.811521" lon="12.922511">
        <ele>320.466216</ele>
        <time>2026-09-08T13:31:33.266Z</time>
      </trkpt>
      <trkpt lat="50.811343" lon="12.922624">
        <ele>320.935308</ele>
        <time>2026-09-08T13:31:38.423Z</time>
      </trkpt>
      <trkpt lat="50.811305" lon="12.922648">
        <ele>321.035380</ele>
        <time>2026-09-08T13:31:39.520Z</time>
      </trkpt>
      <trkpt lat="50.811145" lon="12.922752">
        <ele>321.458447</ele>
        <time>2026-09-08T13:31:44.257Z</time>
      </trkpt>
      <trkpt lat="50.811073" lon="12.922798">
        <ele>321.719245</ele>
        <time>2026-09-08T13:31:46.424Z</time>
      </trkpt>
      <trkpt lat="50.811033" lon="12.922823">
        <ele>321.875773</ele>
        <time>2026-09-08T13:31:47.600Z</time>
      </trkpt>
      <trkpt lat="50.810517" lon="12.923104">
        <ele>323.861920</ele>
        <time>2026-09-08T13:32:03.113Z</time>
      </trkpt>
      <trkpt lat="50.809892" lon="12.923479">
        <ele>326.294715</ele>
        <time>2026-09-08T13:32:23.707Z</time>
      </trkpt>
      <trkpt lat="50.809112" lon="12.923933">
        <ele>328.747441</ele>
        <time>2026-09-08T13:32:48.783Z</time>
      </trkpt>
      <trkpt lat="50.809000" lon="12.923977">
        <ele>328.978238</ele>
        <time>2026-09-08T13:32:52.007Z</time>
      </trkpt>
      <trkpt lat="50.808897" lon="12.924004">
        <ele>329.187042</ele>
        <time>2026-09-08T13:32:54.801Z</time>
      </trkpt>
      <trkpt lat="50.808520" lon="12.924034">
        <ele>329.941986</ele>
        <time>2026-09-08T13:33:04.275Z</time>
      </trkpt>
      <trkpt lat="50.808314" lon="12.923983">
        <ele>330.358993</ele>
        <time>2026-09-08T13:33:08.753Z</time>
      </trkpt>
      <trkpt lat="50.807243" lon="12.923486">
        <ele>332.057148</ele>
        <time>2026-09-08T13:33:26.664Z</time>
      </trkpt>
      <trkpt lat="50.807027" lon="12.923477">
        <ele>332.244918</ele>
        <time>2026-09-08T13:33:30.074Z</time>
      </trkpt>
      <trkpt lat="50.806792" lon="12.923551">
        <ele>332.453138</ele>
        <time>2026-09-08T13:33:34.008Z</time>
      </trkpt>
      <trkpt lat="50.806687" lon="12.923598">
        <ele>332.547963</ele>
        <time>2026-09-08T13:33:35.952Z</time>
      </trkpt>
      <trkpt lat="50.806508" lon="12.923674">
        <ele>332.709017</ele>
        <time>2026-09-08T13:33:39.510Z</time>
      </trkpt>
      <trkpt lat="50.806254" lon="12.923777">
        <ele>332.936876</ele>
        <time>2026-09-08T13:33:44.855Z</time>
      </trkpt>
      <trkpt lat="50.805976" lon="12.923876">
        <ele>333.184500</ele>
        <time>2026-09-08T13:33:51.025Z</time>
      </trkpt>
      <trkpt lat="50.805928" lon="12.923758">
        <ele>333.311096</ele>
        <time>2026-09-08T13:33:52.977Z</time>
      </trkpt>
      <trkpt lat="50.805888" lon="12.923724">
        <ele>333.388345</ele>
        <time>2026-09-08T13:33:54.020Z</time>
      </trkpt>
      <trkpt lat="50.805799" lon="12.923724">
        <ele>333.539761</ele>
        <time>2026-09-08T13:33:56.023Z</time>
      </trkpt>
      <trkpt lat="50.805759" lon="12.923760">
        <ele>333.618050</ele>
        <time>2026-09-08T13:33:57.110Z</time>
      </trkpt>
      <trkpt lat="50.805711" lon="12.923885">
        <ele>333.775309</ele>
        <time>2026-09-08T13:33:59.245Z</time>
      </trkpt>
      <trkpt lat="50.805725" lon="12.924029">
        <ele>333.931952</ele>
        <time>2026-09-08T13:34:01.344Z</time>
      </trkpt>
      <trkpt lat="50.805649" lon="12.924059">
        <ele>334.065213</ele>
        <time>2026-09-08T13:34:03.056Z</time>
      </trkpt>
      <trkpt lat="50.805485" lon="12.924122">
        <ele>334.352332</ele>
        <time>2026-09-08T13:34:06.650Z</time>
      </trkpt>
      <trkpt lat="50.805261" lon="12.924207">
        <ele>334.744230</ele>
        <time>2026-09-08T13:34:11.584Z</time>
      </trkpt>
      <trkpt lat="50.804651" lon="12.924359">
        <ele>335.794817</ele>
        <time>2026-09-08T13:34:25.145Z</time>
      </trkpt>
      <trkpt lat="50.804224" lon="12.924599">
        <ele>336.492257</ele>
        <time>2026-09-08T13:34:34.562Z</time>
      </trkpt>
      <trkpt lat="50.804091" lon="12.924682">
        <ele>336.675074</ele>
        <time>2026-09-08T13:34:37.585Z</time>
      </trkpt>
      <trkpt lat="50.803824" lon="12.924865">
        <ele>337.047141</ele>
        <time>2026-09-08T13:34:43.661Z</time>
      </trkpt>
      <trkpt lat="50.803658" lon="12.924995">
        <ele>337.283981</ele>
        <time>2026-09-08T13:34:47.390Z</time>
      </trkpt>
      <trkpt lat="50.803322" lon="12.925275">
        <ele>337.769568</ele>
        <time>2026-09-08T13:34:56.832Z</time>
      </trkpt>
      <trkpt lat="50.803087" lon="12.925492">
        <ele>338.117491</ele>
        <time>2026-09-08T13:35:03.845Z</time>
      </trkpt>
      <trkpt lat="50.802413" lon="12.926122">
        <ele>338.502219</ele>
        <time>2026-09-08T13:35:22.840Z</time>
      </trkpt>
      <trkpt lat="50.802063" lon="12.926457">
        <ele>338.437752</ele>
        <time>2026-09-08T13:35:31.324Z</time>
      </trkpt>
      <trkpt lat="50.801859" lon="12.926658">
        <ele>338.399877</ele>
        <time>2026-09-08T13:35:35.913Z</time>
      </trkpt>
      <trkpt lat="50.801736" lon="12.926788">
        <ele>338.376566</ele>
        <time>2026-09-08T13:35:38.664Z</time>
      </trkpt>
      <trkpt lat="50.801445" lon="12.927099">
        <ele>338.321222</ele>
        <time>2026-09-08T13:35:43.135Z</time>
      </trkpt>
      <trkpt lat="50.801353" lon="12.927237">
        <ele>338.301243</ele>
        <time>2026-09-08T13:35:44.697Z</time>
      </trkpt>
      <trkpt lat="50.801171" lon="12.927536">
        <ele>338.046904</ele>
        <time>2026-09-08T13:35:47.758Z</time>
      </trkpt>
      <trkpt lat="50.801053" lon="12.927883">
        <ele>337.691934</ele>
        <time>2026-09-08T13:35:50.544Z</time>
      </trkpt>
      <trkpt lat="50.800899" lon="12.928135">
        <ele>337.376152</ele>
        <time>2026-09-08T13:35:53.011Z</time>
      </trkpt>
      <trkpt lat="50.800829" lon="12.928480">
        <ele>337.049735</ele>
        <time>2026-09-08T13:35:55.574Z</time>
      </trkpt>
      <trkpt lat="50.800721" lon="12.928983">
        <ele>336.571171</ele>
        <time>2026-09-08T13:35:59.411Z</time>
      </trkpt>
      <trkpt lat="50.800636" lon="12.929235">
        <ele>336.313849</ele>
        <time>2026-09-08T13:36:01.482Z</time>
      </trkpt>
      <trkpt lat="50.800348" lon="12.929957">
        <ele>335.545377</ele>
        <time>2026-09-08T13:36:07.893Z</time>
      </trkpt>
      <trkpt lat="50.799836" lon="12.930991">
        <ele>334.366418</ele>
        <time>2026-09-08T13:36:18.033Z</time>
      </trkpt>
      <trkpt lat="50.798942" lon="12.932472">
        <ele>332.377374</ele>
        <time>2026-09-08T13:36:32.579Z</time>
      </trkpt>
      <trkpt lat="50.798709" lon="12.932869">
        <ele>331.776478</ele>
        <time>2026-09-08T13:36:36.220Z</time>
      </trkpt>
      <trkpt lat="50.798642" lon="12.932933">
        <ele>331.639136</ele>
        <time>2026-09-08T13:36:37.046Z</time>
      </trkpt>
      <trkpt lat="50.798496" lon="12.932970">
        <ele>331.379661</ele>
        <time>2026-09-08T13:36:38.648Z</time>
      </trkpt>
      <trkpt lat="50.798408" lon="12.932896">
        <ele>331.204776</ele>
        <time>2026-09-08T13:36:39.750Z</time>
      </trkpt>
      <trkpt lat="50.798306" lon="12.932876">
        <ele>331.024412</ele>
        <time>2026-09-08T13:36:40.893Z</time>
      </trkpt>
      <trkpt lat="50.798211" lon="12.932728">
        <ele>330.790446</ele>
        <time>2026-09-08T13:36:42.408Z</time>
      </trkpt>
      <trkpt lat="50.798215" lon="12.932616">
        <ele>330.666022</ele>
        <time>2026-09-08T13:36:43.227Z</time>
      </trkpt>
      <trkpt lat="50.798173" lon="12.932524">
        <ele>330.540145</ele>
        <time>2026-09-08T13:36:44.053Z</time>
      </trkpt>
      <trkpt lat="50.798102" lon="12.932494">
        <ele>330.411183</ele>
        <time>2026-09-08T13:36:44.893Z</time>
      </trkpt>
      <trkpt lat="50.798087" lon="12.932498">
        <ele>330.384489</ele>
        <time>2026-09-08T13:36:45.067Z</time>
      </trkpt>
      <trkpt lat="50.798040" lon="12.932536">
        <ele>330.291865</ele>
        <time>2026-09-08T13:36:45.674Z</time>
      </trkpt>
      <trkpt lat="50.798004" lon="12.932660">
        <ele>330.140513</ele>
        <time>2026-09-08T13:36:46.681Z</time>
      </trkpt>
      <trkpt lat="50.797956" lon="12.932744">
        <ele>330.014911</ele>
        <time>2026-09-08T13:36:47.525Z</time>
      </trkpt>
      <trkpt lat="50.797911" lon="12.932927">
        <ele>329.904460</ele>
        <time>2026-09-08T13:36:49.011Z</time>
      </trkpt>
      <trkpt lat="50.797909" lon="12.933020">
        <ele>329.852793</ele>
        <time>2026-09-08T13:36:49.719Z</time>
      </trkpt>
      <trkpt lat="50.797880" lon="12.933182">
        <ele>329.759307</ele>
        <time>2026-09-08T13:36:51.054Z</time>
      </trkpt>
      <trkpt lat="50.797711" lon="12.933807">
        <ele>329.381862</ele>
        <time>2026-09-08T13:36:57.071Z</time>
      </trkpt>
      <trkpt lat="50.797461" lon="12.934723">
        <ele>328.827875</ele>
        <time>2026-09-08T13:37:05.960Z</time>
      </trkpt>
      <trkpt lat="50.797279" lon="12.935358">
        <ele>328.440742</ele>
        <time>2026-09-08T13:37:10.985Z</time>
      </trkpt>
      <trkpt lat="50.797249" lon="12.935390">
        <ele>328.393591</ele>
        <time>2026-09-08T13:37:11.398Z</time>
      </trkpt>
      <trkpt lat="50.796911" lon="12.935346">
        <ele>327.897249</ele>
        <time>2026-09-08T13:37:15.100Z</time>
      </trkpt>
      <trkpt lat="50.796553" lon="12.935458">
        <ele>327.363164</ele>
        <time>2026-09-08T13:37:19.179Z</time>
      </trkpt>
      <trkpt lat="50.796325" lon="12.935598">
        <ele>327.005230</ele>
        <time>2026-09-08T13:37:21.882Z</time>
      </trkpt>
      <trkpt lat="50.796143" lon="12.935799">
        <ele>326.680390</ele>
        <time>2026-09-08T13:37:24.319Z</time>
      </trkpt>
      <trkpt lat="50.796087" lon="12.935860">
        <ele>326.580885</ele>
        <time>2026-09-08T13:37:25.085Z</time>
      </trkpt>
      <trkpt lat="50.795959" lon="12.936052">
        <ele>326.322740</ele>
        <time>2026-09-08T13:37:27.115Z</time>
      </trkpt>
      <trkpt lat="50.795864" lon="12.936195">
        <ele>326.130829</ele>
        <time>2026-09-08T13:37:28.666Z</time>
      </trkpt>
      <trkpt lat="50.795774" lon="12.936377">
        <ele>325.917064</ele>
        <time>2026-09-08T13:37:30.531Z</time>
      </trkpt>
      <trkpt lat="50.795575" lon="12.936807">
        <ele>325.734597</ele>
        <time>2026-09-08T13:37:35.153Z</time>
      </trkpt>
      <trkpt lat="50.795273" lon="12.937444">
        <ele>325.606967</ele>
        <time>2026-09-08T13:37:42.359Z</time>
      </trkpt>
      <trkpt lat="50.795145" lon="12.937631">
        <ele>325.562785</ele>
        <time>2026-09-08T13:37:44.913Z</time>
      </trkpt>
      <trkpt lat="50.795021" lon="12.937688">
        <ele>325.530041</ele>
        <time>2026-09-08T13:37:46.732Z</time>
      </trkpt>
      <trkpt lat="50.794876" lon="12.937655">
        <ele>325.492893</ele>
        <time>2026-09-08T13:37:48.811Z</time>
      </trkpt>
      <trkpt lat="50.794724" lon="12.937631">
        <ele>325.454157</ele>
        <time>2026-09-08T13:37:51.010Z</time>
      </trkpt>
      <trkpt lat="50.794728" lon="12.937746">
        <ele>325.435696</ele>
        <time>2026-09-08T13:37:52.084Z</time>
      </trkpt>
      <trkpt lat="50.794720" lon="12.937861">
        <ele>325.417152</ele>
        <time>2026-09-08T13:37:53.150Z</time>
      </trkpt>
      <trkpt lat="50.794684" lon="12.938130">
        <ele>325.373078</ele>
        <time>2026-09-08T13:37:55.554Z</time>
      </trkpt>
      <trkpt lat="50.794545" lon="12.939045">
        <ele>325.627614</ele>
        <time>2026-09-08T13:38:04.010Z</time>
      </trkpt>
      <trkpt lat="50.794547" lon="12.939220">
        <ele>325.693287</ele>
        <time>2026-09-08T13:38:05.882Z</time>
      </trkpt>
      <trkpt lat="50.794563" lon="12.939916">
        <ele>325.954605</ele>
        <time>2026-09-08T13:38:14.166Z</time>
      </trkpt>
      <trkpt lat="50.794616" lon="12.940173">
        <ele>326.056036</ele>
        <time>2026-09-08T13:38:17.421Z</time>
      </trkpt>
      <trkpt lat="50.794633" lon="12.940255">
        <ele>326.088415</ele>
        <time>2026-09-08T13:38:18.502Z</time>
      </trkpt>
      <trkpt lat="50.794863" lon="12.940763">
        <ele>326.322871</ele>
        <time>2026-09-08T13:38:25.837Z</time>
      </trkpt>
      <trkpt lat="50.794936" lon="12.941099">
        <ele>326.387562</ele>
        <time>2026-09-08T13:38:30.110Z</time>
      </trkpt>
      <trkpt lat="50.794931" lon="12.941394">
        <ele>326.329251</ele>
        <time>2026-09-08T13:38:33.502Z</time>
      </trkpt>
      <trkpt lat="50.794842" lon="12.941749">
        <ele>326.253790</ele>
        <time>2026-09-08T13:38:37.604Z</time>
      </trkpt>
      <trkpt lat="50.794717" lon="12.942109">
        <ele>326.172632</ele>
        <time>2026-09-08T13:38:41.492Z</time>
      </trkpt>
      <trkpt lat="50.794567" lon="12.942419">
        <ele>326.095491</ele>
        <time>2026-09-08T13:38:44.645Z</time>
      </trkpt>
      <trkpt lat="50.794389" lon="12.942709">
        <ele>326.015619</ele>
        <time>2026-09-08T13:38:47.730Z</time>
      </trkpt>
      <trkpt lat="50.794334" lon="12.942774">
        <ele>325.994158</ele>
        <time>2026-09-08T13:38:48.528Z</time>
      </trkpt>
      <trkpt lat="50.794314" lon="12.942734">
        <ele>325.984081</ele>
        <time>2026-09-08T13:38:48.906Z</time>
      </trkpt>
      <trkpt lat="50.794246" lon="12.942679">
        <ele>325.960207</ele>
        <time>2026-09-08T13:38:49.814Z</time>
      </trkpt>
      <trkpt lat="50.794164" lon="12.942701">
        <ele>325.934208</ele>
        <time>2026-09-08T13:38:50.801Z</time>
      </trkpt>
      <trkpt lat="50.794100" lon="12.942837">
        <ele>325.900706</ele>
        <time>2026-09-08T13:38:52.069Z</time>
      </trkpt>
      <trkpt lat="50.794108" lon="12.942957">
        <ele>325.876863</ele>
        <time>2026-09-08T13:38:52.988Z</time>
      </trkpt>
      <trkpt lat="50.794077" lon="12.942985">
        <ele>325.865705</ele>
        <time>2026-09-08T13:38:53.426Z</time>
      </trkpt>
      <trkpt lat="50.793904" lon="12.943136">
        <ele>325.866438</ele>
        <time>2026-09-08T13:38:55.816Z</time>
      </trkpt>
      <trkpt lat="50.793839" lon="12.943226">
        <ele>325.876903</ele>
        <time>2026-09-08T13:38:56.895Z</time>
      </trkpt>
      <trkpt lat="50.793526" lon="12.943679">
        <ele>325.928294</ele>
        <time>2026-09-08T13:39:02.255Z</time>
      </trkpt>
      <trkpt lat="50.791701" lon="12.946978">
        <ele>327.653218</ele>
        <time>2026-09-08T13:39:51.768Z</time>
      </trkpt>
      <trkpt lat="50.791150" lon="12.947685">
        <ele>328.813283</ele>
        <time>2026-09-08T13:40:07.857Z</time>
      </trkpt>
      <trkpt lat="50.790436" lon="12.948343">
        <ele>330.338228</ele>
        <time>2026-09-08T13:40:26.916Z</time>
      </trkpt>
      <trkpt lat="50.789939" lon="12.948754">
        <ele>331.157190</ele>
        <time>2026-09-08T13:40:40.242Z</time>
      </trkpt>
      <trkpt lat="50.789652" lon="12.948932">
        <ele>331.199988</ele>
        <time>2026-09-08T13:40:46.107Z</time>
      </trkpt>
      <trkpt lat="50.789348" lon="12.949198">
        <ele>331.248220</ele>
        <time>2026-09-08T13:40:51.329Z</time>
      </trkpt>
      <trkpt lat="50.789060" lon="12.949544">
        <ele>331.298427</ele>
        <time>2026-09-08T13:40:56.299Z</time>
      </trkpt>
      <trkpt lat="50.788830" lon="12.949820">
        <ele>331.338507</ele>
        <time>2026-09-08T13:41:00.072Z</time>
      </trkpt>
      <trkpt lat="50.788590" lon="12.950099">
        <ele>331.379857</ele>
        <time>2026-09-08T13:41:03.947Z</time>
      </trkpt>
      <trkpt lat="50.787840" lon="12.950840">
        <ele>330.919168</ele>
        <time>2026-09-08T13:41:14.863Z</time>
      </trkpt>
      <trkpt lat="50.786359" lon="12.952194">
        <ele>330.160653</ele>
        <time>2026-09-08T13:41:38.020Z</time>
      </trkpt>
      <trkpt lat="50.786093" lon="12.952468">
        <ele>330.076754</ele>
        <time>2026-09-08T13:41:42.252Z</time>
      </trkpt>
      <trkpt lat="50.785742" lon="12.953005">
        <ele>329.947688</ele>
        <time>2026-09-08T13:41:49.077Z</time>
      </trkpt>
      <trkpt lat="50.785449" lon="12.953543">
        <ele>329.939697</ele>
        <time>2026-09-08T13:41:56.066Z</time>
      </trkpt>
      <trkpt lat="50.785303" lon="12.953856">
        <ele>330.022563</ele>
        <time>2026-09-08T13:41:59.842Z</time>
      </trkpt>
      <trkpt lat="50.785238" lon="12.954028">
        <ele>330.065252</ele>
        <time>2026-09-08T13:42:01.793Z</time>
      </trkpt>
      <trkpt lat="50.785201" lon="12.954192">
        <ele>330.102349</ele>
        <time>2026-09-08T13:42:03.390Z</time>
      </trkpt>
      <trkpt lat="50.785207" lon="12.954445">
        <ele>330.156285</ele>
        <time>2026-09-08T13:42:05.725Z</time>
      </trkpt>
      <trkpt lat="50.785248" lon="12.954609">
        <ele>330.193856</ele>
        <time>2026-09-08T13:42:07.434Z</time>
      </trkpt>
      <trkpt lat="50.785584" lon="12.955611">
        <ele>330.435488</ele>
        <time>2026-09-08T13:42:20.161Z</time>
      </trkpt>
      <trkpt lat="50.785662" lon="12.955876">
        <ele>330.508546</ele>
        <time>2026-09-08T13:42:23.510Z</time>
      </trkpt>
      <trkpt lat="50.785694" lon="12.956240">
        <ele>330.647138</ele>
        <time>2026-09-08T13:42:27.523Z</time>
      </trkpt>
      <trkpt lat="50.785688" lon="12.956635">
        <ele>330.796142</ele>
        <time>2026-09-08T13:42:31.607Z</time>
      </trkpt>
      <trkpt lat="50.785662" lon="12.957268">
        <ele>331.035362</ele>
        <time>2026-09-08T13:42:38.291Z</time>
      </trkpt>
      <trkpt lat="50.785604" lon="12.958723">
        <ele>331.623345</ele>
        <time>2026-09-08T13:42:54.388Z</time>
      </trkpt>
      <trkpt lat="50.785560" lon="12.959789">
        <ele>332.565654</ele>
        <time>2026-09-08T13:43:05.839Z</time>
      </trkpt>
      <trkpt lat="50.785525" lon="12.960075">
        <ele>332.822614</ele>
        <time>2026-09-08T13:43:09.035Z</time>
      </trkpt>
      <trkpt lat="50.785447" lon="12.960510">
        <ele>333.221458</ele>
        <time>2026-09-08T13:43:14.332Z</time>
      </trkpt>
      <trkpt lat="50.785203" lon="12.961472">
        <ele>334.196138</ele>
        <time>2026-09-08T13:43:29.401Z</time>
      </trkpt>
      <trkpt lat="50.785185" lon="12.961536">
        <ele>334.311486</ele>
        <time>2026-09-08T13:43:30.689Z</time>
      </trkpt>
      <trkpt lat="50.784895" lon="12.962347">
        <ele>335.845793</ele>
        <time>2026-09-08T13:43:49.620Z</time>
      </trkpt>
      <trkpt lat="50.784317" lon="12.963439">
        <ele>338.191032</ele>
        <time>2026-09-08T13:44:13.735Z</time>
      </trkpt>
      <trkpt lat="50.784209" lon="12.963803">
        <ele>338.723369</ele>
        <time>2026-09-08T13:44:19.217Z</time>
      </trkpt>
      <trkpt lat="50.784174" lon="12.963993">
        <ele>338.635497</ele>
        <time>2026-09-08T13:44:21.567Z</time>
      </trkpt>
      <trkpt lat="50.784004" lon="12.966218">
        <ele>337.640358</ele>
        <time>2026-09-08T13:44:37.829Z</time>
      </trkpt>
      <trkpt lat="50.783945" lon="12.967029">
        <ele>337.675914</ele>
        <time>2026-09-08T13:44:44.276Z</time>
      </trkpt>
      <trkpt lat="50.783915" lon="12.967447">
        <ele>337.843378</ele>
        <time>2026-09-08T13:44:48.181Z</time>
      </trkpt>
      <trkpt lat="50.783833" lon="12.968571">
        <ele>338.293785</ele>
        <time>2026-09-08T13:45:01.888Z</time>
      </trkpt>
      <trkpt lat="50.783651" lon="12.969779">
        <ele>338.783186</ele>
        <time>2026-09-08T13:45:18.768Z</time>
      </trkpt>
      <trkpt lat="50.783265" lon="12.970897">
        <ele>339.275350</ele>
        <time>2026-09-08T13:45:34.210Z</time>
      </trkpt>
      <trkpt lat="50.782978" lon="12.971391">
        <ele>339.534559</ele>
        <time>2026-09-08T13:45:40.633Z</time>
      </trkpt>
      <trkpt lat="50.782739" lon="12.971744">
        <ele>339.714744</ele>
        <time>2026-09-08T13:45:44.890Z</time>
      </trkpt>
      <trkpt lat="50.782653" lon="12.971863">
        <ele>339.693326</ele>
        <time>2026-09-08T13:45:46.347Z</time>
      </trkpt>
      <trkpt lat="50.782166" lon="12.972302">
        <ele>339.588257</ele>
        <time>2026-09-08T13:45:53.421Z</time>
      </trkpt>
      <trkpt lat="50.781884" lon="12.972472">
        <ele>339.531689</ele>
        <time>2026-09-08T13:45:57.569Z</time>
      </trkpt>
      <trkpt lat="50.781652" lon="12.972588">
        <ele>339.486082</ele>
        <time>2026-09-08T13:46:01.252Z</time>
      </trkpt>
      <trkpt lat="50.781452" lon="12.972634">
        <ele>339.448200</ele>
        <time>2026-09-08T13:46:04.426Z</time>
      </trkpt>
      <trkpt lat="50.781228" lon="12.972670">
        <ele>339.405997</ele>
        <time>2026-09-08T13:46:07.985Z</time>
      </trkpt>
      <trkpt lat="50.781047" lon="12.972702">
        <ele>339.395471</ele>
        <time>2026-09-08T13:46:10.845Z</time>
      </trkpt>
      <trkpt lat="50.780816" lon="12.972704">
        <ele>339.450870</ele>
        <time>2026-09-08T13:46:14.576Z</time>
      </trkpt>
      <trkpt lat="50.780767" lon="12.972704">
        <ele>339.462621</ele>
        <time>2026-09-08T13:46:15.400Z</time>
      </trkpt>
      <trkpt lat="50.780685" lon="12.972702">
        <ele>339.482289</ele>
        <time>2026-09-08T13:46:16.768Z</time>
      </trkpt>
      <trkpt lat="50.780490" lon="12.972680">
        <ele>339.529173</ele>
        <time>2026-09-08T13:46:19.969Z</time>
      </trkpt>
      <trkpt lat="50.780288" lon="12.972617">
        <ele>339.578549</ele>
        <time>2026-09-08T13:46:23.171Z</time>
      </trkpt>
      <trkpt lat="50.780262" lon="12.972606">
        <ele>339.585003</ele>
        <time>2026-09-08T13:46:23.562Z</time>
      </trkpt>
      <trkpt lat="50.780102" lon="12.972536">
        <ele>339.624816</ele>
        <time>2026-09-08T13:46:26.095Z</time>
      </trkpt>
      <trkpt lat="50.779914" lon="12.972406">
        <ele>339.674023</ele>
        <time>2026-09-08T13:46:29.220Z</time>
      </trkpt>
      <trkpt lat="50.779589" lon="12.972116">
        <ele>339.763514</ele>
        <time>2026-09-08T13:46:34.855Z</time>
      </trkpt>
      <trkpt lat="50.779414" lon="12.971962">
        <ele>339.811542</ele>
        <time>2026-09-08T13:46:37.850Z</time>
      </trkpt>
      <trkpt lat="50.779096" lon="12.971676">
        <ele>340.028225</ele>
        <time>2026-09-08T13:46:43.867Z</time>
      </trkpt>
      <trkpt lat="50.778775" lon="12.971377">
        <ele>340.251989</ele>
        <time>2026-09-08T13:46:50.643Z</time>
      </trkpt>
      <trkpt lat="50.778431" lon="12.971083">
        <ele>340.486852</ele>
        <time>2026-09-08T13:46:57.735Z</time>
      </trkpt>
      <trkpt lat="50.778132" lon="12.970936">
        <ele>340.674923</ele>
        <time>2026-09-08T13:47:03.357Z</time>
      </trkpt>
      <trkpt lat="50.778088" lon="12.970924">
        <ele>340.701741</ele>
        <time>2026-09-08T13:47:04.136Z</time>
      </trkpt>
      <trkpt lat="50.778017" lon="12.970906">
        <ele>340.744931</ele>
        <time>2026-09-08T13:47:05.395Z</time>
      </trkpt>
      <trkpt lat="50.777713" lon="12.970902">
        <ele>340.903854</ele>
        <time>2026-09-08T13:47:10.627Z</time>
      </trkpt>
      <trkpt lat="50.777585" lon="12.970912">
        <ele>340.926617</ele>
        <time>2026-09-08T13:47:12.796Z</time>
      </trkpt>
      <trkpt lat="50.777355" lon="12.970917">
        <ele>340.967472</ele>
        <time>2026-09-08T13:47:16.635Z</time>
      </trkpt>
      <trkpt lat="50.777227" lon="12.970917">
        <ele>340.990207</ele>
        <time>2026-09-08T13:47:18.753Z</time>
      </trkpt>
      <trkpt lat="50.777186" lon="12.970912">
        <ele>340.997511</ele>
        <time>2026-09-08T13:47:19.396Z</time>
      </trkpt>
      <trkpt lat="50.776732" lon="12.970731">
        <ele>341.080672</ele>
        <time>2026-09-08T13:47:26.299Z</time>
      </trkpt>
      <trkpt lat="50.776448" lon="12.970697">
        <ele>341.131259</ele>
        <time>2026-09-08T13:47:30.350Z</time>
      </trkpt>
      <trkpt lat="50.776187" lon="12.970774">
        <ele>341.178417</ele>
        <time>2026-09-08T13:47:34.102Z</time>
      </trkpt>
      <trkpt lat="50.775887" lon="12.970976">
        <ele>341.287315</ele>
        <time>2026-09-08T13:47:38.954Z</time>
      </trkpt>
      <trkpt lat="50.775628" lon="12.971217">
        <ele>341.459263</ele>
        <time>2026-09-08T13:47:43.931Z</time>
      </trkpt>
      <trkpt lat="50.775303" lon="12.971544">
        <ele>341.679673</ele>
        <time>2026-09-08T13:47:50.508Z</time>
      </trkpt>
      <trkpt lat="50.775165" lon="12.971748">
        <ele>341.787763</ele>
        <time>2026-09-08T13:47:53.758Z</time>
      </trkpt>
      <trkpt lat="50.774913" lon="12.972345">
        <ele>342.047480</ele>
        <time>2026-09-08T13:48:01.814Z</time>
      </trkpt>
      <trkpt lat="50.774767" lon="12.972599">
        <ele>342.171680</ele>
        <time>2026-09-08T13:48:05.878Z</time>
      </trkpt>
      <trkpt lat="50.774597" lon="12.972736">
        <ele>342.286957</ele>
        <time>2026-09-08T13:48:09.508Z</time>
      </trkpt>
      <trkpt lat="50.774469" lon="12.972823">
        <ele>342.379372</ele>
        <time>2026-09-08T13:48:12.212Z</time>
      </trkpt>
      <trkpt lat="50.774374" lon="12.972936">
        <ele>342.458224</ele>
        <time>2026-09-08T13:48:14.487Z</time>
      </trkpt>
      <trkpt lat="50.773859" lon="12.973748">
        <ele>342.940626</ele>
        <time>2026-09-08T13:48:26.975Z</time>
      </trkpt>
      <trkpt lat="50.773543" lon="12.974162">
        <ele>343.212829</ele>
        <time>2026-09-08T13:48:33.835Z</time>
      </trkpt>
      <trkpt lat="50.773394" lon="12.974301">
        <ele>343.327581</ele>
        <time>2026-09-08T13:48:36.911Z</time>
      </trkpt>
      <trkpt lat="50.773245" lon="12.974386">
        <ele>343.432650</ele>
        <time>2026-09-08T13:48:39.671Z</time>
      </trkpt>
      <trkpt lat="50.773054" lon="12.974432">
        <ele>343.561616</ele>
        <time>2026-09-08T13:48:42.985Z</time>
      </trkpt>
      <trkpt lat="50.772718" lon="12.974438">
        <ele>343.785950</ele>
        <time>2026-09-08T13:48:48.668Z</time>
      </trkpt>
      <trkpt lat="50.772357" lon="12.974431">
        <ele>344.026977</ele>
        <time>2026-09-08T13:48:54.719Z</time>
      </trkpt>
      <trkpt lat="50.772233" lon="12.974426">
        <ele>344.109789</ele>
        <time>2026-09-08T13:48:56.791Z</time>
      </trkpt>
      <trkpt lat="50.772117" lon="12.974425">
        <ele>344.187233</ele>
        <time>2026-09-08T13:48:58.806Z</time>
      </trkpt>
      <trkpt lat="50.771966" lon="12.974423">
        <ele>344.288047</ele>
        <time>2026-09-08T13:49:01.564Z</time>
      </trkpt>
      <trkpt lat="50.771786" lon="12.974430">
        <ele>344.408254</ele>
        <time>2026-09-08T13:49:05.011Z</time>
      </trkpt>
      <trkpt lat="50.771495" lon="12.974431">
        <ele>344.602531</ele>
        <time>2026-09-08T13:49:12.268Z</time>
      </trkpt>
      <trkpt lat="50.771224" lon="12.974400">
        <ele>344.817622</ele>
        <time>2026-09-08T13:49:18.515Z</time>
      </trkpt>
      <trkpt lat="50.770930" lon="12.974300">
        <ele>345.064251</ele>
        <time>2026-09-08T13:49:25.171Z</time>
      </trkpt>
      <trkpt lat="50.770802" lon="12.974224">
        <ele>345.176382</ele>
        <time>2026-09-08T13:49:28.207Z</time>
      </trkpt>
      <trkpt lat="50.770760" lon="12.974190">
        <ele>345.215078</ele>
        <time>2026-09-08T13:49:29.248Z</time>
      </trkpt>
      <trkpt lat="50.770574" lon="12.974027">
        <ele>345.389481</ele>
        <time>2026-09-08T13:49:33.987Z</time>
      </trkpt>
      <trkpt lat="50.770344" lon="12.973817">
        <ele>345.607295</ele>
        <time>2026-09-08T13:49:40.235Z</time>
      </trkpt>
      <trkpt lat="50.770198" lon="12.973662">
        <ele>345.751517</ele>
        <time>2026-09-08T13:49:44.528Z</time>
      </trkpt>
      <trkpt lat="50.770099" lon="12.973522">
        <ele>345.860442</ele>
        <time>2026-09-08T13:49:47.785Z</time>
      </trkpt>
      <trkpt lat="50.770043" lon="12.973406">
        <ele>345.936133</ele>
        <time>2026-09-08T13:49:50.062Z</time>
      </trkpt>
      <trkpt lat="50.769940" lon="12.973195">
        <ele>346.074380</ele>
        <time>2026-09-08T13:49:54.183Z</time>
      </trkpt>
      <trkpt lat="50.769836" lon="12.973083">
        <ele>346.201459</ele>
        <time>2026-09-08T13:49:57.209Z</time>
      </trkpt>
      <trkpt lat="50.769772" lon="12.973064">
        <ele>346.274169</ele>
        <time>2026-09-08T13:49:58.413Z</time>
      </trkpt>
      <trkpt lat="50.769456" lon="12.973153">
        <ele>346.632566</ele>
        <time>2026-09-08T13:50:04.276Z</time>
      </trkpt>
      <trkpt lat="50.768802" lon="12.973375">
        <ele>347.379457</ele>
        <time>2026-09-08T13:50:17.510Z</time>
      </trkpt>
      <trkpt lat="50.768683" lon="12.973425">
        <ele>347.516943</ele>
        <time>2026-09-08T13:50:20.062Z</time>
      </trkpt>
      <trkpt lat="50.768597" lon="12.973451">
        <ele>347.614709</ele>
        <time>2026-09-08T13:50:21.867Z</time>
      </trkpt>
      <trkpt lat="50.768391" lon="12.973496">
        <ele>347.846912</ele>
        <time>2026-09-08T13:50:26.066Z</time>
      </trkpt>
      <trkpt lat="50.768153" lon="12.973512">
        <ele>348.112901</ele>
        <time>2026-09-08T13:50:30.745Z</time>
      </trkpt>
      <trkpt lat="50.768091" lon="12.973506">
        <ele>348.164220</ele>
        <time>2026-09-08T13:50:31.965Z</time>
      </trkpt>
      <trkpt lat="50.767889" lon="12.973493">
        <ele>348.324698</ele>
        <time>2026-09-08T13:50:35.727Z</time>
      </trkpt>
      <trkpt lat="50.767755" lon="12.973483">
        <ele>348.431184</ele>
        <time>2026-09-08T13:50:38.118Z</time>
      </trkpt>
      <trkpt lat="50.767027" lon="12.973400">
        <ele>349.010561</ele>
        <time>2026-09-08T13:50:50.090Z</time>
      </trkpt>
      <trkpt lat="50.766251" lon="12.973331">
        <ele>349.762140</ele>
        <time>2026-09-08T13:51:03.990Z</time>
      </trkpt>
      <trkpt lat="50.766168" lon="12.973324">
        <ele>349.939271</ele>
        <time>2026-09-08T13:51:05.625Z</time>
      </trkpt>
      <trkpt lat="50.766024" lon="12.973324">
        <ele>350.246146</ele>
        <time>2026-09-08T13:51:08.490Z</time>
      </trkpt>
      <trkpt lat="50.765873" lon="12.973317">
        <ele>350.568078</ele>
        <time>2026-09-08T13:51:11.566Z</time>
      </trkpt>
      <trkpt lat="50.765827" lon="12.973688">
        <ele>351.077663</ele>
        <time>2026-09-08T13:51:16.776Z</time>
      </trkpt>
      <trkpt lat="50.765764" lon="12.974009">
        <ele>351.530687</ele>
        <time>2026-09-08T13:51:22.112Z</time>
      </trkpt>
      <trkpt lat="50.765684" lon="12.974223">
        <ele>351.865752</ele>
        <time>2026-09-08T13:51:26.319Z</time>
      </trkpt>
      <trkpt lat="50.765556" lon="12.974423">
        <ele>352.249263</ele>
        <time>2026-09-08T13:51:31.294Z</time>
      </trkpt>
      <trkpt lat="50.765236" lon="12.974689">
        <ele>353.019719</ele>
        <time>2026-09-08T13:51:41.066Z</time>
      </trkpt>
      <trkpt lat="50.765071" lon="12.974817">
        <ele>353.404476</ele>
        <time>2026-09-08T13:51:45.660Z</time>
      </trkpt>
      <trkpt lat="50.764922" lon="12.974934">
        <ele>353.679221</ele>
        <time>2026-09-08T13:51:49.752Z</time>
      </trkpt>
      <trkpt lat="50.764864" lon="12.974979">
        <ele>353.785917</ele>
        <time>2026-09-08T13:51:51.370Z</time>
      </trkpt>
      <trkpt lat="50.764713" lon="12.975115">
        <ele>354.072913</ele>
        <time>2026-09-08T13:51:55.528Z</time>
      </trkpt>
      <trkpt lat="50.764580" lon="12.975232">
        <ele>354.324268</ele>
        <time>2026-09-08T13:51:59.079Z</time>
      </trkpt>
      <trkpt lat="50.764414" lon="12.975417">
        <ele>354.659673</ele>
        <time>2026-09-08T13:52:03.707Z</time>
      </trkpt>
      <trkpt lat="50.764103" lon="12.975920">
        <ele>355.394419</ele>
        <time>2026-09-08T13:52:13.714Z</time>
      </trkpt>
      <trkpt lat="50.764010" lon="12.976023">
        <ele>355.581940</ele>
        <time>2026-09-08T13:52:15.964Z</time>
      </trkpt>
      <trkpt lat="50.763527" lon="12.976556">
        <ele>356.430105</ele>
        <time>2026-09-08T13:52:25.617Z</time>
      </trkpt>
      <trkpt lat="50.763250" lon="12.976864">
        <ele>356.647247</ele>
        <time>2026-09-08T13:52:31.054Z</time>
      </trkpt>
      <trkpt lat="50.762971" lon="12.977134">
        <ele>356.856998</ele>
        <time>2026-09-08T13:52:36.526Z</time>
      </trkpt>
      <trkpt lat="50.762685" lon="12.977371">
        <ele>357.064047</ele>
        <time>2026-09-08T13:52:41.809Z</time>
      </trkpt>
      <trkpt lat="50.762293" lon="12.977650">
        <ele>357.339696</ele>
        <time>2026-09-08T13:52:48.903Z</time>
      </trkpt>
      <trkpt lat="50.762090" lon="12.977747">
        <ele>357.475675</ele>
        <time>2026-09-08T13:52:52.566Z</time>
      </trkpt>
      <trkpt lat="50.761913" lon="12.977803">
        <ele>357.885817</ele>
        <time>2026-09-08T13:52:56.023Z</time>
      </trkpt>
      <trkpt lat="50.761619" lon="12.977794">
        <ele>358.711740</ele>
        <time>2026-09-08T13:53:02.316Z</time>
      </trkpt>
      <trkpt lat="50.760673" lon="12.977665">
        <ele>361.378670</ele>
        <time>2026-09-08T13:53:27.829Z</time>
      </trkpt>
      <trkpt lat="50.760351" lon="12.977570">
        <ele>362.298698</ele>
        <time>2026-09-08T13:53:38.202Z</time>
      </trkpt>
      <trkpt lat="50.759016" lon="12.977061">
        <ele>367.190955</ele>
        <time>2026-09-08T13:54:22.026Z</time>
      </trkpt>
      <trkpt lat="50.758499" lon="12.977078">
        <ele>369.060895</ele>
        <time>2026-09-08T13:54:35.467Z</time>
      </trkpt>
      <trkpt lat="50.757861" lon="12.977241">
        <ele>369.754563</ele>
        <time>2026-09-08T13:54:49.439Z</time>
      </trkpt>
      <trkpt lat="50.757624" lon="12.977344">
        <ele>370.018380</ele>
        <time>2026-09-08T13:54:54.151Z</time>
      </trkpt>
      <trkpt lat="50.757351" lon="12.977530">
        <ele>370.337456</ele>
        <time>2026-09-08T13:54:59.768Z</time>
      </trkpt>
      <trkpt lat="50.756297" lon="12.978401">
        <ele>370.146585</ele>
        <time>2026-09-08T13:55:17.459Z</time>
      </trkpt>
      <trkpt lat="50.755904" lon="12.978821">
        <ele>369.455741</ele>
        <time>2026-09-08T13:55:23.158Z</time>
      </trkpt>
      <trkpt lat="50.755076" lon="12.979772">
        <ele>367.592462</ele>
        <time>2026-09-08T13:55:33.821Z</time>
      </trkpt>
      <trkpt lat="50.754725" lon="12.980235">
        <ele>366.316617</ele>
        <time>2026-09-08T13:55:38.380Z</time>
      </trkpt>
      <trkpt lat="50.754591" lon="12.980393">
        <ele>365.850068</ele>
        <time>2026-09-08T13:55:40.015Z</time>
      </trkpt>
      <trkpt lat="50.754327" lon="12.980758">
        <ele>364.871230</ele>
        <time>2026-09-08T13:55:43.507Z</time>
      </trkpt>
      <trkpt lat="50.754179" lon="12.981020">
        <ele>364.251083</ele>
        <time>2026-09-08T13:55:45.742Z</time>
      </trkpt>
      <trkpt lat="50.754133" lon="12.981101">
        <ele>364.058904</ele>
        <time>2026-09-08T13:55:46.464Z</time>
      </trkpt>
      <trkpt lat="50.754047" lon="12.981262">
        <ele>363.686872</ele>
        <time>2026-09-08T13:55:47.859Z</time>
      </trkpt>
      <trkpt lat="50.753961" lon="12.981354">
        <ele>363.397064</ele>
        <time>2026-09-08T13:55:49.003Z</time>
      </trkpt>
      <trkpt lat="50.753780" lon="12.981453">
        <ele>363.384500</ele>
        <time>2026-09-08T13:55:51.321Z</time>
      </trkpt>
      <trkpt lat="50.753598" lon="12.981457">
        <ele>363.417764</ele>
        <time>2026-09-08T13:55:54.301Z</time>
      </trkpt>
      <trkpt lat="50.753305" lon="12.981345">
        <ele>363.472855</ele>
        <time>2026-09-08T13:55:59.895Z</time>
      </trkpt>
      <trkpt lat="50.752968" lon="12.981080">
        <ele>363.541644</ele>
        <time>2026-09-08T13:56:06.645Z</time>
      </trkpt>
      <trkpt lat="50.752673" lon="12.980771">
        <ele>363.606321</ele>
        <time>2026-09-08T13:56:13.609Z</time>
      </trkpt>
      <trkpt lat="50.752499" lon="12.980603">
        <ele>363.643583</ele>
        <time>2026-09-08T13:56:17.276Z</time>
      </trkpt>
      <trkpt lat="50.752385" lon="12.980484">
        <ele>363.668551</ele>
        <time>2026-09-08T13:56:19.694Z</time>
      </trkpt>
      <trkpt lat="50.752269" lon="12.980317">
        <ele>363.620233</ele>
        <time>2026-09-08T13:56:22.442Z</time>
      </trkpt>
      <trkpt lat="50.752159" lon="12.980161">
        <ele>363.518040</ele>
        <time>2026-09-08T13:56:24.857Z</time>
      </trkpt>
      <trkpt lat="50.751793" lon="12.979439">
        <ele>363.113291</ele>
        <time>2026-09-08T13:56:32.316Z</time>
      </trkpt>
      <trkpt lat="50.751670" lon="12.979250">
        <ele>362.994670</ele>
        <time>2026-09-08T13:56:34.178Z</time>
      </trkpt>
      <trkpt lat="50.751408" lon="12.978904">
        <ele>362.758587</ele>
        <time>2026-09-08T13:56:37.792Z</time>
      </trkpt>
      <trkpt lat="50.751209" lon="12.978725">
        <ele>362.600258</ele>
        <time>2026-09-08T13:56:40.469Z</time>
      </trkpt>
      <trkpt lat="50.751051" lon="12.978590">
        <ele>362.476062</ele>
        <time>2026-09-08T13:56:43.020Z</time>
      </trkpt>
      <trkpt lat="50.750884" lon="12.978438">
        <ele>362.575934</ele>
        <time>2026-09-08T13:56:46.464Z</time>
      </trkpt>
      <trkpt lat="50.750687" lon="12.978267">
        <ele>362.803540</ele>
        <time>2026-09-08T13:56:50.357Z</time>
      </trkpt>
      <trkpt lat="50.750436" lon="12.978049">
        <ele>363.093575</ele>
        <time>2026-09-08T13:56:55.421Z</time>
      </trkpt>
      <trkpt lat="50.750141" lon="12.977795">
        <ele>363.433772</ele>
        <time>2026-09-08T13:57:00.855Z</time>
      </trkpt>
      <trkpt lat="50.749915" lon="12.977635">
        <ele>363.684552</ele>
        <time>2026-09-08T13:57:04.735Z</time>
      </trkpt>
      <trkpt lat="50.749757" lon="12.977624">
        <ele>363.844713</ele>
        <time>2026-09-08T13:57:07.613Z</time>
      </trkpt>
      <trkpt lat="50.749614" lon="12.977743">
        <ele>364.008374</ele>
        <time>2026-09-08T13:57:11.257Z</time>
      </trkpt>
      <trkpt lat="50.749449" lon="12.978047">
        <ele>364.285029</ele>
        <time>2026-09-08T13:57:18.199Z</time>
      </trkpt>
      <trkpt lat="50.749353" lon="12.978306">
        <ele>365.104463</ele>
        <time>2026-09-08T13:57:23.622Z</time>
      </trkpt>
      <trkpt lat="50.749319" lon="12.978455">
        <ele>365.536863</ele>
        <time>2026-09-08T13:57:26.612Z</time>
      </trkpt>
      <trkpt lat="50.749333" lon="12.978848">
        <ele>366.611413</ele>
        <time>2026-09-08T13:57:33.709Z</time>
      </trkpt>
      <trkpt lat="50.749458" lon="12.980355">
        <ele>370.760569</ele>
        <time>2026-09-08T13:58:06.337Z</time>
      </trkpt>
      <trkpt lat="50.749460" lon="12.980547">
        <ele>371.284780</ele>
        <time>2026-09-08T13:58:11.388Z</time>
      </trkpt>
      <trkpt lat="50.749425" lon="12.980899">
        <ele>372.223658</ele>
        <time>2026-09-08T13:58:20.283Z</time>
      </trkpt>
      <trkpt lat="50.749346" lon="12.981244">
        <ele>373.082984</ele>
        <time>2026-09-08T13:58:28.474Z</time>
      </trkpt>
      <trkpt lat="50.749047" lon="12.982080">
        <ele>375.332190</ele>
        <time>2026-09-08T13:58:46.285Z</time>
      </trkpt>
      <trkpt lat="50.748805" lon="12.983013">
        <ele>377.693910</ele>
        <time>2026-09-08T13:59:03.870Z</time>
      </trkpt>
      <trkpt lat="50.748440" lon="12.983997">
        <ele>380.359316</ele>
        <time>2026-09-08T13:59:21.965Z</time>
      </trkpt>
      <trkpt lat="50.748121" lon="12.984711">
        <ele>382.399075</ele>
        <time>2026-09-08T13:59:37.408Z</time>
      </trkpt>
      <trkpt lat="50.748024" lon="12.985011">
        <ele>383.185291</ele>
        <time>2026-09-08T13:59:43.319Z</time>
      </trkpt>
      <trkpt lat="50.747796" lon="12.985937">
        <ele>385.674671</ele>
        <time>2026-09-08T14:00:03.429Z</time>
      </trkpt>
      <trkpt lat="50.747755" lon="12.986108">
        <ele>386.478656</ele>
        <time>2026-09-08T14:00:07.819Z</time>
      </trkpt>
      <trkpt lat="50.747701" lon="12.986326">
        <ele>387.507944</ele>
        <time>2026-09-08T14:00:13.745Z</time>
      </trkpt>
      <trkpt lat="50.747556" lon="12.986580">
        <ele>389.012019</ele>
        <time>2026-09-08T14:00:22.964Z</time>
      </trkpt>
      <trkpt lat="50.747434" lon="12.986707">
        <ele>390.027112</ele>
        <time>2026-09-08T14:00:29.268Z</time>
      </trkpt>
      <trkpt lat="50.747316" lon="12.986799">
        <ele>390.941385</ele>
        <time>2026-09-08T14:00:35.030Z</time>
      </trkpt>
      <trkpt lat="50.747209" lon="12.986901">
        <ele>391.809659</ele>
        <time>2026-09-08T14:00:40.623Z</time>
      </trkpt>
      <trkpt lat="50.747079" lon="12.987139">
        <ele>393.192024</ele>
        <time>2026-09-08T14:00:49.696Z</time>
      </trkpt>
      <trkpt lat="50.747060" lon="12.987301">
        <ele>393.916415</ele>
        <time>2026-09-08T14:00:54.400Z</time>
      </trkpt>
      <trkpt lat="50.747090" lon="12.987833">
        <ele>396.264709</ele>
        <time>2026-09-08T14:01:10.143Z</time>
      </trkpt>
      <trkpt lat="50.747114" lon="12.988265">
        <ele>398.186175</ele>
        <time>2026-09-08T14:01:23.360Z</time>
      </trkpt>
      <trkpt lat="50.747117" lon="12.988309">
        <ele>398.388700</ele>
        <time>2026-09-08T14:01:24.757Z</time>
      </trkpt>
      <trkpt lat="50.747144" lon="12.988673">
        <ele>400.065896</ele>
        <time>2026-09-08T14:01:35.475Z</time>
      </trkpt>
      <trkpt lat="50.747143" lon="12.989061">
        <ele>401.841532</ele>
        <time>2026-09-08T14:01:46.266Z</time>
      </trkpt>
      <trkpt lat="50.747126" lon="12.989199">
        <ele>402.484924</ele>
        <time>2026-09-08T14:01:50.128Z</time>
      </trkpt>
      <trkpt lat="50.747018" lon="12.989604">
        <ele>404.496220</ele>
        <time>2026-09-08T14:02:01.980Z</time>
      </trkpt>
      <trkpt lat="50.746886" lon="12.989901">
        <ele>406.157187</ele>
        <time>2026-09-08T14:02:11.740Z</time>
      </trkpt>
      <trkpt lat="50.746122" lon="12.991317">
        <ele>413.971354</ele>
        <time>2026-09-08T14:03:02.604Z</time>
      </trkpt>
      <trkpt lat="50.745971" lon="12.991691">
        <ele>415.631987</ele>
        <time>2026-09-08T14:03:13.653Z</time>
      </trkpt>
      <trkpt lat="50.745900" lon="12.992366">
        <ele>418.193277</ele>
        <time>2026-09-08T14:03:29.618Z</time>
      </trkpt>
      <trkpt lat="50.745832" lon="12.993228">
        <ele>421.444845</ele>
        <time>2026-09-08T14:03:48.717Z</time>
      </trkpt>
      <trkpt lat="50.745773" lon="12.993502">
        <ele>422.448607</ele>
        <time>2026-09-08T14:03:54.924Z</time>
      </trkpt>
      <trkpt lat="50.745705" lon="12.993698">
        <ele>423.223065</ele>
        <time>2026-09-08T14:03:59.778Z</time>
      </trkpt>
      <trkpt lat="50.745480" lon="12.994104">
        <ele>425.092965</ele>
        <time>2026-09-08T14:04:11.908Z</time>
      </trkpt>
      <trkpt lat="50.745257" lon="12.994388">
        <ele>426.661136</ele>
        <time>2026-09-08T14:04:22.671Z</time>
      </trkpt>
      <trkpt lat="50.744591" lon="12.995059">
        <ele>430.985867</ele>
        <time>2026-09-08T14:04:53.704Z</time>
      </trkpt>
      <trkpt lat="50.744168" lon="12.995370">
        <ele>433.360435</ele>
        <time>2026-09-08T14:05:10.487Z</time>
      </trkpt>
      <trkpt lat="50.744000" lon="12.995446">
        <ele>434.240189</ele>
        <time>2026-09-08T14:05:16.283Z</time>
      </trkpt>
      <trkpt lat="50.743966" lon="12.995463">
        <ele>434.419722</ele>
        <time>2026-09-08T14:05:17.375Z</time>
      </trkpt>
      <trkpt lat="50.743512" lon="12.995686">
        <ele>436.813209</ele>
        <time>2026-09-08T14:05:32.513Z</time>
      </trkpt>
      <trkpt lat="50.743284" lon="12.995794">
        <ele>438.011512</ele>
        <time>2026-09-08T14:05:40.281Z</time>
      </trkpt>
      <trkpt lat="50.743091" lon="12.995912">
        <ele>439.053340</ele>
        <time>2026-09-08T14:05:47.051Z</time>
      </trkpt>
      <trkpt lat="50.742857" lon="12.996132">
        <ele>440.451231</ele>
        <time>2026-09-08T14:05:56.087Z</time>
      </trkpt>
      <trkpt lat="50.741760" lon="12.997283">
        <ele>449.952564</ele>
        <time>2026-09-08T14:06:52.196Z</time>
      </trkpt>
      <trkpt lat="50.741569" lon="12.997452">
        <ele>451.532070</ele>
        <time>2026-09-08T14:07:03.248Z</time>
      </trkpt>
      <trkpt lat="50.741364" lon="12.997583">
        <ele>453.127627</ele>
        <time>2026-09-08T14:07:14.554Z</time>
      </trkpt>
      <trkpt lat="50.741163" lon="12.997652">
        <ele>454.731156</ele>
        <time>2026-09-08T14:07:25.214Z</time>
      </trkpt>
      <trkpt lat="50.740953" lon="12.997658">
        <ele>456.388894</ele>
        <time>2026-09-08T14:07:36.079Z</time>
      </trkpt>
      <trkpt lat="50.740301" lon="12.997588">
        <ele>461.546798</ele>
        <time>2026-09-08T14:08:09.293Z</time>
      </trkpt>
      <trkpt lat="50.740214" lon="12.997643">
        <ele>462.286376</ele>
        <time>2026-09-08T14:08:13.778Z</time>
      </trkpt>
      <trkpt lat="50.740141" lon="12.997736">
        <ele>463.026474</ele>
        <time>2026-09-08T14:08:18.133Z</time>
      </trkpt>
      <trkpt lat="50.740099" lon="12.997867">
        <ele>463.759974</ele>
        <time>2026-09-08T14:08:22.281Z</time>
      </trkpt>
      <trkpt lat="50.740084" lon="12.998030">
        <ele>464.582691</ele>
        <time>2026-09-08T14:08:26.890Z</time>
      </trkpt>
      <trkpt lat="50.740168" lon="12.998609">
        <ele>467.539229</ele>
        <time>2026-09-08T14:08:42.551Z</time>
      </trkpt>
      <trkpt lat="50.740211" lon="12.999077">
        <ele>468.108833</ele>
        <time>2026-09-08T14:08:53.350Z</time>
      </trkpt>
      <trkpt lat="50.740212" lon="12.999321">
        <ele>468.402731</ele>
        <time>2026-09-08T14:08:58.296Z</time>
      </trkpt>
      <trkpt lat="50.740171" lon="12.999573">
        <ele>468.716129</ele>
        <time>2026-09-08T14:09:03.105Z</time>
      </trkpt>
      <trkpt lat="50.740087" lon="12.999834">
        <ele>469.068816</ele>
        <time>2026-09-08T14:09:07.875Z</time>
      </trkpt>
      <trkpt lat="50.739994" lon="13.000073">
        <ele>469.406751</ele>
        <time>2026-09-08T14:09:11.686Z</time>
      </trkpt>
      <trkpt lat="50.739649" lon="13.000890">
        <ele>470.589777</ele>
        <time>2026-09-08T14:09:20.604Z</time>
      </trkpt>
      <trkpt lat="50.739529" lon="13.001103">
        <ele>470.933267</ele>
        <time>2026-09-08T14:09:22.706Z</time>
      </trkpt>
      <trkpt lat="50.739123" lon="13.001564">
        <ele>469.621718</ele>
        <time>2026-09-08T14:09:28.056Z</time>
      </trkpt>
      <trkpt lat="50.738882" lon="13.001193">
        <ele>468.696319</ele>
        <time>2026-09-08T14:09:31.546Z</time>
      </trkpt>
      <trkpt lat="50.738597" lon="13.001631">
        <ele>467.602855</ele>
        <time>2026-09-08T14:09:35.587Z</time>
      </trkpt>
      <trkpt lat="50.738370" lon="13.001966">
        <ele>466.748568</ele>
        <time>2026-09-08T14:09:38.719Z</time>
      </trkpt>
      <trkpt lat="50.738100" lon="13.002333">
        <ele>465.687861</ele>
        <time>2026-09-08T14:09:42.291Z</time>
      </trkpt>
      <trkpt lat="50.737829" lon="13.002690">
        <ele>464.393750</ele>
        <time>2026-09-08T14:09:45.763Z</time>
      </trkpt>
      <trkpt lat="50.737633" lon="13.002899">
        <ele>463.526470</ele>
        <time>2026-09-08T14:09:48.081Z</time>
      </trkpt>
      <trkpt lat="50.737347" lon="13.003161">
        <ele>462.313920</ele>
        <time>2026-09-08T14:09:51.309Z</time>
      </trkpt>
      <trkpt lat="50.737242" lon="13.003165">
        <ele>461.928686</ele>
        <time>2026-09-08T14:09:52.316Z</time>
      </trkpt>
      <trkpt lat="50.736568" lon="13.003123">
        <ele>459.454646</ele>
        <time>2026-09-08T14:09:58.992Z</time>
      </trkpt>
      <trkpt lat="50.736509" lon="13.003269">
        <ele>459.155113</ele>
        <time>2026-09-08T14:10:00.112Z</time>
      </trkpt>
      <trkpt lat="50.736419" lon="13.003675">
        <ele>458.438986</ele>
        <time>2026-09-08T14:10:02.929Z</time>
      </trkpt>
      <trkpt lat="50.736250" lon="13.004175">
        <ele>457.495370</ele>
        <time>2026-09-08T14:10:06.717Z</time>
      </trkpt>
      <trkpt lat="50.736133" lon="13.004366">
        <ele>457.052870</ele>
        <time>2026-09-08T14:10:08.503Z</time>
      </trkpt>
      <trkpt lat="50.736000" lon="13.004640">
        <ele>456.478032</ele>
        <time>2026-09-08T14:10:10.824Z</time>
      </trkpt>
      <trkpt lat="50.735838" lon="13.005049">
        <ele>455.674817</ele>
        <time>2026-09-08T14:10:14.062Z</time>
      </trkpt>
      <trkpt lat="50.735551" lon="13.006132">
        <ele>453.494477</ele>
        <time>2026-09-08T14:10:22.067Z</time>
      </trkpt>
      <trkpt lat="50.735420" lon="13.006555">
        <ele>452.526882</ele>
        <time>2026-09-08T14:10:25.145Z</time>
      </trkpt>
      <trkpt lat="50.735368" lon="13.006632">
        <ele>452.295520</ele>
        <time>2026-09-08T14:10:25.873Z</time>
      </trkpt>
      <trkpt lat="50.735334" lon="13.006683">
        <ele>452.143322</ele>
        <time>2026-09-08T14:10:26.357Z</time>
      </trkpt>
      <trkpt lat="50.735208" lon="13.006872">
        <ele>451.579297</ele>
        <time>2026-09-08T14:10:28.130Z</time>
      </trkpt>
      <trkpt lat="50.734911" lon="13.007832">
        <ele>449.383756</ele>
        <time>2026-09-08T14:10:34.801Z</time>
      </trkpt>
      <trkpt lat="50.734740" lon="13.008605">
        <ele>447.373819</ele>
        <time>2026-09-08T14:10:39.826Z</time>
      </trkpt>
      <trkpt lat="50.734631" lon="13.008982">
        <ele>446.278394</ele>
        <time>2026-09-08T14:10:42.386Z</time>
      </trkpt>
      <trkpt lat="50.734482" lon="13.009525">
        <ele>444.714206</ele>
        <time>2026-09-08T14:10:46.041Z</time>
      </trkpt>
      <trkpt lat="50.734412" lon="13.009802">
        <ele>443.925913</ele>
        <time>2026-09-08T14:10:47.867Z</time>
      </trkpt>
      <trkpt lat="50.734368" lon="13.010068">
        <ele>443.199276</ele>
        <time>2026-09-08T14:10:49.541Z</time>
      </trkpt>
      <trkpt lat="50.734353" lon="13.010347">
        <ele>442.459238</ele>
        <time>2026-09-08T14:10:51.250Z</time>
      </trkpt>
      <trkpt lat="50.734371" lon="13.010818">
        <ele>441.203888</ele>
        <time>2026-09-08T14:10:54.107Z</time>
      </trkpt>
      <trkpt lat="50.734439" lon="13.011367">
        <ele>439.625390</ele>
        <time>2026-09-08T14:10:57.520Z</time>
      </trkpt>
      <trkpt lat="50.734570" lon="13.012327">
        <ele>436.854320</ele>
        <time>2026-09-08T14:11:03.475Z</time>
      </trkpt>
      <trkpt lat="50.734606" lon="13.012540">
        <ele>436.232239</ele>
        <time>2026-09-08T14:11:04.768Z</time>
      </trkpt>
      <trkpt lat="50.734616" lon="13.012585">
        <ele>436.097664</ele>
        <time>2026-09-08T14:11:05.051Z</time>
      </trkpt>
      <trkpt lat="50.734771" lon="13.013122">
        <ele>434.432287</ele>
        <time>2026-09-08T14:11:08.548Z</time>
      </trkpt>
      <trkpt lat="50.734877" lon="13.013583">
        <ele>433.113600</ele>
        <time>2026-09-08T14:11:11.553Z</time>
      </trkpt>
      <trkpt lat="50.734914" lon="13.013798">
        <ele>432.638604</ele>
        <time>2026-09-08T14:11:12.969Z</time>
      </trkpt>
      <trkpt lat="50.734995" lon="13.014378">
        <ele>431.372369</ele>
        <time>2026-09-08T14:11:17.005Z</time>
      </trkpt>
      <trkpt lat="50.735150" lon="13.015386">
        <ele>429.160924</ele>
        <time>2026-09-08T14:11:23.771Z</time>
      </trkpt>
      <trkpt lat="50.735161" lon="13.015571">
        <ele>428.764792</ele>
        <time>2026-09-08T14:11:24.974Z</time>
      </trkpt>
      <trkpt lat="50.735160" lon="13.015780">
        <ele>428.319218</ele>
        <time>2026-09-08T14:11:26.327Z</time>
      </trkpt>
      <trkpt lat="50.735105" lon="13.017482">
        <ele>423.835226</ele>
        <time>2026-09-08T14:11:36.862Z</time>
      </trkpt>
      <trkpt lat="50.735084" lon="13.018275">
        <ele>421.583181</ele>
        <time>2026-09-08T14:11:41.530Z</time>
      </trkpt>
      <trkpt lat="50.735016" lon="13.018679">
        <ele>420.397016</ele>
        <time>2026-09-08T14:11:44.028Z</time>
      </trkpt>
      <trkpt lat="50.734986" lon="13.020058">
        <ele>415.945115</ele>
        <time>2026-09-08T14:11:52.462Z</time>
      </trkpt>
      <trkpt lat="50.735036" lon="13.020580">
        <ele>414.150547</ele>
        <time>2026-09-08T14:11:55.594Z</time>
      </trkpt>
      <trkpt lat="50.735090" lon="13.020788">
        <ele>413.386351</ele>
        <time>2026-09-08T14:11:56.913Z</time>
      </trkpt>
      <trkpt lat="50.735198" lon="13.021075">
        <ele>412.251383</ele>
        <time>2026-09-08T14:11:58.854Z</time>
      </trkpt>
      <trkpt lat="50.735448" lon="13.021540">
        <ele>410.177479</ele>
        <time>2026-09-08T14:12:02.370Z</time>
      </trkpt>
      <trkpt lat="50.735524" lon="13.021749">
        <ele>409.375570</ele>
        <time>2026-09-08T14:12:03.753Z</time>
      </trkpt>
      <trkpt lat="50.735550" lon="13.021812">
        <ele>409.145351</ele>
        <time>2026-09-08T14:12:04.181Z</time>
      </trkpt>
      <trkpt lat="50.735656" lon="13.022271">
        <ele>407.649744</ele>
        <time>2026-09-08T14:12:06.984Z</time>
      </trkpt>
      <trkpt lat="50.735681" lon="13.022560">
        <ele>406.756894</ele>
        <time>2026-09-08T14:12:08.697Z</time>
      </trkpt>
      <trkpt lat="50.735856" lon="13.023321">
        <ele>404.278486</ele>
        <time>2026-09-08T14:12:13.498Z</time>
      </trkpt>
      <trkpt lat="50.735886" lon="13.023673">
        <ele>403.191297</ele>
        <time>2026-09-08T14:12:15.648Z</time>
      </trkpt>
      <trkpt lat="50.735901" lon="13.024257">
        <ele>401.402216</ele>
        <time>2026-09-08T14:12:19.337Z</time>
      </trkpt>
      <trkpt lat="50.735911" lon="13.025058">
        <ele>399.550183</ele>
        <time>2026-09-08T14:12:24.633Z</time>
      </trkpt>
      <trkpt lat="50.735890" lon="13.025648">
        <ele>398.317594</ele>
        <time>2026-09-08T14:12:28.620Z</time>
      </trkpt>
      <trkpt lat="50.735868" lon="13.025985">
        <ele>397.610937</ele>
        <time>2026-09-08T14:12:30.791Z</time>
      </trkpt>
      <trkpt lat="50.735836" lon="13.026255">
        <ele>397.037970</ele>
        <time>2026-09-08T14:12:32.485Z</time>
      </trkpt>
      <trkpt lat="50.735747" lon="13.027002">
        <ele>395.452477</ele>
        <time>2026-09-08T14:12:37.225Z</time>
      </trkpt>
      <trkpt lat="50.735732" lon="13.027143">
        <ele>395.154247</ele>
        <time>2026-09-08T14:12:38.125Z</time>
      </trkpt>
      <trkpt lat="50.735639" lon="13.028090">
        <ele>393.135347</ele>
        <time>2026-09-08T14:12:44.164Z</time>
      </trkpt>
      <trkpt lat="50.735632" lon="13.028140">
        <ele>393.027315</ele>
        <time>2026-09-08T14:12:44.490Z</time>
      </trkpt>
      <trkpt lat="50.735548" lon="13.028703">
        <ele>391.807035</ele>
        <time>2026-09-08T14:12:48.143Z</time>
      </trkpt>
      <trkpt lat="50.735092" lon="13.030529">
        <ele>387.879402</ele>
        <time>2026-09-08T14:13:00.816Z</time>
      </trkpt>
      <trkpt lat="50.735033" lon="13.030718">
        <ele>387.511079</ele>
        <time>2026-09-08T14:13:02.194Z</time>
      </trkpt>
      <trkpt lat="50.734861" lon="13.031473">
        <ele>386.108631</ele>
        <time>2026-09-08T14:13:07.428Z</time>
      </trkpt>
      <trkpt lat="50.734844" lon="13.031757">
        <ele>385.610049</ele>
        <time>2026-09-08T14:13:09.304Z</time>
      </trkpt>
      <trkpt lat="50.734890" lon="13.032464">
        <ele>384.367861</ele>
        <time>2026-09-08T14:13:14.023Z</time>
      </trkpt>
      <trkpt lat="50.734893" lon="13.032867">
        <ele>383.789446</ele>
        <time>2026-09-08T14:13:16.763Z</time>
      </trkpt>
      <trkpt lat="50.734877" lon="13.033171">
        <ele>383.495643</ele>
        <time>2026-09-08T14:13:18.850Z</time>
      </trkpt>
      <trkpt lat="50.734836" lon="13.033774">
        <ele>382.911532</ele>
        <time>2026-09-08T14:13:23.033Z</time>
      </trkpt>
      <trkpt lat="50.734774" lon="13.034589">
        <ele>382.120927</ele>
        <time>2026-09-08T14:13:28.860Z</time>
      </trkpt>
      <trkpt lat="50.734733" lon="13.034856">
        <ele>381.856310</ele>
        <time>2026-09-08T14:13:30.924Z</time>
      </trkpt>
      <trkpt lat="50.734532" lon="13.035475">
        <ele>381.198355</ele>
        <time>2026-09-08T14:13:36.562Z</time>
      </trkpt>
      <trkpt lat="50.734194" lon="13.036069">
        <ele>380.877989</ele>
        <time>2026-09-08T14:13:43.975Z</time>
      </trkpt>
      <trkpt lat="50.733736" lon="13.036945">
        <ele>380.422272</ele>
        <time>2026-09-08T14:13:55.321Z</time>
      </trkpt>
      <trkpt lat="50.733594" lon="13.037275">
        <ele>380.262223</ele>
        <time>2026-09-08T14:13:58.638Z</time>
      </trkpt>
      <trkpt lat="50.733498" lon="13.037568">
        <ele>380.129893</ele>
        <time>2026-09-08T14:14:01.097Z</time>
      </trkpt>
      <trkpt lat="50.733419" lon="13.038099">
        <ele>378.861504</ele>
        <time>2026-09-08T14:14:04.829Z</time>
      </trkpt>
      <trkpt lat="50.733387" lon="13.038476">
        <ele>377.683093</ele>
        <time>2026-09-08T14:14:07.255Z</time>
      </trkpt>
      <trkpt lat="50.733374" lon="13.039041">
        <ele>375.931553</ele>
        <time>2026-09-08T14:14:10.696Z</time>
      </trkpt>
      <trkpt lat="50.733334" lon="13.039321">
        <ele>375.042284</ele>
        <time>2026-09-08T14:14:12.390Z</time>
      </trkpt>
      <trkpt lat="50.733273" lon="13.039544">
        <ele>374.289664</ele>
        <time>2026-09-08T14:14:13.812Z</time>
      </trkpt>
      <trkpt lat="50.733124" lon="13.039760">
        <ele>373.299867</ele>
        <time>2026-09-08T14:14:15.656Z</time>
      </trkpt>
      <trkpt lat="50.731873" lon="13.040405">
        <ele>364.670685</ele>
        <time>2026-09-08T14:14:27.377Z</time>
      </trkpt>
      <trkpt lat="50.731651" lon="13.040731">
        <ele>362.450188</ele>
        <time>2026-09-08T14:14:30.046Z</time>
      </trkpt>
      <trkpt lat="50.731521" lon="13.040913">
        <ele>361.177636</ele>
        <time>2026-09-08T14:14:31.584Z</time>
      </trkpt>
      <trkpt lat="50.731322" lon="13.041063">
        <ele>359.562272</ele>
        <time>2026-09-08T14:14:33.541Z</time>
      </trkpt>
      <trkpt lat="50.730787" lon="13.041237">
        <ele>356.763484</ele>
        <time>2026-09-08T14:14:38.477Z</time>
      </trkpt>
      <trkpt lat="50.730649" lon="13.041323">
        <ele>356.194351</ele>
        <time>2026-09-08T14:14:39.857Z</time>
      </trkpt>
      <trkpt lat="50.730470" lon="13.041540">
        <ele>355.328745</ele>
        <time>2026-09-08T14:14:42.011Z</time>
      </trkpt>
      <trkpt lat="50.729866" lon="13.042723">
        <ele>351.637897</ele>
        <time>2026-09-08T14:14:51.910Z</time>
      </trkpt>
      <trkpt lat="50.729673" lon="13.043093">
        <ele>351.057077</ele>
        <time>2026-09-08T14:14:55.865Z</time>
      </trkpt>
      <trkpt lat="50.729404" lon="13.043674">
        <ele>350.741715</ele>
        <time>2026-09-08T14:15:02.533Z</time>
      </trkpt>
      <trkpt lat="50.729139" lon="13.044532">
        <ele>350.323459</ele>
        <time>2026-09-08T14:15:10.388Z</time>
      </trkpt>
      <trkpt lat="50.729113" lon="13.044661">
        <ele>350.264147</ele>
        <time>2026-09-08T14:15:11.546Z</time>
      </trkpt>
      <trkpt lat="50.729018" lon="13.045288">
        <ele>349.981694</ele>
        <time>2026-09-08T14:15:16.706Z</time>
      </trkpt>
      <trkpt lat="50.729022" lon="13.045555">
        <ele>349.988771</ele>
        <time>2026-09-08T14:15:18.923Z</time>
      </trkpt>
      <trkpt lat="50.729063" lon="13.045832">
        <ele>350.067803</ele>
        <time>2026-09-08T14:15:21.342Z</time>
      </trkpt>
      <trkpt lat="50.729290" lon="13.046843">
        <ele>350.365821</ele>
        <time>2026-09-08T14:15:31.250Z</time>
      </trkpt>
      <trkpt lat="50.729557" lon="13.048038">
        <ele>350.717884</ele>
        <time>2026-09-08T14:15:46.714Z</time>
      </trkpt>
      <trkpt lat="50.729608" lon="13.048292">
        <ele>350.610592</ele>
        <time>2026-09-08T14:15:50.673Z</time>
      </trkpt>
      <trkpt lat="50.729649" lon="13.048471">
        <ele>350.508504</ele>
        <time>2026-09-08T14:15:53.296Z</time>
      </trkpt>
      <trkpt lat="50.729740" lon="13.048914">
        <ele>350.258730</ele>
        <time>2026-09-08T14:15:59.492Z</time>
      </trkpt>
      <trkpt lat="50.729746" lon="13.049273">
        <ele>350.066134</ele>
        <time>2026-09-08T14:16:03.303Z</time>
      </trkpt>
      <trkpt lat="50.729683" lon="13.049590">
        <ele>349.887947</ele>
        <time>2026-09-08T14:16:06.013Z</time>
      </trkpt>
      <trkpt lat="50.729586" lon="13.049872">
        <ele>349.715826</ele>
        <time>2026-09-08T14:16:08.324Z</time>
      </trkpt>
      <trkpt lat="50.729486" lon="13.050071">
        <ele>349.579561</ele>
        <time>2026-09-08T14:16:09.985Z</time>
      </trkpt>
      <trkpt lat="50.729326" lon="13.050273">
        <ele>349.406032</ele>
        <time>2026-09-08T14:16:12.092Z</time>
      </trkpt>
      <trkpt lat="50.729041" lon="13.050483">
        <ele>349.004380</ele>
        <time>2026-09-08T14:16:15.242Z</time>
      </trkpt>
      <trkpt lat="50.728821" lon="13.050561">
        <ele>348.425189</ele>
        <time>2026-09-08T14:16:17.459Z</time>
      </trkpt>
      <trkpt lat="50.728275" lon="13.050668">
        <ele>347.011880</ele>
        <time>2026-09-08T14:16:22.900Z</time>
      </trkpt>
      <trkpt lat="50.727771" lon="13.050863">
        <ele>345.678947</ele>
        <time>2026-09-08T14:16:28.383Z</time>
      </trkpt>
      <trkpt lat="50.727503" lon="13.051024">
        <ele>344.942414</ele>
        <time>2026-09-08T14:16:31.668Z</time>
      </trkpt>
      <trkpt lat="50.727339" lon="13.051165">
        <ele>344.547581</ele>
        <time>2026-09-08T14:16:33.964Z</time>
      </trkpt>
      <trkpt lat="50.727052" lon="13.051537">
        <ele>344.251296</ele>
        <time>2026-09-08T14:16:38.944Z</time>
      </trkpt>
      <trkpt lat="50.726962" lon="13.051702">
        <ele>344.141260</ele>
        <time>2026-09-08T14:16:40.873Z</time>
      </trkpt>
      <trkpt lat="50.726755" lon="13.052231">
        <ele>343.827066</ele>
        <time>2026-09-08T14:16:46.786Z</time>
      </trkpt>
      <trkpt lat="50.726549" lon="13.053251">
        <ele>343.286162</ele>
        <time>2026-09-08T14:16:55.581Z</time>
      </trkpt>
      <trkpt lat="50.726485" lon="13.053837">
        <ele>342.782415</ele>
        <time>2026-09-08T14:16:59.982Z</time>
      </trkpt>
      <trkpt lat="50.726473" lon="13.054331">
        <ele>342.224117</ele>
        <time>2026-09-08T14:17:03.337Z</time>
      </trkpt>
      <trkpt lat="50.726513" lon="13.055374">
        <ele>341.044070</ele>
        <time>2026-09-08T14:17:09.967Z</time>
      </trkpt>
      <trkpt lat="50.726510" lon="13.056253">
        <ele>340.051379</ele>
        <time>2026-09-08T14:17:15.967Z</time>
      </trkpt>
      <trkpt lat="50.726484" lon="13.056441">
        <ele>340.344448</ele>
        <time>2026-09-08T14:17:17.850Z</time>
      </trkpt>
      <trkpt lat="50.726439" lon="13.056562">
        <ele>340.938815</ele>
        <time>2026-09-08T14:17:19.405Z</time>
      </trkpt>
      <trkpt lat="50.726407" lon="13.056519">
        <ele>341.219893</ele>
        <time>2026-09-08T14:17:20.342Z</time>
      </trkpt>
      <trkpt lat="50.726264" lon="13.056335">
        <ele>342.453860</ele>
        <time>2026-09-08T14:17:24.730Z</time>
      </trkpt>
      <trkpt lat="50.726132" lon="13.056108">
        <ele>343.759343</ele>
        <time>2026-09-08T14:17:30.477Z</time>
      </trkpt>
      <trkpt lat="50.726082" lon="13.055881">
        <ele>344.777299</ele>
        <time>2026-09-08T14:17:35.954Z</time>
      </trkpt>
      <trkpt lat="50.726068" lon="13.055368">
        <ele>346.952038</ele>
        <time>2026-09-08T14:17:50.337Z</time>
      </trkpt>
      <trkpt lat="50.725938" lon="13.054114">
        <ele>352.435119</ele>
        <time>2026-09-08T14:18:39.145Z</time>
      </trkpt>
      <trkpt lat="50.725938" lon="13.054110">
        <ele>352.456845</ele>
        <time>2026-09-08T14:18:39.316Z</time>
      </trkpt>
      <trkpt lat="50.725955" lon="13.052338">
        <ele>362.082496</ele>
        <time>2026-09-08T14:19:47.028Z</time>
      </trkpt>
      <trkpt lat="50.726005" lon="13.051954">
        <ele>364.211838</ele>
        <time>2026-09-08T14:19:56.819Z</time>
      </trkpt>
      <trkpt lat="50.726124" lon="13.051431">
        <ele>367.230410</ele>
        <time>2026-09-08T14:20:08.046Z</time>
      </trkpt>
      <trkpt lat="50.726270" lon="13.050996">
        <ele>367.199137</ele>
        <time>2026-09-08T14:20:15.579Z</time>
      </trkpt>
      <trkpt lat="50.726576" lon="13.050467">
        <ele>366.873563</ele>
        <time>2026-09-08T14:20:22.286Z</time>
      </trkpt>
      <trkpt lat="50.727155" lon="13.049723">
        <ele>366.337886</ele>
        <time>2026-09-08T14:20:29.752Z</time>
      </trkpt>
      <trkpt lat="50.727246" lon="13.049641">
        <ele>366.262695</ele>
        <time>2026-09-08T14:20:30.928Z</time>
      </trkpt>
      <trkpt lat="50.727598" lon="13.049470">
        <ele>366.352322</ele>
        <time>2026-09-08T14:20:34.933Z</time>
      </trkpt>
      <trkpt lat="50.727757" lon="13.049349">
        <ele>366.603433</ele>
        <time>2026-09-08T14:20:36.893Z</time>
      </trkpt>
      <trkpt lat="50.727920" lon="13.049144">
        <ele>366.899875</ele>
        <time>2026-09-08T14:20:39.503Z</time>
      </trkpt>
      <trkpt lat="50.728138" lon="13.048638">
        <ele>367.451148</ele>
        <time>2026-09-08T14:20:45.600Z</time>
      </trkpt>
      <trkpt lat="50.728215" lon="13.048416">
        <ele>367.679141</ele>
        <time>2026-09-08T14:20:48.937Z</time>
      </trkpt>
      <trkpt lat="50.728271" lon="13.048154">
        <ele>367.928202</ele>
        <time>2026-09-08T14:20:53.605Z</time>
      </trkpt>
      <trkpt lat="50.728281" lon="13.047980">
        <ele>368.085559</ele>
        <time>2026-09-08T14:20:57.110Z</time>
      </trkpt>
      <trkpt lat="50.728246" lon="13.047749">
        <ele>368.299487</ele>
        <time>2026-09-08T14:21:02.329Z</time>
      </trkpt>
      <trkpt lat="50.727765" lon="13.046546">
        <ele>372.198381</ele>
        <time>2026-09-08T14:21:35.477Z</time>
      </trkpt>
      <trkpt lat="50.727595" lon="13.046009">
        <ele>374.303462</ele>
        <time>2026-09-08T14:21:50.638Z</time>
      </trkpt>
      <trkpt lat="50.727523" lon="13.045433">
        <ele>376.361960</ele>
        <time>2026-09-08T14:22:04.870Z</time>
      </trkpt>
      <trkpt lat="50.727492" lon="13.044341">
        <ele>379.356424</ele>
        <time>2026-09-08T14:22:30.446Z</time>
      </trkpt>
      <trkpt lat="50.727541" lon="13.043509">
        <ele>380.708224</ele>
        <time>2026-09-08T14:22:47.906Z</time>
      </trkpt>
      <trkpt lat="50.727640" lon="13.042743">
        <ele>381.973003</ele>
        <time>2026-09-08T14:23:00.066Z</time>
      </trkpt>
      <trkpt lat="50.727739" lon="13.042289">
        <ele>382.749827</ele>
        <time>2026-09-08T14:23:04.130Z</time>
      </trkpt>
      <trkpt lat="50.728151" lon="13.041210">
        <ele>383.238506</ele>
        <time>2026-09-08T14:23:13.209Z</time>
      </trkpt>
      <trkpt lat="50.728190" lon="13.041048">
        <ele>383.239097</ele>
        <time>2026-09-08T14:23:14.628Z</time>
      </trkpt>
      <trkpt lat="50.728192" lon="13.040859">
        <ele>383.239742</ele>
        <time>2026-09-08T14:23:16.158Z</time>
      </trkpt>
      <trkpt lat="50.728164" lon="13.040677">
        <ele>383.240380</ele>
        <time>2026-09-08T14:23:17.651Z</time>
      </trkpt>
      <trkpt lat="50.728108" lon="13.040575">
        <ele>383.240841</ele>
        <time>2026-09-08T14:23:19.062Z</time>
      </trkpt>
      <trkpt lat="50.728026" lon="13.040496">
        <ele>383.241359</ele>
        <time>2026-09-08T14:23:20.442Z</time>
      </trkpt>
      <trkpt lat="50.727586" lon="13.040273">
        <ele>383.243848</ele>
        <time>2026-09-08T14:23:28.824Z</time>
      </trkpt>
      <trkpt lat="50.727397" lon="13.040110">
        <ele>383.217666</ele>
        <time>2026-09-08T14:23:33.245Z</time>
      </trkpt>
      <trkpt lat="50.727162" lon="13.039750">
        <ele>382.657743</ele>
        <time>2026-09-08T14:23:41.868Z</time>
      </trkpt>
      <trkpt lat="50.726844" lon="13.039024">
        <ele>381.701817</ele>
        <time>2026-09-08T14:23:53.059Z</time>
      </trkpt>
      <trkpt lat="50.726771" lon="13.038709">
        <ele>381.338608</ele>
        <time>2026-09-08T14:23:55.268Z</time>
      </trkpt>
      <trkpt lat="50.726735" lon="13.038386">
        <ele>380.983494</ele>
        <time>2026-09-08T14:23:57.263Z</time>
      </trkpt>
      <trkpt lat="50.726742" lon="13.037845">
        <ele>380.397593</ele>
        <time>2026-09-08T14:24:00.354Z</time>
      </trkpt>
      <trkpt lat="50.726808" lon="13.037217">
        <ele>379.737116</ele>
        <time>2026-09-08T14:24:04.025Z</time>
      </trkpt>
      <trkpt lat="50.726776" lon="13.036729">
        <ele>379.239162</ele>
        <time>2026-09-08T14:24:06.992Z</time>
      </trkpt>
      <trkpt lat="50.726728" lon="13.036541">
        <ele>379.033411</ele>
        <time>2026-09-08T14:24:08.276Z</time>
      </trkpt>
      <trkpt lat="50.726647" lon="13.036379">
        <ele>378.823882</ele>
        <time>2026-09-08T14:24:09.618Z</time>
      </trkpt>
      <trkpt lat="50.726567" lon="13.036298">
        <ele>378.671526</ele>
        <time>2026-09-08T14:24:10.673Z</time>
      </trkpt>
      <trkpt lat="50.726364" lon="13.036214">
        <ele>378.335060</ele>
        <time>2026-09-08T14:24:13.094Z</time>
      </trkpt>
      <trkpt lat="50.725750" lon="13.036287">
        <ele>377.347803</ele>
        <time>2026-09-08T14:24:25.411Z</time>
      </trkpt>
      <trkpt lat="50.725202" lon="13.036255">
        <ele>378.437329</ele>
        <time>2026-09-08T14:24:44.046Z</time>
      </trkpt>
      <trkpt lat="50.724525" lon="13.035975">
        <ele>380.022760</ele>
        <time>2026-09-08T14:25:04.253Z</time>
      </trkpt>
      <trkpt lat="50.724337" lon="13.035828">
        <ele>380.497994</ele>
        <time>2026-09-08T14:25:08.819Z</time>
      </trkpt>
      <trkpt lat="50.724128" lon="13.035599">
        <ele>381.074234</ele>
        <time>2026-09-08T14:25:13.163Z</time>
      </trkpt>
      <trkpt lat="50.723948" lon="13.035281">
        <ele>381.300423</ele>
        <time>2026-09-08T14:25:16.704Z</time>
      </trkpt>
      <trkpt lat="50.723867" lon="13.035076">
        <ele>381.238000</ele>
        <time>2026-09-08T14:25:18.520Z</time>
      </trkpt>
      <trkpt lat="50.723821" lon="13.034847">
        <ele>381.175939</ele>
        <time>2026-09-08T14:25:20.248Z</time>
      </trkpt>
      <trkpt lat="50.723796" lon="13.034535">
        <ele>381.094701</ele>
        <time>2026-09-08T14:25:22.405Z</time>
      </trkpt>
      <trkpt lat="50.723803" lon="13.034326">
        <ele>381.040637</ele>
        <time>2026-09-08T14:25:23.791Z</time>
      </trkpt>
      <trkpt lat="50.723889" lon="13.033451">
        <ele>380.811902</ele>
        <time>2026-09-08T14:25:29.724Z</time>
      </trkpt>
      <trkpt lat="50.723897" lon="13.033328">
        <ele>380.779962</ele>
        <time>2026-09-08T14:25:30.817Z</time>
      </trkpt>
      <trkpt lat="50.723903" lon="13.032742">
        <ele>380.628569</ele>
        <time>2026-09-08T14:25:38.574Z</time>
      </trkpt>
      <trkpt lat="50.723824" lon="13.032394">
        <ele>381.390129</ele>
        <time>2026-09-08T14:25:45.725Z</time>
      </trkpt>
      <trkpt lat="50.723774" lon="13.032270">
        <ele>381.704877</ele>
        <time>2026-09-08T14:25:48.666Z</time>
      </trkpt>
      <trkpt lat="50.723568" lon="13.031980">
        <ele>382.638040</ele>
        <time>2026-09-08T14:25:57.990Z</time>
      </trkpt>
      <trkpt lat="50.723092" lon="13.031553">
        <ele>384.489252</ele>
        <time>2026-09-08T14:26:17.184Z</time>
      </trkpt>
      <trkpt lat="50.722929" lon="13.031359">
        <ele>385.179447</ele>
        <time>2026-09-08T14:26:24.495Z</time>
      </trkpt>
      <trkpt lat="50.722280" lon="13.030387">
        <ele>385.946445</ele>
        <time>2026-09-08T14:26:45.714Z</time>
      </trkpt>
      <trkpt lat="50.722084" lon="13.029983">
        <ele>385.391665</ele>
        <time>2026-09-08T14:26:48.992Z</time>
      </trkpt>
      <trkpt lat="50.721799" lon="13.029240">
        <ele>384.444758</ele>
        <time>2026-09-08T14:26:54.317Z</time>
      </trkpt>
      <trkpt lat="50.721705" lon="13.028833">
        <ele>383.972537</ele>
        <time>2026-09-08T14:26:57.043Z</time>
      </trkpt>
      <trkpt lat="50.721648" lon="13.028419">
        <ele>383.529030</ele>
        <time>2026-09-08T14:26:59.845Z</time>
      </trkpt>
      <trkpt lat="50.721629" lon="13.027812">
        <ele>382.987084</ele>
        <time>2026-09-08T14:27:04.161Z</time>
      </trkpt>
      <trkpt lat="50.721654" lon="13.027581">
        <ele>382.778105</ele>
        <time>2026-09-08T14:27:05.901Z</time>
      </trkpt>
      <trkpt lat="50.721763" lon="13.027038">
        <ele>382.270134</ele>
        <time>2026-09-08T14:27:10.337Z</time>
      </trkpt>
      <trkpt lat="50.721894" lon="13.026603">
        <ele>381.840580</ele>
        <time>2026-09-08T14:27:14.202Z</time>
      </trkpt>
      <trkpt lat="50.722185" lon="13.025833">
        <ele>381.061526</ele>
        <time>2026-09-08T14:27:21.263Z</time>
      </trkpt>
      <trkpt lat="50.722315" lon="13.025439">
        <ele>380.886521</ele>
        <time>2026-09-08T14:27:24.620Z</time>
      </trkpt>
      <trkpt lat="50.722427" lon="13.024959">
        <ele>380.685022</ele>
        <time>2026-09-08T14:27:28.258Z</time>
      </trkpt>
      <trkpt lat="50.722469" lon="13.024588">
        <ele>380.536572</ele>
        <time>2026-09-08T14:27:30.875Z</time>
      </trkpt>
      <trkpt lat="50.722437" lon="13.024327">
        <ele>380.431857</ele>
        <time>2026-09-08T14:27:32.885Z</time>
      </trkpt>
      <trkpt lat="50.722395" lon="13.024177">
        <ele>380.367253</ele>
        <time>2026-09-08T14:27:34.212Z</time>
      </trkpt>
      <trkpt lat="50.722255" lon="13.023909">
        <ele>380.230394</ele>
        <time>2026-09-08T14:27:37.354Z</time>
      </trkpt>
      <trkpt lat="50.722177" lon="13.023812">
        <ele>380.168628</ele>
        <time>2026-09-08T14:27:38.967Z</time>
      </trkpt>
      <trkpt lat="50.721821" lon="13.023554">
        <ele>379.989772</ele>
        <time>2026-09-08T14:27:46.191Z</time>
      </trkpt>
      <trkpt lat="50.721747" lon="13.023507">
        <ele>380.035263</ele>
        <time>2026-09-08T14:27:47.814Z</time>
      </trkpt>
      <trkpt lat="50.721496" lon="13.023357">
        <ele>380.188328</ele>
        <time>2026-09-08T14:27:52.707Z</time>
      </trkpt>
      <trkpt lat="50.721024" lon="13.023080">
        <ele>380.475520</ele>
        <time>2026-09-08T14:28:02.771Z</time>
      </trkpt>
      <trkpt lat="50.720742" lon="13.022872">
        <ele>380.653035</ele>
        <time>2026-09-08T14:28:09.000Z</time>
      </trkpt>
      <trkpt lat="50.720618" lon="13.022669">
        <ele>380.754894</ele>
        <time>2026-09-08T14:28:12.219Z</time>
      </trkpt>
      <trkpt lat="50.720589" lon="13.022472">
        <ele>380.827928</ele>
        <time>2026-09-08T14:28:14.199Z</time>
      </trkpt>
      <trkpt lat="50.720602" lon="13.022328">
        <ele>380.880453</ele>
        <time>2026-09-08T14:28:15.433Z</time>
      </trkpt>
      <trkpt lat="50.720602" lon="13.022253">
        <ele>380.907535</ele>
        <time>2026-09-08T14:28:16.074Z</time>
      </trkpt>
      <trkpt lat="50.720564" lon="13.022160">
        <ele>380.947504</ele>
        <time>2026-09-08T14:28:16.929Z</time>
      </trkpt>
      <trkpt lat="50.720439" lon="13.022044">
        <ele>380.957981</ele>
        <time>2026-09-08T14:28:18.669Z</time>
      </trkpt>
      <trkpt lat="50.720030" lon="13.021841">
        <ele>380.814874</ele>
        <time>2026-09-08T14:28:23.630Z</time>
      </trkpt>
      <trkpt lat="50.719640" lon="13.021589">
        <ele>380.674219</ele>
        <time>2026-09-08T14:28:29.936Z</time>
      </trkpt>
      <trkpt lat="50.719266" lon="13.021204">
        <ele>380.525203</ele>
        <time>2026-09-08T14:28:36.115Z</time>
      </trkpt>
      <trkpt lat="50.718952" lon="13.020837">
        <ele>380.394812</ele>
        <time>2026-09-08T14:28:41.712Z</time>
      </trkpt>
      <trkpt lat="50.718807" lon="13.020592">
        <ele>380.328410</ele>
        <time>2026-09-08T14:28:44.921Z</time>
      </trkpt>
      <trkpt lat="50.718679" lon="13.020314">
        <ele>380.261155</ele>
        <time>2026-09-08T14:28:48.212Z</time>
      </trkpt>
      <trkpt lat="50.718540" lon="13.019915">
        <ele>380.172051</ele>
        <time>2026-09-08T14:28:52.097Z</time>
      </trkpt>
      <trkpt lat="50.718334" lon="13.018979">
        <ele>379.978166</ele>
        <time>2026-09-08T14:28:59.987Z</time>
      </trkpt>
      <trkpt lat="50.718150" lon="13.018110">
        <ele>379.926513</ele>
        <time>2026-09-08T14:29:07.806Z</time>
      </trkpt>
      <trkpt lat="50.717593" lon="13.015461">
        <ele>381.935100</ele>
        <time>2026-09-08T14:29:40.835Z</time>
      </trkpt>
      <trkpt lat="50.717405" lon="13.014959">
        <ele>383.431684</ele>
        <time>2026-09-08T14:29:51.327Z</time>
      </trkpt>
      <trkpt lat="50.717240" lon="13.014730">
        <ele>384.321880</ele>
        <time>2026-09-08T14:29:58.390Z</time>
      </trkpt>
      <trkpt lat="50.717204" lon="13.014692">
        <ele>384.497363</ele>
        <time>2026-09-08T14:29:59.730Z</time>
      </trkpt>
      <trkpt lat="50.717083" lon="13.014580">
        <ele>385.065754</ele>
        <time>2026-09-08T14:30:04.360Z</time>
      </trkpt>
      <trkpt lat="50.716831" lon="13.014432">
        <ele>386.155368</ele>
        <time>2026-09-08T14:30:13.658Z</time>
      </trkpt>
      <trkpt lat="50.716578" lon="13.014297">
        <ele>387.237649</ele>
        <time>2026-09-08T14:30:22.979Z</time>
      </trkpt>
      <trkpt lat="50.716491" lon="13.014264">
        <ele>387.600264</ele>
        <time>2026-09-08T14:30:26.130Z</time>
      </trkpt>
      <trkpt lat="50.716399" lon="13.014183">
        <ele>388.027136</ele>
        <time>2026-09-08T14:30:30.133Z</time>
      </trkpt>
      <trkpt lat="50.716322" lon="13.014034">
        <ele>388.520659</ele>
        <time>2026-09-08T14:30:34.750Z</time>
      </trkpt>
      <trkpt lat="50.716268" lon="13.013798">
        <ele>389.137973</ele>
        <time>2026-09-08T14:30:41.000Z</time>
      </trkpt>
      <trkpt lat="50.715954" lon="13.011844">
        <ele>393.623253</ele>
        <time>2026-09-08T14:31:18.704Z</time>
      </trkpt>
      <trkpt lat="50.715658" lon="13.010061">
        <ele>397.050213</ele>
        <time>2026-09-08T14:31:46.197Z</time>
      </trkpt>
      <trkpt lat="50.715630" lon="13.009939">
        <ele>397.259150</ele>
        <time>2026-09-08T14:31:48.451Z</time>
      </trkpt>
      <trkpt lat="50.715485" lon="13.009473">
        <ele>398.095156</ele>
        <time>2026-09-08T14:31:57.309Z</time>
      </trkpt>
      <trkpt lat="50.715227" lon="13.008906">
        <ele>399.219368</ele>
        <time>2026-09-08T14:32:08.706Z</time>
      </trkpt>
      <trkpt lat="50.715135" lon="13.008559">
        <ele>399.825076</ele>
        <time>2026-09-08T14:32:14.571Z</time>
      </trkpt>
      <trkpt lat="50.715124" lon="13.008223">
        <ele>400.175505</ele>
        <time>2026-09-08T14:32:19.855Z</time>
      </trkpt>
      <trkpt lat="50.715148" lon="13.006852">
        <ele>401.552628</ele>
        <time>2026-09-08T14:32:39.544Z</time>
      </trkpt>
      <trkpt lat="50.715136" lon="13.006303">
        <ele>402.104198</ele>
        <time>2026-09-08T14:32:45.750Z</time>
      </trkpt>
      <trkpt lat="50.715052" lon="13.005467">
        <ele>402.747656</ele>
        <time>2026-09-08T14:32:56.194Z</time>
      </trkpt>
      <trkpt lat="50.714647" lon="13.002753">
        <ele>402.965877</ele>
        <time>2026-09-08T14:33:23.388Z</time>
      </trkpt>
      <trkpt lat="50.714591" lon="13.002402">
        <ele>402.629278</ele>
        <time>2026-09-08T14:33:26.373Z</time>
      </trkpt>
      <trkpt lat="50.714409" lon="13.001518">
        <ele>401.764876</ele>
        <time>2026-09-08T14:33:33.822Z</time>
      </trkpt>
      <trkpt lat="50.714224" lon="13.000774">
        <ele>401.021585</ele>
        <time>2026-09-08T14:33:39.462Z</time>
      </trkpt>
      <trkpt lat="50.714101" lon="13.000454">
        <ele>400.673475</ele>
        <time>2026-09-08T14:33:42.117Z</time>
      </trkpt>
      <trkpt lat="50.713938" lon="13.000166">
        <ele>400.081907</ele>
        <time>2026-09-08T14:33:44.553Z</time>
      </trkpt>
      <trkpt lat="50.713498" lon="12.999829">
        <ele>398.470228</ele>
        <time>2026-09-08T14:33:49.232Z</time>
      </trkpt>
      <trkpt lat="50.713348" lon="12.999676">
        <ele>397.881716</ele>
        <time>2026-09-08T14:33:50.942Z</time>
      </trkpt>
      <trkpt lat="50.713221" lon="12.999480">
        <ele>397.296479</ele>
        <time>2026-09-08T14:33:52.661Z</time>
      </trkpt>
      <trkpt lat="50.713132" lon="12.999191">
        <ele>396.625820</ele>
        <time>2026-09-08T14:33:54.635Z</time>
      </trkpt>
      <trkpt lat="50.713085" lon="12.999022">
        <ele>396.240616</ele>
        <time>2026-09-08T14:33:55.789Z</time>
      </trkpt>
      <trkpt lat="50.713055" lon="12.998906">
        <ele>395.979123</ele>
        <time>2026-09-08T14:33:56.585Z</time>
      </trkpt>
      <trkpt lat="50.712938" lon="12.998592">
        <ele>395.218798</ele>
        <time>2026-09-08T14:33:58.924Z</time>
      </trkpt>
      <trkpt lat="50.712803" lon="12.998337">
        <ele>394.584893</ele>
        <time>2026-09-08T14:34:01.163Z</time>
      </trkpt>
      <trkpt lat="50.712672" lon="12.998167">
        <ele>394.722259</ele>
        <time>2026-09-08T14:34:03.087Z</time>
      </trkpt>
      <trkpt lat="50.712184" lon="12.997667">
        <ele>395.193534</ele>
        <time>2026-09-08T14:34:13.173Z</time>
      </trkpt>
      <trkpt lat="50.712015" lon="12.997431">
        <ele>395.376302</ele>
        <time>2026-09-08T14:34:18.238Z</time>
      </trkpt>
      <trkpt lat="50.711951" lon="12.997326">
        <ele>395.451068</ele>
        <time>2026-09-08T14:34:20.349Z</time>
      </trkpt>
      <trkpt lat="50.711762" lon="12.996939">
        <ele>395.701791</ele>
        <time>2026-09-08T14:34:26.995Z</time>
      </trkpt>
      <trkpt lat="50.711651" lon="12.996576">
        <ele>395.908590</ele>
        <time>2026-09-08T14:34:32.510Z</time>
      </trkpt>
      <trkpt lat="50.711548" lon="12.996030">
        <ele>396.586199</ele>
        <time>2026-09-08T14:34:41.074Z</time>
      </trkpt>
      <trkpt lat="50.711541" lon="12.995891">
        <ele>396.819337</ele>
        <time>2026-09-08T14:34:43.238Z</time>
      </trkpt>
      <trkpt lat="50.711589" lon="12.995729">
        <ele>397.118381</ele>
        <time>2026-09-08T14:34:46.143Z</time>
      </trkpt>
      <trkpt lat="50.711463" lon="12.995466">
        <ele>397.669784</ele>
        <time>2026-09-08T14:34:51.464Z</time>
      </trkpt>
      <trkpt lat="50.711287" lon="12.995196">
        <ele>398.317664</ele>
        <time>2026-09-08T14:34:57.824Z</time>
      </trkpt>
      <trkpt lat="50.711161" lon="12.995110">
        <ele>398.680099</ele>
        <time>2026-09-08T14:35:01.319Z</time>
      </trkpt>
      <trkpt lat="50.711078" lon="12.995098">
        <ele>398.900169</ele>
        <time>2026-09-08T14:35:03.378Z</time>
      </trkpt>
      <trkpt lat="50.710960" lon="12.994288">
        <ele>400.289857</ele>
        <time>2026-09-08T14:35:16.431Z</time>
      </trkpt>
      <trkpt lat="50.710910" lon="12.993991">
        <ele>400.813225</ele>
        <time>2026-09-08T14:35:21.755Z</time>
      </trkpt>
      <trkpt lat="50.710842" lon="12.992955">
        <ele>403.239473</ele>
        <time>2026-09-08T14:35:40.987Z</time>
      </trkpt>
      <trkpt lat="50.710838" lon="12.992844">
        <ele>403.498461</ele>
        <time>2026-09-08T14:35:43.132Z</time>
      </trkpt>
      <trkpt lat="50.710819" lon="12.992307">
        <ele>404.751333</ele>
        <time>2026-09-08T14:35:54.141Z</time>
      </trkpt>
      <trkpt lat="50.710817" lon="12.991610">
        <ele>406.374984</ele>
        <time>2026-09-08T14:36:08.169Z</time>
      </trkpt>
      <trkpt lat="50.710837" lon="12.991468">
        <ele>406.713851</ele>
        <time>2026-09-08T14:36:10.916Z</time>
      </trkpt>
      <trkpt lat="50.710962" lon="12.990857">
        <ele>407.924593</ele>
        <time>2026-09-08T14:36:22.714Z</time>
      </trkpt>
      <trkpt lat="50.710968" lon="12.990574">
        <ele>408.353130</ele>
        <time>2026-09-08T14:36:27.497Z</time>
      </trkpt>
      <trkpt lat="50.710941" lon="12.990069">
        <ele>409.120124</ele>
        <time>2026-09-08T14:36:35.582Z</time>
      </trkpt>
      <trkpt lat="50.710881" lon="12.989566">
        <ele>409.894762</ele>
        <time>2026-09-08T14:36:43.538Z</time>
      </trkpt>
      <trkpt lat="50.710743" lon="12.988881">
        <ele>410.982655</ele>
        <time>2026-09-08T14:36:53.166Z</time>
      </trkpt>
      <trkpt lat="50.710726" lon="12.988803">
        <ele>411.107499</ele>
        <time>2026-09-08T14:36:54.225Z</time>
      </trkpt>
      <trkpt lat="50.710708" lon="12.988720">
        <ele>411.240275</ele>
        <time>2026-09-08T14:36:55.276Z</time>
      </trkpt>
      <trkpt lat="50.710620" lon="12.988244">
        <ele>412.054785</ele>
        <time>2026-09-08T14:37:01.281Z</time>
      </trkpt>
      <trkpt lat="50.710574" lon="12.987950">
        <ele>412.612295</ele>
        <time>2026-09-08T14:37:05.429Z</time>
      </trkpt>
      <trkpt lat="50.710526" lon="12.987605">
        <ele>413.262566</ele>
        <time>2026-09-08T14:37:10.878Z</time>
      </trkpt>
      <trkpt lat="50.710520" lon="12.987540">
        <ele>413.383492</ele>
        <time>2026-09-08T14:37:11.905Z</time>
      </trkpt>
      <trkpt lat="50.710503" lon="12.987349">
        <ele>413.738567</ele>
        <time>2026-09-08T14:37:15.107Z</time>
      </trkpt>
      <trkpt lat="50.710519" lon="12.987138">
        <ele>414.129779</ele>
        <time>2026-09-08T14:37:18.855Z</time>
      </trkpt>
      <trkpt lat="50.710684" lon="12.986666">
        <ele>415.122310</ele>
        <time>2026-09-08T14:37:28.796Z</time>
      </trkpt>
      <trkpt lat="50.710726" lon="12.986482">
        <ele>415.482375</ele>
        <time>2026-09-08T14:37:32.531Z</time>
      </trkpt>
      <trkpt lat="50.710794" lon="12.986098">
        <ele>416.216411</ele>
        <time>2026-09-08T14:37:39.982Z</time>
      </trkpt>
      <trkpt lat="50.710875" lon="12.985770">
        <ele>416.864526</ele>
        <time>2026-09-08T14:37:46.437Z</time>
      </trkpt>
      <trkpt lat="50.711022" lon="12.985379">
        <ele>417.794651</ele>
        <time>2026-09-08T14:37:54.671Z</time>
      </trkpt>
      <trkpt lat="50.711307" lon="12.984895">
        <ele>419.156850</ele>
        <time>2026-09-08T14:38:06.561Z</time>
      </trkpt>
      <trkpt lat="50.711753" lon="12.984311">
        <ele>421.042597</ele>
        <time>2026-09-08T14:38:22.727Z</time>
      </trkpt>
      <trkpt lat="50.711801" lon="12.984231">
        <ele>421.269741</ele>
        <time>2026-09-08T14:38:24.656Z</time>
      </trkpt>
      <trkpt lat="50.711960" lon="12.983764">
        <ele>422.362545</ele>
        <time>2026-09-08T14:38:33.115Z</time>
      </trkpt>
      <trkpt lat="50.712045" lon="12.983489">
        <ele>423.044594</ele>
        <time>2026-09-08T14:38:37.987Z</time>
      </trkpt>
      <trkpt lat="50.712130" lon="12.983220">
        <ele>423.812026</ele>
        <time>2026-09-08T14:38:42.901Z</time>
      </trkpt>
      <trkpt lat="50.712674" lon="12.981509">
        <ele>428.699369</ele>
        <time>2026-09-08T14:39:21.469Z</time>
      </trkpt>
      <trkpt lat="50.712695" lon="12.981407">
        <ele>428.973161</ele>
        <time>2026-09-08T14:39:23.773Z</time>
      </trkpt>
      <trkpt lat="50.712726" lon="12.981099">
        <ele>429.769259</ele>
        <time>2026-09-08T14:39:30.355Z</time>
      </trkpt>
      <trkpt lat="50.712724" lon="12.980850">
        <ele>430.515822</ele>
        <time>2026-09-08T14:39:35.513Z</time>
      </trkpt>
      <trkpt lat="50.712722" lon="12.980040">
        <ele>433.193386</ele>
        <time>2026-09-08T14:39:52.906Z</time>
      </trkpt>
      <trkpt lat="50.712722" lon="12.979558">
        <ele>434.786690</ele>
        <time>2026-09-08T14:40:04.367Z</time>
      </trkpt>
      <trkpt lat="50.712696" lon="12.979106">
        <ele>436.286978</ele>
        <time>2026-09-08T14:40:15.487Z</time>
      </trkpt>
      <trkpt lat="50.712469" lon="12.978476">
        <ele>438.683074</ele>
        <time>2026-09-08T14:40:33.104Z</time>
      </trkpt>
      <trkpt lat="50.712244" lon="12.977947">
        <ele>440.465210</ele>
        <time>2026-09-08T14:40:46.424Z</time>
      </trkpt>
      <trkpt lat="50.711995" lon="12.977547">
        <ele>441.880663</ele>
        <time>2026-09-08T14:40:58.845Z</time>
      </trkpt>
      <trkpt lat="50.711916" lon="12.977378">
        <ele>442.410745</ele>
        <time>2026-09-08T14:41:03.636Z</time>
      </trkpt>
      <trkpt lat="50.711767" lon="12.977013">
        <ele>443.506621</ele>
        <time>2026-09-08T14:41:13.395Z</time>
      </trkpt>
      <trkpt lat="50.711389" lon="12.976120">
        <ele>446.217214</ele>
        <time>2026-09-08T14:41:31.638Z</time>
      </trkpt>
      <trkpt lat="50.711315" lon="12.975763">
        <ele>446.808910</ele>
        <time>2026-09-08T14:41:36.452Z</time>
      </trkpt>
      <trkpt lat="50.711240" lon="12.975100">
        <ele>447.462260</ele>
        <time>2026-09-08T14:41:45.903Z</time>
      </trkpt>
      <trkpt lat="50.711092" lon="12.974464">
        <ele>448.119580</ele>
        <time>2026-09-08T14:41:54.704Z</time>
      </trkpt>
      <trkpt lat="50.711018" lon="12.974011">
        <ele>448.573419</ele>
        <time>2026-09-08T14:42:00.123Z</time>
      </trkpt>
      <trkpt lat="50.710938" lon="12.972386">
        <ele>450.083328</ele>
        <time>2026-09-08T14:42:20.632Z</time>
      </trkpt>
      <trkpt lat="50.710935" lon="12.972234">
        <ele>450.217920</ele>
        <time>2026-09-08T14:42:22.648Z</time>
      </trkpt>
      <trkpt lat="50.711017" lon="12.971378">
        <ele>450.984134</ele>
        <time>2026-09-08T14:42:33.914Z</time>
      </trkpt>
      <trkpt lat="50.711181" lon="12.969999">
        <ele>452.388727</ele>
        <time>2026-09-08T14:42:52.245Z</time>
      </trkpt>
      <trkpt lat="50.711248" lon="12.969334">
        <ele>453.246778</ele>
        <time>2026-09-08T14:43:01.687Z</time>
      </trkpt>
      <trkpt lat="50.711349" lon="12.968673">
        <ele>454.113247</ele>
        <time>2026-09-08T14:43:11.018Z</time>
      </trkpt>
      <trkpt lat="50.711340" lon="12.968293">
        <ele>454.597808</ele>
        <time>2026-09-08T14:43:16.220Z</time>
      </trkpt>
      <trkpt lat="50.711270" lon="12.967661">
        <ele>455.415375</ele>
        <time>2026-09-08T14:43:25.952Z</time>
      </trkpt>
      <trkpt lat="50.711269" lon="12.967397">
        <ele>456.045693</ele>
        <time>2026-09-08T14:43:30.528Z</time>
      </trkpt>
      <trkpt lat="50.711338" lon="12.967058">
        <ele>456.981737</ele>
        <time>2026-09-08T14:43:37.054Z</time>
      </trkpt>
      <trkpt lat="50.711366" lon="12.966927">
        <ele>457.345189</ele>
        <time>2026-09-08T14:43:39.789Z</time>
      </trkpt>
      <trkpt lat="50.711424" lon="12.966633">
        <ele>458.154673</ele>
        <time>2026-09-08T14:43:45.821Z</time>
      </trkpt>
      <trkpt lat="50.711436" lon="12.966289">
        <ele>459.060326</ele>
        <time>2026-09-08T14:43:52.895Z</time>
      </trkpt>
      <trkpt lat="50.711402" lon="12.965923">
        <ele>460.032738</ele>
        <time>2026-09-08T14:44:00.666Z</time>
      </trkpt>
      <trkpt lat="50.711296" lon="12.965235">
        <ele>461.894067</ele>
        <time>2026-09-08T14:44:16.245Z</time>
      </trkpt>
      <trkpt lat="50.711066" lon="12.964450">
        <ele>464.140236</ele>
        <time>2026-09-08T14:44:34.946Z</time>
      </trkpt>
      <trkpt lat="50.710886" lon="12.963917">
        <ele>465.692434</ele>
        <time>2026-09-08T14:44:47.230Z</time>
      </trkpt>
      <trkpt lat="50.710794" lon="12.963523">
        <ele>466.771499</ele>
        <time>2026-09-08T14:44:55.238Z</time>
      </trkpt>
      <trkpt lat="50.710701" lon="12.962823">
        <ele>468.609394</ele>
        <time>2026-09-08T14:45:08.405Z</time>
      </trkpt>
      <trkpt lat="50.710620" lon="12.962197">
        <ele>470.250910</ele>
        <time>2026-09-08T14:45:20.174Z</time>
      </trkpt>
      <trkpt lat="50.710558" lon="12.961919">
        <ele>470.986233</ele>
        <time>2026-09-08T14:45:25.801Z</time>
      </trkpt>
      <trkpt lat="50.710502" lon="12.961767">
        <ele>471.424961</ele>
        <time>2026-09-08T14:45:29.289Z</time>
      </trkpt>
      <trkpt lat="50.710175" lon="12.960912">
        <ele>473.916924</ele>
        <time>2026-09-08T14:45:49.385Z</time>
      </trkpt>
      <trkpt lat="50.709891" lon="12.959814">
        <ele>476.875991</ele>
        <time>2026-09-08T14:46:12.503Z</time>
      </trkpt>
      <trkpt lat="50.709674" lon="12.959408">
        <ele>478.190948</ele>
        <time>2026-09-08T14:46:22.505Z</time>
      </trkpt>
      <trkpt lat="50.709292" lon="12.958738">
        <ele>480.413117</ele>
        <time>2026-09-08T14:46:38.666Z</time>
      </trkpt>
      <trkpt lat="50.708900" lon="12.958034">
        <ele>482.723782</ele>
        <time>2026-09-08T14:46:56.087Z</time>
      </trkpt>
      <trkpt lat="50.708558" lon="12.957453">
        <ele>484.747695</ele>
        <time>2026-09-08T14:47:12.648Z</time>
      </trkpt>
      <trkpt lat="50.708214" lon="12.957069">
        <ele>486.708290</ele>
        <time>2026-09-08T14:47:27.194Z</time>
      </trkpt>
      <trkpt lat="50.708001" lon="12.956884">
        <ele>487.839644</ele>
        <time>2026-09-08T14:47:35.569Z</time>
      </trkpt>
      <trkpt lat="50.707378" lon="12.956375">
        <ele>491.104182</ele>
        <time>2026-09-08T14:48:00.304Z</time>
      </trkpt>
      <trkpt lat="50.707196" lon="12.956199">
        <ele>492.097423</ele>
        <time>2026-09-08T14:48:07.334Z</time>
      </trkpt>
      <trkpt lat="50.707054" lon="12.955947">
        <ele>492.961485</ele>
        <time>2026-09-08T14:48:13.987Z</time>
      </trkpt>
      <trkpt lat="50.706849" lon="12.955463">
        <ele>494.109047</ele>
        <time>2026-09-08T14:48:24.852Z</time>
      </trkpt>
      <trkpt lat="50.706658" lon="12.955176">
        <ele>494.929568</ele>
        <time>2026-09-08T14:48:32.163Z</time>
      </trkpt>
      <trkpt lat="50.706482" lon="12.955029">
        <ele>495.549194</ele>
        <time>2026-09-08T14:48:37.439Z</time>
      </trkpt>
      <trkpt lat="50.706260" lon="12.954834">
        <ele>496.339771</ele>
        <time>2026-09-08T14:48:43.926Z</time>
      </trkpt>
      <trkpt lat="50.706136" lon="12.954606">
        <ele>496.932086</ele>
        <time>2026-09-08T14:48:48.729Z</time>
      </trkpt>
      <trkpt lat="50.705912" lon="12.954073">
        <ele>498.192818</ele>
        <time>2026-09-08T14:48:58.485Z</time>
      </trkpt>
      <trkpt lat="50.705430" lon="12.953442">
        <ele>500.170326</ele>
        <time>2026-09-08T14:49:14.414Z</time>
      </trkpt>
      <trkpt lat="50.705334" lon="12.953259">
        <ele>500.646029</ele>
        <time>2026-09-08T14:49:18.309Z</time>
      </trkpt>
      <trkpt lat="50.705129" lon="12.952663">
        <ele>502.003770</ele>
        <time>2026-09-08T14:49:29.740Z</time>
      </trkpt>
      <trkpt lat="50.704984" lon="12.952252">
        <ele>502.945601</ele>
        <time>2026-09-08T14:49:38.505Z</time>
      </trkpt>
      <trkpt lat="50.704930" lon="12.952100">
        <ele>503.294496</ele>
        <time>2026-09-08T14:49:41.908Z</time>
      </trkpt>
      <trkpt lat="50.704785" lon="12.951868">
        <ele>503.947019</ele>
        <time>2026-09-08T14:49:48.722Z</time>
      </trkpt>
      <trkpt lat="50.704607" lon="12.951688">
        <ele>504.706020</ele>
        <time>2026-09-08T14:49:55.439Z</time>
      </trkpt>
      <trkpt lat="50.704593" lon="12.951673">
        <ele>504.767172</ele>
        <time>2026-09-08T14:49:55.962Z</time>
      </trkpt>
      <trkpt lat="50.704129" lon="12.951237">
        <ele>506.718776</ele>
        <time>2026-09-08T14:50:11.794Z</time>
      </trkpt>
      <trkpt lat="50.703851" lon="12.951028">
        <ele>507.831673</ele>
        <time>2026-09-08T14:50:20.268Z</time>
      </trkpt>
      <trkpt lat="50.703723" lon="12.950819">
        <ele>508.497208</ele>
        <time>2026-09-08T14:50:25.607Z</time>
      </trkpt>
      <trkpt lat="50.703663" lon="12.950600">
        <ele>509.043425</ele>
        <time>2026-09-08T14:50:30.184Z</time>
      </trkpt>
      <trkpt lat="50.703643" lon="12.950350">
        <ele>509.620257</ele>
        <time>2026-09-08T14:50:35.095Z</time>
      </trkpt>
      <trkpt lat="50.703645" lon="12.949930">
        <ele>510.597184</ele>
        <time>2026-09-08T14:50:42.891Z</time>
      </trkpt>
      <trkpt lat="50.703647" lon="12.949850">
        <ele>510.809152</ele>
        <time>2026-09-08T14:50:44.242Z</time>
      </trkpt>
      <trkpt lat="50.703618" lon="12.949607">
        <ele>511.463824</ele>
        <time>2026-09-08T14:50:48.375Z</time>
      </trkpt>
      <trkpt lat="50.703557" lon="12.949426">
        <ele>512.006651</ele>
        <time>2026-09-08T14:50:51.880Z</time>
      </trkpt>
      <trkpt lat="50.703502" lon="12.949342">
        <ele>512.326527</ele>
        <time>2026-09-08T14:50:54.043Z</time>
      </trkpt>
      <trkpt lat="50.703278" lon="12.949003">
        <ele>513.623589</ele>
        <time>2026-09-08T14:51:03.245Z</time>
      </trkpt>
      <trkpt lat="50.703264" lon="12.948982">
        <ele>513.704313</ele>
        <time>2026-09-08T14:51:03.854Z</time>
      </trkpt>
      <trkpt lat="50.703132" lon="12.948804">
        <ele>514.429969</ele>
        <time>2026-09-08T14:51:09.456Z</time>
      </trkpt>
      <trkpt lat="50.702890" lon="12.948443">
        <ele>515.821698</ele>
        <time>2026-09-08T14:51:20.720Z</time>
      </trkpt>
      <trkpt lat="50.702800" lon="12.948290">
        <ele>516.374543</ele>
        <time>2026-09-08T14:51:25.273Z</time>
      </trkpt>
      <trkpt lat="50.702743" lon="12.948198">
        <ele>516.715287</ele>
        <time>2026-09-08T14:51:28.140Z</time>
      </trkpt>
      <trkpt lat="50.702497" lon="12.947825">
        <ele>518.154480</ele>
        <time>2026-09-08T14:51:39.727Z</time>
      </trkpt>
      <trkpt lat="50.701992" lon="12.947356">
        <ele>520.840122</ele>
        <time>2026-09-08T14:51:59.097Z</time>
      </trkpt>
      <trkpt lat="50.701864" lon="12.947194">
        <ele>521.592101</ele>
        <time>2026-09-08T14:52:04.809Z</time>
      </trkpt>
      <trkpt lat="50.701712" lon="12.946849">
        <ele>522.812233</ele>
        <time>2026-09-08T14:52:13.546Z</time>
      </trkpt>
      <trkpt lat="50.701613" lon="12.946598">
        <ele>523.670705</ele>
        <time>2026-09-08T14:52:19.618Z</time>
      </trkpt>
      <trkpt lat="50.701317" lon="12.945861">
        <ele>526.204360</ele>
        <time>2026-09-08T14:52:37.393Z</time>
      </trkpt>
      <trkpt lat="50.701142" lon="12.945529">
        <ele>527.670775</ele>
        <time>2026-09-08T14:52:46.301Z</time>
      </trkpt>
      <trkpt lat="50.700906" lon="12.945306">
        <ele>529.152505</ele>
        <time>2026-09-08T14:52:55.998Z</time>
      </trkpt>
      <trkpt lat="50.700679" lon="12.945201">
        <ele>530.426846</ele>
        <time>2026-09-08T14:53:04.878Z</time>
      </trkpt>
      <trkpt lat="50.700566" lon="12.945046">
        <ele>531.233282</ele>
        <time>2026-09-08T14:53:10.423Z</time>
      </trkpt>
      <trkpt lat="50.700456" lon="12.944781">
        <ele>532.314414</ele>
        <time>2026-09-08T14:53:17.725Z</time>
      </trkpt>
      <trkpt lat="50.700321" lon="12.944437">
        <ele>533.695283</ele>
        <time>2026-09-08T14:53:27.212Z</time>
      </trkpt>
      <trkpt lat="50.700240" lon="12.944228">
        <ele>534.531361</ele>
        <time>2026-09-08T14:53:33.056Z</time>
      </trkpt>
      <trkpt lat="50.700017" lon="12.943910">
        <ele>536.191872</ele>
        <time>2026-09-08T14:53:44.492Z</time>
      </trkpt>
      <trkpt lat="50.699838" lon="12.943769">
        <ele>537.479689</ele>
        <time>2026-09-08T14:53:52.490Z</time>
      </trkpt>
      <trkpt lat="50.699627" lon="12.943658">
        <ele>538.911473</ele>
        <time>2026-09-08T14:54:01.692Z</time>
      </trkpt>
      <trkpt lat="50.699292" lon="12.943398">
        <ele>541.314611</ele>
        <time>2026-09-08T14:54:16.941Z</time>
      </trkpt>
      <trkpt lat="50.699070" lon="12.943190">
        <ele>542.976507</ele>
        <time>2026-09-08T14:54:27.362Z</time>
      </trkpt>
      <trkpt lat="50.698770" lon="12.942807">
        <ele>545.460258</ele>
        <time>2026-09-08T14:54:43.013Z</time>
      </trkpt>
      <trkpt lat="50.698507" lon="12.942586">
        <ele>547.378269</ele>
        <time>2026-09-08T14:54:55.546Z</time>
      </trkpt>
      <trkpt lat="50.698147" lon="12.942348">
        <ele>550.096263</ele>
        <time>2026-09-08T14:55:12.110Z</time>
      </trkpt>
      <trkpt lat="50.698011" lon="12.942291">
        <ele>551.080473</ele>
        <time>2026-09-08T14:55:18.133Z</time>
      </trkpt>
      <trkpt lat="50.697631" lon="12.942268">
        <ele>553.740357</ele>
        <time>2026-09-08T14:55:34.411Z</time>
      </trkpt>
      <trkpt lat="50.697046" lon="12.942129">
        <ele>557.878256</ele>
        <time>2026-09-08T14:56:00.046Z</time>
      </trkpt>
      <trkpt lat="50.696729" lon="12.942047">
        <ele>560.125971</ele>
        <time>2026-09-08T14:56:14.033Z</time>
      </trkpt>
      <trkpt lat="50.696444" lon="12.942033">
        <ele>562.181577</ele>
        <time>2026-09-08T14:56:26.556Z</time>
      </trkpt>
      <trkpt lat="50.695378" lon="12.941937">
        <ele>569.879039</ele>
        <time>2026-09-08T14:57:13.125Z</time>
      </trkpt>
      <trkpt lat="50.694364" lon="12.941574">
        <ele>577.181277</ele>
        <time>2026-09-08T14:57:59.340Z</time>
      </trkpt>
      <trkpt lat="50.693705" lon="12.941399">
        <ele>581.782698</ele>
        <time>2026-09-08T14:58:26.421Z</time>
      </trkpt>
      <trkpt lat="50.693543" lon="12.941995">
        <ele>584.611577</ele>
        <time>2026-09-08T14:58:43.324Z</time>
      </trkpt>
      <trkpt lat="50.693343" lon="12.941788">
        <ele>586.300775</ele>
        <time>2026-09-08T14:58:53.324Z</time>
      </trkpt>
      <trkpt lat="50.691964" lon="12.939349">
        <ele>601.420256</ele>
        <time>2026-09-08T15:00:24.886Z</time>
      </trkpt>
      <trkpt lat="50.691730" lon="12.939047">
        <ele>603.697490</ele>
        <time>2026-09-08T15:00:39.156Z</time>
      </trkpt>
      <trkpt lat="50.691459" lon="12.938805">
        <ele>606.043316</ele>
        <time>2026-09-08T15:00:53.919Z</time>
      </trkpt>
      <trkpt lat="50.690387" lon="12.938225">
        <ele>613.206504</ele>
        <time>2026-09-08T15:01:45.125Z</time>
      </trkpt>
      <trkpt lat="50.690141" lon="12.937992">
        <ele>614.201645</ele>
        <time>2026-09-08T15:01:55.885Z</time>
      </trkpt>
      <trkpt lat="50.689899" lon="12.937628">
        <ele>615.361165</ele>
        <time>2026-09-08T15:02:06.821Z</time>
      </trkpt>
      <trkpt lat="50.689603" lon="12.937054">
        <ele>616.987601</ele>
        <time>2026-09-08T15:02:18.023Z</time>
      </trkpt>
      <trkpt lat="50.689315" lon="12.936443">
        <ele>617.916152</ele>
        <time>2026-09-08T15:02:24.725Z</time>
      </trkpt>
      <trkpt lat="50.689082" lon="12.936021">
        <ele>616.787655</ele>
        <time>2026-09-08T15:02:28.579Z</time>
      </trkpt>
      <trkpt lat="50.687789" lon="12.933943">
        <ele>609.605021</ele>
        <time>2026-09-08T15:02:46.530Z</time>
      </trkpt>
      <trkpt lat="50.687280" lon="12.933023">
        <ele>605.166477</ele>
        <time>2026-09-08T15:02:53.692Z</time>
      </trkpt>
      <trkpt lat="50.686616" lon="12.931831">
        <ele>598.847705</ele>
        <time>2026-09-08T15:03:02.661Z</time>
      </trkpt>
      <trkpt lat="50.686364" lon="12.931486">
        <ele>596.562360</ele>
        <time>2026-09-08T15:03:05.587Z</time>
      </trkpt>
      <trkpt lat="50.686072" lon="12.931175">
        <ele>594.149084</ele>
        <time>2026-09-08T15:03:08.701Z</time>
      </trkpt>
      <trkpt lat="50.685411" lon="12.930717">
        <ele>589.858617</ele>
        <time>2026-09-08T15:03:15.276Z</time>
      </trkpt>
      <trkpt lat="50.684949" lon="12.930374">
        <ele>589.603231</ele>
        <time>2026-09-08T15:03:20.451Z</time>
      </trkpt>
      <trkpt lat="50.684393" lon="12.929794">
        <ele>589.269860</ele>
        <time>2026-09-08T15:03:31.138Z</time>
      </trkpt>
      <trkpt lat="50.684071" lon="12.929348">
        <ele>589.055565</ele>
        <time>2026-09-08T15:03:42.382Z</time>
      </trkpt>
      <trkpt lat="50.683702" lon="12.928705">
        <ele>590.554504</ele>
        <time>2026-09-08T15:03:59.309Z</time>
      </trkpt>
      <trkpt lat="50.682198" lon="12.925443">
        <ele>597.881546</ele>
        <time>2026-09-08T15:05:11.347Z</time>
      </trkpt>
      <trkpt lat="50.681238" lon="12.923394">
        <ele>597.567593</ele>
        <time>2026-09-08T15:05:37.701Z</time>
      </trkpt>
      <trkpt lat="50.681734" lon="12.921843">
        <ele>593.935720</ele>
        <time>2026-09-08T15:05:48.446Z</time>
      </trkpt>
      <trkpt lat="50.681777" lon="12.921702">
        <ele>593.226755</ele>
        <time>2026-09-08T15:05:49.344Z</time>
      </trkpt>
      <trkpt lat="50.682083" lon="12.920783">
        <ele>588.523187</ele>
        <time>2026-09-08T15:05:55.212Z</time>
      </trkpt>
      <trkpt lat="50.682479" lon="12.919539">
        <ele>581.885019</ele>
        <time>2026-09-08T15:06:02.911Z</time>
      </trkpt>
      <trkpt lat="50.683202" lon="12.917376">
        <ele>567.889187</ele>
        <time>2026-09-08T15:06:16.363Z</time>
      </trkpt>
      <trkpt lat="50.683334" lon="12.917181">
        <ele>566.468338</ele>
        <time>2026-09-08T15:06:17.942Z</time>
      </trkpt>
      <trkpt lat="50.683785" lon="12.916801">
        <ele>562.860454</ele>
        <time>2026-09-08T15:06:22.437Z</time>
      </trkpt>
      <trkpt lat="50.684723" lon="12.915953">
        <ele>555.231895</ele>
        <time>2026-09-08T15:06:32.209Z</time>
      </trkpt>
      <trkpt lat="50.685148" lon="12.915491">
        <ele>552.824223</ele>
        <time>2026-09-08T15:06:37.117Z</time>
      </trkpt>
      <trkpt lat="50.685280" lon="12.915348">
        <ele>552.168118</ele>
        <time>2026-09-08T15:06:38.650Z</time>
      </trkpt>
      <trkpt lat="50.685458" lon="12.915119">
        <ele>551.227042</ele>
        <time>2026-09-08T15:06:40.867Z</time>
      </trkpt>
      <trkpt lat="50.685730" lon="12.914838">
        <ele>549.894832</ele>
        <time>2026-09-08T15:06:44.056Z</time>
      </trkpt>
      <trkpt lat="50.685818" lon="12.914772">
        <ele>549.495562</ele>
        <time>2026-09-08T15:06:45.033Z</time>
      </trkpt>
      <trkpt lat="50.686112" lon="12.914542">
        <ele>548.150865</ele>
        <time>2026-09-08T15:06:48.411Z</time>
      </trkpt>
      <trkpt lat="50.686331" lon="12.914250">
        <ele>546.982338</ele>
        <time>2026-09-08T15:06:51.388Z</time>
      </trkpt>
      <trkpt lat="50.686357" lon="12.914205">
        <ele>546.829560</ele>
        <time>2026-09-08T15:06:51.788Z</time>
      </trkpt>
      <trkpt lat="50.686452" lon="12.914047">
        <ele>546.283132</ele>
        <time>2026-09-08T15:06:53.186Z</time>
      </trkpt>
      <trkpt lat="50.686548" lon="12.913887">
        <ele>545.730339</ele>
        <time>2026-09-08T15:06:54.574Z</time>
      </trkpt>
      <trkpt lat="50.686689" lon="12.913639">
        <ele>544.894446</ele>
        <time>2026-09-08T15:06:56.653Z</time>
      </trkpt>
      <trkpt lat="50.687095" lon="12.913053">
        <ele>542.716120</ele>
        <time>2026-09-08T15:07:02.150Z</time>
      </trkpt>
      <trkpt lat="50.687218" lon="12.912893">
        <ele>542.085030</ele>
        <time>2026-09-08T15:07:03.691Z</time>
      </trkpt>
      <trkpt lat="50.687440" lon="12.912580">
        <ele>540.906417</ele>
        <time>2026-09-08T15:07:06.551Z</time>
      </trkpt>
      <trkpt lat="50.687588" lon="12.912370">
        <ele>540.118445</ele>
        <time>2026-09-08T15:07:08.428Z</time>
      </trkpt>
      <trkpt lat="50.687680" lon="12.912225">
        <ele>539.432244</ele>
        <time>2026-09-08T15:07:09.638Z</time>
      </trkpt>
      <trkpt lat="50.687918" lon="12.911760">
        <ele>537.344703</ele>
        <time>2026-09-08T15:07:13.128Z</time>
      </trkpt>
      <trkpt lat="50.688127" lon="12.911277">
        <ele>535.302143</ele>
        <time>2026-09-08T15:07:16.543Z</time>
      </trkpt>
      <trkpt lat="50.688322" lon="12.910715">
        <ele>533.064530</ele>
        <time>2026-09-08T15:07:20.263Z</time>
      </trkpt>
      <trkpt lat="50.688752" lon="12.908752">
        <ele>526.203705</ele>
        <time>2026-09-08T15:07:32.623Z</time>
      </trkpt>
      <trkpt lat="50.688787" lon="12.908435">
        <ele>525.182191</ele>
        <time>2026-09-08T15:07:34.549Z</time>
      </trkpt>
      <trkpt lat="50.688911" lon="12.907833">
        <ele>523.172616</ele>
        <time>2026-09-08T15:07:38.352Z</time>
      </trkpt>
      <trkpt lat="50.688932" lon="12.907738">
        <ele>522.853199</ele>
        <time>2026-09-08T15:07:38.954Z</time>
      </trkpt>
      <trkpt lat="50.689029" lon="12.907272">
        <ele>521.296042</ele>
        <time>2026-09-08T15:07:41.860Z</time>
      </trkpt>
      <trkpt lat="50.689145" lon="12.906502">
        <ele>519.054242</ele>
        <time>2026-09-08T15:07:46.617Z</time>
      </trkpt>
      <trkpt lat="50.689295" lon="12.905642">
        <ele>516.551581</ele>
        <time>2026-09-08T15:07:52.054Z</time>
      </trkpt>
      <trkpt lat="50.689354" lon="12.905403">
        <ele>515.831915</ele>
        <time>2026-09-08T15:07:53.640Z</time>
      </trkpt>
      <trkpt lat="50.689430" lon="12.905190">
        <ele>515.146043</ele>
        <time>2026-09-08T15:07:55.133Z</time>
      </trkpt>
      <trkpt lat="50.689595" lon="12.904847">
        <ele>513.937709</ele>
        <time>2026-09-08T15:07:57.766Z</time>
      </trkpt>
      <trkpt lat="50.690012" lon="12.903974">
        <ele>511.067002</ele>
        <time>2026-09-08T15:08:04.531Z</time>
      </trkpt>
      <trkpt lat="50.690591" lon="12.903051">
        <ele>507.737552</ele>
        <time>2026-09-08T15:08:12.460Z</time>
      </trkpt>
      <trkpt lat="50.691085" lon="12.902304">
        <ele>505.320108</ele>
        <time>2026-09-08T15:08:19.151Z</time>
      </trkpt>
      <trkpt lat="50.691563" lon="12.901611">
        <ele>503.715313</ele>
        <time>2026-09-08T15:08:25.990Z</time>
      </trkpt>
      <trkpt lat="50.691676" lon="12.901423">
        <ele>503.309365</ele>
        <time>2026-09-08T15:08:27.742Z</time>
      </trkpt>
      <trkpt lat="50.691923" lon="12.900869">
        <ele>502.248194</ele>
        <time>2026-09-08T15:08:32.378Z</time>
      </trkpt>
      <trkpt lat="50.692036" lon="12.900629">
        <ele>501.779791</ele>
        <time>2026-09-08T15:08:34.587Z</time>
      </trkpt>
      <trkpt lat="50.692608" lon="12.900000">
        <ele>500.266355</ele>
        <time>2026-09-08T15:08:42.898Z</time>
      </trkpt>
      <trkpt lat="50.692941" lon="12.899512">
        <ele>499.315627</ele>
        <time>2026-09-08T15:08:47.867Z</time>
      </trkpt>
      <trkpt lat="50.693478" lon="12.899062">
        <ele>498.043511</ele>
        <time>2026-09-08T15:08:54.312Z</time>
      </trkpt>
      <trkpt lat="50.693736" lon="12.898781">
        <ele>497.314090</ele>
        <time>2026-09-08T15:08:57.562Z</time>
      </trkpt>
      <trkpt lat="50.694248" lon="12.898139">
        <ele>495.576248</ele>
        <time>2026-09-08T15:09:04.181Z</time>
      </trkpt>
      <trkpt lat="50.694589" lon="12.897647">
        <ele>494.348426</ele>
        <time>2026-09-08T15:09:08.977Z</time>
      </trkpt>
      <trkpt lat="50.694713" lon="12.897461">
        <ele>493.893807</ele>
        <time>2026-09-08T15:09:10.783Z</time>
      </trkpt>
      <trkpt lat="50.695715" lon="12.896027">
        <ele>490.539171</ele>
        <time>2026-09-08T15:09:25.648Z</time>
      </trkpt>
      <trkpt lat="50.695967" lon="12.895731">
        <ele>489.781978</ele>
        <time>2026-09-08T15:09:29.030Z</time>
      </trkpt>
      <trkpt lat="50.697965" lon="12.894083">
        <ele>483.294453</ele>
        <time>2026-09-08T15:09:51.967Z</time>
      </trkpt>
      <trkpt lat="50.698388" lon="12.893684">
        <ele>482.205620</ele>
        <time>2026-09-08T15:09:57.187Z</time>
      </trkpt>
      <trkpt lat="50.698530" lon="12.893523">
        <ele>481.838160</ele>
        <time>2026-09-08T15:09:59.082Z</time>
      </trkpt>
      <trkpt lat="50.698811" lon="12.892980">
        <ele>480.904645</ele>
        <time>2026-09-08T15:10:03.995Z</time>
      </trkpt>
      <trkpt lat="50.698958" lon="12.892147">
        <ele>479.753411</ele>
        <time>2026-09-08T15:10:10.217Z</time>
      </trkpt>
      <trkpt lat="50.699016" lon="12.891318">
        <ele>478.332432</ele>
        <time>2026-09-08T15:10:16.207Z</time>
      </trkpt>
      <trkpt lat="50.698930" lon="12.889859">
        <ele>475.510507</ele>
        <time>2026-09-08T15:10:25.696Z</time>
      </trkpt>
      <trkpt lat="50.698897" lon="12.888957">
        <ele>473.736555</ele>
        <time>2026-09-08T15:10:31.296Z</time>
      </trkpt>
      <trkpt lat="50.698949" lon="12.887205">
        <ele>469.203905</ele>
        <time>2026-09-08T15:10:42.077Z</time>
      </trkpt>
      <trkpt lat="50.698957" lon="12.887024">
        <ele>468.735011</ele>
        <time>2026-09-08T15:10:43.204Z</time>
      </trkpt>
      <trkpt lat="50.698937" lon="12.886783">
        <ele>468.106874</ele>
        <time>2026-09-08T15:10:44.701Z</time>
      </trkpt>
      <trkpt lat="50.698757" lon="12.885729">
        <ele>465.645599</ele>
        <time>2026-09-08T15:10:51.375Z</time>
      </trkpt>
      <trkpt lat="50.698699" lon="12.885401">
        <ele>465.019799</ele>
        <time>2026-09-08T15:10:53.508Z</time>
      </trkpt>
      <trkpt lat="50.698644" lon="12.885029">
        <ele>464.317814</ele>
        <time>2026-09-08T15:10:55.933Z</time>
      </trkpt>
      <trkpt lat="50.698626" lon="12.884505">
        <ele>463.353465</ele>
        <time>2026-09-08T15:10:59.372Z</time>
      </trkpt>
      <trkpt lat="50.698627" lon="12.884234">
        <ele>462.855450</ele>
        <time>2026-09-08T15:11:01.176Z</time>
      </trkpt>
      <trkpt lat="50.698641" lon="12.883651">
        <ele>461.783324</ele>
        <time>2026-09-08T15:11:05.184Z</time>
      </trkpt>
      <trkpt lat="50.698630" lon="12.883650">
        <ele>461.751358</ele>
        <time>2026-09-08T15:11:05.388Z</time>
      </trkpt>
      <trkpt lat="50.698640" lon="12.883550">
        <ele>461.565315</ele>
        <time>2026-09-08T15:11:06.577Z</time>
      </trkpt>
      <trkpt lat="50.698690" lon="12.883450">
        <ele>461.331193</ele>
        <time>2026-09-08T15:11:08.071Z</time>
      </trkpt>
      <trkpt lat="50.698560" lon="12.883400">
        <ele>461.148120</ele>
        <time>2026-09-08T15:11:10.551Z</time>
      </trkpt>
      <trkpt lat="50.698420" lon="12.883400">
        <ele>460.967176</ele>
        <time>2026-09-08T15:11:13.146Z</time>
      </trkpt>
      <trkpt lat="50.698410" lon="12.883400">
        <ele>460.954251</ele>
        <time>2026-09-08T15:11:13.332Z</time>
      </trkpt>
      <trkpt lat="50.698560" lon="12.883400">
        <ele>460.760382</ele>
        <time>2026-09-08T15:11:16.112Z</time>
      </trkpt>
      <trkpt lat="50.698690" lon="12.883450">
        <ele>460.587449</ele>
        <time>2026-09-08T15:11:18.592Z</time>
      </trkpt>
      <trkpt lat="50.698690" lon="12.883481">
        <ele>460.562071</ele>
        <time>2026-09-08T15:11:18.954Z</time>
      </trkpt>
      <trkpt lat="50.698791" lon="12.883438">
        <ele>460.426869</ele>
        <time>2026-09-08T15:11:20.339Z</time>
      </trkpt>
      <trkpt lat="50.698985" lon="12.883451">
        <ele>460.175906</ele>
        <time>2026-09-08T15:11:22.882Z</time>
      </trkpt>
      <trkpt lat="50.699587" lon="12.883490">
        <ele>459.397190</ele>
        <time>2026-09-08T15:11:30.077Z</time>
      </trkpt>
      <trkpt lat="50.699705" lon="12.883516">
        <ele>459.243202</ele>
        <time>2026-09-08T15:11:31.429Z</time>
      </trkpt>
      <trkpt lat="50.700226" lon="12.883659">
        <ele>458.226568</ele>
        <time>2026-09-08T15:11:37.285Z</time>
      </trkpt>
      <trkpt lat="50.700449" lon="12.883761">
        <ele>457.693193</ele>
        <time>2026-09-08T15:11:39.748Z</time>
      </trkpt>
      <trkpt lat="50.701152" lon="12.883896">
        <ele>456.066254</ele>
        <time>2026-09-08T15:11:47.230Z</time>
      </trkpt>
      <trkpt lat="50.701579" lon="12.883958">
        <ele>455.081146</ele>
        <time>2026-09-08T15:11:51.730Z</time>
      </trkpt>
      <trkpt lat="50.701760" lon="12.884014">
        <ele>454.711148</ele>
        <time>2026-09-08T15:11:53.691Z</time>
      </trkpt>
      <trkpt lat="50.701826" lon="12.884034">
        <ele>454.598504</ele>
        <time>2026-09-08T15:11:54.406Z</time>
      </trkpt>
      <trkpt lat="50.702056" lon="12.884078">
        <ele>454.210174</ele>
        <time>2026-09-08T15:11:56.929Z</time>
      </trkpt>
      <trkpt lat="50.702217" lon="12.884060">
        <ele>453.939641</ele>
        <time>2026-09-08T15:11:58.717Z</time>
      </trkpt>
      <trkpt lat="50.702292" lon="12.884015">
        <ele>453.805160</ele>
        <time>2026-09-08T15:11:59.607Z</time>
      </trkpt>
      <trkpt lat="50.702808" lon="12.883523">
        <ele>452.794806</ele>
        <time>2026-09-08T15:12:06.719Z</time>
      </trkpt>
      <trkpt lat="50.703271" lon="12.882983">
        <ele>451.836158</ele>
        <time>2026-09-08T15:12:13.148Z</time>
      </trkpt>
      <trkpt lat="50.703584" lon="12.882639">
        <ele>451.543725</ele>
        <time>2026-09-08T15:12:17.811Z</time>
      </trkpt>
      <trkpt lat="50.703768" lon="12.882579">
        <ele>451.399653</ele>
        <time>2026-09-08T15:12:20.398Z</time>
      </trkpt>
      <trkpt lat="50.703901" lon="12.882454">
        <ele>451.280966</ele>
        <time>2026-09-08T15:12:22.553Z</time>
      </trkpt>
      <trkpt lat="50.704160" lon="12.882086">
        <ele>451.013787</ele>
        <time>2026-09-08T15:12:27.219Z</time>
      </trkpt>
      <trkpt lat="50.704386" lon="12.881879">
        <ele>450.813440</ele>
        <time>2026-09-08T15:12:30.701Z</time>
      </trkpt>
      <trkpt lat="50.704670" lon="12.881823">
        <ele>450.593971</ele>
        <time>2026-09-08T15:12:34.362Z</time>
      </trkpt>
      <trkpt lat="50.705269" lon="12.881824">
        <ele>449.669394</ele>
        <time>2026-09-08T15:12:41.908Z</time>
      </trkpt>
      <trkpt lat="50.705569" lon="12.881901">
        <ele>449.105208</ele>
        <time>2026-09-08T15:12:45.413Z</time>
      </trkpt>
      <trkpt lat="50.705849" lon="12.882011">
        <ele>448.569611</ele>
        <time>2026-09-08T15:12:48.462Z</time>
      </trkpt>
      <trkpt lat="50.706181" lon="12.882262">
        <ele>447.886338</ele>
        <time>2026-09-08T15:12:52.334Z</time>
      </trkpt>
      <trkpt lat="50.706678" lon="12.882891">
        <ele>446.692081</ele>
        <time>2026-09-08T15:12:59.148Z</time>
      </trkpt>
      <trkpt lat="50.707334" lon="12.883525">
        <ele>445.223737</ele>
        <time>2026-09-08T15:13:07.321Z</time>
      </trkpt>
      <trkpt lat="50.707998" lon="12.884134">
        <ele>443.757763</ele>
        <time>2026-09-08T15:13:16.434Z</time>
      </trkpt>
      <trkpt lat="50.708133" lon="12.884268">
        <ele>443.523722</ele>
        <time>2026-09-08T15:13:18.334Z</time>
      </trkpt>
      <trkpt lat="50.708480" lon="12.884636">
        <ele>442.963501</ele>
        <time>2026-09-08T15:13:23.128Z</time>
      </trkpt>
      <trkpt lat="50.708853" lon="12.885205">
        <ele>442.268415</ele>
        <time>2026-09-08T15:13:29.324Z</time>
      </trkpt>
      <trkpt lat="50.709352" lon="12.885966">
        <ele>441.338656</ele>
        <time>2026-09-08T15:13:37.605Z</time>
      </trkpt>
      <trkpt lat="50.709541" lon="12.886143">
        <ele>441.052539</ele>
        <time>2026-09-08T15:13:40.076Z</time>
      </trkpt>
      <trkpt lat="50.710078" lon="12.886525">
        <ele>440.291375</ele>
        <time>2026-09-08T15:13:46.592Z</time>
      </trkpt>
      <trkpt lat="50.710724" lon="12.887026">
        <ele>439.361261</ele>
        <time>2026-09-08T15:13:54.956Z</time>
      </trkpt>
      <trkpt lat="50.711172" lon="12.887372">
        <ele>438.650435</ele>
        <time>2026-09-08T15:14:02.288Z</time>
      </trkpt>
      <trkpt lat="50.711386" lon="12.887541">
        <ele>438.254921</ele>
        <time>2026-09-08T15:14:05.232Z</time>
      </trkpt>
      <trkpt lat="50.711830" lon="12.888091">
        <ele>437.322123</ele>
        <time>2026-09-08T15:14:11.842Z</time>
      </trkpt>
      <trkpt lat="50.711999" lon="12.888357">
        <ele>436.927703</ele>
        <time>2026-09-08T15:14:14.515Z</time>
      </trkpt>
      <trkpt lat="50.712164" lon="12.888616">
        <ele>436.543140</ele>
        <time>2026-09-08T15:14:17.015Z</time>
      </trkpt>
      <trkpt lat="50.712453" lon="12.889069">
        <ele>435.783326</ele>
        <time>2026-09-08T15:14:21.352Z</time>
      </trkpt>
      <trkpt lat="50.712638" lon="12.889238">
        <ele>435.154322</ele>
        <time>2026-09-08T15:14:23.503Z</time>
      </trkpt>
      <trkpt lat="50.712801" lon="12.889256">
        <ele>434.673424</ele>
        <time>2026-09-08T15:14:25.117Z</time>
      </trkpt>
      <trkpt lat="50.712887" lon="12.889234">
        <ele>434.417018</ele>
        <time>2026-09-08T15:14:25.980Z</time>
      </trkpt>
      <trkpt lat="50.713188" lon="12.889040">
        <ele>433.460208</ele>
        <time>2026-09-08T15:14:29.245Z</time>
      </trkpt>
      <trkpt lat="50.713333" lon="12.889027">
        <ele>433.032771</ele>
        <time>2026-09-08T15:14:30.729Z</time>
      </trkpt>
      <trkpt lat="50.713646" lon="12.889141">
        <ele>432.087398</ele>
        <time>2026-09-08T15:14:34.043Z</time>
      </trkpt>
      <trkpt lat="50.713925" lon="12.889182">
        <ele>431.262724</ele>
        <time>2026-09-08T15:14:36.931Z</time>
      </trkpt>
      <trkpt lat="50.714098" lon="12.889179">
        <ele>430.753535</ele>
        <time>2026-09-08T15:14:38.727Z</time>
      </trkpt>
      <trkpt lat="50.714228" lon="12.889177">
        <ele>430.482126</ele>
        <time>2026-09-08T15:14:40.102Z</time>
      </trkpt>
      <trkpt lat="50.714441" lon="12.889111">
        <ele>430.067662</ele>
        <time>2026-09-08T15:14:42.431Z</time>
      </trkpt>
      <trkpt lat="50.714578" lon="12.889042">
        <ele>429.793089</ele>
        <time>2026-09-08T15:14:43.969Z</time>
      </trkpt>
      <trkpt lat="50.714773" lon="12.888941">
        <ele>429.401236</ele>
        <time>2026-09-08T15:14:46.178Z</time>
      </trkpt>
      <trkpt lat="50.714862" lon="12.888893">
        <ele>429.221661</ele>
        <time>2026-09-08T15:14:47.192Z</time>
      </trkpt>
      <trkpt lat="50.715199" lon="12.888705">
        <ele>428.539216</ele>
        <time>2026-09-08T15:14:51.089Z</time>
      </trkpt>
      <trkpt lat="50.715719" lon="12.888577">
        <ele>427.534321</ele>
        <time>2026-09-08T15:14:57.225Z</time>
      </trkpt>
      <trkpt lat="50.715913" lon="12.888402">
        <ele>427.125226</ele>
        <time>2026-09-08T15:14:59.964Z</time>
      </trkpt>
      <trkpt lat="50.716159" lon="12.888072">
        <ele>426.583089</ele>
        <time>2026-09-08T15:15:03.949Z</time>
      </trkpt>
      <trkpt lat="50.716591" lon="12.887497">
        <ele>425.634145</ele>
        <time>2026-09-08T15:15:10.508Z</time>
      </trkpt>
      <trkpt lat="50.716666" lon="12.887377">
        <ele>425.454820</ele>
        <time>2026-09-08T15:15:11.689Z</time>
      </trkpt>
      <trkpt lat="50.716807" lon="12.886999">
        <ele>424.988236</ele>
        <time>2026-09-08T15:15:14.732Z</time>
      </trkpt>
      <trkpt lat="50.716893" lon="12.887039">
        <ele>424.837649</ele>
        <time>2026-09-08T15:15:15.717Z</time>
      </trkpt>
      <trkpt lat="50.717101" lon="12.887007">
        <ele>424.486619</ele>
        <time>2026-09-08T15:15:17.992Z</time>
      </trkpt>
      <trkpt lat="50.717698" lon="12.886874">
        <ele>423.317906</ele>
        <time>2026-09-08T15:15:24.410Z</time>
      </trkpt>
      <trkpt lat="50.717775" lon="12.886856">
        <ele>423.160254</ele>
        <time>2026-09-08T15:15:25.238Z</time>
      </trkpt>
      <trkpt lat="50.718898" lon="12.886605">
        <ele>420.863109</ele>
        <time>2026-09-08T15:15:37.788Z</time>
      </trkpt>
      <trkpt lat="50.718987" lon="12.886584">
        <ele>420.680851</ele>
        <time>2026-09-08T15:15:38.809Z</time>
      </trkpt>
      <trkpt lat="50.719076" lon="12.886564">
        <ele>420.513667</ele>
        <time>2026-09-08T15:15:39.816Z</time>
      </trkpt>
      <trkpt lat="50.719467" lon="12.886473">
        <ele>419.845171</ele>
        <time>2026-09-08T15:15:44.209Z</time>
      </trkpt>
      <trkpt lat="50.719663" lon="12.886422">
        <ele>419.509179</ele>
        <time>2026-09-08T15:15:46.426Z</time>
      </trkpt>
      <trkpt lat="50.720369" lon="12.886351">
        <ele>418.312601</ele>
        <time>2026-09-08T15:15:54.289Z</time>
      </trkpt>
      <trkpt lat="50.720495" lon="12.886345">
        <ele>418.099382</ele>
        <time>2026-09-08T15:15:55.691Z</time>
      </trkpt>
      <trkpt lat="50.720542" lon="12.886313">
        <ele>418.012813</ele>
        <time>2026-09-08T15:15:56.273Z</time>
      </trkpt>
      <trkpt lat="50.720625" lon="12.886551">
        <ele>417.721840</ele>
        <time>2026-09-08T15:15:58.219Z</time>
      </trkpt>
      <trkpt lat="50.720847" lon="12.887222">
        <ele>417.376388</ele>
        <time>2026-09-08T15:16:03.941Z</time>
      </trkpt>
      <trkpt lat="50.720907" lon="12.887538">
        <ele>417.281693</ele>
        <time>2026-09-08T15:16:06.768Z</time>
      </trkpt>
      <trkpt lat="50.720961" lon="12.888520">
        <ele>416.998764</ele>
        <time>2026-09-08T15:16:15.352Z</time>
      </trkpt>
      <trkpt lat="50.720997" lon="12.888836">
        <ele>416.906605</ele>
        <time>2026-09-08T15:16:18.281Z</time>
      </trkpt>
      <trkpt lat="50.721111" lon="12.889087">
        <ele>416.817937</ele>
        <time>2026-09-08T15:16:21.225Z</time>
      </trkpt>
      <trkpt lat="50.721153" lon="12.889141">
        <ele>416.793384</ele>
        <time>2026-09-08T15:16:21.988Z</time>
      </trkpt>
      <trkpt lat="50.721472" lon="12.889442">
        <ele>416.678097</ele>
        <time>2026-09-08T15:16:27.735Z</time>
      </trkpt>
      <trkpt lat="50.721591" lon="12.889549">
        <ele>416.647047</ele>
        <time>2026-09-08T15:16:29.895Z</time>
      </trkpt>
      <trkpt lat="50.721759" lon="12.889774">
        <ele>416.597103</ele>
        <time>2026-09-08T15:16:33.484Z</time>
      </trkpt>
      <trkpt lat="50.721823" lon="12.890008">
        <ele>416.560510</ele>
        <time>2026-09-08T15:16:36.104Z</time>
      </trkpt>
      <trkpt lat="50.721913" lon="12.890957">
        <ele>416.422757</ele>
        <time>2026-09-08T15:16:44.549Z</time>
      </trkpt>
      <trkpt lat="50.721994" lon="12.891286">
        <ele>416.372082</ele>
        <time>2026-09-08T15:16:47.467Z</time>
      </trkpt>
      <trkpt lat="50.722145" lon="12.891733">
        <ele>416.243613</ele>
        <time>2026-09-08T15:16:51.472Z</time>
      </trkpt>
      <trkpt lat="50.722278" lon="12.892159">
        <ele>416.017792</ele>
        <time>2026-09-08T15:16:55.161Z</time>
      </trkpt>
      <trkpt lat="50.722324" lon="12.892321">
        <ele>415.933381</ele>
        <time>2026-09-08T15:16:56.530Z</time>
      </trkpt>
      <trkpt lat="50.722645" lon="12.893392">
        <ele>415.370022</ele>
        <time>2026-09-08T15:17:05.817Z</time>
      </trkpt>
      <trkpt lat="50.722722" lon="12.893794">
        <ele>415.170347</ele>
        <time>2026-09-08T15:17:09.056Z</time>
      </trkpt>
      <trkpt lat="50.722740" lon="12.894529">
        <ele>414.865516</ele>
        <time>2026-09-08T15:17:15.294Z</time>
      </trkpt>
      <trkpt lat="50.722772" lon="12.894899">
        <ele>414.740353</ele>
        <time>2026-09-08T15:17:19.002Z</time>
      </trkpt>
      <trkpt lat="50.722916" lon="12.895626">
        <ele>414.485039</ele>
        <time>2026-09-08T15:17:26.859Z</time>
      </trkpt>
      <trkpt lat="50.722953" lon="12.895857">
        <ele>414.405176</ele>
        <time>2026-09-08T15:17:28.929Z</time>
      </trkpt>
      <trkpt lat="50.723004" lon="12.896688">
        <ele>414.125349</ele>
        <time>2026-09-08T15:17:35.335Z</time>
      </trkpt>
      <trkpt lat="50.723090" lon="12.896999">
        <ele>413.997067</ele>
        <time>2026-09-08T15:17:37.845Z</time>
      </trkpt>
      <trkpt lat="50.723203" lon="12.897225">
        <ele>413.742476</ele>
        <time>2026-09-08T15:17:39.972Z</time>
      </trkpt>
      <trkpt lat="50.723481" lon="12.897588">
        <ele>413.238806</ele>
        <time>2026-09-08T15:17:44.127Z</time>
      </trkpt>
      <trkpt lat="50.723588" lon="12.897720">
        <ele>413.049221</ele>
        <time>2026-09-08T15:17:45.651Z</time>
      </trkpt>
      <trkpt lat="50.723736" lon="12.898015">
        <ele>412.716470</ele>
        <time>2026-09-08T15:17:48.276Z</time>
      </trkpt>
      <trkpt lat="50.723817" lon="12.898369">
        <ele>412.383712</ele>
        <time>2026-09-08T15:17:50.872Z</time>
      </trkpt>
      <trkpt lat="50.723911" lon="12.899126">
        <ele>411.701756</ele>
        <time>2026-09-08T15:17:56.574Z</time>
      </trkpt>
      <trkpt lat="50.723920" lon="12.899842">
        <ele>411.336061</ele>
        <time>2026-09-08T15:18:02.702Z</time>
      </trkpt>
      <trkpt lat="50.723940" lon="12.900230">
        <ele>411.200995</ele>
        <time>2026-09-08T15:18:05.916Z</time>
      </trkpt>
      <trkpt lat="50.724034" lon="12.900710">
        <ele>411.026669</ele>
        <time>2026-09-08T15:18:10.133Z</time>
      </trkpt>
      <trkpt lat="50.724102" lon="12.901008">
        <ele>410.916763</ele>
        <time>2026-09-08T15:18:13.003Z</time>
      </trkpt>
      <trkpt lat="50.724117" lon="12.901070">
        <ele>410.893734</ele>
        <time>2026-09-08T15:18:13.607Z</time>
      </trkpt>
      <trkpt lat="50.724246" lon="12.901475">
        <ele>410.736433</ele>
        <time>2026-09-08T15:18:17.622Z</time>
      </trkpt>
      <trkpt lat="50.724321" lon="12.901688">
        <ele>410.651869</ele>
        <time>2026-09-08T15:18:19.641Z</time>
      </trkpt>
      <trkpt lat="50.724397" lon="12.901900">
        <ele>410.567339</ele>
        <time>2026-09-08T15:18:21.725Z</time>
      </trkpt>
      <trkpt lat="50.724612" lon="12.902472">
        <ele>410.180252</ele>
        <time>2026-09-08T15:18:27.141Z</time>
      </trkpt>
      <trkpt lat="50.724700" lon="12.902709">
        <ele>410.005035</ele>
        <time>2026-09-08T15:18:29.215Z</time>
      </trkpt>
      <trkpt lat="50.724857" lon="12.903165">
        <ele>409.674014</ele>
        <time>2026-09-08T15:18:33.161Z</time>
      </trkpt>
      <trkpt lat="50.724880" lon="12.903236">
        <ele>409.623153</ele>
        <time>2026-09-08T15:18:33.796Z</time>
      </trkpt>
      <trkpt lat="50.724910" lon="12.903328">
        <ele>409.557158</ele>
        <time>2026-09-08T15:18:34.584Z</time>
      </trkpt>
      <trkpt lat="50.724938" lon="12.903414">
        <ele>409.495486</ele>
        <time>2026-09-08T15:18:35.350Z</time>
      </trkpt>
      <trkpt lat="50.725164" lon="12.904080">
        <ele>409.013604</ele>
        <time>2026-09-08T15:18:41.048Z</time>
      </trkpt>
      <trkpt lat="50.725321" lon="12.904323">
        <ele>408.792184</ele>
        <time>2026-09-08T15:18:43.549Z</time>
      </trkpt>
      <trkpt lat="50.725474" lon="12.904497">
        <ele>408.658240</ele>
        <time>2026-09-08T15:18:45.778Z</time>
      </trkpt>
      <trkpt lat="50.725742" lon="12.904696">
        <ele>408.513302</ele>
        <time>2026-09-08T15:18:49.475Z</time>
      </trkpt>
      <trkpt lat="50.726014" lon="12.904906">
        <ele>408.365126</ele>
        <time>2026-09-08T15:18:53.261Z</time>
      </trkpt>
      <trkpt lat="50.726097" lon="12.905029">
        <ele>408.309425</ele>
        <time>2026-09-08T15:18:54.758Z</time>
      </trkpt>
      <trkpt lat="50.726155" lon="12.905174">
        <ele>408.256283</ele>
        <time>2026-09-08T15:18:56.204Z</time>
      </trkpt>
      <trkpt lat="50.726289" lon="12.905505">
        <ele>408.134551</ele>
        <time>2026-09-08T15:18:59.625Z</time>
      </trkpt>
      <trkpt lat="50.726484" lon="12.905805">
        <ele>408.001329</ele>
        <time>2026-09-08T15:19:03.681Z</time>
      </trkpt>
      <trkpt lat="50.726778" lon="12.906185">
        <ele>407.854174</ele>
        <time>2026-09-08T15:19:09.212Z</time>
      </trkpt>
      <trkpt lat="50.726977" lon="12.906433">
        <ele>408.042449</ele>
        <time>2026-09-08T15:19:12.970Z</time>
      </trkpt>
      <trkpt lat="50.727130" lon="12.906686">
        <ele>408.206970</ele>
        <time>2026-09-08T15:19:16.827Z</time>
      </trkpt>
      <trkpt lat="50.727203" lon="12.906866">
        <ele>408.307486</ele>
        <time>2026-09-08T15:19:19.370Z</time>
      </trkpt>
      <trkpt lat="50.727551" lon="12.907643">
        <ele>408.755027</ele>
        <time>2026-09-08T15:19:30.179Z</time>
      </trkpt>
      <trkpt lat="50.727810" lon="12.908190">
        <ele>409.076214</ele>
        <time>2026-09-08T15:19:38.433Z</time>
      </trkpt>
      <trkpt lat="50.728098" lon="12.908569">
        <ele>409.135699</ele>
        <time>2026-09-08T15:19:46.123Z</time>
      </trkpt>
      <trkpt lat="50.728277" lon="12.908748">
        <ele>409.109620</ele>
        <time>2026-09-08T15:19:50.574Z</time>
      </trkpt>
      <trkpt lat="50.728712" lon="12.909297">
        <ele>409.041082</ele>
        <time>2026-09-08T15:20:00.097Z</time>
      </trkpt>
      <trkpt lat="50.729002" lon="12.909617">
        <ele>408.997537</ele>
        <time>2026-09-08T15:20:04.377Z</time>
      </trkpt>
      <trkpt lat="50.729101" lon="12.909711">
        <ele>408.983318</ele>
        <time>2026-09-08T15:20:05.742Z</time>
      </trkpt>
      <trkpt lat="50.729776" lon="12.910275">
        <ele>408.056951</ele>
        <time>2026-09-08T15:20:14.334Z</time>
      </trkpt>
      <trkpt lat="50.729876" lon="12.910368">
        <ele>407.830690</ele>
        <time>2026-09-08T15:20:15.541Z</time>
      </trkpt>
      <trkpt lat="50.730101" lon="12.910605">
        <ele>407.303402</ele>
        <time>2026-09-08T15:20:18.355Z</time>
      </trkpt>
      <trkpt lat="50.730564" lon="12.911068">
        <ele>406.234969</ele>
        <time>2026-09-08T15:20:24.250Z</time>
      </trkpt>
      <trkpt lat="50.730588" lon="12.911090">
        <ele>406.180866</ele>
        <time>2026-09-08T15:20:24.554Z</time>
      </trkpt>
      <trkpt lat="50.730778" lon="12.911258">
        <ele>405.756318</ele>
        <time>2026-09-08T15:20:27.020Z</time>
      </trkpt>
      <trkpt lat="50.731082" lon="12.911526">
        <ele>405.259516</ele>
        <time>2026-09-08T15:20:31.069Z</time>
      </trkpt>
      <trkpt lat="50.731370" lon="12.911781">
        <ele>404.940487</ele>
        <time>2026-09-08T15:20:34.911Z</time>
      </trkpt>
      <trkpt lat="50.731890" lon="12.912238">
        <ele>404.365483</ele>
        <time>2026-09-08T15:20:42.076Z</time>
      </trkpt>
      <trkpt lat="50.732041" lon="12.912399">
        <ele>404.189448</ele>
        <time>2026-09-08T15:20:44.382Z</time>
      </trkpt>
      <trkpt lat="50.732260" lon="12.912690">
        <ele>403.912926</ele>
        <time>2026-09-08T15:20:48.298Z</time>
      </trkpt>
      <trkpt lat="50.732364" lon="12.912849">
        <ele>403.773078</ele>
        <time>2026-09-08T15:20:50.571Z</time>
      </trkpt>
      <trkpt lat="50.732491" lon="12.913125">
        <ele>403.647379</ele>
        <time>2026-09-08T15:20:53.763Z</time>
      </trkpt>
      <trkpt lat="50.732691" lon="12.913743">
        <ele>403.482205</ele>
        <time>2026-09-08T15:20:59.600Z</time>
      </trkpt>
      <trkpt lat="50.732861" lon="12.914248">
        <ele>403.346091</ele>
        <time>2026-09-08T15:21:04.245Z</time>
      </trkpt>
      <trkpt lat="50.732916" lon="12.914345">
        <ele>403.315100</ele>
        <time>2026-09-08T15:21:05.401Z</time>
      </trkpt>
      <trkpt lat="50.733034" lon="12.914450">
        <ele>403.264182</ele>
        <time>2026-09-08T15:21:07.179Z</time>
      </trkpt>
      <trkpt lat="50.733115" lon="12.914514">
        <ele>403.230132</ele>
        <time>2026-09-08T15:21:08.332Z</time>
      </trkpt>
      <trkpt lat="50.733379" lon="12.914734">
        <ele>403.117914</ele>
        <time>2026-09-08T15:21:12.535Z</time>
      </trkpt>
      <trkpt lat="50.733434" lon="12.914779">
        <ele>403.094628</ele>
        <time>2026-09-08T15:21:13.531Z</time>
      </trkpt>
      <trkpt lat="50.733482" lon="12.914818">
        <ele>403.074334</ele>
        <time>2026-09-08T15:21:14.281Z</time>
      </trkpt>
      <trkpt lat="50.733611" lon="12.914920">
        <ele>403.019888</ele>
        <time>2026-09-08T15:21:16.423Z</time>
      </trkpt>
      <trkpt lat="50.733725" lon="12.914994">
        <ele>402.971045</ele>
        <time>2026-09-08T15:21:18.204Z</time>
      </trkpt>
      <trkpt lat="50.733791" lon="12.915024">
        <ele>402.943827</ele>
        <time>2026-09-08T15:21:19.089Z</time>
      </trkpt>
      <trkpt lat="50.734018" lon="12.915144">
        <ele>402.848964</ele>
        <time>2026-09-08T15:21:22.206Z</time>
      </trkpt>
      <trkpt lat="50.734086" lon="12.915183">
        <ele>402.820294</ele>
        <time>2026-09-08T15:21:23.110Z</time>
      </trkpt>
      <trkpt lat="50.734202" lon="12.915263">
        <ele>402.770134</ele>
        <time>2026-09-08T15:21:24.852Z</time>
      </trkpt>
      <trkpt lat="50.734408" lon="12.915448">
        <ele>402.676228</ele>
        <time>2026-09-08T15:21:28.253Z</time>
      </trkpt>
      <trkpt lat="50.734592" lon="12.915737">
        <ele>402.573407</ele>
        <time>2026-09-08T15:21:32.010Z</time>
      </trkpt>
      <trkpt lat="50.734648" lon="12.915970">
        <ele>402.510892</ele>
        <time>2026-09-08T15:21:34.222Z</time>
      </trkpt>
      <trkpt lat="50.734672" lon="12.916476">
        <ele>402.383617</ele>
        <time>2026-09-08T15:21:38.554Z</time>
      </trkpt>
      <trkpt lat="50.734667" lon="12.916649">
        <ele>402.340179</ele>
        <time>2026-09-08T15:21:39.995Z</time>
      </trkpt>
      <trkpt lat="50.734639" lon="12.917403">
        <ele>401.914006</ele>
        <time>2026-09-08T15:21:45.913Z</time>
      </trkpt>
      <trkpt lat="50.734583" lon="12.918153">
        <ele>401.445112</ele>
        <time>2026-09-08T15:21:51.546Z</time>
      </trkpt>
      <trkpt lat="50.734549" lon="12.918494">
        <ele>401.230779</ele>
        <time>2026-09-08T15:21:54.117Z</time>
      </trkpt>
      <trkpt lat="50.734536" lon="12.918701">
        <ele>401.101624</ele>
        <time>2026-09-08T15:21:55.661Z</time>
      </trkpt>
      <trkpt lat="50.734527" lon="12.919272">
        <ele>400.746988</ele>
        <time>2026-09-08T15:21:59.980Z</time>
      </trkpt>
      <trkpt lat="50.734546" lon="12.919469">
        <ele>400.623261</ele>
        <time>2026-09-08T15:22:01.556Z</time>
      </trkpt>
      <trkpt lat="50.734569" lon="12.919847">
        <ele>400.500877</ele>
        <time>2026-09-08T15:22:04.638Z</time>
      </trkpt>
      <trkpt lat="50.734534" lon="12.920044">
        <ele>400.464303</ele>
        <time>2026-09-08T15:22:06.380Z</time>
      </trkpt>
      <trkpt lat="50.734438" lon="12.920327">
        <ele>400.406910</ele>
        <time>2026-09-08T15:22:09.150Z</time>
      </trkpt>
      <trkpt lat="50.734384" lon="12.920646">
        <ele>400.347886</ele>
        <time>2026-09-08T15:22:12.036Z</time>
      </trkpt>
      <trkpt lat="50.734371" lon="12.920874">
        <ele>400.306967</ele>
        <time>2026-09-08T15:22:14.072Z</time>
      </trkpt>
      <trkpt lat="50.734384" lon="12.921046">
        <ele>400.276004</ele>
        <time>2026-09-08T15:22:15.633Z</time>
      </trkpt>
      <trkpt lat="50.734461" lon="12.921409">
        <ele>400.207572</ele>
        <time>2026-09-08T15:22:19.174Z</time>
      </trkpt>
      <trkpt lat="50.734566" lon="12.921789">
        <ele>400.133458</ele>
        <time>2026-09-08T15:22:23.066Z</time>
      </trkpt>
      <trkpt lat="50.734651" lon="12.922176">
        <ele>400.060236</ele>
        <time>2026-09-08T15:22:27.077Z</time>
      </trkpt>
      <trkpt lat="50.734651" lon="12.922645">
        <ele>400.011876</ele>
        <time>2026-09-08T15:22:31.648Z</time>
      </trkpt>
      <trkpt lat="50.734555" lon="12.923085">
        <ele>399.976015</ele>
        <time>2026-09-08T15:22:35.720Z</time>
      </trkpt>
      <trkpt lat="50.734199" lon="12.924013">
        <ele>399.892402</ele>
        <time>2026-09-08T15:22:46.271Z</time>
      </trkpt>
      <trkpt lat="50.734094" lon="12.924325">
        <ele>399.865174</ele>
        <time>2026-09-08T15:22:50.031Z</time>
      </trkpt>
      <trkpt lat="50.734008" lon="12.924629">
        <ele>399.839517</ele>
        <time>2026-09-08T15:22:52.937Z</time>
      </trkpt>
      <trkpt lat="50.733826" lon="12.925450">
        <ele>399.412563</ele>
        <time>2026-09-08T15:22:59.692Z</time>
      </trkpt>
      <trkpt lat="50.733757" lon="12.925665">
        <ele>399.252630</ele>
        <time>2026-09-08T15:23:01.490Z</time>
      </trkpt>
      <trkpt lat="50.733637" lon="12.926001">
        <ele>398.996667</ele>
        <time>2026-09-08T15:23:04.367Z</time>
      </trkpt>
      <trkpt lat="50.733434" lon="12.926572">
        <ele>398.562159</ele>
        <time>2026-09-08T15:23:09.480Z</time>
      </trkpt>
      <trkpt lat="50.733404" lon="12.926660">
        <ele>398.495844</ele>
        <time>2026-09-08T15:23:10.237Z</time>
      </trkpt>
      <trkpt lat="50.733336" lon="12.926879">
        <ele>398.334003</ele>
        <time>2026-09-08T15:23:12.016Z</time>
      </trkpt>
      <trkpt lat="50.733282" lon="12.927093">
        <ele>398.181154</ele>
        <time>2026-09-08T15:23:13.640Z</time>
      </trkpt>
      <trkpt lat="50.733224" lon="12.927561">
        <ele>397.918038</ele>
        <time>2026-09-08T15:23:16.998Z</time>
      </trkpt>
      <trkpt lat="50.733223" lon="12.928058">
        <ele>397.840673</ele>
        <time>2026-09-08T15:23:20.857Z</time>
      </trkpt>
      <trkpt lat="50.733217" lon="12.928171">
        <ele>397.823021</ele>
        <time>2026-09-08T15:23:21.834Z</time>
      </trkpt>
      <trkpt lat="50.733210" lon="12.928237">
        <ele>397.812604</ele>
        <time>2026-09-08T15:23:22.439Z</time>
      </trkpt>
      <trkpt lat="50.733124" lon="12.928831">
        <ele>397.717751</ele>
        <time>2026-09-08T15:23:28.576Z</time>
      </trkpt>
      <trkpt lat="50.732991" lon="12.929519">
        <ele>397.605770</ele>
        <time>2026-09-08T15:23:36.217Z</time>
      </trkpt>
      <trkpt lat="50.732972" lon="12.929729">
        <ele>397.572749</ele>
        <time>2026-09-08T15:23:38.235Z</time>
      </trkpt>
      <trkpt lat="50.732990" lon="12.930084">
        <ele>397.517311</ele>
        <time>2026-09-08T15:23:41.487Z</time>
      </trkpt>
      <trkpt lat="50.733029" lon="12.930281">
        <ele>397.477628</ele>
        <time>2026-09-08T15:23:43.365Z</time>
      </trkpt>
      <trkpt lat="50.733132" lon="12.930580">
        <ele>397.366064</ele>
        <time>2026-09-08T15:23:46.498Z</time>
      </trkpt>
      <trkpt lat="50.733282" lon="12.930812">
        <ele>397.257375</ele>
        <time>2026-09-08T15:23:49.410Z</time>
      </trkpt>
      <trkpt lat="50.733519" lon="12.931058">
        <ele>397.110545</ele>
        <time>2026-09-08T15:23:53.056Z</time>
      </trkpt>
      <trkpt lat="50.733661" lon="12.931221">
        <ele>397.019663</ele>
        <time>2026-09-08T15:23:55.250Z</time>
      </trkpt>
      <trkpt lat="50.734002" lon="12.931745">
        <ele>396.773359</ele>
        <time>2026-09-08T15:24:01.061Z</time>
      </trkpt>
      <trkpt lat="50.734259" lon="12.932242">
        <ele>396.563033</ele>
        <time>2026-09-08T15:24:06.025Z</time>
      </trkpt>
      <trkpt lat="50.734820" lon="12.933335">
        <ele>397.453663</ele>
        <time>2026-09-08T15:24:20.097Z</time>
      </trkpt>
      <trkpt lat="50.734880" lon="12.933542">
        <ele>397.598872</ele>
        <time>2026-09-08T15:24:23.235Z</time>
      </trkpt>
      <trkpt lat="50.734889" lon="12.933717">
        <ele>397.710853</ele>
        <time>2026-09-08T15:24:25.840Z</time>
      </trkpt>
      <trkpt lat="50.734972" lon="12.934225">
        <ele>398.045472</ele>
        <time>2026-09-08T15:24:34.515Z</time>
      </trkpt>
      <trkpt lat="50.735037" lon="12.934402">
        <ele>398.175987</ele>
        <time>2026-09-08T15:24:37.821Z</time>
      </trkpt>
      <trkpt lat="50.735646" lon="12.935349">
        <ele>398.537191</ele>
        <time>2026-09-08T15:24:55.742Z</time>
      </trkpt>
      <trkpt lat="50.735702" lon="12.935498">
        <ele>398.564493</ele>
        <time>2026-09-08T15:24:57.546Z</time>
      </trkpt>
      <trkpt lat="50.735777" lon="12.935880">
        <ele>398.627507</ele>
        <time>2026-09-08T15:25:01.612Z</time>
      </trkpt>
      <trkpt lat="50.735818" lon="12.936139">
        <ele>398.669570</ele>
        <time>2026-09-08T15:25:04.061Z</time>
      </trkpt>
      <trkpt lat="50.735880" lon="12.936494">
        <ele>398.727590</ele>
        <time>2026-09-08T15:25:07.071Z</time>
      </trkpt>
      <trkpt lat="50.736050" lon="12.937153">
        <ele>398.779324</ele>
        <time>2026-09-08T15:25:12.168Z</time>
      </trkpt>
      <trkpt lat="50.736148" lon="12.937485">
        <ele>398.651272</ele>
        <time>2026-09-08T15:25:14.694Z</time>
      </trkpt>
      <trkpt lat="50.736166" lon="12.937542">
        <ele>398.629006</ele>
        <time>2026-09-08T15:25:15.138Z</time>
      </trkpt>
      <trkpt lat="50.736511" lon="12.938487">
        <ele>398.247666</ele>
        <time>2026-09-08T15:25:23.541Z</time>
      </trkpt>
      <trkpt lat="50.737011" lon="12.939442">
        <ele>397.818514</ele>
        <time>2026-09-08T15:25:36.709Z</time>
      </trkpt>
      <trkpt lat="50.737234" lon="12.939771">
        <ele>397.702450</ele>
        <time>2026-09-08T15:25:41.911Z</time>
      </trkpt>
      <trkpt lat="50.737509" lon="12.940081">
        <ele>397.573941</ele>
        <time>2026-09-08T15:25:46.753Z</time>
      </trkpt>
      <trkpt lat="50.737733" lon="12.940419">
        <ele>397.456114</ele>
        <time>2026-09-08T15:25:51.189Z</time>
      </trkpt>
      <trkpt lat="50.737934" lon="12.940925">
        <ele>397.312283</ele>
        <time>2026-09-08T15:25:56.564Z</time>
      </trkpt>
      <trkpt lat="50.738160" lon="12.941338">
        <ele>397.180837</ele>
        <time>2026-09-08T15:26:00.694Z</time>
      </trkpt>
      <trkpt lat="50.738399" lon="12.941815">
        <ele>396.840098</ele>
        <time>2026-09-08T15:26:05.002Z</time>
      </trkpt>
      <trkpt lat="50.738471" lon="12.942021">
        <ele>396.682423</ele>
        <time>2026-09-08T15:26:06.628Z</time>
      </trkpt>
      <trkpt lat="50.738586" lon="12.942499">
        <ele>396.339792</ele>
        <time>2026-09-08T15:26:10.194Z</time>
      </trkpt>
      <trkpt lat="50.738734" lon="12.943067">
        <ele>395.928227</ele>
        <time>2026-09-08T15:26:14.847Z</time>
      </trkpt>
      <trkpt lat="50.739159" lon="12.944510">
        <ele>395.605285</ele>
        <time>2026-09-08T15:26:28.202Z</time>
      </trkpt>
      <trkpt lat="50.739262" lon="12.945075">
        <ele>395.987729</ele>
        <time>2026-09-08T15:26:35.515Z</time>
      </trkpt>
      <trkpt lat="50.739307" lon="12.945510">
        <ele>396.274427</ele>
        <time>2026-09-08T15:26:41.033Z</time>
      </trkpt>
      <trkpt lat="50.739456" lon="12.945987">
        <ele>396.620425</ele>
        <time>2026-09-08T15:26:47.564Z</time>
      </trkpt>
      <trkpt lat="50.739678" lon="12.946390">
        <ele>396.967948</ele>
        <time>2026-09-08T15:26:54.906Z</time>
      </trkpt>
      <trkpt lat="50.739794" lon="12.946586">
        <ele>397.212643</ele>
        <time>2026-09-08T15:26:58.885Z</time>
      </trkpt>
      <trkpt lat="50.740017" lon="12.947123">
        <ele>398.165263</ele>
        <time>2026-09-08T15:27:08.875Z</time>
      </trkpt>
      <trkpt lat="50.740114" lon="12.947222">
        <ele>398.435891</ele>
        <time>2026-09-08T15:27:11.806Z</time>
      </trkpt>
      <trkpt lat="50.740325" lon="12.947239">
        <ele>398.931042</ele>
        <time>2026-09-08T15:27:17.207Z</time>
      </trkpt>
      <trkpt lat="50.740667" lon="12.947171">
        <ele>399.738888</ele>
        <time>2026-09-08T15:27:25.579Z</time>
      </trkpt>
      <trkpt lat="50.741365" lon="12.946924">
        <ele>401.342764</ele>
        <time>2026-09-08T15:27:43.926Z</time>
      </trkpt>
      <trkpt lat="50.741645" lon="12.946791">
        <ele>401.585147</ele>
        <time>2026-09-08T15:27:51.349Z</time>
      </trkpt>
      <trkpt lat="50.742535" lon="12.946381">
        <ele>402.353678</ele>
        <time>2026-09-08T15:28:07.066Z</time>
      </trkpt>
      <trkpt lat="50.742701" lon="12.946371">
        <ele>402.491394</ele>
        <time>2026-09-08T15:28:09.531Z</time>
      </trkpt>
      <trkpt lat="50.743073" lon="12.946648">
        <ele>402.865276</ele>
        <time>2026-09-08T15:28:15.363Z</time>
      </trkpt>
      <trkpt lat="50.743417" lon="12.946910">
        <ele>403.455565</ele>
        <time>2026-09-08T15:28:20.686Z</time>
      </trkpt>
      <trkpt lat="50.743510" lon="12.947040">
        <ele>403.647494</ele>
        <time>2026-09-08T15:28:22.393Z</time>
      </trkpt>
      <trkpt lat="50.743610" lon="12.947045">
        <ele>403.802150</ele>
        <time>2026-09-08T15:28:23.745Z</time>
      </trkpt>
      <trkpt lat="50.743657" lon="12.947122">
        <ele>403.906799</ele>
        <time>2026-09-08T15:28:24.676Z</time>
      </trkpt>
      <trkpt lat="50.744364" lon="12.948692">
        <ele>406.467971</ele>
        <time>2026-09-08T15:28:54.428Z</time>
      </trkpt>
      <trkpt lat="50.744474" lon="12.948983">
        <ele>407.832041</ele>
        <time>2026-09-08T15:29:01.092Z</time>
      </trkpt>
      <trkpt lat="50.744602" lon="12.949394">
        <ele>409.675437</ele>
        <time>2026-09-08T15:29:11.046Z</time>
      </trkpt>
      <trkpt lat="50.744752" lon="12.949865">
        <ele>411.797328</ele>
        <time>2026-09-08T15:29:24.377Z</time>
      </trkpt>
      <trkpt lat="50.744787" lon="12.950233">
        <ele>413.294847</ele>
        <time>2026-09-08T15:29:34.569Z</time>
      </trkpt>
      <trkpt lat="50.744810" lon="12.950447">
        <ele>414.168347</ele>
        <time>2026-09-08T15:29:40.859Z</time>
      </trkpt>
      <trkpt lat="50.744816" lon="12.950499">
        <ele>414.381052</ele>
        <time>2026-09-08T15:29:42.377Z</time>
      </trkpt>
      <trkpt lat="50.744858" lon="12.951075">
        <ele>416.714294</ele>
        <time>2026-09-08T15:30:00.235Z</time>
      </trkpt>
      <trkpt lat="50.744888" lon="12.951445">
        <ele>419.249790</ele>
        <time>2026-09-08T15:30:12.796Z</time>
      </trkpt>
      <trkpt lat="50.744829" lon="12.952187">
        <ele>424.848055</ele>
        <time>2026-09-08T15:30:41.263Z</time>
      </trkpt>
      <trkpt lat="50.744837" lon="12.952310">
        <ele>425.773680</ele>
        <time>2026-09-08T15:30:46.281Z</time>
      </trkpt>
      <trkpt lat="50.744855" lon="12.952418">
        <ele>426.609737</ele>
        <time>2026-09-08T15:30:51.049Z</time>
      </trkpt>
      <trkpt lat="50.744937" lon="12.952538">
        <ele>427.931873</ele>
        <time>2026-09-08T15:30:58.617Z</time>
      </trkpt>
      <trkpt lat="50.745001" lon="12.952584">
        <ele>428.763646</ele>
        <time>2026-09-08T15:31:03.508Z</time>
      </trkpt>
      <trkpt lat="50.745093" lon="12.952594">
        <ele>429.854611</ele>
        <time>2026-09-08T15:31:09.949Z</time>
      </trkpt>
      <trkpt lat="50.745162" lon="12.952552">
        <ele>430.729363</ele>
        <time>2026-09-08T15:31:14.934Z</time>
      </trkpt>
      <trkpt lat="50.745289" lon="12.952419">
        <ele>432.531763</ele>
        <time>2026-09-08T15:31:25.015Z</time>
      </trkpt>
      <trkpt lat="50.745677" lon="12.951971">
        <ele>438.216554</ele>
        <time>2026-09-08T15:31:56.577Z</time>
      </trkpt>
      <trkpt lat="50.745937" lon="12.951669">
        <ele>442.572034</ele>
        <time>2026-09-08T15:32:18.663Z</time>
      </trkpt>
      <trkpt lat="50.746329" lon="12.951182">
        <ele>449.319179</ele>
        <time>2026-09-08T15:32:52.482Z</time>
      </trkpt>
      <trkpt lat="50.746537" lon="12.950932">
        <ele>452.855248</ele>
        <time>2026-09-08T15:33:10.913Z</time>
      </trkpt>
      <trkpt lat="50.746769" lon="12.950684">
        <ele>456.645277</ele>
        <time>2026-09-08T15:33:30.826Z</time>
      </trkpt>
      <trkpt lat="50.746913" lon="12.950594">
        <ele>458.740670</ele>
        <time>2026-09-08T15:33:41.523Z</time>
      </trkpt>
      <trkpt lat="50.747407" lon="12.950551">
        <ele>465.390158</ele>
        <time>2026-09-08T15:34:17.187Z</time>
      </trkpt>
      <trkpt lat="50.747703" lon="12.950524">
        <ele>469.337446</ele>
        <time>2026-09-08T15:34:38.630Z</time>
      </trkpt>
      <trkpt lat="50.747942" lon="12.950442">
        <ele>472.593433</ele>
        <time>2026-09-08T15:34:56.095Z</time>
      </trkpt>
      <trkpt lat="50.748041" lon="12.950380">
        <ele>474.011153</ele>
        <time>2026-09-08T15:35:03.671Z</time>
      </trkpt>
      <trkpt lat="50.748408" lon="12.950004">
        <ele>479.833918</ele>
        <time>2026-09-08T15:35:34.679Z</time>
      </trkpt>
      <trkpt lat="50.748812" lon="12.949632">
        <ele>486.058734</ele>
        <time>2026-09-08T15:36:04.885Z</time>
      </trkpt>
      <trkpt lat="50.749001" lon="12.949588">
        <ele>487.702213</ele>
        <time>2026-09-08T15:36:16.434Z</time>
      </trkpt>
      <trkpt lat="50.749172" lon="12.949651">
        <ele>489.001580</ele>
        <time>2026-09-08T15:36:27.214Z</time>
      </trkpt>
      <trkpt lat="50.749289" lon="12.949786">
        <ele>490.073593</ele>
        <time>2026-09-08T15:36:35.980Z</time>
      </trkpt>
      <trkpt lat="50.749628" lon="12.950616">
        <ele>494.699215</ele>
        <time>2026-09-08T15:37:08.650Z</time>
      </trkpt>
      <trkpt lat="50.749763" lon="12.950765">
        <ele>495.917729</ele>
        <time>2026-09-08T15:37:15.546Z</time>
      </trkpt>
      <trkpt lat="50.749813" lon="12.950776">
        <ele>496.291308</ele>
        <time>2026-09-08T15:37:17.653Z</time>
      </trkpt>
      <trkpt lat="50.749972" lon="12.950772">
        <ele>497.468095</ele>
        <time>2026-09-08T15:37:23.349Z</time>
      </trkpt>
      <trkpt lat="50.750131" lon="12.950705">
        <ele>498.685833</ele>
        <time>2026-09-08T15:37:28.286Z</time>
      </trkpt>
      <trkpt lat="50.751610" lon="12.949886">
        <ele>498.382445</ele>
        <time>2026-09-08T15:37:46.780Z</time>
      </trkpt>
      <trkpt lat="50.751817" lon="12.949814">
        <ele>498.155552</ele>
        <time>2026-09-08T15:37:48.941Z</time>
      </trkpt>
      <trkpt lat="50.752401" lon="12.949699">
        <ele>497.663421</ele>
        <time>2026-09-08T15:37:55.122Z</time>
      </trkpt>
      <trkpt lat="50.752392" lon="12.949287">
        <ele>497.472626</ele>
        <time>2026-09-08T15:37:58.041Z</time>
      </trkpt>
      <trkpt lat="50.752413" lon="12.949071">
        <ele>497.371483</ele>
        <time>2026-09-08T15:37:59.697Z</time>
      </trkpt>
      <trkpt lat="50.752476" lon="12.948884">
        <ele>497.273430</ele>
        <time>2026-09-08T15:38:01.449Z</time>
      </trkpt>
      <trkpt lat="50.752941" lon="12.948199">
        <ele>496.808437</ele>
        <time>2026-09-08T15:38:11.947Z</time>
      </trkpt>
      <trkpt lat="50.753059" lon="12.948021">
        <ele>496.689115</ele>
        <time>2026-09-08T15:38:14.995Z</time>
      </trkpt>
      <trkpt lat="50.753100" lon="12.947891">
        <ele>496.653495</ele>
        <time>2026-09-08T15:38:16.630Z</time>
      </trkpt>
      <trkpt lat="50.753159" lon="12.947575">
        <ele>496.707757</ele>
        <time>2026-09-08T15:38:20.196Z</time>
      </trkpt>
      <trkpt lat="50.753145" lon="12.947405">
        <ele>496.735991</ele>
        <time>2026-09-08T15:38:22.056Z</time>
      </trkpt>
      <trkpt lat="50.753250" lon="12.947309">
        <ele>496.767568</ele>
        <time>2026-09-08T15:38:24.118Z</time>
      </trkpt>
      <trkpt lat="50.753908" lon="12.946673">
        <ele>496.968344</ele>
        <time>2026-09-08T15:38:36.714Z</time>
      </trkpt>
      <trkpt lat="50.754030" lon="12.946586">
        <ele>497.003186</ele>
        <time>2026-09-08T15:38:38.601Z</time>
      </trkpt>
      <trkpt lat="50.754652" lon="12.946512">
        <ele>497.158676</ele>
        <time>2026-09-08T15:38:47.340Z</time>
      </trkpt>
      <trkpt lat="50.754709" lon="12.946488">
        <ele>497.172004</ele>
        <time>2026-09-08T15:38:48.200Z</time>
      </trkpt>
      <trkpt lat="50.754929" lon="12.946344">
        <ele>497.225805</ele>
        <time>2026-09-08T15:38:51.796Z</time>
      </trkpt>
      <trkpt lat="50.755355" lon="12.946023">
        <ele>497.332435</ele>
        <time>2026-09-08T15:38:59.359Z</time>
      </trkpt>
      <trkpt lat="50.755680" lon="12.945734">
        <ele>497.416689</ele>
        <time>2026-09-08T15:39:05.686Z</time>
      </trkpt>
      <trkpt lat="50.755945" lon="12.945385">
        <ele>497.494622</ele>
        <time>2026-09-08T15:39:11.426Z</time>
      </trkpt>
      <trkpt lat="50.756235" lon="12.944854">
        <ele>497.329382</ele>
        <time>2026-09-08T15:39:18.375Z</time>
      </trkpt>
      <trkpt lat="50.756608" lon="12.944435">
        <ele>497.067150</ele>
        <time>2026-09-08T15:39:25.234Z</time>
      </trkpt>
      <trkpt lat="50.756793" lon="12.944368">
        <ele>496.958385</ele>
        <time>2026-09-08T15:39:27.932Z</time>
      </trkpt>
      <trkpt lat="50.757839" lon="12.943987">
        <ele>495.476874</ele>
        <time>2026-09-08T15:39:40.847Z</time>
      </trkpt>
      <trkpt lat="50.757995" lon="12.943857">
        <ele>494.775363</ele>
        <time>2026-09-08T15:39:42.770Z</time>
      </trkpt>
      <trkpt lat="50.758746" lon="12.943075">
        <ele>491.198030</ele>
        <time>2026-09-08T15:39:51.640Z</time>
      </trkpt>
      <trkpt lat="50.759003" lon="12.942897">
        <ele>490.081872</ele>
        <time>2026-09-08T15:39:54.225Z</time>
      </trkpt>
      <trkpt lat="50.759702" lon="12.942602">
        <ele>484.750423</ele>
        <time>2026-09-08T15:40:00.699Z</time>
      </trkpt>
      <trkpt lat="50.759749" lon="12.942583">
        <ele>484.335179</ele>
        <time>2026-09-08T15:40:01.119Z</time>
      </trkpt>
      <trkpt lat="50.759942" lon="12.942445">
        <ele>482.522062</ele>
        <time>2026-09-08T15:40:02.964Z</time>
      </trkpt>
      <trkpt lat="50.760314" lon="12.941933">
        <ele>478.300209</ele>
        <time>2026-09-08T15:40:07.247Z</time>
      </trkpt>
      <trkpt lat="50.760424" lon="12.941843">
        <ele>477.240030</ele>
        <time>2026-09-08T15:40:08.324Z</time>
      </trkpt>
      <trkpt lat="50.760663" lon="12.941651">
        <ele>474.945312</ele>
        <time>2026-09-08T15:40:10.629Z</time>
      </trkpt>
      <trkpt lat="50.760915" lon="12.941516">
        <ele>472.732817</ele>
        <time>2026-09-08T15:40:12.919Z</time>
      </trkpt>
      <trkpt lat="50.761251" lon="12.941343">
        <ele>469.862823</ele>
        <time>2026-09-08T15:40:15.967Z</time>
      </trkpt>
      <trkpt lat="50.761401" lon="12.941264">
        <ele>468.578735</ele>
        <time>2026-09-08T15:40:17.337Z</time>
      </trkpt>
      <trkpt lat="50.761672" lon="12.941041">
        <ele>466.097431</ele>
        <time>2026-09-08T15:40:20.008Z</time>
      </trkpt>
      <trkpt lat="50.761792" lon="12.940689">
        <ele>464.043159</ele>
        <time>2026-09-08T15:40:22.253Z</time>
      </trkpt>
      <trkpt lat="50.761868" lon="12.940301">
        <ele>461.956475</ele>
        <time>2026-09-08T15:40:24.572Z</time>
      </trkpt>
      <trkpt lat="50.761968" lon="12.940127">
        <ele>460.748713</ele>
        <time>2026-09-08T15:40:25.913Z</time>
      </trkpt>
      <trkpt lat="50.762499" lon="12.941084">
        <ele>456.133290</ele>
        <time>2026-09-08T15:40:33.355Z</time>
      </trkpt>
      <trkpt lat="50.762865" lon="12.941828">
        <ele>453.110705</ele>
        <time>2026-09-08T15:40:39.084Z</time>
      </trkpt>
      <trkpt lat="50.763039" lon="12.942042">
        <ele>451.993027</ele>
        <time>2026-09-08T15:40:41.191Z</time>
      </trkpt>
      <trkpt lat="50.763109" lon="12.942118">
        <ele>451.562501</ele>
        <time>2026-09-08T15:40:42.003Z</time>
      </trkpt>
      <trkpt lat="50.763455" lon="12.942611">
        <ele>449.337621</ele>
        <time>2026-09-08T15:40:46.423Z</time>
      </trkpt>
      <trkpt lat="50.763779" lon="12.943203">
        <ele>447.166643</ele>
        <time>2026-09-08T15:40:51.136Z</time>
      </trkpt>
      <trkpt lat="50.764113" lon="12.943902">
        <ele>444.737256</ele>
        <time>2026-09-08T15:40:56.484Z</time>
      </trkpt>
      <trkpt lat="50.764288" lon="12.944374">
        <ele>443.220032</ele>
        <time>2026-09-08T15:40:59.837Z</time>
      </trkpt>
      <trkpt lat="50.764523" lon="12.945479">
        <ele>440.275023</ele>
        <time>2026-09-08T15:41:07.008Z</time>
      </trkpt>
      <trkpt lat="50.764747" lon="12.945917">
        <ele>438.905329</ele>
        <time>2026-09-08T15:41:10.597Z</time>
      </trkpt>
      <trkpt lat="50.764958" lon="12.946386">
        <ele>437.505784</ele>
        <time>2026-09-08T15:41:14.268Z</time>
      </trkpt>
      <trkpt lat="50.765049" lon="12.946679">
        <ele>436.712035</ele>
        <time>2026-09-08T15:41:16.339Z</time>
      </trkpt>
      <trkpt lat="50.765067" lon="12.946761">
        <ele>436.500968</ele>
        <time>2026-09-08T15:41:16.886Z</time>
      </trkpt>
      <trkpt lat="50.765543" lon="12.948620">
        <ele>430.401058</ele>
        <time>2026-09-08T15:41:29.048Z</time>
      </trkpt>
      <trkpt lat="50.765806" lon="12.949270">
        <ele>427.918664</ele>
        <time>2026-09-08T15:41:33.663Z</time>
      </trkpt>
      <trkpt lat="50.766056" lon="12.950098">
        <ele>424.316690</ele>
        <time>2026-09-08T15:41:38.913Z</time>
      </trkpt>
      <trkpt lat="50.766251" lon="12.950793">
        <ele>420.642424</ele>
        <time>2026-09-08T15:41:43.163Z</time>
      </trkpt>
      <trkpt lat="50.766343" lon="12.951131">
        <ele>418.864191</ele>
        <time>2026-09-08T15:41:45.240Z</time>
      </trkpt>
      <trkpt lat="50.766406" lon="12.951387">
        <ele>417.536714</ele>
        <time>2026-09-08T15:41:46.783Z</time>
      </trkpt>
      <trkpt lat="50.766475" lon="12.951672">
        <ele>416.061988</ele>
        <time>2026-09-08T15:41:48.487Z</time>
      </trkpt>
      <trkpt lat="50.766531" lon="12.951902">
        <ele>414.870995</ele>
        <time>2026-09-08T15:41:49.857Z</time>
      </trkpt>
      <trkpt lat="50.766569" lon="12.952057">
        <ele>414.067652</ele>
        <time>2026-09-08T15:41:50.776Z</time>
      </trkpt>
      <trkpt lat="50.766598" lon="12.952318">
        <ele>412.787050</ele>
        <time>2026-09-08T15:41:52.238Z</time>
      </trkpt>
      <trkpt lat="50.766416" lon="12.955979">
        <ele>394.718232</ele>
        <time>2026-09-08T15:42:12.704Z</time>
      </trkpt>
      <trkpt lat="50.766367" lon="12.957035">
        <ele>390.339691</ele>
        <time>2026-09-08T15:42:18.745Z</time>
      </trkpt>
      <trkpt lat="50.766391" lon="12.957773">
        <ele>387.283858</ele>
        <time>2026-09-08T15:42:23.092Z</time>
      </trkpt>
      <trkpt lat="50.766432" lon="12.958561">
        <ele>384.516277</ele>
        <time>2026-09-08T15:42:27.870Z</time>
      </trkpt>
      <trkpt lat="50.766538" lon="12.959463">
        <ele>381.611908</ele>
        <time>2026-09-08T15:42:33.459Z</time>
      </trkpt>
      <trkpt lat="50.766647" lon="12.960031">
        <ele>379.732827</ele>
        <time>2026-09-08T15:42:36.993Z</time>
      </trkpt>
      <trkpt lat="50.766938" lon="12.961092">
        <ele>376.115190</ele>
        <time>2026-09-08T15:42:43.778Z</time>
      </trkpt>
      <trkpt lat="50.767057" lon="12.961808">
        <ele>373.865689</ele>
        <time>2026-09-08T15:42:48.104Z</time>
      </trkpt>
      <trkpt lat="50.767090" lon="12.962006">
        <ele>373.243509</ele>
        <time>2026-09-08T15:42:49.296Z</time>
      </trkpt>
      <trkpt lat="50.767155" lon="12.962403">
        <ele>371.997424</ele>
        <time>2026-09-08T15:42:51.714Z</time>
      </trkpt>
      <trkpt lat="50.767240" lon="12.962977">
        <ele>370.206107</ele>
        <time>2026-09-08T15:42:55.217Z</time>
      </trkpt>
      <trkpt lat="50.767281" lon="12.964016">
        <ele>367.509635</ele>
        <time>2026-09-08T15:43:02.166Z</time>
      </trkpt>
      <trkpt lat="50.767361" lon="12.964441">
        <ele>366.590460</ele>
        <time>2026-09-08T15:43:05.066Z</time>
      </trkpt>
      <trkpt lat="50.767463" lon="12.964883">
        <ele>365.615154</ele>
        <time>2026-09-08T15:43:08.054Z</time>
      </trkpt>
      <trkpt lat="50.767485" lon="12.965099">
        <ele>365.161640</ele>
        <time>2026-09-08T15:43:09.421Z</time>
      </trkpt>
      <trkpt lat="50.767520" lon="12.965628">
        <ele>364.059093</ele>
        <time>2026-09-08T15:43:12.780Z</time>
      </trkpt>
      <trkpt lat="50.767597" lon="12.966218">
        <ele>362.810319</ele>
        <time>2026-09-08T15:43:16.735Z</time>
      </trkpt>
      <trkpt lat="50.767692" lon="12.966496">
        <ele>361.958715</ele>
        <time>2026-09-08T15:43:18.816Z</time>
      </trkpt>
      <trkpt lat="50.767921" lon="12.966895">
        <ele>360.365800</ele>
        <time>2026-09-08T15:43:22.113Z</time>
      </trkpt>
      <trkpt lat="50.768000" lon="12.967140">
        <ele>359.552769</ele>
        <time>2026-09-08T15:43:23.722Z</time>
      </trkpt>
      <trkpt lat="50.768203" lon="12.968045">
        <ele>356.713916</ele>
        <time>2026-09-08T15:43:29.332Z</time>
      </trkpt>
      <trkpt lat="50.768251" lon="12.968295">
        <ele>355.941505</ele>
        <time>2026-09-08T15:43:30.898Z</time>
      </trkpt>
      <trkpt lat="50.768347" lon="12.968857">
        <ele>354.220468</ele>
        <time>2026-09-08T15:43:34.401Z</time>
      </trkpt>
      <trkpt lat="50.768211" lon="12.969470">
        <ele>353.036010</ele>
        <time>2026-09-08T15:43:38.391Z</time>
      </trkpt>
      <trkpt lat="50.768200" lon="12.969788">
        <ele>352.457529</ele>
        <time>2026-09-08T15:43:40.367Z</time>
      </trkpt>
      <trkpt lat="50.768388" lon="12.969787">
        <ele>351.917595</ele>
        <time>2026-09-08T15:43:42.238Z</time>
      </trkpt>
      <trkpt lat="50.768692" lon="12.969839">
        <ele>351.039420</ele>
        <time>2026-09-08T15:43:45.470Z</time>
      </trkpt>
      <trkpt lat="50.768765" lon="12.969890">
        <ele>350.810212</ele>
        <time>2026-09-08T15:43:46.375Z</time>
      </trkpt>
      <trkpt lat="50.768875" lon="12.970037">
        <ele>350.396572</ele>
        <time>2026-09-08T15:43:47.997Z</time>
      </trkpt>
      <trkpt lat="50.768935" lon="12.970235">
        <ele>349.997778</ele>
        <time>2026-09-08T15:43:49.600Z</time>
      </trkpt>
      <trkpt lat="50.769037" lon="12.970807">
        <ele>348.976959</ele>
        <time>2026-09-08T15:43:53.937Z</time>
      </trkpt>
      <trkpt lat="50.769108" lon="12.971043">
        <ele>348.725226</ele>
        <time>2026-09-08T15:43:55.957Z</time>
      </trkpt>
      <trkpt lat="50.769620" lon="12.972267">
        <ele>347.311682</ele>
        <time>2026-09-08T15:44:06.510Z</time>
      </trkpt>
      <trkpt lat="50.769685" lon="12.972447">
        <ele>347.112029</ele>
        <time>2026-09-08T15:44:07.972Z</time>
      </trkpt>
      <trkpt lat="50.769741" lon="12.972597">
        <ele>346.944250</ele>
        <time>2026-09-08T15:44:09.214Z</time>
      </trkpt>
      <trkpt lat="50.769821" lon="12.972833">
        <ele>346.686335</ele>
        <time>2026-09-08T15:44:11.156Z</time>
      </trkpt>
      <trkpt lat="50.769846" lon="12.973016">
        <ele>346.506000</ele>
        <time>2026-09-08T15:44:12.538Z</time>
      </trkpt>
      <trkpt lat="50.769836" lon="12.973083">
        <ele>346.439691</ele>
        <time>2026-09-08T15:44:13.048Z</time>
      </trkpt>
      <trkpt lat="50.769940" lon="12.973195">
        <ele>346.269738</ele>
        <time>2026-09-08T15:44:15.128Z</time>
      </trkpt>
      <trkpt lat="50.770043" lon="12.973406">
        <ele>346.112890</ele>
        <time>2026-09-08T15:44:17.939Z</time>
      </trkpt>
      <trkpt lat="50.770099" lon="12.973522">
        <ele>346.027015</ele>
        <time>2026-09-08T15:44:19.493Z</time>
      </trkpt>
      <trkpt lat="50.770198" lon="12.973662">
        <ele>345.903435</ele>
        <time>2026-09-08T15:44:21.725Z</time>
      </trkpt>
      <trkpt lat="50.770344" lon="12.973817">
        <ele>345.739809</ele>
        <time>2026-09-08T15:44:24.740Z</time>
      </trkpt>
      <trkpt lat="50.770574" lon="12.974027">
        <ele>345.492689</ele>
        <time>2026-09-08T15:44:29.429Z</time>
      </trkpt>
      <trkpt lat="50.770760" lon="12.974190">
        <ele>345.294822</ele>
        <time>2026-09-08T15:44:33.349Z</time>
      </trkpt>
      <trkpt lat="50.770802" lon="12.974224">
        <ele>345.250920</ele>
        <time>2026-09-08T15:44:34.242Z</time>
      </trkpt>
      <trkpt lat="50.770930" lon="12.974300">
        <ele>345.123702</ele>
        <time>2026-09-08T15:44:36.786Z</time>
      </trkpt>
      <trkpt lat="50.771224" lon="12.974400">
        <ele>344.843891</ele>
        <time>2026-09-08T15:44:42.377Z</time>
      </trkpt>
      <trkpt lat="50.771495" lon="12.974431">
        <ele>344.602174</ele>
        <time>2026-09-08T15:44:47.268Z</time>
      </trkpt>
      <trkpt lat="50.771786" lon="12.974430">
        <ele>344.408122</ele>
        <time>2026-09-08T15:44:52.235Z</time>
      </trkpt>
      <trkpt lat="50.771966" lon="12.974423">
        <ele>344.288053</ele>
        <time>2026-09-08T15:44:54.403Z</time>
      </trkpt>
      <trkpt lat="50.772117" lon="12.974425">
        <ele>344.187356</ele>
        <time>2026-09-08T15:44:56.291Z</time>
      </trkpt>
      <trkpt lat="50.772233" lon="12.974426">
        <ele>344.110000</ele>
        <time>2026-09-08T15:44:57.801Z</time>
      </trkpt>
      <trkpt lat="50.772357" lon="12.974431">
        <ele>344.027285</ele>
        <time>2026-09-08T15:44:59.436Z</time>
      </trkpt>
      <trkpt lat="50.772718" lon="12.974438">
        <ele>343.786535</ele>
        <time>2026-09-08T15:45:04.248Z</time>
      </trkpt>
      <trkpt lat="50.773054" lon="12.974432">
        <ele>343.562461</ele>
        <time>2026-09-08T15:45:08.683Z</time>
      </trkpt>
      <trkpt lat="50.773245" lon="12.974386">
        <ele>343.433625</ele>
        <time>2026-09-08T15:45:11.196Z</time>
      </trkpt>
      <trkpt lat="50.773394" lon="12.974301">
        <ele>343.328385</ele>
        <time>2026-09-08T15:45:13.235Z</time>
      </trkpt>
      <trkpt lat="50.773543" lon="12.974162">
        <ele>343.213458</ele>
        <time>2026-09-08T15:45:15.439Z</time>
      </trkpt>
      <trkpt lat="50.773859" lon="12.973748">
        <ele>342.940841</ele>
        <time>2026-09-08T15:45:20.905Z</time>
      </trkpt>
      <trkpt lat="50.774374" lon="12.972936">
        <ele>342.457704</ele>
        <time>2026-09-08T15:45:30.395Z</time>
      </trkpt>
      <trkpt lat="50.774469" lon="12.972823">
        <ele>342.378732</ele>
        <time>2026-09-08T15:45:31.834Z</time>
      </trkpt>
      <trkpt lat="50.774597" lon="12.972736">
        <ele>342.286175</ele>
        <time>2026-09-08T15:45:33.510Z</time>
      </trkpt>
      <trkpt lat="50.774767" lon="12.972599">
        <ele>342.170349</ele>
        <time>2026-09-08T15:45:35.811Z</time>
      </trkpt>
      <trkpt lat="50.774913" lon="12.972345">
        <ele>342.046748</ele>
        <time>2026-09-08T15:45:38.484Z</time>
      </trkpt>
      <trkpt lat="50.775165" lon="12.971748">
        <ele>341.788282</ele>
        <time>2026-09-08T15:45:44.265Z</time>
      </trkpt>
      <trkpt lat="50.775303" lon="12.971544">
        <ele>341.680713</ele>
        <time>2026-09-08T15:45:46.730Z</time>
      </trkpt>
      <trkpt lat="50.775628" lon="12.971217">
        <ele>341.461365</ele>
        <time>2026-09-08T15:45:51.776Z</time>
      </trkpt>
      <trkpt lat="50.775887" lon="12.970976">
        <ele>341.290246</ele>
        <time>2026-09-08T15:45:55.809Z</time>
      </trkpt>
      <trkpt lat="50.776187" lon="12.970774">
        <ele>341.178038</ele>
        <time>2026-09-08T15:46:00.609Z</time>
      </trkpt>
      <trkpt lat="50.776448" lon="12.970697">
        <ele>341.130503</ele>
        <time>2026-09-08T15:46:04.745Z</time>
      </trkpt>
      <trkpt lat="50.776732" lon="12.970731">
        <ele>341.079510</ele>
        <time>2026-09-08T15:46:09.169Z</time>
      </trkpt>
      <trkpt lat="50.777186" lon="12.970912">
        <ele>340.995683</ele>
        <time>2026-09-08T15:46:16.155Z</time>
      </trkpt>
      <trkpt lat="50.777227" lon="12.970917">
        <ele>340.988321</ele>
        <time>2026-09-08T15:46:16.735Z</time>
      </trkpt>
      <trkpt lat="50.777355" lon="12.970917">
        <ele>340.965404</ele>
        <time>2026-09-08T15:46:18.452Z</time>
      </trkpt>
      <trkpt lat="50.777585" lon="12.970912">
        <ele>340.924221</ele>
        <time>2026-09-08T15:46:21.511Z</time>
      </trkpt>
      <trkpt lat="50.777713" lon="12.970902">
        <ele>340.901276</ele>
        <time>2026-09-08T15:46:23.199Z</time>
      </trkpt>
      <trkpt lat="50.778017" lon="12.970906">
        <ele>340.746023</ele>
        <time>2026-09-08T15:46:27.174Z</time>
      </trkpt>
      <trkpt lat="50.778088" lon="12.970924">
        <ele>340.702861</ele>
        <time>2026-09-08T15:46:28.094Z</time>
      </trkpt>
      <trkpt lat="50.778132" lon="12.970936">
        <ele>340.676060</ele>
        <time>2026-09-08T15:46:28.674Z</time>
      </trkpt>
      <trkpt lat="50.778431" lon="12.971083">
        <ele>340.488113</ele>
        <time>2026-09-08T15:46:32.618Z</time>
      </trkpt>
      <trkpt lat="50.778775" lon="12.971377">
        <ele>340.253403</ele>
        <time>2026-09-08T15:46:37.520Z</time>
      </trkpt>
      <trkpt lat="50.779096" lon="12.971676">
        <ele>340.029786</ele>
        <time>2026-09-08T15:46:42.194Z</time>
      </trkpt>
      <trkpt lat="50.779414" lon="12.971962">
        <ele>339.810200</ele>
        <time>2026-09-08T15:46:47.107Z</time>
      </trkpt>
      <trkpt lat="50.779589" lon="12.972116">
        <ele>339.762284</ele>
        <time>2026-09-08T15:46:50.061Z</time>
      </trkpt>
      <trkpt lat="50.779914" lon="12.972406">
        <ele>339.673155</ele>
        <time>2026-09-08T15:46:55.508Z</time>
      </trkpt>
      <trkpt lat="50.780102" lon="12.972536">
        <ele>339.624147</ele>
        <time>2026-09-08T15:46:58.462Z</time>
      </trkpt>
      <trkpt lat="50.780262" lon="12.972606">
        <ele>339.584496</ele>
        <time>2026-09-08T15:47:00.862Z</time>
      </trkpt>
      <trkpt lat="50.780288" lon="12.972617">
        <ele>339.578067</ele>
        <time>2026-09-08T15:47:01.258Z</time>
      </trkpt>
      <trkpt lat="50.780490" lon="12.972680">
        <ele>339.528891</ele>
        <time>2026-09-08T15:47:04.174Z</time>
      </trkpt>
      <trkpt lat="50.780685" lon="12.972702">
        <ele>339.482197</ele>
        <time>2026-09-08T15:47:06.821Z</time>
      </trkpt>
      <trkpt lat="50.780767" lon="12.972704">
        <ele>339.462609</ele>
        <time>2026-09-08T15:47:07.928Z</time>
      </trkpt>
      <trkpt lat="50.780816" lon="12.972704">
        <ele>339.450905</ele>
        <time>2026-09-08T15:47:08.574Z</time>
      </trkpt>
      <trkpt lat="50.781047" lon="12.972702">
        <ele>339.395730</ele>
        <time>2026-09-08T15:47:11.745Z</time>
      </trkpt>
      <trkpt lat="50.781228" lon="12.972670">
        <ele>339.402908</ele>
        <time>2026-09-08T15:47:14.288Z</time>
      </trkpt>
      <trkpt lat="50.781452" lon="12.972634">
        <ele>339.445673</ele>
        <time>2026-09-08T15:47:17.424Z</time>
      </trkpt>
      <trkpt lat="50.781652" lon="12.972588">
        <ele>339.484060</ele>
        <time>2026-09-08T15:47:20.276Z</time>
      </trkpt>
      <trkpt lat="50.781884" lon="12.972472">
        <ele>339.530275</ele>
        <time>2026-09-08T15:47:23.808Z</time>
      </trkpt>
      <trkpt lat="50.782166" lon="12.972302">
        <ele>339.587596</ele>
        <time>2026-09-08T15:47:28.656Z</time>
      </trkpt>
      <trkpt lat="50.782653" lon="12.971863">
        <ele>339.694065</ele>
        <time>2026-09-08T15:47:38.732Z</time>
      </trkpt>
      <trkpt lat="50.782739" lon="12.971744">
        <ele>339.715769</ele>
        <time>2026-09-08T15:47:40.773Z</time>
      </trkpt>
      <trkpt lat="50.782978" lon="12.971391">
        <ele>339.540229</ele>
        <time>2026-09-08T15:47:46.377Z</time>
      </trkpt>
      <trkpt lat="50.783265" lon="12.970897">
        <ele>339.277610</ele>
        <time>2026-09-08T15:47:52.531Z</time>
      </trkpt>
      <trkpt lat="50.783651" lon="12.969779">
        <ele>338.778970</ele>
        <time>2026-09-08T15:48:02.271Z</time>
      </trkpt>
      <trkpt lat="50.783833" lon="12.968571">
        <ele>338.292409</ele>
        <time>2026-09-08T15:48:11.156Z</time>
      </trkpt>
      <trkpt lat="50.783915" lon="12.967447">
        <ele>337.848868</ele>
        <time>2026-09-08T15:48:19.811Z</time>
      </trkpt>
      <trkpt lat="50.783945" lon="12.967029">
        <ele>337.683956</ele>
        <time>2026-09-08T15:48:23.783Z</time>
      </trkpt>
      <trkpt lat="50.784004" lon="12.966218">
        <ele>337.638331</ele>
        <time>2026-09-08T15:48:33.224Z</time>
      </trkpt>
      <trkpt lat="50.784174" lon="12.963993">
        <ele>338.623481</ele>
        <time>2026-09-08T15:49:02.867Z</time>
      </trkpt>
      <trkpt lat="50.784209" lon="12.963803">
        <ele>338.710471</ele>
        <time>2026-09-08T15:49:04.401Z</time>
      </trkpt>
      <trkpt lat="50.784317" lon="12.963439">
        <ele>338.204558</ele>
        <time>2026-09-08T15:49:07.275Z</time>
      </trkpt>
      <trkpt lat="50.784895" lon="12.962347">
        <ele>335.850971</ele>
        <time>2026-09-08T15:49:16.510Z</time>
      </trkpt>
      <trkpt lat="50.785185" lon="12.961536">
        <ele>334.311202</ele>
        <time>2026-09-08T15:49:22.189Z</time>
      </trkpt>
      <trkpt lat="50.785203" lon="12.961472">
        <ele>334.195443</ele>
        <time>2026-09-08T15:49:22.636Z</time>
      </trkpt>
      <trkpt lat="50.785447" lon="12.960510">
        <ele>333.215865</ele>
        <time>2026-09-08T15:49:29.809Z</time>
      </trkpt>
      <trkpt lat="50.785525" lon="12.960075">
        <ele>332.819958</ele>
        <time>2026-09-08T15:49:33.335Z</time>
      </trkpt>
      <trkpt lat="50.785560" lon="12.959789">
        <ele>332.564890</ele>
        <time>2026-09-08T15:49:35.712Z</time>
      </trkpt>
      <trkpt lat="50.785604" lon="12.958723">
        <ele>331.629521</ele>
        <time>2026-09-08T15:49:44.618Z</time>
      </trkpt>
      <trkpt lat="50.785662" lon="12.957268">
        <ele>331.035245</ele>
        <time>2026-09-08T15:49:56.493Z</time>
      </trkpt>
      <trkpt lat="50.785688" lon="12.956635">
        <ele>330.796051</ele>
        <time>2026-09-08T15:50:01.844Z</time>
      </trkpt>
      <trkpt lat="50.785694" lon="12.956240">
        <ele>330.647061</ele>
        <time>2026-09-08T15:50:05.227Z</time>
      </trkpt>
      <trkpt lat="50.785662" lon="12.955876">
        <ele>330.508484</ele>
        <time>2026-09-08T15:50:08.255Z</time>
      </trkpt>
      <trkpt lat="50.785584" lon="12.955611">
        <ele>330.433604</ele>
        <time>2026-09-08T15:50:10.566Z</time>
      </trkpt>
      <trkpt lat="50.785248" lon="12.954609">
        <ele>330.194240</ele>
        <time>2026-09-08T15:50:19.701Z</time>
      </trkpt>
      <trkpt lat="50.785207" lon="12.954445">
        <ele>330.157022</ele>
        <time>2026-09-08T15:50:21.289Z</time>
      </trkpt>
      <trkpt lat="50.785201" lon="12.954192">
        <ele>330.103591</ele>
        <time>2026-09-08T15:50:23.712Z</time>
      </trkpt>
      <trkpt lat="50.785238" lon="12.954028">
        <ele>330.066843</ele>
        <time>2026-09-08T15:50:25.357Z</time>
      </trkpt>
      <trkpt lat="50.785303" lon="12.953856">
        <ele>330.024554</ele>
        <time>2026-09-08T15:50:27.181Z</time>
      </trkpt>
      <trkpt lat="50.785449" lon="12.953543">
        <ele>329.942467</ele>
        <time>2026-09-08T15:50:30.702Z</time>
      </trkpt>
      <trkpt lat="50.785742" lon="12.953005">
        <ele>329.946253</ele>
        <time>2026-09-08T15:50:37.072Z</time>
      </trkpt>
      <trkpt lat="50.786093" lon="12.952468">
        <ele>330.076083</ele>
        <time>2026-09-08T15:50:44.776Z</time>
      </trkpt>
      <trkpt lat="50.786359" lon="12.952194">
        <ele>330.160477</ele>
        <time>2026-09-08T15:50:50.053Z</time>
      </trkpt>
      <trkpt lat="50.787840" lon="12.950840">
        <ele>330.919054</ele>
        <time>2026-09-08T15:51:18.097Z</time>
      </trkpt>
      <trkpt lat="50.788590" lon="12.950099">
        <ele>331.386700</ele>
        <time>2026-09-08T15:51:34.498Z</time>
      </trkpt>
      <trkpt lat="50.788830" lon="12.949820">
        <ele>331.342292</ele>
        <time>2026-09-08T15:51:39.640Z</time>
      </trkpt>
      <trkpt lat="50.789060" lon="12.949544">
        <ele>331.299247</ele>
        <time>2026-09-08T15:51:44.597Z</time>
      </trkpt>
      <trkpt lat="50.789348" lon="12.949198">
        <ele>331.245326</ele>
        <time>2026-09-08T15:51:50.405Z</time>
      </trkpt>
      <trkpt lat="50.789652" lon="12.948932">
        <ele>331.193527</ele>
        <time>2026-09-08T15:51:55.482Z</time>
      </trkpt>
      <trkpt lat="50.789939" lon="12.948754">
        <ele>331.147564</ele>
        <time>2026-09-08T15:51:59.227Z</time>
      </trkpt>
      <trkpt lat="50.790436" lon="12.948343">
        <ele>330.343123</ele>
        <time>2026-09-08T15:52:05.268Z</time>
      </trkpt>
      <trkpt lat="50.791150" lon="12.947685">
        <ele>328.820336</ele>
        <time>2026-09-08T15:52:14.301Z</time>
      </trkpt>
      <trkpt lat="50.791701" lon="12.946978">
        <ele>327.659576</ele>
        <time>2026-09-08T15:52:22.117Z</time>
      </trkpt>
      <trkpt lat="50.793526" lon="12.943679">
        <ele>326.335043</ele>
        <time>2026-09-08T15:52:57.423Z</time>
      </trkpt>
      <trkpt lat="50.793839" lon="12.943226">
        <ele>326.415645</ele>
        <time>2026-09-08T15:53:05.686Z</time>
      </trkpt>
      <trkpt lat="50.793904" lon="12.943136">
        <ele>326.432057</ele>
        <time>2026-09-08T15:53:07.457Z</time>
      </trkpt>
      <trkpt lat="50.794077" lon="12.942985">
        <ele>326.620235</ele>
        <time>2026-09-08T15:53:11.709Z</time>
      </trkpt>
      <trkpt lat="50.794108" lon="12.942957">
        <ele>326.746985</ele>
        <time>2026-09-08T15:53:12.500Z</time>
      </trkpt>
      <trkpt lat="50.794187" lon="12.943070">
        <ele>327.125151</ele>
        <time>2026-09-08T15:53:14.995Z</time>
      </trkpt>
      <trkpt lat="50.794247" lon="12.943076">
        <ele>327.338620</ele>
        <time>2026-09-08T15:53:16.437Z</time>
      </trkpt>
      <trkpt lat="50.794305" lon="12.943034">
        <ele>327.565112</ele>
        <time>2026-09-08T15:53:18.031Z</time>
      </trkpt>
      <trkpt lat="50.794382" lon="12.943129">
        <ele>327.911832</ele>
        <time>2026-09-08T15:53:20.564Z</time>
      </trkpt>
      <trkpt lat="50.794449" lon="12.943150">
        <ele>328.154356</ele>
        <time>2026-09-08T15:53:22.382Z</time>
      </trkpt>
      <trkpt lat="50.794507" lon="12.943152">
        <ele>328.360347</ele>
        <time>2026-09-08T15:53:23.924Z</time>
      </trkpt>
      <trkpt lat="50.794682" lon="12.942948">
        <ele>329.132196</ele>
        <time>2026-09-08T15:53:29.886Z</time>
      </trkpt>
      <trkpt lat="50.794909" lon="12.942463">
        <ele>330.486667</ele>
        <time>2026-09-08T15:53:41.196Z</time>
      </trkpt>
      <trkpt lat="50.795108" lon="12.942098">
        <ele>331.568509</ele>
        <time>2026-09-08T15:53:51.099Z</time>
      </trkpt>
      <trkpt lat="50.795165" lon="12.942002">
        <ele>331.864121</ele>
        <time>2026-09-08T15:53:53.942Z</time>
      </trkpt>
      <trkpt lat="50.795435" lon="12.941711">
        <ele>333.090274</ele>
        <time>2026-09-08T15:54:05.293Z</time>
      </trkpt>
      <trkpt lat="50.795564" lon="12.941601">
        <ele>333.805490</ele>
        <time>2026-09-08T15:54:10.579Z</time>
      </trkpt>
      <trkpt lat="50.795889" lon="12.941341">
        <ele>335.582922</ele>
        <time>2026-09-08T15:54:24.011Z</time>
      </trkpt>
      <trkpt lat="50.796015" lon="12.941303">
        <ele>336.208942</ele>
        <time>2026-09-08T15:54:28.722Z</time>
      </trkpt>
      <trkpt lat="50.796200" lon="12.941315">
        <ele>337.112597</ele>
        <time>2026-09-08T15:54:35.431Z</time>
      </trkpt>
      <trkpt lat="50.796397" lon="12.941354">
        <ele>338.081559</ele>
        <time>2026-09-08T15:54:42.528Z</time>
      </trkpt>
      <trkpt lat="50.796665" lon="12.941460">
        <ele>339.429794</ele>
        <time>2026-09-08T15:54:52.288Z</time>
      </trkpt>
      <trkpt lat="50.797210" lon="12.941693">
        <ele>342.019132</ele>
        <time>2026-09-08T15:55:10.620Z</time>
      </trkpt>
      <trkpt lat="50.797386" lon="12.941750">
        <ele>342.635704</ele>
        <time>2026-09-08T15:55:15.765Z</time>
      </trkpt>
      <trkpt lat="50.797587" lon="12.941769">
        <ele>343.326783</ele>
        <time>2026-09-08T15:55:21.281Z</time>
      </trkpt>
      <trkpt lat="50.797833" lon="12.941752">
        <ele>344.171880</ele>
        <time>2026-09-08T15:55:27.873Z</time>
      </trkpt>
      <trkpt lat="50.797990" lon="12.941736">
        <ele>344.711833</ele>
        <time>2026-09-08T15:55:32.095Z</time>
      </trkpt>
      <trkpt lat="50.798081" lon="12.941726">
        <ele>345.024905</ele>
        <time>2026-09-08T15:55:34.495Z</time>
      </trkpt>
      <trkpt lat="50.798411" lon="12.941678">
        <ele>346.162269</ele>
        <time>2026-09-08T15:55:43.130Z</time>
      </trkpt>
      <trkpt lat="50.798830" lon="12.941616">
        <ele>347.606587</ele>
        <time>2026-09-08T15:55:55.156Z</time>
      </trkpt>
      <trkpt lat="50.798996" lon="12.941591">
        <ele>348.242363</ele>
        <time>2026-09-08T15:56:00.196Z</time>
      </trkpt>
      <trkpt lat="50.799264" lon="12.941558">
        <ele>349.319097</ele>
        <time>2026-09-08T15:56:08.204Z</time>
      </trkpt>
      <trkpt lat="50.799373" lon="12.941542">
        <ele>349.757578</ele>
        <time>2026-09-08T15:56:11.577Z</time>
      </trkpt>
      <trkpt lat="50.799673" lon="12.941498">
        <ele>350.964396</ele>
        <time>2026-09-08T15:56:21.199Z</time>
      </trkpt>
      <trkpt lat="50.799709" lon="12.941493">
        <ele>351.109150</ele>
        <time>2026-09-08T15:56:22.390Z</time>
      </trkpt>
      <trkpt lat="50.799964" lon="12.941456">
        <ele>352.134852</ele>
        <time>2026-09-08T15:56:30.941Z</time>
      </trkpt>
      <trkpt lat="50.800115" lon="12.941434">
        <ele>352.742250</ele>
        <time>2026-09-08T15:56:35.977Z</time>
      </trkpt>
      <trkpt lat="50.800231" lon="12.941416">
        <ele>353.209123</ele>
        <time>2026-09-08T15:56:39.729Z</time>
      </trkpt>
      <trkpt lat="50.800754" lon="12.941318">
        <ele>355.162067</ele>
        <time>2026-09-08T15:56:56.431Z</time>
      </trkpt>
      <trkpt lat="50.800997" lon="12.941255">
        <ele>355.658214</ele>
        <time>2026-09-08T15:57:03.385Z</time>
      </trkpt>
      <trkpt lat="50.801223" lon="12.941188">
        <ele>356.121502</ele>
        <time>2026-09-08T15:57:09.112Z</time>
      </trkpt>
      <trkpt lat="50.801384" lon="12.941093">
        <ele>356.467721</ele>
        <time>2026-09-08T15:57:13.128Z</time>
      </trkpt>
      <trkpt lat="50.801736" lon="12.940801">
        <ele>357.268524</ele>
        <time>2026-09-08T15:57:21.189Z</time>
      </trkpt>
      <trkpt lat="50.801942" lon="12.940527">
        <ele>357.810763</ele>
        <time>2026-09-08T15:57:26.113Z</time>
      </trkpt>
      <trkpt lat="50.801974" lon="12.940480">
        <ele>357.898736</ele>
        <time>2026-09-08T15:57:26.883Z</time>
      </trkpt>
      <trkpt lat="50.802182" lon="12.940179">
        <ele>358.466677</ele>
        <time>2026-09-08T15:57:32.245Z</time>
      </trkpt>
      <trkpt lat="50.802269" lon="12.940071">
        <ele>358.675843</ele>
        <time>2026-09-08T15:57:34.396Z</time>
      </trkpt>
      <trkpt lat="50.802486" lon="12.939810">
        <ele>359.103958</ele>
        <time>2026-09-08T15:57:39.740Z</time>
      </trkpt>
      <trkpt lat="50.802586" lon="12.939726">
        <ele>359.281781</ele>
        <time>2026-09-08T15:57:41.990Z</time>
      </trkpt>
      <trkpt lat="50.802723" lon="12.939613">
        <ele>359.524437</ele>
        <time>2026-09-08T15:57:45.990Z</time>
      </trkpt>
      <trkpt lat="50.803071" lon="12.939411">
        <ele>360.106631</ele>
        <time>2026-09-08T15:57:55.995Z</time>
      </trkpt>
      <trkpt lat="50.803480" lon="12.939266">
        <ele>360.764943</ele>
        <time>2026-09-08T15:58:07.706Z</time>
      </trkpt>
      <trkpt lat="50.803787" lon="12.939176">
        <ele>361.255331</ele>
        <time>2026-09-08T15:58:15.285Z</time>
      </trkpt>
      <trkpt lat="50.803959" lon="12.939112">
        <ele>361.452622</ele>
        <time>2026-09-08T15:58:19.334Z</time>
      </trkpt>
      <trkpt lat="50.804569" lon="12.938826">
        <ele>361.452717</ele>
        <time>2026-09-08T15:58:31.235Z</time>
      </trkpt>
      <trkpt lat="50.804645" lon="12.938790">
        <ele>361.452729</ele>
        <time>2026-09-08T15:58:32.525Z</time>
      </trkpt>
      <trkpt lat="50.805203" lon="12.938465">
        <ele>361.452818</ele>
        <time>2026-09-08T15:58:40.592Z</time>
      </trkpt>
      <trkpt lat="50.805503" lon="12.938212">
        <ele>361.452869</ele>
        <time>2026-09-08T15:58:44.648Z</time>
      </trkpt>
      <trkpt lat="50.805804" lon="12.937928">
        <ele>360.830305</ele>
        <time>2026-09-08T15:58:48.600Z</time>
      </trkpt>
      <trkpt lat="50.806226" lon="12.937557">
        <ele>359.642242</ele>
        <time>2026-09-08T15:58:53.847Z</time>
      </trkpt>
      <trkpt lat="50.806509" lon="12.937306">
        <ele>358.843841</ele>
        <time>2026-09-08T15:58:57.288Z</time>
      </trkpt>
      <trkpt lat="50.806865" lon="12.936992">
        <ele>357.840819</ele>
        <time>2026-09-08T15:59:01.469Z</time>
      </trkpt>
      <trkpt lat="50.807055" lon="12.936834">
        <ele>357.312595</ele>
        <time>2026-09-08T15:59:03.643Z</time>
      </trkpt>
      <trkpt lat="50.807357" lon="12.936586">
        <ele>356.245817</ele>
        <time>2026-09-08T15:59:07.051Z</time>
      </trkpt>
      <trkpt lat="50.807665" lon="12.936387">
        <ele>355.086252</ele>
        <time>2026-09-08T15:59:10.360Z</time>
      </trkpt>
      <trkpt lat="50.808294" lon="12.935920">
        <ele>352.664574</ele>
        <time>2026-09-08T15:59:17.234Z</time>
      </trkpt>
      <trkpt lat="50.808442" lon="12.935815">
        <ele>352.099252</ele>
        <time>2026-09-08T15:59:18.837Z</time>
      </trkpt>
      <trkpt lat="50.809068" lon="12.935409">
        <ele>349.876703</ele>
        <time>2026-09-08T15:59:25.617Z</time>
      </trkpt>
      <trkpt lat="50.809934" lon="12.934837">
        <ele>347.042110</ele>
        <time>2026-09-08T15:59:35.270Z</time>
      </trkpt>
      <trkpt lat="50.810456" lon="12.934389">
        <ele>345.248105</ele>
        <time>2026-09-08T15:59:41.428Z</time>
      </trkpt>
      <trkpt lat="50.810804" lon="12.934150">
        <ele>344.097982</ele>
        <time>2026-09-08T15:59:45.359Z</time>
      </trkpt>
      <trkpt lat="50.811066" lon="12.933902">
        <ele>343.172416</ele>
        <time>2026-09-08T15:59:48.482Z</time>
      </trkpt>
      <trkpt lat="50.811282" lon="12.933677">
        <ele>342.388428</ele>
        <time>2026-09-08T15:59:51.082Z</time>
      </trkpt>
      <trkpt lat="50.811686" lon="12.933195">
        <ele>340.854533</ele>
        <time>2026-09-08T15:59:56.189Z</time>
      </trkpt>
      <trkpt lat="50.812082" lon="12.932727">
        <ele>339.418189</ele>
        <time>2026-09-08T16:00:01.257Z</time>
      </trkpt>
      <trkpt lat="50.812523" lon="12.932208">
        <ele>337.952796</ele>
        <time>2026-09-08T16:00:07.056Z</time>
      </trkpt>
      <trkpt lat="50.812645" lon="12.932066">
        <ele>337.548986</ele>
        <time>2026-09-08T16:00:08.653Z</time>
      </trkpt>
      <trkpt lat="50.812765" lon="12.931927">
        <ele>337.152466</ele>
        <time>2026-09-08T16:00:10.225Z</time>
      </trkpt>
      <trkpt lat="50.813031" lon="12.931650">
        <ele>336.303422</ele>
        <time>2026-09-08T16:00:13.607Z</time>
      </trkpt>
      <trkpt lat="50.813188" lon="12.931501">
        <ele>335.815291</ele>
        <time>2026-09-08T16:00:15.562Z</time>
      </trkpt>
      <trkpt lat="50.813290" lon="12.931403">
        <ele>335.497119</ele>
        <time>2026-09-08T16:00:16.827Z</time>
      </trkpt>
      <trkpt lat="50.813443" lon="12.931272">
        <ele>335.027270</ele>
        <time>2026-09-08T16:00:18.656Z</time>
      </trkpt>
      <trkpt lat="50.813535" lon="12.931186">
        <ele>334.701426</ele>
        <time>2026-09-08T16:00:19.765Z</time>
      </trkpt>
      <trkpt lat="50.814015" lon="12.930723">
        <ele>332.987191</ele>
        <time>2026-09-08T16:00:25.479Z</time>
      </trkpt>
      <trkpt lat="50.814085" lon="12.930657">
        <ele>332.738711</ele>
        <time>2026-09-08T16:00:26.304Z</time>
      </trkpt>
      <trkpt lat="50.814157" lon="12.930583">
        <ele>332.476907</ele>
        <time>2026-09-08T16:00:27.173Z</time>
      </trkpt>
      <trkpt lat="50.814338" lon="12.930418">
        <ele>331.839920</ele>
        <time>2026-09-08T16:00:29.288Z</time>
      </trkpt>
      <trkpt lat="50.814516" lon="12.930273">
        <ele>331.229415</ele>
        <time>2026-09-08T16:00:31.321Z</time>
      </trkpt>
      <trkpt lat="50.814709" lon="12.930176">
        <ele>330.611884</ele>
        <time>2026-09-08T16:00:33.365Z</time>
      </trkpt>
      <trkpt lat="50.814889" lon="12.930105">
        <ele>330.046170</ele>
        <time>2026-09-08T16:00:35.240Z</time>
      </trkpt>
      <trkpt lat="50.815426" lon="12.929945">
        <ele>328.481659</ele>
        <time>2026-09-08T16:00:40.827Z</time>
      </trkpt>
      <trkpt lat="50.815537" lon="12.929924">
        <ele>328.169445</ele>
        <time>2026-09-08T16:00:41.969Z</time>
      </trkpt>
      <trkpt lat="50.816060" lon="12.929865">
        <ele>326.705075</ele>
        <time>2026-09-08T16:00:47.472Z</time>
      </trkpt>
      <trkpt lat="50.816323" lon="12.929838">
        <ele>325.969010</ele>
        <time>2026-09-08T16:00:50.214Z</time>
      </trkpt>
      <trkpt lat="50.816927" lon="12.929781">
        <ele>324.329067</ele>
        <time>2026-09-08T16:00:56.467Z</time>
      </trkpt>
      <trkpt lat="50.817122" lon="12.929754">
        <ele>323.877336</ele>
        <time>2026-09-08T16:00:58.541Z</time>
      </trkpt>
      <trkpt lat="50.817484" lon="12.929610">
        <ele>323.015949</ele>
        <time>2026-09-08T16:01:02.610Z</time>
      </trkpt>
      <trkpt lat="50.818193" lon="12.929266">
        <ele>321.304602</ele>
        <time>2026-09-08T16:01:10.600Z</time>
      </trkpt>
      <trkpt lat="50.818384" lon="12.929167">
        <ele>320.840789</ele>
        <time>2026-09-08T16:01:12.785Z</time>
      </trkpt>
      <trkpt lat="50.818569" lon="12.929042">
        <ele>320.378087</ele>
        <time>2026-09-08T16:01:15.036Z</time>
      </trkpt>
      <trkpt lat="50.819322" lon="12.928516">
        <ele>318.551523</ele>
        <time>2026-09-08T16:01:23.816Z</time>
      </trkpt>
      <trkpt lat="50.819414" lon="12.928451">
        <ele>318.327940</ele>
        <time>2026-09-08T16:01:24.901Z</time>
      </trkpt>
      <trkpt lat="50.819547" lon="12.928361">
        <ele>318.006944</ele>
        <time>2026-09-08T16:01:26.426Z</time>
      </trkpt>
      <trkpt lat="50.820192" lon="12.927904">
        <ele>316.438694</ele>
        <time>2026-09-08T16:01:33.972Z</time>
      </trkpt>
      <trkpt lat="50.820396" lon="12.927765">
        <ele>315.980190</ele>
        <time>2026-09-08T16:01:36.503Z</time>
      </trkpt>
      <trkpt lat="50.820577" lon="12.927641">
        <ele>315.573956</ele>
        <time>2026-09-08T16:01:38.786Z</time>
      </trkpt>
      <trkpt lat="50.820736" lon="12.927532">
        <ele>315.217061</ele>
        <time>2026-09-08T16:01:40.763Z</time>
      </trkpt>
      <trkpt lat="50.820810" lon="12.927480">
        <ele>315.050296</ele>
        <time>2026-09-08T16:01:41.681Z</time>
      </trkpt>
      <trkpt lat="50.820971" lon="12.927366">
        <ele>314.687010</ele>
        <time>2026-09-08T16:01:43.673Z</time>
      </trkpt>
      <trkpt lat="50.821114" lon="12.927267">
        <ele>314.365527</ele>
        <time>2026-09-08T16:01:45.447Z</time>
      </trkpt>
      <trkpt lat="50.821247" lon="12.927174">
        <ele>314.066042</ele>
        <time>2026-09-08T16:01:47.117Z</time>
      </trkpt>
      <trkpt lat="50.821482" lon="12.927010">
        <ele>313.537047</ele>
        <time>2026-09-08T16:01:50.003Z</time>
      </trkpt>
      <trkpt lat="50.821746" lon="12.926831">
        <ele>312.945489</ele>
        <time>2026-09-08T16:01:53.089Z</time>
      </trkpt>
      <trkpt lat="50.821833" lon="12.926772">
        <ele>312.750538</ele>
        <time>2026-09-08T16:01:54.059Z</time>
      </trkpt>
      <trkpt lat="50.821903" lon="12.926720">
        <ele>312.498895</ele>
        <time>2026-09-08T16:01:54.850Z</time>
      </trkpt>
      <trkpt lat="50.822406" lon="12.926355">
        <ele>310.538011</ele>
        <time>2026-09-08T16:02:00.400Z</time>
      </trkpt>
      <trkpt lat="50.822628" lon="12.926178">
        <ele>309.657138</ele>
        <time>2026-09-08T16:02:03.885Z</time>
      </trkpt>
      <trkpt lat="50.822698" lon="12.925990">
        <ele>309.168600</ele>
        <time>2026-09-08T16:02:05.827Z</time>
      </trkpt>
      <trkpt lat="50.822977" lon="12.925850">
        <ele>308.131401</ele>
        <time>2026-09-08T16:02:08.722Z</time>
      </trkpt>
      <trkpt lat="50.823028" lon="12.925802">
        <ele>307.921137</ele>
        <time>2026-09-08T16:02:09.311Z</time>
      </trkpt>
      <trkpt lat="50.823074" lon="12.925858">
        <ele>307.715492</ele>
        <time>2026-09-08T16:02:09.885Z</time>
      </trkpt>
      <trkpt lat="50.823161" lon="12.925864">
        <ele>307.406891</ele>
        <time>2026-09-08T16:02:10.734Z</time>
      </trkpt>
      <trkpt lat="50.823228" lon="12.925779">
        <ele>307.102617</ele>
        <time>2026-09-08T16:02:11.571Z</time>
      </trkpt>
      <trkpt lat="50.823245" lon="12.925673">
        <ele>306.857792</ele>
        <time>2026-09-08T16:02:12.242Z</time>
      </trkpt>
      <trkpt lat="50.823312" lon="12.925671">
        <ele>306.620317</ele>
        <time>2026-09-08T16:02:12.895Z</time>
      </trkpt>
      <trkpt lat="50.823436" lon="12.925668">
        <ele>306.219784</ele>
        <time>2026-09-08T16:02:14.085Z</time>
      </trkpt>
      <trkpt lat="50.823584" lon="12.925610">
        <ele>305.807275</ele>
        <time>2026-09-08T16:02:15.564Z</time>
      </trkpt>
      <trkpt lat="50.823687" lon="12.925566">
        <ele>305.518634</ele>
        <time>2026-09-08T16:02:16.612Z</time>
      </trkpt>
      <trkpt lat="50.823731" lon="12.925548">
        <ele>305.395679</ele>
        <time>2026-09-08T16:02:17.061Z</time>
      </trkpt>
      <trkpt lat="50.823812" lon="12.925521">
        <ele>305.171724</ele>
        <time>2026-09-08T16:02:17.888Z</time>
      </trkpt>
      <trkpt lat="50.824165" lon="12.925376">
        <ele>304.185035</ele>
        <time>2026-09-08T16:02:21.664Z</time>
      </trkpt>
      <trkpt lat="50.824387" lon="12.925313">
        <ele>303.574827</ele>
        <time>2026-09-08T16:02:24.005Z</time>
      </trkpt>
      <trkpt lat="50.824617" lon="12.925251">
        <ele>302.943593</ele>
        <time>2026-09-08T16:02:26.477Z</time>
      </trkpt>
      <trkpt lat="50.825086" lon="12.925154">
        <ele>301.663905</ele>
        <time>2026-09-08T16:02:31.594Z</time>
      </trkpt>
      <trkpt lat="50.825237" lon="12.925105">
        <ele>301.413291</ele>
        <time>2026-09-08T16:02:33.350Z</time>
      </trkpt>
      <trkpt lat="50.825357" lon="12.925070">
        <ele>301.319666</ele>
        <time>2026-09-08T16:02:34.778Z</time>
      </trkpt>
      <trkpt lat="50.825343" lon="12.924775">
        <ele>301.176279</ele>
        <time>2026-09-08T16:02:37.174Z</time>
      </trkpt>
      <trkpt lat="50.825315" lon="12.923644">
        <ele>300.627672</ele>
        <time>2026-09-08T16:02:47.321Z</time>
      </trkpt>
      <trkpt lat="50.825321" lon="12.923360">
        <ele>300.489942</ele>
        <time>2026-09-08T16:02:49.753Z</time>
      </trkpt>
      <trkpt lat="50.825310" lon="12.922566">
        <ele>300.105005</ele>
        <time>2026-09-08T16:02:56.436Z</time>
      </trkpt>
      <trkpt lat="50.825303" lon="12.922157">
        <ele>299.896258</ele>
        <time>2026-09-08T16:02:59.470Z</time>
      </trkpt>
      <trkpt lat="50.825299" lon="12.921925">
        <ele>299.777666</ele>
        <time>2026-09-08T16:03:01.179Z</time>
      </trkpt>
      <trkpt lat="50.825334" lon="12.921541">
        <ele>299.579416</ele>
        <time>2026-09-08T16:03:03.960Z</time>
      </trkpt>
      <trkpt lat="50.825338" lon="12.921357">
        <ele>299.485340</ele>
        <time>2026-09-08T16:03:05.296Z</time>
      </trkpt>
      <trkpt lat="50.825404" lon="12.921145">
        <ele>299.364570</ele>
        <time>2026-09-08T16:03:06.982Z</time>
      </trkpt>
      <trkpt lat="50.825403" lon="12.920588">
        <ele>299.079952</ele>
        <time>2026-09-08T16:03:11.041Z</time>
      </trkpt>
      <trkpt lat="50.825479" lon="12.920548">
        <ele>299.015166</ele>
        <time>2026-09-08T16:03:12.446Z</time>
      </trkpt>
      <trkpt lat="50.825482" lon="12.920448">
        <ele>298.964010</ele>
        <time>2026-09-08T16:03:13.549Z</time>
      </trkpt>
      <trkpt lat="50.825486" lon="12.920363">
        <ele>298.920457</ele>
        <time>2026-09-08T16:03:14.543Z</time>
      </trkpt>
      <trkpt lat="50.825489" lon="12.920257">
        <ele>298.866238</ele>
        <time>2026-09-08T16:03:15.831Z</time>
      </trkpt>
      <trkpt lat="50.825492" lon="12.920176">
        <ele>298.824778</ele>
        <time>2026-09-08T16:03:16.789Z</time>
      </trkpt>
      <trkpt lat="50.825480" lon="12.920095">
        <ele>298.782265</ele>
        <time>2026-09-08T16:03:17.867Z</time>
      </trkpt>
      <trkpt lat="50.825462" lon="12.920078">
        <ele>298.765311</ele>
        <time>2026-09-08T16:03:18.296Z</time>
      </trkpt>
      <trkpt lat="50.825441" lon="12.919916">
        <ele>298.680807</ele>
        <time>2026-09-08T16:03:20.472Z</time>
      </trkpt>
      <trkpt lat="50.825467" lon="12.919710">
        <ele>298.874268</ele>
        <time>2026-09-08T16:03:23.363Z</time>
      </trkpt>
      <trkpt lat="50.825490" lon="12.919513">
        <ele>299.207690</ele>
        <time>2026-09-08T16:03:26.294Z</time>
      </trkpt>
      <trkpt lat="50.825643" lon="12.918773">
        <ele>300.503569</ele>
        <time>2026-09-08T16:03:39.681Z</time>
      </trkpt>
      <trkpt lat="50.825723" lon="12.918518">
        <ele>300.977425</ele>
        <time>2026-09-08T16:03:45.240Z</time>
      </trkpt>
      <trkpt lat="50.826171" lon="12.917169">
        <ele>303.456737</ele>
        <time>2026-09-08T16:04:20.597Z</time>
      </trkpt>
      <trkpt lat="50.826317" lon="12.916754">
        <ele>303.901895</ele>
        <time>2026-09-08T16:04:31.610Z</time>
      </trkpt>
      <trkpt lat="50.826568" lon="12.915910">
        <ele>304.776104</ele>
        <time>2026-09-08T16:04:50.717Z</time>
      </trkpt>
      <trkpt lat="50.826732" lon="12.915134">
        <ele>305.542933</ele>
        <time>2026-09-08T16:05:02.757Z</time>
      </trkpt>
      <trkpt lat="50.826873" lon="12.914385">
        <ele>305.620932</ele>
        <time>2026-09-08T16:05:10.832Z</time>
      </trkpt>
      <trkpt lat="50.826878" lon="12.914357">
        <ele>305.568503</ele>
        <time>2026-09-08T16:05:11.030Z</time>
      </trkpt>
      <trkpt lat="50.826898" lon="12.914247">
        <ele>305.362255</ele>
        <time>2026-09-08T16:05:11.781Z</time>
      </trkpt>
      <trkpt lat="50.826908" lon="12.914188">
        <ele>305.252187</ele>
        <time>2026-09-08T16:05:12.181Z</time>
      </trkpt>
      <trkpt lat="50.826921" lon="12.914111">
        <ele>305.108576</ele>
        <time>2026-09-08T16:05:12.686Z</time>
      </trkpt>
      <trkpt lat="50.826988" lon="12.913860">
        <ele>304.617594</ele>
        <time>2026-09-08T16:05:15.110Z</time>
      </trkpt>
      <trkpt lat="50.827144" lon="12.913507">
        <ele>303.841343</ele>
        <time>2026-09-08T16:05:18.814Z</time>
      </trkpt>
      <trkpt lat="50.827253" lon="12.913324">
        <ele>303.388136</ele>
        <time>2026-09-08T16:05:20.956Z</time>
      </trkpt>
      <trkpt lat="50.827558" lon="12.913013">
        <ele>302.353280</ele>
        <time>2026-09-08T16:05:25.893Z</time>
      </trkpt>
      <trkpt lat="50.827658" lon="12.912920">
        <ele>302.022453</ele>
        <time>2026-09-08T16:05:27.528Z</time>
      </trkpt>
      <trkpt lat="50.827698" lon="12.912933">
        <ele>301.905973</ele>
        <time>2026-09-08T16:05:28.123Z</time>
      </trkpt>
      <trkpt lat="50.827743" lon="12.912907">
        <ele>301.769329</ele>
        <time>2026-09-08T16:05:28.814Z</time>
      </trkpt>
      <trkpt lat="50.827776" lon="12.912873">
        <ele>301.657018</ele>
        <time>2026-09-08T16:05:29.222Z</time>
      </trkpt>
      <trkpt lat="50.827809" lon="12.912840">
        <ele>301.545679</ele>
        <time>2026-09-08T16:05:29.648Z</time>
      </trkpt>
      <trkpt lat="50.827903" lon="12.912745">
        <ele>301.227567</ele>
        <time>2026-09-08T16:05:31.419Z</time>
      </trkpt>
      <trkpt lat="50.827938" lon="12.912711">
        <ele>301.110433</ele>
        <time>2026-09-08T16:05:31.908Z</time>
      </trkpt>
      <trkpt lat="50.827976" lon="12.912673">
        <ele>300.982224</ele>
        <time>2026-09-08T16:05:32.464Z</time>
      </trkpt>
      <trkpt lat="50.828007" lon="12.912657">
        <ele>300.959538</ele>
        <time>2026-09-08T16:05:33.008Z</time>
      </trkpt>
      <trkpt lat="50.828002" lon="12.912594">
        <ele>301.099802</ele>
        <time>2026-09-08T16:05:33.755Z</time>
      </trkpt>
      <trkpt lat="50.828041" lon="12.912524">
        <ele>301.305993</ele>
        <time>2026-09-08T16:05:34.936Z</time>
      </trkpt>
      <trkpt lat="50.828122" lon="12.912396">
        <ele>301.706240</ele>
        <time>2026-09-08T16:05:37.406Z</time>
      </trkpt>
      <trkpt lat="50.828160" lon="12.912356">
        <ele>301.865830</ele>
        <time>2026-09-08T16:05:38.477Z</time>
      </trkpt>
      <trkpt lat="50.828327" lon="12.912181">
        <ele>302.566222</ele>
        <time>2026-09-08T16:05:42.632Z</time>
      </trkpt>
      <trkpt lat="50.828400" lon="12.912079">
        <ele>302.906733</ele>
        <time>2026-09-08T16:05:44.995Z</time>
      </trkpt>
      <trkpt lat="50.828444" lon="12.911942">
        <ele>303.246244</ele>
        <time>2026-09-08T16:05:47.385Z</time>
      </trkpt>
      <trkpt lat="50.828690" lon="12.911600">
        <ele>304.391196</ele>
        <time>2026-09-08T16:05:57.204Z</time>
      </trkpt>
      <trkpt lat="50.828871" lon="12.911423">
        <ele>305.135218</ele>
        <time>2026-09-08T16:06:04.849Z</time>
      </trkpt>
      <trkpt lat="50.829104" lon="12.911143">
        <ele>306.158235</ele>
        <time>2026-09-08T16:06:16.209Z</time>
      </trkpt>
      <trkpt lat="50.829411" lon="12.910794">
        <ele>307.672801</ele>
        <time>2026-09-08T16:06:32.523Z</time>
      </trkpt>
      <trkpt lat="50.829505" lon="12.910697">
        <ele>308.346569</ele>
        <time>2026-09-08T16:06:37.523Z</time>
      </trkpt>
      <trkpt lat="50.829908" lon="12.910278">
        <ele>311.241680</ele>
        <time>2026-09-08T16:06:58.059Z</time>
      </trkpt>
      <trkpt lat="50.830004" lon="12.910180">
        <ele>311.927587</ele>
        <time>2026-09-08T16:07:02.599Z</time>
      </trkpt>
      <trkpt lat="50.830216" lon="12.909962">
        <ele>313.445557</ele>
        <time>2026-09-08T16:07:12.229Z</time>
      </trkpt>
      <trkpt lat="50.830516" lon="12.909655">
        <ele>315.590551</ele>
        <time>2026-09-08T16:07:25.600Z</time>
      </trkpt>
      <trkpt lat="50.830565" lon="12.909605">
        <ele>315.940604</ele>
        <time>2026-09-08T16:07:27.689Z</time>
      </trkpt>
      <trkpt lat="50.830697" lon="12.909470">
        <ele>316.884235</ele>
        <time>2026-09-08T16:07:33.520Z</time>
      </trkpt>
      <trkpt lat="50.830892" lon="12.909270">
        <ele>318.147093</ele>
        <time>2026-09-08T16:07:42.194Z</time>
      </trkpt>
      <trkpt lat="50.831361" lon="12.908790">
        <ele>319.843271</ele>
        <time>2026-09-08T16:08:00.837Z</time>
      </trkpt>
      <trkpt lat="50.831374" lon="12.908776">
        <ele>319.891023</ele>
        <time>2026-09-08T16:08:01.283Z</time>
      </trkpt>
      <trkpt lat="50.831561" lon="12.908699">
        <ele>320.477884</ele>
        <time>2026-09-08T16:08:06.441Z</time>
      </trkpt>
      <trkpt lat="50.831627" lon="12.908656">
        <ele>320.694652</ele>
        <time>2026-09-08T16:08:08.276Z</time>
      </trkpt>
      <trkpt lat="50.831856" lon="12.908470">
        <ele>321.476367</ele>
        <time>2026-09-08T16:08:14.510Z</time>
      </trkpt>
      <trkpt lat="50.832068" lon="12.908401">
        <ele>322.133729</ele>
        <time>2026-09-08T16:08:19.291Z</time>
      </trkpt>
      <trkpt lat="50.832462" lon="12.908265">
        <ele>323.358517</ele>
        <time>2026-09-08T16:08:27.832Z</time>
      </trkpt>
      <trkpt lat="50.833063" lon="12.908057">
        <ele>323.474617</ele>
        <time>2026-09-08T16:08:39.964Z</time>
      </trkpt>
      <trkpt lat="50.833037" lon="12.907879">
        <ele>323.474617</ele>
        <time>2026-09-08T16:08:42.184Z</time>
      </trkpt>
      <trkpt lat="50.832932" lon="12.907155">
        <ele>323.474617</ele>
        <time>2026-09-08T16:08:51.556Z</time>
      </trkpt>
      <trkpt lat="50.832897" lon="12.906916">
        <ele>323.474617</ele>
        <time>2026-09-08T16:08:54.761Z</time>
      </trkpt>
      <trkpt lat="50.832891" lon="12.906874">
        <ele>323.474617</ele>
        <time>2026-09-08T16:08:55.289Z</time>
      </trkpt>
      <trkpt lat="50.832808" lon="12.906273">
        <ele>323.474617</ele>
        <time>2026-09-08T16:09:03.729Z</time>
      </trkpt>
      <trkpt lat="50.832768" lon="12.905965">
        <ele>323.474617</ele>
        <time>2026-09-08T16:09:07.893Z</time>
      </trkpt>
      <trkpt lat="50.832749" lon="12.905827">
        <ele>323.474617</ele>
        <time>2026-09-08T16:09:09.666Z</time>
      </trkpt>
      <trkpt lat="50.832730" lon="12.905696">
        <ele>323.474617</ele>
        <time>2026-09-08T16:09:11.319Z</time>
      </trkpt>
      <trkpt lat="50.832705" lon="12.905518">
        <ele>323.474617</ele>
        <time>2026-09-08T16:09:13.503Z</time>
      </trkpt>
    </trkseg>
  </trk>
</gpx>