<?xml version='1.0' encoding='UTF-8'?>
<gpx version="1.1" creator="https://www.komoot.de" xmlns="http://www.topografix.com/GPX/1/1" xmlns:xsi="http://www.w3.org/2001/XMLSchema-instance" xsi:schemaLocation="http://www.topografix.com/GPX/1/1 http://www.topografix.com/GPX/1/1/gpx.xsd">
  <metadata>
    <name>4: Augustusburg 2026</name>
    <author>
      <link href="https://www.komoot.de">
        <text>komoot</text>
        <type>text/html</type>
      </link>
    </author>
  </metadata>
  <trk>
    <name>4: Augustusburg 2026</name>
    <type>racebike</type>
    <trkseg>
      <trkpt lat="50.832593" lon="12.904748">
        <ele>330.527315</ele>
        <time>2026-04-27T18:43:12.365Z</time>
      </trkpt>
      <trkpt lat="50.832414" lon="12.903511">
        <ele>330.527315</ele>
        <time>2026-04-27T18:43:27.840Z</time>
      </trkpt>
      <trkpt lat="50.832316" lon="12.902860">
        <ele>330.623228</ele>
        <time>2026-04-27T18:43:36.779Z</time>
      </trkpt>
      <trkpt lat="50.832296" lon="12.902731">
        <ele>330.647995</ele>
        <time>2026-04-27T18:43:38.590Z</time>
      </trkpt>
      <trkpt lat="50.832277" lon="12.902598">
        <ele>330.673421</ele>
        <time>2026-04-27T18:43:40.490Z</time>
      </trkpt>
      <trkpt lat="50.832259" lon="12.902479">
        <ele>330.696237</ele>
        <time>2026-04-27T18:43:42.177Z</time>
      </trkpt>
      <trkpt lat="50.832192" lon="12.902039">
        <ele>330.780630</ele>
        <time>2026-04-27T18:43:48.088Z</time>
      </trkpt>
      <trkpt lat="50.832179" lon="12.901954">
        <ele>330.796937</ele>
        <time>2026-04-27T18:43:49.220Z</time>
      </trkpt>
      <trkpt lat="50.832136" lon="12.901667">
        <ele>330.851936</ele>
        <time>2026-04-27T18:43:52.631Z</time>
      </trkpt>
      <trkpt lat="50.831988" lon="12.901744">
        <ele>330.897928</ele>
        <time>2026-04-27T18:43:55.082Z</time>
      </trkpt>
      <trkpt lat="50.831573" lon="12.901957">
        <ele>331.026722</ele>
        <time>2026-04-27T18:44:00.490Z</time>
      </trkpt>
      <trkpt lat="50.831198" lon="12.902143">
        <ele>329.810918</ele>
        <time>2026-04-27T18:44:04.888Z</time>
      </trkpt>
      <trkpt lat="50.830780" lon="12.902373">
        <ele>327.880550</ele>
        <time>2026-04-27T18:44:09.305Z</time>
      </trkpt>
      <trkpt lat="50.830721" lon="12.902405">
        <ele>327.608499</ele>
        <time>2026-04-27T18:44:09.899Z</time>
      </trkpt>
      <trkpt lat="50.830657" lon="12.902437">
        <ele>327.315728</ele>
        <time>2026-04-27T18:44:10.537Z</time>
      </trkpt>
      <trkpt lat="50.830357" lon="12.902602">
        <ele>325.930360</ele>
        <time>2026-04-27T18:44:13.509Z</time>
      </trkpt>
      <trkpt lat="50.829631" lon="12.902992">
        <ele>322.280999</ele>
        <time>2026-04-27T18:44:20.526Z</time>
      </trkpt>
      <trkpt lat="50.829515" lon="12.903053">
        <ele>321.488041</ele>
        <time>2026-04-27T18:44:21.634Z</time>
      </trkpt>
      <trkpt lat="50.829448" lon="12.903086">
        <ele>321.032840</ele>
        <time>2026-04-27T18:44:22.271Z</time>
      </trkpt>
      <trkpt lat="50.829050" lon="12.903298">
        <ele>318.308654</ele>
        <time>2026-04-27T18:44:26.070Z</time>
      </trkpt>
      <trkpt lat="50.828592" lon="12.903545">
        <ele>315.169789</ele>
        <time>2026-04-27T18:44:30.455Z</time>
      </trkpt>
      <trkpt lat="50.828206" lon="12.903748">
        <ele>312.531123</ele>
        <time>2026-04-27T18:44:34.151Z</time>
      </trkpt>
      <trkpt lat="50.827955" lon="12.903881">
        <ele>311.005938</ele>
        <time>2026-04-27T18:44:36.542Z</time>
      </trkpt>
      <trkpt lat="50.827893" lon="12.903914">
        <ele>310.693182</ele>
        <time>2026-04-27T18:44:37.131Z</time>
      </trkpt>
      <trkpt lat="50.827830" lon="12.903947">
        <ele>310.375891</ele>
        <time>2026-04-27T18:44:37.731Z</time>
      </trkpt>
      <trkpt lat="50.827232" lon="12.904261">
        <ele>307.363419</ele>
        <time>2026-04-27T18:44:43.440Z</time>
      </trkpt>
      <trkpt lat="50.827178" lon="12.904290">
        <ele>307.090770</ele>
        <time>2026-04-27T18:44:43.958Z</time>
      </trkpt>
      <trkpt lat="50.827100" lon="12.904334">
        <ele>306.694849</ele>
        <time>2026-04-27T18:44:44.718Z</time>
      </trkpt>
      <trkpt lat="50.826504" lon="12.904668">
        <ele>303.671830</ele>
        <time>2026-04-27T18:44:50.866Z</time>
      </trkpt>
      <trkpt lat="50.826403" lon="12.904724">
        <ele>303.160142</ele>
        <time>2026-04-27T18:44:52.049Z</time>
      </trkpt>
      <trkpt lat="50.826303" lon="12.904776">
        <ele>303.146024</ele>
        <time>2026-04-27T18:44:53.287Z</time>
      </trkpt>
      <trkpt lat="50.826202" lon="12.904828">
        <ele>303.504018</ele>
        <time>2026-04-27T18:44:54.606Z</time>
      </trkpt>
      <trkpt lat="50.826079" lon="12.904898">
        <ele>303.944592</ele>
        <time>2026-04-27T18:44:56.419Z</time>
      </trkpt>
      <trkpt lat="50.825947" lon="12.904972">
        <ele>304.416601</ele>
        <time>2026-04-27T18:44:58.909Z</time>
      </trkpt>
      <trkpt lat="50.825848" lon="12.905001">
        <ele>304.755967</ele>
        <time>2026-04-27T18:45:01.072Z</time>
      </trkpt>
      <trkpt lat="50.825788" lon="12.905003">
        <ele>304.958255</ele>
        <time>2026-04-27T18:45:02.389Z</time>
      </trkpt>
      <trkpt lat="50.825608" lon="12.904934">
        <ele>305.582518</ele>
        <time>2026-04-27T18:45:07.583Z</time>
      </trkpt>
      <trkpt lat="50.825396" lon="12.904749">
        <ele>306.398486</ele>
        <time>2026-04-27T18:45:15.565Z</time>
      </trkpt>
      <trkpt lat="50.825292" lon="12.904688">
        <ele>306.772329</ele>
        <time>2026-04-27T18:45:19.577Z</time>
      </trkpt>
      <trkpt lat="50.825184" lon="12.904676">
        <ele>307.137262</ele>
        <time>2026-04-27T18:45:23.656Z</time>
      </trkpt>
      <trkpt lat="50.825144" lon="12.904712">
        <ele>307.292357</ele>
        <time>2026-04-27T18:45:25.361Z</time>
      </trkpt>
      <trkpt lat="50.824828" lon="12.905026">
        <ele>308.549951</ele>
        <time>2026-04-27T18:45:40.794Z</time>
      </trkpt>
      <trkpt lat="50.824662" lon="12.905182">
        <ele>309.398291</ele>
        <time>2026-04-27T18:45:49.116Z</time>
      </trkpt>
      <trkpt lat="50.824429" lon="12.905400">
        <ele>311.239154</ele>
        <time>2026-04-27T18:46:00.799Z</time>
      </trkpt>
      <trkpt lat="50.824352" lon="12.905472">
        <ele>311.847414</ele>
        <time>2026-04-27T18:46:04.756Z</time>
      </trkpt>
      <trkpt lat="50.824216" lon="12.905599">
        <ele>312.921377</ele>
        <time>2026-04-27T18:46:11.736Z</time>
      </trkpt>
      <trkpt lat="50.824141" lon="12.905671">
        <ele>313.517965</ele>
        <time>2026-04-27T18:46:15.572Z</time>
      </trkpt>
      <trkpt lat="50.824048" lon="12.905762">
        <ele>314.261595</ele>
        <time>2026-04-27T18:46:20.360Z</time>
      </trkpt>
      <trkpt lat="50.823828" lon="12.905987">
        <ele>316.043058</ele>
        <time>2026-04-27T18:46:31.930Z</time>
      </trkpt>
      <trkpt lat="50.823585" lon="12.906212">
        <ele>317.957806</ele>
        <time>2026-04-27T18:46:44.078Z</time>
      </trkpt>
      <trkpt lat="50.823389" lon="12.906395">
        <ele>319.505517</ele>
        <time>2026-04-27T18:46:53.973Z</time>
      </trkpt>
      <trkpt lat="50.823324" lon="12.906455">
        <ele>320.017292</ele>
        <time>2026-04-27T18:46:57.047Z</time>
      </trkpt>
      <trkpt lat="50.823255" lon="12.906519">
        <ele>320.561228</ele>
        <time>2026-04-27T18:47:00.379Z</time>
      </trkpt>
      <trkpt lat="50.823226" lon="12.906546">
        <ele>320.790060</ele>
        <time>2026-04-27T18:47:01.657Z</time>
      </trkpt>
      <trkpt lat="50.822874" lon="12.906874">
        <ele>322.505325</ele>
        <time>2026-04-27T18:47:16.986Z</time>
      </trkpt>
      <trkpt lat="50.822484" lon="12.907238">
        <ele>324.178841</ele>
        <time>2026-04-27T18:47:32.593Z</time>
      </trkpt>
      <trkpt lat="50.822286" lon="12.906909">
        <ele>325.239911</ele>
        <time>2026-04-27T18:47:41.299Z</time>
      </trkpt>
      <trkpt lat="50.822018" lon="12.906666">
        <ele>326.381551</ele>
        <time>2026-04-27T18:47:49.623Z</time>
      </trkpt>
      <trkpt lat="50.821962" lon="12.906649">
        <ele>326.592321</ele>
        <time>2026-04-27T18:47:51.009Z</time>
      </trkpt>
      <trkpt lat="50.821693" lon="12.906821">
        <ele>327.664708</ele>
        <time>2026-04-27T18:47:57.116Z</time>
      </trkpt>
      <trkpt lat="50.821589" lon="12.906933">
        <ele>327.750947</ele>
        <time>2026-04-27T18:47:59.284Z</time>
      </trkpt>
      <trkpt lat="50.821553" lon="12.907028">
        <ele>327.603280</ele>
        <time>2026-04-27T18:48:00.322Z</time>
      </trkpt>
      <trkpt lat="50.821528" lon="12.907202">
        <ele>327.365422</ele>
        <time>2026-04-27T18:48:01.981Z</time>
      </trkpt>
      <trkpt lat="50.821575" lon="12.907624">
        <ele>326.794237</ele>
        <time>2026-04-27T18:48:05.970Z</time>
      </trkpt>
      <trkpt lat="50.821695" lon="12.907970">
        <ele>326.268101</ele>
        <time>2026-04-27T18:48:09.167Z</time>
      </trkpt>
      <trkpt lat="50.820995" lon="12.908640">
        <ele>324.542087</ele>
        <time>2026-04-27T18:48:17.388Z</time>
      </trkpt>
      <trkpt lat="50.820933" lon="12.908699">
        <ele>324.389447</ele>
        <time>2026-04-27T18:48:18.087Z</time>
      </trkpt>
      <trkpt lat="50.820636" lon="12.908984">
        <ele>322.734132</ele>
        <time>2026-04-27T18:48:21.414Z</time>
      </trkpt>
      <trkpt lat="50.820520" lon="12.909095">
        <ele>321.844137</ele>
        <time>2026-04-27T18:48:22.690Z</time>
      </trkpt>
      <trkpt lat="50.820428" lon="12.908879">
        <ele>320.763558</ele>
        <time>2026-04-27T18:48:24.190Z</time>
      </trkpt>
      <trkpt lat="50.820356" lon="12.908709">
        <ele>319.914594</ele>
        <time>2026-04-27T18:48:25.340Z</time>
      </trkpt>
      <trkpt lat="50.820340" lon="12.908670">
        <ele>319.721704</ele>
        <time>2026-04-27T18:48:25.603Z</time>
      </trkpt>
      <trkpt lat="50.820296" lon="12.908572">
        <ele>319.222996</ele>
        <time>2026-04-27T18:48:26.266Z</time>
      </trkpt>
      <trkpt lat="50.820184" lon="12.908303">
        <ele>317.886646</ele>
        <time>2026-04-27T18:48:28.039Z</time>
      </trkpt>
      <trkpt lat="50.820131" lon="12.908179">
        <ele>317.265630</ele>
        <time>2026-04-27T18:48:28.863Z</time>
      </trkpt>
      <trkpt lat="50.819897" lon="12.907633">
        <ele>314.528836</ele>
        <time>2026-04-27T18:48:32.557Z</time>
      </trkpt>
      <trkpt lat="50.819636" lon="12.908017">
        <ele>312.224052</ele>
        <time>2026-04-27T18:48:35.792Z</time>
      </trkpt>
      <trkpt lat="50.819598" lon="12.908164">
        <ele>311.808034</ele>
        <time>2026-04-27T18:48:36.710Z</time>
      </trkpt>
      <trkpt lat="50.819604" lon="12.908421">
        <ele>311.134421</ele>
        <time>2026-04-27T18:48:38.195Z</time>
      </trkpt>
      <trkpt lat="50.819954" lon="12.910148">
        <ele>306.383905</ele>
        <time>2026-04-27T18:48:49.269Z</time>
      </trkpt>
      <trkpt lat="50.820177" lon="12.911125">
        <ele>304.288474</ele>
        <time>2026-04-27T18:48:56.689Z</time>
      </trkpt>
      <trkpt lat="50.820269" lon="12.911637">
        <ele>303.643640</ele>
        <time>2026-04-27T18:49:00.360Z</time>
      </trkpt>
      <trkpt lat="50.820496" lon="12.912500">
        <ele>302.511215</ele>
        <time>2026-04-27T18:49:06.815Z</time>
      </trkpt>
      <trkpt lat="50.820533" lon="12.912694">
        <ele>302.265730</ele>
        <time>2026-04-27T18:49:08.243Z</time>
      </trkpt>
      <trkpt lat="50.820506" lon="12.913036">
        <ele>301.848214</ele>
        <time>2026-04-27T18:49:10.685Z</time>
      </trkpt>
      <trkpt lat="50.820504" lon="12.913155">
        <ele>301.704007</ele>
        <time>2026-04-27T18:49:11.565Z</time>
      </trkpt>
      <trkpt lat="50.820501" lon="12.913302">
        <ele>301.525841</ele>
        <time>2026-04-27T18:49:12.611Z</time>
      </trkpt>
      <trkpt lat="50.820503" lon="12.913451">
        <ele>301.363342</ele>
        <time>2026-04-27T18:49:13.715Z</time>
      </trkpt>
      <trkpt lat="50.820676" lon="12.914133">
        <ele>300.967871</ele>
        <time>2026-04-27T18:49:19.090Z</time>
      </trkpt>
      <trkpt lat="50.820681" lon="12.914213">
        <ele>300.924612</ele>
        <time>2026-04-27T18:49:19.669Z</time>
      </trkpt>
      <trkpt lat="50.820451" lon="12.914566">
        <ele>300.651733</ele>
        <time>2026-04-27T18:49:23.486Z</time>
      </trkpt>
      <trkpt lat="50.820434" lon="12.914591">
        <ele>300.631968</ele>
        <time>2026-04-27T18:49:23.792Z</time>
      </trkpt>
      <trkpt lat="50.820130" lon="12.915039">
        <ele>300.278178</ele>
        <time>2026-04-27T18:49:28.947Z</time>
      </trkpt>
      <trkpt lat="50.819894" lon="12.915394">
        <ele>300.000865</ele>
        <time>2026-04-27T18:49:33.299Z</time>
      </trkpt>
      <trkpt lat="50.819863" lon="12.915442">
        <ele>299.963927</ele>
        <time>2026-04-27T18:49:33.968Z</time>
      </trkpt>
      <trkpt lat="50.819714" lon="12.915306">
        <ele>299.872528</ele>
        <time>2026-04-27T18:49:36.552Z</time>
      </trkpt>
      <trkpt lat="50.819356" lon="12.915026">
        <ele>300.194909</ele>
        <time>2026-04-27T18:49:43.287Z</time>
      </trkpt>
      <trkpt lat="50.818998" lon="12.914830">
        <ele>300.500733</ele>
        <time>2026-04-27T18:49:50.549Z</time>
      </trkpt>
      <trkpt lat="50.818187" lon="12.914537">
        <ele>301.172314</ele>
        <time>2026-04-27T18:50:06.389Z</time>
      </trkpt>
      <trkpt lat="50.817703" lon="12.914343">
        <ele>301.566865</ele>
        <time>2026-04-27T18:50:16.146Z</time>
      </trkpt>
      <trkpt lat="50.817479" lon="12.914254">
        <ele>301.747588</ele>
        <time>2026-04-27T18:50:20.450Z</time>
      </trkpt>
      <trkpt lat="50.817310" lon="12.914169">
        <ele>301.886351</ele>
        <time>2026-04-27T18:50:23.572Z</time>
      </trkpt>
      <trkpt lat="50.817020" lon="12.914054">
        <ele>302.120296</ele>
        <time>2026-04-27T18:50:28.504Z</time>
      </trkpt>
      <trkpt lat="50.816868" lon="12.914005">
        <ele>302.241681</ele>
        <time>2026-04-27T18:50:31.047Z</time>
      </trkpt>
      <trkpt lat="50.816733" lon="12.913963">
        <ele>302.349343</ele>
        <time>2026-04-27T18:50:33.412Z</time>
      </trkpt>
      <trkpt lat="50.815897" lon="12.913638">
        <ele>302.916969</ele>
        <time>2026-04-27T18:50:49.254Z</time>
      </trkpt>
      <trkpt lat="50.815144" lon="12.913344">
        <ele>303.321362</ele>
        <time>2026-04-27T18:51:01.572Z</time>
      </trkpt>
      <trkpt lat="50.814793" lon="12.913169">
        <ele>303.513244</ele>
        <time>2026-04-27T18:51:07.708Z</time>
      </trkpt>
      <trkpt lat="50.814663" lon="12.913125">
        <ele>303.582560</ele>
        <time>2026-04-27T18:51:10.026Z</time>
      </trkpt>
      <trkpt lat="50.814569" lon="12.913106">
        <ele>303.631971</ele>
        <time>2026-04-27T18:51:11.687Z</time>
      </trkpt>
      <trkpt lat="50.814352" lon="12.913032">
        <ele>303.844640</ele>
        <time>2026-04-27T18:51:15.465Z</time>
      </trkpt>
      <trkpt lat="50.813785" lon="12.912815">
        <ele>304.430663</ele>
        <time>2026-04-27T18:51:25.603Z</time>
      </trkpt>
      <trkpt lat="50.812846" lon="12.912460">
        <ele>305.400519</ele>
        <time>2026-04-27T18:51:45.129Z</time>
      </trkpt>
      <trkpt lat="50.812209" lon="12.912216">
        <ele>305.855475</ele>
        <time>2026-04-27T18:51:58.174Z</time>
      </trkpt>
      <trkpt lat="50.811736" lon="12.912035">
        <ele>306.180998</ele>
        <time>2026-04-27T18:52:06.468Z</time>
      </trkpt>
      <trkpt lat="50.811599" lon="12.911970">
        <ele>306.276672</ele>
        <time>2026-04-27T18:52:08.782Z</time>
      </trkpt>
      <trkpt lat="50.811271" lon="12.911841">
        <ele>306.502756</ele>
        <time>2026-04-27T18:52:14.093Z</time>
      </trkpt>
      <trkpt lat="50.810989" lon="12.911750">
        <ele>306.667151</ele>
        <time>2026-04-27T18:52:18.514Z</time>
      </trkpt>
      <trkpt lat="50.810710" lon="12.911691">
        <ele>306.729576</ele>
        <time>2026-04-27T18:52:22.922Z</time>
      </trkpt>
      <trkpt lat="50.809262" lon="12.911559">
        <ele>307.051241</ele>
        <time>2026-04-27T18:52:45.555Z</time>
      </trkpt>
      <trkpt lat="50.808750" lon="12.911567">
        <ele>307.428085</ele>
        <time>2026-04-27T18:52:53.680Z</time>
      </trkpt>
      <trkpt lat="50.808427" lon="12.911609">
        <ele>307.667877</ele>
        <time>2026-04-27T18:52:59.376Z</time>
      </trkpt>
      <trkpt lat="50.808267" lon="12.911652">
        <ele>307.787955</ele>
        <time>2026-04-27T18:53:02.292Z</time>
      </trkpt>
      <trkpt lat="50.807905" lon="12.911776">
        <ele>308.062000</ele>
        <time>2026-04-27T18:53:09.131Z</time>
      </trkpt>
      <trkpt lat="50.807788" lon="12.911802">
        <ele>308.149418</ele>
        <time>2026-04-27T18:53:11.414Z</time>
      </trkpt>
      <trkpt lat="50.807401" lon="12.911821">
        <ele>308.449436</ele>
        <time>2026-04-27T18:53:18.817Z</time>
      </trkpt>
      <trkpt lat="50.807259" lon="12.911811">
        <ele>308.581481</ele>
        <time>2026-04-27T18:53:21.636Z</time>
      </trkpt>
      <trkpt lat="50.806674" lon="12.911774">
        <ele>309.125366</ele>
        <time>2026-04-27T18:53:33.552Z</time>
      </trkpt>
      <trkpt lat="50.806519" lon="12.911773">
        <ele>309.269359</ele>
        <time>2026-04-27T18:53:36.593Z</time>
      </trkpt>
      <trkpt lat="50.806339" lon="12.911768">
        <ele>309.436600</ele>
        <time>2026-04-27T18:53:39.998Z</time>
      </trkpt>
      <trkpt lat="50.805127" lon="12.911719">
        <ele>310.201387</ele>
        <time>2026-04-27T18:54:00.317Z</time>
      </trkpt>
      <trkpt lat="50.803712" lon="12.911505">
        <ele>310.639664</ele>
        <time>2026-04-27T18:54:21.888Z</time>
      </trkpt>
      <trkpt lat="50.803478" lon="12.911462">
        <ele>310.779598</ele>
        <time>2026-04-27T18:54:25.871Z</time>
      </trkpt>
      <trkpt lat="50.803065" lon="12.911385">
        <ele>311.026624</ele>
        <time>2026-04-27T18:54:33.284Z</time>
      </trkpt>
      <trkpt lat="50.802847" lon="12.911345">
        <ele>311.156988</ele>
        <time>2026-04-27T18:54:37.366Z</time>
      </trkpt>
      <trkpt lat="50.802576" lon="12.911279">
        <ele>311.319862</ele>
        <time>2026-04-27T18:54:42.332Z</time>
      </trkpt>
      <trkpt lat="50.801818" lon="12.911091">
        <ele>311.773054</ele>
        <time>2026-04-27T18:54:55.787Z</time>
      </trkpt>
      <trkpt lat="50.801560" lon="12.911028">
        <ele>311.925765</ele>
        <time>2026-04-27T18:55:00.210Z</time>
      </trkpt>
      <trkpt lat="50.801501" lon="12.911014">
        <ele>311.960665</ele>
        <time>2026-04-27T18:55:01.225Z</time>
      </trkpt>
      <trkpt lat="50.801284" lon="12.910992">
        <ele>312.087865</ele>
        <time>2026-04-27T18:55:04.934Z</time>
      </trkpt>
      <trkpt lat="50.800995" lon="12.910999">
        <ele>312.256944</ele>
        <time>2026-04-27T18:55:09.914Z</time>
      </trkpt>
      <trkpt lat="50.800566" lon="12.911091">
        <ele>312.510194</ele>
        <time>2026-04-27T18:55:17.192Z</time>
      </trkpt>
      <trkpt lat="50.800219" lon="12.911189">
        <ele>312.722421</ele>
        <time>2026-04-27T18:55:23.297Z</time>
      </trkpt>
      <trkpt lat="50.799889" lon="12.911357">
        <ele>312.946445</ele>
        <time>2026-04-27T18:55:29.241Z</time>
      </trkpt>
      <trkpt lat="50.799728" lon="12.911516">
        <ele>313.069093</ele>
        <time>2026-04-27T18:55:32.465Z</time>
      </trkpt>
      <trkpt lat="50.799475" lon="12.911894">
        <ele>313.293966</ele>
        <time>2026-04-27T18:55:38.521Z</time>
      </trkpt>
      <trkpt lat="50.799440" lon="12.911957">
        <ele>313.328225</ele>
        <time>2026-04-27T18:55:39.483Z</time>
      </trkpt>
      <trkpt lat="50.798976" lon="12.912797">
        <ele>313.783884</ele>
        <time>2026-04-27T18:55:52.075Z</time>
      </trkpt>
      <trkpt lat="50.798655" lon="12.913406">
        <ele>313.921515</ele>
        <time>2026-04-27T18:56:00.338Z</time>
      </trkpt>
      <trkpt lat="50.798552" lon="12.913605">
        <ele>313.958306</ele>
        <time>2026-04-27T18:56:03.001Z</time>
      </trkpt>
      <trkpt lat="50.798156" lon="12.914406">
        <ele>314.103767</ele>
        <time>2026-04-27T18:56:13.121Z</time>
      </trkpt>
      <trkpt lat="50.797720" lon="12.915217">
        <ele>314.251166</ele>
        <time>2026-04-27T18:56:22.725Z</time>
      </trkpt>
      <trkpt lat="50.797384" lon="12.915831">
        <ele>314.346942</ele>
        <time>2026-04-27T18:56:30.401Z</time>
      </trkpt>
      <trkpt lat="50.797263" lon="12.916052">
        <ele>314.381423</ele>
        <time>2026-04-27T18:56:33.314Z</time>
      </trkpt>
      <trkpt lat="50.796705" lon="12.917005">
        <ele>314.534622</ele>
        <time>2026-04-27T18:56:46.468Z</time>
      </trkpt>
      <trkpt lat="50.796565" lon="12.917294">
        <ele>314.580352</ele>
        <time>2026-04-27T18:56:50.516Z</time>
      </trkpt>
      <trkpt lat="50.796429" lon="12.917585">
        <ele>314.631662</ele>
        <time>2026-04-27T18:56:54.327Z</time>
      </trkpt>
      <trkpt lat="50.796199" lon="12.918034">
        <ele>314.713601</ele>
        <time>2026-04-27T18:57:00.151Z</time>
      </trkpt>
      <trkpt lat="50.796011" lon="12.918396">
        <ele>314.780028</ele>
        <time>2026-04-27T18:57:04.633Z</time>
      </trkpt>
      <trkpt lat="50.795649" lon="12.919183">
        <ele>314.918026</ele>
        <time>2026-04-27T18:57:14.014Z</time>
      </trkpt>
      <trkpt lat="50.795212" lon="12.920037">
        <ele>315.197889</ele>
        <time>2026-04-27T18:57:24.621Z</time>
      </trkpt>
      <trkpt lat="50.794433" lon="12.921508">
        <ele>315.786690</ele>
        <time>2026-04-27T18:57:45.118Z</time>
      </trkpt>
      <trkpt lat="50.794279" lon="12.921791">
        <ele>315.950738</ele>
        <time>2026-04-27T18:57:49.554Z</time>
      </trkpt>
      <trkpt lat="50.793928" lon="12.922482">
        <ele>316.443391</ele>
        <time>2026-04-27T18:58:00.192Z</time>
      </trkpt>
      <trkpt lat="50.793545" lon="12.923227">
        <ele>316.977071</ele>
        <time>2026-04-27T18:58:11.641Z</time>
      </trkpt>
      <trkpt lat="50.792769" lon="12.924687">
        <ele>317.965867</ele>
        <time>2026-04-27T18:58:32.748Z</time>
      </trkpt>
      <trkpt lat="50.792580" lon="12.925045">
        <ele>318.195056</ele>
        <time>2026-04-27T18:58:37.868Z</time>
      </trkpt>
      <trkpt lat="50.792462" lon="12.925268">
        <ele>318.337954</ele>
        <time>2026-04-27T18:58:41.144Z</time>
      </trkpt>
      <trkpt lat="50.792165" lon="12.925832">
        <ele>318.698649</ele>
        <time>2026-04-27T18:58:49.557Z</time>
      </trkpt>
      <trkpt lat="50.792049" lon="12.925977">
        <ele>318.813570</ele>
        <time>2026-04-27T18:58:52.305Z</time>
      </trkpt>
      <trkpt lat="50.791700" lon="12.926404">
        <ele>319.342871</ele>
        <time>2026-04-27T18:59:00.812Z</time>
      </trkpt>
      <trkpt lat="50.791552" lon="12.926614">
        <ele>319.582928</ele>
        <time>2026-04-27T18:59:04.986Z</time>
      </trkpt>
      <trkpt lat="50.791259" lon="12.927060">
        <ele>320.073899</ele>
        <time>2026-04-27T18:59:14.039Z</time>
      </trkpt>
      <trkpt lat="50.791238" lon="12.927085">
        <ele>320.105634</ele>
        <time>2026-04-27T18:59:14.616Z</time>
      </trkpt>
      <trkpt lat="50.791203" lon="12.927127">
        <ele>320.158678</ele>
        <time>2026-04-27T18:59:15.595Z</time>
      </trkpt>
      <trkpt lat="50.791068" lon="12.927253">
        <ele>320.347942</ele>
        <time>2026-04-27T18:59:18.957Z</time>
      </trkpt>
      <trkpt lat="50.790959" lon="12.927317">
        <ele>320.488328</ele>
        <time>2026-04-27T18:59:21.356Z</time>
      </trkpt>
      <trkpt lat="50.790795" lon="12.927353">
        <ele>320.688247</ele>
        <time>2026-04-27T18:59:24.570Z</time>
      </trkpt>
      <trkpt lat="50.790643" lon="12.927394">
        <ele>320.874429</ele>
        <time>2026-04-27T18:59:27.409Z</time>
      </trkpt>
      <trkpt lat="50.790224" lon="12.927477">
        <ele>320.747738</ele>
        <time>2026-04-27T18:59:34.481Z</time>
      </trkpt>
      <trkpt lat="50.790073" lon="12.927394">
        <ele>320.627919</ele>
        <time>2026-04-27T18:59:36.838Z</time>
      </trkpt>
      <trkpt lat="50.789000" lon="12.926542">
        <ele>319.728024</ele>
        <time>2026-04-27T18:59:51.093Z</time>
      </trkpt>
      <trkpt lat="50.788769" lon="12.926384">
        <ele>319.518539</ele>
        <time>2026-04-27T18:59:53.924Z</time>
      </trkpt>
      <trkpt lat="50.788714" lon="12.926352">
        <ele>319.465810</ele>
        <time>2026-04-27T18:59:54.590Z</time>
      </trkpt>
      <trkpt lat="50.788509" lon="12.926225">
        <ele>319.267712</ele>
        <time>2026-04-27T18:59:57.118Z</time>
      </trkpt>
      <trkpt lat="50.788075" lon="12.926029">
        <ele>318.861601</ele>
        <time>2026-04-27T19:00:02.442Z</time>
      </trkpt>
      <trkpt lat="50.787461" lon="12.925895">
        <ele>318.303898</ele>
        <time>2026-04-27T19:00:10.388Z</time>
      </trkpt>
      <trkpt lat="50.787003" lon="12.925878">
        <ele>318.078484</ele>
        <time>2026-04-27T19:00:16.818Z</time>
      </trkpt>
      <trkpt lat="50.786923" lon="12.925866">
        <ele>318.107494</ele>
        <time>2026-04-27T19:00:17.986Z</time>
      </trkpt>
      <trkpt lat="50.786198" lon="12.925765">
        <ele>318.370242</ele>
        <time>2026-04-27T19:00:29.149Z</time>
      </trkpt>
      <trkpt lat="50.785696" lon="12.925654">
        <ele>318.553233</ele>
        <time>2026-04-27T19:00:37.973Z</time>
      </trkpt>
      <trkpt lat="50.785604" lon="12.925638">
        <ele>318.586646</ele>
        <time>2026-04-27T19:00:39.621Z</time>
      </trkpt>
      <trkpt lat="50.784107" lon="12.925320">
        <ele>319.794057</ele>
        <time>2026-04-27T19:01:07.924Z</time>
      </trkpt>
      <trkpt lat="50.783807" lon="12.925138">
        <ele>320.077894</ele>
        <time>2026-04-27T19:01:13.636Z</time>
      </trkpt>
      <trkpt lat="50.783435" lon="12.924912">
        <ele>320.515964</ele>
        <time>2026-04-27T19:01:20.498Z</time>
      </trkpt>
      <trkpt lat="50.783212" lon="12.924853">
        <ele>320.818781</ele>
        <time>2026-04-27T19:01:24.626Z</time>
      </trkpt>
      <trkpt lat="50.782646" lon="12.924936">
        <ele>321.580083</ele>
        <time>2026-04-27T19:01:35.993Z</time>
      </trkpt>
      <trkpt lat="50.782556" lon="12.924954">
        <ele>321.701581</ele>
        <time>2026-04-27T19:01:37.838Z</time>
      </trkpt>
      <trkpt lat="50.782001" lon="12.925086">
        <ele>322.453256</ele>
        <time>2026-04-27T19:01:49.649Z</time>
      </trkpt>
      <trkpt lat="50.781989" lon="12.925087">
        <ele>322.469350</ele>
        <time>2026-04-27T19:01:49.909Z</time>
      </trkpt>
      <trkpt lat="50.781891" lon="12.925093">
        <ele>322.600701</ele>
        <time>2026-04-27T19:01:52.123Z</time>
      </trkpt>
      <trkpt lat="50.780727" lon="12.925097">
        <ele>324.212388</ele>
        <time>2026-04-27T19:02:18.585Z</time>
      </trkpt>
      <trkpt lat="50.780627" lon="12.925099">
        <ele>324.351078</ele>
        <time>2026-04-27T19:02:20.544Z</time>
      </trkpt>
      <trkpt lat="50.779883" lon="12.925228">
        <ele>325.090716</ele>
        <time>2026-04-27T19:02:34.065Z</time>
      </trkpt>
      <trkpt lat="50.778996" lon="12.925632">
        <ele>324.654966</ele>
        <time>2026-04-27T19:02:46.348Z</time>
      </trkpt>
      <trkpt lat="50.778805" lon="12.925724">
        <ele>324.560710</ele>
        <time>2026-04-27T19:02:48.756Z</time>
      </trkpt>
      <trkpt lat="50.778167" lon="12.926028">
        <ele>324.304234</ele>
        <time>2026-04-27T19:02:56.914Z</time>
      </trkpt>
      <trkpt lat="50.778024" lon="12.926080">
        <ele>324.291450</ele>
        <time>2026-04-27T19:02:58.662Z</time>
      </trkpt>
      <trkpt lat="50.777530" lon="12.926256">
        <ele>324.247333</ele>
        <time>2026-04-27T19:03:04.792Z</time>
      </trkpt>
      <trkpt lat="50.777341" lon="12.926300">
        <ele>324.230689</ele>
        <time>2026-04-27T19:03:07.353Z</time>
      </trkpt>
      <trkpt lat="50.777260" lon="12.926298">
        <ele>324.223631</ele>
        <time>2026-04-27T19:03:08.521Z</time>
      </trkpt>
      <trkpt lat="50.777170" lon="12.926267">
        <ele>324.215606</ele>
        <time>2026-04-27T19:03:09.932Z</time>
      </trkpt>
      <trkpt lat="50.777045" lon="12.926173">
        <ele>324.203547</ele>
        <time>2026-04-27T19:03:12.287Z</time>
      </trkpt>
      <trkpt lat="50.776759" lon="12.925982">
        <ele>324.176498</ele>
        <time>2026-04-27T19:03:18.241Z</time>
      </trkpt>
      <trkpt lat="50.776609" lon="12.925894">
        <ele>324.162559</ele>
        <time>2026-04-27T19:03:21.578Z</time>
      </trkpt>
      <trkpt lat="50.776133" lon="12.925725">
        <ele>324.592878</ele>
        <time>2026-04-27T19:03:31.787Z</time>
      </trkpt>
      <trkpt lat="50.775354" lon="12.925533">
        <ele>325.323769</ele>
        <time>2026-04-27T19:03:47.029Z</time>
      </trkpt>
      <trkpt lat="50.774951" lon="12.925453">
        <ele>325.700302</ele>
        <time>2026-04-27T19:03:54.356Z</time>
      </trkpt>
      <trkpt lat="50.774945" lon="12.925359">
        <ele>325.755688</ele>
        <time>2026-04-27T19:03:55.287Z</time>
      </trkpt>
      <trkpt lat="50.774882" lon="12.925130">
        <ele>325.819330</ele>
        <time>2026-04-27T19:03:57.733Z</time>
      </trkpt>
      <trkpt lat="50.774876" lon="12.925115">
        <ele>325.818095</ele>
        <time>2026-04-27T19:03:57.886Z</time>
      </trkpt>
      <trkpt lat="50.774767" lon="12.924837">
        <ele>325.795346</ele>
        <time>2026-04-27T19:04:00.904Z</time>
      </trkpt>
      <trkpt lat="50.774285" lon="12.923868">
        <ele>325.709603</ele>
        <time>2026-04-27T19:04:11.430Z</time>
      </trkpt>
      <trkpt lat="50.774121" lon="12.923385">
        <ele>325.671475</ele>
        <time>2026-04-27T19:04:16.715Z</time>
      </trkpt>
      <trkpt lat="50.773928" lon="12.922632">
        <ele>325.627231</ele>
        <time>2026-04-27T19:04:23.998Z</time>
      </trkpt>
      <trkpt lat="50.773882" lon="12.922389">
        <ele>325.623706</ele>
        <time>2026-04-27T19:04:26.259Z</time>
      </trkpt>
      <trkpt lat="50.773871" lon="12.922155">
        <ele>325.620446</ele>
        <time>2026-04-27T19:04:28.373Z</time>
      </trkpt>
      <trkpt lat="50.773913" lon="12.921993">
        <ele>325.618014</ele>
        <time>2026-04-27T19:04:29.901Z</time>
      </trkpt>
      <trkpt lat="50.773927" lon="12.921818">
        <ele>325.615563</ele>
        <time>2026-04-27T19:04:31.516Z</time>
      </trkpt>
      <trkpt lat="50.773886" lon="12.921603">
        <ele>325.612443</ele>
        <time>2026-04-27T19:04:33.511Z</time>
      </trkpt>
      <trkpt lat="50.773730" lon="12.921224">
        <ele>325.606160</ele>
        <time>2026-04-27T19:04:37.496Z</time>
      </trkpt>
      <trkpt lat="50.773582" lon="12.920454">
        <ele>325.594979</ele>
        <time>2026-04-27T19:04:44.657Z</time>
      </trkpt>
      <trkpt lat="50.773261" lon="12.918729">
        <ele>326.358573</ele>
        <time>2026-04-27T19:05:04.787Z</time>
      </trkpt>
      <trkpt lat="50.773185" lon="12.918326">
        <ele>326.574467</ele>
        <time>2026-04-27T19:05:10.024Z</time>
      </trkpt>
      <trkpt lat="50.773131" lon="12.918067">
        <ele>326.714471</ele>
        <time>2026-04-27T19:05:13.368Z</time>
      </trkpt>
      <trkpt lat="50.773033" lon="12.917687">
        <ele>326.925152</ele>
        <time>2026-04-27T19:05:18.159Z</time>
      </trkpt>
      <trkpt lat="50.772947" lon="12.917361">
        <ele>327.147880</ele>
        <time>2026-04-27T19:05:22.254Z</time>
      </trkpt>
      <trkpt lat="50.772668" lon="12.916328">
        <ele>328.153976</ele>
        <time>2026-04-27T19:05:35.539Z</time>
      </trkpt>
      <trkpt lat="50.772598" lon="12.916034">
        <ele>328.435354</ele>
        <time>2026-04-27T19:05:39.485Z</time>
      </trkpt>
      <trkpt lat="50.772563" lon="12.915850">
        <ele>328.607455</ele>
        <time>2026-04-27T19:05:42.090Z</time>
      </trkpt>
      <trkpt lat="50.772542" lon="12.915737">
        <ele>328.712948</ele>
        <time>2026-04-27T19:05:43.736Z</time>
      </trkpt>
      <trkpt lat="50.772276" lon="12.914898">
        <ele>329.553586</ele>
        <time>2026-04-27T19:05:56.993Z</time>
      </trkpt>
      <trkpt lat="50.772148" lon="12.914410">
        <ele>329.951854</ele>
        <time>2026-04-27T19:06:04.674Z</time>
      </trkpt>
      <trkpt lat="50.772083" lon="12.914136">
        <ele>330.168123</ele>
        <time>2026-04-27T19:06:09.049Z</time>
      </trkpt>
      <trkpt lat="50.772069" lon="12.914045">
        <ele>330.237336</ele>
        <time>2026-04-27T19:06:10.356Z</time>
      </trkpt>
      <trkpt lat="50.771982" lon="12.913334">
        <ele>330.772525</ele>
        <time>2026-04-27T19:06:20.305Z</time>
      </trkpt>
      <trkpt lat="50.771958" lon="12.912230">
        <ele>331.588887</ele>
        <time>2026-04-27T19:06:32.618Z</time>
      </trkpt>
      <trkpt lat="50.771954" lon="12.911307">
        <ele>331.647517</ele>
        <time>2026-04-27T19:06:40.136Z</time>
      </trkpt>
      <trkpt lat="50.771955" lon="12.911302">
        <ele>331.647159</ele>
        <time>2026-04-27T19:06:40.179Z</time>
      </trkpt>
      <trkpt lat="50.772328" lon="12.909515">
        <ele>331.518643</ele>
        <time>2026-04-27T19:06:56.906Z</time>
      </trkpt>
      <trkpt lat="50.772508" lon="12.908880">
        <ele>331.609433</ele>
        <time>2026-04-27T19:07:04.213Z</time>
      </trkpt>
      <trkpt lat="50.772770" lon="12.908460">
        <ele>331.728787</ele>
        <time>2026-04-27T19:07:10.792Z</time>
      </trkpt>
      <trkpt lat="50.773052" lon="12.908114">
        <ele>331.842973</ele>
        <time>2026-04-27T19:07:17.328Z</time>
      </trkpt>
      <trkpt lat="50.773255" lon="12.907870">
        <ele>331.924546</ele>
        <time>2026-04-27T19:07:21.807Z</time>
      </trkpt>
      <trkpt lat="50.773416" lon="12.907598">
        <ele>331.999918</ele>
        <time>2026-04-27T19:07:25.703Z</time>
      </trkpt>
      <trkpt lat="50.773541" lon="12.907327">
        <ele>332.067778</ele>
        <time>2026-04-27T19:07:28.799Z</time>
      </trkpt>
      <trkpt lat="50.773576" lon="12.907187">
        <ele>332.042553</ele>
        <time>2026-04-27T19:07:30.055Z</time>
      </trkpt>
      <trkpt lat="50.773681" lon="12.905641">
        <ele>331.314725</ele>
        <time>2026-04-27T19:07:42.004Z</time>
      </trkpt>
      <trkpt lat="50.773615" lon="12.905310">
        <ele>331.152268</ele>
        <time>2026-04-27T19:07:44.680Z</time>
      </trkpt>
      <trkpt lat="50.773449" lon="12.904931">
        <ele>330.936465</ele>
        <time>2026-04-27T19:07:48.340Z</time>
      </trkpt>
      <trkpt lat="50.773359" lon="12.904761">
        <ele>330.832685</ele>
        <time>2026-04-27T19:07:50.162Z</time>
      </trkpt>
      <trkpt lat="50.773212" lon="12.904483">
        <ele>330.794978</ele>
        <time>2026-04-27T19:07:53.144Z</time>
      </trkpt>
      <trkpt lat="50.772621" lon="12.903399">
        <ele>331.140623</ele>
        <time>2026-04-27T19:08:05.685Z</time>
      </trkpt>
      <trkpt lat="50.772581" lon="12.903327">
        <ele>331.163768</ele>
        <time>2026-04-27T19:08:06.682Z</time>
      </trkpt>
      <trkpt lat="50.772356" lon="12.902914">
        <ele>331.295416</ele>
        <time>2026-04-27T19:08:12.845Z</time>
      </trkpt>
      <trkpt lat="50.772181" lon="12.902578">
        <ele>331.400539</ele>
        <time>2026-04-27T19:08:18.751Z</time>
      </trkpt>
      <trkpt lat="50.772062" lon="12.902507">
        <ele>331.529363</ele>
        <time>2026-04-27T19:08:21.733Z</time>
      </trkpt>
      <trkpt lat="50.771853" lon="12.902362">
        <ele>332.191929</ele>
        <time>2026-04-27T19:08:26.914Z</time>
      </trkpt>
      <trkpt lat="50.771770" lon="12.902581">
        <ele>332.660665</ele>
        <time>2026-04-27T19:08:30.560Z</time>
      </trkpt>
      <trkpt lat="50.771664" lon="12.902769">
        <ele>333.123074</ele>
        <time>2026-04-27T19:08:34.162Z</time>
      </trkpt>
      <trkpt lat="50.771347" lon="12.903131">
        <ele>334.258232</ele>
        <time>2026-04-27T19:08:44.521Z</time>
      </trkpt>
      <trkpt lat="50.771239" lon="12.903218">
        <ele>334.610101</ele>
        <time>2026-04-27T19:08:48.072Z</time>
      </trkpt>
      <trkpt lat="50.771000" lon="12.903407">
        <ele>335.385857</ele>
        <time>2026-04-27T19:08:56.151Z</time>
      </trkpt>
      <trkpt lat="50.770831" lon="12.903454">
        <ele>335.884001</ele>
        <time>2026-04-27T19:09:01.457Z</time>
      </trkpt>
      <trkpt lat="50.770709" lon="12.903492">
        <ele>336.244978</ele>
        <time>2026-04-27T19:09:05.200Z</time>
      </trkpt>
      <trkpt lat="50.769996" lon="12.903713">
        <ele>338.636406</ele>
        <time>2026-04-27T19:09:26.256Z</time>
      </trkpt>
      <trkpt lat="50.769518" lon="12.904061">
        <ele>340.418287</ele>
        <time>2026-04-27T19:09:41.654Z</time>
      </trkpt>
      <trkpt lat="50.769054" lon="12.904290">
        <ele>342.064192</ele>
        <time>2026-04-27T19:09:55.190Z</time>
      </trkpt>
      <trkpt lat="50.768005" lon="12.905015">
        <ele>345.692044</ele>
        <time>2026-04-27T19:10:25.404Z</time>
      </trkpt>
      <trkpt lat="50.767354" lon="12.905702">
        <ele>348.135811</ele>
        <time>2026-04-27T19:10:46.799Z</time>
      </trkpt>
      <trkpt lat="50.767138" lon="12.905880">
        <ele>348.908996</ele>
        <time>2026-04-27T19:10:54.098Z</time>
      </trkpt>
      <trkpt lat="50.767015" lon="12.905943">
        <ele>349.322303</ele>
        <time>2026-04-27T19:10:57.922Z</time>
      </trkpt>
      <trkpt lat="50.766478" lon="12.906168">
        <ele>351.098168</ele>
        <time>2026-04-27T19:11:14.309Z</time>
      </trkpt>
      <trkpt lat="50.766223" lon="12.906228">
        <ele>351.922295</ele>
        <time>2026-04-27T19:11:21.641Z</time>
      </trkpt>
      <trkpt lat="50.765408" lon="12.906397">
        <ele>354.434014</ele>
        <time>2026-04-27T19:11:43.184Z</time>
      </trkpt>
      <trkpt lat="50.765281" lon="12.906453">
        <ele>354.743336</ele>
        <time>2026-04-27T19:11:46.386Z</time>
      </trkpt>
      <trkpt lat="50.765091" lon="12.906610">
        <ele>355.246299</ele>
        <time>2026-04-27T19:11:51.299Z</time>
      </trkpt>
      <trkpt lat="50.764945" lon="12.906779">
        <ele>355.670816</ele>
        <time>2026-04-27T19:11:55.266Z</time>
      </trkpt>
      <trkpt lat="50.764507" lon="12.907288">
        <ele>356.946124</ele>
        <time>2026-04-27T19:12:07.858Z</time>
      </trkpt>
      <trkpt lat="50.764361" lon="12.907520">
        <ele>357.431763</ele>
        <time>2026-04-27T19:12:12.871Z</time>
      </trkpt>
      <trkpt lat="50.764341" lon="12.907554">
        <ele>357.500663</ele>
        <time>2026-04-27T19:12:13.600Z</time>
      </trkpt>
      <trkpt lat="50.764273" lon="12.907669">
        <ele>357.734270</ele>
        <time>2026-04-27T19:12:16.067Z</time>
      </trkpt>
      <trkpt lat="50.764199" lon="12.907909">
        <ele>358.130473</ele>
        <time>2026-04-27T19:12:20.353Z</time>
      </trkpt>
      <trkpt lat="50.764175" lon="12.907988">
        <ele>358.260524</ele>
        <time>2026-04-27T19:12:21.817Z</time>
      </trkpt>
      <trkpt lat="50.763960" lon="12.908809">
        <ele>359.775076</ele>
        <time>2026-04-27T19:12:35.894Z</time>
      </trkpt>
      <trkpt lat="50.763748" lon="12.909154">
        <ele>360.601199</ele>
        <time>2026-04-27T19:12:43.190Z</time>
      </trkpt>
      <trkpt lat="50.763478" lon="12.909375">
        <ele>361.426774</ele>
        <time>2026-04-27T19:12:51.095Z</time>
      </trkpt>
      <trkpt lat="50.763282" lon="12.909529">
        <ele>362.021084</ele>
        <time>2026-04-27T19:12:56.991Z</time>
      </trkpt>
      <trkpt lat="50.762828" lon="12.909969">
        <ele>363.593961</ele>
        <time>2026-04-27T19:13:11.284Z</time>
      </trkpt>
      <trkpt lat="50.762324" lon="12.910440">
        <ele>365.994114</ele>
        <time>2026-04-27T19:13:26.776Z</time>
      </trkpt>
      <trkpt lat="50.762288" lon="12.910491">
        <ele>366.192282</ele>
        <time>2026-04-27T19:13:28.203Z</time>
      </trkpt>
      <trkpt lat="50.762188" lon="12.910735">
        <ele>366.946204</ele>
        <time>2026-04-27T19:13:33.958Z</time>
      </trkpt>
      <trkpt lat="50.762074" lon="12.911043">
        <ele>367.871573</ele>
        <time>2026-04-27T19:13:41.480Z</time>
      </trkpt>
      <trkpt lat="50.761953" lon="12.911461">
        <ele>369.063614</ele>
        <time>2026-04-27T19:13:52.011Z</time>
      </trkpt>
      <trkpt lat="50.761819" lon="12.912090">
        <ele>370.789113</ele>
        <time>2026-04-27T19:14:07.080Z</time>
      </trkpt>
      <trkpt lat="50.761765" lon="12.912510">
        <ele>371.925794</ele>
        <time>2026-04-27T19:14:16.430Z</time>
      </trkpt>
      <trkpt lat="50.761769" lon="12.912772">
        <ele>372.620860</ele>
        <time>2026-04-27T19:14:22.016Z</time>
      </trkpt>
      <trkpt lat="50.761704" lon="12.913104">
        <ele>373.542588</ele>
        <time>2026-04-27T19:14:29.414Z</time>
      </trkpt>
      <trkpt lat="50.761588" lon="12.913681">
        <ele>375.148315</ele>
        <time>2026-04-27T19:14:41.879Z</time>
      </trkpt>
      <trkpt lat="50.761220" lon="12.914380">
        <ele>377.560275</ele>
        <time>2026-04-27T19:14:59.116Z</time>
      </trkpt>
      <trkpt lat="50.761095" lon="12.914607">
        <ele>378.308333</ele>
        <time>2026-04-27T19:15:04.236Z</time>
      </trkpt>
      <trkpt lat="50.760889" lon="12.915063">
        <ele>379.463801</ele>
        <time>2026-04-27T19:15:13.208Z</time>
      </trkpt>
      <trkpt lat="50.760774" lon="12.915250">
        <ele>380.001602</ele>
        <time>2026-04-27T19:15:17.345Z</time>
      </trkpt>
      <trkpt lat="50.760606" lon="12.915471">
        <ele>380.714066</ele>
        <time>2026-04-27T19:15:22.868Z</time>
      </trkpt>
      <trkpt lat="50.760286" lon="12.915722">
        <ele>381.878567</ele>
        <time>2026-04-27T19:15:32.184Z</time>
      </trkpt>
      <trkpt lat="50.759301" lon="12.916196">
        <ele>385.883582</ele>
        <time>2026-04-27T19:16:03.294Z</time>
      </trkpt>
      <trkpt lat="50.759192" lon="12.916201">
        <ele>386.425198</ele>
        <time>2026-04-27T19:16:06.871Z</time>
      </trkpt>
      <trkpt lat="50.758886" lon="12.916168">
        <ele>387.948589</ele>
        <time>2026-04-27T19:16:17.243Z</time>
      </trkpt>
      <trkpt lat="50.758587" lon="12.916244">
        <ele>389.452755</ele>
        <time>2026-04-27T19:16:27.942Z</time>
      </trkpt>
      <trkpt lat="50.758372" lon="12.916300">
        <ele>390.535028</ele>
        <time>2026-04-27T19:16:35.945Z</time>
      </trkpt>
      <trkpt lat="50.757655" lon="12.916384">
        <ele>394.229233</ele>
        <time>2026-04-27T19:17:03.365Z</time>
      </trkpt>
      <trkpt lat="50.757299" lon="12.916563">
        <ele>396.279113</ele>
        <time>2026-04-27T19:17:17.924Z</time>
      </trkpt>
      <trkpt lat="50.756869" lon="12.916904">
        <ele>398.918876</ele>
        <time>2026-04-27T19:17:35.379Z</time>
      </trkpt>
      <trkpt lat="50.756698" lon="12.917114">
        <ele>400.107076</ele>
        <time>2026-04-27T19:17:43.203Z</time>
      </trkpt>
      <trkpt lat="50.756616" lon="12.917264">
        <ele>400.795244</ele>
        <time>2026-04-27T19:17:47.695Z</time>
      </trkpt>
      <trkpt lat="50.756521" lon="12.917520">
        <ele>401.825505</ele>
        <time>2026-04-27T19:17:54.445Z</time>
      </trkpt>
      <trkpt lat="50.756357" lon="12.918001">
        <ele>403.737130</ele>
        <time>2026-04-27T19:18:06.789Z</time>
      </trkpt>
      <trkpt lat="50.756272" lon="12.918323">
        <ele>404.967809</ele>
        <time>2026-04-27T19:18:14.682Z</time>
      </trkpt>
      <trkpt lat="50.755828" lon="12.920082">
        <ele>411.647879</ele>
        <time>2026-04-27T19:18:57.998Z</time>
      </trkpt>
      <trkpt lat="50.755680" lon="12.920451">
        <ele>413.226030</ele>
        <time>2026-04-27T19:19:09.884Z</time>
      </trkpt>
      <trkpt lat="50.755438" lon="12.920849">
        <ele>415.373031</ele>
        <time>2026-04-27T19:19:24.309Z</time>
      </trkpt>
      <trkpt lat="50.755341" lon="12.921000">
        <ele>416.210007</ele>
        <time>2026-04-27T19:19:29.822Z</time>
      </trkpt>
      <trkpt lat="50.755095" lon="12.921440">
        <ele>418.493828</ele>
        <time>2026-04-27T19:19:44.656Z</time>
      </trkpt>
      <trkpt lat="50.754654" lon="12.922615">
        <ele>423.807540</ele>
        <time>2026-04-27T19:20:19.315Z</time>
      </trkpt>
      <trkpt lat="50.754441" lon="12.923158">
        <ele>426.156534</ele>
        <time>2026-04-27T19:20:33.414Z</time>
      </trkpt>
      <trkpt lat="50.754365" lon="12.923348">
        <ele>426.981445</ele>
        <time>2026-04-27T19:20:38.180Z</time>
      </trkpt>
      <trkpt lat="50.754339" lon="12.923413">
        <ele>427.263652</ele>
        <time>2026-04-27T19:20:39.833Z</time>
      </trkpt>
      <trkpt lat="50.754282" lon="12.923539">
        <ele>427.832079</ele>
        <time>2026-04-27T19:20:43.337Z</time>
      </trkpt>
      <trkpt lat="50.754204" lon="12.923709">
        <ele>428.602719</ele>
        <time>2026-04-27T19:20:48.218Z</time>
      </trkpt>
      <trkpt lat="50.753981" lon="12.924128">
        <ele>430.612045</ele>
        <time>2026-04-27T19:21:01.286Z</time>
      </trkpt>
      <trkpt lat="50.753637" lon="12.924314">
        <ele>432.720935</ele>
        <time>2026-04-27T19:21:15.088Z</time>
      </trkpt>
      <trkpt lat="50.753363" lon="12.924477">
        <ele>434.438906</ele>
        <time>2026-04-27T19:21:27.340Z</time>
      </trkpt>
      <trkpt lat="50.753183" lon="12.924625">
        <ele>435.848118</ele>
        <time>2026-04-27T19:21:35.942Z</time>
      </trkpt>
      <trkpt lat="50.752882" lon="12.924858">
        <ele>438.175940</ele>
        <time>2026-04-27T19:21:49.927Z</time>
      </trkpt>
      <trkpt lat="50.752446" lon="12.925045">
        <ele>441.313661</ele>
        <time>2026-04-27T19:22:09.603Z</time>
      </trkpt>
      <trkpt lat="50.751947" lon="12.925237">
        <ele>444.880652</ele>
        <time>2026-04-27T19:22:30.930Z</time>
      </trkpt>
      <trkpt lat="50.751604" lon="12.925431">
        <ele>447.531894</ele>
        <time>2026-04-27T19:22:47.292Z</time>
      </trkpt>
      <trkpt lat="50.751400" lon="12.925431">
        <ele>449.234704</ele>
        <time>2026-04-27T19:22:56.585Z</time>
      </trkpt>
      <trkpt lat="50.751155" lon="12.925366">
        <ele>451.308357</ele>
        <time>2026-04-27T19:23:07.904Z</time>
      </trkpt>
      <trkpt lat="50.751009" lon="12.925281">
        <ele>452.607081</ele>
        <time>2026-04-27T19:23:15.110Z</time>
      </trkpt>
      <trkpt lat="50.750899" lon="12.925165">
        <ele>453.710872</ele>
        <time>2026-04-27T19:23:21.218Z</time>
      </trkpt>
      <trkpt lat="50.750780" lon="12.925040">
        <ele>454.903537</ele>
        <time>2026-04-27T19:23:27.809Z</time>
      </trkpt>
      <trkpt lat="50.750661" lon="12.924914">
        <ele>456.099134</ele>
        <time>2026-04-27T19:23:34.519Z</time>
      </trkpt>
      <trkpt lat="50.750503" lon="12.924831">
        <ele>457.488914</ele>
        <time>2026-04-27T19:23:42.761Z</time>
      </trkpt>
      <trkpt lat="50.750246" lon="12.924779">
        <ele>459.651629</ele>
        <time>2026-04-27T19:23:56.445Z</time>
      </trkpt>
      <trkpt lat="50.750034" lon="12.924776">
        <ele>461.421287</ele>
        <time>2026-04-27T19:24:07.937Z</time>
      </trkpt>
      <trkpt lat="50.749547" lon="12.924672">
        <ele>465.902154</ele>
        <time>2026-04-27T19:24:34.975Z</time>
      </trkpt>
      <trkpt lat="50.749367" lon="12.924647">
        <ele>467.564933</ele>
        <time>2026-04-27T19:24:44.215Z</time>
      </trkpt>
      <trkpt lat="50.749312" lon="12.924681">
        <ele>468.108391</ele>
        <time>2026-04-27T19:24:47.333Z</time>
      </trkpt>
      <trkpt lat="50.749262" lon="12.924780">
        <ele>468.845923</ele>
        <time>2026-04-27T19:24:51.299Z</time>
      </trkpt>
      <trkpt lat="50.749244" lon="12.924914">
        <ele>469.643510</ele>
        <time>2026-04-27T19:24:55.667Z</time>
      </trkpt>
      <trkpt lat="50.749222" lon="12.925573">
        <ele>473.485791</ele>
        <time>2026-04-27T19:25:16.728Z</time>
      </trkpt>
      <trkpt lat="50.749210" lon="12.925942">
        <ele>475.637084</ele>
        <time>2026-04-27T19:25:29.013Z</time>
      </trkpt>
      <trkpt lat="50.749204" lon="12.926124">
        <ele>476.698194</ele>
        <time>2026-04-27T19:25:35.401Z</time>
      </trkpt>
      <trkpt lat="50.749136" lon="12.926345">
        <ele>478.129025</ele>
        <time>2026-04-27T19:25:43.557Z</time>
      </trkpt>
      <trkpt lat="50.748867" lon="12.926660">
        <ele>480.074642</ele>
        <time>2026-04-27T19:26:00.526Z</time>
      </trkpt>
      <trkpt lat="50.748776" lon="12.926854">
        <ele>480.917452</ele>
        <time>2026-04-27T19:26:08.049Z</time>
      </trkpt>
      <trkpt lat="50.748593" lon="12.927253">
        <ele>482.637299</ele>
        <time>2026-04-27T19:26:22.289Z</time>
      </trkpt>
      <trkpt lat="50.748485" lon="12.927422">
        <ele>483.475587</ele>
        <time>2026-04-27T19:26:28.980Z</time>
      </trkpt>
      <trkpt lat="50.748112" lon="12.927813">
        <ele>485.944366</ele>
        <time>2026-04-27T19:26:45.442Z</time>
      </trkpt>
      <trkpt lat="50.747949" lon="12.928067">
        <ele>487.206954</ele>
        <time>2026-04-27T19:26:51.555Z</time>
      </trkpt>
      <trkpt lat="50.747856" lon="12.928479">
        <ele>488.043447</ele>
        <time>2026-04-27T19:26:56.310Z</time>
      </trkpt>
      <trkpt lat="50.747802" lon="12.928811">
        <ele>487.348571</ele>
        <time>2026-04-27T19:26:58.807Z</time>
      </trkpt>
      <trkpt lat="50.747747" lon="12.929140">
        <ele>486.658771</ele>
        <time>2026-04-27T19:27:01.021Z</time>
      </trkpt>
      <trkpt lat="50.747686" lon="12.929604">
        <ele>485.698109</ele>
        <time>2026-04-27T19:27:03.886Z</time>
      </trkpt>
      <trkpt lat="50.747688" lon="12.929851">
        <ele>485.197374</ele>
        <time>2026-04-27T19:27:05.348Z</time>
      </trkpt>
      <trkpt lat="50.747726" lon="12.930173">
        <ele>484.533392</ele>
        <time>2026-04-27T19:27:07.271Z</time>
      </trkpt>
      <trkpt lat="50.747791" lon="12.930366">
        <ele>484.090193</ele>
        <time>2026-04-27T19:27:08.557Z</time>
      </trkpt>
      <trkpt lat="50.748148" lon="12.931002">
        <ele>482.455616</ele>
        <time>2026-04-27T19:27:13.667Z</time>
      </trkpt>
      <trkpt lat="50.748678" lon="12.931805">
        <ele>481.347964</ele>
        <time>2026-04-27T19:27:21.361Z</time>
      </trkpt>
      <trkpt lat="50.749774" lon="12.933024">
        <ele>480.183329</ele>
        <time>2026-04-27T19:27:40.384Z</time>
      </trkpt>
      <trkpt lat="50.750093" lon="12.933634">
        <ele>480.735946</ele>
        <time>2026-04-27T19:27:50.412Z</time>
      </trkpt>
      <trkpt lat="50.750330" lon="12.934304">
        <ele>481.271948</ele>
        <time>2026-04-27T19:28:01.075Z</time>
      </trkpt>
      <trkpt lat="50.750780" lon="12.935950">
        <ele>482.644687</ele>
        <time>2026-04-27T19:28:23.986Z</time>
      </trkpt>
      <trkpt lat="50.751160" lon="12.937944">
        <ele>484.921616</ele>
        <time>2026-04-27T19:28:47.983Z</time>
      </trkpt>
      <trkpt lat="50.751240" lon="12.938201">
        <ele>485.774230</ele>
        <time>2026-04-27T19:28:52.493Z</time>
      </trkpt>
      <trkpt lat="50.751765" lon="12.939499">
        <ele>490.360151</ele>
        <time>2026-04-27T19:29:26.447Z</time>
      </trkpt>
      <trkpt lat="50.751793" lon="12.939794">
        <ele>491.248117</ele>
        <time>2026-04-27T19:29:34.766Z</time>
      </trkpt>
      <trkpt lat="50.752130" lon="12.942231">
        <ele>499.755735</ele>
        <time>2026-04-27T19:30:42.692Z</time>
      </trkpt>
      <trkpt lat="50.752551" lon="12.944253">
        <ele>502.484190</ele>
        <time>2026-04-27T19:31:15.100Z</time>
      </trkpt>
      <trkpt lat="50.752693" lon="12.945169">
        <ele>502.434207</ele>
        <time>2026-04-27T19:31:21.907Z</time>
      </trkpt>
      <trkpt lat="50.752726" lon="12.946040">
        <ele>501.785485</ele>
        <time>2026-04-27T19:31:27.504Z</time>
      </trkpt>
      <trkpt lat="50.752728" lon="12.946084">
        <ele>501.695450</ele>
        <time>2026-04-27T19:31:27.779Z</time>
      </trkpt>
      <trkpt lat="50.752727" lon="12.946500">
        <ele>500.846387</ele>
        <time>2026-04-27T19:31:30.368Z</time>
      </trkpt>
      <trkpt lat="50.752768" lon="12.946760">
        <ele>500.299492</ele>
        <time>2026-04-27T19:31:32.026Z</time>
      </trkpt>
      <trkpt lat="50.752789" lon="12.946891">
        <ele>500.023672</ele>
        <time>2026-04-27T19:31:32.861Z</time>
      </trkpt>
      <trkpt lat="50.753031" lon="12.947227">
        <ele>498.984550</ele>
        <time>2026-04-27T19:31:36.055Z</time>
      </trkpt>
      <trkpt lat="50.753145" lon="12.947405">
        <ele>498.467602</ele>
        <time>2026-04-27T19:31:37.679Z</time>
      </trkpt>
      <trkpt lat="50.753159" lon="12.947575">
        <ele>498.117708</ele>
        <time>2026-04-27T19:31:38.799Z</time>
      </trkpt>
      <trkpt lat="50.753100" lon="12.947891">
        <ele>497.445258</ele>
        <time>2026-04-27T19:31:40.988Z</time>
      </trkpt>
      <trkpt lat="50.753059" lon="12.948021">
        <ele>497.148789</ele>
        <time>2026-04-27T19:31:41.973Z</time>
      </trkpt>
      <trkpt lat="50.752941" lon="12.948199">
        <ele>496.622582</ele>
        <time>2026-04-27T19:31:43.728Z</time>
      </trkpt>
      <trkpt lat="50.752476" lon="12.948884">
        <ele>493.830811</ele>
        <time>2026-04-27T19:31:50.220Z</time>
      </trkpt>
      <trkpt lat="50.752413" lon="12.949071">
        <ele>493.240491</ele>
        <time>2026-04-27T19:31:51.514Z</time>
      </trkpt>
      <trkpt lat="50.752392" lon="12.949287">
        <ele>492.631571</ele>
        <time>2026-04-27T19:31:52.832Z</time>
      </trkpt>
      <trkpt lat="50.752401" lon="12.949699">
        <ele>491.482904</ele>
        <time>2026-04-27T19:31:55.322Z</time>
      </trkpt>
      <trkpt lat="50.752508" lon="12.950190">
        <ele>490.035914</ele>
        <time>2026-04-27T19:31:58.440Z</time>
      </trkpt>
      <trkpt lat="50.752639" lon="12.950672">
        <ele>488.536656</ele>
        <time>2026-04-27T19:32:01.504Z</time>
      </trkpt>
      <trkpt lat="50.752804" lon="12.950745">
        <ele>487.514461</ele>
        <time>2026-04-27T19:32:03.044Z</time>
      </trkpt>
      <trkpt lat="50.752921" lon="12.950732">
        <ele>486.814738</ele>
        <time>2026-04-27T19:32:04.098Z</time>
      </trkpt>
      <trkpt lat="50.753078" lon="12.950717">
        <ele>485.876395</ele>
        <time>2026-04-27T19:32:05.509Z</time>
      </trkpt>
      <trkpt lat="50.753227" lon="12.950703">
        <ele>484.985918</ele>
        <time>2026-04-27T19:32:06.845Z</time>
      </trkpt>
      <trkpt lat="50.753281" lon="12.950731">
        <ele>484.646873</ele>
        <time>2026-04-27T19:32:07.353Z</time>
      </trkpt>
      <trkpt lat="50.753342" lon="12.950837">
        <ele>484.106042</ele>
        <time>2026-04-27T19:32:08.169Z</time>
      </trkpt>
      <trkpt lat="50.753355" lon="12.951227">
        <ele>482.632009</ele>
        <time>2026-04-27T19:32:10.411Z</time>
      </trkpt>
      <trkpt lat="50.753483" lon="12.951589">
        <ele>481.066788</ele>
        <time>2026-04-27T19:32:12.843Z</time>
      </trkpt>
      <trkpt lat="50.753556" lon="12.951811">
        <ele>480.122468</ele>
        <time>2026-04-27T19:32:14.330Z</time>
      </trkpt>
      <trkpt lat="50.753560" lon="12.951832">
        <ele>480.039693</ele>
        <time>2026-04-27T19:32:14.458Z</time>
      </trkpt>
      <trkpt lat="50.753603" lon="12.952261">
        <ele>478.400316</ele>
        <time>2026-04-27T19:32:17.036Z</time>
      </trkpt>
      <trkpt lat="50.753617" lon="12.952686">
        <ele>477.142319</ele>
        <time>2026-04-27T19:32:19.549Z</time>
      </trkpt>
      <trkpt lat="50.753645" lon="12.953452">
        <ele>475.119053</ele>
        <time>2026-04-27T19:32:24.141Z</time>
      </trkpt>
      <trkpt lat="50.753924" lon="12.954989">
        <ele>470.902557</ele>
        <time>2026-04-27T19:32:34.052Z</time>
      </trkpt>
      <trkpt lat="50.754130" lon="12.955356">
        <ele>469.896604</ele>
        <time>2026-04-27T19:32:37.289Z</time>
      </trkpt>
      <trkpt lat="50.754170" lon="12.955490">
        <ele>469.639107</ele>
        <time>2026-04-27T19:32:38.279Z</time>
      </trkpt>
      <trkpt lat="50.754332" lon="12.956354">
        <ele>468.073025</ele>
        <time>2026-04-27T19:32:44.322Z</time>
      </trkpt>
      <trkpt lat="50.754443" lon="12.956802">
        <ele>467.236880</ele>
        <time>2026-04-27T19:32:47.572Z</time>
      </trkpt>
      <trkpt lat="50.754640" lon="12.957301">
        <ele>466.214688</ele>
        <time>2026-04-27T19:32:51.646Z</time>
      </trkpt>
      <trkpt lat="50.754839" lon="12.957643">
        <ele>465.334682</ele>
        <time>2026-04-27T19:32:54.725Z</time>
      </trkpt>
      <trkpt lat="50.755007" lon="12.957877">
        <ele>464.294445</ele>
        <time>2026-04-27T19:32:56.983Z</time>
      </trkpt>
      <trkpt lat="50.755427" lon="12.958332">
        <ele>461.929019</ele>
        <time>2026-04-27T19:33:01.866Z</time>
      </trkpt>
      <trkpt lat="50.755480" lon="12.958371">
        <ele>461.657429</ele>
        <time>2026-04-27T19:33:02.411Z</time>
      </trkpt>
      <trkpt lat="50.756186" lon="12.958989">
        <ele>457.908296</ele>
        <time>2026-04-27T19:33:09.950Z</time>
      </trkpt>
      <trkpt lat="50.756798" lon="12.959656">
        <ele>453.900803</ele>
        <time>2026-04-27T19:33:16.827Z</time>
      </trkpt>
      <trkpt lat="50.757318" lon="12.960314">
        <ele>450.171695</ele>
        <time>2026-04-27T19:33:23.111Z</time>
      </trkpt>
      <trkpt lat="50.757648" lon="12.960781">
        <ele>447.691999</ele>
        <time>2026-04-27T19:33:27.269Z</time>
      </trkpt>
      <trkpt lat="50.757897" lon="12.961225">
        <ele>444.941302</ele>
        <time>2026-04-27T19:33:30.641Z</time>
      </trkpt>
      <trkpt lat="50.758055" lon="12.961420">
        <ele>443.331991</ele>
        <time>2026-04-27T19:33:32.394Z</time>
      </trkpt>
      <trkpt lat="50.758268" lon="12.961643">
        <ele>441.280898</ele>
        <time>2026-04-27T19:33:34.646Z</time>
      </trkpt>
      <trkpt lat="50.758399" lon="12.961735">
        <ele>440.130055</ele>
        <time>2026-04-27T19:33:35.919Z</time>
      </trkpt>
      <trkpt lat="50.758780" lon="12.961913">
        <ele>436.940434</ele>
        <time>2026-04-27T19:33:39.401Z</time>
      </trkpt>
      <trkpt lat="50.758996" lon="12.962030">
        <ele>435.107315</ele>
        <time>2026-04-27T19:33:41.379Z</time>
      </trkpt>
      <trkpt lat="50.759428" lon="12.962415">
        <ele>431.239461</ele>
        <time>2026-04-27T19:33:45.687Z</time>
      </trkpt>
      <trkpt lat="50.759631" lon="12.962675">
        <ele>429.298659</ele>
        <time>2026-04-27T19:33:47.980Z</time>
      </trkpt>
      <trkpt lat="50.759761" lon="12.962851">
        <ele>428.027216</ele>
        <time>2026-04-27T19:33:49.511Z</time>
      </trkpt>
      <trkpt lat="50.760401" lon="12.963979">
        <ele>420.906961</ele>
        <time>2026-04-27T19:33:58.157Z</time>
      </trkpt>
      <trkpt lat="50.760987" lon="12.965041">
        <ele>414.313424</ele>
        <time>2026-04-27T19:34:06.200Z</time>
      </trkpt>
      <trkpt lat="50.761197" lon="12.965530">
        <ele>411.552017</ele>
        <time>2026-04-27T19:34:09.508Z</time>
      </trkpt>
      <trkpt lat="50.761780" lon="12.967048">
        <ele>402.941270</ele>
        <time>2026-04-27T19:34:19.496Z</time>
      </trkpt>
      <trkpt lat="50.761872" lon="12.967292">
        <ele>401.462473</ele>
        <time>2026-04-27T19:34:21.055Z</time>
      </trkpt>
      <trkpt lat="50.761997" lon="12.967609">
        <ele>399.517793</ele>
        <time>2026-04-27T19:34:23.118Z</time>
      </trkpt>
      <trkpt lat="50.762113" lon="12.967842">
        <ele>397.974175</ele>
        <time>2026-04-27T19:34:24.766Z</time>
      </trkpt>
      <trkpt lat="50.762144" lon="12.967895">
        <ele>397.598381</ele>
        <time>2026-04-27T19:34:25.164Z</time>
      </trkpt>
      <trkpt lat="50.762284" lon="12.968128">
        <ele>395.925386</ele>
        <time>2026-04-27T19:34:26.963Z</time>
      </trkpt>
      <trkpt lat="50.762414" lon="12.968368">
        <ele>394.280469</ele>
        <time>2026-04-27T19:34:28.730Z</time>
      </trkpt>
      <trkpt lat="50.762519" lon="12.968629">
        <ele>392.670211</ele>
        <time>2026-04-27T19:34:30.460Z</time>
      </trkpt>
      <trkpt lat="50.762730" lon="12.969340">
        <ele>388.733686</ele>
        <time>2026-04-27T19:34:34.794Z</time>
      </trkpt>
      <trkpt lat="50.762780" lon="12.969803">
        <ele>386.430577</ele>
        <time>2026-04-27T19:34:37.401Z</time>
      </trkpt>
      <trkpt lat="50.762849" lon="12.970860">
        <ele>381.220195</ele>
        <time>2026-04-27T19:34:43.437Z</time>
      </trkpt>
      <trkpt lat="50.763115" lon="12.973193">
        <ele>369.947453</ele>
        <time>2026-04-27T19:34:56.748Z</time>
      </trkpt>
      <trkpt lat="50.763145" lon="12.973361">
        <ele>369.130743</ele>
        <time>2026-04-27T19:34:57.725Z</time>
      </trkpt>
      <trkpt lat="50.763227" lon="12.973500">
        <ele>368.241493</ele>
        <time>2026-04-27T19:34:58.789Z</time>
      </trkpt>
      <trkpt lat="50.763620" lon="12.973979">
        <ele>364.571110</ele>
        <time>2026-04-27T19:35:03.212Z</time>
      </trkpt>
      <trkpt lat="50.764119" lon="12.974595">
        <ele>361.776699</ele>
        <time>2026-04-27T19:35:08.975Z</time>
      </trkpt>
      <trkpt lat="50.764524" lon="12.975100">
        <ele>359.735099</ele>
        <time>2026-04-27T19:35:13.901Z</time>
      </trkpt>
      <trkpt lat="50.764580" lon="12.975232">
        <ele>359.337182</ele>
        <time>2026-04-27T19:35:14.899Z</time>
      </trkpt>
      <trkpt lat="50.764414" lon="12.975417">
        <ele>358.533305</ele>
        <time>2026-04-27T19:35:17.032Z</time>
      </trkpt>
      <trkpt lat="50.764103" lon="12.975920">
        <ele>356.832117</ele>
        <time>2026-04-27T19:35:22.447Z</time>
      </trkpt>
      <trkpt lat="50.764010" lon="12.976023">
        <ele>356.839113</ele>
        <time>2026-04-27T19:35:23.996Z</time>
      </trkpt>
      <trkpt lat="50.763527" lon="12.976556">
        <ele>356.875401</ele>
        <time>2026-04-27T19:35:32.845Z</time>
      </trkpt>
      <trkpt lat="50.763250" lon="12.976864">
        <ele>356.896265</ele>
        <time>2026-04-27T19:35:38.282Z</time>
      </trkpt>
      <trkpt lat="50.762971" lon="12.977134">
        <ele>356.916418</ele>
        <time>2026-04-27T19:35:43.754Z</time>
      </trkpt>
      <trkpt lat="50.762685" lon="12.977371">
        <ele>356.936311</ele>
        <time>2026-04-27T19:35:49.037Z</time>
      </trkpt>
      <trkpt lat="50.762293" lon="12.977650">
        <ele>357.581057</ele>
        <time>2026-04-27T19:35:56.131Z</time>
      </trkpt>
      <trkpt lat="50.762090" lon="12.977747">
        <ele>357.982753</ele>
        <time>2026-04-27T19:35:59.792Z</time>
      </trkpt>
      <trkpt lat="50.761913" lon="12.977803">
        <ele>358.324670</ele>
        <time>2026-04-27T19:36:03.251Z</time>
      </trkpt>
      <trkpt lat="50.761619" lon="12.977794">
        <ele>358.881661</ele>
        <time>2026-04-27T19:36:09.544Z</time>
      </trkpt>
      <trkpt lat="50.760673" lon="12.977665">
        <ele>361.024288</ele>
        <time>2026-04-27T19:36:35.057Z</time>
      </trkpt>
      <trkpt lat="50.760351" lon="12.977570">
        <ele>362.289238</ele>
        <time>2026-04-27T19:36:45.430Z</time>
      </trkpt>
      <trkpt lat="50.759016" lon="12.977061">
        <ele>367.444626</ele>
        <time>2026-04-27T19:37:29.254Z</time>
      </trkpt>
      <trkpt lat="50.758499" lon="12.977078">
        <ele>368.449540</ele>
        <time>2026-04-27T19:37:42.695Z</time>
      </trkpt>
      <trkpt lat="50.757861" lon="12.977241">
        <ele>369.705467</ele>
        <time>2026-04-27T19:37:56.667Z</time>
      </trkpt>
      <trkpt lat="50.757624" lon="12.977344">
        <ele>370.183123</ele>
        <time>2026-04-27T19:38:01.379Z</time>
      </trkpt>
      <trkpt lat="50.757351" lon="12.977530">
        <ele>370.760829</ele>
        <time>2026-04-27T19:38:06.996Z</time>
      </trkpt>
      <trkpt lat="50.756297" lon="12.978401">
        <ele>370.164326</ele>
        <time>2026-04-27T19:38:24.687Z</time>
      </trkpt>
      <trkpt lat="50.755904" lon="12.978821">
        <ele>369.911478</ele>
        <time>2026-04-27T19:38:30.386Z</time>
      </trkpt>
      <trkpt lat="50.755076" lon="12.979772">
        <ele>367.283892</ele>
        <time>2026-04-27T19:38:41.047Z</time>
      </trkpt>
      <trkpt lat="50.754725" lon="12.980235">
        <ele>365.950504</ele>
        <time>2026-04-27T19:38:45.608Z</time>
      </trkpt>
      <trkpt lat="50.754591" lon="12.980393">
        <ele>365.462912</ele>
        <time>2026-04-27T19:38:47.241Z</time>
      </trkpt>
      <trkpt lat="50.754327" lon="12.980758">
        <ele>364.551978</ele>
        <time>2026-04-27T19:38:50.733Z</time>
      </trkpt>
      <trkpt lat="50.754179" lon="12.981020">
        <ele>364.402760</ele>
        <time>2026-04-27T19:38:52.970Z</time>
      </trkpt>
      <trkpt lat="50.754133" lon="12.981101">
        <ele>364.356518</ele>
        <time>2026-04-27T19:38:53.692Z</time>
      </trkpt>
      <trkpt lat="50.754047" lon="12.981262">
        <ele>364.267000</ele>
        <time>2026-04-27T19:38:55.085Z</time>
      </trkpt>
      <trkpt lat="50.753961" lon="12.981354">
        <ele>364.197267</ele>
        <time>2026-04-27T19:38:56.230Z</time>
      </trkpt>
      <trkpt lat="50.753780" lon="12.981453">
        <ele>364.068652</ele>
        <time>2026-04-27T19:38:58.549Z</time>
      </trkpt>
      <trkpt lat="50.753598" lon="12.981457">
        <ele>363.946424</ele>
        <time>2026-04-27T19:39:01.529Z</time>
      </trkpt>
      <trkpt lat="50.753305" lon="12.981345">
        <ele>363.743999</ele>
        <time>2026-04-27T19:39:07.123Z</time>
      </trkpt>
      <trkpt lat="50.752968" lon="12.981080">
        <ele>363.491241</ele>
        <time>2026-04-27T19:39:13.871Z</time>
      </trkpt>
      <trkpt lat="50.752673" lon="12.980771">
        <ele>363.324981</ele>
        <time>2026-04-27T19:39:20.840Z</time>
      </trkpt>
      <trkpt lat="50.752499" lon="12.980603">
        <ele>363.266833</ele>
        <time>2026-04-27T19:39:24.506Z</time>
      </trkpt>
      <trkpt lat="50.752385" lon="12.980484">
        <ele>363.227871</ele>
        <time>2026-04-27T19:39:26.924Z</time>
      </trkpt>
      <trkpt lat="50.752159" lon="12.980161">
        <ele>363.140978</ele>
        <time>2026-04-27T19:39:32.087Z</time>
      </trkpt>
      <trkpt lat="50.751793" lon="12.979439">
        <ele>362.974048</ele>
        <time>2026-04-27T19:39:39.547Z</time>
      </trkpt>
      <trkpt lat="50.751670" lon="12.979250">
        <ele>362.925126</ele>
        <time>2026-04-27T19:39:41.407Z</time>
      </trkpt>
      <trkpt lat="50.751408" lon="12.978904">
        <ele>362.877090</ele>
        <time>2026-04-27T19:39:45.024Z</time>
      </trkpt>
      <trkpt lat="50.751209" lon="12.978725">
        <ele>362.898920</ele>
        <time>2026-04-27T19:39:47.697Z</time>
      </trkpt>
      <trkpt lat="50.751051" lon="12.978590">
        <ele>362.916045</ele>
        <time>2026-04-27T19:39:50.248Z</time>
      </trkpt>
      <trkpt lat="50.750884" lon="12.978438">
        <ele>362.934418</ele>
        <time>2026-04-27T19:39:53.692Z</time>
      </trkpt>
      <trkpt lat="50.750687" lon="12.978267">
        <ele>362.955847</ele>
        <time>2026-04-27T19:39:57.583Z</time>
      </trkpt>
      <trkpt lat="50.750436" lon="12.978049">
        <ele>362.983152</ele>
        <time>2026-04-27T19:40:02.646Z</time>
      </trkpt>
      <trkpt lat="50.750141" lon="12.977795">
        <ele>363.015181</ele>
        <time>2026-04-27T19:40:08.083Z</time>
      </trkpt>
      <trkpt lat="50.749915" lon="12.977635">
        <ele>363.127505</ele>
        <time>2026-04-27T19:40:11.962Z</time>
      </trkpt>
      <trkpt lat="50.749757" lon="12.977624">
        <ele>363.662036</ele>
        <time>2026-04-27T19:40:14.840Z</time>
      </trkpt>
      <trkpt lat="50.749614" lon="12.977743">
        <ele>364.208251</ele>
        <time>2026-04-27T19:40:18.483Z</time>
      </trkpt>
      <trkpt lat="50.749449" lon="12.978047">
        <ele>365.064765</ele>
        <time>2026-04-27T19:40:25.427Z</time>
      </trkpt>
      <trkpt lat="50.749353" lon="12.978306">
        <ele>365.706668</ele>
        <time>2026-04-27T19:40:30.848Z</time>
      </trkpt>
      <trkpt lat="50.749319" lon="12.978455">
        <ele>366.045388</ele>
        <time>2026-04-27T19:40:33.838Z</time>
      </trkpt>
      <trkpt lat="50.749333" lon="12.978848">
        <ele>366.887136</ele>
        <time>2026-04-27T19:40:40.935Z</time>
      </trkpt>
      <trkpt lat="50.749458" lon="12.980355">
        <ele>370.420405</ele>
        <time>2026-04-27T19:41:13.564Z</time>
      </trkpt>
      <trkpt lat="50.749460" lon="12.980547">
        <ele>370.944761</ele>
        <time>2026-04-27T19:41:18.616Z</time>
      </trkpt>
      <trkpt lat="50.749425" lon="12.980899">
        <ele>371.917748</ele>
        <time>2026-04-27T19:41:27.511Z</time>
      </trkpt>
      <trkpt lat="50.749346" lon="12.981244">
        <ele>372.919622</ele>
        <time>2026-04-27T19:41:35.700Z</time>
      </trkpt>
      <trkpt lat="50.749047" lon="12.982080">
        <ele>375.541936</ele>
        <time>2026-04-27T19:41:53.511Z</time>
      </trkpt>
      <trkpt lat="50.748805" lon="12.983013">
        <ele>377.848218</ele>
        <time>2026-04-27T19:42:11.098Z</time>
      </trkpt>
      <trkpt lat="50.748440" lon="12.983997">
        <ele>379.980299</ele>
        <time>2026-04-27T19:42:29.192Z</time>
      </trkpt>
      <trkpt lat="50.748121" lon="12.984711">
        <ele>381.614114</ele>
        <time>2026-04-27T19:42:44.634Z</time>
      </trkpt>
      <trkpt lat="50.748024" lon="12.985011">
        <ele>382.245094</ele>
        <time>2026-04-27T19:42:50.547Z</time>
      </trkpt>
      <trkpt lat="50.747796" lon="12.985937">
        <ele>384.146198</ele>
        <time>2026-04-27T19:43:06.534Z</time>
      </trkpt>
      <trkpt lat="50.747755" lon="12.986108">
        <ele>384.496070</ele>
        <time>2026-04-27T19:43:09.463Z</time>
      </trkpt>
      <trkpt lat="50.747701" lon="12.986326">
        <ele>384.943988</ele>
        <time>2026-04-27T19:43:13.327Z</time>
      </trkpt>
      <trkpt lat="50.747556" lon="12.986580">
        <ele>385.598519</ele>
        <time>2026-04-27T19:43:19.146Z</time>
      </trkpt>
      <trkpt lat="50.747657" lon="12.986847">
        <ele>386.193697</ele>
        <time>2026-04-27T19:43:24.368Z</time>
      </trkpt>
      <trkpt lat="50.747690" lon="12.987153">
        <ele>386.787604</ele>
        <time>2026-04-27T19:43:29.588Z</time>
      </trkpt>
      <trkpt lat="50.747688" lon="12.987238">
        <ele>386.950345</ele>
        <time>2026-04-27T19:43:31.039Z</time>
      </trkpt>
      <trkpt lat="50.747644" lon="12.987679">
        <ele>387.908844</ele>
        <time>2026-04-27T19:43:38.560Z</time>
      </trkpt>
      <trkpt lat="50.747643" lon="12.987893">
        <ele>388.563392</ele>
        <time>2026-04-27T19:43:42.552Z</time>
      </trkpt>
      <trkpt lat="50.747699" lon="12.988165">
        <ele>389.438251</ele>
        <time>2026-04-27T19:43:48.376Z</time>
      </trkpt>
      <trkpt lat="50.747794" lon="12.988449">
        <ele>390.420794</ele>
        <time>2026-04-27T19:43:55.345Z</time>
      </trkpt>
      <trkpt lat="50.747965" lon="12.988770">
        <ele>391.704212</ele>
        <time>2026-04-27T19:44:04.554Z</time>
      </trkpt>
      <trkpt lat="50.748222" lon="12.988957">
        <ele>393.071847</ele>
        <time>2026-04-27T19:44:13.983Z</time>
      </trkpt>
      <trkpt lat="50.748378" lon="12.989001">
        <ele>393.837841</ele>
        <time>2026-04-27T19:44:19.743Z</time>
      </trkpt>
      <trkpt lat="50.748568" lon="12.989079">
        <ele>394.786750</ele>
        <time>2026-04-27T19:44:27.100Z</time>
      </trkpt>
      <trkpt lat="50.748826" lon="12.989337">
        <ele>396.262555</ele>
        <time>2026-04-27T19:44:38.654Z</time>
      </trkpt>
      <trkpt lat="50.749045" lon="12.989655">
        <ele>397.826381</ele>
        <time>2026-04-27T19:44:50.549Z</time>
      </trkpt>
      <trkpt lat="50.749277" lon="12.990033">
        <ele>399.584881</ele>
        <time>2026-04-27T19:45:03.677Z</time>
      </trkpt>
      <trkpt lat="50.749463" lon="12.990364">
        <ele>401.063124</ele>
        <time>2026-04-27T19:45:13.379Z</time>
      </trkpt>
      <trkpt lat="50.749732" lon="12.990830">
        <ele>403.169478</ele>
        <time>2026-04-27T19:45:27.463Z</time>
      </trkpt>
      <trkpt lat="50.750202" lon="12.991661">
        <ele>406.440562</ele>
        <time>2026-04-27T19:45:52.789Z</time>
      </trkpt>
      <trkpt lat="50.750680" lon="12.992515">
        <ele>408.650288</ele>
        <time>2026-04-27T19:46:11.937Z</time>
      </trkpt>
      <trkpt lat="50.751123" lon="12.993301">
        <ele>410.690276</ele>
        <time>2026-04-27T19:46:28.741Z</time>
      </trkpt>
      <trkpt lat="50.751154" lon="12.993406">
        <ele>410.914827</ele>
        <time>2026-04-27T19:46:30.493Z</time>
      </trkpt>
      <trkpt lat="50.751343" lon="12.994339">
        <ele>412.563081</ele>
        <time>2026-04-27T19:46:43.986Z</time>
      </trkpt>
      <trkpt lat="50.751358" lon="12.994787">
        <ele>413.286163</ele>
        <time>2026-04-27T19:46:50.593Z</time>
      </trkpt>
      <trkpt lat="50.751322" lon="12.996103">
        <ele>415.409231</ele>
        <time>2026-04-27T19:47:12.695Z</time>
      </trkpt>
      <trkpt lat="50.751399" lon="12.996476">
        <ele>416.073682</ele>
        <time>2026-04-27T19:47:19.401Z</time>
      </trkpt>
      <trkpt lat="50.751516" lon="12.996861">
        <ele>416.927849</ele>
        <time>2026-04-27T19:47:26.629Z</time>
      </trkpt>
      <trkpt lat="50.751671" lon="12.997624">
        <ele>418.530478</ele>
        <time>2026-04-27T19:47:40.049Z</time>
      </trkpt>
      <trkpt lat="50.751808" lon="12.998082">
        <ele>419.543629</ele>
        <time>2026-04-27T19:47:48.672Z</time>
      </trkpt>
      <trkpt lat="50.751960" lon="12.998473">
        <ele>420.461387</ele>
        <time>2026-04-27T19:47:56.837Z</time>
      </trkpt>
      <trkpt lat="50.752084" lon="12.999289">
        <ele>422.440747</ele>
        <time>2026-04-27T19:48:11.950Z</time>
      </trkpt>
      <trkpt lat="50.752179" lon="12.999975">
        <ele>424.619706</ele>
        <time>2026-04-27T19:48:25.379Z</time>
      </trkpt>
      <trkpt lat="50.752214" lon="13.000328">
        <ele>425.728385</ele>
        <time>2026-04-27T19:48:32.975Z</time>
      </trkpt>
      <trkpt lat="50.752269" lon="13.000519">
        <ele>426.379528</ele>
        <time>2026-04-27T19:48:37.616Z</time>
      </trkpt>
      <trkpt lat="50.752544" lon="13.001139">
        <ele>428.728965</ele>
        <time>2026-04-27T19:48:55.455Z</time>
      </trkpt>
      <trkpt lat="50.752612" lon="13.001246">
        <ele>429.199545</ele>
        <time>2026-04-27T19:48:59.126Z</time>
      </trkpt>
      <trkpt lat="50.752702" lon="13.001322">
        <ele>429.699979</ele>
        <time>2026-04-27T19:49:03.144Z</time>
      </trkpt>
      <trkpt lat="50.752970" lon="13.001421">
        <ele>431.263015</ele>
        <time>2026-04-27T19:49:14.123Z</time>
      </trkpt>
      <trkpt lat="50.753182" lon="13.001638">
        <ele>432.917851</ele>
        <time>2026-04-27T19:49:24.312Z</time>
      </trkpt>
      <trkpt lat="50.753641" lon="13.002493">
        <ele>437.565962</ele>
        <time>2026-04-27T19:49:54.167Z</time>
      </trkpt>
      <trkpt lat="50.753707" lon="13.002572">
        <ele>438.108392</ele>
        <time>2026-04-27T19:49:57.664Z</time>
      </trkpt>
      <trkpt lat="50.753794" lon="13.002648">
        <ele>438.759674</ele>
        <time>2026-04-27T19:50:01.761Z</time>
      </trkpt>
      <trkpt lat="50.754004" lon="13.002776">
        <ele>440.234343</ele>
        <time>2026-04-27T19:50:10.939Z</time>
      </trkpt>
      <trkpt lat="50.754288" lon="13.002939">
        <ele>442.215289</ele>
        <time>2026-04-27T19:50:23.389Z</time>
      </trkpt>
      <trkpt lat="50.754515" lon="13.003165">
        <ele>444.134652</ele>
        <time>2026-04-27T19:50:34.417Z</time>
      </trkpt>
      <trkpt lat="50.754750" lon="13.003462">
        <ele>446.287290</ele>
        <time>2026-04-27T19:50:46.970Z</time>
      </trkpt>
      <trkpt lat="50.755272" lon="13.004246">
        <ele>451.438929</ele>
        <time>2026-04-27T19:51:18.555Z</time>
      </trkpt>
      <trkpt lat="50.755457" lon="13.004410">
        <ele>452.956438</ele>
        <time>2026-04-27T19:51:27.720Z</time>
      </trkpt>
      <trkpt lat="50.755809" lon="13.004569">
        <ele>455.671747</ele>
        <time>2026-04-27T19:51:44.072Z</time>
      </trkpt>
      <trkpt lat="50.756099" lon="13.004864">
        <ele>458.606261</ele>
        <time>2026-04-27T19:52:00.419Z</time>
      </trkpt>
      <trkpt lat="50.756196" lon="13.005049">
        <ele>459.899735</ele>
        <time>2026-04-27T19:52:07.782Z</time>
      </trkpt>
      <trkpt lat="50.756605" lon="13.005776">
        <ele>465.136934</ele>
        <time>2026-04-27T19:52:38.021Z</time>
      </trkpt>
      <trkpt lat="50.756803" lon="13.006021">
        <ele>467.276577</ele>
        <time>2026-04-27T19:52:50.766Z</time>
      </trkpt>
      <trkpt lat="50.757244" lon="13.006585">
        <ele>472.282905</ele>
        <time>2026-04-27T19:53:20.151Z</time>
      </trkpt>
      <trkpt lat="50.757414" lon="13.006909">
        <ele>474.783719</ele>
        <time>2026-04-27T19:53:34.243Z</time>
      </trkpt>
      <trkpt lat="50.757710" lon="13.007481">
        <ele>479.174104</ele>
        <time>2026-04-27T19:53:58.588Z</time>
      </trkpt>
      <trkpt lat="50.757886" lon="13.007823">
        <ele>481.793304</ele>
        <time>2026-04-27T19:54:13.356Z</time>
      </trkpt>
      <trkpt lat="50.758246" lon="13.008187">
        <ele>485.806617</ele>
        <time>2026-04-27T19:54:36.340Z</time>
      </trkpt>
      <trkpt lat="50.758365" lon="13.008353">
        <ele>487.290474</ele>
        <time>2026-04-27T19:54:44.876Z</time>
      </trkpt>
      <trkpt lat="50.758624" lon="13.009124">
        <ele>491.415577</ele>
        <time>2026-04-27T19:55:14.195Z</time>
      </trkpt>
      <trkpt lat="50.758771" lon="13.009470">
        <ele>493.385071</ele>
        <time>2026-04-27T19:55:27.085Z</time>
      </trkpt>
      <trkpt lat="50.759030" lon="13.010082">
        <ele>496.864468</ele>
        <time>2026-04-27T19:55:48.011Z</time>
      </trkpt>
      <trkpt lat="50.759175" lon="13.010422">
        <ele>498.802088</ele>
        <time>2026-04-27T19:55:58.356Z</time>
      </trkpt>
      <trkpt lat="50.759282" lon="13.010797">
        <ele>500.710271</ele>
        <time>2026-04-27T19:56:07.873Z</time>
      </trkpt>
      <trkpt lat="50.759368" lon="13.011367">
        <ele>501.309343</ele>
        <time>2026-04-27T19:56:18.996Z</time>
      </trkpt>
      <trkpt lat="50.759373" lon="13.011516">
        <ele>501.461884</ele>
        <time>2026-04-27T19:56:21.337Z</time>
      </trkpt>
      <trkpt lat="50.759305" lon="13.012320">
        <ele>502.291150</ele>
        <time>2026-04-27T19:56:31.672Z</time>
      </trkpt>
      <trkpt lat="50.759272" lon="13.012437">
        <ele>502.422114</ele>
        <time>2026-04-27T19:56:33.098Z</time>
      </trkpt>
      <trkpt lat="50.759056" lon="13.012871">
        <ele>502.986668</ele>
        <time>2026-04-27T19:56:38.738Z</time>
      </trkpt>
      <trkpt lat="50.759007" lon="13.013049">
        <ele>503.185128</ele>
        <time>2026-04-27T19:56:40.513Z</time>
      </trkpt>
      <trkpt lat="50.759076" lon="13.013093">
        <ele>503.305371</ele>
        <time>2026-04-27T19:56:41.580Z</time>
      </trkpt>
      <trkpt lat="50.759137" lon="13.013321">
        <ele>503.558454</ele>
        <time>2026-04-27T19:56:44.567Z</time>
      </trkpt>
      <trkpt lat="50.759129" lon="13.013578">
        <ele>503.319001</ele>
        <time>2026-04-27T19:56:47.605Z</time>
      </trkpt>
      <trkpt lat="50.759189" lon="13.013732">
        <ele>503.070262</ele>
        <time>2026-04-27T19:56:49.700Z</time>
      </trkpt>
      <trkpt lat="50.759294" lon="13.013888">
        <ele>502.756993</ele>
        <time>2026-04-27T19:56:52.248Z</time>
      </trkpt>
      <trkpt lat="50.759404" lon="13.014160">
        <ele>502.313012</ele>
        <time>2026-04-27T19:56:55.713Z</time>
      </trkpt>
      <trkpt lat="50.759466" lon="13.014387">
        <ele>501.972971</ele>
        <time>2026-04-27T19:56:58.254Z</time>
      </trkpt>
      <trkpt lat="50.759423" lon="13.014414">
        <ele>501.872383</ele>
        <time>2026-04-27T19:56:58.970Z</time>
      </trkpt>
      <trkpt lat="50.759713" lon="13.015247">
        <ele>500.564764</ele>
        <time>2026-04-27T19:57:05.340Z</time>
      </trkpt>
      <trkpt lat="50.759845" lon="13.015626">
        <ele>499.969765</ele>
        <time>2026-04-27T19:57:08.080Z</time>
      </trkpt>
      <trkpt lat="50.760141" lon="13.016455">
        <ele>497.115884</ele>
        <time>2026-04-27T19:57:13.878Z</time>
      </trkpt>
      <trkpt lat="50.760375" lon="13.017038">
        <ele>494.750927</ele>
        <time>2026-04-27T19:57:17.940Z</time>
      </trkpt>
      <trkpt lat="50.761584" lon="13.019486">
        <ele>482.380821</ele>
        <time>2026-04-27T19:57:35.845Z</time>
      </trkpt>
      <trkpt lat="50.761588" lon="13.019495">
        <ele>482.331979</ele>
        <time>2026-04-27T19:57:35.909Z</time>
      </trkpt>
      <trkpt lat="50.761827" lon="13.020131">
        <ele>479.047132</ele>
        <time>2026-04-27T19:57:40.039Z</time>
      </trkpt>
      <trkpt lat="50.761982" lon="13.020821">
        <ele>476.030014</ele>
        <time>2026-04-27T19:57:44.111Z</time>
      </trkpt>
      <trkpt lat="50.762014" lon="13.021061">
        <ele>475.107006</ele>
        <time>2026-04-27T19:57:45.475Z</time>
      </trkpt>
      <trkpt lat="50.762049" lon="13.021750">
        <ele>472.505834</ele>
        <time>2026-04-27T19:57:49.379Z</time>
      </trkpt>
      <trkpt lat="50.762049" lon="13.021857">
        <ele>472.103175</ele>
        <time>2026-04-27T19:57:49.991Z</time>
      </trkpt>
      <trkpt lat="50.761995" lon="13.022509">
        <ele>469.628644</ele>
        <time>2026-04-27T19:57:53.865Z</time>
      </trkpt>
      <trkpt lat="50.761905" lon="13.023081">
        <ele>467.410513</ele>
        <time>2026-04-27T19:57:57.549Z</time>
      </trkpt>
      <trkpt lat="50.761876" lon="13.023425">
        <ele>466.365135</ele>
        <time>2026-04-27T19:57:59.766Z</time>
      </trkpt>
      <trkpt lat="50.761903" lon="13.023780">
        <ele>465.685811</ele>
        <time>2026-04-27T19:58:02.047Z</time>
      </trkpt>
      <trkpt lat="50.762046" lon="13.024548">
        <ele>464.164784</ele>
        <time>2026-04-27T19:58:07.212Z</time>
      </trkpt>
      <trkpt lat="50.762086" lon="13.024775">
        <ele>463.717086</ele>
        <time>2026-04-27T19:58:08.697Z</time>
      </trkpt>
      <trkpt lat="50.762105" lon="13.025081">
        <ele>463.132923</ele>
        <time>2026-04-27T19:58:10.626Z</time>
      </trkpt>
      <trkpt lat="50.762052" lon="13.025576">
        <ele>462.179096</ele>
        <time>2026-04-27T19:58:13.848Z</time>
      </trkpt>
      <trkpt lat="50.761692" lon="13.026533">
        <ele>461.314763</ele>
        <time>2026-04-27T19:58:21.470Z</time>
      </trkpt>
      <trkpt lat="50.761127" lon="13.027912">
        <ele>461.546003</ele>
        <time>2026-04-27T19:58:39.141Z</time>
      </trkpt>
      <trkpt lat="50.760779" lon="13.028736">
        <ele>462.052228</ele>
        <time>2026-04-27T19:58:54.333Z</time>
      </trkpt>
      <trkpt lat="50.760707" lon="13.028908">
        <ele>462.268786</ele>
        <time>2026-04-27T19:58:57.259Z</time>
      </trkpt>
      <trkpt lat="50.760678" lon="13.029006">
        <ele>462.382386</ele>
        <time>2026-04-27T19:58:58.861Z</time>
      </trkpt>
      <trkpt lat="50.760445" lon="13.029559">
        <ele>463.080036</ele>
        <time>2026-04-27T19:59:08.182Z</time>
      </trkpt>
      <trkpt lat="50.760333" lon="13.029865">
        <ele>463.451237</ele>
        <time>2026-04-27T19:59:13.164Z</time>
      </trkpt>
      <trkpt lat="50.760241" lon="13.030118">
        <ele>463.757648</ele>
        <time>2026-04-27T19:59:17.258Z</time>
      </trkpt>
      <trkpt lat="50.761348" lon="13.030724">
        <ele>464.265262</ele>
        <time>2026-04-27T19:59:40.161Z</time>
      </trkpt>
      <trkpt lat="50.761534" lon="13.030761">
        <ele>464.165464</ele>
        <time>2026-04-27T19:59:42.850Z</time>
      </trkpt>
      <trkpt lat="50.762264" lon="13.030521">
        <ele>463.768532</ele>
        <time>2026-04-27T19:59:51.705Z</time>
      </trkpt>
      <trkpt lat="50.762525" lon="13.030491">
        <ele>463.510219</ele>
        <time>2026-04-27T19:59:54.475Z</time>
      </trkpt>
      <trkpt lat="50.762907" lon="13.030694">
        <ele>462.366067</ele>
        <time>2026-04-27T19:59:58.513Z</time>
      </trkpt>
      <trkpt lat="50.763339" lon="13.031010">
        <ele>461.014673</ele>
        <time>2026-04-27T20:00:03.356Z</time>
      </trkpt>
      <trkpt lat="50.763657" lon="13.031263">
        <ele>460.003977</ele>
        <time>2026-04-27T20:00:07.095Z</time>
      </trkpt>
      <trkpt lat="50.764557" lon="13.031927">
        <ele>456.811293</ele>
        <time>2026-04-27T20:00:17.440Z</time>
      </trkpt>
      <trkpt lat="50.767013" lon="13.033738">
        <ele>445.220102</ele>
        <time>2026-04-27T20:00:43.922Z</time>
      </trkpt>
      <trkpt lat="50.767304" lon="13.033865">
        <ele>443.739539</ele>
        <time>2026-04-27T20:00:46.646Z</time>
      </trkpt>
      <trkpt lat="50.767668" lon="13.033938">
        <ele>440.991887</ele>
        <time>2026-04-27T20:00:49.912Z</time>
      </trkpt>
      <trkpt lat="50.768299" lon="13.033883">
        <ele>435.610823</ele>
        <time>2026-04-27T20:00:55.427Z</time>
      </trkpt>
      <trkpt lat="50.768711" lon="13.033886">
        <ele>432.102645</ele>
        <time>2026-04-27T20:00:58.993Z</time>
      </trkpt>
      <trkpt lat="50.769053" lon="13.033987">
        <ele>429.140187</ele>
        <time>2026-04-27T20:01:02.006Z</time>
      </trkpt>
      <trkpt lat="50.769506" lon="13.034273">
        <ele>425.015437</ele>
        <time>2026-04-27T20:01:06.276Z</time>
      </trkpt>
      <trkpt lat="50.769678" lon="13.034417">
        <ele>423.374455</ele>
        <time>2026-04-27T20:01:07.986Z</time>
      </trkpt>
      <trkpt lat="50.769889" lon="13.034655">
        <ele>421.189102</ele>
        <time>2026-04-27T20:01:10.276Z</time>
      </trkpt>
      <trkpt lat="50.770164" lon="13.035032">
        <ele>418.120266</ele>
        <time>2026-04-27T20:01:13.480Z</time>
      </trkpt>
      <trkpt lat="50.770418" lon="13.035550">
        <ele>414.625091</ele>
        <time>2026-04-27T20:01:17.111Z</time>
      </trkpt>
      <trkpt lat="50.771053" lon="13.037177">
        <ele>405.900761</ele>
        <time>2026-04-27T20:01:27.740Z</time>
      </trkpt>
      <trkpt lat="50.771303" lon="13.037583">
        <ele>403.413397</ele>
        <time>2026-04-27T20:01:30.988Z</time>
      </trkpt>
      <trkpt lat="50.771440" lon="13.037642">
        <ele>402.427866</ele>
        <time>2026-04-27T20:01:32.263Z</time>
      </trkpt>
      <trkpt lat="50.771619" lon="13.037635">
        <ele>401.185077</ele>
        <time>2026-04-27T20:01:33.919Z</time>
      </trkpt>
      <trkpt lat="50.771677" lon="13.037625">
        <ele>400.780123</ele>
        <time>2026-04-27T20:01:34.470Z</time>
      </trkpt>
      <trkpt lat="50.771795" lon="13.037608">
        <ele>400.195849</ele>
        <time>2026-04-27T20:01:35.618Z</time>
      </trkpt>
      <trkpt lat="50.771879" lon="13.037609">
        <ele>400.067382</ele>
        <time>2026-04-27T20:01:36.447Z</time>
      </trkpt>
      <trkpt lat="50.772084" lon="13.037688">
        <ele>399.744695</ele>
        <time>2026-04-27T20:01:38.615Z</time>
      </trkpt>
      <trkpt lat="50.772265" lon="13.037845">
        <ele>399.428976</ele>
        <time>2026-04-27T20:01:40.850Z</time>
      </trkpt>
      <trkpt lat="50.772444" lon="13.038069">
        <ele>399.079875</ele>
        <time>2026-04-27T20:01:43.440Z</time>
      </trkpt>
      <trkpt lat="50.772684" lon="13.038494">
        <ele>398.528815</ele>
        <time>2026-04-27T20:01:48.968Z</time>
      </trkpt>
      <trkpt lat="50.772995" lon="13.039156">
        <ele>397.731239</ele>
        <time>2026-04-27T20:01:56.256Z</time>
      </trkpt>
      <trkpt lat="50.773095" lon="13.039321">
        <ele>397.508887</ele>
        <time>2026-04-27T20:01:58.483Z</time>
      </trkpt>
      <trkpt lat="50.773471" lon="13.039718">
        <ele>396.406868</ele>
        <time>2026-04-27T20:02:05.259Z</time>
      </trkpt>
      <trkpt lat="50.773713" lon="13.040131">
        <ele>395.538985</ele>
        <time>2026-04-27T20:02:09.203Z</time>
      </trkpt>
      <trkpt lat="50.773977" lon="13.040540">
        <ele>394.638128</ele>
        <time>2026-04-27T20:02:13.004Z</time>
      </trkpt>
      <trkpt lat="50.774187" lon="13.040764">
        <ele>394.020692</ele>
        <time>2026-04-27T20:02:15.552Z</time>
      </trkpt>
      <trkpt lat="50.774603" lon="13.041047">
        <ele>392.791303</ele>
        <time>2026-04-27T20:02:19.955Z</time>
      </trkpt>
      <trkpt lat="50.774832" lon="13.041137">
        <ele>391.874614</ele>
        <time>2026-04-27T20:02:22.172Z</time>
      </trkpt>
      <trkpt lat="50.775325" lon="13.041222">
        <ele>389.948041</ele>
        <time>2026-04-27T20:02:26.725Z</time>
      </trkpt>
      <trkpt lat="50.775439" lon="13.041328">
        <ele>389.434287</ele>
        <time>2026-04-27T20:02:27.968Z</time>
      </trkpt>
      <trkpt lat="50.775495" lon="13.041567">
        <ele>388.808146</ele>
        <time>2026-04-27T20:02:29.511Z</time>
      </trkpt>
      <trkpt lat="50.775444" lon="13.042308">
        <ele>386.977043</ele>
        <time>2026-04-27T20:02:34.330Z</time>
      </trkpt>
      <trkpt lat="50.775456" lon="13.042478">
        <ele>386.556824</ele>
        <time>2026-04-27T20:02:35.501Z</time>
      </trkpt>
      <trkpt lat="50.775498" lon="13.042615">
        <ele>386.182802</ele>
        <time>2026-04-27T20:02:36.549Z</time>
      </trkpt>
      <trkpt lat="50.775648" lon="13.042811">
        <ele>386.197264</ele>
        <time>2026-04-27T20:02:38.700Z</time>
      </trkpt>
      <trkpt lat="50.776346" lon="13.043490">
        <ele>386.448790</ele>
        <time>2026-04-27T20:02:51.026Z</time>
      </trkpt>
      <trkpt lat="50.776892" lon="13.044036">
        <ele>386.647068</ele>
        <time>2026-04-27T20:03:05.779Z</time>
      </trkpt>
      <trkpt lat="50.777394" lon="13.044755">
        <ele>386.264316</ele>
        <time>2026-04-27T20:03:18.981Z</time>
      </trkpt>
      <trkpt lat="50.777774" lon="13.045384">
        <ele>385.817719</ele>
        <time>2026-04-27T20:03:26.669Z</time>
      </trkpt>
      <trkpt lat="50.778330" lon="13.046488">
        <ele>384.547007</ele>
        <time>2026-04-27T20:03:36.095Z</time>
      </trkpt>
      <trkpt lat="50.778436" lon="13.046765">
        <ele>383.729965</ele>
        <time>2026-04-27T20:03:38.093Z</time>
      </trkpt>
      <trkpt lat="50.778464" lon="13.046851">
        <ele>383.485867</ele>
        <time>2026-04-27T20:03:38.685Z</time>
      </trkpt>
      <trkpt lat="50.778541" lon="13.047216">
        <ele>382.514890</ele>
        <time>2026-04-27T20:03:41.001Z</time>
      </trkpt>
      <trkpt lat="50.778639" lon="13.047524">
        <ele>381.644808</ele>
        <time>2026-04-27T20:03:43.065Z</time>
      </trkpt>
      <trkpt lat="50.778763" lon="13.047743">
        <ele>380.902988</ele>
        <time>2026-04-27T20:03:44.809Z</time>
      </trkpt>
      <trkpt lat="50.779019" lon="13.047965">
        <ele>379.737827</ele>
        <time>2026-04-27T20:03:47.529Z</time>
      </trkpt>
      <trkpt lat="50.779118" lon="13.048117">
        <ele>379.187175</ele>
        <time>2026-04-27T20:03:48.822Z</time>
      </trkpt>
      <trkpt lat="50.779195" lon="13.048427">
        <ele>378.346717</ele>
        <time>2026-04-27T20:03:50.850Z</time>
      </trkpt>
      <trkpt lat="50.779135" lon="13.049187">
        <ele>377.383181</ele>
        <time>2026-04-27T20:03:56.162Z</time>
      </trkpt>
      <trkpt lat="50.779150" lon="13.049447">
        <ele>377.113558</ele>
        <time>2026-04-27T20:03:58.141Z</time>
      </trkpt>
      <trkpt lat="50.779350" lon="13.049836">
        <ele>376.595787</ele>
        <time>2026-04-27T20:04:02.019Z</time>
      </trkpt>
      <trkpt lat="50.779421" lon="13.049941">
        <ele>376.437025</ele>
        <time>2026-04-27T20:04:03.246Z</time>
      </trkpt>
      <trkpt lat="50.779520" lon="13.050059">
        <ele>376.234555</ele>
        <time>2026-04-27T20:04:04.754Z</time>
      </trkpt>
      <trkpt lat="50.779883" lon="13.050433">
        <ele>375.526973</ele>
        <time>2026-04-27T20:04:10.065Z</time>
      </trkpt>
      <trkpt lat="50.780084" lon="13.050569">
        <ele>375.169907</ele>
        <time>2026-04-27T20:04:12.993Z</time>
      </trkpt>
      <trkpt lat="50.780460" lon="13.050750">
        <ele>373.754005</ele>
        <time>2026-04-27T20:04:17.930Z</time>
      </trkpt>
      <trkpt lat="50.780582" lon="13.050790">
        <ele>373.283093</ele>
        <time>2026-04-27T20:04:19.213Z</time>
      </trkpt>
      <trkpt lat="50.780799" lon="13.050726">
        <ele>372.448788</ele>
        <time>2026-04-27T20:04:21.368Z</time>
      </trkpt>
      <trkpt lat="50.781284" lon="13.050502">
        <ele>370.539134</ele>
        <time>2026-04-27T20:04:26.065Z</time>
      </trkpt>
      <trkpt lat="50.782035" lon="13.050333">
        <ele>367.924387</ele>
        <time>2026-04-27T20:04:33.207Z</time>
      </trkpt>
      <trkpt lat="50.782335" lon="13.050353">
        <ele>367.232211</ele>
        <time>2026-04-27T20:04:36.090Z</time>
      </trkpt>
      <trkpt lat="50.783469" lon="13.050864">
        <ele>364.514080</ele>
        <time>2026-04-27T20:04:49.817Z</time>
      </trkpt>
      <trkpt lat="50.783675" lon="13.050856">
        <ele>364.109189</ele>
        <time>2026-04-27T20:04:52.514Z</time>
      </trkpt>
      <trkpt lat="50.784043" lon="13.050621">
        <ele>363.674705</ele>
        <time>2026-04-27T20:04:57.259Z</time>
      </trkpt>
      <trkpt lat="50.784251" lon="13.050552">
        <ele>363.442032</ele>
        <time>2026-04-27T20:04:59.896Z</time>
      </trkpt>
      <trkpt lat="50.784368" lon="13.050618">
        <ele>363.306038</ele>
        <time>2026-04-27T20:05:01.401Z</time>
      </trkpt>
      <trkpt lat="50.784623" lon="13.051144">
        <ele>362.847241</ele>
        <time>2026-04-27T20:05:06.776Z</time>
      </trkpt>
      <trkpt lat="50.784867" lon="13.051568">
        <ele>362.450391</ele>
        <time>2026-04-27T20:05:11.088Z</time>
      </trkpt>
      <trkpt lat="50.785021" lon="13.051686">
        <ele>362.263051</ele>
        <time>2026-04-27T20:05:12.950Z</time>
      </trkpt>
      <trkpt lat="50.785232" lon="13.051697">
        <ele>362.011384</ele>
        <time>2026-04-27T20:05:15.192Z</time>
      </trkpt>
      <trkpt lat="50.785842" lon="13.052157">
        <ele>361.182961</ele>
        <time>2026-04-27T20:05:23.927Z</time>
      </trkpt>
      <trkpt lat="50.786074" lon="13.052245">
        <ele>360.890494</ele>
        <time>2026-04-27T20:05:27.376Z</time>
      </trkpt>
      <trkpt lat="50.786317" lon="13.052269">
        <ele>360.592026</ele>
        <time>2026-04-27T20:05:30.646Z</time>
      </trkpt>
      <trkpt lat="50.787211" lon="13.052229">
        <ele>358.269743</ele>
        <time>2026-04-27T20:05:40.478Z</time>
      </trkpt>
      <trkpt lat="50.787803" lon="13.052242">
        <ele>355.774690</ele>
        <time>2026-04-27T20:05:46.210Z</time>
      </trkpt>
      <trkpt lat="50.788115" lon="13.052257">
        <ele>354.459249</ele>
        <time>2026-04-27T20:05:49.129Z</time>
      </trkpt>
      <trkpt lat="50.788407" lon="13.052349">
        <ele>353.204527</ele>
        <time>2026-04-27T20:05:51.861Z</time>
      </trkpt>
      <trkpt lat="50.789478" lon="13.052991">
        <ele>346.999629</ele>
        <time>2026-04-27T20:06:02.430Z</time>
      </trkpt>
      <trkpt lat="50.790000" lon="13.053345">
        <ele>343.789795</ele>
        <time>2026-04-27T20:06:07.690Z</time>
      </trkpt>
      <trkpt lat="50.790223" lon="13.053569">
        <ele>342.296856</ele>
        <time>2026-04-27T20:06:10.149Z</time>
      </trkpt>
      <trkpt lat="50.790630" lon="13.054056">
        <ele>340.484359</ele>
        <time>2026-04-27T20:06:14.924Z</time>
      </trkpt>
      <trkpt lat="50.790777" lon="13.054172">
        <ele>339.906182</ele>
        <time>2026-04-27T20:06:16.442Z</time>
      </trkpt>
      <trkpt lat="50.791058" lon="13.054318">
        <ele>338.865205</ele>
        <time>2026-04-27T20:06:19.312Z</time>
      </trkpt>
      <trkpt lat="50.791196" lon="13.054398">
        <ele>338.347918</ele>
        <time>2026-04-27T20:06:20.810Z</time>
      </trkpt>
      <trkpt lat="50.791269" lon="13.054473">
        <ele>338.041558</ele>
        <time>2026-04-27T20:06:21.703Z</time>
      </trkpt>
      <trkpt lat="50.791368" lon="13.054664">
        <ele>337.492020</ele>
        <time>2026-04-27T20:06:23.340Z</time>
      </trkpt>
      <trkpt lat="50.791475" lon="13.055171">
        <ele>336.302804</ele>
        <time>2026-04-27T20:06:27.072Z</time>
      </trkpt>
      <trkpt lat="50.791519" lon="13.055287">
        <ele>336.001822</ele>
        <time>2026-04-27T20:06:28.039Z</time>
      </trkpt>
      <trkpt lat="50.791657" lon="13.055540">
        <ele>335.868460</ele>
        <time>2026-04-27T20:06:30.901Z</time>
      </trkpt>
      <trkpt lat="50.791785" lon="13.055711">
        <ele>335.820096</ele>
        <time>2026-04-27T20:06:33.465Z</time>
      </trkpt>
      <trkpt lat="50.791975" lon="13.055893">
        <ele>335.755977</ele>
        <time>2026-04-27T20:06:36.710Z</time>
      </trkpt>
      <trkpt lat="50.792400" lon="13.056127">
        <ele>335.626073</ele>
        <time>2026-04-27T20:06:44.886Z</time>
      </trkpt>
      <trkpt lat="50.792811" lon="13.056264">
        <ele>335.504823</ele>
        <time>2026-04-27T20:06:52.110Z</time>
      </trkpt>
      <trkpt lat="50.793758" lon="13.056382">
        <ele>333.828279</ele>
        <time>2026-04-27T20:07:03.419Z</time>
      </trkpt>
      <trkpt lat="50.794156" lon="13.056465">
        <ele>332.773844</ele>
        <time>2026-04-27T20:07:07.498Z</time>
      </trkpt>
      <trkpt lat="50.794620" lon="13.056657">
        <ele>331.514097</ele>
        <time>2026-04-27T20:07:12.177Z</time>
      </trkpt>
      <trkpt lat="50.795571" lon="13.057223">
        <ele>329.663245</ele>
        <time>2026-04-27T20:07:22.355Z</time>
      </trkpt>
      <trkpt lat="50.795861" lon="13.057358">
        <ele>329.223340</ele>
        <time>2026-04-27T20:07:26.123Z</time>
      </trkpt>
      <trkpt lat="50.796232" lon="13.057416">
        <ele>328.680822</ele>
        <time>2026-04-27T20:07:31.437Z</time>
      </trkpt>
      <trkpt lat="50.796431" lon="13.057447">
        <ele>328.389831</ele>
        <time>2026-04-27T20:07:34.725Z</time>
      </trkpt>
      <trkpt lat="50.796621" lon="13.057477">
        <ele>328.111965</ele>
        <time>2026-04-27T20:07:38.187Z</time>
      </trkpt>
      <trkpt lat="50.796781" lon="13.057553">
        <ele>327.890629</ele>
        <time>2026-04-27T20:07:41.210Z</time>
      </trkpt>
      <trkpt lat="50.797522" lon="13.058062">
        <ele>326.847557</ele>
        <time>2026-04-27T20:07:52.458Z</time>
      </trkpt>
      <trkpt lat="50.798270" lon="13.058433">
        <ele>325.835388</ele>
        <time>2026-04-27T20:08:00.720Z</time>
      </trkpt>
      <trkpt lat="50.800016" lon="13.059742">
        <ele>319.774722</ele>
        <time>2026-04-27T20:08:20.463Z</time>
      </trkpt>
      <trkpt lat="50.800073" lon="13.059824">
        <ele>319.482537</ele>
        <time>2026-04-27T20:08:21.197Z</time>
      </trkpt>
      <trkpt lat="50.800166" lon="13.059965">
        <ele>318.994020</ele>
        <time>2026-04-27T20:08:22.432Z</time>
      </trkpt>
      <trkpt lat="50.800311" lon="13.060299">
        <ele>318.022713</ele>
        <time>2026-04-27T20:08:24.861Z</time>
      </trkpt>
      <trkpt lat="50.800449" lon="13.060747">
        <ele>316.828066</ele>
        <time>2026-04-27T20:08:27.853Z</time>
      </trkpt>
      <trkpt lat="50.800537" lon="13.061221">
        <ele>315.643849</ele>
        <time>2026-04-27T20:08:30.817Z</time>
      </trkpt>
      <trkpt lat="50.800641" lon="13.062676">
        <ele>312.755536</ele>
        <time>2026-04-27T20:08:40.154Z</time>
      </trkpt>
      <trkpt lat="50.800761" lon="13.063960">
        <ele>311.497162</ele>
        <time>2026-04-27T20:08:50.544Z</time>
      </trkpt>
      <trkpt lat="50.800787" lon="13.064235">
        <ele>311.227583</ele>
        <time>2026-04-27T20:08:52.817Z</time>
      </trkpt>
      <trkpt lat="50.801371" lon="13.068124">
        <ele>307.612937</ele>
        <time>2026-04-27T20:09:22.049Z</time>
      </trkpt>
      <trkpt lat="50.801898" lon="13.069847">
        <ele>305.747602</ele>
        <time>2026-04-27T20:09:36.588Z</time>
      </trkpt>
      <trkpt lat="50.802318" lon="13.070678">
        <ele>304.592506</ele>
        <time>2026-04-27T20:09:43.766Z</time>
      </trkpt>
      <trkpt lat="50.802420" lon="13.070973">
        <ele>304.176357</ele>
        <time>2026-04-27T20:09:45.983Z</time>
      </trkpt>
      <trkpt lat="50.802601" lon="13.071698">
        <ele>303.211654</ele>
        <time>2026-04-27T20:09:51.098Z</time>
      </trkpt>
      <trkpt lat="50.802652" lon="13.071842">
        <ele>303.007371</ele>
        <time>2026-04-27T20:09:52.172Z</time>
      </trkpt>
      <trkpt lat="50.802828" lon="13.072224">
        <ele>302.422334</ele>
        <time>2026-04-27T20:09:55.340Z</time>
      </trkpt>
      <trkpt lat="50.803380" lon="13.073119">
        <ele>301.745569</ele>
        <time>2026-04-27T20:10:05.419Z</time>
      </trkpt>
      <trkpt lat="50.803651" lon="13.073339">
        <ele>301.840078</ele>
        <time>2026-04-27T20:10:11.649Z</time>
      </trkpt>
      <trkpt lat="50.804085" lon="13.073530">
        <ele>301.979854</ele>
        <time>2026-04-27T20:10:20.932Z</time>
      </trkpt>
      <trkpt lat="50.804357" lon="13.073605">
        <ele>302.065524</ele>
        <time>2026-04-27T20:10:26.236Z</time>
      </trkpt>
      <trkpt lat="50.804697" lon="13.073598">
        <ele>302.171031</ele>
        <time>2026-04-27T20:10:32.093Z</time>
      </trkpt>
      <trkpt lat="50.804996" lon="13.073526">
        <ele>301.578023</ele>
        <time>2026-04-27T20:10:36.208Z</time>
      </trkpt>
      <trkpt lat="50.805644" lon="13.073573">
        <ele>300.058286</ele>
        <time>2026-04-27T20:10:43.384Z</time>
      </trkpt>
      <trkpt lat="50.805822" lon="13.073550">
        <ele>299.639877</ele>
        <time>2026-04-27T20:10:45.205Z</time>
      </trkpt>
      <trkpt lat="50.806041" lon="13.073522">
        <ele>299.125129</ele>
        <time>2026-04-27T20:10:47.389Z</time>
      </trkpt>
      <trkpt lat="50.806759" lon="13.073160">
        <ele>297.174534</ele>
        <time>2026-04-27T20:10:54.766Z</time>
      </trkpt>
      <trkpt lat="50.807176" lon="13.073213">
        <ele>295.897450</ele>
        <time>2026-04-27T20:10:58.845Z</time>
      </trkpt>
      <trkpt lat="50.807212" lon="13.073194">
        <ele>295.781601</ele>
        <time>2026-04-27T20:10:59.218Z</time>
      </trkpt>
      <trkpt lat="50.807194" lon="13.073336">
        <ele>295.502211</ele>
        <time>2026-04-27T20:11:00.105Z</time>
      </trkpt>
      <trkpt lat="50.807105" lon="13.073606">
        <ele>294.914748</ele>
        <time>2026-04-27T20:11:01.991Z</time>
      </trkpt>
      <trkpt lat="50.806737" lon="13.075001">
        <ele>292.889400</ele>
        <time>2026-04-27T20:11:12.146Z</time>
      </trkpt>
      <trkpt lat="50.806729" lon="13.075064">
        <ele>292.994858</ele>
        <time>2026-04-27T20:11:12.687Z</time>
      </trkpt>
      <trkpt lat="50.806710" lon="13.075172">
        <ele>293.178842</ele>
        <time>2026-04-27T20:11:13.631Z</time>
      </trkpt>
      <trkpt lat="50.806694" lon="13.075221">
        <ele>293.269358</ele>
        <time>2026-04-27T20:11:14.082Z</time>
      </trkpt>
      <trkpt lat="50.806586" lon="13.075285">
        <ele>293.568855</ele>
        <time>2026-04-27T20:11:15.731Z</time>
      </trkpt>
      <trkpt lat="50.806232" lon="13.075368">
        <ele>294.498228</ele>
        <time>2026-04-27T20:11:22.279Z</time>
      </trkpt>
      <trkpt lat="50.806053" lon="13.075466">
        <ele>294.990127</ele>
        <time>2026-04-27T20:11:26.812Z</time>
      </trkpt>
      <trkpt lat="50.805871" lon="13.075621">
        <ele>295.526887</ele>
        <time>2026-04-27T20:11:33.248Z</time>
      </trkpt>
      <trkpt lat="50.805599" lon="13.075953">
        <ele>296.418997</ele>
        <time>2026-04-27T20:11:45.789Z</time>
      </trkpt>
      <trkpt lat="50.805428" lon="13.076077">
        <ele>296.907492</ele>
        <time>2026-04-27T20:11:53.095Z</time>
      </trkpt>
      <trkpt lat="50.805085" lon="13.076180">
        <ele>299.193643</ele>
        <time>2026-04-27T20:12:07.417Z</time>
      </trkpt>
      <trkpt lat="50.804883" lon="13.076188">
        <ele>300.809942</ele>
        <time>2026-04-27T20:12:16.246Z</time>
      </trkpt>
      <trkpt lat="50.803859" lon="13.075767">
        <ele>309.272855</ele>
        <time>2026-04-27T20:13:08.240Z</time>
      </trkpt>
      <trkpt lat="50.802160" lon="13.075193">
        <ele>322.269331</ele>
        <time>2026-04-27T20:14:35.993Z</time>
      </trkpt>
      <trkpt lat="50.801647" lon="13.075030">
        <ele>324.037005</ele>
        <time>2026-04-27T20:14:53.337Z</time>
      </trkpt>
      <trkpt lat="50.801454" lon="13.075001">
        <ele>323.195944</ele>
        <time>2026-04-27T20:14:56.901Z</time>
      </trkpt>
      <trkpt lat="50.801048" lon="13.075063">
        <ele>321.426406</ele>
        <time>2026-04-27T20:15:01.312Z</time>
      </trkpt>
      <trkpt lat="50.800210" lon="13.075217">
        <ele>317.766462</ele>
        <time>2026-04-27T20:15:08.781Z</time>
      </trkpt>
      <trkpt lat="50.799732" lon="13.075354">
        <ele>314.392857</ele>
        <time>2026-04-27T20:15:12.901Z</time>
      </trkpt>
      <trkpt lat="50.799597" lon="13.075339">
        <ele>313.255139</ele>
        <time>2026-04-27T20:15:14.052Z</time>
      </trkpt>
      <trkpt lat="50.798450" lon="13.075044">
        <ele>303.485928</ele>
        <time>2026-04-27T20:15:24.190Z</time>
      </trkpt>
      <trkpt lat="50.797768" lon="13.074558">
        <ele>300.388009</ele>
        <time>2026-04-27T20:15:31.435Z</time>
      </trkpt>
      <trkpt lat="50.797503" lon="13.074219">
        <ele>299.471687</ele>
        <time>2026-04-27T20:15:35.192Z</time>
      </trkpt>
      <trkpt lat="50.796670" lon="13.072840">
        <ele>296.905920</ele>
        <time>2026-04-27T20:15:49.509Z</time>
      </trkpt>
      <trkpt lat="50.796580" lon="13.072798">
        <ele>296.861103</ele>
        <time>2026-04-27T20:15:50.590Z</time>
      </trkpt>
      <trkpt lat="50.796456" lon="13.072808">
        <ele>296.801801</ele>
        <time>2026-04-27T20:15:52.085Z</time>
      </trkpt>
      <trkpt lat="50.796339" lon="13.072882">
        <ele>296.741619</ele>
        <time>2026-04-27T20:15:53.667Z</time>
      </trkpt>
      <trkpt lat="50.796241" lon="13.072996">
        <ele>296.683521</ele>
        <time>2026-04-27T20:15:55.192Z</time>
      </trkpt>
      <trkpt lat="50.796008" lon="13.073427">
        <ele>296.512305</ele>
        <time>2026-04-27T20:16:07.333Z</time>
      </trkpt>
      <trkpt lat="50.795942" lon="13.073554">
        <ele>296.462669</ele>
        <time>2026-04-27T20:16:08.812Z</time>
      </trkpt>
      <trkpt lat="50.796042" lon="13.073937">
        <ele>296.337567</ele>
        <time>2026-04-27T20:16:12.210Z</time>
      </trkpt>
      <trkpt lat="50.796386" lon="13.074686">
        <ele>297.245661</ele>
        <time>2026-04-27T20:16:22.366Z</time>
      </trkpt>
      <trkpt lat="50.796527" lon="13.074925">
        <ele>298.016380</ele>
        <time>2026-04-27T20:16:27.376Z</time>
      </trkpt>
      <trkpt lat="50.796649" lon="13.075108">
        <ele>298.643405</ele>
        <time>2026-04-27T20:16:31.708Z</time>
      </trkpt>
      <trkpt lat="50.796764" lon="13.075447">
        <ele>299.550400</ele>
        <time>2026-04-27T20:16:38.764Z</time>
      </trkpt>
      <trkpt lat="50.796824" lon="13.075814">
        <ele>300.444049</ele>
        <time>2026-04-27T20:16:46.555Z</time>
      </trkpt>
      <trkpt lat="50.796526" lon="13.076129">
        <ele>301.780744</ele>
        <time>2026-04-27T20:16:59.802Z</time>
      </trkpt>
      <trkpt lat="50.796389" lon="13.076320">
        <ele>302.461797</ele>
        <time>2026-04-27T20:17:06.886Z</time>
      </trkpt>
      <trkpt lat="50.796207" lon="13.076697">
        <ele>303.964753</ele>
        <time>2026-04-27T20:17:18.899Z</time>
      </trkpt>
      <trkpt lat="50.795853" lon="13.077125">
        <ele>306.567913</ele>
        <time>2026-04-27T20:17:37.534Z</time>
      </trkpt>
      <trkpt lat="50.795729" lon="13.077338">
        <ele>307.637350</ele>
        <time>2026-04-27T20:17:44.672Z</time>
      </trkpt>
      <trkpt lat="50.795282" lon="13.078375">
        <ele>312.272896</ele>
        <time>2026-04-27T20:18:15.016Z</time>
      </trkpt>
      <trkpt lat="50.795139" lon="13.078898">
        <ele>314.159751</ele>
        <time>2026-04-27T20:18:27.654Z</time>
      </trkpt>
      <trkpt lat="50.794826" lon="13.079582">
        <ele>316.576585</ele>
        <time>2026-04-27T20:18:45.312Z</time>
      </trkpt>
      <trkpt lat="50.794733" lon="13.080085">
        <ele>318.076551</ele>
        <time>2026-04-27T20:18:56.055Z</time>
      </trkpt>
      <trkpt lat="50.794605" lon="13.080461">
        <ele>319.298854</ele>
        <time>2026-04-27T20:19:05.121Z</time>
      </trkpt>
      <trkpt lat="50.794440" lon="13.080840">
        <ele>320.615991</ele>
        <time>2026-04-27T20:19:14.736Z</time>
      </trkpt>
      <trkpt lat="50.794279" lon="13.081136">
        <ele>321.685243</ele>
        <time>2026-04-27T20:19:22.254Z</time>
      </trkpt>
      <trkpt lat="50.794081" lon="13.081404">
        <ele>322.546436</ele>
        <time>2026-04-27T20:19:29.891Z</time>
      </trkpt>
      <trkpt lat="50.793644" lon="13.081824">
        <ele>324.236314</ele>
        <time>2026-04-27T20:19:44.572Z</time>
      </trkpt>
      <trkpt lat="50.793240" lon="13.082385">
        <ele>326.012897</ele>
        <time>2026-04-27T20:19:59.618Z</time>
      </trkpt>
      <trkpt lat="50.793156" lon="13.082584">
        <ele>326.512798</ele>
        <time>2026-04-27T20:20:03.225Z</time>
      </trkpt>
      <trkpt lat="50.792903" lon="13.083428">
        <ele>328.641644</ele>
        <time>2026-04-27T20:20:18.121Z</time>
      </trkpt>
      <trkpt lat="50.792896" lon="13.083905">
        <ele>329.821604</ele>
        <time>2026-04-27T20:20:26.419Z</time>
      </trkpt>
      <trkpt lat="50.792944" lon="13.084279">
        <ele>330.765393</ele>
        <time>2026-04-27T20:20:33.225Z</time>
      </trkpt>
      <trkpt lat="50.792982" lon="13.084882">
        <ele>332.264029</ele>
        <time>2026-04-27T20:20:45.174Z</time>
      </trkpt>
      <trkpt lat="50.792946" lon="13.085108">
        <ele>332.840409</ele>
        <time>2026-04-27T20:20:50.052Z</time>
      </trkpt>
      <trkpt lat="50.792695" lon="13.086189">
        <ele>336.005546</ele>
        <time>2026-04-27T20:21:16.146Z</time>
      </trkpt>
      <trkpt lat="50.792563" lon="13.086637">
        <ele>337.564161</ele>
        <time>2026-04-27T20:21:27.365Z</time>
      </trkpt>
      <trkpt lat="50.792511" lon="13.086820">
        <ele>338.196843</ele>
        <time>2026-04-27T20:21:31.799Z</time>
      </trkpt>
      <trkpt lat="50.792390" lon="13.087150">
        <ele>339.399833</ele>
        <time>2026-04-27T20:21:39.899Z</time>
      </trkpt>
      <trkpt lat="50.792183" lon="13.087447">
        <ele>340.793888</ele>
        <time>2026-04-27T20:21:49.266Z</time>
      </trkpt>
      <trkpt lat="50.792054" lon="13.087715">
        <ele>341.856102</ele>
        <time>2026-04-27T20:21:56.470Z</time>
      </trkpt>
      <trkpt lat="50.791828" lon="13.088541">
        <ele>344.925395</ele>
        <time>2026-04-27T20:22:15.965Z</time>
      </trkpt>
      <trkpt lat="50.791820" lon="13.088734">
        <ele>345.654108</ele>
        <time>2026-04-27T20:22:20.361Z</time>
      </trkpt>
      <trkpt lat="50.791849" lon="13.089278">
        <ele>347.710971</ele>
        <time>2026-04-27T20:22:33.689Z</time>
      </trkpt>
      <trkpt lat="50.792032" lon="13.091312">
        <ele>355.730550</ele>
        <time>2026-04-27T20:23:26.294Z</time>
      </trkpt>
      <trkpt lat="50.791994" lon="13.091661">
        <ele>357.369094</ele>
        <time>2026-04-27T20:23:35.537Z</time>
      </trkpt>
      <trkpt lat="50.791993" lon="13.091668">
        <ele>357.402298</ele>
        <time>2026-04-27T20:23:35.725Z</time>
      </trkpt>
      <trkpt lat="50.791935" lon="13.091809">
        <ele>358.180645</ele>
        <time>2026-04-27T20:23:40.105Z</time>
      </trkpt>
      <trkpt lat="50.791684" lon="13.092074">
        <ele>360.389379</ele>
        <time>2026-04-27T20:23:52.894Z</time>
      </trkpt>
      <trkpt lat="50.791578" lon="13.092344">
        <ele>361.859951</ele>
        <time>2026-04-27T20:24:01.641Z</time>
      </trkpt>
      <trkpt lat="50.791567" lon="13.092600">
        <ele>363.047164</ele>
        <time>2026-04-27T20:24:08.720Z</time>
      </trkpt>
      <trkpt lat="50.791612" lon="13.093282">
        <ele>366.219836</ele>
        <time>2026-04-27T20:24:28.407Z</time>
      </trkpt>
      <trkpt lat="50.791597" lon="13.093522">
        <ele>367.335699</ele>
        <time>2026-04-27T20:24:36.019Z</time>
      </trkpt>
      <trkpt lat="50.791518" lon="13.093736">
        <ele>368.738727</ele>
        <time>2026-04-27T20:24:43.998Z</time>
      </trkpt>
      <trkpt lat="50.791321" lon="13.094006">
        <ele>371.095579</ele>
        <time>2026-04-27T20:24:57.504Z</time>
      </trkpt>
      <trkpt lat="50.791197" lon="13.094075">
        <ele>372.284141</ele>
        <time>2026-04-27T20:25:04.297Z</time>
      </trkpt>
      <trkpt lat="50.791079" lon="13.094068">
        <ele>373.351856</ele>
        <time>2026-04-27T20:25:10.475Z</time>
      </trkpt>
      <trkpt lat="50.790941" lon="13.093958">
        <ele>374.749123</ele>
        <time>2026-04-27T20:25:18.513Z</time>
      </trkpt>
      <trkpt lat="50.790616" lon="13.093535">
        <ele>378.554628</ele>
        <time>2026-04-27T20:25:40.225Z</time>
      </trkpt>
      <trkpt lat="50.790493" lon="13.093458">
        <ele>379.750727</ele>
        <time>2026-04-27T20:25:47.004Z</time>
      </trkpt>
      <trkpt lat="50.789107" lon="13.093032">
        <ele>392.640110</ele>
        <time>2026-04-27T20:27:00.639Z</time>
      </trkpt>
      <trkpt lat="50.788984" lon="13.093057">
        <ele>393.776954</ele>
        <time>2026-04-27T20:27:07.243Z</time>
      </trkpt>
      <trkpt lat="50.788801" lon="13.093241">
        <ele>395.764785</ele>
        <time>2026-04-27T20:27:18.980Z</time>
      </trkpt>
      <trkpt lat="50.788568" lon="13.094209">
        <ele>401.002313</ele>
        <time>2026-04-27T20:27:53.205Z</time>
      </trkpt>
      <trkpt lat="50.788372" lon="13.095059">
        <ele>403.772680</ele>
        <time>2026-04-27T20:28:17.386Z</time>
      </trkpt>
      <trkpt lat="50.788750" lon="13.095538">
        <ele>406.118520</ele>
        <time>2026-04-27T20:28:32.580Z</time>
      </trkpt>
      <trkpt lat="50.788766" lon="13.095561">
        <ele>406.223234</ele>
        <time>2026-04-27T20:28:33.129Z</time>
      </trkpt>
      <trkpt lat="50.788806" lon="13.095608">
        <ele>406.464571</ele>
        <time>2026-04-27T20:28:34.337Z</time>
      </trkpt>
      <trkpt lat="50.789508" lon="13.096648">
        <ele>409.959860</ele>
        <time>2026-04-27T20:28:54.271Z</time>
      </trkpt>
      <trkpt lat="50.789560" lon="13.096798">
        <ele>410.214840</ele>
        <time>2026-04-27T20:28:56.021Z</time>
      </trkpt>
      <trkpt lat="50.789601" lon="13.096963">
        <ele>410.479084</ele>
        <time>2026-04-27T20:28:58.036Z</time>
      </trkpt>
      <trkpt lat="50.789722" lon="13.098642">
        <ele>412.997792</ele>
        <time>2026-04-27T20:29:24.345Z</time>
      </trkpt>
      <trkpt lat="50.789814" lon="13.099282">
        <ele>414.861260</ele>
        <time>2026-04-27T20:29:38.169Z</time>
      </trkpt>
      <trkpt lat="50.789940" lon="13.099893">
        <ele>416.784144</ele>
        <time>2026-04-27T20:29:53.036Z</time>
      </trkpt>
      <trkpt lat="50.790119" lon="13.100576">
        <ele>418.996282</ele>
        <time>2026-04-27T20:30:10.866Z</time>
      </trkpt>
      <trkpt lat="50.790170" lon="13.100942">
        <ele>420.117613</ele>
        <time>2026-04-27T20:30:19.871Z</time>
      </trkpt>
      <trkpt lat="50.790184" lon="13.101314">
        <ele>421.232579</ele>
        <time>2026-04-27T20:30:28.646Z</time>
      </trkpt>
      <trkpt lat="50.790162" lon="13.101633">
        <ele>421.647997</ele>
        <time>2026-04-27T20:30:35.526Z</time>
      </trkpt>
      <trkpt lat="50.789977" lon="13.102996">
        <ele>421.919962</ele>
        <time>2026-04-27T20:30:54.621Z</time>
      </trkpt>
      <trkpt lat="50.789939" lon="13.103723">
        <ele>422.062276</ele>
        <time>2026-04-27T20:30:59.578Z</time>
      </trkpt>
      <trkpt lat="50.789987" lon="13.104028">
        <ele>422.123594</ele>
        <time>2026-04-27T20:31:01.606Z</time>
      </trkpt>
      <trkpt lat="50.790280" lon="13.104930">
        <ele>421.584602</ele>
        <time>2026-04-27T20:31:08.001Z</time>
      </trkpt>
      <trkpt lat="50.790531" lon="13.105688">
        <ele>420.964879</ele>
        <time>2026-04-27T20:31:13.748Z</time>
      </trkpt>
      <trkpt lat="50.790747" lon="13.106435">
        <ele>420.369970</ele>
        <time>2026-04-27T20:31:21.651Z</time>
      </trkpt>
      <trkpt lat="50.790823" lon="13.106798">
        <ele>420.119696</ele>
        <time>2026-04-27T20:31:27.156Z</time>
      </trkpt>
      <trkpt lat="50.790937" lon="13.108502">
        <ele>421.774611</ele>
        <time>2026-04-27T20:31:55.013Z</time>
      </trkpt>
      <trkpt lat="50.790998" lon="13.109082">
        <ele>422.342474</ele>
        <time>2026-04-27T20:32:03.909Z</time>
      </trkpt>
      <trkpt lat="50.791357" lon="13.110380">
        <ele>421.501062</ele>
        <time>2026-04-27T20:32:15.083Z</time>
      </trkpt>
      <trkpt lat="50.791886" lon="13.110247">
        <ele>420.212743</ele>
        <time>2026-04-27T20:32:20.504Z</time>
      </trkpt>
      <trkpt lat="50.792353" lon="13.110042">
        <ele>419.047074</ele>
        <time>2026-04-27T20:32:25.271Z</time>
      </trkpt>
      <trkpt lat="50.792797" lon="13.109744">
        <ele>418.307694</ele>
        <time>2026-04-27T20:32:30.037Z</time>
      </trkpt>
      <trkpt lat="50.793088" lon="13.109493">
        <ele>418.035063</ele>
        <time>2026-04-27T20:32:33.598Z</time>
      </trkpt>
      <trkpt lat="50.793739" lon="13.108809">
        <ele>417.392236</ele>
        <time>2026-04-27T20:32:43.639Z</time>
      </trkpt>
      <trkpt lat="50.794602" lon="13.107822">
        <ele>419.390263</ele>
        <time>2026-04-27T20:33:07.174Z</time>
      </trkpt>
      <trkpt lat="50.795189" lon="13.107229">
        <ele>421.920679</ele>
        <time>2026-04-27T20:33:29.225Z</time>
      </trkpt>
      <trkpt lat="50.795776" lon="13.106817">
        <ele>424.590339</ele>
        <time>2026-04-27T20:33:52.990Z</time>
      </trkpt>
      <trkpt lat="50.796495" lon="13.106497">
        <ele>428.662608</ele>
        <time>2026-04-27T20:34:21.692Z</time>
      </trkpt>
      <trkpt lat="50.796998" lon="13.106340">
        <ele>431.457909</ele>
        <time>2026-04-27T20:34:40.629Z</time>
      </trkpt>
      <trkpt lat="50.797186" lon="13.106313">
        <ele>432.487131</ele>
        <time>2026-04-27T20:34:47.549Z</time>
      </trkpt>
      <trkpt lat="50.797865" lon="13.106305">
        <ele>435.309699</ele>
        <time>2026-04-27T20:35:10.669Z</time>
      </trkpt>
      <trkpt lat="50.798112" lon="13.106257">
        <ele>436.240458</ele>
        <time>2026-04-27T20:35:18.401Z</time>
      </trkpt>
      <trkpt lat="50.798307" lon="13.106137">
        <ele>437.023014</ele>
        <time>2026-04-27T20:35:24.529Z</time>
      </trkpt>
      <trkpt lat="50.799930" lon="13.104834">
        <ele>442.696899</ele>
        <time>2026-04-27T20:36:11.906Z</time>
      </trkpt>
      <trkpt lat="50.800603" lon="13.104418">
        <ele>444.574933</ele>
        <time>2026-04-27T20:36:29.608Z</time>
      </trkpt>
      <trkpt lat="50.801741" lon="13.103832">
        <ele>447.404965</ele>
        <time>2026-04-27T20:36:58.473Z</time>
      </trkpt>
      <trkpt lat="50.802337" lon="13.103607">
        <ele>448.843229</ele>
        <time>2026-04-27T20:37:13.511Z</time>
      </trkpt>
      <trkpt lat="50.802641" lon="13.103535">
        <ele>449.428483</ele>
        <time>2026-04-27T20:37:20.963Z</time>
      </trkpt>
      <trkpt lat="50.803301" lon="13.103423">
        <ele>450.602154</ele>
        <time>2026-04-27T20:37:36.240Z</time>
      </trkpt>
      <trkpt lat="50.803896" lon="13.103350">
        <ele>451.657360</ele>
        <time>2026-04-27T20:37:48.828Z</time>
      </trkpt>
      <trkpt lat="50.805253" lon="13.103139">
        <ele>453.907106</ele>
        <time>2026-04-27T20:38:14.919Z</time>
      </trkpt>
      <trkpt lat="50.805579" lon="13.103083">
        <ele>454.437081</ele>
        <time>2026-04-27T20:38:22.197Z</time>
      </trkpt>
      <trkpt lat="50.805995" lon="13.102980">
        <ele>455.120475</ele>
        <time>2026-04-27T20:38:32.598Z</time>
      </trkpt>
      <trkpt lat="50.806654" lon="13.102684">
        <ele>456.405162</ele>
        <time>2026-04-27T20:38:50.164Z</time>
      </trkpt>
      <trkpt lat="50.806843" lon="13.102586">
        <ele>456.778149</ele>
        <time>2026-04-27T20:38:55.223Z</time>
      </trkpt>
      <trkpt lat="50.807294" lon="13.102303">
        <ele>457.688008</ele>
        <time>2026-04-27T20:39:05.993Z</time>
      </trkpt>
      <trkpt lat="50.807712" lon="13.101911">
        <ele>458.494889</ele>
        <time>2026-04-27T20:39:15.123Z</time>
      </trkpt>
      <trkpt lat="50.807983" lon="13.101651">
        <ele>458.598838</ele>
        <time>2026-04-27T20:39:20.100Z</time>
      </trkpt>
      <trkpt lat="50.808195" lon="13.101445">
        <ele>458.680437</ele>
        <time>2026-04-27T20:39:23.626Z</time>
      </trkpt>
      <trkpt lat="50.808236" lon="13.101409">
        <ele>458.695817</ele>
        <time>2026-04-27T20:39:24.299Z</time>
      </trkpt>
      <trkpt lat="50.808413" lon="13.101276">
        <ele>458.760085</ele>
        <time>2026-04-27T20:39:26.940Z</time>
      </trkpt>
      <trkpt lat="50.808941" lon="13.100938">
        <ele>458.946903</ele>
        <time>2026-04-27T20:39:34.919Z</time>
      </trkpt>
      <trkpt lat="50.809108" lon="13.100872">
        <ele>459.003362</ele>
        <time>2026-04-27T20:39:37.674Z</time>
      </trkpt>
      <trkpt lat="50.809344" lon="13.100865">
        <ele>459.136693</ele>
        <time>2026-04-27T20:39:41.894Z</time>
      </trkpt>
      <trkpt lat="50.809503" lon="13.100909">
        <ele>459.353595</ele>
        <time>2026-04-27T20:39:45.083Z</time>
      </trkpt>
      <trkpt lat="50.809625" lon="13.100971">
        <ele>459.525782</ele>
        <time>2026-04-27T20:39:47.759Z</time>
      </trkpt>
      <trkpt lat="50.810100" lon="13.101233">
        <ele>460.201736</ele>
        <time>2026-04-27T20:39:59.585Z</time>
      </trkpt>
      <trkpt lat="50.810133" lon="13.101256">
        <ele>460.250191</ele>
        <time>2026-04-27T20:40:00.404Z</time>
      </trkpt>
      <trkpt lat="50.810352" lon="13.101376">
        <ele>460.561619</ele>
        <time>2026-04-27T20:40:05.840Z</time>
      </trkpt>
      <trkpt lat="50.810618" lon="13.101522">
        <ele>460.939952</ele>
        <time>2026-04-27T20:40:12.325Z</time>
      </trkpt>
      <trkpt lat="50.810882" lon="13.101688">
        <ele>461.321686</ele>
        <time>2026-04-27T20:40:18.330Z</time>
      </trkpt>
      <trkpt lat="50.810944" lon="13.101720">
        <ele>461.409319</ele>
        <time>2026-04-27T20:40:19.524Z</time>
      </trkpt>
      <trkpt lat="50.811774" lon="13.102161">
        <ele>460.791555</ele>
        <time>2026-04-27T20:40:31.187Z</time>
      </trkpt>
      <trkpt lat="50.811933" lon="13.102257">
        <ele>460.649286</ele>
        <time>2026-04-27T20:40:33.348Z</time>
      </trkpt>
      <trkpt lat="50.812225" lon="13.102479">
        <ele>460.378466</ele>
        <time>2026-04-27T20:40:37.064Z</time>
      </trkpt>
      <trkpt lat="50.812482" lon="13.102609">
        <ele>460.152905</ele>
        <time>2026-04-27T20:40:40.093Z</time>
      </trkpt>
      <trkpt lat="50.812842" lon="13.102655">
        <ele>459.662720</ele>
        <time>2026-04-27T20:40:44.052Z</time>
      </trkpt>
      <trkpt lat="50.813924" lon="13.102768">
        <ele>457.391791</ele>
        <time>2026-04-27T20:40:56.164Z</time>
      </trkpt>
      <trkpt lat="50.815498" lon="13.102942">
        <ele>453.848402</ele>
        <time>2026-04-27T20:41:12.685Z</time>
      </trkpt>
      <trkpt lat="50.815661" lon="13.102932">
        <ele>453.468303</ele>
        <time>2026-04-27T20:41:14.513Z</time>
      </trkpt>
      <trkpt lat="50.816056" lon="13.102828">
        <ele>452.535247</ele>
        <time>2026-04-27T20:41:18.991Z</time>
      </trkpt>
      <trkpt lat="50.816187" lon="13.102774">
        <ele>452.219816</ele>
        <time>2026-04-27T20:41:20.498Z</time>
      </trkpt>
      <trkpt lat="50.816449" lon="13.102594">
        <ele>451.431933</ele>
        <time>2026-04-27T20:41:23.664Z</time>
      </trkpt>
      <trkpt lat="50.817330" lon="13.101667">
        <ele>448.316548</ele>
        <time>2026-04-27T20:41:34.560Z</time>
      </trkpt>
      <trkpt lat="50.817396" lon="13.101606">
        <ele>448.091479</ele>
        <time>2026-04-27T20:41:35.299Z</time>
      </trkpt>
      <trkpt lat="50.817534" lon="13.101501">
        <ele>447.640575</ele>
        <time>2026-04-27T20:41:36.825Z</time>
      </trkpt>
      <trkpt lat="50.818162" lon="13.101320">
        <ele>445.055143</ele>
        <time>2026-04-27T20:41:43.274Z</time>
      </trkpt>
      <trkpt lat="50.818547" lon="13.101203">
        <ele>443.052565</ele>
        <time>2026-04-27T20:41:47.072Z</time>
      </trkpt>
      <trkpt lat="50.818519" lon="13.100931">
        <ele>442.163175</ele>
        <time>2026-04-27T20:41:48.728Z</time>
      </trkpt>
      <trkpt lat="50.818617" lon="13.100344">
        <ele>440.203751</ele>
        <time>2026-04-27T20:41:52.320Z</time>
      </trkpt>
      <trkpt lat="50.818637" lon="13.099951">
        <ele>438.931335</ele>
        <time>2026-04-27T20:41:54.603Z</time>
      </trkpt>
      <trkpt lat="50.818630" lon="13.099839">
        <ele>438.568119</ele>
        <time>2026-04-27T20:41:55.251Z</time>
      </trkpt>
      <trkpt lat="50.818546" lon="13.099013">
        <ele>434.439852</ele>
        <time>2026-04-27T20:41:59.985Z</time>
      </trkpt>
      <trkpt lat="50.818587" lon="13.098743">
        <ele>432.775139</ele>
        <time>2026-04-27T20:42:01.521Z</time>
      </trkpt>
      <trkpt lat="50.818633" lon="13.098616">
        <ele>431.897545</ele>
        <time>2026-04-27T20:42:02.320Z</time>
      </trkpt>
      <trkpt lat="50.818716" lon="13.098504">
        <ele>430.862612</ele>
        <time>2026-04-27T20:42:03.269Z</time>
      </trkpt>
      <trkpt lat="50.818788" lon="13.098439">
        <ele>430.076101</ele>
        <time>2026-04-27T20:42:03.986Z</time>
      </trkpt>
      <trkpt lat="50.819031" lon="13.098358">
        <ele>427.719728</ele>
        <time>2026-04-27T20:42:06.123Z</time>
      </trkpt>
      <trkpt lat="50.819183" lon="13.098269">
        <ele>426.181899</ele>
        <time>2026-04-27T20:42:07.516Z</time>
      </trkpt>
      <trkpt lat="50.819259" lon="13.098165">
        <ele>425.228608</ele>
        <time>2026-04-27T20:42:08.368Z</time>
      </trkpt>
      <trkpt lat="50.819309" lon="13.097994">
        <ele>424.099033</ele>
        <time>2026-04-27T20:42:09.384Z</time>
      </trkpt>
      <trkpt lat="50.819305" lon="13.097763">
        <ele>422.713721</ele>
        <time>2026-04-27T20:42:10.626Z</time>
      </trkpt>
      <trkpt lat="50.819250" lon="13.097591">
        <ele>421.558066</ele>
        <time>2026-04-27T20:42:11.662Z</time>
      </trkpt>
      <trkpt lat="50.818967" lon="13.097094">
        <ele>417.089140</ele>
        <time>2026-04-27T20:42:15.264Z</time>
      </trkpt>
      <trkpt lat="50.818914" lon="13.096898">
        <ele>415.610568</ele>
        <time>2026-04-27T20:42:16.406Z</time>
      </trkpt>
      <trkpt lat="50.818884" lon="13.096655">
        <ele>413.893442</ele>
        <time>2026-04-27T20:42:17.728Z</time>
      </trkpt>
      <trkpt lat="50.818916" lon="13.096306">
        <ele>411.447704</ele>
        <time>2026-04-27T20:42:19.615Z</time>
      </trkpt>
      <trkpt lat="50.819000" lon="13.096038">
        <ele>409.372913</ele>
        <time>2026-04-27T20:42:21.213Z</time>
      </trkpt>
      <trkpt lat="50.819193" lon="13.094948">
        <ele>401.522312</ele>
        <time>2026-04-27T20:42:27.322Z</time>
      </trkpt>
      <trkpt lat="50.819421" lon="13.094065">
        <ele>395.816189</ele>
        <time>2026-04-27T20:42:32.531Z</time>
      </trkpt>
      <trkpt lat="50.819614" lon="13.093456">
        <ele>391.829965</ele>
        <time>2026-04-27T20:42:36.254Z</time>
      </trkpt>
      <trkpt lat="50.819683" lon="13.093166">
        <ele>390.016936</ele>
        <time>2026-04-27T20:42:37.952Z</time>
      </trkpt>
      <trkpt lat="50.819748" lon="13.092809">
        <ele>387.843244</ele>
        <time>2026-04-27T20:42:39.991Z</time>
      </trkpt>
      <trkpt lat="50.819761" lon="13.091918">
        <ele>382.934999</ele>
        <time>2026-04-27T20:42:44.927Z</time>
      </trkpt>
      <trkpt lat="50.819817" lon="13.091537">
        <ele>381.134077</ele>
        <time>2026-04-27T20:42:47.118Z</time>
      </trkpt>
      <trkpt lat="50.820083" lon="13.090454">
        <ele>375.784543</ele>
        <time>2026-04-27T20:42:53.725Z</time>
      </trkpt>
      <trkpt lat="50.820221" lon="13.089980">
        <ele>373.381748</ele>
        <time>2026-04-27T20:42:56.740Z</time>
      </trkpt>
      <trkpt lat="50.820361" lon="13.089758">
        <ele>371.937638</ele>
        <time>2026-04-27T20:42:58.559Z</time>
      </trkpt>
      <trkpt lat="50.820566" lon="13.089542">
        <ele>369.942509</ele>
        <time>2026-04-27T20:43:00.805Z</time>
      </trkpt>
      <trkpt lat="50.820588" lon="13.089464">
        <ele>369.452474</ele>
        <time>2026-04-27T20:43:01.284Z</time>
      </trkpt>
      <trkpt lat="50.820593" lon="13.089368">
        <ele>368.899880</ele>
        <time>2026-04-27T20:43:01.817Z</time>
      </trkpt>
      <trkpt lat="50.820532" lon="13.089175">
        <ele>367.661860</ele>
        <time>2026-04-27T20:43:03.001Z</time>
      </trkpt>
      <trkpt lat="50.820417" lon="13.089076">
        <ele>366.473135</ele>
        <time>2026-04-27T20:43:04.123Z</time>
      </trkpt>
      <trkpt lat="50.820261" lon="13.089022">
        <ele>365.023074</ele>
        <time>2026-04-27T20:43:05.496Z</time>
      </trkpt>
      <trkpt lat="50.820106" lon="13.089103">
        <ele>363.540848</ele>
        <time>2026-04-27T20:43:06.889Z</time>
      </trkpt>
      <trkpt lat="50.820103" lon="13.089106">
        <ele>363.508625</ele>
        <time>2026-04-27T20:43:06.922Z</time>
      </trkpt>
      <trkpt lat="50.819939" lon="13.089290">
        <ele>361.683239</ele>
        <time>2026-04-27T20:43:08.634Z</time>
      </trkpt>
      <trkpt lat="50.819839" lon="13.089334">
        <ele>360.740741</ele>
        <time>2026-04-27T20:43:09.529Z</time>
      </trkpt>
      <trkpt lat="50.819727" lon="13.089316">
        <ele>359.718477</ele>
        <time>2026-04-27T20:43:10.488Z</time>
      </trkpt>
      <trkpt lat="50.819602" lon="13.089165">
        <ele>358.290603</ele>
        <time>2026-04-27T20:43:11.848Z</time>
      </trkpt>
      <trkpt lat="50.819514" lon="13.088967">
        <ele>356.901784</ele>
        <time>2026-04-27T20:43:13.164Z</time>
      </trkpt>
      <trkpt lat="50.819477" lon="13.088614">
        <ele>354.848991</ele>
        <time>2026-04-27T20:43:15.131Z</time>
      </trkpt>
      <trkpt lat="50.819501" lon="13.088432">
        <ele>354.187493</ele>
        <time>2026-04-27T20:43:16.157Z</time>
      </trkpt>
      <trkpt lat="50.819741" lon="13.088002">
        <ele>352.478482</ele>
        <time>2026-04-27T20:43:19.366Z</time>
      </trkpt>
      <trkpt lat="50.819863" lon="13.087860">
        <ele>351.764528</ele>
        <time>2026-04-27T20:43:20.743Z</time>
      </trkpt>
      <trkpt lat="50.819968" lon="13.087786">
        <ele>351.222638</ele>
        <time>2026-04-27T20:43:21.840Z</time>
      </trkpt>
      <trkpt lat="50.820129" lon="13.087748">
        <ele>350.455187</ele>
        <time>2026-04-27T20:43:23.544Z</time>
      </trkpt>
      <trkpt lat="50.820553" lon="13.087824">
        <ele>348.443396</ele>
        <time>2026-04-27T20:43:28.595Z</time>
      </trkpt>
      <trkpt lat="50.820789" lon="13.087922">
        <ele>347.293088</ele>
        <time>2026-04-27T20:43:31.286Z</time>
      </trkpt>
      <trkpt lat="50.821138" lon="13.088217">
        <ele>345.005183</ele>
        <time>2026-04-27T20:43:35.238Z</time>
      </trkpt>
      <trkpt lat="50.821292" lon="13.088287">
        <ele>343.804691</ele>
        <time>2026-04-27T20:43:36.761Z</time>
      </trkpt>
      <trkpt lat="50.821451" lon="13.088291">
        <ele>342.613216</ele>
        <time>2026-04-27T20:43:38.243Z</time>
      </trkpt>
      <trkpt lat="50.821929" lon="13.088126">
        <ele>338.947583</ele>
        <time>2026-04-27T20:43:42.629Z</time>
      </trkpt>
      <trkpt lat="50.822613" lon="13.087817">
        <ele>333.618022</ele>
        <time>2026-04-27T20:43:48.774Z</time>
      </trkpt>
      <trkpt lat="50.823005" lon="13.087590">
        <ele>329.707581</ele>
        <time>2026-04-27T20:43:52.338Z</time>
      </trkpt>
      <trkpt lat="50.823695" lon="13.087149">
        <ele>322.127769</ele>
        <time>2026-04-27T20:43:58.708Z</time>
      </trkpt>
      <trkpt lat="50.823785" lon="13.087038">
        <ele>320.965602</ele>
        <time>2026-04-27T20:43:59.682Z</time>
      </trkpt>
      <trkpt lat="50.823807" lon="13.086894">
        <ele>320.012281</ele>
        <time>2026-04-27T20:44:00.483Z</time>
      </trkpt>
      <trkpt lat="50.823789" lon="13.086769">
        <ele>319.187301</ele>
        <time>2026-04-27T20:44:01.177Z</time>
      </trkpt>
      <trkpt lat="50.823707" lon="13.086636">
        <ele>317.991421</ele>
        <time>2026-04-27T20:44:02.184Z</time>
      </trkpt>
      <trkpt lat="50.822655" lon="13.085723">
        <ele>308.052350</ele>
        <time>2026-04-27T20:44:12.583Z</time>
      </trkpt>
      <trkpt lat="50.821819" lon="13.084951">
        <ele>300.833607</ele>
        <time>2026-04-27T20:44:21.475Z</time>
      </trkpt>
      <trkpt lat="50.821659" lon="13.084822">
        <ele>299.767043</ele>
        <time>2026-04-27T20:44:23.182Z</time>
      </trkpt>
      <trkpt lat="50.821614" lon="13.084811">
        <ele>299.496577</ele>
        <time>2026-04-27T20:44:23.608Z</time>
      </trkpt>
      <trkpt lat="50.821392" lon="13.084794">
        <ele>298.176371</ele>
        <time>2026-04-27T20:44:25.718Z</time>
      </trkpt>
      <trkpt lat="50.821105" lon="13.084821">
        <ele>296.468603</ele>
        <time>2026-04-27T20:44:28.396Z</time>
      </trkpt>
      <trkpt lat="50.820978" lon="13.084785">
        <ele>295.702232</ele>
        <time>2026-04-27T20:44:29.585Z</time>
      </trkpt>
      <trkpt lat="50.820890" lon="13.084622">
        <ele>294.897645</ele>
        <time>2026-04-27T20:44:30.817Z</time>
      </trkpt>
      <trkpt lat="50.820821" lon="13.084366">
        <ele>293.853218</ele>
        <time>2026-04-27T20:44:32.409Z</time>
      </trkpt>
      <trkpt lat="50.820737" lon="13.084205">
        <ele>293.069660</ele>
        <time>2026-04-27T20:44:33.588Z</time>
      </trkpt>
      <trkpt lat="50.820473" lon="13.084005">
        <ele>291.331175</ele>
        <time>2026-04-27T20:44:36.238Z</time>
      </trkpt>
      <trkpt lat="50.820343" lon="13.083836">
        <ele>290.331941</ele>
        <time>2026-04-27T20:44:37.769Z</time>
      </trkpt>
      <trkpt lat="50.820344" lon="13.083487">
        <ele>289.770374</ele>
        <time>2026-04-27T20:44:39.766Z</time>
      </trkpt>
      <trkpt lat="50.820350" lon="13.083398">
        <ele>289.644980</ele>
        <time>2026-04-27T20:44:40.284Z</time>
      </trkpt>
      <trkpt lat="50.820404" lon="13.082903">
        <ele>288.941241</ele>
        <time>2026-04-27T20:44:43.228Z</time>
      </trkpt>
      <trkpt lat="50.820420" lon="13.082710">
        <ele>288.668537</ele>
        <time>2026-04-27T20:44:44.409Z</time>
      </trkpt>
      <trkpt lat="50.820462" lon="13.082332">
        <ele>288.130847</ele>
        <time>2026-04-27T20:44:46.838Z</time>
      </trkpt>
      <trkpt lat="50.820472" lon="13.082196">
        <ele>287.939030</ele>
        <time>2026-04-27T20:44:47.748Z</time>
      </trkpt>
      <trkpt lat="50.820496" lon="13.081822">
        <ele>287.412376</ele>
        <time>2026-04-27T20:44:50.412Z</time>
      </trkpt>
      <trkpt lat="50.820497" lon="13.081594">
        <ele>287.092949</ele>
        <time>2026-04-27T20:44:52.458Z</time>
      </trkpt>
      <trkpt lat="50.820482" lon="13.081126">
        <ele>286.436458</ele>
        <time>2026-04-27T20:44:58.682Z</time>
      </trkpt>
      <trkpt lat="50.820476" lon="13.080870">
        <ele>286.593410</ele>
        <time>2026-04-27T20:45:03.401Z</time>
      </trkpt>
      <trkpt lat="50.820476" lon="13.080113">
        <ele>289.183526</ele>
        <time>2026-04-27T20:45:20.215Z</time>
      </trkpt>
      <trkpt lat="50.820526" lon="13.079704">
        <ele>290.608901</ele>
        <time>2026-04-27T20:45:30.547Z</time>
      </trkpt>
      <trkpt lat="50.820638" lon="13.079110">
        <ele>292.729889</ele>
        <time>2026-04-27T20:45:46.600Z</time>
      </trkpt>
      <trkpt lat="50.820745" lon="13.078546">
        <ele>294.744773</ele>
        <time>2026-04-27T20:46:02.361Z</time>
      </trkpt>
      <trkpt lat="50.821048" lon="13.078656">
        <ele>296.195191</ele>
        <time>2026-04-27T20:46:15.422Z</time>
      </trkpt>
      <trkpt lat="50.821533" lon="13.078564">
        <ele>297.498217</ele>
        <time>2026-04-27T20:46:33.585Z</time>
      </trkpt>
      <trkpt lat="50.822231" lon="13.078705">
        <ele>299.375278</ele>
        <time>2026-04-27T20:46:50.924Z</time>
      </trkpt>
      <trkpt lat="50.823586" lon="13.079332">
        <ele>299.990256</ele>
        <time>2026-04-27T20:47:08.740Z</time>
      </trkpt>
      <trkpt lat="50.824711" lon="13.079595">
        <ele>299.494216</ele>
        <time>2026-04-27T20:47:22.218Z</time>
      </trkpt>
      <trkpt lat="50.825369" lon="13.079664">
        <ele>300.350082</ele>
        <time>2026-04-27T20:47:31.345Z</time>
      </trkpt>
      <trkpt lat="50.825618" lon="13.079684">
        <ele>300.673666</ele>
        <time>2026-04-27T20:47:36.422Z</time>
      </trkpt>
      <trkpt lat="50.826085" lon="13.079647">
        <ele>301.280527</ele>
        <time>2026-04-27T20:47:48.884Z</time>
      </trkpt>
      <trkpt lat="50.826331" lon="13.079489">
        <ele>301.806134</ele>
        <time>2026-04-27T20:47:57.542Z</time>
      </trkpt>
      <trkpt lat="50.826568" lon="13.079277">
        <ele>302.845992</ele>
        <time>2026-04-27T20:48:07.368Z</time>
      </trkpt>
      <trkpt lat="50.827321" lon="13.078448">
        <ele>306.349583</ele>
        <time>2026-04-27T20:48:39.792Z</time>
      </trkpt>
      <trkpt lat="50.827532" lon="13.078205">
        <ele>307.346301</ele>
        <time>2026-04-27T20:48:47.526Z</time>
      </trkpt>
      <trkpt lat="50.828158" lon="13.077474">
        <ele>307.618895</ele>
        <time>2026-04-27T20:49:02.281Z</time>
      </trkpt>
      <trkpt lat="50.828471" lon="13.077204">
        <ele>307.061642</ele>
        <time>2026-04-27T20:49:06.190Z</time>
      </trkpt>
      <trkpt lat="50.829898" lon="13.076632">
        <ele>303.815730</ele>
        <time>2026-04-27T20:49:21.049Z</time>
      </trkpt>
      <trkpt lat="50.830101" lon="13.076598">
        <ele>303.133571</ele>
        <time>2026-04-27T20:49:23.016Z</time>
      </trkpt>
      <trkpt lat="50.830341" lon="13.076638">
        <ele>302.327121</ele>
        <time>2026-04-27T20:49:25.373Z</time>
      </trkpt>
      <trkpt lat="50.831108" lon="13.076873">
        <ele>299.716452</ele>
        <time>2026-04-27T20:49:33.314Z</time>
      </trkpt>
      <trkpt lat="50.831670" lon="13.076971">
        <ele>298.315394</ele>
        <time>2026-04-27T20:49:39.271Z</time>
      </trkpt>
      <trkpt lat="50.832264" lon="13.076771">
        <ele>296.851332</ele>
        <time>2026-04-27T20:49:45.639Z</time>
      </trkpt>
      <trkpt lat="50.832569" lon="13.076680">
        <ele>296.103084</ele>
        <time>2026-04-27T20:49:48.919Z</time>
      </trkpt>
      <trkpt lat="50.832915" lon="13.076587">
        <ele>295.256999</ele>
        <time>2026-04-27T20:49:52.845Z</time>
      </trkpt>
      <trkpt lat="50.833425" lon="13.076450">
        <ele>294.853009</ele>
        <time>2026-04-27T20:49:58.771Z</time>
      </trkpt>
      <trkpt lat="50.833465" lon="13.076416">
        <ele>294.818339</ele>
        <time>2026-04-27T20:49:59.289Z</time>
      </trkpt>
      <trkpt lat="50.833760" lon="13.076165">
        <ele>294.562589</ele>
        <time>2026-04-27T20:50:03.422Z</time>
      </trkpt>
      <trkpt lat="50.834139" lon="13.075773">
        <ele>294.216878</ele>
        <time>2026-04-27T20:50:10.110Z</time>
      </trkpt>
      <trkpt lat="50.834711" lon="13.074986">
        <ele>293.541084</ele>
        <time>2026-04-27T20:50:21.955Z</time>
      </trkpt>
      <trkpt lat="50.834978" lon="13.074691">
        <ele>293.188456</ele>
        <time>2026-04-27T20:50:25.802Z</time>
      </trkpt>
      <trkpt lat="50.835100" lon="13.074586">
        <ele>293.038061</ele>
        <time>2026-04-27T20:50:27.363Z</time>
      </trkpt>
      <trkpt lat="50.835528" lon="13.074345">
        <ele>292.546060</ele>
        <time>2026-04-27T20:50:32.475Z</time>
      </trkpt>
      <trkpt lat="50.835830" lon="13.074225">
        <ele>292.208826</ele>
        <time>2026-04-27T20:50:36.047Z</time>
      </trkpt>
      <trkpt lat="50.836147" lon="13.074110">
        <ele>291.836118</ele>
        <time>2026-04-27T20:50:39.998Z</time>
      </trkpt>
      <trkpt lat="50.836340" lon="13.073994">
        <ele>291.542798</ele>
        <time>2026-04-27T20:50:42.595Z</time>
      </trkpt>
      <trkpt lat="50.837025" lon="13.073223">
        <ele>290.348666</ele>
        <time>2026-04-27T20:50:52.328Z</time>
      </trkpt>
      <trkpt lat="50.837118" lon="13.073126">
        <ele>290.190434</ele>
        <time>2026-04-27T20:50:53.626Z</time>
      </trkpt>
      <trkpt lat="50.837425" lon="13.073053">
        <ele>289.749335</ele>
        <time>2026-04-27T20:50:57.121Z</time>
      </trkpt>
      <trkpt lat="50.837754" lon="13.073144">
        <ele>289.291951</ele>
        <time>2026-04-27T20:51:00.991Z</time>
      </trkpt>
      <trkpt lat="50.838081" lon="13.073107">
        <ele>288.913221</ele>
        <time>2026-04-27T20:51:04.761Z</time>
      </trkpt>
      <trkpt lat="50.838438" lon="13.073028">
        <ele>288.496789</ele>
        <time>2026-04-27T20:51:08.774Z</time>
      </trkpt>
      <trkpt lat="50.838691" lon="13.072877">
        <ele>288.184440</ele>
        <time>2026-04-27T20:51:11.978Z</time>
      </trkpt>
      <trkpt lat="50.838886" lon="13.072773">
        <ele>287.946732</ele>
        <time>2026-04-27T20:51:14.534Z</time>
      </trkpt>
      <trkpt lat="50.839483" lon="13.072380">
        <ele>287.128462</ele>
        <time>2026-04-27T20:51:23.299Z</time>
      </trkpt>
      <trkpt lat="50.840090" lon="13.072032">
        <ele>285.783889</ele>
        <time>2026-04-27T20:51:31.157Z</time>
      </trkpt>
      <trkpt lat="50.840529" lon="13.071894">
        <ele>284.851693</ele>
        <time>2026-04-27T20:51:35.975Z</time>
      </trkpt>
      <trkpt lat="50.840795" lon="13.071878">
        <ele>284.297265</ele>
        <time>2026-04-27T20:51:38.725Z</time>
      </trkpt>
      <trkpt lat="50.841046" lon="13.071914">
        <ele>283.772339</ele>
        <time>2026-04-27T20:51:41.279Z</time>
      </trkpt>
      <trkpt lat="50.841399" lon="13.072066">
        <ele>282.717297</ele>
        <time>2026-04-27T20:51:44.917Z</time>
      </trkpt>
      <trkpt lat="50.841503" lon="13.072168">
        <ele>282.322141</ele>
        <time>2026-04-27T20:51:46.113Z</time>
      </trkpt>
      <trkpt lat="50.841809" lon="13.072744">
        <ele>280.786735</ele>
        <time>2026-04-27T20:51:50.720Z</time>
      </trkpt>
      <trkpt lat="50.842156" lon="13.073223">
        <ele>279.299780</ele>
        <time>2026-04-27T20:51:55.210Z</time>
      </trkpt>
      <trkpt lat="50.842454" lon="13.073792">
        <ele>277.791912</ele>
        <time>2026-04-27T20:52:00.008Z</time>
      </trkpt>
      <trkpt lat="50.842601" lon="13.074080">
        <ele>278.105877</ele>
        <time>2026-04-27T20:52:02.779Z</time>
      </trkpt>
      <trkpt lat="50.842794" lon="13.074553">
        <ele>278.722362</ele>
        <time>2026-04-27T20:52:08.365Z</time>
      </trkpt>
      <trkpt lat="50.842955" lon="13.075096">
        <ele>279.379046</ele>
        <time>2026-04-27T20:52:16.552Z</time>
      </trkpt>
      <trkpt lat="50.843055" lon="13.074637">
        <ele>279.910572</ele>
        <time>2026-04-27T20:52:24.470Z</time>
      </trkpt>
      <trkpt lat="50.843155" lon="13.073950">
        <ele>280.682342</ele>
        <time>2026-04-27T20:52:37.743Z</time>
      </trkpt>
      <trkpt lat="50.843162" lon="13.073702">
        <ele>281.157051</ele>
        <time>2026-04-27T20:52:43.016Z</time>
      </trkpt>
      <trkpt lat="50.843132" lon="13.073453">
        <ele>281.978546</ele>
        <time>2026-04-27T20:52:48.828Z</time>
      </trkpt>
      <trkpt lat="50.842836" lon="13.072431">
        <ele>285.622343</ele>
        <time>2026-04-27T20:53:15.123Z</time>
      </trkpt>
      <trkpt lat="50.842709" lon="13.071666">
        <ele>288.185757</ele>
        <time>2026-04-27T20:53:32.799Z</time>
      </trkpt>
      <trkpt lat="50.842671" lon="13.071432">
        <ele>288.968767</ele>
        <time>2026-04-27T20:53:38.212Z</time>
      </trkpt>
      <trkpt lat="50.842544" lon="13.071099">
        <ele>290.240899</ele>
        <time>2026-04-27T20:53:46.988Z</time>
      </trkpt>
      <trkpt lat="50.842432" lon="13.070540">
        <ele>292.288003</ele>
        <time>2026-04-27T20:54:00.565Z</time>
      </trkpt>
      <trkpt lat="50.842375" lon="13.070192">
        <ele>293.542928</ele>
        <time>2026-04-27T20:54:08.587Z</time>
      </trkpt>
      <trkpt lat="50.842356" lon="13.069783">
        <ele>294.974439</ele>
        <time>2026-04-27T20:54:17.585Z</time>
      </trkpt>
      <trkpt lat="50.842295" lon="13.069307">
        <ele>296.669834</ele>
        <time>2026-04-27T20:54:28.906Z</time>
      </trkpt>
      <trkpt lat="50.842193" lon="13.068878">
        <ele>298.269937</ele>
        <time>2026-04-27T20:54:40.179Z</time>
      </trkpt>
      <trkpt lat="50.842060" lon="13.068449">
        <ele>299.938154</ele>
        <time>2026-04-27T20:54:52.161Z</time>
      </trkpt>
      <trkpt lat="50.841957" lon="13.067885">
        <ele>301.657573</ele>
        <time>2026-04-27T20:55:06.677Z</time>
      </trkpt>
      <trkpt lat="50.841913" lon="13.067576">
        <ele>302.577431</ele>
        <time>2026-04-27T20:55:14.310Z</time>
      </trkpt>
      <trkpt lat="50.841874" lon="13.067032">
        <ele>304.167340</ele>
        <time>2026-04-27T20:55:26.707Z</time>
      </trkpt>
      <trkpt lat="50.841848" lon="13.065931">
        <ele>307.366850</ele>
        <time>2026-04-27T20:55:49.610Z</time>
      </trkpt>
      <trkpt lat="50.841861" lon="13.065244">
        <ele>308.645653</ele>
        <time>2026-04-27T20:55:59.465Z</time>
      </trkpt>
      <trkpt lat="50.842244" lon="13.065220">
        <ele>309.223618</ele>
        <time>2026-04-27T20:56:44.299Z</time>
      </trkpt>
      <trkpt lat="50.841861" lon="13.065244">
        <ele>309.801582</ele>
        <time>2026-04-27T20:57:28.264Z</time>
      </trkpt>
      <trkpt lat="50.841874" lon="13.064928">
        <ele>310.103103</ele>
        <time>2026-04-27T20:57:32.103Z</time>
      </trkpt>
      <trkpt lat="50.842052" lon="13.063824">
        <ele>311.296506</ele>
        <time>2026-04-27T20:57:44.822Z</time>
      </trkpt>
      <trkpt lat="50.842425" lon="13.062054">
        <ele>314.143599</ele>
        <time>2026-04-27T20:58:13.953Z</time>
      </trkpt>
      <trkpt lat="50.842595" lon="13.060993">
        <ele>315.978621</ele>
        <time>2026-04-27T20:58:33.146Z</time>
      </trkpt>
      <trkpt lat="50.842863" lon="13.058881">
        <ele>320.444089</ele>
        <time>2026-04-27T20:59:11.361Z</time>
      </trkpt>
      <trkpt lat="50.842968" lon="13.057833">
        <ele>322.643709</ele>
        <time>2026-04-27T20:59:29.692Z</time>
      </trkpt>
      <trkpt lat="50.843037" lon="13.056781">
        <ele>324.836211</ele>
        <time>2026-04-27T20:59:48.401Z</time>
      </trkpt>
      <trkpt lat="50.843197" lon="13.054915">
        <ele>328.536160</ele>
        <time>2026-04-27T21:00:22.115Z</time>
      </trkpt>
      <trkpt lat="50.843255" lon="13.053996">
        <ele>330.203329</ele>
        <time>2026-04-27T21:00:37.748Z</time>
      </trkpt>
      <trkpt lat="50.843237" lon="13.053432">
        <ele>331.222715</ele>
        <time>2026-04-27T21:00:46.730Z</time>
      </trkpt>
      <trkpt lat="50.843078" lon="13.052302">
        <ele>333.372629</ele>
        <time>2026-04-27T21:01:04.480Z</time>
      </trkpt>
      <trkpt lat="50.842995" lon="13.051652">
        <ele>334.641119</ele>
        <time>2026-04-27T21:01:14.503Z</time>
      </trkpt>
      <trkpt lat="50.842424" lon="13.048622">
        <ele>342.151842</ele>
        <time>2026-04-27T21:02:12.404Z</time>
      </trkpt>
      <trkpt lat="50.842148" lon="13.047641">
        <ele>345.229334</ele>
        <time>2026-04-27T21:02:37.373Z</time>
      </trkpt>
      <trkpt lat="50.842061" lon="13.047140">
        <ele>346.928806</ele>
        <time>2026-04-27T21:02:50.082Z</time>
      </trkpt>
      <trkpt lat="50.842055" lon="13.046091">
        <ele>350.723549</ele>
        <time>2026-04-27T21:03:16.180Z</time>
      </trkpt>
      <trkpt lat="50.842016" lon="13.045325">
        <ele>353.503422</ele>
        <time>2026-04-27T21:03:35.001Z</time>
      </trkpt>
      <trkpt lat="50.842189" lon="13.044028">
        <ele>357.823084</ele>
        <time>2026-04-27T21:04:05.381Z</time>
      </trkpt>
      <trkpt lat="50.842252" lon="13.043748">
        <ele>358.652398</ele>
        <time>2026-04-27T21:04:11.365Z</time>
      </trkpt>
      <trkpt lat="50.842409" lon="13.043385">
        <ele>359.879958</ele>
        <time>2026-04-27T21:04:20.055Z</time>
      </trkpt>
      <trkpt lat="50.842867" lon="13.042610">
        <ele>362.841424</ele>
        <time>2026-04-27T21:04:40.784Z</time>
      </trkpt>
      <trkpt lat="50.842968" lon="13.042340">
        <ele>363.716977</ele>
        <time>2026-04-27T21:04:46.700Z</time>
      </trkpt>
      <trkpt lat="50.843675" lon="13.039646">
        <ele>371.328204</ele>
        <time>2026-04-27T21:05:45.419Z</time>
      </trkpt>
      <trkpt lat="50.843764" lon="13.039185">
        <ele>372.332055</ele>
        <time>2026-04-27T21:05:54.529Z</time>
      </trkpt>
      <trkpt lat="50.844025" lon="13.038125">
        <ele>374.562550</ele>
        <time>2026-04-27T21:06:14.230Z</time>
      </trkpt>
      <trkpt lat="50.844223" lon="13.036969">
        <ele>376.910728</ele>
        <time>2026-04-27T21:06:33.083Z</time>
      </trkpt>
      <trkpt lat="50.844188" lon="13.036548">
        <ele>377.826050</ele>
        <time>2026-04-27T21:06:40.042Z</time>
      </trkpt>
      <trkpt lat="50.844155" lon="13.036469">
        <ele>378.037772</ele>
        <time>2026-04-27T21:06:41.656Z</time>
      </trkpt>
      <trkpt lat="50.843858" lon="13.036069">
        <ele>379.417882</ele>
        <time>2026-04-27T21:06:52.274Z</time>
      </trkpt>
      <trkpt lat="50.842891" lon="13.034971">
        <ele>383.658419</ele>
        <time>2026-04-27T21:07:27.993Z</time>
      </trkpt>
      <trkpt lat="50.842674" lon="13.034826">
        <ele>384.706801</ele>
        <time>2026-04-27T21:07:35.600Z</time>
      </trkpt>
      <trkpt lat="50.841270" lon="13.034378">
        <ele>391.081952</ele>
        <time>2026-04-27T21:08:23.146Z</time>
      </trkpt>
      <trkpt lat="50.839899" lon="13.033898">
        <ele>396.469676</ele>
        <time>2026-04-27T21:09:09.195Z</time>
      </trkpt>
      <trkpt lat="50.839720" lon="13.033864">
        <ele>397.152993</ele>
        <time>2026-04-27T21:09:14.606Z</time>
      </trkpt>
      <trkpt lat="50.838506" lon="13.033917">
        <ele>398.116607</ele>
        <time>2026-04-27T21:09:40.315Z</time>
      </trkpt>
      <trkpt lat="50.838359" lon="13.033881">
        <ele>398.079303</ele>
        <time>2026-04-27T21:09:42.218Z</time>
      </trkpt>
      <trkpt lat="50.837953" lon="13.033663">
        <ele>397.971786</ele>
        <time>2026-04-27T21:09:47.123Z</time>
      </trkpt>
      <trkpt lat="50.837620" lon="13.033346">
        <ele>397.626322</ele>
        <time>2026-04-27T21:09:51.115Z</time>
      </trkpt>
      <trkpt lat="50.837275" lon="13.032923">
        <ele>395.925101</ele>
        <time>2026-04-27T21:09:55.345Z</time>
      </trkpt>
      <trkpt lat="50.835787" lon="13.031096">
        <ele>389.304946</ele>
        <time>2026-04-27T21:10:13.618Z</time>
      </trkpt>
      <trkpt lat="50.835647" lon="13.030925">
        <ele>388.832222</ele>
        <time>2026-04-27T21:10:15.465Z</time>
      </trkpt>
      <trkpt lat="50.834909" lon="13.030005">
        <ele>386.320988</ele>
        <time>2026-04-27T21:10:25.871Z</time>
      </trkpt>
      <trkpt lat="50.834863" lon="13.029871">
        <ele>386.064863</ele>
        <time>2026-04-27T21:10:27.016Z</time>
      </trkpt>
      <trkpt lat="50.834753" lon="13.029493">
        <ele>385.517316</ele>
        <time>2026-04-27T21:10:30.032Z</time>
      </trkpt>
      <trkpt lat="50.834731" lon="13.029217">
        <ele>385.151330</ele>
        <time>2026-04-27T21:10:32.026Z</time>
      </trkpt>
      <trkpt lat="50.834742" lon="13.028940">
        <ele>384.786190</ele>
        <time>2026-04-27T21:10:34.006Z</time>
      </trkpt>
      <trkpt lat="50.835103" lon="13.027076">
        <ele>382.161321</ele>
        <time>2026-04-27T21:10:47.361Z</time>
      </trkpt>
      <trkpt lat="50.835165" lon="13.026604">
        <ele>381.154086</ele>
        <time>2026-04-27T21:10:50.483Z</time>
      </trkpt>
      <trkpt lat="50.835209" lon="13.025891">
        <ele>379.657351</ele>
        <time>2026-04-27T21:10:55.021Z</time>
      </trkpt>
      <trkpt lat="50.835225" lon="13.024220">
        <ele>376.156584</ele>
        <time>2026-04-27T21:11:05.478Z</time>
      </trkpt>
      <trkpt lat="50.835235" lon="13.023221">
        <ele>373.976259</ele>
        <time>2026-04-27T21:11:11.781Z</time>
      </trkpt>
      <trkpt lat="50.835219" lon="13.022803">
        <ele>373.062412</ele>
        <time>2026-04-27T21:11:14.450Z</time>
      </trkpt>
      <trkpt lat="50.835242" lon="13.022650">
        <ele>372.719202</ele>
        <time>2026-04-27T21:11:15.442Z</time>
      </trkpt>
      <trkpt lat="50.835319" lon="13.022677">
        <ele>372.446695</ele>
        <time>2026-04-27T21:11:16.228Z</time>
      </trkpt>
      <trkpt lat="50.835387" lon="13.022610">
        <ele>372.169955</ele>
        <time>2026-04-27T21:11:17.032Z</time>
      </trkpt>
      <trkpt lat="50.835428" lon="13.022695">
        <ele>371.936553</ele>
        <time>2026-04-27T21:11:17.710Z</time>
      </trkpt>
      <trkpt lat="50.835651" lon="13.022969">
        <ele>370.961231</ele>
        <time>2026-04-27T21:11:20.544Z</time>
      </trkpt>
      <trkpt lat="50.835982" lon="13.023225">
        <ele>369.714452</ele>
        <time>2026-04-27T21:11:24.243Z</time>
      </trkpt>
      <trkpt lat="50.836257" lon="13.023368">
        <ele>368.769853</ele>
        <time>2026-04-27T21:11:27.116Z</time>
      </trkpt>
      <trkpt lat="50.836379" lon="13.023483">
        <ele>368.306507</ele>
        <time>2026-04-27T21:11:28.542Z</time>
      </trkpt>
      <trkpt lat="50.836867" lon="13.024163">
        <ele>366.185112</ele>
        <time>2026-04-27T21:11:35.098Z</time>
      </trkpt>
      <trkpt lat="50.837145" lon="13.024354">
        <ele>365.196159</ele>
        <time>2026-04-27T21:11:38.169Z</time>
      </trkpt>
      <trkpt lat="50.837777" lon="13.025054">
        <ele>363.063421</ele>
        <time>2026-04-27T21:11:46.072Z</time>
      </trkpt>
      <trkpt lat="50.837923" lon="13.025180">
        <ele>362.650367</ele>
        <time>2026-04-27T21:11:47.805Z</time>
      </trkpt>
      <trkpt lat="50.838111" lon="13.025300">
        <ele>362.146832</ele>
        <time>2026-04-27T21:11:49.942Z</time>
      </trkpt>
      <trkpt lat="50.838397" lon="13.025439">
        <ele>361.403654</ele>
        <time>2026-04-27T21:11:53.172Z</time>
      </trkpt>
      <trkpt lat="50.838715" lon="13.025602">
        <ele>360.573338</ele>
        <time>2026-04-27T21:11:56.825Z</time>
      </trkpt>
      <trkpt lat="50.838759" lon="13.025599">
        <ele>360.463934</ele>
        <time>2026-04-27T21:11:57.314Z</time>
      </trkpt>
      <trkpt lat="50.838832" lon="13.025563">
        <ele>360.274000</ele>
        <time>2026-04-27T21:11:58.146Z</time>
      </trkpt>
      <trkpt lat="50.839196" lon="13.025047">
        <ele>359.051884</ele>
        <time>2026-04-27T21:12:03.506Z</time>
      </trkpt>
      <trkpt lat="50.839336" lon="13.024918">
        <ele>358.645012</ele>
        <time>2026-04-27T21:12:05.281Z</time>
      </trkpt>
      <trkpt lat="50.839597" lon="13.024786">
        <ele>357.956776</ele>
        <time>2026-04-27T21:12:08.230Z</time>
      </trkpt>
      <trkpt lat="50.839768" lon="13.024626">
        <ele>357.457858</ele>
        <time>2026-04-27T21:12:10.335Z</time>
      </trkpt>
      <trkpt lat="50.840113" lon="13.024010">
        <ele>356.151794</ele>
        <time>2026-04-27T21:12:15.766Z</time>
      </trkpt>
      <trkpt lat="50.840275" lon="13.023767">
        <ele>355.591285</ele>
        <time>2026-04-27T21:12:18.042Z</time>
      </trkpt>
      <trkpt lat="50.840579" lon="13.023605">
        <ele>354.563959</ele>
        <time>2026-04-27T21:12:21.314Z</time>
      </trkpt>
      <trkpt lat="50.840644" lon="13.023572">
        <ele>354.318926</ele>
        <time>2026-04-27T21:12:22.016Z</time>
      </trkpt>
      <trkpt lat="50.841067" lon="13.022980">
        <ele>352.292441</ele>
        <time>2026-04-27T21:12:27.741Z</time>
      </trkpt>
      <trkpt lat="50.841504" lon="13.022132">
        <ele>349.811308</ele>
        <time>2026-04-27T21:12:34.633Z</time>
      </trkpt>
      <trkpt lat="50.841929" lon="13.021052">
        <ele>346.365463</ele>
        <time>2026-04-27T21:12:42.269Z</time>
      </trkpt>
      <trkpt lat="50.841962" lon="13.020970">
        <ele>346.080574</ele>
        <time>2026-04-27T21:12:42.848Z</time>
      </trkpt>
      <trkpt lat="50.842199" lon="13.020492">
        <ele>344.299997</ele>
        <time>2026-04-27T21:12:46.486Z</time>
      </trkpt>
      <trkpt lat="50.842372" lon="13.020146">
        <ele>343.006971</ele>
        <time>2026-04-27T21:12:49.131Z</time>
      </trkpt>
      <trkpt lat="50.842622" lon="13.019175">
        <ele>340.106780</ele>
        <time>2026-04-27T21:12:55.394Z</time>
      </trkpt>
      <trkpt lat="50.842821" lon="13.018720">
        <ele>338.978634</ele>
        <time>2026-04-27T21:12:58.838Z</time>
      </trkpt>
      <trkpt lat="50.842967" lon="13.018447">
        <ele>338.249434</ele>
        <time>2026-04-27T21:13:01.113Z</time>
      </trkpt>
      <trkpt lat="50.842996" lon="13.018403">
        <ele>338.119796</ele>
        <time>2026-04-27T21:13:01.519Z</time>
      </trkpt>
      <trkpt lat="50.843311" lon="13.017901">
        <ele>336.677295</ele>
        <time>2026-04-27T21:13:06.103Z</time>
      </trkpt>
      <trkpt lat="50.843438" lon="13.017700">
        <ele>336.097728</ele>
        <time>2026-04-27T21:13:07.968Z</time>
      </trkpt>
      <trkpt lat="50.843467" lon="13.017655">
        <ele>335.966673</ele>
        <time>2026-04-27T21:13:08.388Z</time>
      </trkpt>
      <trkpt lat="50.843641" lon="13.017431">
        <ele>335.242856</ele>
        <time>2026-04-27T21:13:10.733Z</time>
      </trkpt>
      <trkpt lat="50.843795" lon="13.017338">
        <ele>334.710843</ele>
        <time>2026-04-27T21:13:12.486Z</time>
      </trkpt>
      <trkpt lat="50.843927" lon="13.017214">
        <ele>334.311375</ele>
        <time>2026-04-27T21:13:14.139Z</time>
      </trkpt>
      <trkpt lat="50.844225" lon="13.016852">
        <ele>333.341981</ele>
        <time>2026-04-27T21:13:18.269Z</time>
      </trkpt>
      <trkpt lat="50.844336" lon="13.016757">
        <ele>333.016315</ele>
        <time>2026-04-27T21:13:19.677Z</time>
      </trkpt>
      <trkpt lat="50.844619" lon="13.016564">
        <ele>332.221007</ele>
        <time>2026-04-27T21:13:23.044Z</time>
      </trkpt>
      <trkpt lat="50.844740" lon="13.016406">
        <ele>331.816221</ele>
        <time>2026-04-27T21:13:24.720Z</time>
      </trkpt>
      <trkpt lat="50.844915" lon="13.016092">
        <ele>331.133636</ele>
        <time>2026-04-27T21:13:27.478Z</time>
      </trkpt>
      <trkpt lat="50.845054" lon="13.015742">
        <ele>330.459763</ele>
        <time>2026-04-27T21:13:30.149Z</time>
      </trkpt>
      <trkpt lat="50.845513" lon="13.014913">
        <ele>328.219765</ele>
        <time>2026-04-27T21:13:37.090Z</time>
      </trkpt>
      <trkpt lat="50.845866" lon="13.014163">
        <ele>326.208896</ele>
        <time>2026-04-27T21:13:42.899Z</time>
      </trkpt>
      <trkpt lat="50.846736" lon="13.012274">
        <ele>322.174724</ele>
        <time>2026-04-27T21:13:57.912Z</time>
      </trkpt>
      <trkpt lat="50.846913" lon="13.012074">
        <ele>321.701937</ele>
        <time>2026-04-27T21:14:00.409Z</time>
      </trkpt>
      <trkpt lat="50.847141" lon="13.011884">
        <ele>321.141725</ele>
        <time>2026-04-27T21:14:03.483Z</time>
      </trkpt>
      <trkpt lat="50.847313" lon="13.011712">
        <ele>320.699409</ele>
        <time>2026-04-27T21:14:05.945Z</time>
      </trkpt>
      <trkpt lat="50.847810" lon="13.010942">
        <ele>318.999877</ele>
        <time>2026-04-27T21:14:14.115Z</time>
      </trkpt>
      <trkpt lat="50.848081" lon="13.010368">
        <ele>317.793150</ele>
        <time>2026-04-27T21:14:18.975Z</time>
      </trkpt>
      <trkpt lat="50.848252" lon="13.010010">
        <ele>317.037352</ele>
        <time>2026-04-27T21:14:21.881Z</time>
      </trkpt>
      <trkpt lat="50.848359" lon="13.009747">
        <ele>316.510587</ele>
        <time>2026-04-27T21:14:23.853Z</time>
      </trkpt>
      <trkpt lat="50.848627" lon="13.008707">
        <ele>314.597499</ele>
        <time>2026-04-27T21:14:30.812Z</time>
      </trkpt>
      <trkpt lat="50.848737" lon="13.008440">
        <ele>314.041204</ele>
        <time>2026-04-27T21:14:32.830Z</time>
      </trkpt>
      <trkpt lat="50.849042" lon="13.007986">
        <ele>312.884469</ele>
        <time>2026-04-27T21:14:37.133Z</time>
      </trkpt>
      <trkpt lat="50.849144" lon="13.007803">
        <ele>312.458533</ele>
        <time>2026-04-27T21:14:38.748Z</time>
      </trkpt>
      <trkpt lat="50.849514" lon="13.007353">
        <ele>311.169301</ele>
        <time>2026-04-27T21:14:43.697Z</time>
      </trkpt>
      <trkpt lat="50.849636" lon="13.007212">
        <ele>310.751919</ele>
        <time>2026-04-27T21:14:45.320Z</time>
      </trkpt>
      <trkpt lat="50.849716" lon="13.007161">
        <ele>310.513592</ele>
        <time>2026-04-27T21:14:46.259Z</time>
      </trkpt>
      <trkpt lat="50.850524" lon="13.006913">
        <ele>308.975923</ele>
        <time>2026-04-27T21:14:55.498Z</time>
      </trkpt>
      <trkpt lat="50.850709" lon="13.006863">
        <ele>308.647312</ele>
        <time>2026-04-27T21:14:57.611Z</time>
      </trkpt>
      <trkpt lat="50.850879" lon="13.006642">
        <ele>308.262229</ele>
        <time>2026-04-27T21:15:00.106Z</time>
      </trkpt>
      <trkpt lat="50.851014" lon="13.006516">
        <ele>307.987863</ele>
        <time>2026-04-27T21:15:01.912Z</time>
      </trkpt>
      <trkpt lat="50.851141" lon="13.006449">
        <ele>307.753480</ele>
        <time>2026-04-27T21:15:03.435Z</time>
      </trkpt>
      <trkpt lat="50.851377" lon="13.006457">
        <ele>307.340157</ele>
        <time>2026-04-27T21:15:06.106Z</time>
      </trkpt>
      <trkpt lat="50.851508" lon="13.006462">
        <ele>307.110714</ele>
        <time>2026-04-27T21:15:07.616Z</time>
      </trkpt>
      <trkpt lat="50.851598" lon="13.006460">
        <ele>306.903102</ele>
        <time>2026-04-27T21:15:08.677Z</time>
      </trkpt>
      <trkpt lat="50.851795" lon="13.006438">
        <ele>306.440121</ele>
        <time>2026-04-27T21:15:10.950Z</time>
      </trkpt>
      <trkpt lat="50.851983" lon="13.006357">
        <ele>305.983372</ele>
        <time>2026-04-27T21:15:13.129Z</time>
      </trkpt>
      <trkpt lat="50.852129" lon="13.006226">
        <ele>305.589998</ele>
        <time>2026-04-27T21:15:14.993Z</time>
      </trkpt>
      <trkpt lat="50.852349" lon="13.006010">
        <ele>304.983201</ele>
        <time>2026-04-27T21:15:17.743Z</time>
      </trkpt>
      <trkpt lat="50.852561" lon="13.005891">
        <ele>304.455918</ele>
        <time>2026-04-27T21:15:20.090Z</time>
      </trkpt>
      <trkpt lat="50.852716" lon="13.005852">
        <ele>304.087990</ele>
        <time>2026-04-27T21:15:21.718Z</time>
      </trkpt>
      <trkpt lat="50.852853" lon="13.005874">
        <ele>303.765169</ele>
        <time>2026-04-27T21:15:23.136Z</time>
      </trkpt>
      <trkpt lat="50.853141" lon="13.006080">
        <ele>303.024354</ele>
        <time>2026-04-27T21:15:26.383Z</time>
      </trkpt>
      <trkpt lat="50.853376" lon="13.006356">
        <ele>302.357008</ele>
        <time>2026-04-27T21:15:29.401Z</time>
      </trkpt>
      <trkpt lat="50.853448" lon="13.006460">
        <ele>302.136315</ele>
        <time>2026-04-27T21:15:30.422Z</time>
      </trkpt>
      <trkpt lat="50.853547" lon="13.006535">
        <ele>301.887766</ele>
        <time>2026-04-27T21:15:31.567Z</time>
      </trkpt>
      <trkpt lat="50.853855" lon="13.006573">
        <ele>301.188066</ele>
        <time>2026-04-27T21:15:34.789Z</time>
      </trkpt>
      <trkpt lat="50.854073" lon="13.006636">
        <ele>300.686170</ele>
        <time>2026-04-27T21:15:37.126Z</time>
      </trkpt>
      <trkpt lat="50.854259" lon="13.006699">
        <ele>300.255377</ele>
        <time>2026-04-27T21:15:39.136Z</time>
      </trkpt>
      <trkpt lat="50.854739" lon="13.006816">
        <ele>299.155433</ele>
        <time>2026-04-27T21:15:44.623Z</time>
      </trkpt>
      <trkpt lat="50.854963" lon="13.006941">
        <ele>298.673415</ele>
        <time>2026-04-27T21:15:47.394Z</time>
      </trkpt>
      <trkpt lat="50.855102" lon="13.007065">
        <ele>298.416827</ele>
        <time>2026-04-27T21:15:49.230Z</time>
      </trkpt>
      <trkpt lat="50.855215" lon="13.007204">
        <ele>298.186709</ele>
        <time>2026-04-27T21:15:50.891Z</time>
      </trkpt>
      <trkpt lat="50.855667" lon="13.007945">
        <ele>297.140458</ele>
        <time>2026-04-27T21:15:58.458Z</time>
      </trkpt>
      <trkpt lat="50.855751" lon="13.008063">
        <ele>296.959877</ele>
        <time>2026-04-27T21:15:59.713Z</time>
      </trkpt>
      <trkpt lat="50.856049" lon="13.008594">
        <ele>296.238466</ele>
        <time>2026-04-27T21:16:04.754Z</time>
      </trkpt>
      <trkpt lat="50.856223" lon="13.008930">
        <ele>295.779485</ele>
        <time>2026-04-27T21:16:07.817Z</time>
      </trkpt>
      <trkpt lat="50.856310" lon="13.009040">
        <ele>295.574040</ele>
        <time>2026-04-27T21:16:09.054Z</time>
      </trkpt>
      <trkpt lat="50.856595" lon="13.009190">
        <ele>295.019762</ele>
        <time>2026-04-27T21:16:12.389Z</time>
      </trkpt>
      <trkpt lat="50.857039" lon="13.009380">
        <ele>294.170928</ele>
        <time>2026-04-27T21:16:17.526Z</time>
      </trkpt>
      <trkpt lat="50.857059" lon="13.009389">
        <ele>294.132555</ele>
        <time>2026-04-27T21:16:17.754Z</time>
      </trkpt>
      <trkpt lat="50.857513" lon="13.009793">
        <ele>293.171487</ele>
        <time>2026-04-27T21:16:23.481Z</time>
      </trkpt>
      <trkpt lat="50.857632" lon="13.009906">
        <ele>292.915421</ele>
        <time>2026-04-27T21:16:25.024Z</time>
      </trkpt>
      <trkpt lat="50.858233" lon="13.010362">
        <ele>291.753657</ele>
        <time>2026-04-27T21:16:32.509Z</time>
      </trkpt>
      <trkpt lat="50.858315" lon="13.010467">
        <ele>291.573592</ele>
        <time>2026-04-27T21:16:33.674Z</time>
      </trkpt>
      <trkpt lat="50.858500" lon="13.010790">
        <ele>291.103417</ele>
        <time>2026-04-27T21:16:36.712Z</time>
      </trkpt>
      <trkpt lat="50.858778" lon="13.011023">
        <ele>290.566300</ele>
        <time>2026-04-27T21:16:40.156Z</time>
      </trkpt>
      <trkpt lat="50.858838" lon="13.011064">
        <ele>290.454707</ele>
        <time>2026-04-27T21:16:40.889Z</time>
      </trkpt>
      <trkpt lat="50.859122" lon="13.011056">
        <ele>289.969616</ele>
        <time>2026-04-27T21:16:44.044Z</time>
      </trkpt>
      <trkpt lat="50.859310" lon="13.011019">
        <ele>289.646083</ele>
        <time>2026-04-27T21:16:46.202Z</time>
      </trkpt>
      <trkpt lat="50.859827" lon="13.010998">
        <ele>289.099489</ele>
        <time>2026-04-27T21:16:52.723Z</time>
      </trkpt>
      <trkpt lat="50.860185" lon="13.011018">
        <ele>288.757586</ele>
        <time>2026-04-27T21:16:57.356Z</time>
      </trkpt>
      <trkpt lat="50.860371" lon="13.011214">
        <ele>288.544375</ele>
        <time>2026-04-27T21:17:00.146Z</time>
      </trkpt>
      <trkpt lat="50.860701" lon="13.011845">
        <ele>288.050698</ele>
        <time>2026-04-27T21:17:06.498Z</time>
      </trkpt>
      <trkpt lat="50.860738" lon="13.011912">
        <ele>287.997066</ele>
        <time>2026-04-27T21:17:07.192Z</time>
      </trkpt>
      <trkpt lat="50.860783" lon="13.011994">
        <ele>287.931605</ele>
        <time>2026-04-27T21:17:08.034Z</time>
      </trkpt>
      <trkpt lat="50.860807" lon="13.012037">
        <ele>287.897024</ele>
        <time>2026-04-27T21:17:08.468Z</time>
      </trkpt>
      <trkpt lat="50.861287" lon="13.012891">
        <ele>287.064283</ele>
        <time>2026-04-27T21:17:17.328Z</time>
      </trkpt>
      <trkpt lat="50.861637" lon="13.013256">
        <ele>286.568658</ele>
        <time>2026-04-27T21:17:22.044Z</time>
      </trkpt>
      <trkpt lat="50.862161" lon="13.013762">
        <ele>285.842807</ele>
        <time>2026-04-27T21:17:29.187Z</time>
      </trkpt>
      <trkpt lat="50.862414" lon="13.014069">
        <ele>285.780386</ele>
        <time>2026-04-27T21:17:33.254Z</time>
      </trkpt>
      <trkpt lat="50.862624" lon="13.014377">
        <ele>285.934924</ele>
        <time>2026-04-27T21:17:37.021Z</time>
      </trkpt>
      <trkpt lat="50.862767" lon="13.014625">
        <ele>286.049419</ele>
        <time>2026-04-27T21:17:40.039Z</time>
      </trkpt>
      <trkpt lat="50.863213" lon="13.015311">
        <ele>286.385102</ele>
        <time>2026-04-27T21:17:49.993Z</time>
      </trkpt>
      <trkpt lat="50.863304" lon="13.015405">
        <ele>286.443766</ele>
        <time>2026-04-27T21:17:52.016Z</time>
      </trkpt>
      <trkpt lat="50.863656" lon="13.014157">
        <ele>288.190337</ele>
        <time>2026-04-27T21:18:13.098Z</time>
      </trkpt>
      <trkpt lat="50.863928" lon="13.013721">
        <ele>289.442234</ele>
        <time>2026-04-27T21:18:25.203Z</time>
      </trkpt>
      <trkpt lat="50.863998" lon="13.013535">
        <ele>289.884466</ele>
        <time>2026-04-27T21:18:29.618Z</time>
      </trkpt>
      <trkpt lat="50.864102" lon="13.013252">
        <ele>290.553209</ele>
        <time>2026-04-27T21:18:36.276Z</time>
      </trkpt>
      <trkpt lat="50.864167" lon="13.013051">
        <ele>291.014414</ele>
        <time>2026-04-27T21:18:40.876Z</time>
      </trkpt>
      <trkpt lat="50.864344" lon="13.012489">
        <ele>292.297028</ele>
        <time>2026-04-27T21:18:52.723Z</time>
      </trkpt>
      <trkpt lat="50.864414" lon="13.012280">
        <ele>292.459240</ele>
        <time>2026-04-27T21:18:56.608Z</time>
      </trkpt>
      <trkpt lat="50.864471" lon="13.012105">
        <ele>292.441778</ele>
        <time>2026-04-27T21:18:59.631Z</time>
      </trkpt>
      <trkpt lat="50.864648" lon="13.011540">
        <ele>292.385849</ele>
        <time>2026-04-27T21:19:07.962Z</time>
      </trkpt>
      <trkpt lat="50.864827" lon="13.011685">
        <ele>292.357606</ele>
        <time>2026-04-27T21:19:11.445Z</time>
      </trkpt>
      <trkpt lat="50.865195" lon="13.012012">
        <ele>292.298331</ele>
        <time>2026-04-27T21:19:16.501Z</time>
      </trkpt>
      <trkpt lat="50.865219" lon="13.012033">
        <ele>292.294479</ele>
        <time>2026-04-27T21:19:16.797Z</time>
      </trkpt>
      <trkpt lat="50.865384" lon="13.012094">
        <ele>292.270676</ele>
        <time>2026-04-27T21:19:18.646Z</time>
      </trkpt>
      <trkpt lat="50.865502" lon="13.012083">
        <ele>292.254070</ele>
        <time>2026-04-27T21:19:19.894Z</time>
      </trkpt>
      <trkpt lat="50.865690" lon="13.011909">
        <ele>292.223483</ele>
        <time>2026-04-27T21:19:22.164Z</time>
      </trkpt>
      <trkpt lat="50.865867" lon="13.011560">
        <ele>291.579017</ele>
        <time>2026-04-27T21:19:25.064Z</time>
      </trkpt>
      <trkpt lat="50.865918" lon="13.011443">
        <ele>291.355348</ele>
        <time>2026-04-27T21:19:25.986Z</time>
      </trkpt>
      <trkpt lat="50.866045" lon="13.011187">
        <ele>290.843149</ele>
        <time>2026-04-27T21:19:28.141Z</time>
      </trkpt>
      <trkpt lat="50.866235" lon="13.011072">
        <ele>290.336230</ele>
        <time>2026-04-27T21:19:30.284Z</time>
      </trkpt>
      <trkpt lat="50.866445" lon="13.011082">
        <ele>289.812604</ele>
        <time>2026-04-27T21:19:32.481Z</time>
      </trkpt>
      <trkpt lat="50.867196" lon="13.011260">
        <ele>287.920035</ele>
        <time>2026-04-27T21:19:40.532Z</time>
      </trkpt>
      <trkpt lat="50.867725" lon="13.011326">
        <ele>286.647969</ele>
        <time>2026-04-27T21:19:46.292Z</time>
      </trkpt>
      <trkpt lat="50.867935" lon="13.011300">
        <ele>286.146230</ele>
        <time>2026-04-27T21:19:48.644Z</time>
      </trkpt>
      <trkpt lat="50.868429" lon="13.011164">
        <ele>284.951906</ele>
        <time>2026-04-27T21:19:54.164Z</time>
      </trkpt>
      <trkpt lat="50.869085" lon="13.010927">
        <ele>283.323100</ele>
        <time>2026-04-27T21:20:01.215Z</time>
      </trkpt>
      <trkpt lat="50.869529" lon="13.010677">
        <ele>281.917454</ele>
        <time>2026-04-27T21:20:05.942Z</time>
      </trkpt>
      <trkpt lat="50.870662" lon="13.009881">
        <ele>278.220260</ele>
        <time>2026-04-27T21:20:18.307Z</time>
      </trkpt>
      <trkpt lat="50.870793" lon="13.009785">
        <ele>278.254197</ele>
        <time>2026-04-27T21:20:19.868Z</time>
      </trkpt>
      <trkpt lat="50.870847" lon="13.009753">
        <ele>278.350750</ele>
        <time>2026-04-27T21:20:20.532Z</time>
      </trkpt>
      <trkpt lat="50.871054" lon="13.009686">
        <ele>278.704578</ele>
        <time>2026-04-27T21:20:23.138Z</time>
      </trkpt>
      <trkpt lat="50.871281" lon="13.009722">
        <ele>279.086643</ele>
        <time>2026-04-27T21:20:26.644Z</time>
      </trkpt>
      <trkpt lat="50.871620" lon="13.009944">
        <ele>279.700950</ele>
        <time>2026-04-27T21:20:34.447Z</time>
      </trkpt>
      <trkpt lat="50.871811" lon="13.010031">
        <ele>280.033777</ele>
        <time>2026-04-27T21:20:39.503Z</time>
      </trkpt>
      <trkpt lat="50.872083" lon="13.010046">
        <ele>280.489582</ele>
        <time>2026-04-27T21:20:47.082Z</time>
      </trkpt>
      <trkpt lat="50.872504" lon="13.009865">
        <ele>281.580792</ele>
        <time>2026-04-27T21:21:01.899Z</time>
      </trkpt>
      <trkpt lat="50.872746" lon="13.009691">
        <ele>283.355793</ele>
        <time>2026-04-27T21:21:11.937Z</time>
      </trkpt>
      <trkpt lat="50.872958" lon="13.009486">
        <ele>285.014623</ele>
        <time>2026-04-27T21:21:21.743Z</time>
      </trkpt>
      <trkpt lat="50.873165" lon="13.009177">
        <ele>286.914076</ele>
        <time>2026-04-27T21:21:33.424Z</time>
      </trkpt>
      <trkpt lat="50.873318" lon="13.008812">
        <ele>288.761011</ele>
        <time>2026-04-27T21:21:45.195Z</time>
      </trkpt>
      <trkpt lat="50.873435" lon="13.008425">
        <ele>290.569718</ele>
        <time>2026-04-27T21:21:57.208Z</time>
      </trkpt>
      <trkpt lat="50.873531" lon="13.007953">
        <ele>292.659930</ele>
        <time>2026-04-27T21:22:11.947Z</time>
      </trkpt>
      <trkpt lat="50.873706" lon="13.006573">
        <ele>299.338539</ele>
        <time>2026-04-27T21:22:55.151Z</time>
      </trkpt>
      <trkpt lat="50.873861" lon="13.005157">
        <ele>306.220348</ele>
        <time>2026-04-27T21:23:37.060Z</time>
      </trkpt>
      <trkpt lat="50.874057" lon="13.002894">
        <ele>312.062821</ele>
        <time>2026-04-27T21:24:26.042Z</time>
      </trkpt>
      <trkpt lat="50.874201" lon="13.001865">
        <ele>313.307238</ele>
        <time>2026-04-27T21:24:38.108Z</time>
      </trkpt>
      <trkpt lat="50.874326" lon="13.001287">
        <ele>312.632303</ele>
        <time>2026-04-27T21:24:42.664Z</time>
      </trkpt>
      <trkpt lat="50.874480" lon="13.000735">
        <ele>311.965610</ele>
        <time>2026-04-27T21:24:46.705Z</time>
      </trkpt>
      <trkpt lat="50.874662" lon="13.000207">
        <ele>311.301020</ele>
        <time>2026-04-27T21:24:50.564Z</time>
      </trkpt>
      <trkpt lat="50.874872" lon="12.999707">
        <ele>310.637553</ele>
        <time>2026-04-27T21:24:54.371Z</time>
      </trkpt>
      <trkpt lat="50.875113" lon="12.999213">
        <ele>310.299199</ele>
        <time>2026-04-27T21:24:58.427Z</time>
      </trkpt>
      <trkpt lat="50.875374" lon="12.998787">
        <ele>310.012193</ele>
        <time>2026-04-27T21:25:02.480Z</time>
      </trkpt>
      <trkpt lat="50.875709" lon="12.998325">
        <ele>309.672017</ele>
        <time>2026-04-27T21:25:08.003Z</time>
      </trkpt>
      <trkpt lat="50.876020" lon="12.997955">
        <ele>309.374126</ele>
        <time>2026-04-27T21:25:14.195Z</time>
      </trkpt>
      <trkpt lat="50.877899" lon="12.995755">
        <ele>314.124262</ele>
        <time>2026-04-27T21:26:12.672Z</time>
      </trkpt>
      <trkpt lat="50.879630" lon="12.993540">
        <ele>320.001587</ele>
        <time>2026-04-27T21:27:06.057Z</time>
      </trkpt>
      <trkpt lat="50.880548" lon="12.992321">
        <ele>323.833300</ele>
        <time>2026-04-27T21:27:42.368Z</time>
      </trkpt>
      <trkpt lat="50.881304" lon="12.991230">
        <ele>326.792853</ele>
        <time>2026-04-27T21:28:12.899Z</time>
      </trkpt>
      <trkpt lat="50.881803" lon="12.990457">
        <ele>328.669207</ele>
        <time>2026-04-27T21:28:28.996Z</time>
      </trkpt>
      <trkpt lat="50.880415" lon="12.985649">
        <ele>328.180205</ele>
        <time>2026-04-27T21:29:14.947Z</time>
      </trkpt>
      <trkpt lat="50.880353" lon="12.985429">
        <ele>328.128181</ele>
        <time>2026-04-27T21:29:16.879Z</time>
      </trkpt>
      <trkpt lat="50.879946" lon="12.984011">
        <ele>328.016915</ele>
        <time>2026-04-27T21:29:30.358Z</time>
      </trkpt>
      <trkpt lat="50.879633" lon="12.982964">
        <ele>327.944895</ele>
        <time>2026-04-27T21:29:41.348Z</time>
      </trkpt>
      <trkpt lat="50.879699" lon="12.982742">
        <ele>327.933117</ele>
        <time>2026-04-27T21:29:43.789Z</time>
      </trkpt>
      <trkpt lat="50.879469" lon="12.982419">
        <ele>328.000912</ele>
        <time>2026-04-27T21:29:48.879Z</time>
      </trkpt>
      <trkpt lat="50.878936" lon="12.981517">
        <ele>328.172932</ele>
        <time>2026-04-27T21:30:01.628Z</time>
      </trkpt>
      <trkpt lat="50.878410" lon="12.980770">
        <ele>328.330101</ele>
        <time>2026-04-27T21:30:11.896Z</time>
      </trkpt>
      <trkpt lat="50.877176" lon="12.979725">
        <ele>328.979329</ele>
        <time>2026-04-27T21:30:33.570Z</time>
      </trkpt>
      <trkpt lat="50.875953" lon="12.978701">
        <ele>330.929019</ele>
        <time>2026-04-27T21:31:02.032Z</time>
      </trkpt>
      <trkpt lat="50.875666" lon="12.978387">
        <ele>331.551925</ele>
        <time>2026-04-27T21:31:10.034Z</time>
      </trkpt>
      <trkpt lat="50.875462" lon="12.978209">
        <ele>331.967869</ele>
        <time>2026-04-27T21:31:15.575Z</time>
      </trkpt>
      <trkpt lat="50.875304" lon="12.977989">
        <ele>332.343528</ele>
        <time>2026-04-27T21:31:20.583Z</time>
      </trkpt>
      <trkpt lat="50.874982" lon="12.977539">
        <ele>333.884624</ele>
        <time>2026-04-27T21:31:31.254Z</time>
      </trkpt>
      <trkpt lat="50.874166" lon="12.976056">
        <ele>338.436451</ele>
        <time>2026-04-27T21:32:09.026Z</time>
      </trkpt>
      <trkpt lat="50.873803" lon="12.975312">
        <ele>341.014680</ele>
        <time>2026-04-27T21:32:29.389Z</time>
      </trkpt>
      <trkpt lat="50.873429" lon="12.974431">
        <ele>344.072823</ele>
        <time>2026-04-27T21:32:53.233Z</time>
      </trkpt>
      <trkpt lat="50.873249" lon="12.974007">
        <ele>345.544637</ele>
        <time>2026-04-27T21:33:04.123Z</time>
      </trkpt>
      <trkpt lat="50.873053" lon="12.973568">
        <ele>347.093493</ele>
        <time>2026-04-27T21:33:14.962Z</time>
      </trkpt>
      <trkpt lat="50.872505" lon="12.972395">
        <ele>349.366965</ele>
        <time>2026-04-27T21:33:40.207Z</time>
      </trkpt>
      <trkpt lat="50.872093" lon="12.971551">
        <ele>351.000215</ele>
        <time>2026-04-27T21:33:54.205Z</time>
      </trkpt>
      <trkpt lat="50.871956" lon="12.971164">
        <ele>351.648199</ele>
        <time>2026-04-27T21:33:59.549Z</time>
      </trkpt>
      <trkpt lat="50.871794" lon="12.970626">
        <ele>352.355417</ele>
        <time>2026-04-27T21:34:06.970Z</time>
      </trkpt>
      <trkpt lat="50.871589" lon="12.969898">
        <ele>353.301200</ele>
        <time>2026-04-27T21:34:17.475Z</time>
      </trkpt>
      <trkpt lat="50.871553" lon="12.969768">
        <ele>353.469628</ele>
        <time>2026-04-27T21:34:19.345Z</time>
      </trkpt>
      <trkpt lat="50.871430" lon="12.969350">
        <ele>354.016807</ele>
        <time>2026-04-27T21:34:25.633Z</time>
      </trkpt>
      <trkpt lat="50.871172" lon="12.968490">
        <ele>355.228426</ele>
        <time>2026-04-27T21:34:41.039Z</time>
      </trkpt>
      <trkpt lat="50.871034" lon="12.967899">
        <ele>356.248817</ele>
        <time>2026-04-27T21:34:52.174Z</time>
      </trkpt>
      <trkpt lat="50.870855" lon="12.967027">
        <ele>357.733639</ele>
        <time>2026-04-27T21:35:07.970Z</time>
      </trkpt>
      <trkpt lat="50.870828" lon="12.966908">
        <ele>357.938408</ele>
        <time>2026-04-27T21:35:09.993Z</time>
      </trkpt>
      <trkpt lat="50.870762" lon="12.966612">
        <ele>358.446750</ele>
        <time>2026-04-27T21:35:14.929Z</time>
      </trkpt>
      <trkpt lat="50.870629" lon="12.966196">
        <ele>359.201882</ele>
        <time>2026-04-27T21:35:22.197Z</time>
      </trkpt>
      <trkpt lat="50.870427" lon="12.965781">
        <ele>359.371217</ele>
        <time>2026-04-27T21:35:29.552Z</time>
      </trkpt>
      <trkpt lat="50.870328" lon="12.965634">
        <ele>359.258614</ele>
        <time>2026-04-27T21:35:32.039Z</time>
      </trkpt>
      <trkpt lat="50.870177" lon="12.965423">
        <ele>359.091520</ele>
        <time>2026-04-27T21:35:35.271Z</time>
      </trkpt>
      <trkpt lat="50.869781" lon="12.965026">
        <ele>358.702598</ele>
        <time>2026-04-27T21:35:41.404Z</time>
      </trkpt>
      <trkpt lat="50.869660" lon="12.964943">
        <ele>358.593166</ele>
        <time>2026-04-27T21:35:42.947Z</time>
      </trkpt>
      <trkpt lat="50.869084" lon="12.964621">
        <ele>358.086226</ele>
        <time>2026-04-27T21:35:49.575Z</time>
      </trkpt>
      <trkpt lat="50.868865" lon="12.964427">
        <ele>357.192262</ele>
        <time>2026-04-27T21:35:52.075Z</time>
      </trkpt>
      <trkpt lat="50.868699" lon="12.964205">
        <ele>356.269233</ele>
        <time>2026-04-27T21:35:54.162Z</time>
      </trkpt>
      <trkpt lat="50.868534" lon="12.963931">
        <ele>355.253610</ele>
        <time>2026-04-27T21:35:56.407Z</time>
      </trkpt>
      <trkpt lat="50.868294" lon="12.963433">
        <ele>353.573258</ele>
        <time>2026-04-27T21:36:00.100Z</time>
      </trkpt>
      <trkpt lat="50.867965" lon="12.962643">
        <ele>351.034999</ele>
        <time>2026-04-27T21:36:05.794Z</time>
      </trkpt>
      <trkpt lat="50.867826" lon="12.962186">
        <ele>349.965989</ele>
        <time>2026-04-27T21:36:08.917Z</time>
      </trkpt>
      <trkpt lat="50.867529" lon="12.961033">
        <ele>347.965145</ele>
        <time>2026-04-27T21:36:17.100Z</time>
      </trkpt>
      <trkpt lat="50.867410" lon="12.960690">
        <ele>347.336277</ele>
        <time>2026-04-27T21:36:20.080Z</time>
      </trkpt>
      <trkpt lat="50.867236" lon="12.960408">
        <ele>346.702637</ele>
        <time>2026-04-27T21:36:23.029Z</time>
      </trkpt>
      <trkpt lat="50.866982" lon="12.960131">
        <ele>345.917657</ele>
        <time>2026-04-27T21:36:26.463Z</time>
      </trkpt>
      <trkpt lat="50.866550" lon="12.959661">
        <ele>344.439683</ele>
        <time>2026-04-27T21:36:32.016Z</time>
      </trkpt>
      <trkpt lat="50.866280" lon="12.959366">
        <ele>343.507779</ele>
        <time>2026-04-27T21:36:35.394Z</time>
      </trkpt>
      <trkpt lat="50.866081" lon="12.959148">
        <ele>342.820345</ele>
        <time>2026-04-27T21:36:37.863Z</time>
      </trkpt>
      <trkpt lat="50.865550" lon="12.958565">
        <ele>340.984702</ele>
        <time>2026-04-27T21:36:44.345Z</time>
      </trkpt>
      <trkpt lat="50.865257" lon="12.958245">
        <ele>339.839215</ele>
        <time>2026-04-27T21:36:47.927Z</time>
      </trkpt>
      <trkpt lat="50.865206" lon="12.958183">
        <ele>339.623332</ele>
        <time>2026-04-27T21:36:48.582Z</time>
      </trkpt>
      <trkpt lat="50.864494" lon="12.956841">
        <ele>335.907292</ele>
        <time>2026-04-27T21:36:59.901Z</time>
      </trkpt>
      <trkpt lat="50.864347" lon="12.956550">
        <ele>335.117241</ele>
        <time>2026-04-27T21:37:02.254Z</time>
      </trkpt>
      <trkpt lat="50.863626" lon="12.954714">
        <ele>329.258568</ele>
        <time>2026-04-27T21:37:15.440Z</time>
      </trkpt>
      <trkpt lat="50.863343" lon="12.953973">
        <ele>326.856932</ele>
        <time>2026-04-27T21:37:20.572Z</time>
      </trkpt>
      <trkpt lat="50.862998" lon="12.953141">
        <ele>324.855893</ele>
        <time>2026-04-27T21:37:26.547Z</time>
      </trkpt>
      <trkpt lat="50.862929" lon="12.953007">
        <ele>324.512594</ele>
        <time>2026-04-27T21:37:27.603Z</time>
      </trkpt>
      <trkpt lat="50.862921" lon="12.952992">
        <ele>324.473610</ele>
        <time>2026-04-27T21:37:27.715Z</time>
      </trkpt>
      <trkpt lat="50.862576" lon="12.952596">
        <ele>323.133704</ele>
        <time>2026-04-27T21:37:31.963Z</time>
      </trkpt>
      <trkpt lat="50.862101" lon="12.952109">
        <ele>321.354243</ele>
        <time>2026-04-27T21:37:38.238Z</time>
      </trkpt>
      <trkpt lat="50.862064" lon="12.952071">
        <ele>321.215562</ele>
        <time>2026-04-27T21:37:38.787Z</time>
      </trkpt>
      <trkpt lat="50.861880" lon="12.951882">
        <ele>321.446162</ele>
        <time>2026-04-27T21:37:41.866Z</time>
      </trkpt>
      <trkpt lat="50.861812" lon="12.951830">
        <ele>321.581283</ele>
        <time>2026-04-27T21:37:43.021Z</time>
      </trkpt>
      <trkpt lat="50.861752" lon="12.951827">
        <ele>321.688707</ele>
        <time>2026-04-27T21:37:43.988Z</time>
      </trkpt>
      <trkpt lat="50.861641" lon="12.951836">
        <ele>321.887602</ele>
        <time>2026-04-27T21:37:45.840Z</time>
      </trkpt>
      <trkpt lat="50.861521" lon="12.951845">
        <ele>322.102584</ele>
        <time>2026-04-27T21:37:47.942Z</time>
      </trkpt>
      <trkpt lat="50.861401" lon="12.951854">
        <ele>322.317565</ele>
        <time>2026-04-27T21:37:50.294Z</time>
      </trkpt>
      <trkpt lat="50.861062" lon="12.951877">
        <ele>322.924765</ele>
        <time>2026-04-27T21:37:58.177Z</time>
      </trkpt>
      <trkpt lat="50.860715" lon="12.951930">
        <ele>323.548604</ele>
        <time>2026-04-27T21:38:07.891Z</time>
      </trkpt>
      <trkpt lat="50.860634" lon="12.951987">
        <ele>323.707211</ele>
        <time>2026-04-27T21:38:10.458Z</time>
      </trkpt>
      <trkpt lat="50.860405" lon="12.951840">
        <ele>324.149370</ele>
        <time>2026-04-27T21:38:17.587Z</time>
      </trkpt>
      <trkpt lat="50.860175" lon="12.951753">
        <ele>324.715089</ele>
        <time>2026-04-27T21:38:24.511Z</time>
      </trkpt>
      <trkpt lat="50.859765" lon="12.951519">
        <ele>325.955482</ele>
        <time>2026-04-27T21:38:37.309Z</time>
      </trkpt>
      <trkpt lat="50.859586" lon="12.951373">
        <ele>326.528526</ele>
        <time>2026-04-27T21:38:43.070Z</time>
      </trkpt>
      <trkpt lat="50.859565" lon="12.951357">
        <ele>326.594851</ele>
        <time>2026-04-27T21:38:43.736Z</time>
      </trkpt>
      <trkpt lat="50.859282" lon="12.951130">
        <ele>327.497712</ele>
        <time>2026-04-27T21:38:52.531Z</time>
      </trkpt>
      <trkpt lat="50.858916" lon="12.950819">
        <ele>328.679842</ele>
        <time>2026-04-27T21:39:02.751Z</time>
      </trkpt>
      <trkpt lat="50.858893" lon="12.950800">
        <ele>328.753672</ele>
        <time>2026-04-27T21:39:03.366Z</time>
      </trkpt>
      <trkpt lat="50.858419" lon="12.950396">
        <ele>329.945801</ele>
        <time>2026-04-27T21:39:14.396Z</time>
      </trkpt>
      <trkpt lat="50.858094" lon="12.950126">
        <ele>330.565226</ele>
        <time>2026-04-27T21:39:21.771Z</time>
      </trkpt>
      <trkpt lat="50.858060" lon="12.950097">
        <ele>330.630404</ele>
        <time>2026-04-27T21:39:22.595Z</time>
      </trkpt>
      <trkpt lat="50.858045" lon="12.950086">
        <ele>330.658304</ele>
        <time>2026-04-27T21:39:22.935Z</time>
      </trkpt>
      <trkpt lat="50.857597" lon="12.949705">
        <ele>331.516561</ele>
        <time>2026-04-27T21:39:33.157Z</time>
      </trkpt>
      <trkpt lat="50.857161" lon="12.949349">
        <ele>332.344492</ele>
        <time>2026-04-27T21:39:43.565Z</time>
      </trkpt>
      <trkpt lat="50.857087" lon="12.949279">
        <ele>332.493278</ele>
        <time>2026-04-27T21:39:45.651Z</time>
      </trkpt>
      <trkpt lat="50.856835" lon="12.949034">
        <ele>333.467482</ele>
        <time>2026-04-27T21:39:53.009Z</time>
      </trkpt>
      <trkpt lat="50.856811" lon="12.949005">
        <ele>333.566937</ele>
        <time>2026-04-27T21:39:53.817Z</time>
      </trkpt>
      <trkpt lat="50.856771" lon="12.948961">
        <ele>333.727389</ele>
        <time>2026-04-27T21:39:55.083Z</time>
      </trkpt>
      <trkpt lat="50.856632" lon="12.948806">
        <ele>334.287463</ele>
        <time>2026-04-27T21:39:59.947Z</time>
      </trkpt>
      <trkpt lat="50.856378" lon="12.948484">
        <ele>335.359348</ele>
        <time>2026-04-27T21:40:09.830Z</time>
      </trkpt>
      <trkpt lat="50.855609" lon="12.947504">
        <ele>338.505882</ele>
        <time>2026-04-27T21:40:40.404Z</time>
      </trkpt>
      <trkpt lat="50.854628" lon="12.946249">
        <ele>340.455226</ele>
        <time>2026-04-27T21:41:10.723Z</time>
      </trkpt>
      <trkpt lat="50.854121" lon="12.945704">
        <ele>340.858859</ele>
        <time>2026-04-27T21:41:18.735Z</time>
      </trkpt>
      <trkpt lat="50.853582" lon="12.945180">
        <ele>339.295300</ele>
        <time>2026-04-27T21:41:25.434Z</time>
      </trkpt>
      <trkpt lat="50.853235" lon="12.944892">
        <ele>338.326760</ele>
        <time>2026-04-27T21:41:29.389Z</time>
      </trkpt>
      <trkpt lat="50.853146" lon="12.944850">
        <ele>338.097163</ele>
        <time>2026-04-27T21:41:30.338Z</time>
      </trkpt>
      <trkpt lat="50.853009" lon="12.944830">
        <ele>337.757015</ele>
        <time>2026-04-27T21:41:31.751Z</time>
      </trkpt>
      <trkpt lat="50.852657" lon="12.944878">
        <ele>336.883527</ele>
        <time>2026-04-27T21:41:35.440Z</time>
      </trkpt>
      <trkpt lat="50.852570" lon="12.944919">
        <ele>336.608852</ele>
        <time>2026-04-27T21:41:36.394Z</time>
      </trkpt>
      <trkpt lat="50.852471" lon="12.944648">
        <ele>335.838812</ele>
        <time>2026-04-27T21:41:38.396Z</time>
      </trkpt>
      <trkpt lat="50.852478" lon="12.944506">
        <ele>335.488514</ele>
        <time>2026-04-27T21:41:39.297Z</time>
      </trkpt>
      <trkpt lat="50.852510" lon="12.944438">
        <ele>335.279925</ele>
        <time>2026-04-27T21:41:39.832Z</time>
      </trkpt>
      <trkpt lat="50.852877" lon="12.943663">
        <ele>332.897277</ele>
        <time>2026-04-27T21:41:45.733Z</time>
      </trkpt>
      <trkpt lat="50.852418" lon="12.943135">
        <ele>330.687394</ele>
        <time>2026-04-27T21:41:51.289Z</time>
      </trkpt>
      <trkpt lat="50.852121" lon="12.942796">
        <ele>329.186805</ele>
        <time>2026-04-27T21:41:54.845Z</time>
      </trkpt>
      <trkpt lat="50.852687" lon="12.941511">
        <ele>324.733201</ele>
        <time>2026-04-27T21:42:04.348Z</time>
      </trkpt>
      <trkpt lat="50.852409" lon="12.941221">
        <ele>323.234510</ele>
        <time>2026-04-27T21:42:07.651Z</time>
      </trkpt>
      <trkpt lat="50.852196" lon="12.940999">
        <ele>322.086533</ele>
        <time>2026-04-27T21:42:10.085Z</time>
      </trkpt>
      <trkpt lat="50.852017" lon="12.940812">
        <ele>320.958452</ele>
        <time>2026-04-27T21:42:12.095Z</time>
      </trkpt>
      <trkpt lat="50.851776" lon="12.940499">
        <ele>319.116629</ele>
        <time>2026-04-27T21:42:14.947Z</time>
      </trkpt>
      <trkpt lat="50.851669" lon="12.940361">
        <ele>318.301171</ele>
        <time>2026-04-27T21:42:16.192Z</time>
      </trkpt>
      <trkpt lat="50.851642" lon="12.940287">
        <ele>317.982281</ele>
        <time>2026-04-27T21:42:16.679Z</time>
      </trkpt>
      <trkpt lat="50.851219" lon="12.939685">
        <ele>314.621594</ele>
        <time>2026-04-27T21:42:21.855Z</time>
      </trkpt>
      <trkpt lat="50.850635" lon="12.939495">
        <ele>311.098209</ele>
        <time>2026-04-27T21:42:27.274Z</time>
      </trkpt>
      <trkpt lat="50.850331" lon="12.939366">
        <ele>310.100842</ele>
        <time>2026-04-27T21:42:30.192Z</time>
      </trkpt>
      <trkpt lat="50.850076" lon="12.939150">
        <ele>309.223039</ele>
        <time>2026-04-27T21:42:32.962Z</time>
      </trkpt>
      <trkpt lat="50.849922" lon="12.939018">
        <ele>308.691504</ele>
        <time>2026-04-27T21:42:34.703Z</time>
      </trkpt>
      <trkpt lat="50.849600" lon="12.938760">
        <ele>307.596111</ele>
        <time>2026-04-27T21:42:38.478Z</time>
      </trkpt>
      <trkpt lat="50.849534" lon="12.938707">
        <ele>307.371487</ele>
        <time>2026-04-27T21:42:39.305Z</time>
      </trkpt>
      <trkpt lat="50.849443" lon="12.938629">
        <ele>307.057397</ele>
        <time>2026-04-27T21:42:40.439Z</time>
      </trkpt>
      <trkpt lat="50.849295" lon="12.938509">
        <ele>306.552693</ele>
        <time>2026-04-27T21:42:42.366Z</time>
      </trkpt>
      <trkpt lat="50.849214" lon="12.938442">
        <ele>306.275303</ele>
        <time>2026-04-27T21:42:43.491Z</time>
      </trkpt>
      <trkpt lat="50.848836" lon="12.938091">
        <ele>305.467103</ele>
        <time>2026-04-27T21:42:49.404Z</time>
      </trkpt>
      <trkpt lat="50.848475" lon="12.937755">
        <ele>305.289348</ele>
        <time>2026-04-27T21:42:55.394Z</time>
      </trkpt>
      <trkpt lat="50.848331" lon="12.937621">
        <ele>305.218446</ele>
        <time>2026-04-27T21:42:57.782Z</time>
      </trkpt>
      <trkpt lat="50.848197" lon="12.937498">
        <ele>305.152698</ele>
        <time>2026-04-27T21:42:59.968Z</time>
      </trkpt>
      <trkpt lat="50.848095" lon="12.937395">
        <ele>305.101344</ele>
        <time>2026-04-27T21:43:01.618Z</time>
      </trkpt>
      <trkpt lat="50.847430" lon="12.936755">
        <ele>304.774666</ele>
        <time>2026-04-27T21:43:12.305Z</time>
      </trkpt>
      <trkpt lat="50.847325" lon="12.936688">
        <ele>304.736731</ele>
        <time>2026-04-27T21:43:13.740Z</time>
      </trkpt>
      <trkpt lat="50.846532" lon="12.936455">
        <ele>304.466447</ele>
        <time>2026-04-27T21:43:23.812Z</time>
      </trkpt>
      <trkpt lat="50.845941" lon="12.936316">
        <ele>304.266221</ele>
        <time>2026-04-27T21:43:32.559Z</time>
      </trkpt>
      <trkpt lat="50.845863" lon="12.936298">
        <ele>304.239805</ele>
        <time>2026-04-27T21:43:33.794Z</time>
      </trkpt>
      <trkpt lat="50.845442" lon="12.936164">
        <ele>304.077492</ele>
        <time>2026-04-27T21:43:50.455Z</time>
      </trkpt>
      <trkpt lat="50.845355" lon="12.936148">
        <ele>304.042119</ele>
        <time>2026-04-27T21:43:53.840Z</time>
      </trkpt>
      <trkpt lat="50.845371" lon="12.936014">
        <ele>304.007343</ele>
        <time>2026-04-27T21:43:55.169Z</time>
      </trkpt>
      <trkpt lat="50.845490" lon="12.935047">
        <ele>303.756113</ele>
        <time>2026-04-27T21:44:03.958Z</time>
      </trkpt>
      <trkpt lat="50.845758" lon="12.933654">
        <ele>303.176540</ele>
        <time>2026-04-27T21:44:15.578Z</time>
      </trkpt>
      <trkpt lat="50.845931" lon="12.932753">
        <ele>302.264815</ele>
        <time>2026-04-27T21:44:22.123Z</time>
      </trkpt>
      <trkpt lat="50.845951" lon="12.932645">
        <ele>302.155853</ele>
        <time>2026-04-27T21:44:22.889Z</time>
      </trkpt>
      <trkpt lat="50.846078" lon="12.931935">
        <ele>301.441433</ele>
        <time>2026-04-27T21:44:27.932Z</time>
      </trkpt>
      <trkpt lat="50.846238" lon="12.931070">
        <ele>300.606238</ele>
        <time>2026-04-27T21:44:34.708Z</time>
      </trkpt>
      <trkpt lat="50.846278" lon="12.930746">
        <ele>300.376847</ele>
        <time>2026-04-27T21:44:37.246Z</time>
      </trkpt>
      <trkpt lat="50.846235" lon="12.930263">
        <ele>300.037919</ele>
        <time>2026-04-27T21:44:41.024Z</time>
      </trkpt>
      <trkpt lat="50.846144" lon="12.929734">
        <ele>299.656950</ele>
        <time>2026-04-27T21:44:45.368Z</time>
      </trkpt>
      <trkpt lat="50.845723" lon="12.926640">
        <ele>297.521752</ele>
        <time>2026-04-27T21:45:09.388Z</time>
      </trkpt>
      <trkpt lat="50.845706" lon="12.926514">
        <ele>297.436757</ele>
        <time>2026-04-27T21:45:10.337Z</time>
      </trkpt>
      <trkpt lat="50.845675" lon="12.926285">
        <ele>297.282260</ele>
        <time>2026-04-27T21:45:12.078Z</time>
      </trkpt>
      <trkpt lat="50.845580" lon="12.925551">
        <ele>296.817261</ele>
        <time>2026-04-27T21:45:18.014Z</time>
      </trkpt>
      <trkpt lat="50.845561" lon="12.925399">
        <ele>296.769531</ele>
        <time>2026-04-27T21:45:19.284Z</time>
      </trkpt>
      <trkpt lat="50.845533" lon="12.925185">
        <ele>296.702211</ele>
        <time>2026-04-27T21:45:21.070Z</time>
      </trkpt>
      <trkpt lat="50.845469" lon="12.924742">
        <ele>296.562224</ele>
        <time>2026-04-27T21:45:24.807Z</time>
      </trkpt>
      <trkpt lat="50.845430" lon="12.924628">
        <ele>296.522285</ele>
        <time>2026-04-27T21:45:25.876Z</time>
      </trkpt>
      <trkpt lat="50.845250" lon="12.924433">
        <ele>296.415893</ele>
        <time>2026-04-27T21:45:28.805Z</time>
      </trkpt>
      <trkpt lat="50.845040" lon="12.924308">
        <ele>296.306447</ele>
        <time>2026-04-27T21:45:31.991Z</time>
      </trkpt>
      <trkpt lat="50.844521" lon="12.924001">
        <ele>296.036168</ele>
        <time>2026-04-27T21:45:40.174Z</time>
      </trkpt>
      <trkpt lat="50.843106" lon="12.923127">
        <ele>294.805118</ele>
        <time>2026-04-27T21:45:59.233Z</time>
      </trkpt>
      <trkpt lat="50.842941" lon="12.923076">
        <ele>294.663131</ele>
        <time>2026-04-27T21:46:01.287Z</time>
      </trkpt>
      <trkpt lat="50.842927" lon="12.923069">
        <ele>294.650731</ele>
        <time>2026-04-27T21:46:01.455Z</time>
      </trkpt>
      <trkpt lat="50.842233" lon="12.922633">
        <ele>294.326923</ele>
        <time>2026-04-27T21:46:10.197Z</time>
      </trkpt>
      <trkpt lat="50.841810" lon="12.922375">
        <ele>294.219673</ele>
        <time>2026-04-27T21:46:15.894Z</time>
      </trkpt>
      <trkpt lat="50.841386" lon="12.922122">
        <ele>294.112467</ele>
        <time>2026-04-27T21:46:22.547Z</time>
      </trkpt>
      <trkpt lat="50.841285" lon="12.922063">
        <ele>294.086996</ele>
        <time>2026-04-27T21:46:24.463Z</time>
      </trkpt>
      <trkpt lat="50.840898" lon="12.921827">
        <ele>294.194167</ele>
        <time>2026-04-27T21:46:32.516Z</time>
      </trkpt>
      <trkpt lat="50.840496" lon="12.921576">
        <ele>294.750611</ele>
        <time>2026-04-27T21:46:42.356Z</time>
      </trkpt>
      <trkpt lat="50.840449" lon="12.921549">
        <ele>294.814993</ele>
        <time>2026-04-27T21:46:43.501Z</time>
      </trkpt>
      <trkpt lat="50.840304" lon="12.921511">
        <ele>295.004250</ele>
        <time>2026-04-27T21:46:47.062Z</time>
      </trkpt>
      <trkpt lat="50.839660" lon="12.921475">
        <ele>295.834053</ele>
        <time>2026-04-27T21:47:00.748Z</time>
      </trkpt>
      <trkpt lat="50.839660" lon="12.921477">
        <ele>295.835679</ele>
        <time>2026-04-27T21:47:00.764Z</time>
      </trkpt>
      <trkpt lat="50.839020" lon="12.921443">
        <ele>296.047709</ele>
        <time>2026-04-27T21:47:12.631Z</time>
      </trkpt>
      <trkpt lat="50.838380" lon="12.921410">
        <ele>295.310438</ele>
        <time>2026-04-27T21:47:24.498Z</time>
      </trkpt>
      <trkpt lat="50.837950" lon="12.921250">
        <ele>294.801862</ele>
        <time>2026-04-27T21:47:32.687Z</time>
      </trkpt>
      <trkpt lat="50.837730" lon="12.921130">
        <ele>294.533952</ele>
        <time>2026-04-27T21:47:36.998Z</time>
      </trkpt>
      <trkpt lat="50.837460" lon="12.920930">
        <ele>294.240619</ele>
        <time>2026-04-27T21:47:42.526Z</time>
      </trkpt>
      <trkpt lat="50.837364" lon="12.921331">
        <ele>294.135562</ele>
        <time>2026-04-27T21:47:47.539Z</time>
      </trkpt>
      <trkpt lat="50.837261" lon="12.921211">
        <ele>294.085958</ele>
        <time>2026-04-27T21:47:56.407Z</time>
      </trkpt>
      <trkpt lat="50.837157" lon="12.921083">
        <ele>294.034862</ele>
        <time>2026-04-27T21:48:05.610Z</time>
      </trkpt>
      <trkpt lat="50.837086" lon="12.920996">
        <ele>294.000037</ele>
        <time>2026-04-27T21:48:11.848Z</time>
      </trkpt>
      <trkpt lat="50.836906" lon="12.920787">
        <ele>293.913452</ele>
        <time>2026-04-27T21:48:27.373Z</time>
      </trkpt>
      <trkpt lat="50.836849" lon="12.920854">
        <ele>293.885915</ele>
        <time>2026-04-27T21:48:32.304Z</time>
      </trkpt>
      <trkpt lat="50.836791" lon="12.920771">
        <ele>293.855589</ele>
        <time>2026-04-27T21:48:37.692Z</time>
      </trkpt>
      <trkpt lat="50.836860" lon="12.920594">
        <ele>293.804632</ele>
        <time>2026-04-27T21:48:39.901Z</time>
      </trkpt>
      <trkpt lat="50.836904" lon="12.920425">
        <ele>293.759850</ele>
        <time>2026-04-27T21:48:41.980Z</time>
      </trkpt>
      <trkpt lat="50.836894" lon="12.920312">
        <ele>293.731897</ele>
        <time>2026-04-27T21:48:43.108Z</time>
      </trkpt>
      <trkpt lat="50.836769" lon="12.920172">
        <ele>293.672505</ele>
        <time>2026-04-27T21:48:45.231Z</time>
      </trkpt>
      <trkpt lat="50.836745" lon="12.920143">
        <ele>293.660794</ele>
        <time>2026-04-27T21:48:45.820Z</time>
      </trkpt>
      <trkpt lat="50.836332" lon="12.919642">
        <ele>294.232804</ele>
        <time>2026-04-27T21:48:57.901Z</time>
      </trkpt>
      <trkpt lat="50.836274" lon="12.919568">
        <ele>294.408536</ele>
        <time>2026-04-27T21:48:59.996Z</time>
      </trkpt>
      <trkpt lat="50.836122" lon="12.919430">
        <ele>294.821914</ele>
        <time>2026-04-27T21:49:05.215Z</time>
      </trkpt>
      <trkpt lat="50.835995" lon="12.919255">
        <ele>295.219114</ele>
        <time>2026-04-27T21:49:10.151Z</time>
      </trkpt>
      <trkpt lat="50.835912" lon="12.919144">
        <ele>295.475433</ele>
        <time>2026-04-27T21:49:13.177Z</time>
      </trkpt>
      <trkpt lat="50.835796" lon="12.918989">
        <ele>295.833535</ele>
        <time>2026-04-27T21:49:17.141Z</time>
      </trkpt>
      <trkpt lat="50.835389" lon="12.918434">
        <ele>297.100775</ele>
        <time>2026-04-27T21:49:30.799Z</time>
      </trkpt>
      <trkpt lat="50.835135" lon="12.918058">
        <ele>297.862776</ele>
        <time>2026-04-27T21:49:38.468Z</time>
      </trkpt>
      <trkpt lat="50.835041" lon="12.917886">
        <ele>298.020851</ele>
        <time>2026-04-27T21:49:41.406Z</time>
      </trkpt>
      <trkpt lat="50.834722" lon="12.917141">
        <ele>298.646379</ele>
        <time>2026-04-27T21:49:52.001Z</time>
      </trkpt>
      <trkpt lat="50.834685" lon="12.917037">
        <ele>298.729334</ele>
        <time>2026-04-27T21:49:53.215Z</time>
      </trkpt>
      <trkpt lat="50.834307" lon="12.916180">
        <ele>299.455794</ele>
        <time>2026-04-27T21:50:03.680Z</time>
      </trkpt>
      <trkpt lat="50.834162" lon="12.915926">
        <ele>299.693743</ele>
        <time>2026-04-27T21:50:07.490Z</time>
      </trkpt>
      <trkpt lat="50.833970" lon="12.915785">
        <ele>300.417516</ele>
        <time>2026-04-27T21:50:11.641Z</time>
      </trkpt>
      <trkpt lat="50.833822" lon="12.915714">
        <ele>301.203507</ele>
        <time>2026-04-27T21:50:15.236Z</time>
      </trkpt>
      <trkpt lat="50.833857" lon="12.915514">
        <ele>301.869700</ele>
        <time>2026-04-27T21:50:18.654Z</time>
      </trkpt>
      <trkpt lat="50.833913" lon="12.915203">
        <ele>302.907795</ele>
        <time>2026-04-27T21:50:24.557Z</time>
      </trkpt>
      <trkpt lat="50.833956" lon="12.914465">
        <ele>305.286841</ele>
        <time>2026-04-27T21:50:41.764Z</time>
      </trkpt>
      <trkpt lat="50.833985" lon="12.914100">
        <ele>306.467728</ele>
        <time>2026-04-27T21:50:51.835Z</time>
      </trkpt>
      <trkpt lat="50.834016" lon="12.913995">
        <ele>306.839788</ele>
        <time>2026-04-27T21:50:54.947Z</time>
      </trkpt>
      <trkpt lat="50.834238" lon="12.913768">
        <ele>308.182954</ele>
        <time>2026-04-27T21:51:07.373Z</time>
      </trkpt>
      <trkpt lat="50.834276" lon="12.913694">
        <ele>308.489103</ele>
        <time>2026-04-27T21:51:10.149Z</time>
      </trkpt>
      <trkpt lat="50.834273" lon="12.913507">
        <ele>309.099880</ele>
        <time>2026-04-27T21:51:16.009Z</time>
      </trkpt>
      <trkpt lat="50.834227" lon="12.913382">
        <ele>309.594824</ele>
        <time>2026-04-27T21:51:20.565Z</time>
      </trkpt>
      <trkpt lat="50.834150" lon="12.913286">
        <ele>310.125713</ele>
        <time>2026-04-27T21:51:25.174Z</time>
      </trkpt>
      <trkpt lat="50.834099" lon="12.913178">
        <ele>310.587061</ele>
        <time>2026-04-27T21:51:29.317Z</time>
      </trkpt>
      <trkpt lat="50.833934" lon="12.912553">
        <ele>312.904583</ele>
        <time>2026-04-27T21:51:47.720Z</time>
      </trkpt>
      <trkpt lat="50.833916" lon="12.912493">
        <ele>313.131835</ele>
        <time>2026-04-27T21:51:49.307Z</time>
      </trkpt>
      <trkpt lat="50.833907" lon="12.912459">
        <ele>313.257958</ele>
        <time>2026-04-27T21:51:50.146Z</time>
      </trkpt>
      <trkpt lat="50.833743" lon="12.911887">
        <ele>315.407085</ele>
        <time>2026-04-27T21:52:04.256Z</time>
      </trkpt>
      <trkpt lat="50.833660" lon="12.911562">
        <ele>316.606436</ele>
        <time>2026-04-27T21:52:11.059Z</time>
      </trkpt>
      <trkpt lat="50.833619" lon="12.911401">
        <ele>317.200339</ele>
        <time>2026-04-27T21:52:14.225Z</time>
      </trkpt>
      <trkpt lat="50.833578" lon="12.911237">
        <ele>317.803774</ele>
        <time>2026-04-27T21:52:17.312Z</time>
      </trkpt>
      <trkpt lat="50.833490" lon="12.910870">
        <ele>318.885011</ele>
        <time>2026-04-27T21:52:23.664Z</time>
      </trkpt>
      <trkpt lat="50.833458" lon="12.910736">
        <ele>319.102660</ele>
        <time>2026-04-27T21:52:25.881Z</time>
      </trkpt>
      <trkpt lat="50.833220" lon="12.909138">
        <ele>321.597056</ele>
        <time>2026-04-27T21:52:49.674Z</time>
      </trkpt>
      <trkpt lat="50.833155" lon="12.908679">
        <ele>322.311721</ele>
        <time>2026-04-27T21:52:57.254Z</time>
      </trkpt>
      <trkpt lat="50.833148" lon="12.908631">
        <ele>322.386565</ele>
        <time>2026-04-27T21:52:58.052Z</time>
      </trkpt>
      <trkpt lat="50.833063" lon="12.908057">
        <ele>323.002573</ele>
        <time>2026-04-27T21:53:07.203Z</time>
      </trkpt>
      <trkpt lat="50.833037" lon="12.907879">
        <ele>323.002573</ele>
        <time>2026-04-27T21:53:10.029Z</time>
      </trkpt>
      <trkpt lat="50.832932" lon="12.907155">
        <ele>323.002573</ele>
        <time>2026-04-27T21:53:21.547Z</time>
      </trkpt>
      <trkpt lat="50.832897" lon="12.906916">
        <ele>323.002573</ele>
        <time>2026-04-27T21:53:25.297Z</time>
      </trkpt>
      <trkpt lat="50.832891" lon="12.906874">
        <ele>323.002573</ele>
        <time>2026-04-27T21:53:25.927Z</time>
      </trkpt>
      <trkpt lat="50.832808" lon="12.906273">
        <ele>323.002573</ele>
        <time>2026-04-27T21:53:34.914Z</time>
      </trkpt>
      <trkpt lat="50.832768" lon="12.905965">
        <ele>323.002573</ele>
        <time>2026-04-27T21:53:39.121Z</time>
      </trkpt>
      <trkpt lat="50.832749" lon="12.905827">
        <ele>323.002573</ele>
        <time>2026-04-27T21:53:40.912Z</time>
      </trkpt>
      <trkpt lat="50.832730" lon="12.905696">
        <ele>323.002573</ele>
        <time>2026-04-27T21:53:42.590Z</time>
      </trkpt>
      <trkpt lat="50.832695" lon="12.905448">
        <ele>323.002573</ele>
        <time>2026-04-27T21:53:45.629Z</time>
      </trkpt>
    </trkseg>
  </trk>
</gpx>