<?xml version="1.0" encoding="UTF-8"?>
<gpx xmlns:gpxdata="http://www.cluetrust.com/XML/GPXDATA/1/0" xmlns:xsi="http://www.w3.org/2001/XMLSchema-instance" xmlns="http://www.topografix.com/GPX/1/1" version="1.1" creator="http://ridewithgps.com/" xsi:schemaLocation="http://www.topografix.com/GPX/1/1 http://www.topografix.com/GPX/1/1/gpx.xsd http://www.cluetrust.com/XML/GPXDATA/1/0 http://www.cluetrust.com/Schemas/gpxdata10.xsd">
  <metadata>
    <name>KLLKTV 260922</name>
    <link href="https://ridewithgps.com/routes/57246534">
      <text>KLLKTV 260922</text>
    </link>
    <time>2026-09-20T21:23:51Z</time>
  </metadata>
  <trk>
    <name>KLLKTV 260922</name>
    <trkseg>
      <trkpt lat="50.8326" lon="12.90536">
        <ele>329.3</ele>
      </trkpt>
      <trkpt lat="50.83267" lon="12.9058">
        <ele>328.4</ele>
      </trkpt>
      <trkpt lat="50.83267" lon="12.90585">
        <ele>328.4</ele>
      </trkpt>
      <trkpt lat="50.83275" lon="12.90583">
        <ele>328.1</ele>
      </trkpt>
      <trkpt lat="50.8329" lon="12.90692">
        <ele>325.9</ele>
      </trkpt>
      <trkpt lat="50.83306" lon="12.90806">
        <ele>324.1</ele>
      </trkpt>
      <trkpt lat="50.83219" lon="12.90836">
        <ele>324.6</ele>
      </trkpt>
      <trkpt lat="50.83219" lon="12.90836">
        <ele>324.6</ele>
      </trkpt>
      <trkpt lat="50.83186" lon="12.90847">
        <ele>324.1</ele>
      </trkpt>
      <trkpt lat="50.83167" lon="12.90852">
        <ele>323.8</ele>
      </trkpt>
      <trkpt lat="50.83151" lon="12.90862">
        <ele>323.4</ele>
      </trkpt>
      <trkpt lat="50.83137" lon="12.90878">
        <ele>322.9</ele>
      </trkpt>
      <trkpt lat="50.83072" lon="12.90945">
        <ele>319.9</ele>
      </trkpt>
      <trkpt lat="50.83007" lon="12.91012">
        <ele>316.1</ele>
      </trkpt>
      <trkpt lat="50.82941" lon="12.91079">
        <ele>313.7</ele>
      </trkpt>
      <trkpt lat="50.82887" lon="12.91142">
        <ele>307.0</ele>
      </trkpt>
      <trkpt lat="50.82869" lon="12.9116">
        <ele>303.9</ele>
      </trkpt>
      <trkpt lat="50.82845" lon="12.91174">
        <ele>300.5</ele>
      </trkpt>
      <trkpt lat="50.82825" lon="12.91196">
        <ele>300.1</ele>
      </trkpt>
      <trkpt lat="50.82806" lon="12.91216">
        <ele>299.7</ele>
      </trkpt>
      <trkpt lat="50.82785" lon="12.91238">
        <ele>299.4</ele>
      </trkpt>
      <trkpt lat="50.82759" lon="12.91261">
        <ele>300.1</ele>
      </trkpt>
      <trkpt lat="50.82723" lon="12.91294">
        <ele>303.0</ele>
      </trkpt>
      <trkpt lat="50.82712" lon="12.91309">
        <ele>304.0</ele>
      </trkpt>
      <trkpt lat="50.82704" lon="12.91321">
        <ele>304.6</ele>
      </trkpt>
      <trkpt lat="50.82695" lon="12.91338">
        <ele>305.4</ele>
      </trkpt>
      <trkpt lat="50.82688" lon="12.91355">
        <ele>306.3</ele>
      </trkpt>
      <trkpt lat="50.82684" lon="12.9137">
        <ele>306.9</ele>
      </trkpt>
      <trkpt lat="50.82678" lon="12.91404">
        <ele>308.1</ele>
      </trkpt>
      <trkpt lat="50.82666" lon="12.91473">
        <ele>310.4</ele>
      </trkpt>
      <trkpt lat="50.82647" lon="12.91564">
        <ele>309.6</ele>
      </trkpt>
      <trkpt lat="50.82634" lon="12.9161">
        <ele>308.3</ele>
      </trkpt>
      <trkpt lat="50.82613" lon="12.91678">
        <ele>306.3</ele>
      </trkpt>
      <trkpt lat="50.82606" lon="12.91696">
        <ele>306.0</ele>
      </trkpt>
      <trkpt lat="50.82584" lon="12.91762">
        <ele>304.4</ele>
      </trkpt>
      <trkpt lat="50.82561" lon="12.91828">
        <ele>300.8</ele>
      </trkpt>
      <trkpt lat="50.8255" lon="12.91866">
        <ele>299.8</ele>
      </trkpt>
      <trkpt lat="50.82543" lon="12.91894">
        <ele>299.3</ele>
      </trkpt>
      <trkpt lat="50.82539" lon="12.91915">
        <ele>299.0</ele>
      </trkpt>
      <trkpt lat="50.82531" lon="12.91976">
        <ele>298.8</ele>
      </trkpt>
      <trkpt lat="50.82526" lon="12.92016">
        <ele>298.7</ele>
      </trkpt>
      <trkpt lat="50.82522" lon="12.92065">
        <ele>298.7</ele>
      </trkpt>
      <trkpt lat="50.82522" lon="12.92101">
        <ele>300.1</ele>
      </trkpt>
      <trkpt lat="50.82526" lon="12.92163">
        <ele>302.8</ele>
      </trkpt>
      <trkpt lat="50.8253" lon="12.92193">
        <ele>303.1</ele>
      </trkpt>
      <trkpt lat="50.82531" lon="12.92264">
        <ele>303.4</ele>
      </trkpt>
      <trkpt lat="50.82532" lon="12.92336">
        <ele>303.8</ele>
      </trkpt>
      <trkpt lat="50.82532" lon="12.92364">
        <ele>304.0</ele>
      </trkpt>
      <trkpt lat="50.82524" lon="12.92423">
        <ele>304.3</ele>
      </trkpt>
      <trkpt lat="50.82522" lon="12.92455">
        <ele>304.5</ele>
      </trkpt>
      <trkpt lat="50.82522" lon="12.9248">
        <ele>304.6</ele>
      </trkpt>
      <trkpt lat="50.82524" lon="12.92511">
        <ele>304.7</ele>
      </trkpt>
      <trkpt lat="50.82509" lon="12.92515">
        <ele>304.9</ele>
      </trkpt>
      <trkpt lat="50.82462" lon="12.92525">
        <ele>306.0</ele>
      </trkpt>
      <trkpt lat="50.82417" lon="12.92538">
        <ele>307.4</ele>
      </trkpt>
      <trkpt lat="50.82344" lon="12.92567">
        <ele>306.9</ele>
      </trkpt>
      <trkpt lat="50.82325" lon="12.92567">
        <ele>307.0</ele>
      </trkpt>
      <trkpt lat="50.82324" lon="12.92564">
        <ele>307.0</ele>
      </trkpt>
      <trkpt lat="50.82323" lon="12.92558">
        <ele>306.9</ele>
      </trkpt>
      <trkpt lat="50.82319" lon="12.92551">
        <ele>307.0</ele>
      </trkpt>
      <trkpt lat="50.82314" lon="12.92549">
        <ele>307.1</ele>
      </trkpt>
      <trkpt lat="50.82309" lon="12.92549">
        <ele>307.2</ele>
      </trkpt>
      <trkpt lat="50.82305" lon="12.92553">
        <ele>307.3</ele>
      </trkpt>
      <trkpt lat="50.82303" lon="12.92556">
        <ele>307.4</ele>
      </trkpt>
      <trkpt lat="50.82301" lon="12.92562">
        <ele>307.5</ele>
      </trkpt>
      <trkpt lat="50.823" lon="12.92571">
        <ele>307.7</ele>
      </trkpt>
      <trkpt lat="50.82303" lon="12.9258">
        <ele>307.7</ele>
      </trkpt>
      <trkpt lat="50.82298" lon="12.92585">
        <ele>307.9</ele>
      </trkpt>
      <trkpt lat="50.8227" lon="12.92599">
        <ele>308.7</ele>
      </trkpt>
      <trkpt lat="50.82256" lon="12.92604">
        <ele>309.1</ele>
      </trkpt>
      <trkpt lat="50.82248" lon="12.92602">
        <ele>309.3</ele>
      </trkpt>
      <trkpt lat="50.82184" lon="12.9258">
        <ele>310.5</ele>
      </trkpt>
      <trkpt lat="50.82121" lon="12.92558">
        <ele>311.7</ele>
      </trkpt>
      <trkpt lat="50.82097" lon="12.92547">
        <ele>312.2</ele>
      </trkpt>
      <trkpt lat="50.82047" lon="12.92522">
        <ele>313.1</ele>
      </trkpt>
      <trkpt lat="50.8199" lon="12.92491">
        <ele>313.9</ele>
      </trkpt>
      <trkpt lat="50.81939" lon="12.92464">
        <ele>314.5</ele>
      </trkpt>
      <trkpt lat="50.81888" lon="12.92437">
        <ele>314.5</ele>
      </trkpt>
      <trkpt lat="50.81839" lon="12.92416">
        <ele>314.0</ele>
      </trkpt>
      <trkpt lat="50.81791" lon="12.92394">
        <ele>313.3</ele>
      </trkpt>
      <trkpt lat="50.81742" lon="12.92368">
        <ele>312.3</ele>
      </trkpt>
      <trkpt lat="50.81723" lon="12.92359">
        <ele>312.2</ele>
      </trkpt>
      <trkpt lat="50.81715" lon="12.92357">
        <ele>312.3</ele>
      </trkpt>
      <trkpt lat="50.81702" lon="12.92356">
        <ele>312.4</ele>
      </trkpt>
      <trkpt lat="50.81624" lon="12.92358">
        <ele>313.9</ele>
      </trkpt>
      <trkpt lat="50.81583" lon="12.92355">
        <ele>314.8</ele>
      </trkpt>
      <trkpt lat="50.81546" lon="12.92352">
        <ele>314.7</ele>
      </trkpt>
      <trkpt lat="50.81488" lon="12.92349">
        <ele>314.7</ele>
      </trkpt>
      <trkpt lat="50.81465" lon="12.92346">
        <ele>314.8</ele>
      </trkpt>
      <trkpt lat="50.81445" lon="12.9234">
        <ele>314.8</ele>
      </trkpt>
      <trkpt lat="50.81381" lon="12.92307">
        <ele>315.2</ele>
      </trkpt>
      <trkpt lat="50.81318" lon="12.92275">
        <ele>315.8</ele>
      </trkpt>
      <trkpt lat="50.81255" lon="12.92242">
        <ele>315.7</ele>
      </trkpt>
      <trkpt lat="50.81241" lon="12.92236">
        <ele>315.8</ele>
      </trkpt>
      <trkpt lat="50.8122" lon="12.92231">
        <ele>315.9</ele>
      </trkpt>
      <trkpt lat="50.81197" lon="12.92231">
        <ele>316.2</ele>
      </trkpt>
      <trkpt lat="50.81173" lon="12.92238">
        <ele>316.6</ele>
      </trkpt>
      <trkpt lat="50.81103" lon="12.92282">
        <ele>320.9</ele>
      </trkpt>
      <trkpt lat="50.81035" lon="12.9232">
        <ele>323.4</ele>
      </trkpt>
      <trkpt lat="50.80984" lon="12.92351">
        <ele>325.2</ele>
      </trkpt>
      <trkpt lat="50.80934" lon="12.92382">
        <ele>327.9</ele>
      </trkpt>
      <trkpt lat="50.80911" lon="12.92393">
        <ele>328.9</ele>
      </trkpt>
      <trkpt lat="50.8089" lon="12.924">
        <ele>329.8</ele>
      </trkpt>
      <trkpt lat="50.80876" lon="12.92403">
        <ele>330.3</ele>
      </trkpt>
      <trkpt lat="50.80852" lon="12.92403">
        <ele>331.2</ele>
      </trkpt>
      <trkpt lat="50.80831" lon="12.92398">
        <ele>331.8</ele>
      </trkpt>
      <trkpt lat="50.80807" lon="12.92388">
        <ele>331.9</ele>
      </trkpt>
      <trkpt lat="50.80745" lon="12.92357">
        <ele>331.7</ele>
      </trkpt>
      <trkpt lat="50.80724" lon="12.92349">
        <ele>331.9</ele>
      </trkpt>
      <trkpt lat="50.80714" lon="12.92347">
        <ele>332.1</ele>
      </trkpt>
      <trkpt lat="50.80703" lon="12.92348">
        <ele>332.3</ele>
      </trkpt>
      <trkpt lat="50.80679" lon="12.92355">
        <ele>332.8</ele>
      </trkpt>
      <trkpt lat="50.80625" lon="12.92378">
        <ele>333.3</ele>
      </trkpt>
      <trkpt lat="50.80598" lon="12.92388">
        <ele>333.5</ele>
      </trkpt>
      <trkpt lat="50.80596" lon="12.92381">
        <ele>333.5</ele>
      </trkpt>
      <trkpt lat="50.80593" lon="12.92376">
        <ele>333.5</ele>
      </trkpt>
      <trkpt lat="50.80589" lon="12.92372">
        <ele>333.4</ele>
      </trkpt>
      <trkpt lat="50.80584" lon="12.92371">
        <ele>333.4</ele>
      </trkpt>
      <trkpt lat="50.8058" lon="12.92372">
        <ele>333.5</ele>
      </trkpt>
      <trkpt lat="50.80576" lon="12.92376">
        <ele>333.6</ele>
      </trkpt>
      <trkpt lat="50.80573" lon="12.92382">
        <ele>333.7</ele>
      </trkpt>
      <trkpt lat="50.80571" lon="12.92389">
        <ele>333.8</ele>
      </trkpt>
      <trkpt lat="50.80571" lon="12.92396">
        <ele>333.9</ele>
      </trkpt>
      <trkpt lat="50.80573" lon="12.92403">
        <ele>333.9</ele>
      </trkpt>
      <trkpt lat="50.80526" lon="12.92421">
        <ele>334.8</ele>
      </trkpt>
      <trkpt lat="50.80465" lon="12.92436">
        <ele>335.6</ele>
      </trkpt>
      <trkpt lat="50.80445" lon="12.92446">
        <ele>335.8</ele>
      </trkpt>
      <trkpt lat="50.80422" lon="12.9246">
        <ele>336.1</ele>
      </trkpt>
      <trkpt lat="50.80382" lon="12.92487">
        <ele>336.7</ele>
      </trkpt>
      <trkpt lat="50.80346" lon="12.92515">
        <ele>337.2</ele>
      </trkpt>
      <trkpt lat="50.80332" lon="12.92528">
        <ele>337.3</ele>
      </trkpt>
      <trkpt lat="50.80269" lon="12.92587">
        <ele>338.2</ele>
      </trkpt>
      <trkpt lat="50.80206" lon="12.92646">
        <ele>340.2</ele>
      </trkpt>
      <trkpt lat="50.80186" lon="12.92666">
        <ele>340.4</ele>
      </trkpt>
      <trkpt lat="50.80145" lon="12.9271">
        <ele>339.6</ele>
      </trkpt>
      <trkpt lat="50.80135" lon="12.92724">
        <ele>339.3</ele>
      </trkpt>
      <trkpt lat="50.80126" lon="12.92736">
        <ele>339.0</ele>
      </trkpt>
      <trkpt lat="50.80122" lon="12.92744">
        <ele>338.8</ele>
      </trkpt>
      <trkpt lat="50.80113" lon="12.92764">
        <ele>338.7</ele>
      </trkpt>
      <trkpt lat="50.80105" lon="12.92788">
        <ele>338.6</ele>
      </trkpt>
      <trkpt lat="50.80076" lon="12.92909">
        <ele>338.6</ele>
      </trkpt>
      <trkpt lat="50.80067" lon="12.92936">
        <ele>338.4</ele>
      </trkpt>
      <trkpt lat="50.80039" lon="12.93004">
        <ele>336.8</ele>
      </trkpt>
      <trkpt lat="50.80001" lon="12.93083">
        <ele>335.1</ele>
      </trkpt>
      <trkpt lat="50.79974" lon="12.9313">
        <ele>335.1</ele>
      </trkpt>
      <trkpt lat="50.79936" lon="12.93192">
        <ele>334.2</ele>
      </trkpt>
      <trkpt lat="50.79898" lon="12.93254">
        <ele>333.6</ele>
      </trkpt>
      <trkpt lat="50.79897" lon="12.93254">
        <ele>337.3</ele>
      </trkpt>
      <trkpt lat="50.79898" lon="12.93254">
        <ele>333.6</ele>
      </trkpt>
      <trkpt lat="50.79872" lon="12.93296">
        <ele>332.9</ele>
      </trkpt>
      <trkpt lat="50.79868" lon="12.933">
        <ele>332.7</ele>
      </trkpt>
      <trkpt lat="50.79864" lon="12.93303">
        <ele>332.6</ele>
      </trkpt>
      <trkpt lat="50.79855" lon="12.93305">
        <ele>332.2</ele>
      </trkpt>
      <trkpt lat="50.79847" lon="12.93302">
        <ele>331.9</ele>
      </trkpt>
      <trkpt lat="50.79831" lon="12.93288">
        <ele>331.4</ele>
      </trkpt>
      <trkpt lat="50.79821" lon="12.93273">
        <ele>331.1</ele>
      </trkpt>
      <trkpt lat="50.79822" lon="12.93267">
        <ele>331.2</ele>
      </trkpt>
      <trkpt lat="50.79822" lon="12.93262">
        <ele>331.2</ele>
      </trkpt>
      <trkpt lat="50.7982" lon="12.93256">
        <ele>331.2</ele>
      </trkpt>
      <trkpt lat="50.79817" lon="12.93252">
        <ele>331.0</ele>
      </trkpt>
      <trkpt lat="50.79814" lon="12.9325">
        <ele>330.8</ele>
      </trkpt>
      <trkpt lat="50.79809" lon="12.9325">
        <ele>330.5</ele>
      </trkpt>
      <trkpt lat="50.79804" lon="12.93254">
        <ele>330.2</ele>
      </trkpt>
      <trkpt lat="50.79801" lon="12.93261">
        <ele>330.0</ele>
      </trkpt>
      <trkpt lat="50.798" lon="12.93266">
        <ele>330.0</ele>
      </trkpt>
      <trkpt lat="50.79796" lon="12.93274">
        <ele>329.7</ele>
      </trkpt>
      <trkpt lat="50.79791" lon="12.93293">
        <ele>329.5</ele>
      </trkpt>
      <trkpt lat="50.79791" lon="12.93302">
        <ele>329.5</ele>
      </trkpt>
      <trkpt lat="50.79788" lon="12.93318">
        <ele>329.4</ele>
      </trkpt>
      <trkpt lat="50.7976" lon="12.93422">
        <ele>329.5</ele>
      </trkpt>
      <trkpt lat="50.79732" lon="12.93526">
        <ele>331.3</ele>
      </trkpt>
      <trkpt lat="50.79728" lon="12.93536">
        <ele>331.4</ele>
      </trkpt>
      <trkpt lat="50.79725" lon="12.93539">
        <ele>331.4</ele>
      </trkpt>
      <trkpt lat="50.79706" lon="12.93535">
        <ele>330.9</ele>
      </trkpt>
      <trkpt lat="50.79691" lon="12.93535">
        <ele>330.5</ele>
      </trkpt>
      <trkpt lat="50.79676" lon="12.93537">
        <ele>330.2</ele>
      </trkpt>
      <trkpt lat="50.79661" lon="12.93542">
        <ele>329.7</ele>
      </trkpt>
      <trkpt lat="50.79633" lon="12.9356">
        <ele>328.2</ele>
      </trkpt>
      <trkpt lat="50.79609" lon="12.93586">
        <ele>327.3</ele>
      </trkpt>
      <trkpt lat="50.79584" lon="12.93624">
        <ele>327.0</ele>
      </trkpt>
      <trkpt lat="50.79553" lon="12.93689">
        <ele>327.4</ele>
      </trkpt>
      <trkpt lat="50.79523" lon="12.93753">
        <ele>327.9</ele>
      </trkpt>
      <trkpt lat="50.79515" lon="12.93763">
        <ele>328.0</ele>
      </trkpt>
      <trkpt lat="50.79506" lon="12.93768">
        <ele>327.9</ele>
      </trkpt>
      <trkpt lat="50.79502" lon="12.93769">
        <ele>327.8</ele>
      </trkpt>
      <trkpt lat="50.79472" lon="12.93763">
        <ele>326.0</ele>
      </trkpt>
      <trkpt lat="50.79473" lon="12.93775">
        <ele>326.4</ele>
      </trkpt>
      <trkpt lat="50.79472" lon="12.93786">
        <ele>326.7</ele>
      </trkpt>
      <trkpt lat="50.79468" lon="12.93813">
        <ele>327.2</ele>
      </trkpt>
      <trkpt lat="50.79463" lon="12.93846">
        <ele>327.4</ele>
      </trkpt>
      <trkpt lat="50.79455" lon="12.93905">
        <ele>327.2</ele>
      </trkpt>
      <trkpt lat="50.79456" lon="12.93992">
        <ele>328.6</ele>
      </trkpt>
      <trkpt lat="50.79463" lon="12.94026">
        <ele>329.3</ele>
      </trkpt>
      <trkpt lat="50.79486" lon="12.94076">
        <ele>330.9</ele>
      </trkpt>
      <trkpt lat="50.79494" lon="12.9411">
        <ele>331.2</ele>
      </trkpt>
      <trkpt lat="50.79493" lon="12.94139">
        <ele>330.9</ele>
      </trkpt>
      <trkpt lat="50.79484" lon="12.94175">
        <ele>330.1</ele>
      </trkpt>
      <trkpt lat="50.79472" lon="12.94211">
        <ele>329.9</ele>
      </trkpt>
      <trkpt lat="50.79457" lon="12.94242">
        <ele>329.8</ele>
      </trkpt>
      <trkpt lat="50.79443" lon="12.94266">
        <ele>330.1</ele>
      </trkpt>
      <trkpt lat="50.79433" lon="12.94277">
        <ele>330.2</ele>
      </trkpt>
      <trkpt lat="50.79431" lon="12.94273">
        <ele>330.1</ele>
      </trkpt>
      <trkpt lat="50.79428" lon="12.9427">
        <ele>329.9</ele>
      </trkpt>
      <trkpt lat="50.79425" lon="12.94268">
        <ele>329.8</ele>
      </trkpt>
      <trkpt lat="50.79421" lon="12.94268">
        <ele>329.7</ele>
      </trkpt>
      <trkpt lat="50.79416" lon="12.9427">
        <ele>329.7</ele>
      </trkpt>
      <trkpt lat="50.79412" lon="12.94277">
        <ele>329.8</ele>
      </trkpt>
      <trkpt lat="50.7941" lon="12.94284">
        <ele>330.0</ele>
      </trkpt>
      <trkpt lat="50.7941" lon="12.94288">
        <ele>330.1</ele>
      </trkpt>
      <trkpt lat="50.79411" lon="12.94296">
        <ele>330.4</ele>
      </trkpt>
      <trkpt lat="50.7939" lon="12.94314">
        <ele>330.1</ele>
      </trkpt>
      <trkpt lat="50.7937" lon="12.94341">
        <ele>330.3</ele>
      </trkpt>
      <trkpt lat="50.79353" lon="12.94368">
        <ele>331.6</ele>
      </trkpt>
      <trkpt lat="50.79303" lon="12.94456">
        <ele>335.6</ele>
      </trkpt>
      <trkpt lat="50.79253" lon="12.94545">
        <ele>336.8</ele>
      </trkpt>
      <trkpt lat="50.79212" lon="12.94621">
        <ele>338.8</ele>
      </trkpt>
      <trkpt lat="50.7917" lon="12.94698">
        <ele>338.2</ele>
      </trkpt>
      <trkpt lat="50.79115" lon="12.94769">
        <ele>341.0</ele>
      </trkpt>
      <trkpt lat="50.7907" lon="12.94812">
        <ele>339.6</ele>
      </trkpt>
      <trkpt lat="50.79044" lon="12.94834">
        <ele>338.4</ele>
      </trkpt>
      <trkpt lat="50.78994" lon="12.94876">
        <ele>337.6</ele>
      </trkpt>
      <trkpt lat="50.78965" lon="12.94893">
        <ele>336.6</ele>
      </trkpt>
      <trkpt lat="50.78935" lon="12.9492">
        <ele>335.5</ele>
      </trkpt>
      <trkpt lat="50.78897" lon="12.94965">
        <ele>335.4</ele>
      </trkpt>
      <trkpt lat="50.78859" lon="12.9501">
        <ele>335.6</ele>
      </trkpt>
      <trkpt lat="50.78784" lon="12.95084">
        <ele>336.5</ele>
      </trkpt>
      <trkpt lat="50.78709" lon="12.95153">
        <ele>335.5</ele>
      </trkpt>
      <trkpt lat="50.78636" lon="12.9522">
        <ele>334.2</ele>
      </trkpt>
      <trkpt lat="50.78609" lon="12.95247">
        <ele>333.1</ele>
      </trkpt>
      <trkpt lat="50.78574" lon="12.95301">
        <ele>331.8</ele>
      </trkpt>
      <trkpt lat="50.78545" lon="12.95354">
        <ele>331.7</ele>
      </trkpt>
      <trkpt lat="50.7853" lon="12.95386">
        <ele>331.7</ele>
      </trkpt>
      <trkpt lat="50.78524" lon="12.95403">
        <ele>331.8</ele>
      </trkpt>
      <trkpt lat="50.7852" lon="12.95419">
        <ele>331.8</ele>
      </trkpt>
      <trkpt lat="50.78521" lon="12.95445">
        <ele>331.9</ele>
      </trkpt>
      <trkpt lat="50.78525" lon="12.95461">
        <ele>332.3</ele>
      </trkpt>
      <trkpt lat="50.78548" lon="12.95525">
        <ele>333.7</ele>
      </trkpt>
      <trkpt lat="50.78566" lon="12.95588">
        <ele>334.4</ele>
      </trkpt>
      <trkpt lat="50.78569" lon="12.95624">
        <ele>334.4</ele>
      </trkpt>
      <trkpt lat="50.78569" lon="12.95664">
        <ele>334.3</ele>
      </trkpt>
      <trkpt lat="50.78565" lon="12.95741">
        <ele>334.8</ele>
      </trkpt>
      <trkpt lat="50.78562" lon="12.95819">
        <ele>336.2</ele>
      </trkpt>
      <trkpt lat="50.78559" lon="12.9592">
        <ele>337.3</ele>
      </trkpt>
      <trkpt lat="50.78556" lon="12.95979">
        <ele>338.3</ele>
      </trkpt>
      <trkpt lat="50.78553" lon="12.96008">
        <ele>338.6</ele>
      </trkpt>
      <trkpt lat="50.78545" lon="12.96051">
        <ele>338.4</ele>
      </trkpt>
      <trkpt lat="50.7853" lon="12.96111">
        <ele>337.3</ele>
      </trkpt>
      <trkpt lat="50.78519" lon="12.96154">
        <ele>335.8</ele>
      </trkpt>
      <trkpt lat="50.78501" lon="12.96206">
        <ele>333.6</ele>
      </trkpt>
      <trkpt lat="50.7849" lon="12.96235">
        <ele>334.9</ele>
      </trkpt>
      <trkpt lat="50.78461" lon="12.96289">
        <ele>338.5</ele>
      </trkpt>
      <trkpt lat="50.78432" lon="12.96344">
        <ele>340.7</ele>
      </trkpt>
      <trkpt lat="50.78428" lon="12.96355">
        <ele>340.8</ele>
      </trkpt>
      <trkpt lat="50.78421" lon="12.9638">
        <ele>340.7</ele>
      </trkpt>
      <trkpt lat="50.78417" lon="12.96399">
        <ele>340.4</ele>
      </trkpt>
      <trkpt lat="50.78409" lon="12.96514">
        <ele>337.6</ele>
      </trkpt>
      <trkpt lat="50.784" lon="12.96628">
        <ele>338.2</ele>
      </trkpt>
      <trkpt lat="50.78392" lon="12.96743">
        <ele>338.6</ele>
      </trkpt>
      <trkpt lat="50.78383" lon="12.96857">
        <ele>339.6</ele>
      </trkpt>
      <trkpt lat="50.78365" lon="12.96978">
        <ele>340.7</ele>
      </trkpt>
      <trkpt lat="50.78344" lon="12.97043">
        <ele>341.3</ele>
      </trkpt>
      <trkpt lat="50.78327" lon="12.9709">
        <ele>341.4</ele>
      </trkpt>
      <trkpt lat="50.78298" lon="12.97139">
        <ele>342.0</ele>
      </trkpt>
      <trkpt lat="50.78274" lon="12.97174">
        <ele>342.5</ele>
      </trkpt>
      <trkpt lat="50.78265" lon="12.97186">
        <ele>342.6</ele>
      </trkpt>
      <trkpt lat="50.78259" lon="12.97194">
        <ele>342.8</ele>
      </trkpt>
      <trkpt lat="50.78217" lon="12.9723">
        <ele>343.9</ele>
      </trkpt>
      <trkpt lat="50.78188" lon="12.97247">
        <ele>344.5</ele>
      </trkpt>
      <trkpt lat="50.78165" lon="12.97259">
        <ele>344.7</ele>
      </trkpt>
      <trkpt lat="50.78145" lon="12.97263">
        <ele>344.0</ele>
      </trkpt>
      <trkpt lat="50.78105" lon="12.9727">
        <ele>342.8</ele>
      </trkpt>
      <trkpt lat="50.78069" lon="12.9727">
        <ele>342.3</ele>
      </trkpt>
      <trkpt lat="50.78049" lon="12.97268">
        <ele>342.4</ele>
      </trkpt>
      <trkpt lat="50.78029" lon="12.97262">
        <ele>342.3</ele>
      </trkpt>
      <trkpt lat="50.7801" lon="12.97254">
        <ele>342.1</ele>
      </trkpt>
      <trkpt lat="50.77991" lon="12.97241">
        <ele>342.0</ele>
      </trkpt>
      <trkpt lat="50.77951" lon="12.97204">
        <ele>341.7</ele>
      </trkpt>
      <trkpt lat="50.7791" lon="12.97168">
        <ele>341.2</ele>
      </trkpt>
      <trkpt lat="50.77878" lon="12.97138">
        <ele>342.3</ele>
      </trkpt>
      <trkpt lat="50.77843" lon="12.97108">
        <ele>342.9</ele>
      </trkpt>
      <trkpt lat="50.77825" lon="12.97098">
        <ele>343.0</ele>
      </trkpt>
      <trkpt lat="50.77802" lon="12.97091">
        <ele>343.1</ele>
      </trkpt>
      <trkpt lat="50.77719" lon="12.97091">
        <ele>343.2</ele>
      </trkpt>
      <trkpt lat="50.777" lon="12.97086">
        <ele>343.1</ele>
      </trkpt>
      <trkpt lat="50.77673" lon="12.97073">
        <ele>342.9</ele>
      </trkpt>
      <trkpt lat="50.77664" lon="12.97071">
        <ele>342.9</ele>
      </trkpt>
      <trkpt lat="50.77645" lon="12.9707">
        <ele>343.1</ele>
      </trkpt>
      <trkpt lat="50.77619" lon="12.97077">
        <ele>343.5</ele>
      </trkpt>
      <trkpt lat="50.77589" lon="12.97098">
        <ele>344.3</ele>
      </trkpt>
      <trkpt lat="50.77563" lon="12.97122">
        <ele>344.6</ele>
      </trkpt>
      <trkpt lat="50.7753" lon="12.97154">
        <ele>344.5</ele>
      </trkpt>
      <trkpt lat="50.77517" lon="12.97175">
        <ele>344.8</ele>
      </trkpt>
      <trkpt lat="50.77503" lon="12.97204">
        <ele>345.5</ele>
      </trkpt>
      <trkpt lat="50.77491" lon="12.97235">
        <ele>346.2</ele>
      </trkpt>
      <trkpt lat="50.77486" lon="12.97246">
        <ele>346.0</ele>
      </trkpt>
      <trkpt lat="50.77477" lon="12.9726">
        <ele>345.8</ele>
      </trkpt>
      <trkpt lat="50.7746" lon="12.97274">
        <ele>345.5</ele>
      </trkpt>
      <trkpt lat="50.77447" lon="12.97282">
        <ele>345.3</ele>
      </trkpt>
      <trkpt lat="50.77437" lon="12.97294">
        <ele>345.2</ele>
      </trkpt>
      <trkpt lat="50.77386" lon="12.97375">
        <ele>344.9</ele>
      </trkpt>
      <trkpt lat="50.77354" lon="12.97416">
        <ele>344.7</ele>
      </trkpt>
      <trkpt lat="50.77339" lon="12.9743">
        <ele>344.4</ele>
      </trkpt>
      <trkpt lat="50.77325" lon="12.97439">
        <ele>344.5</ele>
      </trkpt>
      <trkpt lat="50.77299" lon="12.97445">
        <ele>345.2</ele>
      </trkpt>
      <trkpt lat="50.77248" lon="12.97444">
        <ele>346.4</ele>
      </trkpt>
      <trkpt lat="50.77197" lon="12.97442">
        <ele>348.4</ele>
      </trkpt>
      <trkpt lat="50.7715" lon="12.97443">
        <ele>349.1</ele>
      </trkpt>
      <trkpt lat="50.77149" lon="12.97443">
        <ele>347.8</ele>
      </trkpt>
      <trkpt lat="50.77122" lon="12.9744">
        <ele>347.9</ele>
      </trkpt>
      <trkpt lat="50.77108" lon="12.97436">
        <ele>348.1</ele>
      </trkpt>
      <trkpt lat="50.77093" lon="12.97429">
        <ele>348.1</ele>
      </trkpt>
      <trkpt lat="50.7708" lon="12.97422">
        <ele>348.2</ele>
      </trkpt>
      <trkpt lat="50.77034" lon="12.97381">
        <ele>348.5</ele>
      </trkpt>
      <trkpt lat="50.77019" lon="12.97366">
        <ele>348.6</ele>
      </trkpt>
      <trkpt lat="50.77009" lon="12.97352">
        <ele>348.8</ele>
      </trkpt>
      <trkpt lat="50.76993" lon="12.97319">
        <ele>349.2</ele>
      </trkpt>
      <trkpt lat="50.76983" lon="12.97308">
        <ele>349.2</ele>
      </trkpt>
      <trkpt lat="50.76977" lon="12.97306">
        <ele>349.2</ele>
      </trkpt>
      <trkpt lat="50.76945" lon="12.97315">
        <ele>349.7</ele>
      </trkpt>
      <trkpt lat="50.76859" lon="12.97345">
        <ele>350.6</ele>
      </trkpt>
      <trkpt lat="50.76827" lon="12.97351">
        <ele>350.6</ele>
      </trkpt>
      <trkpt lat="50.76775" lon="12.97348">
        <ele>351.4</ele>
      </trkpt>
      <trkpt lat="50.76702" lon="12.9734">
        <ele>352.1</ele>
      </trkpt>
      <trkpt lat="50.76616" lon="12.97332">
        <ele>352.7</ele>
      </trkpt>
      <trkpt lat="50.76587" lon="12.97331">
        <ele>352.6</ele>
      </trkpt>
      <trkpt lat="50.76582" lon="12.97368">
        <ele>352.7</ele>
      </trkpt>
      <trkpt lat="50.76576" lon="12.974">
        <ele>352.8</ele>
      </trkpt>
      <trkpt lat="50.76568" lon="12.97422">
        <ele>353.0</ele>
      </trkpt>
      <trkpt lat="50.76555" lon="12.97442">
        <ele>353.3</ele>
      </trkpt>
      <trkpt lat="50.76486" lon="12.97497">
        <ele>356.0</ele>
      </trkpt>
      <trkpt lat="50.76457" lon="12.97523">
        <ele>357.1</ele>
      </trkpt>
      <trkpt lat="50.76452" lon="12.97509">
        <ele>357.4</ele>
      </trkpt>
      <trkpt lat="50.76387" lon="12.974294">
        <ele>360.9</ele>
      </trkpt>
      <trkpt lat="50.76322" lon="12.9735">
        <ele>367.1</ele>
      </trkpt>
      <trkpt lat="50.76314" lon="12.97336">
        <ele>368.2</ele>
      </trkpt>
      <trkpt lat="50.76311" lon="12.97319">
        <ele>368.3</ele>
      </trkpt>
      <trkpt lat="50.762975" lon="12.972019">
        <ele>373.7</ele>
      </trkpt>
      <trkpt lat="50.76284" lon="12.97085">
        <ele>380.0</ele>
      </trkpt>
      <trkpt lat="50.76276" lon="12.96956">
        <ele>386.2</ele>
      </trkpt>
      <trkpt lat="50.76273" lon="12.96934">
        <ele>387.8</ele>
      </trkpt>
      <trkpt lat="50.76253" lon="12.9687">
        <ele>390.1</ele>
      </trkpt>
      <trkpt lat="50.76253" lon="12.96869">
        <ele>390.1</ele>
      </trkpt>
      <trkpt lat="50.76241" lon="12.96836">
        <ele>391.1</ele>
      </trkpt>
      <trkpt lat="50.76211" lon="12.96784">
        <ele>393.8</ele>
      </trkpt>
      <trkpt lat="50.76199" lon="12.9676">
        <ele>394.4</ele>
      </trkpt>
      <trkpt lat="50.76159" lon="12.966559">
        <ele>400.5</ele>
      </trkpt>
      <trkpt lat="50.76119" lon="12.96552">
        <ele>408.2</ele>
      </trkpt>
      <trkpt lat="50.76085" lon="12.96477">
        <ele>412.9</ele>
      </trkpt>
      <trkpt lat="50.760305" lon="12.963809">
        <ele>417.7</ele>
      </trkpt>
      <trkpt lat="50.75976" lon="12.96285">
        <ele>424.7</ele>
      </trkpt>
      <trkpt lat="50.75942" lon="12.96241">
        <ele>427.1</ele>
      </trkpt>
      <trkpt lat="50.75921" lon="12.96221">
        <ele>431.7</ele>
      </trkpt>
      <trkpt lat="50.75899" lon="12.96203">
        <ele>433.2</ele>
      </trkpt>
      <trkpt lat="50.75839" lon="12.96173">
        <ele>438.5</ele>
      </trkpt>
      <trkpt lat="50.75826" lon="12.96164">
        <ele>439.8</ele>
      </trkpt>
      <trkpt lat="50.75805" lon="12.96142">
        <ele>441.0</ele>
      </trkpt>
      <trkpt lat="50.75789" lon="12.96122">
        <ele>442.5</ele>
      </trkpt>
      <trkpt lat="50.75764" lon="12.96078">
        <ele>445.6</ele>
      </trkpt>
      <trkpt lat="50.75731" lon="12.96031">
        <ele>447.7</ele>
      </trkpt>
      <trkpt lat="50.75679" lon="12.95965">
        <ele>453.1</ele>
      </trkpt>
      <trkpt lat="50.75618" lon="12.95898">
        <ele>458.1</ele>
      </trkpt>
      <trkpt lat="50.75542" lon="12.95833">
        <ele>463.9</ele>
      </trkpt>
      <trkpt lat="50.755" lon="12.95787">
        <ele>466.5</ele>
      </trkpt>
      <trkpt lat="50.75483" lon="12.95764">
        <ele>466.9</ele>
      </trkpt>
      <trkpt lat="50.75463" lon="12.9573">
        <ele>467.1</ele>
      </trkpt>
      <trkpt lat="50.75453" lon="12.95706">
        <ele>467.1</ele>
      </trkpt>
      <trkpt lat="50.75444" lon="12.9568">
        <ele>467.0</ele>
      </trkpt>
      <trkpt lat="50.75433" lon="12.95635">
        <ele>466.6</ele>
      </trkpt>
      <trkpt lat="50.75416" lon="12.95549">
        <ele>466.2</ele>
      </trkpt>
      <trkpt lat="50.75413" lon="12.95535">
        <ele>466.2</ele>
      </trkpt>
      <trkpt lat="50.75392" lon="12.95498">
        <ele>466.6</ele>
      </trkpt>
      <trkpt lat="50.75388" lon="12.95483">
        <ele>467.2</ele>
      </trkpt>
      <trkpt lat="50.75376" lon="12.954139">
        <ele>469.5</ele>
      </trkpt>
      <trkpt lat="50.75364" lon="12.95345">
        <ele>472.0</ele>
      </trkpt>
      <trkpt lat="50.7536" lon="12.95226">
        <ele>475.5</ele>
      </trkpt>
      <trkpt lat="50.75355" lon="12.95183">
        <ele>478.6</ele>
      </trkpt>
      <trkpt lat="50.75335" lon="12.95122">
        <ele>479.9</ele>
      </trkpt>
      <trkpt lat="50.75334" lon="12.95083">
        <ele>483.0</ele>
      </trkpt>
      <trkpt lat="50.75328" lon="12.95073">
        <ele>483.0</ele>
      </trkpt>
      <trkpt lat="50.75322" lon="12.9507">
        <ele>483.5</ele>
      </trkpt>
      <trkpt lat="50.7528" lon="12.95074">
        <ele>486.6</ele>
      </trkpt>
      <trkpt lat="50.75269" lon="12.95072">
        <ele>488.1</ele>
      </trkpt>
      <trkpt lat="50.75263" lon="12.95067">
        <ele>488.1</ele>
      </trkpt>
      <trkpt lat="50.7526" lon="12.95058">
        <ele>489.7</ele>
      </trkpt>
      <trkpt lat="50.75239" lon="12.94969">
        <ele>493.7</ele>
      </trkpt>
      <trkpt lat="50.75239" lon="12.94928">
        <ele>494.7</ele>
      </trkpt>
      <trkpt lat="50.75241" lon="12.94907">
        <ele>495.0</ele>
      </trkpt>
      <trkpt lat="50.75247" lon="12.94888">
        <ele>495.0</ele>
      </trkpt>
      <trkpt lat="50.75305" lon="12.94802">
        <ele>496.7</ele>
      </trkpt>
      <trkpt lat="50.7531" lon="12.94789">
        <ele>497.0</ele>
      </trkpt>
      <trkpt lat="50.75315" lon="12.94757">
        <ele>498.0</ele>
      </trkpt>
      <trkpt lat="50.75314" lon="12.9474">
        <ele>498.9</ele>
      </trkpt>
      <trkpt lat="50.75303" lon="12.94722">
        <ele>499.2</ele>
      </trkpt>
      <trkpt lat="50.75278" lon="12.94689">
        <ele>501.3</ele>
      </trkpt>
      <trkpt lat="50.75272" lon="12.9465">
        <ele>502.9</ele>
      </trkpt>
      <trkpt lat="50.75272" lon="12.94604">
        <ele>504.4</ele>
      </trkpt>
      <trkpt lat="50.75269" lon="12.94516">
        <ele>506.9</ele>
      </trkpt>
      <trkpt lat="50.75255" lon="12.94425">
        <ele>508.4</ele>
      </trkpt>
      <trkpt lat="50.752335" lon="12.943239">
        <ele>507.7</ele>
      </trkpt>
      <trkpt lat="50.75212" lon="12.94223">
        <ele>504.7</ele>
      </trkpt>
      <trkpt lat="50.75194" lon="12.940859">
        <ele>498.0</ele>
      </trkpt>
      <trkpt lat="50.75176" lon="12.93949">
        <ele>489.3</ele>
      </trkpt>
      <trkpt lat="50.7515" lon="12.938844">
        <ele>486.9</ele>
      </trkpt>
      <trkpt lat="50.75124" lon="12.9382">
        <ele>486.9</ele>
      </trkpt>
      <trkpt lat="50.75115" lon="12.93794">
        <ele>487.3</ele>
      </trkpt>
      <trkpt lat="50.75096" lon="12.936944">
        <ele>489.7</ele>
      </trkpt>
      <trkpt lat="50.75077" lon="12.93595">
        <ele>490.2</ele>
      </trkpt>
      <trkpt lat="50.750545" lon="12.935124">
        <ele>488.9</ele>
      </trkpt>
      <trkpt lat="50.75032" lon="12.9343">
        <ele>487.5</ele>
      </trkpt>
      <trkpt lat="50.75009" lon="12.93363">
        <ele>485.8</ele>
      </trkpt>
      <trkpt lat="50.74977" lon="12.93302">
        <ele>484.2</ele>
      </trkpt>
      <trkpt lat="50.749225" lon="12.932409">
        <ele>483.3</ele>
      </trkpt>
      <trkpt lat="50.74868" lon="12.9318">
        <ele>484.3</ele>
      </trkpt>
      <trkpt lat="50.74814" lon="12.931">
        <ele>485.4</ele>
      </trkpt>
      <trkpt lat="50.74779" lon="12.93036">
        <ele>488.1</ele>
      </trkpt>
      <trkpt lat="50.74772" lon="12.93017">
        <ele>489.1</ele>
      </trkpt>
      <trkpt lat="50.74768" lon="12.9296">
        <ele>493.4</ele>
      </trkpt>
      <trkpt lat="50.74785" lon="12.92847">
        <ele>496.2</ele>
      </trkpt>
      <trkpt lat="50.74794" lon="12.92806">
        <ele>496.4</ele>
      </trkpt>
      <trkpt lat="50.747215" lon="12.927644">
        <ele>498.4</ele>
      </trkpt>
      <trkpt lat="50.74649" lon="12.92723">
        <ele>500.3</ele>
      </trkpt>
      <trkpt lat="50.7465" lon="12.92723">
        <ele>496.1</ele>
      </trkpt>
      <trkpt lat="50.7459" lon="12.92692">
        <ele>497.4</ele>
      </trkpt>
      <trkpt lat="50.7453" lon="12.9266">
        <ele>495.5</ele>
      </trkpt>
      <trkpt lat="50.74549" lon="12.92575">
        <ele>497.4</ele>
      </trkpt>
      <trkpt lat="50.74568" lon="12.9249">
        <ele>498.6</ele>
      </trkpt>
      <trkpt lat="50.74581" lon="12.92414">
        <ele>500.9</ele>
      </trkpt>
      <trkpt lat="50.746" lon="12.92296">
        <ele>502.0</ele>
      </trkpt>
      <trkpt lat="50.7461" lon="12.92192">
        <ele>502.8</ele>
      </trkpt>
      <trkpt lat="50.74621" lon="12.92087">
        <ele>503.3</ele>
      </trkpt>
      <trkpt lat="50.74609" lon="12.92004">
        <ele>502.2</ele>
      </trkpt>
      <trkpt lat="50.74608" lon="12.91907">
        <ele>501.7</ele>
      </trkpt>
      <trkpt lat="50.74611" lon="12.91778">
        <ele>501.8</ele>
      </trkpt>
      <trkpt lat="50.74619" lon="12.91661">
        <ele>502.3</ele>
      </trkpt>
      <trkpt lat="50.74624" lon="12.91615">
        <ele>501.7</ele>
      </trkpt>
      <trkpt lat="50.74632" lon="12.9157">
        <ele>501.3</ele>
      </trkpt>
      <trkpt lat="50.74649" lon="12.91493">
        <ele>501.1</ele>
      </trkpt>
      <trkpt lat="50.74656" lon="12.91444">
        <ele>501.0</ele>
      </trkpt>
      <trkpt lat="50.74665" lon="12.9134">
        <ele>500.1</ele>
      </trkpt>
      <trkpt lat="50.74657" lon="12.9123">
        <ele>500.7</ele>
      </trkpt>
      <trkpt lat="50.74659" lon="12.91186">
        <ele>500.7</ele>
      </trkpt>
      <trkpt lat="50.7466" lon="12.91108">
        <ele>500.7</ele>
      </trkpt>
      <trkpt lat="50.7466" lon="12.9103">
        <ele>500.7</ele>
      </trkpt>
      <trkpt lat="50.74659" lon="12.90953">
        <ele>501.2</ele>
      </trkpt>
      <trkpt lat="50.74657" lon="12.90875">
        <ele>501.6</ele>
      </trkpt>
      <trkpt lat="50.74639" lon="12.90789">
        <ele>501.9</ele>
      </trkpt>
      <trkpt lat="50.74621" lon="12.90703">
        <ele>502.6</ele>
      </trkpt>
      <trkpt lat="50.7462" lon="12.90594">
        <ele>504.5</ele>
      </trkpt>
      <trkpt lat="50.74619" lon="12.90516">
        <ele>505.4</ele>
      </trkpt>
      <trkpt lat="50.74619" lon="12.90439">
        <ele>506.7</ele>
      </trkpt>
      <trkpt lat="50.74617" lon="12.90412">
        <ele>507.1</ele>
      </trkpt>
      <trkpt lat="50.74615" lon="12.90398">
        <ele>507.1</ele>
      </trkpt>
      <trkpt lat="50.74608" lon="12.90387">
        <ele>506.8</ele>
      </trkpt>
      <trkpt lat="50.74631" lon="12.90322">
        <ele>508.8</ele>
      </trkpt>
      <trkpt lat="50.74644" lon="12.90242">
        <ele>509.1</ele>
      </trkpt>
      <trkpt lat="50.74657" lon="12.90163">
        <ele>508.9</ele>
      </trkpt>
      <trkpt lat="50.74667" lon="12.90092">
        <ele>508.1</ele>
      </trkpt>
      <trkpt lat="50.74671" lon="12.8999">
        <ele>506.1</ele>
      </trkpt>
      <trkpt lat="50.74677" lon="12.89929">
        <ele>502.1</ele>
      </trkpt>
      <trkpt lat="50.74686" lon="12.89864">
        <ele>498.0</ele>
      </trkpt>
      <trkpt lat="50.74706" lon="12.89757">
        <ele>491.0</ele>
      </trkpt>
      <trkpt lat="50.7471" lon="12.89728">
        <ele>489.3</ele>
      </trkpt>
      <trkpt lat="50.74712" lon="12.89699">
        <ele>487.6</ele>
      </trkpt>
      <trkpt lat="50.7471" lon="12.89617">
        <ele>482.4</ele>
      </trkpt>
      <trkpt lat="50.74711" lon="12.89579">
        <ele>479.6</ele>
      </trkpt>
      <trkpt lat="50.74715" lon="12.89539">
        <ele>476.4</ele>
      </trkpt>
      <trkpt lat="50.74723" lon="12.89498">
        <ele>472.8</ele>
      </trkpt>
      <trkpt lat="50.74761" lon="12.89398">
        <ele>463.2</ele>
      </trkpt>
      <trkpt lat="50.74789" lon="12.89307">
        <ele>455.3</ele>
      </trkpt>
      <trkpt lat="50.74816" lon="12.89216">
        <ele>447.0</ele>
      </trkpt>
      <trkpt lat="50.74843" lon="12.89125">
        <ele>440.6</ele>
      </trkpt>
      <trkpt lat="50.74868" lon="12.8905">
        <ele>436.7</ele>
      </trkpt>
      <trkpt lat="50.74884" lon="12.89009">
        <ele>433.5</ele>
      </trkpt>
      <trkpt lat="50.74931" lon="12.88915">
        <ele>428.0</ele>
      </trkpt>
      <trkpt lat="50.74938" lon="12.88889">
        <ele>427.5</ele>
      </trkpt>
      <trkpt lat="50.74964" lon="12.88761">
        <ele>423.7</ele>
      </trkpt>
      <trkpt lat="50.74971" lon="12.8871">
        <ele>422.2</ele>
      </trkpt>
      <trkpt lat="50.74971" lon="12.88654">
        <ele>419.8</ele>
      </trkpt>
      <trkpt lat="50.74966" lon="12.88614">
        <ele>417.1</ele>
      </trkpt>
      <trkpt lat="50.74949" lon="12.88564">
        <ele>413.9</ele>
      </trkpt>
      <trkpt lat="50.7495" lon="12.8852">
        <ele>411.9</ele>
      </trkpt>
      <trkpt lat="50.74954" lon="12.88477">
        <ele>409.5</ele>
      </trkpt>
      <trkpt lat="50.74962" lon="12.88438">
        <ele>406.9</ele>
      </trkpt>
      <trkpt lat="50.74972" lon="12.88393">
        <ele>403.8</ele>
      </trkpt>
      <trkpt lat="50.74986" lon="12.88304">
        <ele>398.9</ele>
      </trkpt>
      <trkpt lat="50.74998" lon="12.88248">
        <ele>397.1</ele>
      </trkpt>
      <trkpt lat="50.7501" lon="12.88219">
        <ele>396.7</ele>
      </trkpt>
      <trkpt lat="50.75026" lon="12.88168">
        <ele>395.1</ele>
      </trkpt>
      <trkpt lat="50.75033" lon="12.88119">
        <ele>392.8</ele>
      </trkpt>
      <trkpt lat="50.75036" lon="12.88093">
        <ele>391.6</ele>
      </trkpt>
      <trkpt lat="50.75051" lon="12.87976">
        <ele>386.7</ele>
      </trkpt>
      <trkpt lat="50.7506" lon="12.87955">
        <ele>385.9</ele>
      </trkpt>
      <trkpt lat="50.75068" lon="12.87944">
        <ele>385.3</ele>
      </trkpt>
      <trkpt lat="50.75137" lon="12.8788">
        <ele>384.6</ele>
      </trkpt>
      <trkpt lat="50.75152" lon="12.87855">
        <ele>383.9</ele>
      </trkpt>
      <trkpt lat="50.75181" lon="12.87795">
        <ele>383.9</ele>
      </trkpt>
      <trkpt lat="50.75211" lon="12.87736">
        <ele>382.8</ele>
      </trkpt>
      <trkpt lat="50.75232" lon="12.87712">
        <ele>381.1</ele>
      </trkpt>
      <trkpt lat="50.75272" lon="12.87674">
        <ele>376.6</ele>
      </trkpt>
      <trkpt lat="50.75311" lon="12.87646">
        <ele>375.8</ele>
      </trkpt>
      <trkpt lat="50.75321" lon="12.87648">
        <ele>375.6</ele>
      </trkpt>
      <trkpt lat="50.75352" lon="12.87668">
        <ele>374.3</ele>
      </trkpt>
      <trkpt lat="50.75361" lon="12.8767">
        <ele>374.1</ele>
      </trkpt>
      <trkpt lat="50.75374" lon="12.87669">
        <ele>373.3</ele>
      </trkpt>
      <trkpt lat="50.75399" lon="12.87662">
        <ele>372.0</ele>
      </trkpt>
      <trkpt lat="50.75406" lon="12.87662">
        <ele>371.6</ele>
      </trkpt>
      <trkpt lat="50.75458" lon="12.87659">
        <ele>369.7</ele>
      </trkpt>
      <trkpt lat="50.75507" lon="12.87653">
        <ele>368.4</ele>
      </trkpt>
      <trkpt lat="50.75518" lon="12.87659">
        <ele>368.0</ele>
      </trkpt>
      <trkpt lat="50.75506" lon="12.87577">
        <ele>371.0</ele>
      </trkpt>
      <trkpt lat="50.75495" lon="12.87495">
        <ele>373.2</ele>
      </trkpt>
      <trkpt lat="50.75494" lon="12.87474">
        <ele>373.5</ele>
      </trkpt>
      <trkpt lat="50.75493" lon="12.87461">
        <ele>373.7</ele>
      </trkpt>
      <trkpt lat="50.75492" lon="12.87451">
        <ele>373.8</ele>
      </trkpt>
      <trkpt lat="50.75488" lon="12.87438">
        <ele>374.1</ele>
      </trkpt>
      <trkpt lat="50.75477" lon="12.87408">
        <ele>374.9</ele>
      </trkpt>
      <trkpt lat="50.75472" lon="12.87385">
        <ele>375.4</ele>
      </trkpt>
      <trkpt lat="50.7543" lon="12.87288">
        <ele>377.4</ele>
      </trkpt>
      <trkpt lat="50.75385" lon="12.87187">
        <ele>379.5</ele>
      </trkpt>
      <trkpt lat="50.7537" lon="12.87154">
        <ele>380.1</ele>
      </trkpt>
      <trkpt lat="50.75354" lon="12.87126">
        <ele>380.5</ele>
      </trkpt>
      <trkpt lat="50.75316" lon="12.87087">
        <ele>382.3</ele>
      </trkpt>
      <trkpt lat="50.7527" lon="12.87049">
        <ele>385.6</ele>
      </trkpt>
      <trkpt lat="50.75261" lon="12.8704">
        <ele>386.2</ele>
      </trkpt>
      <trkpt lat="50.75265" lon="12.8703">
        <ele>385.9</ele>
      </trkpt>
      <trkpt lat="50.75261" lon="12.8704">
        <ele>386.2</ele>
      </trkpt>
      <trkpt lat="50.75251" lon="12.8703">
        <ele>386.9</ele>
      </trkpt>
      <trkpt lat="50.75237" lon="12.87009">
        <ele>388.4</ele>
      </trkpt>
      <trkpt lat="50.75222" lon="12.86978">
        <ele>390.0</ele>
      </trkpt>
      <trkpt lat="50.75211" lon="12.86948">
        <ele>391.2</ele>
      </trkpt>
      <trkpt lat="50.75203" lon="12.86909">
        <ele>392.1</ele>
      </trkpt>
      <trkpt lat="50.75197" lon="12.86865">
        <ele>392.7</ele>
      </trkpt>
      <trkpt lat="50.75196" lon="12.86831">
        <ele>392.8</ele>
      </trkpt>
      <trkpt lat="50.75198" lon="12.86812">
        <ele>392.7</ele>
      </trkpt>
      <trkpt lat="50.752" lon="12.86792">
        <ele>392.6</ele>
      </trkpt>
      <trkpt lat="50.75204" lon="12.86766">
        <ele>392.3</ele>
      </trkpt>
      <trkpt lat="50.75209" lon="12.86741">
        <ele>391.9</ele>
      </trkpt>
      <trkpt lat="50.75221" lon="12.86694">
        <ele>390.8</ele>
      </trkpt>
      <trkpt lat="50.75232" lon="12.86658">
        <ele>389.6</ele>
      </trkpt>
      <trkpt lat="50.75255" lon="12.86591">
        <ele>386.7</ele>
      </trkpt>
      <trkpt lat="50.75272" lon="12.86533">
        <ele>385.4</ele>
      </trkpt>
      <trkpt lat="50.75286" lon="12.86491">
        <ele>384.1</ele>
      </trkpt>
      <trkpt lat="50.75286" lon="12.86491">
        <ele>384.1</ele>
      </trkpt>
      <trkpt lat="50.75286" lon="12.86491">
        <ele>384.1</ele>
      </trkpt>
      <trkpt lat="50.75323" lon="12.86383">
        <ele>378.8</ele>
      </trkpt>
      <trkpt lat="50.75329" lon="12.86356">
        <ele>377.8</ele>
      </trkpt>
      <trkpt lat="50.75333" lon="12.86325">
        <ele>376.5</ele>
      </trkpt>
      <trkpt lat="50.75331" lon="12.86293">
        <ele>374.7</ele>
      </trkpt>
      <trkpt lat="50.75324" lon="12.86262">
        <ele>373.2</ele>
      </trkpt>
      <trkpt lat="50.75306" lon="12.86187">
        <ele>369.3</ele>
      </trkpt>
      <trkpt lat="50.75289" lon="12.86112">
        <ele>365.7</ele>
      </trkpt>
      <trkpt lat="50.75291" lon="12.86085">
        <ele>364.1</ele>
      </trkpt>
      <trkpt lat="50.75296" lon="12.86051">
        <ele>362.2</ele>
      </trkpt>
      <trkpt lat="50.75304" lon="12.86023">
        <ele>360.5</ele>
      </trkpt>
      <trkpt lat="50.75325" lon="12.85977">
        <ele>358.1</ele>
      </trkpt>
      <trkpt lat="50.75353" lon="12.85924">
        <ele>356.1</ele>
      </trkpt>
      <trkpt lat="50.7537" lon="12.85889">
        <ele>355.2</ele>
      </trkpt>
      <trkpt lat="50.75376" lon="12.85858">
        <ele>355.0</ele>
      </trkpt>
      <trkpt lat="50.75377" lon="12.85832">
        <ele>354.9</ele>
      </trkpt>
      <trkpt lat="50.75354" lon="12.85706">
        <ele>357.4</ele>
      </trkpt>
      <trkpt lat="50.7533" lon="12.85581">
        <ele>359.3</ele>
      </trkpt>
      <trkpt lat="50.75315" lon="12.85489">
        <ele>360.7</ele>
      </trkpt>
      <trkpt lat="50.75301" lon="12.85397">
        <ele>361.5</ele>
      </trkpt>
      <trkpt lat="50.75291" lon="12.85342">
        <ele>362.6</ele>
      </trkpt>
      <trkpt lat="50.75286" lon="12.85317">
        <ele>362.6</ele>
      </trkpt>
      <trkpt lat="50.75279" lon="12.85292">
        <ele>362.7</ele>
      </trkpt>
      <trkpt lat="50.7525" lon="12.85216">
        <ele>364.6</ele>
      </trkpt>
      <trkpt lat="50.75244" lon="12.85196">
        <ele>364.8</ele>
      </trkpt>
      <trkpt lat="50.7524" lon="12.85177">
        <ele>364.8</ele>
      </trkpt>
      <trkpt lat="50.75221" lon="12.85071">
        <ele>363.8</ele>
      </trkpt>
      <trkpt lat="50.75215" lon="12.85012">
        <ele>363.2</ele>
      </trkpt>
      <trkpt lat="50.75209" lon="12.84941">
        <ele>361.3</ele>
      </trkpt>
      <trkpt lat="50.75204" lon="12.84843">
        <ele>358.7</ele>
      </trkpt>
      <trkpt lat="50.75199" lon="12.84745">
        <ele>356.8</ele>
      </trkpt>
      <trkpt lat="50.75193" lon="12.84647">
        <ele>355.6</ele>
      </trkpt>
      <trkpt lat="50.75189" lon="12.84586">
        <ele>355.4</ele>
      </trkpt>
      <trkpt lat="50.75183" lon="12.8452">
        <ele>355.2</ele>
      </trkpt>
      <trkpt lat="50.75175" lon="12.84448">
        <ele>354.3</ele>
      </trkpt>
      <trkpt lat="50.7516" lon="12.84356">
        <ele>353.5</ele>
      </trkpt>
      <trkpt lat="50.75145" lon="12.84263">
        <ele>353.4</ele>
      </trkpt>
      <trkpt lat="50.75131" lon="12.84194">
        <ele>354.1</ele>
      </trkpt>
      <trkpt lat="50.75109" lon="12.84099">
        <ele>354.3</ele>
      </trkpt>
      <trkpt lat="50.75097" lon="12.84052">
        <ele>354.2</ele>
      </trkpt>
      <trkpt lat="50.75072" lon="12.83965">
        <ele>355.0</ele>
      </trkpt>
      <trkpt lat="50.75068" lon="12.83967">
        <ele>355.2</ele>
      </trkpt>
      <trkpt lat="50.75068" lon="12.83967">
        <ele>355.2</ele>
      </trkpt>
      <trkpt lat="50.75072" lon="12.83965">
        <ele>355.0</ele>
      </trkpt>
      <trkpt lat="50.7505" lon="12.83889">
        <ele>356.2</ele>
      </trkpt>
      <trkpt lat="50.75027" lon="12.83812">
        <ele>357.3</ele>
      </trkpt>
      <trkpt lat="50.75019" lon="12.83782">
        <ele>357.9</ele>
      </trkpt>
      <trkpt lat="50.74988" lon="12.83672">
        <ele>359.4</ele>
      </trkpt>
      <trkpt lat="50.74956" lon="12.83562">
        <ele>359.4</ele>
      </trkpt>
      <trkpt lat="50.74925" lon="12.83452">
        <ele>359.2</ele>
      </trkpt>
      <trkpt lat="50.74893" lon="12.83342">
        <ele>360.1</ele>
      </trkpt>
      <trkpt lat="50.74862" lon="12.83232">
        <ele>362.0</ele>
      </trkpt>
      <trkpt lat="50.7484" lon="12.83159">
        <ele>362.8</ele>
      </trkpt>
      <trkpt lat="50.7483" lon="12.83124">
        <ele>362.5</ele>
      </trkpt>
      <trkpt lat="50.74828" lon="12.8311">
        <ele>362.4</ele>
      </trkpt>
      <trkpt lat="50.74827" lon="12.83096">
        <ele>362.2</ele>
      </trkpt>
      <trkpt lat="50.74827" lon="12.83068">
        <ele>361.9</ele>
      </trkpt>
      <trkpt lat="50.74828" lon="12.83055">
        <ele>361.7</ele>
      </trkpt>
      <trkpt lat="50.74829" lon="12.83042">
        <ele>361.6</ele>
      </trkpt>
      <trkpt lat="50.74835" lon="12.8301">
        <ele>361.1</ele>
      </trkpt>
      <trkpt lat="50.74841" lon="12.82991">
        <ele>361.3</ele>
      </trkpt>
      <trkpt lat="50.74845" lon="12.82981">
        <ele>361.6</ele>
      </trkpt>
      <trkpt lat="50.74856" lon="12.8296">
        <ele>362.2</ele>
      </trkpt>
      <trkpt lat="50.74912" lon="12.82888">
        <ele>362.2</ele>
      </trkpt>
      <trkpt lat="50.74924" lon="12.8287">
        <ele>361.7</ele>
      </trkpt>
      <trkpt lat="50.74929" lon="12.8286">
        <ele>361.6</ele>
      </trkpt>
      <trkpt lat="50.74936" lon="12.8284">
        <ele>361.3</ele>
      </trkpt>
      <trkpt lat="50.74938" lon="12.82831">
        <ele>361.3</ele>
      </trkpt>
      <trkpt lat="50.74942" lon="12.82813">
        <ele>361.3</ele>
      </trkpt>
      <trkpt lat="50.74944" lon="12.82794">
        <ele>361.5</ele>
      </trkpt>
      <trkpt lat="50.74944" lon="12.82785">
        <ele>361.6</ele>
      </trkpt>
      <trkpt lat="50.74942" lon="12.82764">
        <ele>361.9</ele>
      </trkpt>
      <trkpt lat="50.74937" lon="12.82741">
        <ele>362.3</ele>
      </trkpt>
      <trkpt lat="50.74932" lon="12.82724">
        <ele>362.5</ele>
      </trkpt>
      <trkpt lat="50.74924" lon="12.82704">
        <ele>362.8</ele>
      </trkpt>
      <trkpt lat="50.74913" lon="12.82682">
        <ele>363.2</ele>
      </trkpt>
      <trkpt lat="50.74904" lon="12.82668">
        <ele>363.6</ele>
      </trkpt>
      <trkpt lat="50.74941" lon="12.8262">
        <ele>361.9</ele>
      </trkpt>
      <trkpt lat="50.74974" lon="12.82579">
        <ele>360.6</ele>
      </trkpt>
      <trkpt lat="50.75025" lon="12.82511">
        <ele>359.4</ele>
      </trkpt>
      <trkpt lat="50.75027" lon="12.82505">
        <ele>359.4</ele>
      </trkpt>
      <trkpt lat="50.75009" lon="12.82429">
        <ele>359.8</ele>
      </trkpt>
      <trkpt lat="50.74991" lon="12.82351">
        <ele>360.2</ele>
      </trkpt>
      <trkpt lat="50.74973" lon="12.82272">
        <ele>360.2</ele>
      </trkpt>
      <trkpt lat="50.74964" lon="12.82223">
        <ele>360.3</ele>
      </trkpt>
      <trkpt lat="50.74963" lon="12.82209">
        <ele>360.3</ele>
      </trkpt>
      <trkpt lat="50.74967" lon="12.82193">
        <ele>360.2</ele>
      </trkpt>
      <trkpt lat="50.74978" lon="12.82196">
        <ele>359.8</ele>
      </trkpt>
      <trkpt lat="50.74987" lon="12.82193">
        <ele>359.5</ele>
      </trkpt>
      <trkpt lat="50.74994" lon="12.82188">
        <ele>359.2</ele>
      </trkpt>
      <trkpt lat="50.75001" lon="12.8218">
        <ele>359.0</ele>
      </trkpt>
      <trkpt lat="50.75041" lon="12.82106">
        <ele>358.5</ele>
      </trkpt>
      <trkpt lat="50.75081" lon="12.82032">
        <ele>358.0</ele>
      </trkpt>
      <trkpt lat="50.75121" lon="12.81958">
        <ele>360.2</ele>
      </trkpt>
      <trkpt lat="50.75136" lon="12.81931">
        <ele>361.0</ele>
      </trkpt>
      <trkpt lat="50.75159" lon="12.8189">
        <ele>362.3</ele>
      </trkpt>
      <trkpt lat="50.75171" lon="12.81874">
        <ele>363.2</ele>
      </trkpt>
      <trkpt lat="50.75175" lon="12.8187">
        <ele>363.5</ele>
      </trkpt>
      <trkpt lat="50.75186" lon="12.81864">
        <ele>364.1</ele>
      </trkpt>
      <trkpt lat="50.75198" lon="12.81863">
        <ele>364.7</ele>
      </trkpt>
      <trkpt lat="50.75207" lon="12.81865">
        <ele>365.1</ele>
      </trkpt>
      <trkpt lat="50.75219" lon="12.81875">
        <ele>365.5</ele>
      </trkpt>
      <trkpt lat="50.75225" lon="12.81862">
        <ele>365.9</ele>
      </trkpt>
      <trkpt lat="50.75254" lon="12.81812">
        <ele>367.8</ele>
      </trkpt>
      <trkpt lat="50.75283" lon="12.81759">
        <ele>370.8</ele>
      </trkpt>
      <trkpt lat="50.75304" lon="12.81726">
        <ele>372.8</ele>
      </trkpt>
      <trkpt lat="50.75346" lon="12.81642">
        <ele>377.2</ele>
      </trkpt>
      <trkpt lat="50.75389" lon="12.81558">
        <ele>381.2</ele>
      </trkpt>
      <trkpt lat="50.75424" lon="12.81479">
        <ele>384.8</ele>
      </trkpt>
      <trkpt lat="50.7544" lon="12.81434">
        <ele>386.5</ele>
      </trkpt>
      <trkpt lat="50.7546" lon="12.81362">
        <ele>388.5</ele>
      </trkpt>
      <trkpt lat="50.75479" lon="12.81289">
        <ele>390.2</ele>
      </trkpt>
      <trkpt lat="50.75491" lon="12.81222">
        <ele>390.9</ele>
      </trkpt>
      <trkpt lat="50.75496" lon="12.81176">
        <ele>391.0</ele>
      </trkpt>
      <trkpt lat="50.75499" lon="12.81129">
        <ele>391.5</ele>
      </trkpt>
      <trkpt lat="50.755" lon="12.81038">
        <ele>392.0</ele>
      </trkpt>
      <trkpt lat="50.75501" lon="12.80947">
        <ele>392.6</ele>
      </trkpt>
      <trkpt lat="50.75504" lon="12.80903">
        <ele>393.1</ele>
      </trkpt>
      <trkpt lat="50.75508" lon="12.80886">
        <ele>393.1</ele>
      </trkpt>
      <trkpt lat="50.75513" lon="12.80873">
        <ele>393.1</ele>
      </trkpt>
      <trkpt lat="50.75522" lon="12.80859">
        <ele>393.0</ele>
      </trkpt>
      <trkpt lat="50.75545" lon="12.80828">
        <ele>392.4</ele>
      </trkpt>
      <trkpt lat="50.75589" lon="12.80756">
        <ele>390.9</ele>
      </trkpt>
      <trkpt lat="50.75618" lon="12.80716">
        <ele>390.6</ele>
      </trkpt>
      <trkpt lat="50.75641" lon="12.80684">
        <ele>390.3</ele>
      </trkpt>
      <trkpt lat="50.75708" lon="12.80622">
        <ele>389.7</ele>
      </trkpt>
      <trkpt lat="50.75775" lon="12.80561">
        <ele>390.1</ele>
      </trkpt>
      <trkpt lat="50.75842" lon="12.805">
        <ele>391.1</ele>
      </trkpt>
      <trkpt lat="50.75865" lon="12.80481">
        <ele>391.6</ele>
      </trkpt>
      <trkpt lat="50.75887" lon="12.80466">
        <ele>392.1</ele>
      </trkpt>
      <trkpt lat="50.7591" lon="12.80457">
        <ele>392.4</ele>
      </trkpt>
      <trkpt lat="50.75929" lon="12.80452">
        <ele>392.5</ele>
      </trkpt>
      <trkpt lat="50.75969" lon="12.8045">
        <ele>392.3</ele>
      </trkpt>
      <trkpt lat="50.76015" lon="12.80454">
        <ele>392.1</ele>
      </trkpt>
      <trkpt lat="50.7606" lon="12.80458">
        <ele>392.0</ele>
      </trkpt>
      <trkpt lat="50.76127" lon="12.80455">
        <ele>391.3</ele>
      </trkpt>
      <trkpt lat="50.7618" lon="12.80439">
        <ele>390.9</ele>
      </trkpt>
      <trkpt lat="50.76231" lon="12.80411">
        <ele>390.6</ele>
      </trkpt>
      <trkpt lat="50.76306" lon="12.80364">
        <ele>389.5</ele>
      </trkpt>
      <trkpt lat="50.76386" lon="12.80316">
        <ele>388.6</ele>
      </trkpt>
      <trkpt lat="50.76436" lon="12.80285">
        <ele>388.4</ele>
      </trkpt>
      <trkpt lat="50.76478" lon="12.8028">
        <ele>388.1</ele>
      </trkpt>
      <trkpt lat="50.76491" lon="12.80273">
        <ele>388.2</ele>
      </trkpt>
      <trkpt lat="50.76534" lon="12.80231">
        <ele>390.3</ele>
      </trkpt>
      <trkpt lat="50.76601" lon="12.80172">
        <ele>393.3</ele>
      </trkpt>
      <trkpt lat="50.76609" lon="12.80148">
        <ele>394.3</ele>
      </trkpt>
      <trkpt lat="50.76641" lon="12.80085">
        <ele>397.3</ele>
      </trkpt>
      <trkpt lat="50.76672" lon="12.80021">
        <ele>400.3</ele>
      </trkpt>
      <trkpt lat="50.76724" lon="12.79927">
        <ele>403.7</ele>
      </trkpt>
      <trkpt lat="50.76745" lon="12.79897">
        <ele>404.3</ele>
      </trkpt>
      <trkpt lat="50.76763" lon="12.79888">
        <ele>404.0</ele>
      </trkpt>
      <trkpt lat="50.76776" lon="12.79887">
        <ele>403.7</ele>
      </trkpt>
      <trkpt lat="50.7684" lon="12.79884">
        <ele>402.0</ele>
      </trkpt>
      <trkpt lat="50.76861" lon="12.79877">
        <ele>401.0</ele>
      </trkpt>
      <trkpt lat="50.76872" lon="12.79862">
        <ele>400.5</ele>
      </trkpt>
      <trkpt lat="50.76879" lon="12.79845">
        <ele>400.2</ele>
      </trkpt>
      <trkpt lat="50.76884" lon="12.79829">
        <ele>399.9</ele>
      </trkpt>
      <trkpt lat="50.76884" lon="12.79829">
        <ele>399.9</ele>
      </trkpt>
      <trkpt lat="50.76905" lon="12.79761">
        <ele>398.5</ele>
      </trkpt>
      <trkpt lat="50.76935" lon="12.79677">
        <ele>397.1</ele>
      </trkpt>
      <trkpt lat="50.76951" lon="12.79642">
        <ele>396.1</ele>
      </trkpt>
      <trkpt lat="50.77008" lon="12.79554">
        <ele>392.7</ele>
      </trkpt>
      <trkpt lat="50.77054" lon="12.79498">
        <ele>391.7</ele>
      </trkpt>
      <trkpt lat="50.77071" lon="12.79472">
        <ele>391.5</ele>
      </trkpt>
      <trkpt lat="50.77101" lon="12.79417">
        <ele>392.8</ele>
      </trkpt>
      <trkpt lat="50.77131" lon="12.79361">
        <ele>394.6</ele>
      </trkpt>
      <trkpt lat="50.77189" lon="12.79262">
        <ele>399.0</ele>
      </trkpt>
      <trkpt lat="50.77232" lon="12.79186">
        <ele>403.5</ele>
      </trkpt>
      <trkpt lat="50.77274" lon="12.79111">
        <ele>406.2</ele>
      </trkpt>
      <trkpt lat="50.77298" lon="12.79059">
        <ele>407.3</ele>
      </trkpt>
      <trkpt lat="50.77318" lon="12.79006">
        <ele>407.8</ele>
      </trkpt>
      <trkpt lat="50.77353" lon="12.78892">
        <ele>408.5</ele>
      </trkpt>
      <trkpt lat="50.77357" lon="12.78888">
        <ele>408.3</ele>
      </trkpt>
      <trkpt lat="50.77357" lon="12.78879">
        <ele>408.3</ele>
      </trkpt>
      <trkpt lat="50.77365" lon="12.78853">
        <ele>407.9</ele>
      </trkpt>
      <trkpt lat="50.77383" lon="12.78805">
        <ele>406.1</ele>
      </trkpt>
      <trkpt lat="50.77391" lon="12.7879">
        <ele>405.2</ele>
      </trkpt>
      <trkpt lat="50.77397" lon="12.78782">
        <ele>404.5</ele>
      </trkpt>
      <trkpt lat="50.77432" lon="12.78815">
        <ele>404.6</ele>
      </trkpt>
      <trkpt lat="50.77448" lon="12.78827">
        <ele>404.6</ele>
      </trkpt>
      <trkpt lat="50.77526" lon="12.78864">
        <ele>403.0</ele>
      </trkpt>
      <trkpt lat="50.77599" lon="12.789">
        <ele>401.6</ele>
      </trkpt>
      <trkpt lat="50.77618" lon="12.78908">
        <ele>401.5</ele>
      </trkpt>
      <trkpt lat="50.77654" lon="12.78914">
        <ele>401.1</ele>
      </trkpt>
      <trkpt lat="50.7773" lon="12.78919">
        <ele>399.5</ele>
      </trkpt>
      <trkpt lat="50.77806" lon="12.78924">
        <ele>397.2</ele>
      </trkpt>
      <trkpt lat="50.77826" lon="12.78927">
        <ele>396.6</ele>
      </trkpt>
      <trkpt lat="50.7786" lon="12.78938">
        <ele>396.9</ele>
      </trkpt>
      <trkpt lat="50.77885" lon="12.78949">
        <ele>397.3</ele>
      </trkpt>
      <trkpt lat="50.77952" lon="12.78981">
        <ele>396.9</ele>
      </trkpt>
      <trkpt lat="50.77952" lon="12.78981">
        <ele>396.9</ele>
      </trkpt>
      <trkpt lat="50.78012" lon="12.79011">
        <ele>395.9</ele>
      </trkpt>
      <trkpt lat="50.78044" lon="12.79028">
        <ele>395.5</ele>
      </trkpt>
      <trkpt lat="50.78102" lon="12.7907">
        <ele>394.8</ele>
      </trkpt>
      <trkpt lat="50.78172" lon="12.79123">
        <ele>394.5</ele>
      </trkpt>
      <trkpt lat="50.78241" lon="12.79176">
        <ele>395.1</ele>
      </trkpt>
      <trkpt lat="50.78246" lon="12.79181">
        <ele>395.2</ele>
      </trkpt>
      <trkpt lat="50.78249" lon="12.79186">
        <ele>395.2</ele>
      </trkpt>
      <trkpt lat="50.78251" lon="12.79193">
        <ele>395.3</ele>
      </trkpt>
      <trkpt lat="50.78253" lon="12.79208">
        <ele>395.5</ele>
      </trkpt>
      <trkpt lat="50.78253" lon="12.79253">
        <ele>396.1</ele>
      </trkpt>
      <trkpt lat="50.78255" lon="12.7926">
        <ele>396.2</ele>
      </trkpt>
      <trkpt lat="50.78257" lon="12.79264">
        <ele>396.3</ele>
      </trkpt>
      <trkpt lat="50.78271" lon="12.79276">
        <ele>396.6</ele>
      </trkpt>
      <trkpt lat="50.78347" lon="12.79323">
        <ele>397.7</ele>
      </trkpt>
      <trkpt lat="50.78376" lon="12.79336">
        <ele>397.5</ele>
      </trkpt>
      <trkpt lat="50.78406" lon="12.79346">
        <ele>397.2</ele>
      </trkpt>
      <trkpt lat="50.78461" lon="12.79356">
        <ele>397.3</ele>
      </trkpt>
      <trkpt lat="50.78537" lon="12.79345">
        <ele>395.9</ele>
      </trkpt>
      <trkpt lat="50.78573" lon="12.7935">
        <ele>394.7</ele>
      </trkpt>
      <trkpt lat="50.78593" lon="12.79355">
        <ele>394.4</ele>
      </trkpt>
      <trkpt lat="50.78608" lon="12.79361">
        <ele>394.4</ele>
      </trkpt>
      <trkpt lat="50.78636" lon="12.79388">
        <ele>394.7</ele>
      </trkpt>
      <trkpt lat="50.78669" lon="12.79414">
        <ele>394.9</ele>
      </trkpt>
      <trkpt lat="50.78684" lon="12.79422">
        <ele>395.2</ele>
      </trkpt>
      <trkpt lat="50.78701" lon="12.79421">
        <ele>395.1</ele>
      </trkpt>
      <trkpt lat="50.78754" lon="12.79411">
        <ele>395.0</ele>
      </trkpt>
      <trkpt lat="50.78808" lon="12.79402">
        <ele>396.3</ele>
      </trkpt>
      <trkpt lat="50.78817" lon="12.79393">
        <ele>396.6</ele>
      </trkpt>
      <trkpt lat="50.78842" lon="12.79353">
        <ele>397.0</ele>
      </trkpt>
      <trkpt lat="50.78882" lon="12.79292">
        <ele>396.5</ele>
      </trkpt>
      <trkpt lat="50.78922" lon="12.79231">
        <ele>395.6</ele>
      </trkpt>
      <trkpt lat="50.78948" lon="12.79187">
        <ele>394.5</ele>
      </trkpt>
      <trkpt lat="50.7896" lon="12.79157">
        <ele>393.7</ele>
      </trkpt>
      <trkpt lat="50.78964" lon="12.79132">
        <ele>393.0</ele>
      </trkpt>
      <trkpt lat="50.78966" lon="12.79065">
        <ele>391.5</ele>
      </trkpt>
      <trkpt lat="50.78974" lon="12.79004">
        <ele>390.0</ele>
      </trkpt>
      <trkpt lat="50.7899" lon="12.78953">
        <ele>388.8</ele>
      </trkpt>
      <trkpt lat="50.79008" lon="12.78898">
        <ele>387.8</ele>
      </trkpt>
      <trkpt lat="50.79051" lon="12.78801">
        <ele>387.2</ele>
      </trkpt>
      <trkpt lat="50.79075" lon="12.78759">
        <ele>387.1</ele>
      </trkpt>
      <trkpt lat="50.7911" lon="12.78683">
        <ele>385.3</ele>
      </trkpt>
      <trkpt lat="50.79128" lon="12.78649">
        <ele>384.6</ele>
      </trkpt>
      <trkpt lat="50.7914" lon="12.78632">
        <ele>384.3</ele>
      </trkpt>
      <trkpt lat="50.79157" lon="12.78616">
        <ele>383.7</ele>
      </trkpt>
      <trkpt lat="50.79185" lon="12.78598">
        <ele>382.8</ele>
      </trkpt>
      <trkpt lat="50.79211" lon="12.78595">
        <ele>381.6</ele>
      </trkpt>
      <trkpt lat="50.79231" lon="12.78596">
        <ele>380.6</ele>
      </trkpt>
      <trkpt lat="50.79286" lon="12.78579">
        <ele>379.2</ele>
      </trkpt>
      <trkpt lat="50.79312" lon="12.78578">
        <ele>378.6</ele>
      </trkpt>
      <trkpt lat="50.79355" lon="12.78578">
        <ele>377.5</ele>
      </trkpt>
      <trkpt lat="50.7938" lon="12.78571">
        <ele>377.0</ele>
      </trkpt>
      <trkpt lat="50.79427" lon="12.78555">
        <ele>376.3</ele>
      </trkpt>
      <trkpt lat="50.79453" lon="12.78539">
        <ele>376.3</ele>
      </trkpt>
      <trkpt lat="50.79481" lon="12.78513">
        <ele>376.7</ele>
      </trkpt>
      <trkpt lat="50.79499" lon="12.78489">
        <ele>377.0</ele>
      </trkpt>
      <trkpt lat="50.79525" lon="12.78441">
        <ele>376.6</ele>
      </trkpt>
      <trkpt lat="50.79537" lon="12.78423">
        <ele>376.5</ele>
      </trkpt>
      <trkpt lat="50.79556" lon="12.78402">
        <ele>376.3</ele>
      </trkpt>
      <trkpt lat="50.79585" lon="12.78374">
        <ele>376.0</ele>
      </trkpt>
      <trkpt lat="50.79614" lon="12.78349">
        <ele>377.0</ele>
      </trkpt>
      <trkpt lat="50.79655" lon="12.7832">
        <ele>378.6</ele>
      </trkpt>
      <trkpt lat="50.79675" lon="12.78304">
        <ele>379.2</ele>
      </trkpt>
      <trkpt lat="50.79694" lon="12.78283">
        <ele>379.9</ele>
      </trkpt>
      <trkpt lat="50.79713" lon="12.78255">
        <ele>380.6</ele>
      </trkpt>
      <trkpt lat="50.79742" lon="12.7821">
        <ele>382.1</ele>
      </trkpt>
      <trkpt lat="50.79749" lon="12.78193">
        <ele>382.6</ele>
      </trkpt>
      <trkpt lat="50.79782" lon="12.78125">
        <ele>382.8</ele>
      </trkpt>
      <trkpt lat="50.7981" lon="12.78051">
        <ele>383.1</ele>
      </trkpt>
      <trkpt lat="50.79833" lon="12.77982">
        <ele>384.0</ele>
      </trkpt>
      <trkpt lat="50.79857" lon="12.77914">
        <ele>383.7</ele>
      </trkpt>
      <trkpt lat="50.79873" lon="12.77872">
        <ele>383.5</ele>
      </trkpt>
      <trkpt lat="50.79882" lon="12.77858">
        <ele>383.4</ele>
      </trkpt>
      <trkpt lat="50.79947" lon="12.77782">
        <ele>382.1</ele>
      </trkpt>
      <trkpt lat="50.80011" lon="12.77701">
        <ele>381.1</ele>
      </trkpt>
      <trkpt lat="50.80064" lon="12.77666">
        <ele>378.9</ele>
      </trkpt>
      <trkpt lat="50.80116" lon="12.77631">
        <ele>376.2</ele>
      </trkpt>
      <trkpt lat="50.80132" lon="12.77619">
        <ele>375.4</ele>
      </trkpt>
      <trkpt lat="50.80143" lon="12.77608">
        <ele>374.9</ele>
      </trkpt>
      <trkpt lat="50.80153" lon="12.77593">
        <ele>374.6</ele>
      </trkpt>
      <trkpt lat="50.80161" lon="12.77574">
        <ele>374.3</ele>
      </trkpt>
      <trkpt lat="50.80167" lon="12.77544">
        <ele>374.0</ele>
      </trkpt>
      <trkpt lat="50.80171" lon="12.77513">
        <ele>373.7</ele>
      </trkpt>
      <trkpt lat="50.80177" lon="12.77472">
        <ele>373.8</ele>
      </trkpt>
      <trkpt lat="50.80184" lon="12.77447">
        <ele>373.9</ele>
      </trkpt>
      <trkpt lat="50.80218" lon="12.77344">
        <ele>374.2</ele>
      </trkpt>
      <trkpt lat="50.80225" lon="12.77318">
        <ele>374.5</ele>
      </trkpt>
      <trkpt lat="50.8024" lon="12.77229">
        <ele>376.2</ele>
      </trkpt>
      <trkpt lat="50.80259" lon="12.77141">
        <ele>377.5</ele>
      </trkpt>
      <trkpt lat="50.80267" lon="12.77116">
        <ele>377.2</ele>
      </trkpt>
      <trkpt lat="50.80291" lon="12.77056">
        <ele>377.0</ele>
      </trkpt>
      <trkpt lat="50.80316" lon="12.76996">
        <ele>376.9</ele>
      </trkpt>
      <trkpt lat="50.80331" lon="12.76949">
        <ele>375.8</ele>
      </trkpt>
      <trkpt lat="50.80346" lon="12.76901">
        <ele>374.5</ele>
      </trkpt>
      <trkpt lat="50.80359" lon="12.76841">
        <ele>373.8</ele>
      </trkpt>
      <trkpt lat="50.80362" lon="12.76823">
        <ele>373.9</ele>
      </trkpt>
      <trkpt lat="50.80364" lon="12.76786">
        <ele>374.6</ele>
      </trkpt>
      <trkpt lat="50.80367" lon="12.76761">
        <ele>375.2</ele>
      </trkpt>
      <trkpt lat="50.8037" lon="12.76742">
        <ele>375.6</ele>
      </trkpt>
      <trkpt lat="50.80374" lon="12.76722">
        <ele>376.0</ele>
      </trkpt>
      <trkpt lat="50.8038" lon="12.76702">
        <ele>376.5</ele>
      </trkpt>
      <trkpt lat="50.80389" lon="12.76676">
        <ele>377.1</ele>
      </trkpt>
      <trkpt lat="50.80412" lon="12.76633">
        <ele>379.1</ele>
      </trkpt>
      <trkpt lat="50.80422" lon="12.76604">
        <ele>380.1</ele>
      </trkpt>
      <trkpt lat="50.80429" lon="12.76578">
        <ele>380.8</ele>
      </trkpt>
      <trkpt lat="50.80438" lon="12.76533">
        <ele>381.5</ele>
      </trkpt>
      <trkpt lat="50.80446" lon="12.76482">
        <ele>381.7</ele>
      </trkpt>
      <trkpt lat="50.80453" lon="12.76428">
        <ele>380.8</ele>
      </trkpt>
      <trkpt lat="50.80468" lon="12.76314">
        <ele>380.2</ele>
      </trkpt>
      <trkpt lat="50.80476" lon="12.76227">
        <ele>380.2</ele>
      </trkpt>
      <trkpt lat="50.8048" lon="12.762">
        <ele>380.1</ele>
      </trkpt>
      <trkpt lat="50.80486" lon="12.76172">
        <ele>380.0</ele>
      </trkpt>
      <trkpt lat="50.805" lon="12.76134">
        <ele>380.4</ele>
      </trkpt>
      <trkpt lat="50.80534" lon="12.76055">
        <ele>380.5</ele>
      </trkpt>
      <trkpt lat="50.80538" lon="12.7604">
        <ele>380.6</ele>
      </trkpt>
      <trkpt lat="50.80532" lon="12.7599">
        <ele>380.9</ele>
      </trkpt>
      <trkpt lat="50.80541" lon="12.75985">
        <ele>380.8</ele>
      </trkpt>
      <trkpt lat="50.8055" lon="12.75978">
        <ele>380.7</ele>
      </trkpt>
      <trkpt lat="50.80568" lon="12.75961">
        <ele>380.5</ele>
      </trkpt>
      <trkpt lat="50.80586" lon="12.7594">
        <ele>380.9</ele>
      </trkpt>
      <trkpt lat="50.80637" lon="12.7586">
        <ele>382.3</ele>
      </trkpt>
      <trkpt lat="50.80664" lon="12.75826">
        <ele>383.0</ele>
      </trkpt>
      <trkpt lat="50.80675" lon="12.75814">
        <ele>383.4</ele>
      </trkpt>
      <trkpt lat="50.80685" lon="12.75806">
        <ele>383.8</ele>
      </trkpt>
      <trkpt lat="50.80696" lon="12.758">
        <ele>384.1</ele>
      </trkpt>
      <trkpt lat="50.80748" lon="12.7578">
        <ele>385.6</ele>
      </trkpt>
      <trkpt lat="50.80801" lon="12.75759">
        <ele>387.1</ele>
      </trkpt>
      <trkpt lat="50.80816" lon="12.75874">
        <ele>385.5</ele>
      </trkpt>
      <trkpt lat="50.80827" lon="12.75938">
        <ele>384.0</ele>
      </trkpt>
      <trkpt lat="50.8085" lon="12.76018">
        <ele>381.4</ele>
      </trkpt>
      <trkpt lat="50.80871" lon="12.76082">
        <ele>379.5</ele>
      </trkpt>
      <trkpt lat="50.80892" lon="12.76147">
        <ele>377.2</ele>
      </trkpt>
      <trkpt lat="50.80914" lon="12.76219">
        <ele>376.3</ele>
      </trkpt>
      <trkpt lat="50.80936" lon="12.76291">
        <ele>376.0</ele>
      </trkpt>
      <trkpt lat="50.80941" lon="12.76313">
        <ele>375.8</ele>
      </trkpt>
      <trkpt lat="50.80946" lon="12.76336">
        <ele>375.7</ele>
      </trkpt>
      <trkpt lat="50.80959" lon="12.76423">
        <ele>376.3</ele>
      </trkpt>
      <trkpt lat="50.80968" lon="12.76481">
        <ele>376.7</ele>
      </trkpt>
      <trkpt lat="50.80979" lon="12.76569">
        <ele>377.4</ele>
      </trkpt>
      <trkpt lat="50.80983" lon="12.76615">
        <ele>377.0</ele>
      </trkpt>
      <trkpt lat="50.80984" lon="12.76659">
        <ele>376.5</ele>
      </trkpt>
      <trkpt lat="50.80981" lon="12.76722">
        <ele>376.3</ele>
      </trkpt>
      <trkpt lat="50.80979" lon="12.76796">
        <ele>376.2</ele>
      </trkpt>
      <trkpt lat="50.80976" lon="12.7687">
        <ele>376.1</ele>
      </trkpt>
      <trkpt lat="50.80977" lon="12.76973">
        <ele>376.8</ele>
      </trkpt>
      <trkpt lat="50.80977" lon="12.77075">
        <ele>376.5</ele>
      </trkpt>
      <trkpt lat="50.80978" lon="12.77123">
        <ele>375.6</ele>
      </trkpt>
      <trkpt lat="50.80981" lon="12.77185">
        <ele>374.6</ele>
      </trkpt>
      <trkpt lat="50.80987" lon="12.77273">
        <ele>373.3</ele>
      </trkpt>
      <trkpt lat="50.80999" lon="12.77352">
        <ele>372.0</ele>
      </trkpt>
      <trkpt lat="50.81011" lon="12.77431">
        <ele>371.5</ele>
      </trkpt>
      <trkpt lat="50.81017" lon="12.77475">
        <ele>371.4</ele>
      </trkpt>
      <trkpt lat="50.81022" lon="12.77558">
        <ele>370.6</ele>
      </trkpt>
      <trkpt lat="50.81026" lon="12.77641">
        <ele>369.7</ele>
      </trkpt>
      <trkpt lat="50.81035" lon="12.77747">
        <ele>368.9</ele>
      </trkpt>
      <trkpt lat="50.81049" lon="12.77848">
        <ele>367.4</ele>
      </trkpt>
      <trkpt lat="50.81058" lon="12.77939">
        <ele>366.4</ele>
      </trkpt>
      <trkpt lat="50.81055" lon="12.78073">
        <ele>365.2</ele>
      </trkpt>
      <trkpt lat="50.81053" lon="12.78208">
        <ele>362.2</ele>
      </trkpt>
      <trkpt lat="50.81052" lon="12.78271">
        <ele>361.5</ele>
      </trkpt>
      <trkpt lat="50.81053" lon="12.78294">
        <ele>361.2</ele>
      </trkpt>
      <trkpt lat="50.81056" lon="12.78343">
        <ele>360.5</ele>
      </trkpt>
      <trkpt lat="50.81064" lon="12.78459">
        <ele>358.8</ele>
      </trkpt>
      <trkpt lat="50.81067" lon="12.78486">
        <ele>358.4</ele>
      </trkpt>
      <trkpt lat="50.81085" lon="12.78621">
        <ele>358.4</ele>
      </trkpt>
      <trkpt lat="50.81089" lon="12.78647">
        <ele>358.5</ele>
      </trkpt>
      <trkpt lat="50.81109" lon="12.78737">
        <ele>357.8</ele>
      </trkpt>
      <trkpt lat="50.81112" lon="12.78755">
        <ele>357.6</ele>
      </trkpt>
      <trkpt lat="50.81114" lon="12.78863">
        <ele>356.9</ele>
      </trkpt>
      <trkpt lat="50.81116" lon="12.78883">
        <ele>357.0</ele>
      </trkpt>
      <trkpt lat="50.81121" lon="12.78903">
        <ele>357.0</ele>
      </trkpt>
      <trkpt lat="50.81153" lon="12.7899">
        <ele>356.5</ele>
      </trkpt>
      <trkpt lat="50.81167" lon="12.79042">
        <ele>356.0</ele>
      </trkpt>
      <trkpt lat="50.81174" lon="12.79076">
        <ele>355.5</ele>
      </trkpt>
      <trkpt lat="50.81176" lon="12.79091">
        <ele>355.2</ele>
      </trkpt>
      <trkpt lat="50.8118" lon="12.79148">
        <ele>354.3</ele>
      </trkpt>
      <trkpt lat="50.81186" lon="12.79198">
        <ele>354.0</ele>
      </trkpt>
      <trkpt lat="50.81191" lon="12.79229">
        <ele>354.0</ele>
      </trkpt>
      <trkpt lat="50.8119" lon="12.79228">
        <ele>353.8</ele>
      </trkpt>
      <trkpt lat="50.81191" lon="12.79229">
        <ele>354.0</ele>
      </trkpt>
      <trkpt lat="50.81205" lon="12.79297">
        <ele>354.1</ele>
      </trkpt>
      <trkpt lat="50.81218" lon="12.79367">
        <ele>353.8</ele>
      </trkpt>
      <trkpt lat="50.81232" lon="12.79437">
        <ele>352.6</ele>
      </trkpt>
      <trkpt lat="50.81238" lon="12.79482">
        <ele>351.8</ele>
      </trkpt>
      <trkpt lat="50.81239" lon="12.79496">
        <ele>351.6</ele>
      </trkpt>
      <trkpt lat="50.81238" lon="12.79514">
        <ele>351.4</ele>
      </trkpt>
      <trkpt lat="50.81235" lon="12.79631">
        <ele>349.6</ele>
      </trkpt>
      <trkpt lat="50.81235" lon="12.7965">
        <ele>349.1</ele>
      </trkpt>
      <trkpt lat="50.81236" lon="12.79676">
        <ele>348.7</ele>
      </trkpt>
      <trkpt lat="50.81246" lon="12.79808">
        <ele>348.1</ele>
      </trkpt>
      <trkpt lat="50.8125" lon="12.79843">
        <ele>348.0</ele>
      </trkpt>
      <trkpt lat="50.81267" lon="12.79917">
        <ele>347.4</ele>
      </trkpt>
      <trkpt lat="50.81271" lon="12.79939">
        <ele>347.4</ele>
      </trkpt>
      <trkpt lat="50.81273" lon="12.79961">
        <ele>347.4</ele>
      </trkpt>
      <trkpt lat="50.81276" lon="12.80062">
        <ele>347.4</ele>
      </trkpt>
      <trkpt lat="50.81278" lon="12.80163">
        <ele>347.3</ele>
      </trkpt>
      <trkpt lat="50.8128" lon="12.80198">
        <ele>347.3</ele>
      </trkpt>
      <trkpt lat="50.81288" lon="12.80301">
        <ele>347.1</ele>
      </trkpt>
      <trkpt lat="50.81297" lon="12.80405">
        <ele>347.5</ele>
      </trkpt>
      <trkpt lat="50.81305" lon="12.80508">
        <ele>348.5</ele>
      </trkpt>
      <trkpt lat="50.81307" lon="12.80524">
        <ele>348.4</ele>
      </trkpt>
      <trkpt lat="50.81311" lon="12.80548">
        <ele>348.4</ele>
      </trkpt>
      <trkpt lat="50.81314" lon="12.80564">
        <ele>348.3</ele>
      </trkpt>
      <trkpt lat="50.81324" lon="12.80593">
        <ele>348.4</ele>
      </trkpt>
      <trkpt lat="50.81333" lon="12.80614">
        <ele>348.6</ele>
      </trkpt>
      <trkpt lat="50.81366" lon="12.80675">
        <ele>347.3</ele>
      </trkpt>
      <trkpt lat="50.81398" lon="12.80735">
        <ele>347.1</ele>
      </trkpt>
      <trkpt lat="50.81408" lon="12.80755">
        <ele>347.2</ele>
      </trkpt>
      <trkpt lat="50.81418" lon="12.80778">
        <ele>347.3</ele>
      </trkpt>
      <trkpt lat="50.81427" lon="12.80806">
        <ele>347.3</ele>
      </trkpt>
      <trkpt lat="50.81431" lon="12.80831">
        <ele>347.6</ele>
      </trkpt>
      <trkpt lat="50.81432" lon="12.80847">
        <ele>347.8</ele>
      </trkpt>
      <trkpt lat="50.81432" lon="12.80869">
        <ele>348.0</ele>
      </trkpt>
      <trkpt lat="50.81431" lon="12.80878">
        <ele>348.2</ele>
      </trkpt>
      <trkpt lat="50.81428" lon="12.80888">
        <ele>348.3</ele>
      </trkpt>
      <trkpt lat="50.81424" lon="12.80901">
        <ele>348.5</ele>
      </trkpt>
      <trkpt lat="50.81414" lon="12.80924">
        <ele>348.8</ele>
      </trkpt>
      <trkpt lat="50.81406" lon="12.80938">
        <ele>349.1</ele>
      </trkpt>
      <trkpt lat="50.81397" lon="12.80949">
        <ele>349.1</ele>
      </trkpt>
      <trkpt lat="50.8136" lon="12.80987">
        <ele>348.6</ele>
      </trkpt>
      <trkpt lat="50.81343" lon="12.81009">
        <ele>348.2</ele>
      </trkpt>
      <trkpt lat="50.8133" lon="12.81031">
        <ele>347.8</ele>
      </trkpt>
      <trkpt lat="50.8132" lon="12.81051">
        <ele>347.0</ele>
      </trkpt>
      <trkpt lat="50.81269" lon="12.81164">
        <ele>343.9</ele>
      </trkpt>
      <trkpt lat="50.81277" lon="12.8118">
        <ele>344.2</ele>
      </trkpt>
      <trkpt lat="50.81288" lon="12.81205">
        <ele>344.6</ele>
      </trkpt>
      <trkpt lat="50.81294" lon="12.81224">
        <ele>344.8</ele>
      </trkpt>
      <trkpt lat="50.81299" lon="12.81244">
        <ele>345.0</ele>
      </trkpt>
      <trkpt lat="50.81302" lon="12.81267">
        <ele>344.8</ele>
      </trkpt>
      <trkpt lat="50.81305" lon="12.8129">
        <ele>344.7</ele>
      </trkpt>
      <trkpt lat="50.81307" lon="12.81346">
        <ele>344.0</ele>
      </trkpt>
      <trkpt lat="50.81304" lon="12.81436">
        <ele>342.7</ele>
      </trkpt>
      <trkpt lat="50.81303" lon="12.8152">
        <ele>341.6</ele>
      </trkpt>
      <trkpt lat="50.81304" lon="12.81619">
        <ele>340.5</ele>
      </trkpt>
      <trkpt lat="50.81305" lon="12.81655">
        <ele>340.1</ele>
      </trkpt>
      <trkpt lat="50.81309" lon="12.81729">
        <ele>338.5</ele>
      </trkpt>
      <trkpt lat="50.81316" lon="12.81823">
        <ele>335.9</ele>
      </trkpt>
      <trkpt lat="50.81319" lon="12.8189">
        <ele>334.6</ele>
      </trkpt>
      <trkpt lat="50.81318" lon="12.81928">
        <ele>333.6</ele>
      </trkpt>
      <trkpt lat="50.81316" lon="12.81945">
        <ele>333.1</ele>
      </trkpt>
      <trkpt lat="50.81312" lon="12.8197">
        <ele>332.3</ele>
      </trkpt>
      <trkpt lat="50.81297" lon="12.82038">
        <ele>330.8</ele>
      </trkpt>
      <trkpt lat="50.81283" lon="12.82107">
        <ele>330.0</ele>
      </trkpt>
      <trkpt lat="50.81279" lon="12.82138">
        <ele>329.7</ele>
      </trkpt>
      <trkpt lat="50.81278" lon="12.82169">
        <ele>329.7</ele>
      </trkpt>
      <trkpt lat="50.81279" lon="12.8221">
        <ele>329.7</ele>
      </trkpt>
      <trkpt lat="50.81282" lon="12.82282">
        <ele>330.1</ele>
      </trkpt>
      <trkpt lat="50.81282" lon="12.82306">
        <ele>330.2</ele>
      </trkpt>
      <trkpt lat="50.81279" lon="12.82327">
        <ele>330.1</ele>
      </trkpt>
      <trkpt lat="50.81276" lon="12.82346">
        <ele>329.9</ele>
      </trkpt>
      <trkpt lat="50.81271" lon="12.82368">
        <ele>329.5</ele>
      </trkpt>
      <trkpt lat="50.81262" lon="12.82394">
        <ele>329.5</ele>
      </trkpt>
      <trkpt lat="50.81254" lon="12.8241">
        <ele>329.2</ele>
      </trkpt>
      <trkpt lat="50.81248" lon="12.82423">
        <ele>328.9</ele>
      </trkpt>
      <trkpt lat="50.81248" lon="12.82423">
        <ele>328.9</ele>
      </trkpt>
      <trkpt lat="50.81243" lon="12.82434">
        <ele>328.7</ele>
      </trkpt>
      <trkpt lat="50.81236" lon="12.82449">
        <ele>328.5</ele>
      </trkpt>
      <trkpt lat="50.81227" lon="12.82473">
        <ele>328.1</ele>
      </trkpt>
      <trkpt lat="50.81223" lon="12.8249">
        <ele>328.1</ele>
      </trkpt>
      <trkpt lat="50.81218" lon="12.82511">
        <ele>328.1</ele>
      </trkpt>
      <trkpt lat="50.81217" lon="12.82526">
        <ele>328.1</ele>
      </trkpt>
      <trkpt lat="50.81217" lon="12.82544">
        <ele>328.0</ele>
      </trkpt>
      <trkpt lat="50.8123" lon="12.82639">
        <ele>327.3</ele>
      </trkpt>
      <trkpt lat="50.81231" lon="12.82657">
        <ele>327.3</ele>
      </trkpt>
      <trkpt lat="50.81231" lon="12.8267">
        <ele>327.2</ele>
      </trkpt>
      <trkpt lat="50.81229" lon="12.82692">
        <ele>327.3</ele>
      </trkpt>
      <trkpt lat="50.81227" lon="12.82708">
        <ele>327.3</ele>
      </trkpt>
      <trkpt lat="50.81217" lon="12.82747">
        <ele>327.4</ele>
      </trkpt>
      <trkpt lat="50.81214" lon="12.82763">
        <ele>327.3</ele>
      </trkpt>
      <trkpt lat="50.8121" lon="12.8279">
        <ele>327.0</ele>
      </trkpt>
      <trkpt lat="50.81206" lon="12.82829">
        <ele>326.6</ele>
      </trkpt>
      <trkpt lat="50.81214" lon="12.82821">
        <ele>326.6</ele>
      </trkpt>
      <trkpt lat="50.81218" lon="12.82819">
        <ele>326.6</ele>
      </trkpt>
      <trkpt lat="50.81292" lon="12.82788">
        <ele>326.3</ele>
      </trkpt>
      <trkpt lat="50.81374" lon="12.82753">
        <ele>329.4</ele>
      </trkpt>
      <trkpt lat="50.81458" lon="12.82702">
        <ele>332.9</ele>
      </trkpt>
      <trkpt lat="50.81541" lon="12.8265">
        <ele>332.2</ele>
      </trkpt>
      <trkpt lat="50.8158" lon="12.82629">
        <ele>331.1</ele>
      </trkpt>
      <trkpt lat="50.81655" lon="12.82624">
        <ele>329.7</ele>
      </trkpt>
      <trkpt lat="50.81661" lon="12.82623">
        <ele>329.6</ele>
      </trkpt>
      <trkpt lat="50.81706" lon="12.8262">
        <ele>328.0</ele>
      </trkpt>
      <trkpt lat="50.81751" lon="12.82617">
        <ele>326.4</ele>
      </trkpt>
      <trkpt lat="50.81778" lon="12.82619">
        <ele>326.3</ele>
      </trkpt>
      <trkpt lat="50.81808" lon="12.82623">
        <ele>326.1</ele>
      </trkpt>
      <trkpt lat="50.81847" lon="12.8263">
        <ele>326.7</ele>
      </trkpt>
      <trkpt lat="50.81873" lon="12.82637">
        <ele>327.9</ele>
      </trkpt>
      <trkpt lat="50.81897" lon="12.82653">
        <ele>329.1</ele>
      </trkpt>
      <trkpt lat="50.8195" lon="12.82707">
        <ele>331.1</ele>
      </trkpt>
      <trkpt lat="50.81976" lon="12.82732">
        <ele>332.1</ele>
      </trkpt>
      <trkpt lat="50.81994" lon="12.8274">
        <ele>332.8</ele>
      </trkpt>
      <trkpt lat="50.82038" lon="12.82742">
        <ele>334.5</ele>
      </trkpt>
      <trkpt lat="50.82082" lon="12.82737">
        <ele>336.3</ele>
      </trkpt>
      <trkpt lat="50.82114" lon="12.82725">
        <ele>336.3</ele>
      </trkpt>
      <trkpt lat="50.82138" lon="12.82707">
        <ele>336.7</ele>
      </trkpt>
      <trkpt lat="50.82148" lon="12.82696">
        <ele>337.0</ele>
      </trkpt>
      <trkpt lat="50.82162" lon="12.82676">
        <ele>337.7</ele>
      </trkpt>
      <trkpt lat="50.82191" lon="12.82604">
        <ele>339.8</ele>
      </trkpt>
      <trkpt lat="50.82191" lon="12.82604">
        <ele>339.8</ele>
      </trkpt>
      <trkpt lat="50.82218" lon="12.8254">
        <ele>341.3</ele>
      </trkpt>
      <trkpt lat="50.82243" lon="12.82467">
        <ele>341.8</ele>
      </trkpt>
      <trkpt lat="50.82264" lon="12.82406">
        <ele>341.6</ele>
      </trkpt>
      <trkpt lat="50.82267" lon="12.82403">
        <ele>341.6</ele>
      </trkpt>
      <trkpt lat="50.82271" lon="12.82403">
        <ele>341.4</ele>
      </trkpt>
      <trkpt lat="50.82316" lon="12.82425">
        <ele>339.4</ele>
      </trkpt>
      <trkpt lat="50.82361" lon="12.82448">
        <ele>338.0</ele>
      </trkpt>
      <trkpt lat="50.82419" lon="12.82476">
        <ele>337.3</ele>
      </trkpt>
      <trkpt lat="50.82477" lon="12.82504">
        <ele>338.4</ele>
      </trkpt>
      <trkpt lat="50.82534" lon="12.82533">
        <ele>339.4</ele>
      </trkpt>
      <trkpt lat="50.82586" lon="12.82565">
        <ele>340.1</ele>
      </trkpt>
      <trkpt lat="50.82639" lon="12.82596">
        <ele>342.1</ele>
      </trkpt>
      <trkpt lat="50.82692" lon="12.82628">
        <ele>344.8</ele>
      </trkpt>
      <trkpt lat="50.82694" lon="12.82637">
        <ele>345.0</ele>
      </trkpt>
      <trkpt lat="50.82691" lon="12.8265">
        <ele>345.0</ele>
      </trkpt>
      <trkpt lat="50.8269" lon="12.82664">
        <ele>345.1</ele>
      </trkpt>
      <trkpt lat="50.82695" lon="12.82686">
        <ele>345.4</ele>
      </trkpt>
      <trkpt lat="50.82696" lon="12.82703">
        <ele>345.4</ele>
      </trkpt>
      <trkpt lat="50.82697" lon="12.82725">
        <ele>345.5</ele>
      </trkpt>
      <trkpt lat="50.82695" lon="12.82766">
        <ele>345.4</ele>
      </trkpt>
      <trkpt lat="50.82692" lon="12.82801">
        <ele>345.2</ele>
      </trkpt>
      <trkpt lat="50.82689" lon="12.82825">
        <ele>345.1</ele>
      </trkpt>
      <trkpt lat="50.8269" lon="12.82835">
        <ele>345.1</ele>
      </trkpt>
      <trkpt lat="50.82694" lon="12.82839">
        <ele>345.3</ele>
      </trkpt>
      <trkpt lat="50.82698" lon="12.82841">
        <ele>345.5</ele>
      </trkpt>
      <trkpt lat="50.82693" lon="12.82864">
        <ele>345.3</ele>
      </trkpt>
      <trkpt lat="50.82686" lon="12.8289">
        <ele>344.9</ele>
      </trkpt>
      <trkpt lat="50.82663" lon="12.82952">
        <ele>343.8</ele>
      </trkpt>
      <trkpt lat="50.82658" lon="12.82965">
        <ele>343.6</ele>
      </trkpt>
      <trkpt lat="50.82631" lon="12.83014">
        <ele>342.5</ele>
      </trkpt>
      <trkpt lat="50.82583" lon="12.83096">
        <ele>341.3</ele>
      </trkpt>
      <trkpt lat="50.82534" lon="12.83177">
        <ele>341.3</ele>
      </trkpt>
      <trkpt lat="50.82486" lon="12.83258">
        <ele>340.5</ele>
      </trkpt>
      <trkpt lat="50.82438" lon="12.8334">
        <ele>340.9</ele>
      </trkpt>
      <trkpt lat="50.82435" lon="12.83344">
        <ele>340.9</ele>
      </trkpt>
      <trkpt lat="50.82377" lon="12.83441">
        <ele>342.4</ele>
      </trkpt>
      <trkpt lat="50.82364" lon="12.83467">
        <ele>343.2</ele>
      </trkpt>
      <trkpt lat="50.82344" lon="12.83517">
        <ele>344.5</ele>
      </trkpt>
      <trkpt lat="50.82332" lon="12.83557">
        <ele>345.4</ele>
      </trkpt>
      <trkpt lat="50.82323" lon="12.83591">
        <ele>346.1</ele>
      </trkpt>
      <trkpt lat="50.82318" lon="12.83622">
        <ele>346.7</ele>
      </trkpt>
      <trkpt lat="50.82313" lon="12.83723">
        <ele>347.8</ele>
      </trkpt>
      <trkpt lat="50.82316" lon="12.83782">
        <ele>347.6</ele>
      </trkpt>
      <trkpt lat="50.8232" lon="12.83818">
        <ele>347.3</ele>
      </trkpt>
      <trkpt lat="50.82326" lon="12.83849">
        <ele>346.9</ele>
      </trkpt>
      <trkpt lat="50.82361" lon="12.8397">
        <ele>342.7</ele>
      </trkpt>
      <trkpt lat="50.82396" lon="12.84091">
        <ele>338.1</ele>
      </trkpt>
      <trkpt lat="50.82431" lon="12.84212">
        <ele>334.7</ele>
      </trkpt>
      <trkpt lat="50.82466" lon="12.84333">
        <ele>331.0</ele>
      </trkpt>
      <trkpt lat="50.82501" lon="12.84454">
        <ele>332.5</ele>
      </trkpt>
      <trkpt lat="50.82536" lon="12.84575">
        <ele>333.9</ele>
      </trkpt>
      <trkpt lat="50.82564" lon="12.84675">
        <ele>333.4</ele>
      </trkpt>
      <trkpt lat="50.82592" lon="12.84775">
        <ele>332.9</ele>
      </trkpt>
      <trkpt lat="50.82621" lon="12.84875">
        <ele>331.3</ele>
      </trkpt>
      <trkpt lat="50.82643" lon="12.84948">
        <ele>329.4</ele>
      </trkpt>
      <trkpt lat="50.82658" lon="12.84992">
        <ele>328.2</ele>
      </trkpt>
      <trkpt lat="50.82673" lon="12.85027">
        <ele>327.6</ele>
      </trkpt>
      <trkpt lat="50.82689" lon="12.85061">
        <ele>326.8</ele>
      </trkpt>
      <trkpt lat="50.82712" lon="12.85103">
        <ele>325.3</ele>
      </trkpt>
      <trkpt lat="50.82719" lon="12.85117">
        <ele>324.7</ele>
      </trkpt>
      <trkpt lat="50.82733" lon="12.85137">
        <ele>323.6</ele>
      </trkpt>
      <trkpt lat="50.82762" lon="12.85177">
        <ele>321.9</ele>
      </trkpt>
      <trkpt lat="50.82784" lon="12.85205">
        <ele>321.6</ele>
      </trkpt>
      <trkpt lat="50.82806" lon="12.85228">
        <ele>321.3</ele>
      </trkpt>
      <trkpt lat="50.82822" lon="12.85245">
        <ele>321.1</ele>
      </trkpt>
      <trkpt lat="50.82883" lon="12.85296">
        <ele>320.4</ele>
      </trkpt>
      <trkpt lat="50.82937" lon="12.85345">
        <ele>319.0</ele>
      </trkpt>
      <trkpt lat="50.82992" lon="12.85393">
        <ele>318.5</ele>
      </trkpt>
      <trkpt lat="50.83056" lon="12.85449">
        <ele>319.2</ele>
      </trkpt>
      <trkpt lat="50.83121" lon="12.85504">
        <ele>318.0</ele>
      </trkpt>
      <trkpt lat="50.83152" lon="12.85533">
        <ele>317.0</ele>
      </trkpt>
      <trkpt lat="50.83169" lon="12.85552">
        <ele>316.5</ele>
      </trkpt>
      <trkpt lat="50.83183" lon="12.85571">
        <ele>316.1</ele>
      </trkpt>
      <trkpt lat="50.83196" lon="12.85586">
        <ele>315.8</ele>
      </trkpt>
      <trkpt lat="50.83206" lon="12.85593">
        <ele>315.5</ele>
      </trkpt>
      <trkpt lat="50.83218" lon="12.85597">
        <ele>315.3</ele>
      </trkpt>
      <trkpt lat="50.83228" lon="12.85604">
        <ele>315.0</ele>
      </trkpt>
      <trkpt lat="50.83237" lon="12.85615">
        <ele>314.8</ele>
      </trkpt>
      <trkpt lat="50.83245" lon="12.8563">
        <ele>314.5</ele>
      </trkpt>
      <trkpt lat="50.83251" lon="12.85653">
        <ele>314.2</ele>
      </trkpt>
      <trkpt lat="50.83262" lon="12.85741">
        <ele>313.0</ele>
      </trkpt>
      <trkpt lat="50.83273" lon="12.85839">
        <ele>311.7</ele>
      </trkpt>
      <trkpt lat="50.83275" lon="12.85871">
        <ele>312.0</ele>
      </trkpt>
      <trkpt lat="50.83276" lon="12.85994">
        <ele>314.3</ele>
      </trkpt>
      <trkpt lat="50.83277" lon="12.86116">
        <ele>314.6</ele>
      </trkpt>
      <trkpt lat="50.83278" lon="12.86239">
        <ele>314.0</ele>
      </trkpt>
      <trkpt lat="50.83279" lon="12.86362">
        <ele>313.0</ele>
      </trkpt>
      <trkpt lat="50.8328" lon="12.86484">
        <ele>312.1</ele>
      </trkpt>
      <trkpt lat="50.83281" lon="12.86607">
        <ele>311.2</ele>
      </trkpt>
      <trkpt lat="50.83282" lon="12.86661">
        <ele>311.0</ele>
      </trkpt>
      <trkpt lat="50.83284" lon="12.86689">
        <ele>310.7</ele>
      </trkpt>
      <trkpt lat="50.83292" lon="12.86761">
        <ele>309.8</ele>
      </trkpt>
      <trkpt lat="50.83305" lon="12.8685">
        <ele>308.2</ele>
      </trkpt>
      <trkpt lat="50.83312" lon="12.86892">
        <ele>307.7</ele>
      </trkpt>
      <trkpt lat="50.83318" lon="12.86918">
        <ele>307.4</ele>
      </trkpt>
      <trkpt lat="50.83334" lon="12.86973">
        <ele>306.3</ele>
      </trkpt>
      <trkpt lat="50.83353" lon="12.87021">
        <ele>305.4</ele>
      </trkpt>
      <trkpt lat="50.8336" lon="12.87038">
        <ele>305.1</ele>
      </trkpt>
      <trkpt lat="50.83376" lon="12.87079">
        <ele>304.5</ele>
      </trkpt>
      <trkpt lat="50.83394" lon="12.87132">
        <ele>304.5</ele>
      </trkpt>
      <trkpt lat="50.83399" lon="12.87151">
        <ele>304.7</ele>
      </trkpt>
      <trkpt lat="50.83408" lon="12.87197">
        <ele>304.9</ele>
      </trkpt>
      <trkpt lat="50.83414" lon="12.87241">
        <ele>304.6</ele>
      </trkpt>
      <trkpt lat="50.83416" lon="12.87261">
        <ele>304.5</ele>
      </trkpt>
      <trkpt lat="50.83417" lon="12.87277">
        <ele>304.4</ele>
      </trkpt>
      <trkpt lat="50.83418" lon="12.8729">
        <ele>304.4</ele>
      </trkpt>
      <trkpt lat="50.83417" lon="12.87368">
        <ele>304.0</ele>
      </trkpt>
      <trkpt lat="50.83418" lon="12.87485">
        <ele>304.1</ele>
      </trkpt>
      <trkpt lat="50.83419" lon="12.87603">
        <ele>305.5</ele>
      </trkpt>
      <trkpt lat="50.8342" lon="12.8772">
        <ele>306.4</ele>
      </trkpt>
      <trkpt lat="50.8342" lon="12.87773">
        <ele>306.1</ele>
      </trkpt>
      <trkpt lat="50.83421" lon="12.87792">
        <ele>305.9</ele>
      </trkpt>
      <trkpt lat="50.83431" lon="12.87895">
        <ele>305.4</ele>
      </trkpt>
      <trkpt lat="50.83438" lon="12.87946">
        <ele>305.0</ele>
      </trkpt>
      <trkpt lat="50.83446" lon="12.87994">
        <ele>304.5</ele>
      </trkpt>
      <trkpt lat="50.83454" lon="12.88035">
        <ele>304.2</ele>
      </trkpt>
      <trkpt lat="50.83473" lon="12.88104">
        <ele>303.4</ele>
      </trkpt>
      <trkpt lat="50.83493" lon="12.88172">
        <ele>301.9</ele>
      </trkpt>
      <trkpt lat="50.83517" lon="12.88254">
        <ele>302.4</ele>
      </trkpt>
      <trkpt lat="50.83544" lon="12.88349">
        <ele>302.0</ele>
      </trkpt>
      <trkpt lat="50.83566" lon="12.88457">
        <ele>302.0</ele>
      </trkpt>
      <trkpt lat="50.836" lon="12.88574">
        <ele>301.3</ele>
      </trkpt>
      <trkpt lat="50.83634" lon="12.8869">
        <ele>301.4</ele>
      </trkpt>
      <trkpt lat="50.83646" lon="12.88724">
        <ele>301.8</ele>
      </trkpt>
      <trkpt lat="50.83692" lon="12.88832">
        <ele>302.2</ele>
      </trkpt>
      <trkpt lat="50.8371" lon="12.88891">
        <ele>303.1</ele>
      </trkpt>
      <trkpt lat="50.83723" lon="12.88923">
        <ele>303.3</ele>
      </trkpt>
      <trkpt lat="50.83737" lon="12.88954">
        <ele>303.1</ele>
      </trkpt>
      <trkpt lat="50.83759" lon="12.8899">
        <ele>302.3</ele>
      </trkpt>
      <trkpt lat="50.83784" lon="12.89022">
        <ele>302.3</ele>
      </trkpt>
      <trkpt lat="50.83803" lon="12.89043">
        <ele>302.3</ele>
      </trkpt>
      <trkpt lat="50.83804" lon="12.89053">
        <ele>302.2</ele>
      </trkpt>
      <trkpt lat="50.83811" lon="12.89077">
        <ele>302.1</ele>
      </trkpt>
      <trkpt lat="50.83878" lon="12.89133">
        <ele>301.7</ele>
      </trkpt>
      <trkpt lat="50.83892" lon="12.89137">
        <ele>301.9</ele>
      </trkpt>
      <trkpt lat="50.83878" lon="12.89245">
        <ele>301.1</ele>
      </trkpt>
      <trkpt lat="50.83879" lon="12.89254">
        <ele>301.1</ele>
      </trkpt>
      <trkpt lat="50.83882" lon="12.89265">
        <ele>301.1</ele>
      </trkpt>
      <trkpt lat="50.83882" lon="12.89265">
        <ele>301.1</ele>
      </trkpt>
      <trkpt lat="50.83915" lon="12.89383">
        <ele>301.0</ele>
      </trkpt>
      <trkpt lat="50.83949" lon="12.89502">
        <ele>303.5</ele>
      </trkpt>
      <trkpt lat="50.83983" lon="12.8962">
        <ele>303.9</ele>
      </trkpt>
      <trkpt lat="50.84002" lon="12.89687">
        <ele>303.9</ele>
      </trkpt>
      <trkpt lat="50.84025" lon="12.89775">
        <ele>303.6</ele>
      </trkpt>
      <trkpt lat="50.84049" lon="12.89864">
        <ele>303.4</ele>
      </trkpt>
      <trkpt lat="50.84056" lon="12.89884">
        <ele>303.7</ele>
      </trkpt>
      <trkpt lat="50.8403" lon="12.89903">
        <ele>302.8</ele>
      </trkpt>
      <trkpt lat="50.84018" lon="12.89911">
        <ele>302.4</ele>
      </trkpt>
      <trkpt lat="50.84013" lon="12.89914">
        <ele>302.3</ele>
      </trkpt>
      <trkpt lat="50.83975" lon="12.89942">
        <ele>301.1</ele>
      </trkpt>
      <trkpt lat="50.83929" lon="12.89974">
        <ele>301.4</ele>
      </trkpt>
      <trkpt lat="50.83882" lon="12.90006">
        <ele>303.2</ele>
      </trkpt>
      <trkpt lat="50.83872" lon="12.90012">
        <ele>303.5</ele>
      </trkpt>
      <trkpt lat="50.83848" lon="12.90023">
        <ele>304.4</ele>
      </trkpt>
      <trkpt lat="50.83769" lon="12.90041">
        <ele>308.9</ele>
      </trkpt>
      <trkpt lat="50.83689" lon="12.90059">
        <ele>311.8</ele>
      </trkpt>
      <trkpt lat="50.8361" lon="12.90077">
        <ele>313.5</ele>
      </trkpt>
      <trkpt lat="50.83531" lon="12.90095">
        <ele>315.9</ele>
      </trkpt>
      <trkpt lat="50.83452" lon="12.90113">
        <ele>320.8</ele>
      </trkpt>
      <trkpt lat="50.83372" lon="12.90131">
        <ele>325.2</ele>
      </trkpt>
      <trkpt lat="50.83293" lon="12.90149">
        <ele>329.2</ele>
      </trkpt>
      <trkpt lat="50.83214" lon="12.90167">
        <ele>332.9</ele>
      </trkpt>
      <trkpt lat="50.83228" lon="12.90266">
        <ele>331.6</ele>
      </trkpt>
      <trkpt lat="50.83243" lon="12.90366">
        <ele>330.3</ele>
      </trkpt>
      <trkpt lat="50.83258" lon="12.90465">
        <ele>329.8</ele>
      </trkpt>
    </trkseg>
  </trk>
</gpx>
