<?xml version='1.0' encoding='UTF-8'?>
<gpx version="1.1" creator="https://www.komoot.de" xmlns="http://www.topografix.com/GPX/1/1" xmlns:xsi="http://www.w3.org/2001/XMLSchema-instance" xsi:schemaLocation="http://www.topografix.com/GPX/1/1 http://www.topografix.com/GPX/1/1/gpx.xsd">
  <metadata>
    <name>11: Glauchau im UZS von JT</name>
    <author>
      <link href="https://www.komoot.de">
        <text>komoot</text>
        <type>text/html</type>
      </link>
    </author>
  </metadata>
  <trk>
    <name>11: Glauchau im UZS von JT</name>
    <type>racebike</type>
    <trkseg>
      <trkpt lat="50.825614" lon="12.879850">
        <ele>328.935363</ele>
        <time>2025-04-15T04:29:54.061Z</time>
      </trkpt>
      <trkpt lat="50.825583" lon="12.879741">
        <ele>328.935363</ele>
        <time>2025-04-15T04:29:55.207Z</time>
      </trkpt>
      <trkpt lat="50.825378" lon="12.879131">
        <ele>328.935363</ele>
        <time>2025-04-15T04:30:01.842Z</time>
      </trkpt>
      <trkpt lat="50.825229" lon="12.878665">
        <ele>328.935363</ele>
        <time>2025-04-15T04:30:07.016Z</time>
      </trkpt>
      <trkpt lat="50.825134" lon="12.878342">
        <ele>329.099039</ele>
        <time>2025-04-15T04:30:10.707Z</time>
      </trkpt>
      <trkpt lat="50.825120" lon="12.878290">
        <ele>329.133899</ele>
        <time>2025-04-15T04:30:11.322Z</time>
      </trkpt>
      <trkpt lat="50.824850" lon="12.877369">
        <ele>329.760080</ele>
        <time>2025-04-15T04:30:23.026Z</time>
      </trkpt>
      <trkpt lat="50.824825" lon="12.877223">
        <ele>329.853370</ele>
        <time>2025-04-15T04:30:24.927Z</time>
      </trkpt>
      <trkpt lat="50.824738" lon="12.876393">
        <ele>330.372245</ele>
        <time>2025-04-15T04:30:35.572Z</time>
      </trkpt>
      <trkpt lat="50.824692" lon="12.875545">
        <ele>330.884955</ele>
        <time>2025-04-15T04:30:46.352Z</time>
      </trkpt>
      <trkpt lat="50.824659" lon="12.874493">
        <ele>331.496058</ele>
        <time>2025-04-15T04:30:59.166Z</time>
      </trkpt>
      <trkpt lat="50.824606" lon="12.873738">
        <ele>331.936791</ele>
        <time>2025-04-15T04:31:07.567Z</time>
      </trkpt>
      <trkpt lat="50.824416" lon="12.871870">
        <ele>332.418759</ele>
        <time>2025-04-15T04:31:28.332Z</time>
      </trkpt>
      <trkpt lat="50.824111" lon="12.871908">
        <ele>332.449423</ele>
        <time>2025-04-15T04:31:33.123Z</time>
      </trkpt>
      <trkpt lat="50.824094" lon="12.871700">
        <ele>332.462702</ele>
        <time>2025-04-15T04:31:35.120Z</time>
      </trkpt>
      <trkpt lat="50.824118" lon="12.871510">
        <ele>332.474970</ele>
        <time>2025-04-15T04:31:36.906Z</time>
      </trkpt>
      <trkpt lat="50.824155" lon="12.871203">
        <ele>332.494759</ele>
        <time>2025-04-15T04:31:39.643Z</time>
      </trkpt>
      <trkpt lat="50.824192" lon="12.870930">
        <ele>332.512437</ele>
        <time>2025-04-15T04:31:41.988Z</time>
      </trkpt>
      <trkpt lat="50.824176" lon="12.870866">
        <ele>332.516795</ele>
        <time>2025-04-15T04:31:42.567Z</time>
      </trkpt>
      <trkpt lat="50.824295" lon="12.870551">
        <ele>332.386711</ele>
        <time>2025-04-15T04:31:45.523Z</time>
      </trkpt>
      <trkpt lat="50.824334" lon="12.870145">
        <ele>332.170050</ele>
        <time>2025-04-15T04:31:48.638Z</time>
      </trkpt>
      <trkpt lat="50.824348" lon="12.869182">
        <ele>331.661852</ele>
        <time>2025-04-15T04:31:55.717Z</time>
      </trkpt>
      <trkpt lat="50.824302" lon="12.868131">
        <ele>331.106031</ele>
        <time>2025-04-15T04:32:03.883Z</time>
      </trkpt>
      <trkpt lat="50.824063" lon="12.865922">
        <ele>331.555105</ele>
        <time>2025-04-15T04:32:26.108Z</time>
      </trkpt>
      <trkpt lat="50.823925" lon="12.864162">
        <ele>332.426146</ele>
        <time>2025-04-15T04:32:48.631Z</time>
      </trkpt>
      <trkpt lat="50.823732" lon="12.861709">
        <ele>333.625088</ele>
        <time>2025-04-15T04:33:18.289Z</time>
      </trkpt>
      <trkpt lat="50.823672" lon="12.861008">
        <ele>333.587448</ele>
        <time>2025-04-15T04:33:24.491Z</time>
      </trkpt>
      <trkpt lat="50.823640" lon="12.860342">
        <ele>333.551908</ele>
        <time>2025-04-15T04:33:29.985Z</time>
      </trkpt>
      <trkpt lat="50.823659" lon="12.860162">
        <ele>333.542198</ele>
        <time>2025-04-15T04:33:31.467Z</time>
      </trkpt>
      <trkpt lat="50.823694" lon="12.859847">
        <ele>333.525180</ele>
        <time>2025-04-15T04:33:34.013Z</time>
      </trkpt>
      <trkpt lat="50.823875" lon="12.858907">
        <ele>333.502886</ele>
        <time>2025-04-15T04:33:42.241Z</time>
      </trkpt>
      <trkpt lat="50.823954" lon="12.858752">
        <ele>333.501554</ele>
        <time>2025-04-15T04:33:44.070Z</time>
      </trkpt>
      <trkpt lat="50.824045" lon="12.858260">
        <ele>333.498125</ele>
        <time>2025-04-15T04:33:49.102Z</time>
      </trkpt>
      <trkpt lat="50.823920" lon="12.856463">
        <ele>333.379172</ele>
        <time>2025-04-15T04:34:07.615Z</time>
      </trkpt>
      <trkpt lat="50.823946" lon="12.855930">
        <ele>333.195468</ele>
        <time>2025-04-15T04:34:12.054Z</time>
      </trkpt>
      <trkpt lat="50.824042" lon="12.855464">
        <ele>333.027034</ele>
        <time>2025-04-15T04:34:15.847Z</time>
      </trkpt>
      <trkpt lat="50.824406" lon="12.854907">
        <ele>332.751637</ele>
        <time>2025-04-15T04:34:22.024Z</time>
      </trkpt>
      <trkpt lat="50.824311" lon="12.854089">
        <ele>332.500324</ele>
        <time>2025-04-15T04:34:28.556Z</time>
      </trkpt>
      <trkpt lat="50.824070" lon="12.852482">
        <ele>332.378757</ele>
        <time>2025-04-15T04:34:45.256Z</time>
      </trkpt>
      <trkpt lat="50.824061" lon="12.851758">
        <ele>332.325458</ele>
        <time>2025-04-15T04:34:52.123Z</time>
      </trkpt>
      <trkpt lat="50.824111" lon="12.851389">
        <ele>332.292230</ele>
        <time>2025-04-15T04:34:56.490Z</time>
      </trkpt>
      <trkpt lat="50.824221" lon="12.850931">
        <ele>332.176767</ele>
        <time>2025-04-15T04:35:02.057Z</time>
      </trkpt>
      <trkpt lat="50.824442" lon="12.850105">
        <ele>331.965386</ele>
        <time>2025-04-15T04:35:12.116Z</time>
      </trkpt>
      <trkpt lat="50.824537" lon="12.849749">
        <ele>331.874318</ele>
        <time>2025-04-15T04:35:16.324Z</time>
      </trkpt>
      <trkpt lat="50.824690" lon="12.849175">
        <ele>331.727511</ele>
        <time>2025-04-15T04:35:23.450Z</time>
      </trkpt>
      <trkpt lat="50.824761" lon="12.848919">
        <ele>331.661628</ele>
        <time>2025-04-15T04:35:27.154Z</time>
      </trkpt>
      <trkpt lat="50.824806" lon="12.848755">
        <ele>331.651649</ele>
        <time>2025-04-15T04:35:29.738Z</time>
      </trkpt>
      <trkpt lat="50.824858" lon="12.848569">
        <ele>331.762453</ele>
        <time>2025-04-15T04:35:32.832Z</time>
      </trkpt>
      <trkpt lat="50.824898" lon="12.848423">
        <ele>331.849146</ele>
        <time>2025-04-15T04:35:35.394Z</time>
      </trkpt>
      <trkpt lat="50.824902" lon="12.848400">
        <ele>331.862142</ele>
        <time>2025-04-15T04:35:35.783Z</time>
      </trkpt>
      <trkpt lat="50.824928" lon="12.848261">
        <ele>331.941112</ele>
        <time>2025-04-15T04:35:38.156Z</time>
      </trkpt>
      <trkpt lat="50.824952" lon="12.848122">
        <ele>332.019611</ele>
        <time>2025-04-15T04:35:40.541Z</time>
      </trkpt>
      <trkpt lat="50.824997" lon="12.847823">
        <ele>332.187051</ele>
        <time>2025-04-15T04:35:45.625Z</time>
      </trkpt>
      <trkpt lat="50.825376" lon="12.847886">
        <ele>332.515688</ele>
        <time>2025-04-15T04:35:53.403Z</time>
      </trkpt>
      <trkpt lat="50.825640" lon="12.847784">
        <ele>332.750037</ele>
        <time>2025-04-15T04:35:58.641Z</time>
      </trkpt>
      <trkpt lat="50.825706" lon="12.847753">
        <ele>332.809406</ele>
        <time>2025-04-15T04:35:59.916Z</time>
      </trkpt>
      <trkpt lat="50.825744" lon="12.847737">
        <ele>332.843316</ele>
        <time>2025-04-15T04:36:00.649Z</time>
      </trkpt>
      <trkpt lat="50.825816" lon="12.847693">
        <ele>332.909872</ele>
        <time>2025-04-15T04:36:02.098Z</time>
      </trkpt>
      <trkpt lat="50.826007" lon="12.847561">
        <ele>333.089597</ele>
        <time>2025-04-15T04:36:05.876Z</time>
      </trkpt>
      <trkpt lat="50.826082" lon="12.847500">
        <ele>333.162312</ele>
        <time>2025-04-15T04:36:07.408Z</time>
      </trkpt>
      <trkpt lat="50.825323" lon="12.845026">
        <ele>333.289220</ele>
        <time>2025-04-15T04:36:32.238Z</time>
      </trkpt>
      <trkpt lat="50.825312" lon="12.844893">
        <ele>333.298399</ele>
        <time>2025-04-15T04:36:33.437Z</time>
      </trkpt>
      <trkpt lat="50.825409" lon="12.844437">
        <ele>333.768086</ele>
        <time>2025-04-15T04:36:38.210Z</time>
      </trkpt>
      <trkpt lat="50.825522" lon="12.843729">
        <ele>334.480922</ele>
        <time>2025-04-15T04:36:46.485Z</time>
      </trkpt>
      <trkpt lat="50.825554" lon="12.843505">
        <ele>334.705101</ele>
        <time>2025-04-15T04:36:49.347Z</time>
      </trkpt>
      <trkpt lat="50.825880" lon="12.840417">
        <ele>339.251540</ele>
        <time>2025-04-15T04:37:39.699Z</time>
      </trkpt>
      <trkpt lat="50.825950" lon="12.839508">
        <ele>340.934916</ele>
        <time>2025-04-15T04:37:55.679Z</time>
      </trkpt>
      <trkpt lat="50.826046" lon="12.838648">
        <ele>342.327996</ele>
        <time>2025-04-15T04:38:11.396Z</time>
      </trkpt>
      <trkpt lat="50.826119" lon="12.838327">
        <ele>342.847075</ele>
        <time>2025-04-15T04:38:17.414Z</time>
      </trkpt>
      <trkpt lat="50.826430" lon="12.837352">
        <ele>344.508904</ele>
        <time>2025-04-15T04:38:34.768Z</time>
      </trkpt>
      <trkpt lat="50.826541" lon="12.836765">
        <ele>345.441158</ele>
        <time>2025-04-15T04:38:45.197Z</time>
      </trkpt>
      <trkpt lat="50.826659" lon="12.836142">
        <ele>345.580837</ele>
        <time>2025-04-15T04:38:54.919Z</time>
      </trkpt>
      <trkpt lat="50.826707" lon="12.835885">
        <ele>345.550051</ele>
        <time>2025-04-15T04:38:57.472Z</time>
      </trkpt>
      <trkpt lat="50.826735" lon="12.835658">
        <ele>345.523482</ele>
        <time>2025-04-15T04:39:00.223Z</time>
      </trkpt>
      <trkpt lat="50.826787" lon="12.835215">
        <ele>345.471722</ele>
        <time>2025-04-15T04:39:05.325Z</time>
      </trkpt>
      <trkpt lat="50.826801" lon="12.835007">
        <ele>345.447693</ele>
        <time>2025-04-15T04:39:07.659Z</time>
      </trkpt>
      <trkpt lat="50.826819" lon="12.834740">
        <ele>345.416848</ele>
        <time>2025-04-15T04:39:10.674Z</time>
      </trkpt>
      <trkpt lat="50.826847" lon="12.834387">
        <ele>345.375979</ele>
        <time>2025-04-15T04:39:14.720Z</time>
      </trkpt>
      <trkpt lat="50.826872" lon="12.834101">
        <ele>345.342812</ele>
        <time>2025-04-15T04:39:18.024Z</time>
      </trkpt>
      <trkpt lat="50.826911" lon="12.833656">
        <ele>345.235624</ele>
        <time>2025-04-15T04:39:23.133Z</time>
      </trkpt>
      <trkpt lat="50.826877" lon="12.833207">
        <ele>345.053620</ele>
        <time>2025-04-15T04:39:28.276Z</time>
      </trkpt>
      <trkpt lat="50.826834" lon="12.832900">
        <ele>344.927061</ele>
        <time>2025-04-15T04:39:31.801Z</time>
      </trkpt>
      <trkpt lat="50.826799" lon="12.832371">
        <ele>344.712988</ele>
        <time>2025-04-15T04:39:37.812Z</time>
      </trkpt>
      <trkpt lat="50.826795" lon="12.832098">
        <ele>344.603084</ele>
        <time>2025-04-15T04:39:40.942Z</time>
      </trkpt>
      <trkpt lat="50.826808" lon="12.831593">
        <ele>344.399667</ele>
        <time>2025-04-15T04:39:46.753Z</time>
      </trkpt>
      <trkpt lat="50.826804" lon="12.831009">
        <ele>344.170610</ele>
        <time>2025-04-15T04:39:51.468Z</time>
      </trkpt>
      <trkpt lat="50.826803" lon="12.830794">
        <ele>344.271376</ele>
        <time>2025-04-15T04:39:53.255Z</time>
      </trkpt>
      <trkpt lat="50.826801" lon="12.830528">
        <ele>344.396050</ele>
        <time>2025-04-15T04:39:55.539Z</time>
      </trkpt>
      <trkpt lat="50.826937" lon="12.829681">
        <ele>344.805634</ele>
        <time>2025-04-15T04:40:07.513Z</time>
      </trkpt>
      <trkpt lat="50.827027" lon="12.829213">
        <ele>345.034909</ele>
        <time>2025-04-15T04:40:15.100Z</time>
      </trkpt>
      <trkpt lat="50.827100" lon="12.828949">
        <ele>345.169972</ele>
        <time>2025-04-15T04:40:19.786Z</time>
      </trkpt>
      <trkpt lat="50.827205" lon="12.828664">
        <ele>345.324600</ele>
        <time>2025-04-15T04:40:25.363Z</time>
      </trkpt>
      <trkpt lat="50.827259" lon="12.828577">
        <ele>345.381764</ele>
        <time>2025-04-15T04:40:27.488Z</time>
      </trkpt>
      <trkpt lat="50.827508" lon="12.828219">
        <ele>345.485265</ele>
        <time>2025-04-15T04:40:37.008Z</time>
      </trkpt>
      <trkpt lat="50.827749" lon="12.827837">
        <ele>345.452770</ele>
        <time>2025-04-15T04:40:46.181Z</time>
      </trkpt>
      <trkpt lat="50.827984" lon="12.827244">
        <ele>345.410636</ele>
        <time>2025-04-15T04:40:56.401Z</time>
      </trkpt>
      <trkpt lat="50.828166" lon="12.826868">
        <ele>345.382126</ele>
        <time>2025-04-15T04:41:01.967Z</time>
      </trkpt>
      <trkpt lat="50.827465" lon="12.826542">
        <ele>344.780274</ele>
        <time>2025-04-15T04:41:10.031Z</time>
      </trkpt>
      <trkpt lat="50.827442" lon="12.826531">
        <ele>344.710275</ele>
        <time>2025-04-15T04:41:10.281Z</time>
      </trkpt>
      <trkpt lat="50.827151" lon="12.826392">
        <ele>343.824737</ele>
        <time>2025-04-15T04:41:13.376Z</time>
      </trkpt>
      <trkpt lat="50.826921" lon="12.826277">
        <ele>343.122038</ele>
        <time>2025-04-15T04:41:15.760Z</time>
      </trkpt>
      <trkpt lat="50.825193" lon="12.825254">
        <ele>339.150638</ele>
        <time>2025-04-15T04:41:34.595Z</time>
      </trkpt>
      <trkpt lat="50.824880" lon="12.825102">
        <ele>338.768090</ele>
        <time>2025-04-15T04:41:38.577Z</time>
      </trkpt>
      <trkpt lat="50.824638" lon="12.824984">
        <ele>338.472214</ele>
        <time>2025-04-15T04:41:42.008Z</time>
      </trkpt>
      <trkpt lat="50.824396" lon="12.824864">
        <ele>338.175900</ele>
        <time>2025-04-15T04:41:46.278Z</time>
      </trkpt>
      <trkpt lat="50.824189" lon="12.824761">
        <ele>338.105115</ele>
        <time>2025-04-15T04:41:50.710Z</time>
      </trkpt>
      <trkpt lat="50.824122" lon="12.824728">
        <ele>338.248766</ele>
        <time>2025-04-15T04:41:52.312Z</time>
      </trkpt>
      <trkpt lat="50.823622" lon="12.824482">
        <ele>339.320686</ele>
        <time>2025-04-15T04:42:05.954Z</time>
      </trkpt>
      <trkpt lat="50.822714" lon="12.824025">
        <ele>341.271275</ele>
        <time>2025-04-15T04:42:29.580Z</time>
      </trkpt>
      <trkpt lat="50.822672" lon="12.824030">
        <ele>341.357502</ele>
        <time>2025-04-15T04:42:30.565Z</time>
      </trkpt>
      <trkpt lat="50.822616" lon="12.823858">
        <ele>341.607753</ele>
        <time>2025-04-15T04:42:33.274Z</time>
      </trkpt>
      <trkpt lat="50.822455" lon="12.823372">
        <ele>341.858927</ele>
        <time>2025-04-15T04:42:40.335Z</time>
      </trkpt>
      <trkpt lat="50.822193" lon="12.822711">
        <ele>342.152274</ele>
        <time>2025-04-15T04:42:48.603Z</time>
      </trkpt>
      <trkpt lat="50.821766" lon="12.821756">
        <ele>342.592106</ele>
        <time>2025-04-15T04:42:59.633Z</time>
      </trkpt>
      <trkpt lat="50.821645" lon="12.821420">
        <ele>342.737499</ele>
        <time>2025-04-15T04:43:04.003Z</time>
      </trkpt>
      <trkpt lat="50.821161" lon="12.819878">
        <ele>341.372998</ele>
        <time>2025-04-15T04:43:20.072Z</time>
      </trkpt>
      <trkpt lat="50.821101" lon="12.819621">
        <ele>341.153957</ele>
        <time>2025-04-15T04:43:22.013Z</time>
      </trkpt>
      <trkpt lat="50.821112" lon="12.819517">
        <ele>341.069656</ele>
        <time>2025-04-15T04:43:22.728Z</time>
      </trkpt>
      <trkpt lat="50.820976" lon="12.819421">
        <ele>340.881215</ele>
        <time>2025-04-15T04:43:24.276Z</time>
      </trkpt>
      <trkpt lat="50.820525" lon="12.819105">
        <ele>339.756431</ele>
        <time>2025-04-15T04:43:29.194Z</time>
      </trkpt>
      <trkpt lat="50.820096" lon="12.818850">
        <ele>337.781650</ele>
        <time>2025-04-15T04:43:33.567Z</time>
      </trkpt>
      <trkpt lat="50.819926" lon="12.818779">
        <ele>337.023981</ele>
        <time>2025-04-15T04:43:35.194Z</time>
      </trkpt>
      <trkpt lat="50.819769" lon="12.818755">
        <ele>336.344258</ele>
        <time>2025-04-15T04:43:36.648Z</time>
      </trkpt>
      <trkpt lat="50.819327" lon="12.818685">
        <ele>334.429995</ele>
        <time>2025-04-15T04:43:40.824Z</time>
      </trkpt>
      <trkpt lat="50.819112" lon="12.818651">
        <ele>333.498863</ele>
        <time>2025-04-15T04:43:42.893Z</time>
      </trkpt>
      <trkpt lat="50.818789" lon="12.818600">
        <ele>332.625517</ele>
        <time>2025-04-15T04:43:46.176Z</time>
      </trkpt>
      <trkpt lat="50.818725" lon="12.818557">
        <ele>332.582277</ele>
        <time>2025-04-15T04:43:46.916Z</time>
      </trkpt>
      <trkpt lat="50.818342" lon="12.817886">
        <ele>332.226971</ele>
        <time>2025-04-15T04:43:53.075Z</time>
      </trkpt>
      <trkpt lat="50.818248" lon="12.817561">
        <ele>332.086529</ele>
        <time>2025-04-15T04:43:55.712Z</time>
      </trkpt>
      <trkpt lat="50.818231" lon="12.817219">
        <ele>331.951738</ele>
        <time>2025-04-15T04:43:58.804Z</time>
      </trkpt>
      <trkpt lat="50.818221" lon="12.816970">
        <ele>331.853705</ele>
        <time>2025-04-15T04:44:01.819Z</time>
      </trkpt>
      <trkpt lat="50.818190" lon="12.816937">
        <ele>331.830471</ele>
        <time>2025-04-15T04:44:02.631Z</time>
      </trkpt>
      <trkpt lat="50.817794" lon="12.817011">
        <ele>331.654921</ele>
        <time>2025-04-15T04:44:12.501Z</time>
      </trkpt>
      <trkpt lat="50.817463" lon="12.817066">
        <ele>332.595559</ele>
        <time>2025-04-15T04:44:21.955Z</time>
      </trkpt>
      <trkpt lat="50.817306" lon="12.817092">
        <ele>333.041707</ele>
        <time>2025-04-15T04:44:26.551Z</time>
      </trkpt>
      <trkpt lat="50.816963" lon="12.817128">
        <ele>334.013248</ele>
        <time>2025-04-15T04:44:36.440Z</time>
      </trkpt>
      <trkpt lat="50.816858" lon="12.817105">
        <ele>334.312836</ele>
        <time>2025-04-15T04:44:39.462Z</time>
      </trkpt>
      <trkpt lat="50.816681" lon="12.817004">
        <ele>334.844604</ele>
        <time>2025-04-15T04:44:44.949Z</time>
      </trkpt>
      <trkpt lat="50.816617" lon="12.816797">
        <ele>335.256119</ele>
        <time>2025-04-15T04:44:49.179Z</time>
      </trkpt>
      <trkpt lat="50.816542" lon="12.816274">
        <ele>336.213770</ele>
        <time>2025-04-15T04:44:58.893Z</time>
      </trkpt>
      <trkpt lat="50.816496" lon="12.814032">
        <ele>337.650001</ele>
        <time>2025-04-15T04:45:24.799Z</time>
      </trkpt>
      <trkpt lat="50.816799" lon="12.813928">
        <ele>337.890332</ele>
        <time>2025-04-15T04:45:29.161Z</time>
      </trkpt>
      <trkpt lat="50.816842" lon="12.813816">
        <ele>337.954516</ele>
        <time>2025-04-15T04:45:30.315Z</time>
      </trkpt>
      <trkpt lat="50.816604" lon="12.811750">
        <ele>338.390237</ele>
        <time>2025-04-15T04:45:49.860Z</time>
      </trkpt>
      <trkpt lat="50.816535" lon="12.811404">
        <ele>338.452152</ele>
        <time>2025-04-15T04:45:55.125Z</time>
      </trkpt>
      <trkpt lat="50.816377" lon="12.810624">
        <ele>338.676021</ele>
        <time>2025-04-15T04:46:07.230Z</time>
      </trkpt>
      <trkpt lat="50.816025" lon="12.809505">
        <ele>339.434674</ele>
        <time>2025-04-15T04:46:26.557Z</time>
      </trkpt>
      <trkpt lat="50.815897" lon="12.809097">
        <ele>339.711142</ele>
        <time>2025-04-15T04:46:33.868Z</time>
      </trkpt>
      <trkpt lat="50.815641" lon="12.808445">
        <ele>340.177038</ele>
        <time>2025-04-15T04:46:45.283Z</time>
      </trkpt>
      <trkpt lat="50.815572" lon="12.808335">
        <ele>340.271114</ele>
        <time>2025-04-15T04:46:47.621Z</time>
      </trkpt>
      <trkpt lat="50.815248" lon="12.807490">
        <ele>340.603731</ele>
        <time>2025-04-15T04:47:02.350Z</time>
      </trkpt>
      <trkpt lat="50.815135" lon="12.807174">
        <ele>340.723282</ele>
        <time>2025-04-15T04:47:07.813Z</time>
      </trkpt>
      <trkpt lat="50.815008" lon="12.806817">
        <ele>340.858175</ele>
        <time>2025-04-15T04:47:14.011Z</time>
      </trkpt>
      <trkpt lat="50.814598" lon="12.805497">
        <ele>341.190832</ele>
        <time>2025-04-15T04:47:32.633Z</time>
      </trkpt>
      <trkpt lat="50.814420" lon="12.804956">
        <ele>341.134398</ele>
        <time>2025-04-15T04:47:40.380Z</time>
      </trkpt>
      <trkpt lat="50.814342" lon="12.804585">
        <ele>341.098222</ele>
        <time>2025-04-15T04:47:45.250Z</time>
      </trkpt>
      <trkpt lat="50.814281" lon="12.804236">
        <ele>341.064719</ele>
        <time>2025-04-15T04:47:49.584Z</time>
      </trkpt>
      <trkpt lat="50.813996" lon="12.802144">
        <ele>341.269239</ele>
        <time>2025-04-15T04:48:15.746Z</time>
      </trkpt>
      <trkpt lat="50.813994" lon="12.801939">
        <ele>341.331501</ele>
        <time>2025-04-15T04:48:18.610Z</time>
      </trkpt>
      <trkpt lat="50.814086" lon="12.801425">
        <ele>341.493735</ele>
        <time>2025-04-15T04:48:25.837Z</time>
      </trkpt>
      <trkpt lat="50.814154" lon="12.801009">
        <ele>341.624226</ele>
        <time>2025-04-15T04:48:30.664Z</time>
      </trkpt>
      <trkpt lat="50.814151" lon="12.800928">
        <ele>341.648866</ele>
        <time>2025-04-15T04:48:31.636Z</time>
      </trkpt>
      <trkpt lat="50.814110" lon="12.800726">
        <ele>341.713297</ele>
        <time>2025-04-15T04:48:34.263Z</time>
      </trkpt>
      <trkpt lat="50.814025" lon="12.800384">
        <ele>341.824903</ele>
        <time>2025-04-15T04:48:38.965Z</time>
      </trkpt>
      <trkpt lat="50.813910" lon="12.800000">
        <ele>342.209424</ele>
        <time>2025-04-15T04:48:44.508Z</time>
      </trkpt>
      <trkpt lat="50.813843" lon="12.799871">
        <ele>342.360755</ele>
        <time>2025-04-15T04:48:46.784Z</time>
      </trkpt>
      <trkpt lat="50.813748" lon="12.799760">
        <ele>342.530120</ele>
        <time>2025-04-15T04:48:49.371Z</time>
      </trkpt>
      <trkpt lat="50.813541" lon="12.799472">
        <ele>342.925424</ele>
        <time>2025-04-15T04:48:55.811Z</time>
      </trkpt>
      <trkpt lat="50.813316" lon="12.798697">
        <ele>343.698353</ele>
        <time>2025-04-15T04:49:07.465Z</time>
      </trkpt>
      <trkpt lat="50.813262" lon="12.798367">
        <ele>344.007280</ele>
        <time>2025-04-15T04:49:11.942Z</time>
      </trkpt>
      <trkpt lat="50.813255" lon="12.798003">
        <ele>344.337306</ele>
        <time>2025-04-15T04:49:16.388Z</time>
      </trkpt>
      <trkpt lat="50.813260" lon="12.797650">
        <ele>344.603859</ele>
        <time>2025-04-15T04:49:20.207Z</time>
      </trkpt>
      <trkpt lat="50.813285" lon="12.796590">
        <ele>345.361608</ele>
        <time>2025-04-15T04:49:31.363Z</time>
      </trkpt>
      <trkpt lat="50.813290" lon="12.796278">
        <ele>345.584561</ele>
        <time>2025-04-15T04:49:34.712Z</time>
      </trkpt>
      <trkpt lat="50.813249" lon="12.796041">
        <ele>345.760095</ele>
        <time>2025-04-15T04:49:37.625Z</time>
      </trkpt>
      <trkpt lat="50.813089" lon="12.795643">
        <ele>346.097079</ele>
        <time>2025-04-15T04:49:44.263Z</time>
      </trkpt>
      <trkpt lat="50.813080" lon="12.795466">
        <ele>346.223930</ele>
        <time>2025-04-15T04:49:46.889Z</time>
      </trkpt>
      <trkpt lat="50.813125" lon="12.794848">
        <ele>346.700321</ele>
        <time>2025-04-15T04:49:56.136Z</time>
      </trkpt>
      <trkpt lat="50.813122" lon="12.794733">
        <ele>346.793987</ele>
        <time>2025-04-15T04:49:57.735Z</time>
      </trkpt>
      <trkpt lat="50.813080" lon="12.794539">
        <ele>346.960872</ele>
        <time>2025-04-15T04:50:00.621Z</time>
      </trkpt>
      <trkpt lat="50.812884" lon="12.794195">
        <ele>347.337824</ele>
        <time>2025-04-15T04:50:06.919Z</time>
      </trkpt>
      <trkpt lat="50.812857" lon="12.794073">
        <ele>347.443020</ele>
        <time>2025-04-15T04:50:08.570Z</time>
      </trkpt>
      <trkpt lat="50.812809" lon="12.793655">
        <ele>347.788758</ele>
        <time>2025-04-15T04:50:13.863Z</time>
      </trkpt>
      <trkpt lat="50.812803" lon="12.793566">
        <ele>347.861596</ele>
        <time>2025-04-15T04:50:14.991Z</time>
      </trkpt>
      <trkpt lat="50.812807" lon="12.793350">
        <ele>348.037451</ele>
        <time>2025-04-15T04:50:17.686Z</time>
      </trkpt>
      <trkpt lat="50.812849" lon="12.793058">
        <ele>348.281158</ele>
        <time>2025-04-15T04:50:21.510Z</time>
      </trkpt>
      <trkpt lat="50.812987" lon="12.792313">
        <ele>348.868967</ele>
        <time>2025-04-15T04:50:29.944Z</time>
      </trkpt>
      <trkpt lat="50.812905" lon="12.791861">
        <ele>349.145094</ele>
        <time>2025-04-15T04:50:34.156Z</time>
      </trkpt>
      <trkpt lat="50.812846" lon="12.791698">
        <ele>349.255396</ele>
        <time>2025-04-15T04:50:35.972Z</time>
      </trkpt>
      <trkpt lat="50.812725" lon="12.791256">
        <ele>349.538241</ele>
        <time>2025-04-15T04:50:41.296Z</time>
      </trkpt>
      <trkpt lat="50.812686" lon="12.790753">
        <ele>349.835808</ele>
        <time>2025-04-15T04:50:47.641Z</time>
      </trkpt>
      <trkpt lat="50.812702" lon="12.790407">
        <ele>350.039515</ele>
        <time>2025-04-15T04:50:52.202Z</time>
      </trkpt>
      <trkpt lat="50.812680" lon="12.790243">
        <ele>350.137959</ele>
        <time>2025-04-15T04:50:54.401Z</time>
      </trkpt>
      <trkpt lat="50.812488" lon="12.789685">
        <ele>350.545271</ele>
        <time>2025-04-15T04:51:02.735Z</time>
      </trkpt>
      <trkpt lat="50.812394" lon="12.789317">
        <ele>350.872690</ele>
        <time>2025-04-15T04:51:07.659Z</time>
      </trkpt>
      <trkpt lat="50.812322" lon="12.788600">
        <ele>351.471548</ele>
        <time>2025-04-15T04:51:16.927Z</time>
      </trkpt>
      <trkpt lat="50.812279" lon="12.788233">
        <ele>351.779439</ele>
        <time>2025-04-15T04:51:21.641Z</time>
      </trkpt>
      <trkpt lat="50.812194" lon="12.787393">
        <ele>352.481165</ele>
        <time>2025-04-15T04:51:32.202Z</time>
      </trkpt>
      <trkpt lat="50.812135" lon="12.787017">
        <ele>352.803653</ele>
        <time>2025-04-15T04:51:37.059Z</time>
      </trkpt>
      <trkpt lat="50.812054" lon="12.786519">
        <ele>353.274999</ele>
        <time>2025-04-15T04:51:43.546Z</time>
      </trkpt>
      <trkpt lat="50.811980" lon="12.785687">
        <ele>354.045128</ele>
        <time>2025-04-15T04:51:54.113Z</time>
      </trkpt>
      <trkpt lat="50.811954" lon="12.785007">
        <ele>354.669556</ele>
        <time>2025-04-15T04:52:02.968Z</time>
      </trkpt>
      <trkpt lat="50.811948" lon="12.784895">
        <ele>354.772583</ele>
        <time>2025-04-15T04:52:04.475Z</time>
      </trkpt>
      <trkpt lat="50.811968" lon="12.784066">
        <ele>355.556347</ele>
        <time>2025-04-15T04:52:16.042Z</time>
      </trkpt>
      <trkpt lat="50.811940" lon="12.783462">
        <ele>356.198269</ele>
        <time>2025-04-15T04:52:24.322Z</time>
      </trkpt>
      <trkpt lat="50.811794" lon="12.783316">
        <ele>356.487974</ele>
        <time>2025-04-15T04:52:28.067Z</time>
      </trkpt>
      <trkpt lat="50.811680" lon="12.783100">
        <ele>356.786279</ele>
        <time>2025-04-15T04:52:31.955Z</time>
      </trkpt>
      <trkpt lat="50.811520" lon="12.782593">
        <ele>357.386966</ele>
        <time>2025-04-15T04:52:39.894Z</time>
      </trkpt>
      <trkpt lat="50.811489" lon="12.782505">
        <ele>357.493758</ele>
        <time>2025-04-15T04:52:41.309Z</time>
      </trkpt>
      <trkpt lat="50.811432" lon="12.782278">
        <ele>357.752668</ele>
        <time>2025-04-15T04:52:44.774Z</time>
      </trkpt>
      <trkpt lat="50.811402" lon="12.782048">
        <ele>358.001596</ele>
        <time>2025-04-15T04:52:48.103Z</time>
      </trkpt>
      <trkpt lat="50.811432" lon="12.780793">
        <ele>359.085746</ele>
        <time>2025-04-15T04:53:03.901Z</time>
      </trkpt>
      <trkpt lat="50.811571" lon="12.780440">
        <ele>359.409747</ele>
        <time>2025-04-15T04:53:08.582Z</time>
      </trkpt>
      <trkpt lat="50.811721" lon="12.780148">
        <ele>359.702891</ele>
        <time>2025-04-15T04:53:13.046Z</time>
      </trkpt>
      <trkpt lat="50.811751" lon="12.780027">
        <ele>359.804142</ele>
        <time>2025-04-15T04:53:14.582Z</time>
      </trkpt>
      <trkpt lat="50.811716" lon="12.779726">
        <ele>360.042549</ele>
        <time>2025-04-15T04:53:18.393Z</time>
      </trkpt>
      <trkpt lat="50.811676" lon="12.779370">
        <ele>360.324213</ele>
        <time>2025-04-15T04:53:22.983Z</time>
      </trkpt>
      <trkpt lat="50.811737" lon="12.779093">
        <ele>360.552717</ele>
        <time>2025-04-15T04:53:26.697Z</time>
      </trkpt>
      <trkpt lat="50.811757" lon="12.778790">
        <ele>360.865474</ele>
        <time>2025-04-15T04:53:30.648Z</time>
      </trkpt>
      <trkpt lat="50.811739" lon="12.778498">
        <ele>361.194369</ele>
        <time>2025-04-15T04:53:34.544Z</time>
      </trkpt>
      <trkpt lat="50.811704" lon="12.778113">
        <ele>361.630411</ele>
        <time>2025-04-15T04:53:39.986Z</time>
      </trkpt>
      <trkpt lat="50.811699" lon="12.777997">
        <ele>361.760753</ele>
        <time>2025-04-15T04:53:41.653Z</time>
      </trkpt>
      <trkpt lat="50.811677" lon="12.777725">
        <ele>362.068162</ele>
        <time>2025-04-15T04:53:45.536Z</time>
      </trkpt>
      <trkpt lat="50.811636" lon="12.777465">
        <ele>362.368571</ele>
        <time>2025-04-15T04:53:49.365Z</time>
      </trkpt>
      <trkpt lat="50.812075" lon="12.776440">
        <ele>363.756713</ele>
        <time>2025-04-15T04:54:07.218Z</time>
      </trkpt>
      <trkpt lat="50.812169" lon="12.776147">
        <ele>364.089859</ele>
        <time>2025-04-15T04:54:11.807Z</time>
      </trkpt>
      <trkpt lat="50.812202" lon="12.776033">
        <ele>364.214748</ele>
        <time>2025-04-15T04:54:13.533Z</time>
      </trkpt>
      <trkpt lat="50.812368" lon="12.775380">
        <ele>364.915781</ele>
        <time>2025-04-15T04:54:22.804Z</time>
      </trkpt>
      <trkpt lat="50.812576" lon="12.774498">
        <ele>365.853415</ele>
        <time>2025-04-15T04:54:34.421Z</time>
      </trkpt>
      <trkpt lat="50.812567" lon="12.774255">
        <ele>366.095850</ele>
        <time>2025-04-15T04:54:37.590Z</time>
      </trkpt>
      <trkpt lat="50.812422" lon="12.773613">
        <ele>366.799174</ele>
        <time>2025-04-15T04:54:47.156Z</time>
      </trkpt>
      <trkpt lat="50.812358" lon="12.773245">
        <ele>367.250084</ele>
        <time>2025-04-15T04:54:52.722Z</time>
      </trkpt>
      <trkpt lat="50.812305" lon="12.772664">
        <ele>367.943576</ele>
        <time>2025-04-15T04:55:00.975Z</time>
      </trkpt>
      <trkpt lat="50.812303" lon="12.772638">
        <ele>367.974518</ele>
        <time>2025-04-15T04:55:01.345Z</time>
      </trkpt>
      <trkpt lat="50.812191" lon="12.772135">
        <ele>368.604565</ele>
        <time>2025-04-15T04:55:08.857Z</time>
      </trkpt>
      <trkpt lat="50.812209" lon="12.771902">
        <ele>368.881875</ele>
        <time>2025-04-15T04:55:12.210Z</time>
      </trkpt>
      <trkpt lat="50.812145" lon="12.771870">
        <ele>369.007363</ele>
        <time>2025-04-15T04:55:13.728Z</time>
      </trkpt>
      <trkpt lat="50.812079" lon="12.771778">
        <ele>369.171801</ele>
        <time>2025-04-15T04:55:15.709Z</time>
      </trkpt>
      <trkpt lat="50.811809" lon="12.770849">
        <ele>370.347806</ele>
        <time>2025-04-15T04:55:30.307Z</time>
      </trkpt>
      <trkpt lat="50.811696" lon="12.770776">
        <ele>370.556387</ele>
        <time>2025-04-15T04:55:32.988Z</time>
      </trkpt>
      <trkpt lat="50.811485" lon="12.770725">
        <ele>370.921156</ele>
        <time>2025-04-15T04:55:37.508Z</time>
      </trkpt>
      <trkpt lat="50.811382" lon="12.770749">
        <ele>371.099076</ele>
        <time>2025-04-15T04:55:39.635Z</time>
      </trkpt>
      <trkpt lat="50.811175" lon="12.770872">
        <ele>371.476941</ele>
        <time>2025-04-15T04:55:44.312Z</time>
      </trkpt>
      <trkpt lat="50.811124" lon="12.770890">
        <ele>371.566239</ele>
        <time>2025-04-15T04:55:45.465Z</time>
      </trkpt>
      <trkpt lat="50.810944" lon="12.770904">
        <ele>371.874221</ele>
        <time>2025-04-15T04:55:49.399Z</time>
      </trkpt>
      <trkpt lat="50.809768" lon="12.770753">
        <ele>373.732292</ele>
        <time>2025-04-15T04:56:14.921Z</time>
      </trkpt>
      <trkpt lat="50.809766" lon="12.769945">
        <ele>374.434260</ele>
        <time>2025-04-15T04:56:25.253Z</time>
      </trkpt>
      <trkpt lat="50.809765" lon="12.769567">
        <ele>374.762656</ele>
        <time>2025-04-15T04:56:30.026Z</time>
      </trkpt>
      <trkpt lat="50.809764" lon="12.769317">
        <ele>374.979852</ele>
        <time>2025-04-15T04:56:33.159Z</time>
      </trkpt>
      <trkpt lat="50.809764" lon="12.769202">
        <ele>375.079760</ele>
        <time>2025-04-15T04:56:34.582Z</time>
      </trkpt>
      <trkpt lat="50.809763" lon="12.769090">
        <ele>375.177072</ele>
        <time>2025-04-15T04:56:35.986Z</time>
      </trkpt>
      <trkpt lat="50.809763" lon="12.769017">
        <ele>375.240492</ele>
        <time>2025-04-15T04:56:36.891Z</time>
      </trkpt>
      <trkpt lat="50.809763" lon="12.768932">
        <ele>375.314337</ele>
        <time>2025-04-15T04:56:37.939Z</time>
      </trkpt>
      <trkpt lat="50.809762" lon="12.768697">
        <ele>375.518501</ele>
        <time>2025-04-15T04:56:40.845Z</time>
      </trkpt>
      <trkpt lat="50.809767" lon="12.768505">
        <ele>375.616946</ele>
        <time>2025-04-15T04:56:43.197Z</time>
      </trkpt>
      <trkpt lat="50.809811" lon="12.767221">
        <ele>376.152312</ele>
        <time>2025-04-15T04:56:58.414Z</time>
      </trkpt>
      <trkpt lat="50.809826" lon="12.766974">
        <ele>376.255622</ele>
        <time>2025-04-15T04:57:01.187Z</time>
      </trkpt>
      <trkpt lat="50.809843" lon="12.766588">
        <ele>376.416719</ele>
        <time>2025-04-15T04:57:05.483Z</time>
      </trkpt>
      <trkpt lat="50.809833" lon="12.766154">
        <ele>376.597530</ele>
        <time>2025-04-15T04:57:10.059Z</time>
      </trkpt>
      <trkpt lat="50.809793" lon="12.765691">
        <ele>376.748155</ele>
        <time>2025-04-15T04:57:14.536Z</time>
      </trkpt>
      <trkpt lat="50.809675" lon="12.764810">
        <ele>376.812885</ele>
        <time>2025-04-15T04:57:22.080Z</time>
      </trkpt>
      <trkpt lat="50.809587" lon="12.764230">
        <ele>376.855759</ele>
        <time>2025-04-15T04:57:27.095Z</time>
      </trkpt>
      <trkpt lat="50.809572" lon="12.764129">
        <ele>376.863216</ele>
        <time>2025-04-15T04:57:28.016Z</time>
      </trkpt>
      <trkpt lat="50.809459" lon="12.763358">
        <ele>376.920105</ele>
        <time>2025-04-15T04:57:35.562Z</time>
      </trkpt>
      <trkpt lat="50.809356" lon="12.762907">
        <ele>377.138731</ele>
        <time>2025-04-15T04:57:40.493Z</time>
      </trkpt>
      <trkpt lat="50.808584" lon="12.760425">
        <ele>380.678985</ele>
        <time>2025-04-15T04:58:21.521Z</time>
      </trkpt>
      <trkpt lat="50.808500" lon="12.760175">
        <ele>381.082402</ele>
        <time>2025-04-15T04:58:26.654Z</time>
      </trkpt>
      <trkpt lat="50.808398" lon="12.759827">
        <ele>381.628966</ele>
        <time>2025-04-15T04:58:33.713Z</time>
      </trkpt>
      <trkpt lat="50.808268" lon="12.759382">
        <ele>382.327470</ele>
        <time>2025-04-15T04:58:42.835Z</time>
      </trkpt>
      <trkpt lat="50.808190" lon="12.758938">
        <ele>382.984068</ele>
        <time>2025-04-15T04:58:51.097Z</time>
      </trkpt>
      <trkpt lat="50.808155" lon="12.758738">
        <ele>383.279751</ele>
        <time>2025-04-15T04:58:54.513Z</time>
      </trkpt>
      <trkpt lat="50.808007" lon="12.757593">
        <ele>384.416855</ele>
        <time>2025-04-15T04:59:09.929Z</time>
      </trkpt>
      <trkpt lat="50.806958" lon="12.758004">
        <ele>382.762202</ele>
        <time>2025-04-15T04:59:21.666Z</time>
      </trkpt>
      <trkpt lat="50.806749" lon="12.758140">
        <ele>382.416197</ele>
        <time>2025-04-15T04:59:23.978Z</time>
      </trkpt>
      <trkpt lat="50.806518" lon="12.758403">
        <ele>381.980474</ele>
        <time>2025-04-15T04:59:27.023Z</time>
      </trkpt>
      <trkpt lat="50.806368" lon="12.758599">
        <ele>381.718432</ele>
        <time>2025-04-15T04:59:29.181Z</time>
      </trkpt>
      <trkpt lat="50.805856" lon="12.759403">
        <ele>380.818018</ele>
        <time>2025-04-15T04:59:37.728Z</time>
      </trkpt>
      <trkpt lat="50.805682" lon="12.759611">
        <ele>380.545803</ele>
        <time>2025-04-15T04:59:40.620Z</time>
      </trkpt>
      <trkpt lat="50.805317" lon="12.759903">
        <ele>380.035257</ele>
        <time>2025-04-15T04:59:46.616Z</time>
      </trkpt>
      <trkpt lat="50.805173" lon="12.759976">
        <ele>379.846503</ele>
        <time>2025-04-15T04:59:48.551Z</time>
      </trkpt>
      <trkpt lat="50.804873" lon="12.760063">
        <ele>379.025026</ele>
        <time>2025-04-15T04:59:52.077Z</time>
      </trkpt>
      <trkpt lat="50.804408" lon="12.760023">
        <ele>376.895119</ele>
        <time>2025-04-15T04:59:56.916Z</time>
      </trkpt>
      <trkpt lat="50.803835" lon="12.759934">
        <ele>374.261797</ele>
        <time>2025-04-15T05:00:02.391Z</time>
      </trkpt>
      <trkpt lat="50.803258" lon="12.759725">
        <ele>371.554514</ele>
        <time>2025-04-15T05:00:07.735Z</time>
      </trkpt>
      <trkpt lat="50.803068" lon="12.759610">
        <ele>370.349856</ele>
        <time>2025-04-15T05:00:09.537Z</time>
      </trkpt>
      <trkpt lat="50.802888" lon="12.759430">
        <ele>369.033836</ele>
        <time>2025-04-15T05:00:11.431Z</time>
      </trkpt>
      <trkpt lat="50.802329" lon="12.758643">
        <ele>364.409387</ele>
        <time>2025-04-15T05:00:18.151Z</time>
      </trkpt>
      <trkpt lat="50.802216" lon="12.758476">
        <ele>363.453749</ele>
        <time>2025-04-15T05:00:19.565Z</time>
      </trkpt>
      <trkpt lat="50.801966" lon="12.758136">
        <ele>361.416334</ele>
        <time>2025-04-15T05:00:22.643Z</time>
      </trkpt>
      <trkpt lat="50.801325" lon="12.757266">
        <ele>357.899372</ele>
        <time>2025-04-15T05:00:30.959Z</time>
      </trkpt>
      <trkpt lat="50.801134" lon="12.757097">
        <ele>357.109651</ele>
        <time>2025-04-15T05:00:33.182Z</time>
      </trkpt>
      <trkpt lat="50.800846" lon="12.756935">
        <ele>356.006614</ele>
        <time>2025-04-15T05:00:36.279Z</time>
      </trkpt>
      <trkpt lat="50.797445" lon="12.756311">
        <ele>344.861402</ele>
        <time>2025-04-15T05:01:10.858Z</time>
      </trkpt>
      <trkpt lat="50.797339" lon="12.756293">
        <ele>344.540168</ele>
        <time>2025-04-15T05:01:11.960Z</time>
      </trkpt>
      <trkpt lat="50.796023" lon="12.756055">
        <ele>340.376607</ele>
        <time>2025-04-15T05:01:25.809Z</time>
      </trkpt>
      <trkpt lat="50.794894" lon="12.755825">
        <ele>336.642678</ele>
        <time>2025-04-15T05:01:37.179Z</time>
      </trkpt>
      <trkpt lat="50.793913" lon="12.755475">
        <ele>333.338497</ele>
        <time>2025-04-15T05:01:46.932Z</time>
      </trkpt>
      <trkpt lat="50.792858" lon="12.755083">
        <ele>330.201707</ele>
        <time>2025-04-15T05:01:58.370Z</time>
      </trkpt>
      <trkpt lat="50.792561" lon="12.755024">
        <ele>329.678120</ele>
        <time>2025-04-15T05:02:01.761Z</time>
      </trkpt>
      <trkpt lat="50.792475" lon="12.755035">
        <ele>329.527200</ele>
        <time>2025-04-15T05:02:02.776Z</time>
      </trkpt>
      <trkpt lat="50.792365" lon="12.755054">
        <ele>329.333646</ele>
        <time>2025-04-15T05:02:04.046Z</time>
      </trkpt>
      <trkpt lat="50.792316" lon="12.755057">
        <ele>329.247872</ele>
        <time>2025-04-15T05:02:04.602Z</time>
      </trkpt>
      <trkpt lat="50.792298" lon="12.754781">
        <ele>328.941074</ele>
        <time>2025-04-15T05:02:06.618Z</time>
      </trkpt>
      <trkpt lat="50.792202" lon="12.753101">
        <ele>327.186944</ele>
        <time>2025-04-15T05:02:18.993Z</time>
      </trkpt>
      <trkpt lat="50.792097" lon="12.752641">
        <ele>326.776061</ele>
        <time>2025-04-15T05:02:22.427Z</time>
      </trkpt>
      <trkpt lat="50.792059" lon="12.752536">
        <ele>326.674414</ele>
        <time>2025-04-15T05:02:23.296Z</time>
      </trkpt>
      <trkpt lat="50.791686" lon="12.751450">
        <ele>325.636053</ele>
        <time>2025-04-15T05:02:32.195Z</time>
      </trkpt>
      <trkpt lat="50.791578" lon="12.751133">
        <ele>325.333512</ele>
        <time>2025-04-15T05:02:35.013Z</time>
      </trkpt>
      <trkpt lat="50.791286" lon="12.750555">
        <ele>324.905092</ele>
        <time>2025-04-15T05:02:41.306Z</time>
      </trkpt>
      <trkpt lat="50.791190" lon="12.750389">
        <ele>324.799854</ele>
        <time>2025-04-15T05:02:43.228Z</time>
      </trkpt>
      <trkpt lat="50.791022" lon="12.750222">
        <ele>324.653038</ele>
        <time>2025-04-15T05:02:45.871Z</time>
      </trkpt>
      <trkpt lat="50.790458" lon="12.749724">
        <ele>324.175101</ele>
        <time>2025-04-15T05:02:54.115Z</time>
      </trkpt>
      <trkpt lat="50.790371" lon="12.749610">
        <ele>324.091509</ele>
        <time>2025-04-15T05:02:55.524Z</time>
      </trkpt>
      <trkpt lat="50.790221" lon="12.749306">
        <ele>323.911121</ele>
        <time>2025-04-15T05:02:58.626Z</time>
      </trkpt>
      <trkpt lat="50.790083" lon="12.748854">
        <ele>323.560651</ele>
        <time>2025-04-15T05:03:02.638Z</time>
      </trkpt>
      <trkpt lat="50.789805" lon="12.748021">
        <ele>322.757405</ele>
        <time>2025-04-15T05:03:09.733Z</time>
      </trkpt>
      <trkpt lat="50.789588" lon="12.747287">
        <ele>322.066424</ele>
        <time>2025-04-15T05:03:15.485Z</time>
      </trkpt>
      <trkpt lat="50.789532" lon="12.746907">
        <ele>321.733690</ele>
        <time>2025-04-15T05:03:18.278Z</time>
      </trkpt>
      <trkpt lat="50.789511" lon="12.746561">
        <ele>321.437281</ele>
        <time>2025-04-15T05:03:20.812Z</time>
      </trkpt>
      <trkpt lat="50.789516" lon="12.746280">
        <ele>321.203612</ele>
        <time>2025-04-15T05:03:22.886Z</time>
      </trkpt>
      <trkpt lat="50.789542" lon="12.745985">
        <ele>320.957574</ele>
        <time>2025-04-15T05:03:25.102Z</time>
      </trkpt>
      <trkpt lat="50.789656" lon="12.745374">
        <ele>320.431342</ele>
        <time>2025-04-15T05:03:29.825Z</time>
      </trkpt>
      <trkpt lat="50.789807" lon="12.744842">
        <ele>319.949631</ele>
        <time>2025-04-15T05:03:34.064Z</time>
      </trkpt>
      <trkpt lat="50.790043" lon="12.744219">
        <ele>319.349693</ele>
        <time>2025-04-15T05:03:39.427Z</time>
      </trkpt>
      <trkpt lat="50.790492" lon="12.743029">
        <ele>318.458897</ele>
        <time>2025-04-15T05:03:50.335Z</time>
      </trkpt>
      <trkpt lat="50.790542" lon="12.742802">
        <ele>318.320689</ele>
        <time>2025-04-15T05:03:52.284Z</time>
      </trkpt>
      <trkpt lat="50.790612" lon="12.742332">
        <ele>318.043068</ele>
        <time>2025-04-15T05:03:56.121Z</time>
      </trkpt>
      <trkpt lat="50.790688" lon="12.741796">
        <ele>317.727243</ele>
        <time>2025-04-15T05:04:00.394Z</time>
      </trkpt>
      <trkpt lat="50.790697" lon="12.741398">
        <ele>317.498270</ele>
        <time>2025-04-15T05:04:03.460Z</time>
      </trkpt>
      <trkpt lat="50.790652" lon="12.741074">
        <ele>317.318498</ele>
        <time>2025-04-15T05:04:06.050Z</time>
      </trkpt>
      <trkpt lat="50.790503" lon="12.740392">
        <ele>316.950466</ele>
        <time>2025-04-15T05:04:11.699Z</time>
      </trkpt>
      <trkpt lat="50.790308" lon="12.739733">
        <ele>316.579352</ele>
        <time>2025-04-15T05:04:17.358Z</time>
      </trkpt>
      <trkpt lat="50.790261" lon="12.739581">
        <ele>316.493049</ele>
        <time>2025-04-15T05:04:18.671Z</time>
      </trkpt>
      <trkpt lat="50.790024" lon="12.738790">
        <ele>316.046587</ele>
        <time>2025-04-15T05:04:25.666Z</time>
      </trkpt>
      <trkpt lat="50.789847" lon="12.738227">
        <ele>315.847353</ele>
        <time>2025-04-15T05:04:31.146Z</time>
      </trkpt>
      <trkpt lat="50.789516" lon="12.737173">
        <ele>315.567593</ele>
        <time>2025-04-15T05:04:41.693Z</time>
      </trkpt>
      <trkpt lat="50.789403" lon="12.736681">
        <ele>315.443158</ele>
        <time>2025-04-15T05:04:46.403Z</time>
      </trkpt>
      <trkpt lat="50.789341" lon="12.736087">
        <ele>315.300045</ele>
        <time>2025-04-15T05:04:51.853Z</time>
      </trkpt>
      <trkpt lat="50.789218" lon="12.734383">
        <ele>313.979469</ele>
        <time>2025-04-15T05:05:05.090Z</time>
      </trkpt>
      <trkpt lat="50.789149" lon="12.733317">
        <ele>313.120273</ele>
        <time>2025-04-15T05:05:12.751Z</time>
      </trkpt>
      <trkpt lat="50.789180" lon="12.732910">
        <ele>312.735567</ele>
        <time>2025-04-15T05:05:15.559Z</time>
      </trkpt>
      <trkpt lat="50.789322" lon="12.731822">
        <ele>311.600467</ele>
        <time>2025-04-15T05:05:23.248Z</time>
      </trkpt>
      <trkpt lat="50.789322" lon="12.731593">
        <ele>311.366488</ele>
        <time>2025-04-15T05:05:24.916Z</time>
      </trkpt>
      <trkpt lat="50.789256" lon="12.731150">
        <ele>310.901457</ele>
        <time>2025-04-15T05:05:28.261Z</time>
      </trkpt>
      <trkpt lat="50.789196" lon="12.730842">
        <ele>310.572158</ele>
        <time>2025-04-15T05:05:31.651Z</time>
      </trkpt>
      <trkpt lat="50.788995" lon="12.730129">
        <ele>309.969491</ele>
        <time>2025-04-15T05:05:39.885Z</time>
      </trkpt>
      <trkpt lat="50.788586" lon="12.729014">
        <ele>309.469655</ele>
        <time>2025-04-15T05:05:54.761Z</time>
      </trkpt>
      <trkpt lat="50.788131" lon="12.727736">
        <ele>308.949208</ele>
        <time>2025-04-15T05:06:12.256Z</time>
      </trkpt>
      <trkpt lat="50.787968" lon="12.727305">
        <ele>308.865537</ele>
        <time>2025-04-15T05:06:18.717Z</time>
      </trkpt>
      <trkpt lat="50.787510" lon="12.726083">
        <ele>308.628867</ele>
        <time>2025-04-15T05:06:36.312Z</time>
      </trkpt>
      <trkpt lat="50.787191" lon="12.725068">
        <ele>308.312519</ele>
        <time>2025-04-15T05:06:49.866Z</time>
      </trkpt>
      <trkpt lat="50.786765" lon="12.724403">
        <ele>307.873753</ele>
        <time>2025-04-15T05:07:00.475Z</time>
      </trkpt>
      <trkpt lat="50.786420" lon="12.723804">
        <ele>307.498205</ele>
        <time>2025-04-15T05:07:09.472Z</time>
      </trkpt>
      <trkpt lat="50.786253" lon="12.723398">
        <ele>307.273717</ele>
        <time>2025-04-15T05:07:13.274Z</time>
      </trkpt>
      <trkpt lat="50.786163" lon="12.723096">
        <ele>307.111877</ele>
        <time>2025-04-15T05:07:15.952Z</time>
      </trkpt>
      <trkpt lat="50.786154" lon="12.723067">
        <ele>307.095468</ele>
        <time>2025-04-15T05:07:16.215Z</time>
      </trkpt>
      <trkpt lat="50.785999" lon="12.722533">
        <ele>306.797019</ele>
        <time>2025-04-15T05:07:20.926Z</time>
      </trkpt>
      <trkpt lat="50.785920" lon="12.722262">
        <ele>306.645444</ele>
        <time>2025-04-15T05:07:23.355Z</time>
      </trkpt>
      <trkpt lat="50.785698" lon="12.721508">
        <ele>306.222976</ele>
        <time>2025-04-15T05:07:30.095Z</time>
      </trkpt>
      <trkpt lat="50.785392" lon="12.720395">
        <ele>305.602549</ele>
        <time>2025-04-15T05:07:39.546Z</time>
      </trkpt>
      <trkpt lat="50.785174" lon="12.719670">
        <ele>305.183348</ele>
        <time>2025-04-15T05:07:45.840Z</time>
      </trkpt>
      <trkpt lat="50.784942" lon="12.718799">
        <ele>304.689828</ele>
        <time>2025-04-15T05:07:53.233Z</time>
      </trkpt>
      <trkpt lat="50.784803" lon="12.718137">
        <ele>304.325590</ele>
        <time>2025-04-15T05:07:58.903Z</time>
      </trkpt>
      <trkpt lat="50.784753" lon="12.717778">
        <ele>304.167330</ele>
        <time>2025-04-15T05:08:02.042Z</time>
      </trkpt>
      <trkpt lat="50.784738" lon="12.717667">
        <ele>304.123557</ele>
        <time>2025-04-15T05:08:03.013Z</time>
      </trkpt>
      <trkpt lat="50.784647" lon="12.716992">
        <ele>303.857401</ele>
        <time>2025-04-15T05:08:08.618Z</time>
      </trkpt>
      <trkpt lat="50.784603" lon="12.716201">
        <ele>303.551185</ele>
        <time>2025-04-15T05:08:15.013Z</time>
      </trkpt>
      <trkpt lat="50.784585" lon="12.715401">
        <ele>303.242480</ele>
        <time>2025-04-15T05:08:21.584Z</time>
      </trkpt>
      <trkpt lat="50.784495" lon="12.714872">
        <ele>303.012528</ele>
        <time>2025-04-15T05:08:26.207Z</time>
      </trkpt>
      <trkpt lat="50.784393" lon="12.714222">
        <ele>302.718276</ele>
        <time>2025-04-15T05:08:31.995Z</time>
      </trkpt>
      <trkpt lat="50.784319" lon="12.713771">
        <ele>302.513558</ele>
        <time>2025-04-15T05:08:35.885Z</time>
      </trkpt>
      <trkpt lat="50.784212" lon="12.713427">
        <ele>302.345115</ele>
        <time>2025-04-15T05:08:38.931Z</time>
      </trkpt>
      <trkpt lat="50.783894" lon="12.712649">
        <ele>301.938074</ele>
        <time>2025-04-15T05:08:46.194Z</time>
      </trkpt>
      <trkpt lat="50.783656" lon="12.712122">
        <ele>301.516822</ele>
        <time>2025-04-15T05:08:51.205Z</time>
      </trkpt>
      <trkpt lat="50.783519" lon="12.711829">
        <ele>301.273146</ele>
        <time>2025-04-15T05:08:53.965Z</time>
      </trkpt>
      <trkpt lat="50.783372" lon="12.711431">
        <ele>300.964933</ele>
        <time>2025-04-15T05:08:57.409Z</time>
      </trkpt>
      <trkpt lat="50.783315" lon="12.711203">
        <ele>300.800990</ele>
        <time>2025-04-15T05:08:59.220Z</time>
      </trkpt>
      <trkpt lat="50.783282" lon="12.710304">
        <ele>300.198842</ele>
        <time>2025-04-15T05:09:05.970Z</time>
      </trkpt>
      <trkpt lat="50.783255" lon="12.709427">
        <ele>299.813473</ele>
        <time>2025-04-15T05:09:13.136Z</time>
      </trkpt>
      <trkpt lat="50.783158" lon="12.708732">
        <ele>299.576700</ele>
        <time>2025-04-15T05:09:19.245Z</time>
      </trkpt>
      <trkpt lat="50.783062" lon="12.707899">
        <ele>299.295018</ele>
        <time>2025-04-15T05:09:26.460Z</time>
      </trkpt>
      <trkpt lat="50.783098" lon="12.707208">
        <ele>299.063124</ele>
        <time>2025-04-15T05:09:32.470Z</time>
      </trkpt>
      <trkpt lat="50.783087" lon="12.706895">
        <ele>298.906686</ele>
        <time>2025-04-15T05:09:35.181Z</time>
      </trkpt>
      <trkpt lat="50.782636" lon="12.704746">
        <ele>297.776729</ele>
        <time>2025-04-15T05:09:52.835Z</time>
      </trkpt>
      <trkpt lat="50.782529" lon="12.704195">
        <ele>297.553025</ele>
        <time>2025-04-15T05:09:57.424Z</time>
      </trkpt>
      <trkpt lat="50.782533" lon="12.703784">
        <ele>297.430849</ele>
        <time>2025-04-15T05:10:00.774Z</time>
      </trkpt>
      <trkpt lat="50.782578" lon="12.702583">
        <ele>297.073250</ele>
        <time>2025-04-15T05:10:11.062Z</time>
      </trkpt>
      <trkpt lat="50.782523" lon="12.702196">
        <ele>296.955352</ele>
        <time>2025-04-15T05:10:14.544Z</time>
      </trkpt>
      <trkpt lat="50.782380" lon="12.701690">
        <ele>296.794736</ele>
        <time>2025-04-15T05:10:19.450Z</time>
      </trkpt>
      <trkpt lat="50.782266" lon="12.701295">
        <ele>296.713871</ele>
        <time>2025-04-15T05:10:23.205Z</time>
      </trkpt>
      <trkpt lat="50.782198" lon="12.701111">
        <ele>296.674179</ele>
        <time>2025-04-15T05:10:25.014Z</time>
      </trkpt>
      <trkpt lat="50.782087" lon="12.700624">
        <ele>296.577768</ele>
        <time>2025-04-15T05:10:29.444Z</time>
      </trkpt>
      <trkpt lat="50.782022" lon="12.700010">
        <ele>296.461826</ele>
        <time>2025-04-15T05:10:34.837Z</time>
      </trkpt>
      <trkpt lat="50.782013" lon="12.699586">
        <ele>296.382816</ele>
        <time>2025-04-15T05:10:38.541Z</time>
      </trkpt>
      <trkpt lat="50.782030" lon="12.699357">
        <ele>296.339875</ele>
        <time>2025-04-15T05:10:40.580Z</time>
      </trkpt>
      <trkpt lat="50.782078" lon="12.699062">
        <ele>296.283145</ele>
        <time>2025-04-15T05:10:43.322Z</time>
      </trkpt>
      <trkpt lat="50.782084" lon="12.699029">
        <ele>296.276750</ele>
        <time>2025-04-15T05:10:43.636Z</time>
      </trkpt>
      <trkpt lat="50.782056" lon="12.698836">
        <ele>296.242115</ele>
        <time>2025-04-15T05:10:45.399Z</time>
      </trkpt>
      <trkpt lat="50.782206" lon="12.698358">
        <ele>296.149701</ele>
        <time>2025-04-15T05:10:50.186Z</time>
      </trkpt>
      <trkpt lat="50.782460" lon="12.697108">
        <ele>295.922326</ele>
        <time>2025-04-15T05:11:02.192Z</time>
      </trkpt>
      <trkpt lat="50.782631" lon="12.696556">
        <ele>295.815876</ele>
        <time>2025-04-15T05:11:07.388Z</time>
      </trkpt>
      <trkpt lat="50.782688" lon="12.696255">
        <ele>295.749105</ele>
        <time>2025-04-15T05:11:09.921Z</time>
      </trkpt>
      <trkpt lat="50.782725" lon="12.695827">
        <ele>295.622222</ele>
        <time>2025-04-15T05:11:13.404Z</time>
      </trkpt>
      <trkpt lat="50.782698" lon="12.694897">
        <ele>295.348771</ele>
        <time>2025-04-15T05:11:21.011Z</time>
      </trkpt>
      <trkpt lat="50.782664" lon="12.694555">
        <ele>295.247084</ele>
        <time>2025-04-15T05:11:23.891Z</time>
      </trkpt>
      <trkpt lat="50.782545" lon="12.693693">
        <ele>294.987929</ele>
        <time>2025-04-15T05:11:31.385Z</time>
      </trkpt>
      <trkpt lat="50.782533" lon="12.693340">
        <ele>294.941530</ele>
        <time>2025-04-15T05:11:34.631Z</time>
      </trkpt>
      <trkpt lat="50.782548" lon="12.693119">
        <ele>294.939217</ele>
        <time>2025-04-15T05:11:36.784Z</time>
      </trkpt>
      <trkpt lat="50.782589" lon="12.692913">
        <ele>294.936971</ele>
        <time>2025-04-15T05:11:38.972Z</time>
      </trkpt>
      <trkpt lat="50.782752" lon="12.692379">
        <ele>294.930802</ele>
        <time>2025-04-15T05:11:45.003Z</time>
      </trkpt>
      <trkpt lat="50.783216" lon="12.691429">
        <ele>294.918313</ele>
        <time>2025-04-15T05:11:56.162Z</time>
      </trkpt>
      <trkpt lat="50.783167" lon="12.691318">
        <ele>294.916905</ele>
        <time>2025-04-15T05:11:57.378Z</time>
      </trkpt>
      <trkpt lat="50.783106" lon="12.690790">
        <ele>294.799831</ele>
        <time>2025-04-15T05:12:02.307Z</time>
      </trkpt>
      <trkpt lat="50.783143" lon="12.689963">
        <ele>294.438034</ele>
        <time>2025-04-15T05:12:09.529Z</time>
      </trkpt>
      <trkpt lat="50.783192" lon="12.689358">
        <ele>294.171861</ele>
        <time>2025-04-15T05:12:14.409Z</time>
      </trkpt>
      <trkpt lat="50.783244" lon="12.689032">
        <ele>294.025140</ele>
        <time>2025-04-15T05:12:17.069Z</time>
      </trkpt>
      <trkpt lat="50.783286" lon="12.688607">
        <ele>293.837423</ele>
        <time>2025-04-15T05:12:20.421Z</time>
      </trkpt>
      <trkpt lat="50.783238" lon="12.686471">
        <ele>292.404098</ele>
        <time>2025-04-15T05:12:36.404Z</time>
      </trkpt>
      <trkpt lat="50.783291" lon="12.685581">
        <ele>291.759674</ele>
        <time>2025-04-15T05:12:43.111Z</time>
      </trkpt>
      <trkpt lat="50.783313" lon="12.684523">
        <ele>291.461881</ele>
        <time>2025-04-15T05:12:51.595Z</time>
      </trkpt>
      <trkpt lat="50.783510" lon="12.683023">
        <ele>291.179353</ele>
        <time>2025-04-15T05:13:06.319Z</time>
      </trkpt>
      <trkpt lat="50.783551" lon="12.682845">
        <ele>291.144417</ele>
        <time>2025-04-15T05:13:08.026Z</time>
      </trkpt>
      <trkpt lat="50.783650" lon="12.682600">
        <ele>291.076209</ele>
        <time>2025-04-15T05:13:10.639Z</time>
      </trkpt>
      <trkpt lat="50.783828" lon="12.682239">
        <ele>290.799776</ele>
        <time>2025-04-15T05:13:14.684Z</time>
      </trkpt>
      <trkpt lat="50.783830" lon="12.681345">
        <ele>290.259952</ele>
        <time>2025-04-15T05:13:22.123Z</time>
      </trkpt>
      <trkpt lat="50.783869" lon="12.680461">
        <ele>289.724872</ele>
        <time>2025-04-15T05:13:28.603Z</time>
      </trkpt>
      <trkpt lat="50.783965" lon="12.679871">
        <ele>289.357414</ele>
        <time>2025-04-15T05:13:32.817Z</time>
      </trkpt>
      <trkpt lat="50.783967" lon="12.679661">
        <ele>289.232895</ele>
        <time>2025-04-15T05:13:34.350Z</time>
      </trkpt>
      <trkpt lat="50.783946" lon="12.679457">
        <ele>289.110356</ele>
        <time>2025-04-15T05:13:35.911Z</time>
      </trkpt>
      <trkpt lat="50.783799" lon="12.678900">
        <ele>288.752508</ele>
        <time>2025-04-15T05:13:40.510Z</time>
      </trkpt>
      <trkpt lat="50.783841" lon="12.678443">
        <ele>288.478715</ele>
        <time>2025-04-15T05:13:44.072Z</time>
      </trkpt>
      <trkpt lat="50.783909" lon="12.678137">
        <ele>288.286415</ele>
        <time>2025-04-15T05:13:46.580Z</time>
      </trkpt>
      <trkpt lat="50.784017" lon="12.677663">
        <ele>287.987700</ele>
        <time>2025-04-15T05:13:50.549Z</time>
      </trkpt>
      <trkpt lat="50.784061" lon="12.677497">
        <ele>287.880983</ele>
        <time>2025-04-15T05:13:52.082Z</time>
      </trkpt>
      <trkpt lat="50.784145" lon="12.677176">
        <ele>287.687865</ele>
        <time>2025-04-15T05:13:55.419Z</time>
      </trkpt>
      <trkpt lat="50.784222" lon="12.676186">
        <ele>287.524234</ele>
        <time>2025-04-15T05:14:04.554Z</time>
      </trkpt>
      <trkpt lat="50.784402" lon="12.675684">
        <ele>287.429561</ele>
        <time>2025-04-15T05:14:09.462Z</time>
      </trkpt>
      <trkpt lat="50.784431" lon="12.675540">
        <ele>287.404769</ele>
        <time>2025-04-15T05:14:10.745Z</time>
      </trkpt>
      <trkpt lat="50.784426" lon="12.675410">
        <ele>287.383403</ele>
        <time>2025-04-15T05:14:11.886Z</time>
      </trkpt>
      <trkpt lat="50.784345" lon="12.675066">
        <ele>287.323185</ele>
        <time>2025-04-15T05:14:15.062Z</time>
      </trkpt>
      <trkpt lat="50.784276" lon="12.674410">
        <ele>287.224085</ele>
        <time>2025-04-15T05:14:21.103Z</time>
      </trkpt>
      <trkpt lat="50.784194" lon="12.673982">
        <ele>287.211823</ele>
        <time>2025-04-15T05:14:25.024Z</time>
      </trkpt>
      <trkpt lat="50.784158" lon="12.673769">
        <ele>287.205778</ele>
        <time>2025-04-15T05:14:26.876Z</time>
      </trkpt>
      <trkpt lat="50.784044" lon="12.672446">
        <ele>287.169168</ele>
        <time>2025-04-15T05:14:39.666Z</time>
      </trkpt>
      <trkpt lat="50.784018" lon="12.672168">
        <ele>287.161463</ele>
        <time>2025-04-15T05:14:42.465Z</time>
      </trkpt>
      <trkpt lat="50.784038" lon="12.671804">
        <ele>287.151445</ele>
        <time>2025-04-15T05:14:45.947Z</time>
      </trkpt>
      <trkpt lat="50.784129" lon="12.671151">
        <ele>287.119984</ele>
        <time>2025-04-15T05:14:52.092Z</time>
      </trkpt>
      <trkpt lat="50.784119" lon="12.670765">
        <ele>287.100109</ele>
        <time>2025-04-15T05:14:55.536Z</time>
      </trkpt>
      <trkpt lat="50.784079" lon="12.670469">
        <ele>287.084537</ele>
        <time>2025-04-15T05:14:58.235Z</time>
      </trkpt>
      <trkpt lat="50.784034" lon="12.670224">
        <ele>287.071412</ele>
        <time>2025-04-15T05:15:00.506Z</time>
      </trkpt>
      <trkpt lat="50.783997" lon="12.669920">
        <ele>287.055485</ele>
        <time>2025-04-15T05:15:03.274Z</time>
      </trkpt>
      <trkpt lat="50.784003" lon="12.669712">
        <ele>287.044773</ele>
        <time>2025-04-15T05:15:05.143Z</time>
      </trkpt>
      <trkpt lat="50.784076" lon="12.669127">
        <ele>287.014096</ele>
        <time>2025-04-15T05:15:10.542Z</time>
      </trkpt>
      <trkpt lat="50.784150" lon="12.668916">
        <ele>287.001588</ele>
        <time>2025-04-15T05:15:12.774Z</time>
      </trkpt>
      <trkpt lat="50.784357" lon="12.668511">
        <ele>286.923139</ele>
        <time>2025-04-15T05:15:17.921Z</time>
      </trkpt>
      <trkpt lat="50.784476" lon="12.668180">
        <ele>286.865782</ele>
        <time>2025-04-15T05:15:21.950Z</time>
      </trkpt>
      <trkpt lat="50.784845" lon="12.666688">
        <ele>286.624451</ele>
        <time>2025-04-15T05:15:36.442Z</time>
      </trkpt>
      <trkpt lat="50.784891" lon="12.666241">
        <ele>286.493019</ele>
        <time>2025-04-15T05:15:39.891Z</time>
      </trkpt>
      <trkpt lat="50.784883" lon="12.665350">
        <ele>285.858545</ele>
        <time>2025-04-15T05:15:46.463Z</time>
      </trkpt>
      <trkpt lat="50.784900" lon="12.665092">
        <ele>285.673848</ele>
        <time>2025-04-15T05:15:48.358Z</time>
      </trkpt>
      <trkpt lat="50.784996" lon="12.664462">
        <ele>285.212431</ele>
        <time>2025-04-15T05:15:53.031Z</time>
      </trkpt>
      <trkpt lat="50.785087" lon="12.664051">
        <ele>284.902365</ele>
        <time>2025-04-15T05:15:56.279Z</time>
      </trkpt>
      <trkpt lat="50.785106" lon="12.663983">
        <ele>284.849430</ele>
        <time>2025-04-15T05:15:56.842Z</time>
      </trkpt>
      <trkpt lat="50.785211" lon="12.663501">
        <ele>284.527606</ele>
        <time>2025-04-15T05:16:00.917Z</time>
      </trkpt>
      <trkpt lat="50.785441" lon="12.662173">
        <ele>284.207495</ele>
        <time>2025-04-15T05:16:13.363Z</time>
      </trkpt>
      <trkpt lat="50.785605" lon="12.661537">
        <ele>284.047811</ele>
        <time>2025-04-15T05:16:19.608Z</time>
      </trkpt>
      <trkpt lat="50.785885" lon="12.660261">
        <ele>283.423777</ele>
        <time>2025-04-15T05:16:30.927Z</time>
      </trkpt>
      <trkpt lat="50.785926" lon="12.659866">
        <ele>283.141362</ele>
        <time>2025-04-15T05:16:34.018Z</time>
      </trkpt>
      <trkpt lat="50.785934" lon="12.659174">
        <ele>282.653055</ele>
        <time>2025-04-15T05:16:39.095Z</time>
      </trkpt>
      <trkpt lat="50.786100" lon="12.658511">
        <ele>282.149944</ele>
        <time>2025-04-15T05:16:44.240Z</time>
      </trkpt>
      <trkpt lat="50.786168" lon="12.658151">
        <ele>281.884861</ele>
        <time>2025-04-15T05:16:46.978Z</time>
      </trkpt>
      <trkpt lat="50.786196" lon="12.657831">
        <ele>281.775710</ele>
        <time>2025-04-15T05:16:49.368Z</time>
      </trkpt>
      <trkpt lat="50.786233" lon="12.657516">
        <ele>281.670585</ele>
        <time>2025-04-15T05:16:51.779Z</time>
      </trkpt>
      <trkpt lat="50.786443" lon="12.656633">
        <ele>281.361040</ele>
        <time>2025-04-15T05:16:59.388Z</time>
      </trkpt>
      <trkpt lat="50.786477" lon="12.656146">
        <ele>281.200278</ele>
        <time>2025-04-15T05:17:04.034Z</time>
      </trkpt>
      <trkpt lat="50.786415" lon="12.655494">
        <ele>280.983942</ele>
        <time>2025-04-15T05:17:10.677Z</time>
      </trkpt>
      <trkpt lat="50.786417" lon="12.655076">
        <ele>280.855392</ele>
        <time>2025-04-15T05:17:14.787Z</time>
      </trkpt>
      <trkpt lat="50.786450" lon="12.654670">
        <ele>280.732791</ele>
        <time>2025-04-15T05:17:18.608Z</time>
      </trkpt>
      <trkpt lat="50.786438" lon="12.654373">
        <ele>280.643656</ele>
        <time>2025-04-15T05:17:21.274Z</time>
      </trkpt>
      <trkpt lat="50.786128" lon="12.653412">
        <ele>280.320526</ele>
        <time>2025-04-15T05:17:30.459Z</time>
      </trkpt>
      <trkpt lat="50.786096" lon="12.653178">
        <ele>280.248820</ele>
        <time>2025-04-15T05:17:32.335Z</time>
      </trkpt>
      <trkpt lat="50.786097" lon="12.651862">
        <ele>279.504782</ele>
        <time>2025-04-15T05:17:42.210Z</time>
      </trkpt>
      <trkpt lat="50.786075" lon="12.651403">
        <ele>279.164845</ele>
        <time>2025-04-15T05:17:45.554Z</time>
      </trkpt>
      <trkpt lat="50.785964" lon="12.650946">
        <ele>278.803307</ele>
        <time>2025-04-15T05:17:49.156Z</time>
      </trkpt>
      <trkpt lat="50.785771" lon="12.650416">
        <ele>278.351626</ele>
        <time>2025-04-15T05:17:53.781Z</time>
      </trkpt>
      <trkpt lat="50.785726" lon="12.650269">
        <ele>278.231011</ele>
        <time>2025-04-15T05:17:55.036Z</time>
      </trkpt>
      <trkpt lat="50.785700" lon="12.650181">
        <ele>278.159278</ele>
        <time>2025-04-15T05:17:55.794Z</time>
      </trkpt>
      <trkpt lat="50.785612" lon="12.649739">
        <ele>277.879747</ele>
        <time>2025-04-15T05:17:59.434Z</time>
      </trkpt>
      <trkpt lat="50.785600" lon="12.648393">
        <ele>277.241002</ele>
        <time>2025-04-15T05:18:10.286Z</time>
      </trkpt>
      <trkpt lat="50.785253" lon="12.646420">
        <ele>276.146533</ele>
        <time>2025-04-15T05:18:26.993Z</time>
      </trkpt>
      <trkpt lat="50.785212" lon="12.646163">
        <ele>275.979408</ele>
        <time>2025-04-15T05:18:29.049Z</time>
      </trkpt>
      <trkpt lat="50.785214" lon="12.645878">
        <ele>275.799696</ele>
        <time>2025-04-15T05:18:31.256Z</time>
      </trkpt>
      <trkpt lat="50.785233" lon="12.645700">
        <ele>275.685873</ele>
        <time>2025-04-15T05:18:32.654Z</time>
      </trkpt>
      <trkpt lat="50.785391" lon="12.645109">
        <ele>275.281284</ele>
        <time>2025-04-15T05:18:37.557Z</time>
      </trkpt>
      <trkpt lat="50.785452" lon="12.644847">
        <ele>275.105241</ele>
        <time>2025-04-15T05:18:39.646Z</time>
      </trkpt>
      <trkpt lat="50.785494" lon="12.644448">
        <ele>274.850197</ele>
        <time>2025-04-15T05:18:42.638Z</time>
      </trkpt>
      <trkpt lat="50.785508" lon="12.644287">
        <ele>274.746904</ele>
        <time>2025-04-15T05:18:43.825Z</time>
      </trkpt>
      <trkpt lat="50.785577" lon="12.643736">
        <ele>274.389845</ele>
        <time>2025-04-15T05:18:47.973Z</time>
      </trkpt>
      <trkpt lat="50.785567" lon="12.643529">
        <ele>274.257878</ele>
        <time>2025-04-15T05:18:49.537Z</time>
      </trkpt>
      <trkpt lat="50.785472" lon="12.642602">
        <ele>273.660921</ele>
        <time>2025-04-15T05:18:56.763Z</time>
      </trkpt>
      <trkpt lat="50.785368" lon="12.641955">
        <ele>273.236557</ele>
        <time>2025-04-15T05:19:01.983Z</time>
      </trkpt>
      <trkpt lat="50.785148" lon="12.641312">
        <ele>272.874938</ele>
        <time>2025-04-15T05:19:07.926Z</time>
      </trkpt>
      <trkpt lat="50.785035" lon="12.640576">
        <ele>272.578466</ele>
        <time>2025-04-15T05:19:14.403Z</time>
      </trkpt>
      <trkpt lat="50.785012" lon="12.640323">
        <ele>272.478413</ele>
        <time>2025-04-15T05:19:16.597Z</time>
      </trkpt>
      <trkpt lat="50.784985" lon="12.639774">
        <ele>272.262863</ele>
        <time>2025-04-15T05:19:21.266Z</time>
      </trkpt>
      <trkpt lat="50.785016" lon="12.639548">
        <ele>272.172340</ele>
        <time>2025-04-15T05:19:23.205Z</time>
      </trkpt>
      <trkpt lat="50.785182" lon="12.639118">
        <ele>271.975123</ele>
        <time>2025-04-15T05:19:27.343Z</time>
      </trkpt>
      <trkpt lat="50.785399" lon="12.638604">
        <ele>271.646436</ele>
        <time>2025-04-15T05:19:32.172Z</time>
      </trkpt>
      <trkpt lat="50.785695" lon="12.637896">
        <ele>271.165172</ele>
        <time>2025-04-15T05:19:38.607Z</time>
      </trkpt>
      <trkpt lat="50.785799" lon="12.637642">
        <ele>270.993592</ele>
        <time>2025-04-15T05:19:40.903Z</time>
      </trkpt>
      <trkpt lat="50.785924" lon="12.637295">
        <ele>270.767150</ele>
        <time>2025-04-15T05:19:43.978Z</time>
      </trkpt>
      <trkpt lat="50.786017" lon="12.636939">
        <ele>270.548750</ele>
        <time>2025-04-15T05:19:47.026Z</time>
      </trkpt>
      <trkpt lat="50.786065" lon="12.636164">
        <ele>270.311009</ele>
        <time>2025-04-15T05:19:53.389Z</time>
      </trkpt>
      <trkpt lat="50.786068" lon="12.636092">
        <ele>270.310503</ele>
        <time>2025-04-15T05:19:53.995Z</time>
      </trkpt>
      <trkpt lat="50.786062" lon="12.635298">
        <ele>270.304940</ele>
        <time>2025-04-15T05:20:00.924Z</time>
      </trkpt>
      <trkpt lat="50.785997" lon="12.635053">
        <ele>270.303079</ele>
        <time>2025-04-15T05:20:03.421Z</time>
      </trkpt>
      <trkpt lat="50.785898" lon="12.634828">
        <ele>270.301158</ele>
        <time>2025-04-15T05:20:06.100Z</time>
      </trkpt>
      <trkpt lat="50.785746" lon="12.634573">
        <ele>270.298703</ele>
        <time>2025-04-15T05:20:09.732Z</time>
      </trkpt>
      <trkpt lat="50.785220" lon="12.633794">
        <ele>270.211087</ele>
        <time>2025-04-15T05:20:22.133Z</time>
      </trkpt>
      <trkpt lat="50.785050" lon="12.633511">
        <ele>270.133481</ele>
        <time>2025-04-15T05:20:25.870Z</time>
      </trkpt>
      <trkpt lat="50.784911" lon="12.633189">
        <ele>270.055968</ele>
        <time>2025-04-15T05:20:29.394Z</time>
      </trkpt>
      <trkpt lat="50.784827" lon="12.632830">
        <ele>269.979868</ele>
        <time>2025-04-15T05:20:32.760Z</time>
      </trkpt>
      <trkpt lat="50.784738" lon="12.631897">
        <ele>269.792286</ele>
        <time>2025-04-15T05:20:40.577Z</time>
      </trkpt>
      <trkpt lat="50.784468" lon="12.630245">
        <ele>268.974074</ele>
        <time>2025-04-15T05:20:53.325Z</time>
      </trkpt>
      <trkpt lat="50.784124" lon="12.628773">
        <ele>268.182225</ele>
        <time>2025-04-15T05:21:06.095Z</time>
      </trkpt>
      <trkpt lat="50.784026" lon="12.628099">
        <ele>268.213634</ele>
        <time>2025-04-15T05:21:12.108Z</time>
      </trkpt>
      <trkpt lat="50.783946" lon="12.627543">
        <ele>268.239530</ele>
        <time>2025-04-15T05:21:17.090Z</time>
      </trkpt>
      <trkpt lat="50.783929" lon="12.627422">
        <ele>268.245160</ele>
        <time>2025-04-15T05:21:18.217Z</time>
      </trkpt>
      <trkpt lat="50.783852" lon="12.626888">
        <ele>268.270034</ele>
        <time>2025-04-15T05:21:23.440Z</time>
      </trkpt>
      <trkpt lat="50.783752" lon="12.626032">
        <ele>268.331803</ele>
        <time>2025-04-15T05:21:33.088Z</time>
      </trkpt>
      <trkpt lat="50.783746" lon="12.625935">
        <ele>268.368668</ele>
        <time>2025-04-15T05:21:34.261Z</time>
      </trkpt>
      <trkpt lat="50.783719" lon="12.625512">
        <ele>268.529480</ele>
        <time>2025-04-15T05:21:39.437Z</time>
      </trkpt>
      <trkpt lat="50.783703" lon="12.624522">
        <ele>268.904069</ele>
        <time>2025-04-15T05:21:52.037Z</time>
      </trkpt>
      <trkpt lat="50.783701" lon="12.624370">
        <ele>268.961576</ele>
        <time>2025-04-15T05:21:53.679Z</time>
      </trkpt>
      <trkpt lat="50.783693" lon="12.623942">
        <ele>269.123537</ele>
        <time>2025-04-15T05:21:57.937Z</time>
      </trkpt>
      <trkpt lat="50.783724" lon="12.623627">
        <ele>269.244120</ele>
        <time>2025-04-15T05:22:00.939Z</time>
      </trkpt>
      <trkpt lat="50.783795" lon="12.623290">
        <ele>269.378481</ele>
        <time>2025-04-15T05:22:04.467Z</time>
      </trkpt>
      <trkpt lat="50.783914" lon="12.622854">
        <ele>269.070237</ele>
        <time>2025-04-15T05:22:08.648Z</time>
      </trkpt>
      <trkpt lat="50.784043" lon="12.622427">
        <ele>268.751685</ele>
        <time>2025-04-15T05:22:12.368Z</time>
      </trkpt>
      <trkpt lat="50.784082" lon="12.622297">
        <ele>268.654827</ele>
        <time>2025-04-15T05:22:13.427Z</time>
      </trkpt>
      <trkpt lat="50.784146" lon="12.622110">
        <ele>268.511694</ele>
        <time>2025-04-15T05:22:14.998Z</time>
      </trkpt>
      <trkpt lat="50.784258" lon="12.621757">
        <ele>268.245841</ele>
        <time>2025-04-15T05:22:17.876Z</time>
      </trkpt>
      <trkpt lat="50.784342" lon="12.621479">
        <ele>268.038441</ele>
        <time>2025-04-15T05:22:19.977Z</time>
      </trkpt>
      <trkpt lat="50.784926" lon="12.619953">
        <ele>267.006857</ele>
        <time>2025-04-15T05:22:33.361Z</time>
      </trkpt>
      <trkpt lat="50.785175" lon="12.619065">
        <ele>266.528532</ele>
        <time>2025-04-15T05:22:40.840Z</time>
      </trkpt>
      <trkpt lat="50.785345" lon="12.618450">
        <ele>266.198030</ele>
        <time>2025-04-15T05:22:46.480Z</time>
      </trkpt>
      <trkpt lat="50.785385" lon="12.618233">
        <ele>266.086731</ele>
        <time>2025-04-15T05:22:48.572Z</time>
      </trkpt>
      <trkpt lat="50.785410" lon="12.617767">
        <ele>266.165063</ele>
        <time>2025-04-15T05:22:53.245Z</time>
      </trkpt>
      <trkpt lat="50.785391" lon="12.616939">
        <ele>266.355583</ele>
        <time>2025-04-15T05:23:02.431Z</time>
      </trkpt>
      <trkpt lat="50.785389" lon="12.616436">
        <ele>266.471248</ele>
        <time>2025-04-15T05:23:08.013Z</time>
      </trkpt>
      <trkpt lat="50.785466" lon="12.615792">
        <ele>266.621958</ele>
        <time>2025-04-15T05:23:14.972Z</time>
      </trkpt>
      <trkpt lat="50.785621" lon="12.615239">
        <ele>266.660857</ele>
        <time>2025-04-15T05:23:21.200Z</time>
      </trkpt>
      <trkpt lat="50.785812" lon="12.614777">
        <ele>266.470256</ele>
        <time>2025-04-15T05:23:26.536Z</time>
      </trkpt>
      <trkpt lat="50.785852" lon="12.614694">
        <ele>266.434220</ele>
        <time>2025-04-15T05:23:27.483Z</time>
      </trkpt>
      <trkpt lat="50.786803" lon="12.612832">
        <ele>265.457152</ele>
        <time>2025-04-15T05:23:46.386Z</time>
      </trkpt>
      <trkpt lat="50.787069" lon="12.612482">
        <ele>265.050914</ele>
        <time>2025-04-15T05:23:50.411Z</time>
      </trkpt>
      <trkpt lat="50.787598" lon="12.612007">
        <ele>264.336724</ele>
        <time>2025-04-15T05:23:57.508Z</time>
      </trkpt>
      <trkpt lat="50.788157" lon="12.611432">
        <ele>263.585510</ele>
        <time>2025-04-15T05:24:05.376Z</time>
      </trkpt>
      <trkpt lat="50.788678" lon="12.610813">
        <ele>263.152071</ele>
        <time>2025-04-15T05:24:13.814Z</time>
      </trkpt>
      <trkpt lat="50.789124" lon="12.610378">
        <ele>262.803531</ele>
        <time>2025-04-15T05:24:20.605Z</time>
      </trkpt>
      <trkpt lat="50.789348" lon="12.610186">
        <ele>262.634057</ele>
        <time>2025-04-15T05:24:23.934Z</time>
      </trkpt>
      <trkpt lat="50.789808" lon="12.609935">
        <ele>262.395458</ele>
        <time>2025-04-15T05:24:30.467Z</time>
      </trkpt>
      <trkpt lat="50.790035" lon="12.609704">
        <ele>262.343133</ele>
        <time>2025-04-15T05:24:34.194Z</time>
      </trkpt>
      <trkpt lat="50.790141" lon="12.609559">
        <ele>262.315966</ele>
        <time>2025-04-15T05:24:36.167Z</time>
      </trkpt>
      <trkpt lat="50.790363" lon="12.609350">
        <ele>262.265885</ele>
        <time>2025-04-15T05:24:39.796Z</time>
      </trkpt>
      <trkpt lat="50.790808" lon="12.609143">
        <ele>262.175965</ele>
        <time>2025-04-15T05:24:46.465Z</time>
      </trkpt>
      <trkpt lat="50.791074" lon="12.609109">
        <ele>262.124230</ele>
        <time>2025-04-15T05:24:50.386Z</time>
      </trkpt>
      <trkpt lat="50.791282" lon="12.609033">
        <ele>262.082846</ele>
        <time>2025-04-15T05:24:53.493Z</time>
      </trkpt>
      <trkpt lat="50.791534" lon="12.608844">
        <ele>262.008153</ele>
        <time>2025-04-15T05:24:57.561Z</time>
      </trkpt>
      <trkpt lat="50.792156" lon="12.608140">
        <ele>261.802170</ele>
        <time>2025-04-15T05:25:08.268Z</time>
      </trkpt>
      <trkpt lat="50.792537" lon="12.607778">
        <ele>261.682471</ele>
        <time>2025-04-15T05:25:14.230Z</time>
      </trkpt>
      <trkpt lat="50.792712" lon="12.607642">
        <ele>261.629958</ele>
        <time>2025-04-15T05:25:16.876Z</time>
      </trkpt>
      <trkpt lat="50.793131" lon="12.607321">
        <ele>261.471488</ele>
        <time>2025-04-15T05:25:23.245Z</time>
      </trkpt>
      <trkpt lat="50.793353" lon="12.607252">
        <ele>261.388823</ele>
        <time>2025-04-15T05:25:26.309Z</time>
      </trkpt>
      <trkpt lat="50.793582" lon="12.607237">
        <ele>261.305080</ele>
        <time>2025-04-15T05:25:29.358Z</time>
      </trkpt>
      <trkpt lat="50.794032" lon="12.607131">
        <ele>261.138848</ele>
        <time>2025-04-15T05:25:35.421Z</time>
      </trkpt>
      <trkpt lat="50.794187" lon="12.606974">
        <ele>261.071600</ele>
        <time>2025-04-15T05:25:37.957Z</time>
      </trkpt>
      <trkpt lat="50.794468" lon="12.606544">
        <ele>260.935681</ele>
        <time>2025-04-15T05:25:43.516Z</time>
      </trkpt>
      <trkpt lat="50.794745" lon="12.606302">
        <ele>260.890240</ele>
        <time>2025-04-15T05:25:48.036Z</time>
      </trkpt>
      <trkpt lat="50.795428" lon="12.606005">
        <ele>260.788521</ele>
        <time>2025-04-15T05:25:58.029Z</time>
      </trkpt>
      <trkpt lat="50.795545" lon="12.605976">
        <ele>260.771514</ele>
        <time>2025-04-15T05:25:59.725Z</time>
      </trkpt>
      <trkpt lat="50.796481" lon="12.605789">
        <ele>260.613528</ele>
        <time>2025-04-15T05:26:13.436Z</time>
      </trkpt>
      <trkpt lat="50.796904" lon="12.605607">
        <ele>260.519671</ele>
        <time>2025-04-15T05:26:19.666Z</time>
      </trkpt>
      <trkpt lat="50.797180" lon="12.605410">
        <ele>260.454841</ele>
        <time>2025-04-15T05:26:24.054Z</time>
      </trkpt>
      <trkpt lat="50.797421" lon="12.605159">
        <ele>260.393064</ele>
        <time>2025-04-15T05:26:28.141Z</time>
      </trkpt>
      <trkpt lat="50.797599" lon="12.604884">
        <ele>260.339796</ele>
        <time>2025-04-15T05:26:31.559Z</time>
      </trkpt>
      <trkpt lat="50.797822" lon="12.604416">
        <ele>260.194627</ele>
        <time>2025-04-15T05:26:36.539Z</time>
      </trkpt>
      <trkpt lat="50.797980" lon="12.603996">
        <ele>260.008439</ele>
        <time>2025-04-15T05:26:40.615Z</time>
      </trkpt>
      <trkpt lat="50.798020" lon="12.603883">
        <ele>259.959102</ele>
        <time>2025-04-15T05:26:41.671Z</time>
      </trkpt>
      <trkpt lat="50.798215" lon="12.603338">
        <ele>259.720536</ele>
        <time>2025-04-15T05:26:46.838Z</time>
      </trkpt>
      <trkpt lat="50.799282" lon="12.600380">
        <ele>258.218084</ele>
        <time>2025-04-15T05:27:14.278Z</time>
      </trkpt>
      <trkpt lat="50.799512" lon="12.599921">
        <ele>257.937007</ele>
        <time>2025-04-15T05:27:18.955Z</time>
      </trkpt>
      <trkpt lat="50.799717" lon="12.599576">
        <ele>257.725674</ele>
        <time>2025-04-15T05:27:22.684Z</time>
      </trkpt>
      <trkpt lat="50.799949" lon="12.599274">
        <ele>257.523966</ele>
        <time>2025-04-15T05:27:26.263Z</time>
      </trkpt>
      <trkpt lat="50.800293" lon="12.598871">
        <ele>257.236584</ele>
        <time>2025-04-15T05:27:31.639Z</time>
      </trkpt>
      <trkpt lat="50.800501" lon="12.598632">
        <ele>257.063991</ele>
        <time>2025-04-15T05:27:35.169Z</time>
      </trkpt>
      <trkpt lat="50.800799" lon="12.598290">
        <ele>256.816823</ele>
        <time>2025-04-15T05:27:40.222Z</time>
      </trkpt>
      <trkpt lat="50.801069" lon="12.597891">
        <ele>256.568732</ele>
        <time>2025-04-15T05:27:45.131Z</time>
      </trkpt>
      <trkpt lat="50.801310" lon="12.597309">
        <ele>256.273307</ele>
        <time>2025-04-15T05:27:50.855Z</time>
      </trkpt>
      <trkpt lat="50.801361" lon="12.597111">
        <ele>256.182525</ele>
        <time>2025-04-15T05:27:52.636Z</time>
      </trkpt>
      <trkpt lat="50.801456" lon="12.596688">
        <ele>255.991923</ele>
        <time>2025-04-15T05:27:56.552Z</time>
      </trkpt>
      <trkpt lat="50.801508" lon="12.596049">
        <ele>255.718374</ele>
        <time>2025-04-15T05:28:01.769Z</time>
      </trkpt>
      <trkpt lat="50.801477" lon="12.594407">
        <ele>254.891456</ele>
        <time>2025-04-15T05:28:14.334Z</time>
      </trkpt>
      <trkpt lat="50.801449" lon="12.592944">
        <ele>254.073962</ele>
        <time>2025-04-15T05:28:25.909Z</time>
      </trkpt>
      <trkpt lat="50.801512" lon="12.592109">
        <ele>253.606425</ele>
        <time>2025-04-15T05:28:32.704Z</time>
      </trkpt>
      <trkpt lat="50.801521" lon="12.592031">
        <ele>253.562539</ele>
        <time>2025-04-15T05:28:33.345Z</time>
      </trkpt>
      <trkpt lat="50.801593" lon="12.591605">
        <ele>253.318468</ele>
        <time>2025-04-15T05:28:36.853Z</time>
      </trkpt>
      <trkpt lat="50.801675" lon="12.591285">
        <ele>253.127347</ele>
        <time>2025-04-15T05:28:39.562Z</time>
      </trkpt>
      <trkpt lat="50.801857" lon="12.590752">
        <ele>252.792036</ele>
        <time>2025-04-15T05:28:44.246Z</time>
      </trkpt>
      <trkpt lat="50.801938" lon="12.590545">
        <ele>252.657282</ele>
        <time>2025-04-15T05:28:46.120Z</time>
      </trkpt>
      <trkpt lat="50.802539" lon="12.589021">
        <ele>252.051033</ele>
        <time>2025-04-15T05:29:00.103Z</time>
      </trkpt>
      <trkpt lat="50.802695" lon="12.588688">
        <ele>251.969110</ele>
        <time>2025-04-15T05:29:03.585Z</time>
      </trkpt>
      <trkpt lat="50.803026" lon="12.588157">
        <ele>251.821706</ele>
        <time>2025-04-15T05:29:10.559Z</time>
      </trkpt>
      <trkpt lat="50.803173" lon="12.587997">
        <ele>251.765909</ele>
        <time>2025-04-15T05:29:13.429Z</time>
      </trkpt>
      <trkpt lat="50.803254" lon="12.587917">
        <ele>251.736049</ele>
        <time>2025-04-15T05:29:15.006Z</time>
      </trkpt>
      <trkpt lat="50.803586" lon="12.587638">
        <ele>251.812224</ele>
        <time>2025-04-15T05:29:21.412Z</time>
      </trkpt>
      <trkpt lat="50.803950" lon="12.587378">
        <ele>251.970102</ele>
        <time>2025-04-15T05:29:28.432Z</time>
      </trkpt>
      <trkpt lat="50.804800" lon="12.586742">
        <ele>252.341796</ele>
        <time>2025-04-15T05:29:44.059Z</time>
      </trkpt>
      <trkpt lat="50.805134" lon="12.586490">
        <ele>252.367983</ele>
        <time>2025-04-15T05:29:49.600Z</time>
      </trkpt>
      <trkpt lat="50.805424" lon="12.586204">
        <ele>252.280777</ele>
        <time>2025-04-15T05:29:54.595Z</time>
      </trkpt>
      <trkpt lat="50.805724" lon="12.585776">
        <ele>252.177693</ele>
        <time>2025-04-15T05:30:00.340Z</time>
      </trkpt>
      <trkpt lat="50.805907" lon="12.585354">
        <ele>252.095152</ele>
        <time>2025-04-15T05:30:04.766Z</time>
      </trkpt>
      <trkpt lat="50.806042" lon="12.584913">
        <ele>252.016124</ele>
        <time>2025-04-15T05:30:08.922Z</time>
      </trkpt>
      <trkpt lat="50.806149" lon="12.584371">
        <ele>251.819089</ele>
        <time>2025-04-15T05:30:13.671Z</time>
      </trkpt>
      <trkpt lat="50.806252" lon="12.583863">
        <ele>251.445249</ele>
        <time>2025-04-15T05:30:17.947Z</time>
      </trkpt>
      <trkpt lat="50.806506" lon="12.583238">
        <ele>250.924554</ele>
        <time>2025-04-15T05:30:23.597Z</time>
      </trkpt>
      <trkpt lat="50.806571" lon="12.582990">
        <ele>250.736422</ele>
        <time>2025-04-15T05:30:25.610Z</time>
      </trkpt>
      <trkpt lat="50.806561" lon="12.582869">
        <ele>250.650913</ele>
        <time>2025-04-15T05:30:26.516Z</time>
      </trkpt>
      <trkpt lat="50.806436" lon="12.582470">
        <ele>250.338856</ele>
        <time>2025-04-15T05:30:29.827Z</time>
      </trkpt>
      <trkpt lat="50.806362" lon="12.581811">
        <ele>249.874578</ele>
        <time>2025-04-15T05:30:34.689Z</time>
      </trkpt>
      <trkpt lat="50.806336" lon="12.581327">
        <ele>249.551735</ele>
        <time>2025-04-15T05:30:38.156Z</time>
      </trkpt>
      <trkpt lat="50.806316" lon="12.581060">
        <ele>249.373036</ele>
        <time>2025-04-15T05:30:40.102Z</time>
      </trkpt>
      <trkpt lat="50.806170" lon="12.580448">
        <ele>248.938262</ele>
        <time>2025-04-15T05:30:44.939Z</time>
      </trkpt>
      <trkpt lat="50.806109" lon="12.580191">
        <ele>248.755800</ele>
        <time>2025-04-15T05:30:47.016Z</time>
      </trkpt>
      <trkpt lat="50.806087" lon="12.579988">
        <ele>248.618909</ele>
        <time>2025-04-15T05:30:48.602Z</time>
      </trkpt>
      <trkpt lat="50.806092" lon="12.579693">
        <ele>248.422771</ele>
        <time>2025-04-15T05:30:50.919Z</time>
      </trkpt>
      <trkpt lat="50.806105" lon="12.579330">
        <ele>248.181121</ele>
        <time>2025-04-15T05:30:53.834Z</time>
      </trkpt>
      <trkpt lat="50.806222" lon="12.578520">
        <ele>248.754957</ele>
        <time>2025-04-15T05:31:01.524Z</time>
      </trkpt>
      <trkpt lat="50.806240" lon="12.578394">
        <ele>248.888276</ele>
        <time>2025-04-15T05:31:02.952Z</time>
      </trkpt>
      <trkpt lat="50.806344" lon="12.577630">
        <ele>249.694846</ele>
        <time>2025-04-15T05:31:13.880Z</time>
      </trkpt>
      <trkpt lat="50.806438" lon="12.576613">
        <ele>250.755602</ele>
        <time>2025-04-15T05:31:30.845Z</time>
      </trkpt>
      <trkpt lat="50.806512" lon="12.576171">
        <ele>251.225190</ele>
        <time>2025-04-15T05:31:38.125Z</time>
      </trkpt>
      <trkpt lat="50.806585" lon="12.575897">
        <ele>251.528848</ele>
        <time>2025-04-15T05:31:43.123Z</time>
      </trkpt>
      <trkpt lat="50.806663" lon="12.575654">
        <ele>251.807175</ele>
        <time>2025-04-15T05:31:47.542Z</time>
      </trkpt>
      <trkpt lat="50.806877" lon="12.575222">
        <ele>252.367717</ele>
        <time>2025-04-15T05:31:56.161Z</time>
      </trkpt>
      <trkpt lat="50.806939" lon="12.575107">
        <ele>252.522085</ele>
        <time>2025-04-15T05:31:58.518Z</time>
      </trkpt>
      <trkpt lat="50.807139" lon="12.574835">
        <ele>252.948237</ele>
        <time>2025-04-15T05:32:04.559Z</time>
      </trkpt>
      <trkpt lat="50.808148" lon="12.573759">
        <ele>253.135047</ele>
        <time>2025-04-15T05:32:22.666Z</time>
      </trkpt>
      <trkpt lat="50.808707" lon="12.573269">
        <ele>252.331071</ele>
        <time>2025-04-15T05:32:29.786Z</time>
      </trkpt>
      <trkpt lat="50.809641" lon="12.572621">
        <ele>250.954115</ele>
        <time>2025-04-15T05:32:40.707Z</time>
      </trkpt>
      <trkpt lat="50.810177" lon="12.572351">
        <ele>250.136225</ele>
        <time>2025-04-15T05:32:47.287Z</time>
      </trkpt>
      <trkpt lat="50.810373" lon="12.572246">
        <ele>249.835349</ele>
        <time>2025-04-15T05:32:49.845Z</time>
      </trkpt>
      <trkpt lat="50.810643" lon="12.572116">
        <ele>249.424993</ele>
        <time>2025-04-15T05:32:53.427Z</time>
      </trkpt>
      <trkpt lat="50.811034" lon="12.571927">
        <ele>248.843646</ele>
        <time>2025-04-15T05:32:58.723Z</time>
      </trkpt>
      <trkpt lat="50.812395" lon="12.571272">
        <ele>246.907336</ele>
        <time>2025-04-15T05:33:15.059Z</time>
      </trkpt>
      <trkpt lat="50.813428" lon="12.570853">
        <ele>245.708942</ele>
        <time>2025-04-15T05:33:27.513Z</time>
      </trkpt>
      <trkpt lat="50.814588" lon="12.570405">
        <ele>244.536960</ele>
        <time>2025-04-15T05:33:42.605Z</time>
      </trkpt>
      <trkpt lat="50.816603" lon="12.569638">
        <ele>243.105161</ele>
        <time>2025-04-15T05:34:09.330Z</time>
      </trkpt>
      <trkpt lat="50.816895" lon="12.569509">
        <ele>242.867233</ele>
        <time>2025-04-15T05:34:13.128Z</time>
      </trkpt>
      <trkpt lat="50.817376" lon="12.569235">
        <ele>242.466030</ele>
        <time>2025-04-15T05:34:19.459Z</time>
      </trkpt>
      <trkpt lat="50.817759" lon="12.568945">
        <ele>242.132820</ele>
        <time>2025-04-15T05:34:24.733Z</time>
      </trkpt>
      <trkpt lat="50.818111" lon="12.568616">
        <ele>241.931669</ele>
        <time>2025-04-15T05:34:29.889Z</time>
      </trkpt>
      <trkpt lat="50.818998" lon="12.567690">
        <ele>241.461376</ele>
        <time>2025-04-15T05:34:44.228Z</time>
      </trkpt>
      <trkpt lat="50.819357" lon="12.567281">
        <ele>241.271118</ele>
        <time>2025-04-15T05:34:50.582Z</time>
      </trkpt>
      <trkpt lat="50.820400" lon="12.565934">
        <ele>240.808045</ele>
        <time>2025-04-15T05:35:09.687Z</time>
      </trkpt>
      <trkpt lat="50.820545" lon="12.565764">
        <ele>240.745972</ele>
        <time>2025-04-15T05:35:12.075Z</time>
      </trkpt>
      <trkpt lat="50.821209" lon="12.565137">
        <ele>240.262259</ele>
        <time>2025-04-15T05:35:21.825Z</time>
      </trkpt>
      <trkpt lat="50.821628" lon="12.564764">
        <ele>239.908984</ele>
        <time>2025-04-15T05:35:27.641Z</time>
      </trkpt>
      <trkpt lat="50.822389" lon="12.564032">
        <ele>239.318135</ele>
        <time>2025-04-15T05:35:39.013Z</time>
      </trkpt>
      <trkpt lat="50.822911" lon="12.563468">
        <ele>239.163703</ele>
        <time>2025-04-15T05:35:47.880Z</time>
      </trkpt>
      <trkpt lat="50.823411" lon="12.562939">
        <ele>239.016750</ele>
        <time>2025-04-15T05:35:56.733Z</time>
      </trkpt>
      <trkpt lat="50.823895" lon="12.562461">
        <ele>238.848743</ele>
        <time>2025-04-15T05:36:04.942Z</time>
      </trkpt>
      <trkpt lat="50.825760" lon="12.560695">
        <ele>237.930694</ele>
        <time>2025-04-15T05:36:33.597Z</time>
      </trkpt>
      <trkpt lat="50.826189" lon="12.560167">
        <ele>237.761752</ele>
        <time>2025-04-15T05:36:40.960Z</time>
      </trkpt>
      <trkpt lat="50.826642" lon="12.559523">
        <ele>237.572462</ele>
        <time>2025-04-15T05:36:49.462Z</time>
      </trkpt>
      <trkpt lat="50.827222" lon="12.558494">
        <ele>237.647538</ele>
        <time>2025-04-15T05:37:02.615Z</time>
      </trkpt>
      <trkpt lat="50.827692" lon="12.557531">
        <ele>237.770778</ele>
        <time>2025-04-15T05:37:14.936Z</time>
      </trkpt>
      <trkpt lat="50.827939" lon="12.557030">
        <ele>237.794969</ele>
        <time>2025-04-15T05:37:21.618Z</time>
      </trkpt>
      <trkpt lat="50.828193" lon="12.556613">
        <ele>237.714426</ele>
        <time>2025-04-15T05:37:27.338Z</time>
      </trkpt>
      <trkpt lat="50.828472" lon="12.556225">
        <ele>237.632685</ele>
        <time>2025-04-15T05:37:32.889Z</time>
      </trkpt>
      <trkpt lat="50.828539" lon="12.556159">
        <ele>237.615315</ele>
        <time>2025-04-15T05:37:34.057Z</time>
      </trkpt>
      <trkpt lat="50.828852" lon="12.555873">
        <ele>237.535768</ele>
        <time>2025-04-15T05:37:39.462Z</time>
      </trkpt>
      <trkpt lat="50.828930" lon="12.555816">
        <ele>237.516858</ele>
        <time>2025-04-15T05:37:40.677Z</time>
      </trkpt>
      <trkpt lat="50.829160" lon="12.555773">
        <ele>237.465880</ele>
        <time>2025-04-15T05:37:43.707Z</time>
      </trkpt>
      <trkpt lat="50.829579" lon="12.555796">
        <ele>237.102704</ele>
        <time>2025-04-15T05:37:48.641Z</time>
      </trkpt>
      <trkpt lat="50.829759" lon="12.555819">
        <ele>236.841871</ele>
        <time>2025-04-15T05:37:50.677Z</time>
      </trkpt>
      <trkpt lat="50.829995" lon="12.555863">
        <ele>236.498644</ele>
        <time>2025-04-15T05:37:53.343Z</time>
      </trkpt>
      <trkpt lat="50.830524" lon="12.555832">
        <ele>235.734047</ele>
        <time>2025-04-15T05:37:59.352Z</time>
      </trkpt>
      <trkpt lat="50.830884" lon="12.555673">
        <ele>235.194219</ele>
        <time>2025-04-15T05:38:03.572Z</time>
      </trkpt>
      <trkpt lat="50.831343" lon="12.555380">
        <ele>234.713787</ele>
        <time>2025-04-15T05:38:09.210Z</time>
      </trkpt>
      <trkpt lat="50.831674" lon="12.555010">
        <ele>234.526166</ele>
        <time>2025-04-15T05:38:14.465Z</time>
      </trkpt>
      <trkpt lat="50.831845" lon="12.554739">
        <ele>234.414132</ele>
        <time>2025-04-15T05:38:17.878Z</time>
      </trkpt>
      <trkpt lat="50.832264" lon="12.553967">
        <ele>234.116439</ele>
        <time>2025-04-15T05:38:27.486Z</time>
      </trkpt>
      <trkpt lat="50.832515" lon="12.553323">
        <ele>233.933405</ele>
        <time>2025-04-15T05:38:34.547Z</time>
      </trkpt>
      <trkpt lat="50.832685" lon="12.552958">
        <ele>233.853446</ele>
        <time>2025-04-15T05:38:38.688Z</time>
      </trkpt>
      <trkpt lat="50.832839" lon="12.552786">
        <ele>233.800837</ele>
        <time>2025-04-15T05:38:41.378Z</time>
      </trkpt>
      <trkpt lat="50.832955" lon="12.552704">
        <ele>233.765374</ele>
        <time>2025-04-15T05:38:43.146Z</time>
      </trkpt>
      <trkpt lat="50.833149" lon="12.552647">
        <ele>233.710293</ele>
        <time>2025-04-15T05:38:45.904Z</time>
      </trkpt>
      <trkpt lat="50.833512" lon="12.552657">
        <ele>233.608945</ele>
        <time>2025-04-15T05:38:50.891Z</time>
      </trkpt>
      <trkpt lat="50.833660" lon="12.552636">
        <ele>233.567464</ele>
        <time>2025-04-15T05:38:52.873Z</time>
      </trkpt>
      <trkpt lat="50.833883" lon="12.552525">
        <ele>233.502209</ele>
        <time>2025-04-15T05:38:55.942Z</time>
      </trkpt>
      <trkpt lat="50.834068" lon="12.552382">
        <ele>233.373535</ele>
        <time>2025-04-15T05:38:58.581Z</time>
      </trkpt>
      <trkpt lat="50.834175" lon="12.552221">
        <ele>233.266663</ele>
        <time>2025-04-15T05:39:00.472Z</time>
      </trkpt>
      <trkpt lat="50.834307" lon="12.552002">
        <ele>233.128236</ele>
        <time>2025-04-15T05:39:02.883Z</time>
      </trkpt>
      <trkpt lat="50.834413" lon="12.551754">
        <ele>232.991305</ele>
        <time>2025-04-15T05:39:05.255Z</time>
      </trkpt>
      <trkpt lat="50.834443" lon="12.551676">
        <ele>232.949545</ele>
        <time>2025-04-15T05:39:05.985Z</time>
      </trkpt>
      <trkpt lat="50.834858" lon="12.551982">
        <ele>232.618094</ele>
        <time>2025-04-15T05:39:11.713Z</time>
      </trkpt>
      <trkpt lat="50.835051" lon="12.552083">
        <ele>232.470923</ele>
        <time>2025-04-15T05:39:14.273Z</time>
      </trkpt>
      <trkpt lat="50.835315" lon="12.552167">
        <ele>232.275961</ele>
        <time>2025-04-15T05:39:17.661Z</time>
      </trkpt>
      <trkpt lat="50.835724" lon="12.552198">
        <ele>232.120277</ele>
        <time>2025-04-15T05:39:22.974Z</time>
      </trkpt>
      <trkpt lat="50.835974" lon="12.552168">
        <ele>232.061809</ele>
        <time>2025-04-15T05:39:26.295Z</time>
      </trkpt>
      <trkpt lat="50.836493" lon="12.551955">
        <ele>231.936779</ele>
        <time>2025-04-15T05:39:33.857Z</time>
      </trkpt>
      <trkpt lat="50.836678" lon="12.551830">
        <ele>231.889873</ele>
        <time>2025-04-15T05:39:36.848Z</time>
      </trkpt>
      <trkpt lat="50.837031" lon="12.551505">
        <ele>231.794649</ele>
        <time>2025-04-15T05:39:43.000Z</time>
      </trkpt>
      <trkpt lat="50.837435" lon="12.550961">
        <ele>231.754890</ele>
        <time>2025-04-15T05:39:50.904Z</time>
      </trkpt>
      <trkpt lat="50.837620" lon="12.550660">
        <ele>231.746687</ele>
        <time>2025-04-15T05:39:54.845Z</time>
      </trkpt>
      <trkpt lat="50.838107" lon="12.549627">
        <ele>231.721511</ele>
        <time>2025-04-15T05:40:06.814Z</time>
      </trkpt>
      <trkpt lat="50.838872" lon="12.547801">
        <ele>231.769342</ele>
        <time>2025-04-15T05:40:27.182Z</time>
      </trkpt>
      <trkpt lat="50.839448" lon="12.546613">
        <ele>231.872545</ele>
        <time>2025-04-15T05:40:41.620Z</time>
      </trkpt>
      <trkpt lat="50.840035" lon="12.545613">
        <ele>232.120121</ele>
        <time>2025-04-15T05:40:55.365Z</time>
      </trkpt>
      <trkpt lat="50.840536" lon="12.544865">
        <ele>232.317843</ele>
        <time>2025-04-15T05:41:06.373Z</time>
      </trkpt>
      <trkpt lat="50.840642" lon="12.544719">
        <ele>232.403098</ele>
        <time>2025-04-15T05:41:08.598Z</time>
      </trkpt>
      <trkpt lat="50.840812" lon="12.544501">
        <ele>232.548384</ele>
        <time>2025-04-15T05:41:12.108Z</time>
      </trkpt>
      <trkpt lat="50.841521" lon="12.543661">
        <ele>233.136483</ele>
        <time>2025-04-15T05:41:27.223Z</time>
      </trkpt>
      <trkpt lat="50.841686" lon="12.543488">
        <ele>233.267914</ele>
        <time>2025-04-15T05:41:30.825Z</time>
      </trkpt>
      <trkpt lat="50.841760" lon="12.543411">
        <ele>233.326722</ele>
        <time>2025-04-15T05:41:32.513Z</time>
      </trkpt>
      <trkpt lat="50.842189" lon="12.543049">
        <ele>233.701882</ele>
        <time>2025-04-15T05:41:41.950Z</time>
      </trkpt>
      <trkpt lat="50.842477" lon="12.542901">
        <ele>233.983280</ele>
        <time>2025-04-15T05:41:48.084Z</time>
      </trkpt>
      <trkpt lat="50.842810" lon="12.542807">
        <ele>234.297638</ele>
        <time>2025-04-15T05:41:54.936Z</time>
      </trkpt>
      <trkpt lat="50.843093" lon="12.542796">
        <ele>234.560730</ele>
        <time>2025-04-15T05:42:00.363Z</time>
      </trkpt>
      <trkpt lat="50.843626" lon="12.542790">
        <ele>235.056097</ele>
        <time>2025-04-15T05:42:09.911Z</time>
      </trkpt>
      <trkpt lat="50.844403" lon="12.542791">
        <ele>235.484188</ele>
        <time>2025-04-15T05:42:22.115Z</time>
      </trkpt>
      <trkpt lat="50.844887" lon="12.542794">
        <ele>235.709085</ele>
        <time>2025-04-15T05:42:29.429Z</time>
      </trkpt>
      <trkpt lat="50.845137" lon="12.542733">
        <ele>235.826621</ele>
        <time>2025-04-15T05:42:33.391Z</time>
      </trkpt>
      <trkpt lat="50.845363" lon="12.542736">
        <ele>235.931638</ele>
        <time>2025-04-15T05:42:37.159Z</time>
      </trkpt>
      <trkpt lat="50.845501" lon="12.542742">
        <ele>235.995785</ele>
        <time>2025-04-15T05:42:39.557Z</time>
      </trkpt>
      <trkpt lat="50.845848" lon="12.542753">
        <ele>236.658869</ele>
        <time>2025-04-15T05:42:46.299Z</time>
      </trkpt>
      <trkpt lat="50.845861" lon="12.542437">
        <ele>237.107383</ele>
        <time>2025-04-15T05:42:50.689Z</time>
      </trkpt>
      <trkpt lat="50.845959" lon="12.541987">
        <ele>237.781583</ele>
        <time>2025-04-15T05:42:57.924Z</time>
      </trkpt>
      <trkpt lat="50.846065" lon="12.541619">
        <ele>238.354470</ele>
        <time>2025-04-15T05:43:04.467Z</time>
      </trkpt>
      <trkpt lat="50.846239" lon="12.541021">
        <ele>239.287046</ele>
        <time>2025-04-15T05:43:15.307Z</time>
      </trkpt>
      <trkpt lat="50.846531" lon="12.539962">
        <ele>241.280084</ele>
        <time>2025-04-15T05:43:35.047Z</time>
      </trkpt>
      <trkpt lat="50.846675" lon="12.539575">
        <ele>242.178971</ele>
        <time>2025-04-15T05:43:42.597Z</time>
      </trkpt>
      <trkpt lat="50.846795" lon="12.539462">
        <ele>242.621429</ele>
        <time>2025-04-15T05:43:46.172Z</time>
      </trkpt>
      <trkpt lat="50.846937" lon="12.539437">
        <ele>243.074237</ele>
        <time>2025-04-15T05:43:49.909Z</time>
      </trkpt>
      <trkpt lat="50.847394" lon="12.539535">
        <ele>244.535811</ele>
        <time>2025-04-15T05:44:02.455Z</time>
      </trkpt>
      <trkpt lat="50.847494" lon="12.539499">
        <ele>244.860822</ele>
        <time>2025-04-15T05:44:05.294Z</time>
      </trkpt>
      <trkpt lat="50.847555" lon="12.539426">
        <ele>245.103129</ele>
        <time>2025-04-15T05:44:07.437Z</time>
      </trkpt>
      <trkpt lat="50.847714" lon="12.539118">
        <ele>245.962910</ele>
        <time>2025-04-15T05:44:14.689Z</time>
      </trkpt>
      <trkpt lat="50.847786" lon="12.538979">
        <ele>246.488375</ele>
        <time>2025-04-15T05:44:18.133Z</time>
      </trkpt>
      <trkpt lat="50.848005" lon="12.538433">
        <ele>248.378898</ele>
        <time>2025-04-15T05:44:30.758Z</time>
      </trkpt>
      <trkpt lat="50.848056" lon="12.538230">
        <ele>249.017431</ele>
        <time>2025-04-15T05:44:35.090Z</time>
      </trkpt>
      <trkpt lat="50.848157" lon="12.537576">
        <ele>250.985162</ele>
        <time>2025-04-15T05:44:49.281Z</time>
      </trkpt>
      <trkpt lat="50.848327" lon="12.536925">
        <ele>253.044087</ele>
        <time>2025-04-15T05:45:05.370Z</time>
      </trkpt>
      <trkpt lat="50.848377" lon="12.536645">
        <ele>253.894512</ele>
        <time>2025-04-15T05:45:12.079Z</time>
      </trkpt>
      <trkpt lat="50.848387" lon="12.536549">
        <ele>254.218294</ele>
        <time>2025-04-15T05:45:14.315Z</time>
      </trkpt>
      <trkpt lat="50.848402" lon="12.535380">
        <ele>259.097894</ele>
        <time>2025-04-15T05:45:42.562Z</time>
      </trkpt>
      <trkpt lat="50.848450" lon="12.534881">
        <ele>261.204401</ele>
        <time>2025-04-15T05:45:55.669Z</time>
      </trkpt>
      <trkpt lat="50.848582" lon="12.534371">
        <ele>263.504675</ele>
        <time>2025-04-15T05:46:10.605Z</time>
      </trkpt>
      <trkpt lat="50.848655" lon="12.534209">
        <ele>264.335277</ele>
        <time>2025-04-15T05:46:16.220Z</time>
      </trkpt>
      <trkpt lat="50.848830" lon="12.533948">
        <ele>265.924121</ele>
        <time>2025-04-15T05:46:27.108Z</time>
      </trkpt>
      <trkpt lat="50.849006" lon="12.533781">
        <ele>267.543951</ele>
        <time>2025-04-15T05:46:36.838Z</time>
      </trkpt>
      <trkpt lat="50.849424" lon="12.533539">
        <ele>271.080256</ele>
        <time>2025-04-15T05:46:58.445Z</time>
      </trkpt>
      <trkpt lat="50.850091" lon="12.533147">
        <ele>276.733237</ele>
        <time>2025-04-15T05:47:33.136Z</time>
      </trkpt>
      <trkpt lat="50.850171" lon="12.533097">
        <ele>277.416605</ele>
        <time>2025-04-15T05:47:37.301Z</time>
      </trkpt>
      <trkpt lat="50.850553" lon="12.532801">
        <ele>280.508083</ele>
        <time>2025-04-15T05:47:57.246Z</time>
      </trkpt>
      <trkpt lat="50.850718" lon="12.532602">
        <ele>281.258932</ele>
        <time>2025-04-15T05:48:06.072Z</time>
      </trkpt>
      <trkpt lat="50.851005" lon="12.532171">
        <ele>282.690802</ele>
        <time>2025-04-15T05:48:20.008Z</time>
      </trkpt>
      <trkpt lat="50.851152" lon="12.531914">
        <ele>283.483480</ele>
        <time>2025-04-15T05:48:26.301Z</time>
      </trkpt>
      <trkpt lat="50.851289" lon="12.531787">
        <ele>284.058192</ele>
        <time>2025-04-15T05:48:30.327Z</time>
      </trkpt>
      <trkpt lat="50.851362" lon="12.531803">
        <ele>284.325007</ele>
        <time>2025-04-15T05:48:32.069Z</time>
      </trkpt>
      <trkpt lat="50.851426" lon="12.531875">
        <ele>284.609216</ele>
        <time>2025-04-15T05:48:33.850Z</time>
      </trkpt>
      <trkpt lat="50.851500" lon="12.532013">
        <ele>285.023073</ele>
        <time>2025-04-15T05:48:36.401Z</time>
      </trkpt>
      <trkpt lat="50.851670" lon="12.532482">
        <ele>286.259208</ele>
        <time>2025-04-15T05:48:43.531Z</time>
      </trkpt>
      <trkpt lat="50.851834" lon="12.532780">
        <ele>286.733337</ele>
        <time>2025-04-15T05:48:48.082Z</time>
      </trkpt>
      <trkpt lat="50.851925" lon="12.532865">
        <ele>286.687450</ele>
        <time>2025-04-15T05:48:49.817Z</time>
      </trkpt>
      <trkpt lat="50.852053" lon="12.532923">
        <ele>286.629623</ele>
        <time>2025-04-15T05:48:51.830Z</time>
      </trkpt>
      <trkpt lat="50.852160" lon="12.532929">
        <ele>286.583118</ele>
        <time>2025-04-15T05:48:53.342Z</time>
      </trkpt>
      <trkpt lat="50.852441" lon="12.532858">
        <ele>286.459522</ele>
        <time>2025-04-15T05:48:57.158Z</time>
      </trkpt>
      <trkpt lat="50.852937" lon="12.532590">
        <ele>286.231893</ele>
        <time>2025-04-15T05:49:04.131Z</time>
      </trkpt>
      <trkpt lat="50.853208" lon="12.532374">
        <ele>286.100122</ele>
        <time>2025-04-15T05:49:08.118Z</time>
      </trkpt>
      <trkpt lat="50.854879" lon="12.530776">
        <ele>282.697270</ele>
        <time>2025-04-15T05:49:29.419Z</time>
      </trkpt>
      <trkpt lat="50.855234" lon="12.530586">
        <ele>282.277803</ele>
        <time>2025-04-15T05:49:33.565Z</time>
      </trkpt>
      <trkpt lat="50.855553" lon="12.530535">
        <ele>281.990591</ele>
        <time>2025-04-15T05:49:37.299Z</time>
      </trkpt>
      <trkpt lat="50.855683" lon="12.530560">
        <ele>281.873282</ele>
        <time>2025-04-15T05:49:38.876Z</time>
      </trkpt>
      <trkpt lat="50.855927" lon="12.530721">
        <ele>281.636503</ele>
        <time>2025-04-15T05:49:42.181Z</time>
      </trkpt>
      <trkpt lat="50.856546" lon="12.531319">
        <ele>280.987022</ele>
        <time>2025-04-15T05:49:52.340Z</time>
      </trkpt>
      <trkpt lat="50.857376" lon="12.532193">
        <ele>280.479300</ele>
        <time>2025-04-15T05:50:06.764Z</time>
      </trkpt>
      <trkpt lat="50.857803" lon="12.532569">
        <ele>280.243515</ele>
        <time>2025-04-15T05:50:12.962Z</time>
      </trkpt>
      <trkpt lat="50.858047" lon="12.532695">
        <ele>280.119652</ele>
        <time>2025-04-15T05:50:16.085Z</time>
      </trkpt>
      <trkpt lat="50.858985" lon="12.532970">
        <ele>279.426345</ele>
        <time>2025-04-15T05:50:27.883Z</time>
      </trkpt>
      <trkpt lat="50.859978" lon="12.533459">
        <ele>278.613269</ele>
        <time>2025-04-15T05:50:41.580Z</time>
      </trkpt>
      <trkpt lat="50.860876" lon="12.533871">
        <ele>277.643396</ele>
        <time>2025-04-15T05:50:53.202Z</time>
      </trkpt>
      <trkpt lat="50.861161" lon="12.533878">
        <ele>277.347699</ele>
        <time>2025-04-15T05:50:56.485Z</time>
      </trkpt>
      <trkpt lat="50.861439" lon="12.533819">
        <ele>277.056723</ele>
        <time>2025-04-15T05:50:59.689Z</time>
      </trkpt>
      <trkpt lat="50.861625" lon="12.533860">
        <ele>276.861906</ele>
        <time>2025-04-15T05:51:01.829Z</time>
      </trkpt>
      <trkpt lat="50.861815" lon="12.534018">
        <ele>276.732989</ele>
        <time>2025-04-15T05:51:04.268Z</time>
      </trkpt>
      <trkpt lat="50.862779" lon="12.535105">
        <ele>276.128869</ele>
        <time>2025-04-15T05:51:19.340Z</time>
      </trkpt>
      <trkpt lat="50.863325" lon="12.535703">
        <ele>276.048225</ele>
        <time>2025-04-15T05:51:30.529Z</time>
      </trkpt>
      <trkpt lat="50.863682" lon="12.536021">
        <ele>276.306736</ele>
        <time>2025-04-15T05:51:37.880Z</time>
      </trkpt>
      <trkpt lat="50.863856" lon="12.536148">
        <ele>276.427659</ele>
        <time>2025-04-15T05:51:41.404Z</time>
      </trkpt>
      <trkpt lat="50.864281" lon="12.536372">
        <ele>276.710373</ele>
        <time>2025-04-15T05:51:49.325Z</time>
      </trkpt>
      <trkpt lat="50.864847" lon="12.536554">
        <ele>277.044088</ele>
        <time>2025-04-15T05:51:59.564Z</time>
      </trkpt>
      <trkpt lat="50.865300" lon="12.536771">
        <ele>277.073182</ele>
        <time>2025-04-15T05:52:07.702Z</time>
      </trkpt>
      <trkpt lat="50.865556" lon="12.536965">
        <ele>277.090627</ele>
        <time>2025-04-15T05:52:12.404Z</time>
      </trkpt>
      <trkpt lat="50.865874" lon="12.537287">
        <ele>277.113828</ele>
        <time>2025-04-15T05:52:18.276Z</time>
      </trkpt>
      <trkpt lat="50.867387" lon="12.539003">
        <ele>276.426615</ele>
        <time>2025-04-15T05:52:42.143Z</time>
      </trkpt>
      <trkpt lat="50.867901" lon="12.539412">
        <ele>276.098591</ele>
        <time>2025-04-15T05:52:49.735Z</time>
      </trkpt>
      <trkpt lat="50.868176" lon="12.539552">
        <ele>275.987715</ele>
        <time>2025-04-15T05:52:53.817Z</time>
      </trkpt>
      <trkpt lat="50.869901" lon="12.540084">
        <ele>274.796273</ele>
        <time>2025-04-15T05:53:18.513Z</time>
      </trkpt>
      <trkpt lat="50.871309" lon="12.540275">
        <ele>271.594522</ele>
        <time>2025-04-15T05:53:33.462Z</time>
      </trkpt>
      <trkpt lat="50.871535" lon="12.540185">
        <ele>270.843398</ele>
        <time>2025-04-15T05:53:35.763Z</time>
      </trkpt>
      <trkpt lat="50.872275" lon="12.539627">
        <ele>267.489983</ele>
        <time>2025-04-15T05:53:43.666Z</time>
      </trkpt>
      <trkpt lat="50.872710" lon="12.539364">
        <ele>265.584817</ele>
        <time>2025-04-15T05:53:48.097Z</time>
      </trkpt>
      <trkpt lat="50.873050" lon="12.539291">
        <ele>264.180832</ele>
        <time>2025-04-15T05:53:51.416Z</time>
      </trkpt>
      <trkpt lat="50.873248" lon="12.539320">
        <ele>263.596237</ele>
        <time>2025-04-15T05:53:53.371Z</time>
      </trkpt>
      <trkpt lat="50.873439" lon="12.539400">
        <ele>263.088340</ele>
        <time>2025-04-15T05:53:55.337Z</time>
      </trkpt>
      <trkpt lat="50.873606" lon="12.539518">
        <ele>262.618262</ele>
        <time>2025-04-15T05:53:57.184Z</time>
      </trkpt>
      <trkpt lat="50.873764" lon="12.539686">
        <ele>262.129102</ele>
        <time>2025-04-15T05:53:59.136Z</time>
      </trkpt>
      <trkpt lat="50.873939" lon="12.539966">
        <ele>261.489770</ele>
        <time>2025-04-15T05:54:01.743Z</time>
      </trkpt>
      <trkpt lat="50.874899" lon="12.542125">
        <ele>258.273909</ele>
        <time>2025-04-15T05:54:20.735Z</time>
      </trkpt>
      <trkpt lat="50.874982" lon="12.542296">
        <ele>258.097572</ele>
        <time>2025-04-15T05:54:22.325Z</time>
      </trkpt>
      <trkpt lat="50.875340" lon="12.542842">
        <ele>257.453978</ele>
        <time>2025-04-15T05:54:28.189Z</time>
      </trkpt>
      <trkpt lat="50.875410" lon="12.542948">
        <ele>257.328565</ele>
        <time>2025-04-15T05:54:29.347Z</time>
      </trkpt>
      <trkpt lat="50.875569" lon="12.543133">
        <ele>257.073059</ele>
        <time>2025-04-15T05:54:31.764Z</time>
      </trkpt>
      <trkpt lat="50.875731" lon="12.543245">
        <ele>257.116763</ele>
        <time>2025-04-15T05:54:34.010Z</time>
      </trkpt>
      <trkpt lat="50.875820" lon="12.543262">
        <ele>257.171432</ele>
        <time>2025-04-15T05:54:35.182Z</time>
      </trkpt>
      <trkpt lat="50.875894" lon="12.543275">
        <ele>257.216837</ele>
        <time>2025-04-15T05:54:36.187Z</time>
      </trkpt>
      <trkpt lat="50.876089" lon="12.543295">
        <ele>257.336005</ele>
        <time>2025-04-15T05:54:38.924Z</time>
      </trkpt>
      <trkpt lat="50.876210" lon="12.543308">
        <ele>257.409965</ele>
        <time>2025-04-15T05:54:40.712Z</time>
      </trkpt>
      <trkpt lat="50.876355" lon="12.543322">
        <ele>257.498556</ele>
        <time>2025-04-15T05:54:43.013Z</time>
      </trkpt>
      <trkpt lat="50.876556" lon="12.543308">
        <ele>257.621253</ele>
        <time>2025-04-15T05:54:46.498Z</time>
      </trkpt>
      <trkpt lat="50.877233" lon="12.542737">
        <ele>258.088944</ele>
        <time>2025-04-15T05:55:02.360Z</time>
      </trkpt>
      <trkpt lat="50.877453" lon="12.542530">
        <ele>258.401664</ele>
        <time>2025-04-15T05:55:08.174Z</time>
      </trkpt>
      <trkpt lat="50.877780" lon="12.542087">
        <ele>259.010636</ele>
        <time>2025-04-15T05:55:18.024Z</time>
      </trkpt>
      <trkpt lat="50.878677" lon="12.540873">
        <ele>260.673707</ele>
        <time>2025-04-15T05:55:42.052Z</time>
      </trkpt>
      <trkpt lat="50.878904" lon="12.540650">
        <ele>260.730415</ele>
        <time>2025-04-15T05:55:46.465Z</time>
      </trkpt>
      <trkpt lat="50.882164" lon="12.539440">
        <ele>261.235778</ele>
        <time>2025-04-15T05:56:36.069Z</time>
      </trkpt>
      <trkpt lat="50.882668" lon="12.539320">
        <ele>261.609491</ele>
        <time>2025-04-15T05:56:45.345Z</time>
      </trkpt>
      <trkpt lat="50.883052" lon="12.539311">
        <ele>261.891095</ele>
        <time>2025-04-15T05:56:52.671Z</time>
      </trkpt>
      <trkpt lat="50.884504" lon="12.539466">
        <ele>262.406695</ele>
        <time>2025-04-15T05:57:18.743Z</time>
      </trkpt>
      <trkpt lat="50.884953" lon="12.539466">
        <ele>262.304444</ele>
        <time>2025-04-15T05:57:25.151Z</time>
      </trkpt>
      <trkpt lat="50.885408" lon="12.539380">
        <ele>262.200092</ele>
        <time>2025-04-15T05:57:31.128Z</time>
      </trkpt>
      <trkpt lat="50.890124" lon="12.538222">
        <ele>254.873941</ele>
        <time>2025-04-15T05:58:26.154Z</time>
      </trkpt>
      <trkpt lat="50.890181" lon="12.538212">
        <ele>254.740066</ele>
        <time>2025-04-15T05:58:26.771Z</time>
      </trkpt>
      <trkpt lat="50.890512" lon="12.538155">
        <ele>253.962828</ele>
        <time>2025-04-15T05:58:30.297Z</time>
      </trkpt>
      <trkpt lat="50.891083" lon="12.538183">
        <ele>252.598536</ele>
        <time>2025-04-15T05:58:36.105Z</time>
      </trkpt>
      <trkpt lat="50.891143" lon="12.538146">
        <ele>252.351171</ele>
        <time>2025-04-15T05:58:36.740Z</time>
      </trkpt>
      <trkpt lat="50.891193" lon="12.538087">
        <ele>252.111679</ele>
        <time>2025-04-15T05:58:37.350Z</time>
      </trkpt>
      <trkpt lat="50.891245" lon="12.537912">
        <ele>251.642829</ele>
        <time>2025-04-15T05:58:38.552Z</time>
      </trkpt>
      <trkpt lat="50.891268" lon="12.537577">
        <ele>250.826096</ele>
        <time>2025-04-15T05:58:40.618Z</time>
      </trkpt>
      <trkpt lat="50.891314" lon="12.537423">
        <ele>250.413115</ele>
        <time>2025-04-15T05:58:41.646Z</time>
      </trkpt>
      <trkpt lat="50.891354" lon="12.537370">
        <ele>250.212810</ele>
        <time>2025-04-15T05:58:42.149Z</time>
      </trkpt>
      <trkpt lat="50.891666" lon="12.537246">
        <ele>248.976918</ele>
        <time>2025-04-15T05:58:45.248Z</time>
      </trkpt>
      <trkpt lat="50.891746" lon="12.537213">
        <ele>248.659299</ele>
        <time>2025-04-15T05:58:46.054Z</time>
      </trkpt>
      <trkpt lat="50.891839" lon="12.537178">
        <ele>248.292035</ele>
        <time>2025-04-15T05:58:46.980Z</time>
      </trkpt>
      <trkpt lat="50.892122" lon="12.537071">
        <ele>247.174170</ele>
        <time>2025-04-15T05:58:49.832Z</time>
      </trkpt>
      <trkpt lat="50.892256" lon="12.537078">
        <ele>246.659024</ele>
        <time>2025-04-15T05:58:51.130Z</time>
      </trkpt>
      <trkpt lat="50.892409" lon="12.537208">
        <ele>245.992043</ele>
        <time>2025-04-15T05:58:52.817Z</time>
      </trkpt>
      <trkpt lat="50.892823" lon="12.537913">
        <ele>245.338165</ele>
        <time>2025-04-15T05:58:58.975Z</time>
      </trkpt>
      <trkpt lat="50.892923" lon="12.538002">
        <ele>245.248777</ele>
        <time>2025-04-15T05:59:00.232Z</time>
      </trkpt>
      <trkpt lat="50.893021" lon="12.537986">
        <ele>245.171987</ele>
        <time>2025-04-15T05:59:01.325Z</time>
      </trkpt>
      <trkpt lat="50.893106" lon="12.537962">
        <ele>245.104691</ele>
        <time>2025-04-15T05:59:02.307Z</time>
      </trkpt>
      <trkpt lat="50.893498" lon="12.537821">
        <ele>244.791382</ele>
        <time>2025-04-15T05:59:07.983Z</time>
      </trkpt>
      <trkpt lat="50.893592" lon="12.537780">
        <ele>244.715391</ele>
        <time>2025-04-15T05:59:09.610Z</time>
      </trkpt>
      <trkpt lat="50.893647" lon="12.537739">
        <ele>244.668019</ele>
        <time>2025-04-15T05:59:10.735Z</time>
      </trkpt>
      <trkpt lat="50.894019" lon="12.537463">
        <ele>244.452854</ele>
        <time>2025-04-15T05:59:19.159Z</time>
      </trkpt>
      <trkpt lat="50.894401" lon="12.537192">
        <ele>246.263773</ele>
        <time>2025-04-15T05:59:30.600Z</time>
      </trkpt>
      <trkpt lat="50.896491" lon="12.535543">
        <ele>256.578606</ele>
        <time>2025-04-15T06:00:53.459Z</time>
      </trkpt>
      <trkpt lat="50.896859" lon="12.535413">
        <ele>258.292454</ele>
        <time>2025-04-15T06:01:05.404Z</time>
      </trkpt>
      <trkpt lat="50.897096" lon="12.535385">
        <ele>259.372778</ele>
        <time>2025-04-15T06:01:12.498Z</time>
      </trkpt>
      <trkpt lat="50.897913" lon="12.535591">
        <ele>262.547456</ele>
        <time>2025-04-15T06:01:35.970Z</time>
      </trkpt>
      <trkpt lat="50.898255" lon="12.535580">
        <ele>263.778252</ele>
        <time>2025-04-15T06:01:45.712Z</time>
      </trkpt>
      <trkpt lat="50.899193" lon="12.535294">
        <ele>266.845491</ele>
        <time>2025-04-15T06:02:15.452Z</time>
      </trkpt>
      <trkpt lat="50.899573" lon="12.534980">
        <ele>267.031673</ele>
        <time>2025-04-15T06:02:26.717Z</time>
      </trkpt>
      <trkpt lat="50.899696" lon="12.534954">
        <ele>267.085588</ele>
        <time>2025-04-15T06:02:29.531Z</time>
      </trkpt>
      <trkpt lat="50.899806" lon="12.534981">
        <ele>267.133952</ele>
        <time>2025-04-15T06:02:31.876Z</time>
      </trkpt>
      <trkpt lat="50.899920" lon="12.535042">
        <ele>267.186228</ele>
        <time>2025-04-15T06:02:34.179Z</time>
      </trkpt>
      <trkpt lat="50.899594" lon="12.536334">
        <ele>267.567551</ele>
        <time>2025-04-15T06:02:44.760Z</time>
      </trkpt>
      <trkpt lat="50.899389" lon="12.536983">
        <ele>265.839103</ele>
        <time>2025-04-15T06:02:49.218Z</time>
      </trkpt>
      <trkpt lat="50.899317" lon="12.537143">
        <ele>265.347257</ele>
        <time>2025-04-15T06:02:50.412Z</time>
      </trkpt>
      <trkpt lat="50.898850" lon="12.538194">
        <ele>262.130086</ele>
        <time>2025-04-15T06:02:58.169Z</time>
      </trkpt>
      <trkpt lat="50.896542" lon="12.543165">
        <ele>245.804159</ele>
        <time>2025-04-15T06:03:35.885Z</time>
      </trkpt>
      <trkpt lat="50.896332" lon="12.543625">
        <ele>244.582836</ele>
        <time>2025-04-15T06:03:39.291Z</time>
      </trkpt>
      <trkpt lat="50.895849" lon="12.544587">
        <ele>242.307629</ele>
        <time>2025-04-15T06:03:46.792Z</time>
      </trkpt>
      <trkpt lat="50.895622" lon="12.544952">
        <ele>241.359121</ele>
        <time>2025-04-15T06:03:50.121Z</time>
      </trkpt>
      <trkpt lat="50.895247" lon="12.545344">
        <ele>240.041361</ele>
        <time>2025-04-15T06:03:55.251Z</time>
      </trkpt>
      <trkpt lat="50.895054" lon="12.545520">
        <ele>240.645496</ele>
        <time>2025-04-15T06:03:58.944Z</time>
      </trkpt>
      <trkpt lat="50.894852" lon="12.545652">
        <ele>241.377925</ele>
        <time>2025-04-15T06:04:03.618Z</time>
      </trkpt>
      <trkpt lat="50.894727" lon="12.545730">
        <ele>241.828251</ele>
        <time>2025-04-15T06:04:06.919Z</time>
      </trkpt>
      <trkpt lat="50.894574" lon="12.545801">
        <ele>242.362673</ele>
        <time>2025-04-15T06:04:11.261Z</time>
      </trkpt>
      <trkpt lat="50.894436" lon="12.545866">
        <ele>242.845275</ele>
        <time>2025-04-15T06:04:15.626Z</time>
      </trkpt>
      <trkpt lat="50.893961" lon="12.546390">
        <ele>244.785170</ele>
        <time>2025-04-15T06:04:36.307Z</time>
      </trkpt>
      <trkpt lat="50.893735" lon="12.546676">
        <ele>245.754554</ele>
        <time>2025-04-15T06:04:47.064Z</time>
      </trkpt>
      <trkpt lat="50.893379" lon="12.547127">
        <ele>247.272608</ele>
        <time>2025-04-15T06:05:03.572Z</time>
      </trkpt>
      <trkpt lat="50.892991" lon="12.547630">
        <ele>248.940197</ele>
        <time>2025-04-15T06:05:19.572Z</time>
      </trkpt>
      <trkpt lat="50.892208" lon="12.548508">
        <ele>252.020994</ele>
        <time>2025-04-15T06:05:42.401Z</time>
      </trkpt>
      <trkpt lat="50.891850" lon="12.548807">
        <ele>252.324617</ele>
        <time>2025-04-15T06:05:49.447Z</time>
      </trkpt>
      <trkpt lat="50.890565" lon="12.549765">
        <ele>253.511155</ele>
        <time>2025-04-15T06:06:12.478Z</time>
      </trkpt>
      <trkpt lat="50.890309" lon="12.549998">
        <ele>254.252368</ele>
        <time>2025-04-15T06:06:17.812Z</time>
      </trkpt>
      <trkpt lat="50.889728" lon="12.550680">
        <ele>256.067638</ele>
        <time>2025-04-15T06:06:34.018Z</time>
      </trkpt>
      <trkpt lat="50.889357" lon="12.551244">
        <ele>257.358329</ele>
        <time>2025-04-15T06:06:48.947Z</time>
      </trkpt>
      <trkpt lat="50.888311" lon="12.553472">
        <ele>264.867012</ele>
        <time>2025-04-15T06:07:50.863Z</time>
      </trkpt>
      <trkpt lat="50.888295" lon="12.553502">
        <ele>264.978819</ele>
        <time>2025-04-15T06:07:51.636Z</time>
      </trkpt>
      <trkpt lat="50.887184" lon="12.555782">
        <ele>270.147026</ele>
        <time>2025-04-15T06:08:37.899Z</time>
      </trkpt>
      <trkpt lat="50.886862" lon="12.556465">
        <ele>271.215068</ele>
        <time>2025-04-15T06:08:49.184Z</time>
      </trkpt>
      <trkpt lat="50.886429" lon="12.557616">
        <ele>272.577020</ele>
        <time>2025-04-15T06:09:06.378Z</time>
      </trkpt>
      <trkpt lat="50.886361" lon="12.557787">
        <ele>272.782452</ele>
        <time>2025-04-15T06:09:08.932Z</time>
      </trkpt>
      <trkpt lat="50.885339" lon="12.560406">
        <ele>276.502294</ele>
        <time>2025-04-15T06:09:51.363Z</time>
      </trkpt>
      <trkpt lat="50.885182" lon="12.560736">
        <ele>277.028167</ele>
        <time>2025-04-15T06:09:57.893Z</time>
      </trkpt>
      <trkpt lat="50.884837" lon="12.561355">
        <ele>278.709956</ele>
        <time>2025-04-15T06:10:11.598Z</time>
      </trkpt>
      <trkpt lat="50.884037" lon="12.562609">
        <ele>282.602025</ele>
        <time>2025-04-15T06:10:44.569Z</time>
      </trkpt>
      <trkpt lat="50.883436" lon="12.563360">
        <ele>285.596781</ele>
        <time>2025-04-15T06:11:08.891Z</time>
      </trkpt>
      <trkpt lat="50.882772" lon="12.563989">
        <ele>288.780506</ele>
        <time>2025-04-15T06:11:34.587Z</time>
      </trkpt>
      <trkpt lat="50.882480" lon="12.564410">
        <ele>290.405128</ele>
        <time>2025-04-15T06:11:46.960Z</time>
      </trkpt>
      <trkpt lat="50.882294" lon="12.565310">
        <ele>291.760318</ele>
        <time>2025-04-15T06:12:03.633Z</time>
      </trkpt>
      <trkpt lat="50.881312" lon="12.570076">
        <ele>296.240312</ele>
        <time>2025-04-15T06:13:05.296Z</time>
      </trkpt>
      <trkpt lat="50.881252" lon="12.570491">
        <ele>296.328718</ele>
        <time>2025-04-15T06:13:10.115Z</time>
      </trkpt>
      <trkpt lat="50.881333" lon="12.571492">
        <ele>296.538272</ele>
        <time>2025-04-15T06:13:20.919Z</time>
      </trkpt>
      <trkpt lat="50.881677" lon="12.574453">
        <ele>296.732051</ele>
        <time>2025-04-15T06:13:48.192Z</time>
      </trkpt>
      <trkpt lat="50.881789" lon="12.575722">
        <ele>296.649071</ele>
        <time>2025-04-15T06:14:00.220Z</time>
      </trkpt>
      <trkpt lat="50.881691" lon="12.578270">
        <ele>296.062955</ele>
        <time>2025-04-15T06:14:23.213Z</time>
      </trkpt>
      <trkpt lat="50.881481" lon="12.583118">
        <ele>290.662582</ele>
        <time>2025-04-15T06:14:57.585Z</time>
      </trkpt>
      <trkpt lat="50.881477" lon="12.583202">
        <ele>290.548887</ele>
        <time>2025-04-15T06:14:58.146Z</time>
      </trkpt>
      <trkpt lat="50.881346" lon="12.586107">
        <ele>286.147036</ele>
        <time>2025-04-15T06:15:17.251Z</time>
      </trkpt>
      <trkpt lat="50.881321" lon="12.586775">
        <ele>285.084713</ele>
        <time>2025-04-15T06:15:21.911Z</time>
      </trkpt>
      <trkpt lat="50.881314" lon="12.586774">
        <ele>285.067029</ele>
        <time>2025-04-15T06:15:22.047Z</time>
      </trkpt>
      <trkpt lat="50.881313" lon="12.586878">
        <ele>284.901908</ele>
        <time>2025-04-15T06:15:23.264Z</time>
      </trkpt>
      <trkpt lat="50.881323" lon="12.586974">
        <ele>284.733888</ele>
        <time>2025-04-15T06:15:24.401Z</time>
      </trkpt>
      <trkpt lat="50.881341" lon="12.587054">
        <ele>284.498044</ele>
        <time>2025-04-15T06:15:25.396Z</time>
      </trkpt>
      <trkpt lat="50.881381" lon="12.587115">
        <ele>284.253745</ele>
        <time>2025-04-15T06:15:26.424Z</time>
      </trkpt>
      <trkpt lat="50.881439" lon="12.587154">
        <ele>283.976460</ele>
        <time>2025-04-15T06:15:27.592Z</time>
      </trkpt>
      <trkpt lat="50.881504" lon="12.587183">
        <ele>283.679272</ele>
        <time>2025-04-15T06:15:28.843Z</time>
      </trkpt>
      <trkpt lat="50.881572" lon="12.587224">
        <ele>283.359075</ele>
        <time>2025-04-15T06:15:30.192Z</time>
      </trkpt>
      <trkpt lat="50.881637" lon="12.587286">
        <ele>283.025196</ele>
        <time>2025-04-15T06:15:31.598Z</time>
      </trkpt>
      <trkpt lat="50.881702" lon="12.587368">
        <ele>282.659572</ele>
        <time>2025-04-15T06:15:33.138Z</time>
      </trkpt>
      <trkpt lat="50.881747" lon="12.587475">
        <ele>282.302502</ele>
        <time>2025-04-15T06:15:34.643Z</time>
      </trkpt>
      <trkpt lat="50.881766" lon="12.587597">
        <ele>281.953571</ele>
        <time>2025-04-15T06:15:36.113Z</time>
      </trkpt>
      <trkpt lat="50.881764" lon="12.587727">
        <ele>281.592486</ele>
        <time>2025-04-15T06:15:37.633Z</time>
      </trkpt>
      <trkpt lat="50.881750" lon="12.587858">
        <ele>281.223551</ele>
        <time>2025-04-15T06:15:39.187Z</time>
      </trkpt>
      <trkpt lat="50.881738" lon="12.587988">
        <ele>280.858731</ele>
        <time>2025-04-15T06:15:40.725Z</time>
      </trkpt>
      <trkpt lat="50.881720" lon="12.588109">
        <ele>280.513531</ele>
        <time>2025-04-15T06:15:42.179Z</time>
      </trkpt>
      <trkpt lat="50.881688" lon="12.588214">
        <ele>280.189739</ele>
        <time>2025-04-15T06:15:43.544Z</time>
      </trkpt>
      <trkpt lat="50.881643" lon="12.588298">
        <ele>279.883753</ele>
        <time>2025-04-15T06:15:44.832Z</time>
      </trkpt>
      <trkpt lat="50.881591" lon="12.588336">
        <ele>279.631743</ele>
        <time>2025-04-15T06:15:45.894Z</time>
      </trkpt>
      <trkpt lat="50.881517" lon="12.588359">
        <ele>279.299859</ele>
        <time>2025-04-15T06:15:47.294Z</time>
      </trkpt>
      <trkpt lat="50.881454" lon="12.588358">
        <ele>279.022577</ele>
        <time>2025-04-15T06:15:48.462Z</time>
      </trkpt>
      <trkpt lat="50.881377" lon="12.588346">
        <ele>278.682059</ele>
        <time>2025-04-15T06:15:49.898Z</time>
      </trkpt>
      <trkpt lat="50.881296" lon="12.588339">
        <ele>278.325041</ele>
        <time>2025-04-15T06:15:51.403Z</time>
      </trkpt>
      <trkpt lat="50.881206" lon="12.588332">
        <ele>277.928467</ele>
        <time>2025-04-15T06:15:53.075Z</time>
      </trkpt>
      <trkpt lat="50.881118" lon="12.588320">
        <ele>277.539740</ele>
        <time>2025-04-15T06:15:54.715Z</time>
      </trkpt>
      <trkpt lat="50.881024" lon="12.588302">
        <ele>277.123030</ele>
        <time>2025-04-15T06:15:56.475Z</time>
      </trkpt>
      <trkpt lat="50.880928" lon="12.588290">
        <ele>276.583387</ele>
        <time>2025-04-15T06:15:58.264Z</time>
      </trkpt>
      <trkpt lat="50.880823" lon="12.588275">
        <ele>275.761925</ele>
        <time>2025-04-15T06:16:00.223Z</time>
      </trkpt>
      <trkpt lat="50.880723" lon="12.588261">
        <ele>274.979704</ele>
        <time>2025-04-15T06:16:02.090Z</time>
      </trkpt>
      <trkpt lat="50.880617" lon="12.588246">
        <ele>274.150481</ele>
        <time>2025-04-15T06:16:04.069Z</time>
      </trkpt>
      <trkpt lat="50.880513" lon="12.588230">
        <ele>273.336319</ele>
        <time>2025-04-15T06:16:06.011Z</time>
      </trkpt>
      <trkpt lat="50.880411" lon="12.588217">
        <ele>272.538983</ele>
        <time>2025-04-15T06:16:07.914Z</time>
      </trkpt>
      <trkpt lat="50.880294" lon="12.588207">
        <ele>271.626011</ele>
        <time>2025-04-15T06:16:10.093Z</time>
      </trkpt>
      <trkpt lat="50.880179" lon="12.588190">
        <ele>270.726057</ele>
        <time>2025-04-15T06:16:12.243Z</time>
      </trkpt>
      <trkpt lat="50.880068" lon="12.588175">
        <ele>269.858022</ele>
        <time>2025-04-15T06:16:14.315Z</time>
      </trkpt>
      <trkpt lat="50.879958" lon="12.588160">
        <ele>268.997751</ele>
        <time>2025-04-15T06:16:16.368Z</time>
      </trkpt>
      <trkpt lat="50.879844" lon="12.588151">
        <ele>268.108377</ele>
        <time>2025-04-15T06:16:18.490Z</time>
      </trkpt>
      <trkpt lat="50.879729" lon="12.588141">
        <ele>267.210965</ele>
        <time>2025-04-15T06:16:20.631Z</time>
      </trkpt>
      <trkpt lat="50.879611" lon="12.588129">
        <ele>266.289634</ele>
        <time>2025-04-15T06:16:22.827Z</time>
      </trkpt>
      <trkpt lat="50.879499" lon="12.588120">
        <ele>265.415825</ele>
        <time>2025-04-15T06:16:24.911Z</time>
      </trkpt>
      <trkpt lat="50.879386" lon="12.588113">
        <ele>264.534672</ele>
        <time>2025-04-15T06:16:27.011Z</time>
      </trkpt>
      <trkpt lat="50.879271" lon="12.588108">
        <ele>263.638270</ele>
        <time>2025-04-15T06:16:29.146Z</time>
      </trkpt>
      <trkpt lat="50.879156" lon="12.588108">
        <ele>262.809752</ele>
        <time>2025-04-15T06:16:31.281Z</time>
      </trkpt>
      <trkpt lat="50.879041" lon="12.588117">
        <ele>262.567278</ele>
        <time>2025-04-15T06:16:33.419Z</time>
      </trkpt>
      <trkpt lat="50.878932" lon="12.588137">
        <ele>262.336201</ele>
        <time>2025-04-15T06:16:35.455Z</time>
      </trkpt>
      <trkpt lat="50.878821" lon="12.588173">
        <ele>262.097602</ele>
        <time>2025-04-15T06:16:37.556Z</time>
      </trkpt>
      <trkpt lat="50.878710" lon="12.588211">
        <ele>261.858455</ele>
        <time>2025-04-15T06:16:39.661Z</time>
      </trkpt>
      <trkpt lat="50.878678" lon="12.588227">
        <ele>261.787792</ele>
        <time>2025-04-15T06:16:40.274Z</time>
      </trkpt>
      <trkpt lat="50.878646" lon="12.588064">
        <ele>261.560964</ele>
        <time>2025-04-15T06:16:41.429Z</time>
      </trkpt>
      <trkpt lat="50.878542" lon="12.587681">
        <ele>261.006925</ele>
        <time>2025-04-15T06:16:44.289Z</time>
      </trkpt>
      <trkpt lat="50.878411" lon="12.587849">
        <ele>260.652048</ele>
        <time>2025-04-15T06:16:46.287Z</time>
      </trkpt>
      <trkpt lat="50.878274" lon="12.588116">
        <ele>260.194767</ele>
        <time>2025-04-15T06:16:49.268Z</time>
      </trkpt>
      <trkpt lat="50.877704" lon="12.588933">
        <ele>259.210010</ele>
        <time>2025-04-15T06:17:01.424Z</time>
      </trkpt>
      <trkpt lat="50.877463" lon="12.589166">
        <ele>259.415900</ele>
        <time>2025-04-15T06:17:06.445Z</time>
      </trkpt>
      <trkpt lat="50.877525" lon="12.589329">
        <ele>259.503485</ele>
        <time>2025-04-15T06:17:08.677Z</time>
      </trkpt>
      <trkpt lat="50.877427" lon="12.589406">
        <ele>259.583260</ele>
        <time>2025-04-15T06:17:10.704Z</time>
      </trkpt>
      <trkpt lat="50.877327" lon="12.589471">
        <ele>259.662088</ele>
        <time>2025-04-15T06:17:12.707Z</time>
      </trkpt>
      <trkpt lat="50.877225" lon="12.589520">
        <ele>259.739821</ele>
        <time>2025-04-15T06:17:14.682Z</time>
      </trkpt>
      <trkpt lat="50.877125" lon="12.589560">
        <ele>259.815040</ele>
        <time>2025-04-15T06:17:16.593Z</time>
      </trkpt>
      <trkpt lat="50.877026" lon="12.589592">
        <ele>259.888729</ele>
        <time>2025-04-15T06:17:18.467Z</time>
      </trkpt>
      <trkpt lat="50.876930" lon="12.589614">
        <ele>259.959472</ele>
        <time>2025-04-15T06:17:20.263Z</time>
      </trkpt>
      <trkpt lat="50.876835" lon="12.589626">
        <ele>260.028977</ele>
        <time>2025-04-15T06:17:22.031Z</time>
      </trkpt>
      <trkpt lat="50.876746" lon="12.589631">
        <ele>260.093928</ele>
        <time>2025-04-15T06:17:23.681Z</time>
      </trkpt>
      <trkpt lat="50.876655" lon="12.589629">
        <ele>260.160302</ele>
        <time>2025-04-15T06:17:25.368Z</time>
      </trkpt>
      <trkpt lat="50.876567" lon="12.589620">
        <ele>260.224616</ele>
        <time>2025-04-15T06:17:27.001Z</time>
      </trkpt>
      <trkpt lat="50.876479" lon="12.589603">
        <ele>260.289271</ele>
        <time>2025-04-15T06:17:28.644Z</time>
      </trkpt>
      <trkpt lat="50.876394" lon="12.589580">
        <ele>260.352160</ele>
        <time>2025-04-15T06:17:30.243Z</time>
      </trkpt>
      <trkpt lat="50.876310" lon="12.589551">
        <ele>260.306051</ele>
        <time>2025-04-15T06:17:31.835Z</time>
      </trkpt>
      <trkpt lat="50.876232" lon="12.589519">
        <ele>260.250790</ele>
        <time>2025-04-15T06:17:33.330Z</time>
      </trkpt>
      <trkpt lat="50.876157" lon="12.589477">
        <ele>260.196232</ele>
        <time>2025-04-15T06:17:34.804Z</time>
      </trkpt>
      <trkpt lat="50.876078" lon="12.589429">
        <ele>260.138202</ele>
        <time>2025-04-15T06:17:36.371Z</time>
      </trkpt>
      <trkpt lat="50.875998" lon="12.589375">
        <ele>260.078562</ele>
        <time>2025-04-15T06:17:37.983Z</time>
      </trkpt>
      <trkpt lat="50.875921" lon="12.589316">
        <ele>260.019901</ele>
        <time>2025-04-15T06:17:39.567Z</time>
      </trkpt>
      <trkpt lat="50.875852" lon="12.589251">
        <ele>259.964846</ele>
        <time>2025-04-15T06:17:41.056Z</time>
      </trkpt>
      <trkpt lat="50.875779" lon="12.589180">
        <ele>259.906100</ele>
        <time>2025-04-15T06:17:42.643Z</time>
      </trkpt>
      <trkpt lat="50.875710" lon="12.589105">
        <ele>259.848713</ele>
        <time>2025-04-15T06:17:44.194Z</time>
      </trkpt>
      <trkpt lat="50.875638" lon="12.589021">
        <ele>259.787391</ele>
        <time>2025-04-15T06:17:45.850Z</time>
      </trkpt>
      <trkpt lat="50.875569" lon="12.588933">
        <ele>259.726644</ele>
        <time>2025-04-15T06:17:47.491Z</time>
      </trkpt>
      <trkpt lat="50.875500" lon="12.588838">
        <ele>259.663953</ele>
        <time>2025-04-15T06:17:49.187Z</time>
      </trkpt>
      <trkpt lat="50.875439" lon="12.588738">
        <ele>259.603757</ele>
        <time>2025-04-15T06:17:50.812Z</time>
      </trkpt>
      <trkpt lat="50.875377" lon="12.588630">
        <ele>259.540566</ele>
        <time>2025-04-15T06:17:52.521Z</time>
      </trkpt>
      <trkpt lat="50.875323" lon="12.588517">
        <ele>259.479219</ele>
        <time>2025-04-15T06:17:54.179Z</time>
      </trkpt>
      <trkpt lat="50.875273" lon="12.588405">
        <ele>259.419841</ele>
        <time>2025-04-15T06:17:55.784Z</time>
      </trkpt>
      <trkpt lat="50.875223" lon="12.588292">
        <ele>259.360110</ele>
        <time>2025-04-15T06:17:57.398Z</time>
      </trkpt>
      <trkpt lat="50.875177" lon="12.588179">
        <ele>259.301910</ele>
        <time>2025-04-15T06:17:58.970Z</time>
      </trkpt>
      <trkpt lat="50.875128" lon="12.588065">
        <ele>259.242213</ele>
        <time>2025-04-15T06:18:00.585Z</time>
      </trkpt>
      <trkpt lat="50.875079" lon="12.587950">
        <ele>259.182157</ele>
        <time>2025-04-15T06:18:02.207Z</time>
      </trkpt>
      <trkpt lat="50.875029" lon="12.587834">
        <ele>259.138883</ele>
        <time>2025-04-15T06:18:03.850Z</time>
      </trkpt>
      <trkpt lat="50.874979" lon="12.587720">
        <ele>259.357110</ele>
        <time>2025-04-15T06:18:05.475Z</time>
      </trkpt>
      <trkpt lat="50.874926" lon="12.587609">
        <ele>259.575907</ele>
        <time>2025-04-15T06:18:07.102Z</time>
      </trkpt>
      <trkpt lat="50.874870" lon="12.587499">
        <ele>259.798068</ele>
        <time>2025-04-15T06:18:08.755Z</time>
      </trkpt>
      <trkpt lat="50.874809" lon="12.587394">
        <ele>260.022411</ele>
        <time>2025-04-15T06:18:10.424Z</time>
      </trkpt>
      <trkpt lat="50.874748" lon="12.587294">
        <ele>260.241036</ele>
        <time>2025-04-15T06:18:12.051Z</time>
      </trkpt>
      <trkpt lat="50.874683" lon="12.587198">
        <ele>260.462367</ele>
        <time>2025-04-15T06:18:13.697Z</time>
      </trkpt>
      <trkpt lat="50.874612" lon="12.587107">
        <ele>260.689833</ele>
        <time>2025-04-15T06:18:15.389Z</time>
      </trkpt>
      <trkpt lat="50.874539" lon="12.587023">
        <ele>260.914557</ele>
        <time>2025-04-15T06:18:17.062Z</time>
      </trkpt>
      <trkpt lat="50.874467" lon="12.586946">
        <ele>261.130929</ele>
        <time>2025-04-15T06:18:18.671Z</time>
      </trkpt>
      <trkpt lat="50.874378" lon="12.586877">
        <ele>261.377738</ele>
        <time>2025-04-15T06:18:20.508Z</time>
      </trkpt>
      <trkpt lat="50.874304" lon="12.586816">
        <ele>261.585520</ele>
        <time>2025-04-15T06:18:22.054Z</time>
      </trkpt>
      <trkpt lat="50.874227" lon="12.586760">
        <ele>261.796562</ele>
        <time>2025-04-15T06:18:23.626Z</time>
      </trkpt>
      <trkpt lat="50.874151" lon="12.586711">
        <ele>262.000947</ele>
        <time>2025-04-15T06:18:25.146Z</time>
      </trkpt>
      <trkpt lat="50.874075" lon="12.586668">
        <ele>262.201968</ele>
        <time>2025-04-15T06:18:26.643Z</time>
      </trkpt>
      <trkpt lat="50.874002" lon="12.586632">
        <ele>262.392413</ele>
        <time>2025-04-15T06:18:28.062Z</time>
      </trkpt>
      <trkpt lat="50.873926" lon="12.586600">
        <ele>262.588298</ele>
        <time>2025-04-15T06:18:29.521Z</time>
      </trkpt>
      <trkpt lat="50.873853" lon="12.586575">
        <ele>262.774340</ele>
        <time>2025-04-15T06:18:30.906Z</time>
      </trkpt>
      <trkpt lat="50.873780" lon="12.586552">
        <ele>262.959743</ele>
        <time>2025-04-15T06:18:32.287Z</time>
      </trkpt>
      <trkpt lat="50.873708" lon="12.586536">
        <ele>263.140850</ele>
        <time>2025-04-15T06:18:33.636Z</time>
      </trkpt>
      <trkpt lat="50.873635" lon="12.586520">
        <ele>263.324425</ele>
        <time>2025-04-15T06:18:35.003Z</time>
      </trkpt>
      <trkpt lat="50.873566" lon="12.586514">
        <ele>263.496563</ele>
        <time>2025-04-15T06:18:36.286Z</time>
      </trkpt>
      <trkpt lat="50.873498" lon="12.586512">
        <ele>263.647194</ele>
        <time>2025-04-15T06:18:37.549Z</time>
      </trkpt>
      <trkpt lat="50.873432" lon="12.586513">
        <ele>263.760470</ele>
        <time>2025-04-15T06:18:38.774Z</time>
      </trkpt>
      <trkpt lat="50.873364" lon="12.586518">
        <ele>263.877299</ele>
        <time>2025-04-15T06:18:40.037Z</time>
      </trkpt>
      <trkpt lat="50.873299" lon="12.586528">
        <ele>263.989378</ele>
        <time>2025-04-15T06:18:41.250Z</time>
      </trkpt>
      <trkpt lat="50.873234" lon="12.586545">
        <ele>264.102442</ele>
        <time>2025-04-15T06:18:42.472Z</time>
      </trkpt>
      <trkpt lat="50.873169" lon="12.586565">
        <ele>264.216080</ele>
        <time>2025-04-15T06:18:43.702Z</time>
      </trkpt>
      <trkpt lat="50.873104" lon="12.586589">
        <ele>264.330623</ele>
        <time>2025-04-15T06:18:44.939Z</time>
      </trkpt>
      <trkpt lat="50.873042" lon="12.586615">
        <ele>264.440692</ele>
        <time>2025-04-15T06:18:46.130Z</time>
      </trkpt>
      <trkpt lat="50.872982" lon="12.586644">
        <ele>264.548348</ele>
        <time>2025-04-15T06:18:47.292Z</time>
      </trkpt>
      <trkpt lat="50.872917" lon="12.586679">
        <ele>264.666167</ele>
        <time>2025-04-15T06:18:48.567Z</time>
      </trkpt>
      <trkpt lat="50.872856" lon="12.586714">
        <ele>264.777508</ele>
        <time>2025-04-15T06:18:49.769Z</time>
      </trkpt>
      <trkpt lat="50.872798" lon="12.586754">
        <ele>264.886067</ele>
        <time>2025-04-15T06:18:50.942Z</time>
      </trkpt>
      <trkpt lat="50.872741" lon="12.586799">
        <ele>264.995359</ele>
        <time>2025-04-15T06:18:52.123Z</time>
      </trkpt>
      <trkpt lat="50.872687" lon="12.586849">
        <ele>265.102696</ele>
        <time>2025-04-15T06:18:53.281Z</time>
      </trkpt>
      <trkpt lat="50.872637" lon="12.586902">
        <ele>265.205935</ele>
        <time>2025-04-15T06:18:54.396Z</time>
      </trkpt>
      <trkpt lat="50.872584" lon="12.586957">
        <ele>265.314664</ele>
        <time>2025-04-15T06:18:55.570Z</time>
      </trkpt>
      <trkpt lat="50.872531" lon="12.587011">
        <ele>265.422802</ele>
        <time>2025-04-15T06:18:56.738Z</time>
      </trkpt>
      <trkpt lat="50.872477" lon="12.587070">
        <ele>265.535372</ele>
        <time>2025-04-15T06:18:57.955Z</time>
      </trkpt>
      <trkpt lat="50.872424" lon="12.587131">
        <ele>265.647791</ele>
        <time>2025-04-15T06:18:59.169Z</time>
      </trkpt>
      <trkpt lat="50.872370" lon="12.587197">
        <ele>265.764831</ele>
        <time>2025-04-15T06:19:00.432Z</time>
      </trkpt>
      <trkpt lat="50.872324" lon="12.587268">
        <ele>265.875036</ele>
        <time>2025-04-15T06:19:01.623Z</time>
      </trkpt>
      <trkpt lat="50.872278" lon="12.587344">
        <ele>265.989087</ele>
        <time>2025-04-15T06:19:02.853Z</time>
      </trkpt>
      <trkpt lat="50.872232" lon="12.587421">
        <ele>266.103921</ele>
        <time>2025-04-15T06:19:04.093Z</time>
      </trkpt>
      <trkpt lat="50.872186" lon="12.587500">
        <ele>266.220338</ele>
        <time>2025-04-15T06:19:05.352Z</time>
      </trkpt>
      <trkpt lat="50.872141" lon="12.587583">
        <ele>266.338849</ele>
        <time>2025-04-15T06:19:06.631Z</time>
      </trkpt>
      <trkpt lat="50.872092" lon="12.587669">
        <ele>266.464337</ele>
        <time>2025-04-15T06:19:07.986Z</time>
      </trkpt>
      <trkpt lat="50.872042" lon="12.587760">
        <ele>266.595015</ele>
        <time>2025-04-15T06:19:09.398Z</time>
      </trkpt>
      <trkpt lat="50.871992" lon="12.587849">
        <ele>266.557343</ele>
        <time>2025-04-15T06:19:10.792Z</time>
      </trkpt>
      <trkpt lat="50.871936" lon="12.587937">
        <ele>265.978811</ele>
        <time>2025-04-15T06:19:12.255Z</time>
      </trkpt>
      <trkpt lat="50.871882" lon="12.588024">
        <ele>265.413912</ele>
        <time>2025-04-15T06:19:13.682Z</time>
      </trkpt>
      <trkpt lat="50.871832" lon="12.588114">
        <ele>264.858840</ele>
        <time>2025-04-15T06:19:15.085Z</time>
      </trkpt>
      <trkpt lat="50.871776" lon="12.588204">
        <ele>264.273752</ele>
        <time>2025-04-15T06:19:16.565Z</time>
      </trkpt>
      <trkpt lat="50.871725" lon="12.588295">
        <ele>263.710352</ele>
        <time>2025-04-15T06:19:17.990Z</time>
      </trkpt>
      <trkpt lat="50.871669" lon="12.588384">
        <ele>263.128549</ele>
        <time>2025-04-15T06:19:19.460Z</time>
      </trkpt>
      <trkpt lat="50.871598" lon="12.588470">
        <ele>262.472993</ele>
        <time>2025-04-15T06:19:21.120Z</time>
      </trkpt>
      <trkpt lat="50.871523" lon="12.588556">
        <ele>261.793891</ele>
        <time>2025-04-15T06:19:22.837Z</time>
      </trkpt>
      <trkpt lat="50.871456" lon="12.588641">
        <ele>261.164298</ele>
        <time>2025-04-15T06:19:24.432Z</time>
      </trkpt>
      <trkpt lat="50.871388" lon="12.588719">
        <ele>260.548506</ele>
        <time>2025-04-15T06:19:25.990Z</time>
      </trkpt>
      <trkpt lat="50.871313" lon="12.588794">
        <ele>259.897945</ele>
        <time>2025-04-15T06:19:27.638Z</time>
      </trkpt>
      <trkpt lat="50.871233" lon="12.588868">
        <ele>259.218431</ele>
        <time>2025-04-15T06:19:29.358Z</time>
      </trkpt>
      <trkpt lat="50.871153" lon="12.588935">
        <ele>258.554662</ele>
        <time>2025-04-15T06:19:31.041Z</time>
      </trkpt>
      <trkpt lat="50.871073" lon="12.588998">
        <ele>257.899340</ele>
        <time>2025-04-15T06:19:32.702Z</time>
      </trkpt>
      <trkpt lat="50.870986" lon="12.589057">
        <ele>257.205155</ele>
        <time>2025-04-15T06:19:34.465Z</time>
      </trkpt>
      <trkpt lat="50.870895" lon="12.589109">
        <ele>256.495538</ele>
        <time>2025-04-15T06:19:36.266Z</time>
      </trkpt>
      <trkpt lat="50.870797" lon="12.589156">
        <ele>255.744445</ele>
        <time>2025-04-15T06:19:38.171Z</time>
      </trkpt>
      <trkpt lat="50.870698" lon="12.589197">
        <ele>254.993828</ele>
        <time>2025-04-15T06:19:40.075Z</time>
      </trkpt>
      <trkpt lat="50.870597" lon="12.589229">
        <ele>254.238269</ele>
        <time>2025-04-15T06:19:41.993Z</time>
      </trkpt>
      <trkpt lat="50.870486" lon="12.589253">
        <ele>253.382051</ele>
        <time>2025-04-15T06:19:44.080Z</time>
      </trkpt>
      <trkpt lat="50.870368" lon="12.589264">
        <ele>252.150362</ele>
        <time>2025-04-15T06:19:46.281Z</time>
      </trkpt>
      <trkpt lat="50.870244" lon="12.589265">
        <ele>250.858261</ele>
        <time>2025-04-15T06:19:48.590Z</time>
      </trkpt>
      <trkpt lat="50.870120" lon="12.589259">
        <ele>249.565575</ele>
        <time>2025-04-15T06:19:50.901Z</time>
      </trkpt>
      <trkpt lat="50.869998" lon="12.589248">
        <ele>248.292275</ele>
        <time>2025-04-15T06:19:53.179Z</time>
      </trkpt>
      <trkpt lat="50.869881" lon="12.589223">
        <ele>247.062097</ele>
        <time>2025-04-15T06:19:55.381Z</time>
      </trkpt>
      <trkpt lat="50.869758" lon="12.589188">
        <ele>245.759932</ele>
        <time>2025-04-15T06:19:57.710Z</time>
      </trkpt>
      <trkpt lat="50.869643" lon="12.589143">
        <ele>244.525631</ele>
        <time>2025-04-15T06:19:59.919Z</time>
      </trkpt>
      <trkpt lat="50.869701" lon="12.589234">
        <ele>243.675132</ele>
        <time>2025-04-15T06:20:01.444Z</time>
      </trkpt>
      <trkpt lat="50.869673" lon="12.589429">
        <ele>242.360051</ele>
        <time>2025-04-15T06:20:02.511Z</time>
      </trkpt>
      <trkpt lat="50.869529" lon="12.589438">
        <ele>240.858400</ele>
        <time>2025-04-15T06:20:03.733Z</time>
      </trkpt>
      <trkpt lat="50.869042" lon="12.589258">
        <ele>235.647622</ele>
        <time>2025-04-15T06:20:08.054Z</time>
      </trkpt>
      <trkpt lat="50.868636" lon="12.588932">
        <ele>233.265617</ele>
        <time>2025-04-15T06:20:12.194Z</time>
      </trkpt>
      <trkpt lat="50.868527" lon="12.588763">
        <ele>232.650539</ele>
        <time>2025-04-15T06:20:13.610Z</time>
      </trkpt>
      <trkpt lat="50.868442" lon="12.588783">
        <ele>232.303952</ele>
        <time>2025-04-15T06:20:14.426Z</time>
      </trkpt>
      <trkpt lat="50.868362" lon="12.588880">
        <ele>231.897660</ele>
        <time>2025-04-15T06:20:15.383Z</time>
      </trkpt>
      <trkpt lat="50.868216" lon="12.588594">
        <ele>230.961324</ele>
        <time>2025-04-15T06:20:17.671Z</time>
      </trkpt>
      <trkpt lat="50.868166" lon="12.588337">
        <ele>230.276771</ele>
        <time>2025-04-15T06:20:19.462Z</time>
      </trkpt>
      <trkpt lat="50.868194" lon="12.588019">
        <ele>229.459486</ele>
        <time>2025-04-15T06:20:21.694Z</time>
      </trkpt>
      <trkpt lat="50.868294" lon="12.587811">
        <ele>228.793912</ele>
        <time>2025-04-15T06:20:23.610Z</time>
      </trkpt>
      <trkpt lat="50.868194" lon="12.588019">
        <ele>228.128338</ele>
        <time>2025-04-15T06:20:25.529Z</time>
      </trkpt>
      <trkpt lat="50.868166" lon="12.588337">
        <ele>227.419914</ele>
        <time>2025-04-15T06:20:27.865Z</time>
      </trkpt>
      <trkpt lat="50.868216" lon="12.588594">
        <ele>227.125651</ele>
        <time>2025-04-15T06:20:29.855Z</time>
      </trkpt>
      <trkpt lat="50.868362" lon="12.588880">
        <ele>226.723156</ele>
        <time>2025-04-15T06:20:32.546Z</time>
      </trkpt>
      <trkpt lat="50.868593" lon="12.589286">
        <ele>226.125040</ele>
        <time>2025-04-15T06:20:36.357Z</time>
      </trkpt>
      <trkpt lat="50.868721" lon="12.589641">
        <ele>225.677684</ele>
        <time>2025-04-15T06:20:39.102Z</time>
      </trkpt>
      <trkpt lat="50.868815" lon="12.590111">
        <ele>225.138219</ele>
        <time>2025-04-15T06:20:42.531Z</time>
      </trkpt>
      <trkpt lat="50.868923" lon="12.591372">
        <ele>224.265018</ele>
        <time>2025-04-15T06:20:51.700Z</time>
      </trkpt>
      <trkpt lat="50.868991" lon="12.591644">
        <ele>224.205503</ele>
        <time>2025-04-15T06:20:53.995Z</time>
      </trkpt>
      <trkpt lat="50.869137" lon="12.592003">
        <ele>224.118623</ele>
        <time>2025-04-15T06:20:57.508Z</time>
      </trkpt>
      <trkpt lat="50.869860" lon="12.593581">
        <ele>224.009750</ele>
        <time>2025-04-15T06:21:17.409Z</time>
      </trkpt>
      <trkpt lat="50.870406" lon="12.594593">
        <ele>224.690947</ele>
        <time>2025-04-15T06:21:33.373Z</time>
      </trkpt>
      <trkpt lat="50.871398" lon="12.596370">
        <ele>226.346239</ele>
        <time>2025-04-15T06:22:00.679Z</time>
      </trkpt>
      <trkpt lat="50.871602" lon="12.597198">
        <ele>227.113350</ele>
        <time>2025-04-15T06:22:10.672Z</time>
      </trkpt>
      <trkpt lat="50.871820" lon="12.598341">
        <ele>229.163163</ele>
        <time>2025-04-15T06:22:29.207Z</time>
      </trkpt>
      <trkpt lat="50.871912" lon="12.598666">
        <ele>230.212992</ele>
        <time>2025-04-15T06:22:35.963Z</time>
      </trkpt>
      <trkpt lat="50.872058" lon="12.598996">
        <ele>231.400814</ele>
        <time>2025-04-15T06:22:44.508Z</time>
      </trkpt>
      <trkpt lat="50.872212" lon="12.599343">
        <ele>232.651109</ele>
        <time>2025-04-15T06:22:54.228Z</time>
      </trkpt>
      <trkpt lat="50.872984" lon="12.600656">
        <ele>237.893075</ele>
        <time>2025-04-15T06:23:38.118Z</time>
      </trkpt>
      <trkpt lat="50.873295" lon="12.601312">
        <ele>240.248535</ele>
        <time>2025-04-15T06:23:57.029Z</time>
      </trkpt>
      <trkpt lat="50.873316" lon="12.601359">
        <ele>240.413858</ele>
        <time>2025-04-15T06:23:58.268Z</time>
      </trkpt>
      <trkpt lat="50.873454" lon="12.601694">
        <ele>241.562330</ele>
        <time>2025-04-15T06:24:07.292Z</time>
      </trkpt>
      <trkpt lat="50.873618" lon="12.602052">
        <ele>242.832306</ele>
        <time>2025-04-15T06:24:16.417Z</time>
      </trkpt>
      <trkpt lat="50.873723" lon="12.602195">
        <ele>243.462139</ele>
        <time>2025-04-15T06:24:20.317Z</time>
      </trkpt>
      <trkpt lat="50.874170" lon="12.602667">
        <ele>243.858783</ele>
        <time>2025-04-15T06:24:32.399Z</time>
      </trkpt>
      <trkpt lat="50.874254" lon="12.602763">
        <ele>243.727575</ele>
        <time>2025-04-15T06:24:34.046Z</time>
      </trkpt>
      <trkpt lat="50.874421" lon="12.602950">
        <ele>243.468513</ele>
        <time>2025-04-15T06:24:36.659Z</time>
      </trkpt>
      <trkpt lat="50.874508" lon="12.603110">
        <ele>243.299664</ele>
        <time>2025-04-15T06:24:38.204Z</time>
      </trkpt>
      <trkpt lat="50.874863" lon="12.603829">
        <ele>242.569818</ele>
        <time>2025-04-15T06:24:44.506Z</time>
      </trkpt>
      <trkpt lat="50.874918" lon="12.603931">
        <ele>242.462558</ele>
        <time>2025-04-15T06:24:45.376Z</time>
      </trkpt>
      <trkpt lat="50.875057" lon="12.604159">
        <ele>242.209113</ele>
        <time>2025-04-15T06:24:47.355Z</time>
      </trkpt>
      <trkpt lat="50.875214" lon="12.604332">
        <ele>241.795502</ele>
        <time>2025-04-15T06:24:49.187Z</time>
      </trkpt>
      <trkpt lat="50.875340" lon="12.604448">
        <ele>241.075532</ele>
        <time>2025-04-15T06:24:50.564Z</time>
      </trkpt>
      <trkpt lat="50.875626" lon="12.604708">
        <ele>239.446462</ele>
        <time>2025-04-15T06:24:53.677Z</time>
      </trkpt>
      <trkpt lat="50.875727" lon="12.604863">
        <ele>238.751805</ele>
        <time>2025-04-15T06:24:55.005Z</time>
      </trkpt>
      <trkpt lat="50.875798" lon="12.605080">
        <ele>237.989726</ele>
        <time>2025-04-15T06:24:56.465Z</time>
      </trkpt>
      <trkpt lat="50.875957" lon="12.606609">
        <ele>233.158496</ele>
        <time>2025-04-15T06:25:05.651Z</time>
      </trkpt>
      <trkpt lat="50.875923" lon="12.607000">
        <ele>231.968975</ele>
        <time>2025-04-15T06:25:07.921Z</time>
      </trkpt>
      <trkpt lat="50.875808" lon="12.607297">
        <ele>230.919375</ele>
        <time>2025-04-15T06:25:09.939Z</time>
      </trkpt>
      <trkpt lat="50.875699" lon="12.607435">
        <ele>230.253408</ele>
        <time>2025-04-15T06:25:11.230Z</time>
      </trkpt>
      <trkpt lat="50.875209" lon="12.607834">
        <ele>227.623672</ele>
        <time>2025-04-15T06:25:16.432Z</time>
      </trkpt>
      <trkpt lat="50.874744" lon="12.608508">
        <ele>224.615553</ele>
        <time>2025-04-15T06:25:22.534Z</time>
      </trkpt>
      <trkpt lat="50.874576" lon="12.608754">
        <ele>224.230865</ele>
        <time>2025-04-15T06:25:24.804Z</time>
      </trkpt>
      <trkpt lat="50.874454" lon="12.608770">
        <ele>224.047889</ele>
        <time>2025-04-15T06:25:26.041Z</time>
      </trkpt>
      <trkpt lat="50.874372" lon="12.608761">
        <ele>223.925030</ele>
        <time>2025-04-15T06:25:26.891Z</time>
      </trkpt>
      <trkpt lat="50.874220" lon="12.608721">
        <ele>223.694725</ele>
        <time>2025-04-15T06:25:28.529Z</time>
      </trkpt>
      <trkpt lat="50.873876" lon="12.608279">
        <ele>223.032779</ele>
        <time>2025-04-15T06:25:33.597Z</time>
      </trkpt>
      <trkpt lat="50.873626" lon="12.608104">
        <ele>222.624273</ele>
        <time>2025-04-15T06:25:37.092Z</time>
      </trkpt>
      <trkpt lat="50.873495" lon="12.608058">
        <ele>222.423719</ele>
        <time>2025-04-15T06:25:38.837Z</time>
      </trkpt>
      <trkpt lat="50.872762" lon="12.607868">
        <ele>222.117286</ele>
        <time>2025-04-15T06:25:51.380Z</time>
      </trkpt>
      <trkpt lat="50.872694" lon="12.607868">
        <ele>222.163832</ele>
        <time>2025-04-15T06:25:52.699Z</time>
      </trkpt>
      <trkpt lat="50.872568" lon="12.607957">
        <ele>222.258259</ele>
        <time>2025-04-15T06:25:55.524Z</time>
      </trkpt>
      <trkpt lat="50.872522" lon="12.608057">
        <ele>222.311712</ele>
        <time>2025-04-15T06:25:57.186Z</time>
      </trkpt>
      <trkpt lat="50.872446" lon="12.608504">
        <ele>222.511680</ele>
        <time>2025-04-15T06:26:03.184Z</time>
      </trkpt>
      <trkpt lat="50.872371" lon="12.608724">
        <ele>222.619690</ele>
        <time>2025-04-15T06:26:06.246Z</time>
      </trkpt>
      <trkpt lat="50.872196" lon="12.608968">
        <ele>222.779244</ele>
        <time>2025-04-15T06:26:10.414Z</time>
      </trkpt>
      <trkpt lat="50.871785" lon="12.609517">
        <ele>223.095058</ele>
        <time>2025-04-15T06:26:19.179Z</time>
      </trkpt>
      <trkpt lat="50.871758" lon="12.609552">
        <ele>223.094620</ele>
        <time>2025-04-15T06:26:19.704Z</time>
      </trkpt>
      <trkpt lat="50.871649" lon="12.609703">
        <ele>223.092801</ele>
        <time>2025-04-15T06:26:21.860Z</time>
      </trkpt>
      <trkpt lat="50.871426" lon="12.610115">
        <ele>223.088499</ele>
        <time>2025-04-15T06:26:26.697Z</time>
      </trkpt>
      <trkpt lat="50.870748" lon="12.610657">
        <ele>223.078960</ele>
        <time>2025-04-15T06:26:37.404Z</time>
      </trkpt>
      <trkpt lat="50.870176" lon="12.611121">
        <ele>223.136884</ele>
        <time>2025-04-15T06:26:47.095Z</time>
      </trkpt>
      <trkpt lat="50.870154" lon="12.611138">
        <ele>223.144640</ele>
        <time>2025-04-15T06:26:47.472Z</time>
      </trkpt>
      <trkpt lat="50.869704" lon="12.611498">
        <ele>223.304380</ele>
        <time>2025-04-15T06:26:55.036Z</time>
      </trkpt>
      <trkpt lat="50.869185" lon="12.611936">
        <ele>223.490713</ele>
        <time>2025-04-15T06:27:04.343Z</time>
      </trkpt>
      <trkpt lat="50.868723" lon="12.612400">
        <ele>223.745746</ele>
        <time>2025-04-15T06:27:13.681Z</time>
      </trkpt>
      <trkpt lat="50.868383" lon="12.612743">
        <ele>224.378080</ele>
        <time>2025-04-15T06:27:21.054Z</time>
      </trkpt>
      <trkpt lat="50.867737" lon="12.613425">
        <ele>225.595894</ele>
        <time>2025-04-15T06:27:38.741Z</time>
      </trkpt>
      <trkpt lat="50.867540" lon="12.613641">
        <ele>225.971734</ele>
        <time>2025-04-15T06:27:44.503Z</time>
      </trkpt>
      <trkpt lat="50.866988" lon="12.614238">
        <ele>226.732360</ele>
        <time>2025-04-15T06:27:59.074Z</time>
      </trkpt>
      <trkpt lat="50.866887" lon="12.614343">
        <ele>226.823593</ele>
        <time>2025-04-15T06:28:01.605Z</time>
      </trkpt>
      <trkpt lat="50.866949" lon="12.614474">
        <ele>226.901642</ele>
        <time>2025-04-15T06:28:03.723Z</time>
      </trkpt>
      <trkpt lat="50.867312" lon="12.615009">
        <ele>227.276062</ele>
        <time>2025-04-15T06:28:13.069Z</time>
      </trkpt>
      <trkpt lat="50.867751" lon="12.615919">
        <ele>227.822018</ele>
        <time>2025-04-15T06:28:23.212Z</time>
      </trkpt>
      <trkpt lat="50.868244" lon="12.616943">
        <ele>227.459678</ele>
        <time>2025-04-15T06:28:34.927Z</time>
      </trkpt>
      <trkpt lat="50.868349" lon="12.617166">
        <ele>227.380876</ele>
        <time>2025-04-15T06:28:37.296Z</time>
      </trkpt>
      <trkpt lat="50.868747" lon="12.617964">
        <ele>227.092803</ele>
        <time>2025-04-15T06:28:45.562Z</time>
      </trkpt>
      <trkpt lat="50.868995" lon="12.618462">
        <ele>226.695769</ele>
        <time>2025-04-15T06:28:50.572Z</time>
      </trkpt>
      <trkpt lat="50.869496" lon="12.619209">
        <ele>225.736903</ele>
        <time>2025-04-15T06:28:58.528Z</time>
      </trkpt>
      <trkpt lat="50.869919" lon="12.619675">
        <ele>225.018813</ele>
        <time>2025-04-15T06:29:04.212Z</time>
      </trkpt>
      <trkpt lat="50.870367" lon="12.620060">
        <ele>224.633101</ele>
        <time>2025-04-15T06:29:10.006Z</time>
      </trkpt>
      <trkpt lat="50.870410" lon="12.620069">
        <ele>224.670357</ele>
        <time>2025-04-15T06:29:10.514Z</time>
      </trkpt>
      <trkpt lat="50.870855" lon="12.620028">
        <ele>225.053235</ele>
        <time>2025-04-15T06:29:16.306Z</time>
      </trkpt>
      <trkpt lat="50.870983" lon="12.619976">
        <ele>225.166737</ele>
        <time>2025-04-15T06:29:18.299Z</time>
      </trkpt>
      <trkpt lat="50.871094" lon="12.619851">
        <ele>225.283704</ele>
        <time>2025-04-15T06:29:20.541Z</time>
      </trkpt>
      <trkpt lat="50.871181" lon="12.620195">
        <ele>225.484588</ele>
        <time>2025-04-15T06:29:24.860Z</time>
      </trkpt>
      <trkpt lat="50.871316" lon="12.620967">
        <ele>225.918823</ele>
        <time>2025-04-15T06:29:36.095Z</time>
      </trkpt>
      <trkpt lat="50.871247" lon="12.621195">
        <ele>226.067306</ele>
        <time>2025-04-15T06:29:40.442Z</time>
      </trkpt>
      <trkpt lat="50.871035" lon="12.621423">
        <ele>227.833978</ele>
        <time>2025-04-15T06:29:48.480Z</time>
      </trkpt>
      <trkpt lat="50.870940" lon="12.621567">
        <ele>228.740464</ele>
        <time>2025-04-15T06:29:53.052Z</time>
      </trkpt>
      <trkpt lat="50.870862" lon="12.621860">
        <ele>230.124218</ele>
        <time>2025-04-15T06:30:00.475Z</time>
      </trkpt>
      <trkpt lat="50.870824" lon="12.622161">
        <ele>231.459940</ele>
        <time>2025-04-15T06:30:08.052Z</time>
      </trkpt>
      <trkpt lat="50.870847" lon="12.622353">
        <ele>232.310327</ele>
        <time>2025-04-15T06:30:13.141Z</time>
      </trkpt>
      <trkpt lat="50.870878" lon="12.622461">
        <ele>232.826605</ele>
        <time>2025-04-15T06:30:16.365Z</time>
      </trkpt>
      <trkpt lat="50.871377" lon="12.623522">
        <ele>238.666503</ele>
        <time>2025-04-15T06:30:57.771Z</time>
      </trkpt>
      <trkpt lat="50.871463" lon="12.623826">
        <ele>241.043665</ele>
        <time>2025-04-15T06:31:10.036Z</time>
      </trkpt>
      <trkpt lat="50.871553" lon="12.625613">
        <ele>253.835236</ele>
        <time>2025-04-15T06:32:20.261Z</time>
      </trkpt>
      <trkpt lat="50.871532" lon="12.625953">
        <ele>256.272875</ele>
        <time>2025-04-15T06:32:33.187Z</time>
      </trkpt>
      <trkpt lat="50.871443" lon="12.626520">
        <ele>260.446228</ele>
        <time>2025-04-15T06:32:55.853Z</time>
      </trkpt>
      <trkpt lat="50.871457" lon="12.626810">
        <ele>262.526944</ele>
        <time>2025-04-15T06:33:07.388Z</time>
      </trkpt>
      <trkpt lat="50.871524" lon="12.627347">
        <ele>266.442995</ele>
        <time>2025-04-15T06:33:29.360Z</time>
      </trkpt>
      <trkpt lat="50.871533" lon="12.627592">
        <ele>268.198685</ele>
        <time>2025-04-15T06:33:39.398Z</time>
      </trkpt>
      <trkpt lat="50.871501" lon="12.627999">
        <ele>271.132864</ele>
        <time>2025-04-15T06:33:56.070Z</time>
      </trkpt>
      <trkpt lat="50.871398" lon="12.628365">
        <ele>273.999779</ele>
        <time>2025-04-15T06:34:11.190Z</time>
      </trkpt>
      <trkpt lat="50.871023" lon="12.629270">
        <ele>281.128414</ele>
        <time>2025-04-15T06:34:49.773Z</time>
      </trkpt>
      <trkpt lat="50.870680" lon="12.630673">
        <ele>289.300715</ele>
        <time>2025-04-15T06:35:34.592Z</time>
      </trkpt>
      <trkpt lat="50.870645" lon="12.630889">
        <ele>290.511989</ele>
        <time>2025-04-15T06:35:40.630Z</time>
      </trkpt>
      <trkpt lat="50.870637" lon="12.631116">
        <ele>291.746876</ele>
        <time>2025-04-15T06:35:46.766Z</time>
      </trkpt>
      <trkpt lat="50.870694" lon="12.631657">
        <ele>294.737568</ele>
        <time>2025-04-15T06:36:02.845Z</time>
      </trkpt>
      <trkpt lat="50.870834" lon="12.632400">
        <ele>299.740136</ele>
        <time>2025-04-15T06:36:28.644Z</time>
      </trkpt>
      <trkpt lat="50.870985" lon="12.632908">
        <ele>303.362840</ele>
        <time>2025-04-15T06:36:49.233Z</time>
      </trkpt>
      <trkpt lat="50.871366" lon="12.633961">
        <ele>311.193598</ele>
        <time>2025-04-15T06:37:35.205Z</time>
      </trkpt>
      <trkpt lat="50.871638" lon="12.635159">
        <ele>317.241912</ele>
        <time>2025-04-15T06:38:20.212Z</time>
      </trkpt>
      <trkpt lat="50.871703" lon="12.635560">
        <ele>319.002781</ele>
        <time>2025-04-15T06:38:32.616Z</time>
      </trkpt>
      <trkpt lat="50.871722" lon="12.636174">
        <ele>321.617337</ele>
        <time>2025-04-15T06:38:48.146Z</time>
      </trkpt>
      <trkpt lat="50.871740" lon="12.636239">
        <ele>321.919237</ele>
        <time>2025-04-15T06:38:49.728Z</time>
      </trkpt>
      <trkpt lat="50.871724" lon="12.636358">
        <ele>322.436718</ele>
        <time>2025-04-15T06:38:52.317Z</time>
      </trkpt>
      <trkpt lat="50.871695" lon="12.636943">
        <ele>324.932462</ele>
        <time>2025-04-15T06:39:03.039Z</time>
      </trkpt>
      <trkpt lat="50.871707" lon="12.637485">
        <ele>324.525320</ele>
        <time>2025-04-15T06:39:09.945Z</time>
      </trkpt>
      <trkpt lat="50.871831" lon="12.639166">
        <ele>322.262107</ele>
        <time>2025-04-15T06:39:21.138Z</time>
      </trkpt>
      <trkpt lat="50.871863" lon="12.640204">
        <ele>320.085107</ele>
        <time>2025-04-15T06:39:27.315Z</time>
      </trkpt>
      <trkpt lat="50.871824" lon="12.641357">
        <ele>316.063511</ele>
        <time>2025-04-15T06:39:34.067Z</time>
      </trkpt>
      <trkpt lat="50.871786" lon="12.642306">
        <ele>312.751550</ele>
        <time>2025-04-15T06:39:39.615Z</time>
      </trkpt>
      <trkpt lat="50.871788" lon="12.643558">
        <ele>307.689351</ele>
        <time>2025-04-15T06:39:46.860Z</time>
      </trkpt>
      <trkpt lat="50.871941" lon="12.644776">
        <ele>302.367381</ele>
        <time>2025-04-15T06:39:53.932Z</time>
      </trkpt>
      <trkpt lat="50.871982" lon="12.645537">
        <ele>299.070583</ele>
        <time>2025-04-15T06:39:58.230Z</time>
      </trkpt>
      <trkpt lat="50.872189" lon="12.646536">
        <ele>293.723565</ele>
        <time>2025-04-15T06:40:04.075Z</time>
      </trkpt>
      <trkpt lat="50.872250" lon="12.647193">
        <ele>290.346596</ele>
        <time>2025-04-15T06:40:07.748Z</time>
      </trkpt>
      <trkpt lat="50.872289" lon="12.648426">
        <ele>284.189169</ele>
        <time>2025-04-15T06:40:14.613Z</time>
      </trkpt>
      <trkpt lat="50.872267" lon="12.649283">
        <ele>280.625248</ele>
        <time>2025-04-15T06:40:19.432Z</time>
      </trkpt>
      <trkpt lat="50.872230" lon="12.650172">
        <ele>276.923279</ele>
        <time>2025-04-15T06:40:24.445Z</time>
      </trkpt>
      <trkpt lat="50.872190" lon="12.651012">
        <ele>273.423013</ele>
        <time>2025-04-15T06:40:29.373Z</time>
      </trkpt>
      <trkpt lat="50.872185" lon="12.651268">
        <ele>272.729426</ele>
        <time>2025-04-15T06:40:30.952Z</time>
      </trkpt>
      <trkpt lat="50.872181" lon="12.651403">
        <ele>272.563783</ele>
        <time>2025-04-15T06:40:31.784Z</time>
      </trkpt>
      <trkpt lat="50.872162" lon="12.651911">
        <ele>271.940068</ele>
        <time>2025-04-15T06:40:35.011Z</time>
      </trkpt>
      <trkpt lat="50.872149" lon="12.652923">
        <ele>270.699466</ele>
        <time>2025-04-15T06:40:42.103Z</time>
      </trkpt>
      <trkpt lat="50.872203" lon="12.653118">
        <ele>270.438468</ele>
        <time>2025-04-15T06:40:43.748Z</time>
      </trkpt>
      <trkpt lat="50.872450" lon="12.653732">
        <ele>269.546027</ele>
        <time>2025-04-15T06:40:50.539Z</time>
      </trkpt>
      <trkpt lat="50.872516" lon="12.654061">
        <ele>269.425172</ele>
        <time>2025-04-15T06:40:54.059Z</time>
      </trkpt>
      <trkpt lat="50.872513" lon="12.654231">
        <ele>269.451606</ele>
        <time>2025-04-15T06:40:55.736Z</time>
      </trkpt>
      <trkpt lat="50.872442" lon="12.654597">
        <ele>269.511121</ele>
        <time>2025-04-15T06:40:59.342Z</time>
      </trkpt>
      <trkpt lat="50.872295" lon="12.655072">
        <ele>269.593351</ele>
        <time>2025-04-15T06:41:03.955Z</time>
      </trkpt>
      <trkpt lat="50.872156" lon="12.655512">
        <ele>269.669833</ele>
        <time>2025-04-15T06:41:08.075Z</time>
      </trkpt>
      <trkpt lat="50.872062" lon="12.655856">
        <ele>269.728099</ele>
        <time>2025-04-15T06:41:11.360Z</time>
      </trkpt>
      <trkpt lat="50.872027" lon="12.656087">
        <ele>269.765025</ele>
        <time>2025-04-15T06:41:13.792Z</time>
      </trkpt>
      <trkpt lat="50.871982" lon="12.656501">
        <ele>269.830322</ele>
        <time>2025-04-15T06:41:18.962Z</time>
      </trkpt>
      <trkpt lat="50.871902" lon="12.657070">
        <ele>270.651629</ele>
        <time>2025-04-15T06:41:27.296Z</time>
      </trkpt>
      <trkpt lat="50.871781" lon="12.657413">
        <ele>271.227118</ele>
        <time>2025-04-15T06:41:33.215Z</time>
      </trkpt>
      <trkpt lat="50.871578" lon="12.657606">
        <ele>271.776514</ele>
        <time>2025-04-15T06:41:38.962Z</time>
      </trkpt>
      <trkpt lat="50.870813" lon="12.657997">
        <ele>273.641941</ele>
        <time>2025-04-15T06:41:59.843Z</time>
      </trkpt>
      <trkpt lat="50.870688" lon="12.658006">
        <ele>273.932332</ele>
        <time>2025-04-15T06:42:03.161Z</time>
      </trkpt>
      <trkpt lat="50.870412" lon="12.657920">
        <ele>274.556536</ele>
        <time>2025-04-15T06:42:10.592Z</time>
      </trkpt>
      <trkpt lat="50.870000" lon="12.657908">
        <ele>275.465446</ele>
        <time>2025-04-15T06:42:21.786Z</time>
      </trkpt>
      <trkpt lat="50.869852" lon="12.657844">
        <ele>275.803830</ele>
        <time>2025-04-15T06:42:25.459Z</time>
      </trkpt>
      <trkpt lat="50.869732" lon="12.657796">
        <ele>276.076819</ele>
        <time>2025-04-15T06:42:28.264Z</time>
      </trkpt>
      <trkpt lat="50.869705" lon="12.657783">
        <ele>276.139062</ele>
        <time>2025-04-15T06:42:28.837Z</time>
      </trkpt>
      <trkpt lat="50.869509" lon="12.657738">
        <ele>276.575897</ele>
        <time>2025-04-15T06:42:32.880Z</time>
      </trkpt>
      <trkpt lat="50.869281" lon="12.657784">
        <ele>277.082861</ele>
        <time>2025-04-15T06:42:37.985Z</time>
      </trkpt>
      <trkpt lat="50.869159" lon="12.657876">
        <ele>277.380879</ele>
        <time>2025-04-15T06:42:41.156Z</time>
      </trkpt>
      <trkpt lat="50.868627" lon="12.658590">
        <ele>278.048729</ele>
        <time>2025-04-15T06:42:56.781Z</time>
      </trkpt>
      <trkpt lat="50.868133" lon="12.659101">
        <ele>278.149575</ele>
        <time>2025-04-15T06:43:05.166Z</time>
      </trkpt>
      <trkpt lat="50.867971" lon="12.659338">
        <ele>278.187266</ele>
        <time>2025-04-15T06:43:07.998Z</time>
      </trkpt>
      <trkpt lat="50.867685" lon="12.659913">
        <ele>278.266247</ele>
        <time>2025-04-15T06:43:14.444Z</time>
      </trkpt>
      <trkpt lat="50.867564" lon="12.660104">
        <ele>278.227538</ele>
        <time>2025-04-15T06:43:16.654Z</time>
      </trkpt>
      <trkpt lat="50.867328" lon="12.660273">
        <ele>278.028138</ele>
        <time>2025-04-15T06:43:19.674Z</time>
      </trkpt>
      <trkpt lat="50.866820" lon="12.660408">
        <ele>277.631550</ele>
        <time>2025-04-15T06:43:25.468Z</time>
      </trkpt>
      <trkpt lat="50.866599" lon="12.660599">
        <ele>277.437728</ele>
        <time>2025-04-15T06:43:28.557Z</time>
      </trkpt>
      <trkpt lat="50.866582" lon="12.660620">
        <ele>277.421131</ele>
        <time>2025-04-15T06:43:28.827Z</time>
      </trkpt>
      <trkpt lat="50.866487" lon="12.660733">
        <ele>277.329671</ele>
        <time>2025-04-15T06:43:30.357Z</time>
      </trkpt>
      <trkpt lat="50.866426" lon="12.660809">
        <ele>277.269924</ele>
        <time>2025-04-15T06:43:31.378Z</time>
      </trkpt>
      <trkpt lat="50.866376" lon="12.660871">
        <ele>277.221040</ele>
        <time>2025-04-15T06:43:32.235Z</time>
      </trkpt>
      <trkpt lat="50.866135" lon="12.661157">
        <ele>276.989211</ele>
        <time>2025-04-15T06:43:36.449Z</time>
      </trkpt>
      <trkpt lat="50.865877" lon="12.661461">
        <ele>277.099107</ele>
        <time>2025-04-15T06:43:41.360Z</time>
      </trkpt>
      <trkpt lat="50.865474" lon="12.662129">
        <ele>277.674961</ele>
        <time>2025-04-15T06:43:51.144Z</time>
      </trkpt>
      <trkpt lat="50.865374" lon="12.662243">
        <ele>277.796597</ele>
        <time>2025-04-15T06:43:53.457Z</time>
      </trkpt>
      <trkpt lat="50.865227" lon="12.662316">
        <ele>277.948700</ele>
        <time>2025-04-15T06:43:56.483Z</time>
      </trkpt>
      <trkpt lat="50.864537" lon="12.662359">
        <ele>278.630499</ele>
        <time>2025-04-15T06:44:11.401Z</time>
      </trkpt>
      <trkpt lat="50.864363" lon="12.662429">
        <ele>278.880861</ele>
        <time>2025-04-15T06:44:15.421Z</time>
      </trkpt>
      <trkpt lat="50.864270" lon="12.662519">
        <ele>279.047347</ele>
        <time>2025-04-15T06:44:17.891Z</time>
      </trkpt>
      <trkpt lat="50.864181" lon="12.662665">
        <ele>279.243066</ele>
        <time>2025-04-15T06:44:20.832Z</time>
      </trkpt>
      <trkpt lat="50.864148" lon="12.662774">
        <ele>279.359635</ele>
        <time>2025-04-15T06:44:22.561Z</time>
      </trkpt>
      <trkpt lat="50.864094" lon="12.662987">
        <ele>279.580968</ele>
        <time>2025-04-15T06:44:25.771Z</time>
      </trkpt>
      <trkpt lat="50.863946" lon="12.663602">
        <ele>280.215622</ele>
        <time>2025-04-15T06:44:34.723Z</time>
      </trkpt>
      <trkpt lat="50.863789" lon="12.664239">
        <ele>280.875019</ele>
        <time>2025-04-15T06:44:43.809Z</time>
      </trkpt>
      <trkpt lat="50.863743" lon="12.664349">
        <ele>281.002255</ele>
        <time>2025-04-15T06:44:45.498Z</time>
      </trkpt>
      <trkpt lat="50.863526" lon="12.664772">
        <ele>281.464307</ele>
        <time>2025-04-15T06:44:52.041Z</time>
      </trkpt>
      <trkpt lat="50.863384" lon="12.664969">
        <ele>281.579526</ele>
        <time>2025-04-15T06:44:55.478Z</time>
      </trkpt>
      <trkpt lat="50.862764" lon="12.665533">
        <ele>282.015954</ele>
        <time>2025-04-15T06:45:07.801Z</time>
      </trkpt>
      <trkpt lat="50.862570" lon="12.665708">
        <ele>282.152232</ele>
        <time>2025-04-15T06:45:11.483Z</time>
      </trkpt>
      <trkpt lat="50.862469" lon="12.665798">
        <ele>282.222970</ele>
        <time>2025-04-15T06:45:13.394Z</time>
      </trkpt>
      <trkpt lat="50.862168" lon="12.666101">
        <ele>282.440668</ele>
        <time>2025-04-15T06:45:19.143Z</time>
      </trkpt>
      <trkpt lat="50.861925" lon="12.666618">
        <ele>282.804115</ele>
        <time>2025-04-15T06:45:25.646Z</time>
      </trkpt>
      <trkpt lat="50.861767" lon="12.667059">
        <ele>283.132510</ele>
        <time>2025-04-15T06:45:31.111Z</time>
      </trkpt>
      <trkpt lat="50.861657" lon="12.667256">
        <ele>283.302844</ele>
        <time>2025-04-15T06:45:34.031Z</time>
      </trkpt>
      <trkpt lat="50.861557" lon="12.667346">
        <ele>283.420844</ele>
        <time>2025-04-15T06:45:36.044Z</time>
      </trkpt>
      <trkpt lat="50.861545" lon="12.667354">
        <ele>283.434201</ele>
        <time>2025-04-15T06:45:36.274Z</time>
      </trkpt>
      <trkpt lat="50.861295" lon="12.667351">
        <ele>283.690710</ele>
        <time>2025-04-15T06:45:40.934Z</time>
      </trkpt>
      <trkpt lat="50.860918" lon="12.667175">
        <ele>284.093957</ele>
        <time>2025-04-15T06:45:49.098Z</time>
      </trkpt>
      <trkpt lat="50.860480" lon="12.666977">
        <ele>284.693458</ele>
        <time>2025-04-15T06:45:59.585Z</time>
      </trkpt>
      <trkpt lat="50.860342" lon="12.666979">
        <ele>284.930597</ele>
        <time>2025-04-15T06:46:02.633Z</time>
      </trkpt>
      <trkpt lat="50.860008" lon="12.667369">
        <ele>285.643561</ele>
        <time>2025-04-15T06:46:11.608Z</time>
      </trkpt>
      <trkpt lat="50.859847" lon="12.667408">
        <ele>285.923426</ele>
        <time>2025-04-15T06:46:15.176Z</time>
      </trkpt>
      <trkpt lat="50.859684" lon="12.667307">
        <ele>286.224174</ele>
        <time>2025-04-15T06:46:19.042Z</time>
      </trkpt>
      <trkpt lat="50.859642" lon="12.667231">
        <ele>286.333735</ele>
        <time>2025-04-15T06:46:20.396Z</time>
      </trkpt>
      <trkpt lat="50.859597" lon="12.667047">
        <ele>286.547765</ele>
        <time>2025-04-15T06:46:23.306Z</time>
      </trkpt>
      <trkpt lat="50.859545" lon="12.666684">
        <ele>286.951503</ele>
        <time>2025-04-15T06:46:28.717Z</time>
      </trkpt>
      <trkpt lat="50.859471" lon="12.666449">
        <ele>287.236351</ele>
        <time>2025-04-15T06:46:32.366Z</time>
      </trkpt>
      <trkpt lat="50.859405" lon="12.666316">
        <ele>287.419850</ele>
        <time>2025-04-15T06:46:34.620Z</time>
      </trkpt>
      <trkpt lat="50.859149" lon="12.665953">
        <ele>287.766301</ele>
        <time>2025-04-15T06:46:41.491Z</time>
      </trkpt>
      <trkpt lat="50.859086" lon="12.665848">
        <ele>287.854271</ele>
        <time>2025-04-15T06:46:43.131Z</time>
      </trkpt>
      <trkpt lat="50.859021" lon="12.665785">
        <ele>287.927577</ele>
        <time>2025-04-15T06:46:44.533Z</time>
      </trkpt>
      <trkpt lat="50.858916" lon="12.665755">
        <ele>288.030219</ele>
        <time>2025-04-15T06:46:46.520Z</time>
      </trkpt>
      <trkpt lat="50.858204" lon="12.665733">
        <ele>288.715306</ele>
        <time>2025-04-15T06:47:00.041Z</time>
      </trkpt>
      <trkpt lat="50.857743" lon="12.665600">
        <ele>289.166090</ele>
        <time>2025-04-15T06:47:08.154Z</time>
      </trkpt>
      <trkpt lat="50.857710" lon="12.665605">
        <ele>289.190489</ele>
        <time>2025-04-15T06:47:08.681Z</time>
      </trkpt>
      <trkpt lat="50.857631" lon="12.665623">
        <ele>289.217708</ele>
        <time>2025-04-15T06:47:09.962Z</time>
      </trkpt>
      <trkpt lat="50.857423" lon="12.665665">
        <ele>289.289217</ele>
        <time>2025-04-15T06:47:13.274Z</time>
      </trkpt>
      <trkpt lat="50.857222" lon="12.665775">
        <ele>289.361740</ele>
        <time>2025-04-15T06:47:16.590Z</time>
      </trkpt>
      <trkpt lat="50.857011" lon="12.665947">
        <ele>289.442667</ele>
        <time>2025-04-15T06:47:20.159Z</time>
      </trkpt>
      <trkpt lat="50.856969" lon="12.666005">
        <ele>289.461668</ele>
        <time>2025-04-15T06:47:21.013Z</time>
      </trkpt>
      <trkpt lat="50.856636" lon="12.666412">
        <ele>289.605105</ele>
        <time>2025-04-15T06:47:27.381Z</time>
      </trkpt>
      <trkpt lat="50.856449" lon="12.666879">
        <ele>289.724162</ele>
        <time>2025-04-15T06:47:32.873Z</time>
      </trkpt>
      <trkpt lat="50.856366" lon="12.667013">
        <ele>289.764578</ele>
        <time>2025-04-15T06:47:34.860Z</time>
      </trkpt>
      <trkpt lat="50.856345" lon="12.667044">
        <ele>289.774367</ele>
        <time>2025-04-15T06:47:35.360Z</time>
      </trkpt>
      <trkpt lat="50.856214" lon="12.667209">
        <ele>289.931019</ele>
        <time>2025-04-15T06:47:38.291Z</time>
      </trkpt>
      <trkpt lat="50.855990" lon="12.667362">
        <ele>290.275772</ele>
        <time>2025-04-15T06:47:42.717Z</time>
      </trkpt>
      <trkpt lat="50.855773" lon="12.667456">
        <ele>290.593716</ele>
        <time>2025-04-15T06:47:46.993Z</time>
      </trkpt>
      <trkpt lat="50.855492" lon="12.667507">
        <ele>290.993449</ele>
        <time>2025-04-15T06:47:52.641Z</time>
      </trkpt>
      <trkpt lat="50.854598" lon="12.667618">
        <ele>292.260807</ele>
        <time>2025-04-15T06:48:12.006Z</time>
      </trkpt>
      <trkpt lat="50.854444" lon="12.667703">
        <ele>292.541628</ele>
        <time>2025-04-15T06:48:15.952Z</time>
      </trkpt>
      <trkpt lat="50.854270" lon="12.667940">
        <ele>292.975152</ele>
        <time>2025-04-15T06:48:21.690Z</time>
      </trkpt>
      <trkpt lat="50.854194" lon="12.668091">
        <ele>293.205467</ele>
        <time>2025-04-15T06:48:24.727Z</time>
      </trkpt>
      <trkpt lat="50.854127" lon="12.668279">
        <ele>293.462939</ele>
        <time>2025-04-15T06:48:28.110Z</time>
      </trkpt>
      <trkpt lat="50.854075" lon="12.668418">
        <ele>293.655634</ele>
        <time>2025-04-15T06:48:30.587Z</time>
      </trkpt>
      <trkpt lat="50.854058" lon="12.668556">
        <ele>293.823320</ele>
        <time>2025-04-15T06:48:32.774Z</time>
      </trkpt>
      <trkpt lat="50.854102" lon="12.669218">
        <ele>294.617199</ele>
        <time>2025-04-15T06:48:42.526Z</time>
      </trkpt>
      <trkpt lat="50.854087" lon="12.669970">
        <ele>295.514497</ele>
        <time>2025-04-15T06:48:52.730Z</time>
      </trkpt>
      <trkpt lat="50.854026" lon="12.670205">
        <ele>295.756716</ele>
        <time>2025-04-15T06:48:56.033Z</time>
      </trkpt>
      <trkpt lat="50.853697" lon="12.670859">
        <ele>295.974744</ele>
        <time>2025-04-15T06:49:05.302Z</time>
      </trkpt>
      <trkpt lat="50.853591" lon="12.671122">
        <ele>296.056097</ele>
        <time>2025-04-15T06:49:08.153Z</time>
      </trkpt>
      <trkpt lat="50.853534" lon="12.671468">
        <ele>296.149328</ele>
        <time>2025-04-15T06:49:11.455Z</time>
      </trkpt>
      <trkpt lat="50.853490" lon="12.671952">
        <ele>296.276820</ele>
        <time>2025-04-15T06:49:16.347Z</time>
      </trkpt>
      <trkpt lat="50.853470" lon="12.672633">
        <ele>296.454565</ele>
        <time>2025-04-15T06:49:23.288Z</time>
      </trkpt>
      <trkpt lat="50.853474" lon="12.672884">
        <ele>296.513427</ele>
        <time>2025-04-15T06:49:25.588Z</time>
      </trkpt>
      <trkpt lat="50.853456" lon="12.673816">
        <ele>296.713743</ele>
        <time>2025-04-15T06:49:33.865Z</time>
      </trkpt>
      <trkpt lat="50.853383" lon="12.674320">
        <ele>296.824832</ele>
        <time>2025-04-15T06:49:39.504Z</time>
      </trkpt>
      <trkpt lat="50.853327" lon="12.674532">
        <ele>296.874202</ele>
        <time>2025-04-15T06:49:42.270Z</time>
      </trkpt>
      <trkpt lat="50.853299" lon="12.674610">
        <ele>296.893479</ele>
        <time>2025-04-15T06:49:43.302Z</time>
      </trkpt>
      <trkpt lat="50.853221" lon="12.674787">
        <ele>296.939852</ele>
        <time>2025-04-15T06:49:45.835Z</time>
      </trkpt>
      <trkpt lat="50.852935" lon="12.675250">
        <ele>297.079014</ele>
        <time>2025-04-15T06:49:52.781Z</time>
      </trkpt>
      <trkpt lat="50.852913" lon="12.675283">
        <ele>297.089324</ele>
        <time>2025-04-15T06:49:53.194Z</time>
      </trkpt>
      <trkpt lat="50.852754" lon="12.675589">
        <ele>297.188845</ele>
        <time>2025-04-15T06:49:56.814Z</time>
      </trkpt>
      <trkpt lat="50.852507" lon="12.676167">
        <ele>297.365787</ele>
        <time>2025-04-15T06:50:03.728Z</time>
      </trkpt>
      <trkpt lat="50.852318" lon="12.676406">
        <ele>297.462901</ele>
        <time>2025-04-15T06:50:08.069Z</time>
      </trkpt>
      <trkpt lat="50.851838" lon="12.676952">
        <ele>297.700202</ele>
        <time>2025-04-15T06:50:18.057Z</time>
      </trkpt>
      <trkpt lat="50.851759" lon="12.677068">
        <ele>297.743459</ele>
        <time>2025-04-15T06:50:19.776Z</time>
      </trkpt>
      <trkpt lat="50.851657" lon="12.677226">
        <ele>297.800748</ele>
        <time>2025-04-15T06:50:22.039Z</time>
      </trkpt>
      <trkpt lat="50.851594" lon="12.677318">
        <ele>297.844874</ele>
        <time>2025-04-15T06:50:23.389Z</time>
      </trkpt>
      <trkpt lat="50.851436" lon="12.677483">
        <ele>297.961229</ele>
        <time>2025-04-15T06:50:26.350Z</time>
      </trkpt>
      <trkpt lat="50.850636" lon="12.677834">
        <ele>298.471605</ele>
        <time>2025-04-15T06:50:39.950Z</time>
      </trkpt>
      <trkpt lat="50.850477" lon="12.677946">
        <ele>298.578592</ele>
        <time>2025-04-15T06:50:43.182Z</time>
      </trkpt>
      <trkpt lat="50.850222" lon="12.678218">
        <ele>298.767608</ele>
        <time>2025-04-15T06:50:48.852Z</time>
      </trkpt>
      <trkpt lat="50.850016" lon="12.678399">
        <ele>298.912443</ele>
        <time>2025-04-15T06:50:53.225Z</time>
      </trkpt>
      <trkpt lat="50.849862" lon="12.678423">
        <ele>299.060596</ele>
        <time>2025-04-15T06:50:56.156Z</time>
      </trkpt>
      <trkpt lat="50.849722" lon="12.678425">
        <ele>299.200437</ele>
        <time>2025-04-15T06:50:58.852Z</time>
      </trkpt>
      <trkpt lat="50.849620" lon="12.678472">
        <ele>299.306540</ele>
        <time>2025-04-15T06:51:00.936Z</time>
      </trkpt>
      <trkpt lat="50.849464" lon="12.678627">
        <ele>299.490477</ele>
        <time>2025-04-15T06:51:04.422Z</time>
      </trkpt>
      <trkpt lat="50.849344" lon="12.678832">
        <ele>299.666767</ele>
        <time>2025-04-15T06:51:07.717Z</time>
      </trkpt>
      <trkpt lat="50.849123" lon="12.679332">
        <ele>300.051664</ele>
        <time>2025-04-15T06:51:15.164Z</time>
      </trkpt>
      <trkpt lat="50.849068" lon="12.679582">
        <ele>300.218615</ele>
        <time>2025-04-15T06:51:18.460Z</time>
      </trkpt>
      <trkpt lat="50.849096" lon="12.679859">
        <ele>300.395522</ele>
        <time>2025-04-15T06:51:21.817Z</time>
      </trkpt>
      <trkpt lat="50.849085" lon="12.680112">
        <ele>300.555446</ele>
        <time>2025-04-15T06:51:24.735Z</time>
      </trkpt>
      <trkpt lat="50.849022" lon="12.680291">
        <ele>300.684681</ele>
        <time>2025-04-15T06:51:27.161Z</time>
      </trkpt>
      <trkpt lat="50.848584" lon="12.680981">
        <ele>301.035456</ele>
        <time>2025-04-15T06:51:38.069Z</time>
      </trkpt>
      <trkpt lat="50.848385" lon="12.681283">
        <ele>301.184905</ele>
        <time>2025-04-15T06:51:42.564Z</time>
      </trkpt>
      <trkpt lat="50.848198" lon="12.681567">
        <ele>301.325392</ele>
        <time>2025-04-15T06:51:46.832Z</time>
      </trkpt>
      <trkpt lat="50.848002" lon="12.681838">
        <ele>301.466475</ele>
        <time>2025-04-15T06:51:51.190Z</time>
      </trkpt>
      <trkpt lat="50.847823" lon="12.681958">
        <ele>301.571876</ele>
        <time>2025-04-15T06:51:54.490Z</time>
      </trkpt>
      <trkpt lat="50.847384" lon="12.682083">
        <ele>301.890678</ele>
        <time>2025-04-15T06:52:01.908Z</time>
      </trkpt>
      <trkpt lat="50.846875" lon="12.682261">
        <ele>302.355776</ele>
        <time>2025-04-15T06:52:10.279Z</time>
      </trkpt>
      <trkpt lat="50.846552" lon="12.682414">
        <ele>302.656589</ele>
        <time>2025-04-15T06:52:16.299Z</time>
      </trkpt>
      <trkpt lat="50.846117" lon="12.682531">
        <ele>303.050278</ele>
        <time>2025-04-15T06:52:25.263Z</time>
      </trkpt>
      <trkpt lat="50.846069" lon="12.682541">
        <ele>303.093475</ele>
        <time>2025-04-15T06:52:26.286Z</time>
      </trkpt>
      <trkpt lat="50.845402" lon="12.682741">
        <ele>303.897120</ele>
        <time>2025-04-15T06:52:40.743Z</time>
      </trkpt>
      <trkpt lat="50.845246" lon="12.682871">
        <ele>304.132279</ele>
        <time>2025-04-15T06:52:44.482Z</time>
      </trkpt>
      <trkpt lat="50.845136" lon="12.683012">
        <ele>304.321063</ele>
        <time>2025-04-15T06:52:47.467Z</time>
      </trkpt>
      <trkpt lat="50.845007" lon="12.683284">
        <ele>304.607607</ele>
        <time>2025-04-15T06:52:51.926Z</time>
      </trkpt>
      <trkpt lat="50.844836" lon="12.683748">
        <ele>305.060151</ele>
        <time>2025-04-15T06:52:58.610Z</time>
      </trkpt>
      <trkpt lat="50.844819" lon="12.683792">
        <ele>305.103601</ele>
        <time>2025-04-15T06:52:59.240Z</time>
      </trkpt>
      <trkpt lat="50.844431" lon="12.684586">
        <ele>305.924819</ele>
        <time>2025-04-15T06:53:11.001Z</time>
      </trkpt>
      <trkpt lat="50.844347" lon="12.684741">
        <ele>306.080052</ele>
        <time>2025-04-15T06:53:13.243Z</time>
      </trkpt>
      <trkpt lat="50.844244" lon="12.684840">
        <ele>306.225065</ele>
        <time>2025-04-15T06:53:15.439Z</time>
      </trkpt>
      <trkpt lat="50.843720" lon="12.685175">
        <ele>306.905188</ele>
        <time>2025-04-15T06:53:26.306Z</time>
      </trkpt>
      <trkpt lat="50.843665" lon="12.685167">
        <ele>306.971663</ele>
        <time>2025-04-15T06:53:27.357Z</time>
      </trkpt>
      <trkpt lat="50.843603" lon="12.685110">
        <ele>307.057947</ele>
        <time>2025-04-15T06:53:28.811Z</time>
      </trkpt>
      <trkpt lat="50.843404" lon="12.684795">
        <ele>307.396586</ele>
        <time>2025-04-15T06:53:34.450Z</time>
      </trkpt>
      <trkpt lat="50.843236" lon="12.684662">
        <ele>307.622644</ele>
        <time>2025-04-15T06:53:38.437Z</time>
      </trkpt>
      <trkpt lat="50.843034" lon="12.684709">
        <ele>307.868750</ele>
        <time>2025-04-15T06:53:42.679Z</time>
      </trkpt>
      <trkpt lat="50.842974" lon="12.684750">
        <ele>307.953602</ele>
        <time>2025-04-15T06:53:44.018Z</time>
      </trkpt>
      <trkpt lat="50.842361" lon="12.685166">
        <ele>308.819580</ele>
        <time>2025-04-15T06:53:58.791Z</time>
      </trkpt>
      <trkpt lat="50.842127" lon="12.685315">
        <ele>309.147068</ele>
        <time>2025-04-15T06:54:04.177Z</time>
      </trkpt>
      <trkpt lat="50.842002" lon="12.685441">
        <ele>309.339470</ele>
        <time>2025-04-15T06:54:07.194Z</time>
      </trkpt>
      <trkpt lat="50.841887" lon="12.685623">
        <ele>309.550581</ele>
        <time>2025-04-15T06:54:10.432Z</time>
      </trkpt>
      <trkpt lat="50.841655" lon="12.686192">
        <ele>310.105938</ele>
        <time>2025-04-15T06:54:18.202Z</time>
      </trkpt>
      <trkpt lat="50.841586" lon="12.686266">
        <ele>310.201371</ele>
        <time>2025-04-15T06:54:19.666Z</time>
      </trkpt>
      <trkpt lat="50.841613" lon="12.686520">
        <ele>310.232541</ele>
        <time>2025-04-15T06:54:22.241Z</time>
      </trkpt>
      <trkpt lat="50.841454" lon="12.687379">
        <ele>310.340864</ele>
        <time>2025-04-15T06:54:31.092Z</time>
      </trkpt>
      <trkpt lat="50.841380" lon="12.688036">
        <ele>310.421624</ele>
        <time>2025-04-15T06:54:37.136Z</time>
      </trkpt>
      <trkpt lat="50.841233" lon="12.688764">
        <ele>310.514116</ele>
        <time>2025-04-15T06:54:44.037Z</time>
      </trkpt>
      <trkpt lat="50.841352" lon="12.689586">
        <ele>310.863374</ele>
        <time>2025-04-15T06:54:52.447Z</time>
      </trkpt>
      <trkpt lat="50.841357" lon="12.689778">
        <ele>310.966112</ele>
        <time>2025-04-15T06:54:54.626Z</time>
      </trkpt>
      <trkpt lat="50.841307" lon="12.690236">
        <ele>311.214609</ele>
        <time>2025-04-15T06:55:00.192Z</time>
      </trkpt>
      <trkpt lat="50.841183" lon="12.690691">
        <ele>311.479558</ele>
        <time>2025-04-15T06:55:06.319Z</time>
      </trkpt>
      <trkpt lat="50.840948" lon="12.691223">
        <ele>311.826670</ele>
        <time>2025-04-15T06:55:14.322Z</time>
      </trkpt>
      <trkpt lat="50.840789" lon="12.691620">
        <ele>312.080308</ele>
        <time>2025-04-15T06:55:20.034Z</time>
      </trkpt>
      <trkpt lat="50.840692" lon="12.691822">
        <ele>312.243443</ele>
        <time>2025-04-15T06:55:23.046Z</time>
      </trkpt>
      <trkpt lat="50.840506" lon="12.692246">
        <ele>312.575327</ele>
        <time>2025-04-15T06:55:29.190Z</time>
      </trkpt>
      <trkpt lat="50.840317" lon="12.692443">
        <ele>312.805669</ele>
        <time>2025-04-15T06:55:33.436Z</time>
      </trkpt>
      <trkpt lat="50.840229" lon="12.692536">
        <ele>312.913371</ele>
        <time>2025-04-15T06:55:35.439Z</time>
      </trkpt>
      <trkpt lat="50.840069" lon="12.692885">
        <ele>313.190618</ele>
        <time>2025-04-15T06:55:40.355Z</time>
      </trkpt>
      <trkpt lat="50.839998" lon="12.693100">
        <ele>313.346591</ele>
        <time>2025-04-15T06:55:43.144Z</time>
      </trkpt>
      <trkpt lat="50.839865" lon="12.693497">
        <ele>313.635497</ele>
        <time>2025-04-15T06:55:48.519Z</time>
      </trkpt>
      <trkpt lat="50.839687" lon="12.694062">
        <ele>314.105587</ele>
        <time>2025-04-15T06:55:56.347Z</time>
      </trkpt>
      <trkpt lat="50.839596" lon="12.694331">
        <ele>314.389390</ele>
        <time>2025-04-15T06:55:59.899Z</time>
      </trkpt>
      <trkpt lat="50.839397" lon="12.694786">
        <ele>314.904115</ele>
        <time>2025-04-15T06:56:06.644Z</time>
      </trkpt>
      <trkpt lat="50.839225" lon="12.695102">
        <ele>315.292094</ele>
        <time>2025-04-15T06:56:11.973Z</time>
      </trkpt>
      <trkpt lat="50.838938" lon="12.695878">
        <ele>316.128437</ele>
        <time>2025-04-15T06:56:24.320Z</time>
      </trkpt>
      <trkpt lat="50.838891" lon="12.695994">
        <ele>316.256614</ele>
        <time>2025-04-15T06:56:26.304Z</time>
      </trkpt>
      <trkpt lat="50.838879" lon="12.696021">
        <ele>316.287319</ele>
        <time>2025-04-15T06:56:26.760Z</time>
      </trkpt>
      <trkpt lat="50.838372" lon="12.696945">
        <ele>318.086307</ele>
        <time>2025-04-15T06:56:44.139Z</time>
      </trkpt>
      <trkpt lat="50.838353" lon="12.697040">
        <ele>318.248620</ele>
        <time>2025-04-15T06:56:45.654Z</time>
      </trkpt>
      <trkpt lat="50.838373" lon="12.697583">
        <ele>319.134575</ele>
        <time>2025-04-15T06:56:54.220Z</time>
      </trkpt>
      <trkpt lat="50.838351" lon="12.697905">
        <ele>319.662118</ele>
        <time>2025-04-15T06:56:59.472Z</time>
      </trkpt>
      <trkpt lat="50.838250" lon="12.698454">
        <ele>320.593516</ele>
        <time>2025-04-15T06:57:09.011Z</time>
      </trkpt>
      <trkpt lat="50.838103" lon="12.698869">
        <ele>321.480179</ele>
        <time>2025-04-15T06:57:17.416Z</time>
      </trkpt>
      <trkpt lat="50.837628" lon="12.699578">
        <ele>324.191671</ele>
        <time>2025-04-15T06:57:37.220Z</time>
      </trkpt>
      <trkpt lat="50.837588" lon="12.699693">
        <ele>324.536076</ele>
        <time>2025-04-15T06:57:39.901Z</time>
      </trkpt>
      <trkpt lat="50.837582" lon="12.699715">
        <ele>324.598939</ele>
        <time>2025-04-15T06:57:40.376Z</time>
      </trkpt>
      <trkpt lat="50.836978" lon="12.700838">
        <ele>328.468467</ele>
        <time>2025-04-15T06:58:11.039Z</time>
      </trkpt>
      <trkpt lat="50.836751" lon="12.701170">
        <ele>329.911931</ele>
        <time>2025-04-15T06:58:21.253Z</time>
      </trkpt>
      <trkpt lat="50.836521" lon="12.701587">
        <ele>331.576345</ele>
        <time>2025-04-15T06:58:33.283Z</time>
      </trkpt>
      <trkpt lat="50.836219" lon="12.702312">
        <ele>334.187317</ele>
        <time>2025-04-15T06:58:52.834Z</time>
      </trkpt>
      <trkpt lat="50.836172" lon="12.702390">
        <ele>334.511419</ele>
        <time>2025-04-15T06:58:55.210Z</time>
      </trkpt>
      <trkpt lat="50.835907" lon="12.702877">
        <ele>336.443987</ele>
        <time>2025-04-15T06:59:08.715Z</time>
      </trkpt>
      <trkpt lat="50.835679" lon="12.703354">
        <ele>338.064121</ele>
        <time>2025-04-15T06:59:20.725Z</time>
      </trkpt>
      <trkpt lat="50.835548" lon="12.703566">
        <ele>338.800437</ele>
        <time>2025-04-15T06:59:26.625Z</time>
      </trkpt>
      <trkpt lat="50.835402" lon="12.703735">
        <ele>339.511348</ele>
        <time>2025-04-15T06:59:32.449Z</time>
      </trkpt>
      <trkpt lat="50.835147" lon="12.704210">
        <ele>341.059027</ele>
        <time>2025-04-15T06:59:44.702Z</time>
      </trkpt>
      <trkpt lat="50.835051" lon="12.704425">
        <ele>341.712706</ele>
        <time>2025-04-15T06:59:49.781Z</time>
      </trkpt>
      <trkpt lat="50.834990" lon="12.704714">
        <ele>342.469179</ele>
        <time>2025-04-15T06:59:55.569Z</time>
      </trkpt>
      <trkpt lat="50.834809" lon="12.705550">
        <ele>344.564139</ele>
        <time>2025-04-15T07:00:11.470Z</time>
      </trkpt>
      <trkpt lat="50.834635" lon="12.706295">
        <ele>346.013674</ele>
        <time>2025-04-15T07:00:25.533Z</time>
      </trkpt>
      <trkpt lat="50.834452" lon="12.706837">
        <ele>347.135246</ele>
        <time>2025-04-15T07:00:36.508Z</time>
      </trkpt>
      <trkpt lat="50.834378" lon="12.707012">
        <ele>347.519578</ele>
        <time>2025-04-15T07:00:40.149Z</time>
      </trkpt>
      <trkpt lat="50.834230" lon="12.707232">
        <ele>348.106152</ele>
        <time>2025-04-15T07:00:45.580Z</time>
      </trkpt>
      <trkpt lat="50.833980" lon="12.707358">
        <ele>348.864242</ele>
        <time>2025-04-15T07:00:51.993Z</time>
      </trkpt>
      <trkpt lat="50.833591" lon="12.707467">
        <ele>349.810975</ele>
        <time>2025-04-15T07:01:00.467Z</time>
      </trkpt>
      <trkpt lat="50.833185" lon="12.707429">
        <ele>350.545363</ele>
        <time>2025-04-15T07:01:09.075Z</time>
      </trkpt>
      <trkpt lat="50.833302" lon="12.707905">
        <ele>351.127871</ele>
        <time>2025-04-15T07:01:16.024Z</time>
      </trkpt>
      <trkpt lat="50.833613" lon="12.709021">
        <ele>352.518974</ele>
        <time>2025-04-15T07:01:31.477Z</time>
      </trkpt>
      <trkpt lat="50.834194" lon="12.710082">
        <ele>355.870386</ele>
        <time>2025-04-15T07:01:54.893Z</time>
      </trkpt>
      <trkpt lat="50.834390" lon="12.710345">
        <ele>356.919964</ele>
        <time>2025-04-15T07:02:03.531Z</time>
      </trkpt>
      <trkpt lat="50.834602" lon="12.710572">
        <ele>357.965493</ele>
        <time>2025-04-15T07:02:12.607Z</time>
      </trkpt>
      <trkpt lat="50.834867" lon="12.710855">
        <ele>359.271319</ele>
        <time>2025-04-15T07:02:24.486Z</time>
      </trkpt>
      <trkpt lat="50.835161" lon="12.711306">
        <ele>360.883328</ele>
        <time>2025-04-15T07:02:39.939Z</time>
      </trkpt>
      <trkpt lat="50.835392" lon="12.711594">
        <ele>362.000377</ele>
        <time>2025-04-15T07:02:50.648Z</time>
      </trkpt>
      <trkpt lat="50.835737" lon="12.711857">
        <ele>363.455140</ele>
        <time>2025-04-15T07:03:03.324Z</time>
      </trkpt>
      <trkpt lat="50.836642" lon="12.712366">
        <ele>367.088749</ele>
        <time>2025-04-15T07:03:27.056Z</time>
      </trkpt>
      <trkpt lat="50.836828" lon="12.712483">
        <ele>367.787557</ele>
        <time>2025-04-15T07:03:31.817Z</time>
      </trkpt>
      <trkpt lat="50.836924" lon="12.712578">
        <ele>368.182827</ele>
        <time>2025-04-15T07:03:34.580Z</time>
      </trkpt>
      <trkpt lat="50.836992" lon="12.712701">
        <ele>368.543291</ele>
        <time>2025-04-15T07:03:37.123Z</time>
      </trkpt>
      <trkpt lat="50.837017" lon="12.712972">
        <ele>369.147203</ele>
        <time>2025-04-15T07:03:41.564Z</time>
      </trkpt>
      <trkpt lat="50.836998" lon="12.713335">
        <ele>369.950382</ele>
        <time>2025-04-15T07:03:47.681Z</time>
      </trkpt>
      <trkpt lat="50.836851" lon="12.714810">
        <ele>373.256468</ele>
        <time>2025-04-15T07:04:17.319Z</time>
      </trkpt>
      <trkpt lat="50.836778" lon="12.715309">
        <ele>374.707197</ele>
        <time>2025-04-15T07:04:28.455Z</time>
      </trkpt>
      <trkpt lat="50.836597" lon="12.716072">
        <ele>377.015656</ele>
        <time>2025-04-15T07:04:46.028Z</time>
      </trkpt>
      <trkpt lat="50.836037" lon="12.718028">
        <ele>383.123599</ele>
        <time>2025-04-15T07:05:29.990Z</time>
      </trkpt>
      <trkpt lat="50.835879" lon="12.718774">
        <ele>385.382840</ele>
        <time>2025-04-15T07:05:45.584Z</time>
      </trkpt>
      <trkpt lat="50.835800" lon="12.719767">
        <ele>388.256590</ele>
        <time>2025-04-15T07:06:06.169Z</time>
      </trkpt>
      <trkpt lat="50.835845" lon="12.721607">
        <ele>394.212447</ele>
        <time>2025-04-15T07:06:47.886Z</time>
      </trkpt>
      <trkpt lat="50.835849" lon="12.721750">
        <ele>394.690418</ele>
        <time>2025-04-15T07:06:51.329Z</time>
      </trkpt>
      <trkpt lat="50.835868" lon="12.722344">
        <ele>396.676435</ele>
        <time>2025-04-15T07:07:05.546Z</time>
      </trkpt>
      <trkpt lat="50.835856" lon="12.722741">
        <ele>398.003608</ele>
        <time>2025-04-15T07:07:14.692Z</time>
      </trkpt>
      <trkpt lat="50.835772" lon="12.723424">
        <ele>400.200306</ele>
        <time>2025-04-15T07:07:30.205Z</time>
      </trkpt>
      <trkpt lat="50.835735" lon="12.723927">
        <ele>401.735549</ele>
        <time>2025-04-15T07:07:41.419Z</time>
      </trkpt>
      <trkpt lat="50.835750" lon="12.724473">
        <ele>403.392411</ele>
        <time>2025-04-15T07:07:53.164Z</time>
      </trkpt>
      <trkpt lat="50.835772" lon="12.724574">
        <ele>403.716312</ele>
        <time>2025-04-15T07:07:55.460Z</time>
      </trkpt>
      <trkpt lat="50.835832" lon="12.724709">
        <ele>404.216777</ele>
        <time>2025-04-15T07:07:58.940Z</time>
      </trkpt>
      <trkpt lat="50.836187" lon="12.725138">
        <ele>406.360519</ele>
        <time>2025-04-15T07:08:13.580Z</time>
      </trkpt>
      <trkpt lat="50.836241" lon="12.725273">
        <ele>406.844978</ele>
        <time>2025-04-15T07:08:16.863Z</time>
      </trkpt>
      <trkpt lat="50.836257" lon="12.725383">
        <ele>407.187190</ele>
        <time>2025-04-15T07:08:19.097Z</time>
      </trkpt>
      <trkpt lat="50.836302" lon="12.726076">
        <ele>409.013110</ele>
        <time>2025-04-15T07:08:33.662Z</time>
      </trkpt>
      <trkpt lat="50.836285" lon="12.726314">
        <ele>409.618102</ele>
        <time>2025-04-15T07:08:38.827Z</time>
      </trkpt>
      <trkpt lat="50.836178" lon="12.726864">
        <ele>411.071758</ele>
        <time>2025-04-15T07:08:50.784Z</time>
      </trkpt>
      <trkpt lat="50.836120" lon="12.727456">
        <ele>412.584968</ele>
        <time>2025-04-15T07:09:02.235Z</time>
      </trkpt>
      <trkpt lat="50.836100" lon="12.727829">
        <ele>413.530514</ele>
        <time>2025-04-15T07:09:09.049Z</time>
      </trkpt>
      <trkpt lat="50.836064" lon="12.728309">
        <ele>414.751460</ele>
        <time>2025-04-15T07:09:17.396Z</time>
      </trkpt>
      <trkpt lat="50.835959" lon="12.728901">
        <ele>416.336515</ele>
        <time>2025-04-15T07:09:27.932Z</time>
      </trkpt>
      <trkpt lat="50.835609" lon="12.729942">
        <ele>419.377588</ele>
        <time>2025-04-15T07:09:49.018Z</time>
      </trkpt>
      <trkpt lat="50.835543" lon="12.730158">
        <ele>419.996344</ele>
        <time>2025-04-15T07:09:53.978Z</time>
      </trkpt>
      <trkpt lat="50.835280" lon="12.730517">
        <ele>421.414142</ele>
        <time>2025-04-15T07:10:06.194Z</time>
      </trkpt>
      <trkpt lat="50.835072" lon="12.730777">
        <ele>422.567379</ele>
        <time>2025-04-15T07:10:16.016Z</time>
      </trkpt>
      <trkpt lat="50.834776" lon="12.731039">
        <ele>424.215590</ele>
        <time>2025-04-15T07:10:29.317Z</time>
      </trkpt>
      <trkpt lat="50.834664" lon="12.731224">
        <ele>425.002242</ele>
        <time>2025-04-15T07:10:35.834Z</time>
      </trkpt>
      <trkpt lat="50.834575" lon="12.731462">
        <ele>425.851277</ele>
        <time>2025-04-15T07:10:42.852Z</time>
      </trkpt>
      <trkpt lat="50.834542" lon="12.731539">
        <ele>426.136922</ele>
        <time>2025-04-15T07:10:45.156Z</time>
      </trkpt>
      <trkpt lat="50.834282" lon="12.732176">
        <ele>428.465100</ele>
        <time>2025-04-15T07:11:03.179Z</time>
      </trkpt>
      <trkpt lat="50.833887" lon="12.732926">
        <ele>430.934473</ele>
        <time>2025-04-15T07:11:20.450Z</time>
      </trkpt>
      <trkpt lat="50.833799" lon="12.733306">
        <ele>431.080205</ele>
        <time>2025-04-15T07:11:25.927Z</time>
      </trkpt>
      <trkpt lat="50.833789" lon="12.734301">
        <ele>431.438513</ele>
        <time>2025-04-15T07:11:36.510Z</time>
      </trkpt>
      <trkpt lat="50.833748" lon="12.734514">
        <ele>431.518689</ele>
        <time>2025-04-15T07:11:38.411Z</time>
      </trkpt>
      <trkpt lat="50.833710" lon="12.734626">
        <ele>431.564466</ele>
        <time>2025-04-15T07:11:39.424Z</time>
      </trkpt>
      <trkpt lat="50.832761" lon="12.736238">
        <ele>430.798530</ele>
        <time>2025-04-15T07:11:56.934Z</time>
      </trkpt>
      <trkpt lat="50.832033" lon="12.737455">
        <ele>429.207950</ele>
        <time>2025-04-15T07:12:09.222Z</time>
      </trkpt>
      <trkpt lat="50.831501" lon="12.738342">
        <ele>426.433684</ele>
        <time>2025-04-15T07:12:17.054Z</time>
      </trkpt>
      <trkpt lat="50.831122" lon="12.738848">
        <ele>424.653445</ele>
        <time>2025-04-15T07:12:21.814Z</time>
      </trkpt>
      <trkpt lat="50.831022" lon="12.738981">
        <ele>424.184468</ele>
        <time>2025-04-15T07:12:23.052Z</time>
      </trkpt>
      <trkpt lat="50.830679" lon="12.739414">
        <ele>422.614317</ele>
        <time>2025-04-15T07:12:27.255Z</time>
      </trkpt>
      <trkpt lat="50.830593" lon="12.739509">
        <ele>422.242228</ele>
        <time>2025-04-15T07:12:28.269Z</time>
      </trkpt>
      <trkpt lat="50.830272" lon="12.739687">
        <ele>421.035378</ele>
        <time>2025-04-15T07:12:31.564Z</time>
      </trkpt>
      <trkpt lat="50.830166" lon="12.739786">
        <ele>420.598690</ele>
        <time>2025-04-15T07:12:32.761Z</time>
      </trkpt>
      <trkpt lat="50.830098" lon="12.739921">
        <ele>420.211700</ele>
        <time>2025-04-15T07:12:33.838Z</time>
      </trkpt>
      <trkpt lat="50.830049" lon="12.740365">
        <ele>419.201534</ele>
        <time>2025-04-15T07:12:36.697Z</time>
      </trkpt>
      <trkpt lat="50.829982" lon="12.740524">
        <ele>418.773160</ele>
        <time>2025-04-15T07:12:37.942Z</time>
      </trkpt>
      <trkpt lat="50.829658" lon="12.741676">
        <ele>416.158507</ele>
        <time>2025-04-15T07:12:46.194Z</time>
      </trkpt>
      <trkpt lat="50.829559" lon="12.742259">
        <ele>415.207363</ele>
        <time>2025-04-15T07:12:50.161Z</time>
      </trkpt>
      <trkpt lat="50.829498" lon="12.742804">
        <ele>414.335327</ele>
        <time>2025-04-15T07:12:53.792Z</time>
      </trkpt>
      <trkpt lat="50.829487" lon="12.743164">
        <ele>413.767475</ele>
        <time>2025-04-15T07:12:56.177Z</time>
      </trkpt>
      <trkpt lat="50.829482" lon="12.743810">
        <ele>412.749610</ele>
        <time>2025-04-15T07:13:00.516Z</time>
      </trkpt>
      <trkpt lat="50.829487" lon="12.744253">
        <ele>412.112569</ele>
        <time>2025-04-15T07:13:03.567Z</time>
      </trkpt>
      <trkpt lat="50.829505" lon="12.744524">
        <ele>411.899260</ele>
        <time>2025-04-15T07:13:05.498Z</time>
      </trkpt>
      <trkpt lat="50.829568" lon="12.744903">
        <ele>411.592476</ele>
        <time>2025-04-15T07:13:08.355Z</time>
      </trkpt>
      <trkpt lat="50.829871" lon="12.746197">
        <ele>410.512168</ele>
        <time>2025-04-15T07:13:18.919Z</time>
      </trkpt>
      <trkpt lat="50.829905" lon="12.746341">
        <ele>410.391827</ele>
        <time>2025-04-15T07:13:20.120Z</time>
      </trkpt>
      <trkpt lat="50.829997" lon="12.746881">
        <ele>409.954010</ele>
        <time>2025-04-15T07:13:24.460Z</time>
      </trkpt>
      <trkpt lat="50.830089" lon="12.747535">
        <ele>409.648245</ele>
        <time>2025-04-15T07:13:29.855Z</time>
      </trkpt>
      <trkpt lat="50.830133" lon="12.747978">
        <ele>409.446532</ele>
        <time>2025-04-15T07:13:33.636Z</time>
      </trkpt>
      <trkpt lat="50.830137" lon="12.748405">
        <ele>409.254443</ele>
        <time>2025-04-15T07:13:37.347Z</time>
      </trkpt>
      <trkpt lat="50.830094" lon="12.748746">
        <ele>409.098031</ele>
        <time>2025-04-15T07:13:40.388Z</time>
      </trkpt>
      <trkpt lat="50.830004" lon="12.749156">
        <ele>408.902790</ele>
        <time>2025-04-15T07:13:44.113Z</time>
      </trkpt>
      <trkpt lat="50.829862" lon="12.749625">
        <ele>408.668844</ele>
        <time>2025-04-15T07:13:48.255Z</time>
      </trkpt>
      <trkpt lat="50.829764" lon="12.750067">
        <ele>408.052998</ele>
        <time>2025-04-15T07:13:51.715Z</time>
      </trkpt>
      <trkpt lat="50.829727" lon="12.750703">
        <ele>407.197040</ele>
        <time>2025-04-15T07:13:56.113Z</time>
      </trkpt>
      <trkpt lat="50.829721" lon="12.751380">
        <ele>406.289653</ele>
        <time>2025-04-15T07:14:00.649Z</time>
      </trkpt>
      <trkpt lat="50.829840" lon="12.752214">
        <ele>405.143785</ele>
        <time>2025-04-15T07:14:06.302Z</time>
      </trkpt>
      <trkpt lat="50.830015" lon="12.752989">
        <ele>404.059250</ele>
        <time>2025-04-15T07:14:11.700Z</time>
      </trkpt>
      <trkpt lat="50.830235" lon="12.753798">
        <ele>402.905905</ele>
        <time>2025-04-15T07:14:17.799Z</time>
      </trkpt>
      <trkpt lat="50.830259" lon="12.753885">
        <ele>402.781592</ele>
        <time>2025-04-15T07:14:18.513Z</time>
      </trkpt>
      <trkpt lat="50.830244" lon="12.753973">
        <ele>402.662240</ele>
        <time>2025-04-15T07:14:19.187Z</time>
      </trkpt>
      <trkpt lat="50.830296" lon="12.754015">
        <ele>402.541219</ele>
        <time>2025-04-15T07:14:19.863Z</time>
      </trkpt>
      <trkpt lat="50.830452" lon="12.754349">
        <ele>401.997282</ele>
        <time>2025-04-15T07:14:22.801Z</time>
      </trkpt>
      <trkpt lat="50.830884" lon="12.755338">
        <ele>400.547771</ele>
        <time>2025-04-15T07:14:31.192Z</time>
      </trkpt>
      <trkpt lat="50.830737" lon="12.755531">
        <ele>400.223096</ele>
        <time>2025-04-15T07:14:33.319Z</time>
      </trkpt>
      <trkpt lat="50.830686" lon="12.755746">
        <ele>399.976476</ele>
        <time>2025-04-15T07:14:34.952Z</time>
      </trkpt>
      <trkpt lat="50.830929" lon="12.756845">
        <ele>398.726106</ele>
        <time>2025-04-15T07:14:43.340Z</time>
      </trkpt>
      <trkpt lat="50.831035" lon="12.757875">
        <ele>397.773418</ele>
        <time>2025-04-15T07:14:50.784Z</time>
      </trkpt>
      <trkpt lat="50.831169" lon="12.758309">
        <ele>397.446475</ele>
        <time>2025-04-15T07:14:54.296Z</time>
      </trkpt>
      <trkpt lat="50.831496" lon="12.759232">
        <ele>396.730242</ele>
        <time>2025-04-15T07:15:02.264Z</time>
      </trkpt>
      <trkpt lat="50.832307" lon="12.761096">
        <ele>395.825023</ele>
        <time>2025-04-15T07:15:21.557Z</time>
      </trkpt>
      <trkpt lat="50.832417" lon="12.761359">
        <ele>395.754770</ele>
        <time>2025-04-15T07:15:24.542Z</time>
      </trkpt>
      <trkpt lat="50.832491" lon="12.761632">
        <ele>395.688607</ele>
        <time>2025-04-15T07:15:27.296Z</time>
      </trkpt>
      <trkpt lat="50.832673" lon="12.762428">
        <ele>395.500067</ele>
        <time>2025-04-15T07:15:34.715Z</time>
      </trkpt>
      <trkpt lat="50.832793" lon="12.763109">
        <ele>395.091009</ele>
        <time>2025-04-15T07:15:40.459Z</time>
      </trkpt>
      <trkpt lat="50.833011" lon="12.764003">
        <ele>394.532337</ele>
        <time>2025-04-15T07:15:47.809Z</time>
      </trkpt>
      <trkpt lat="50.833160" lon="12.764275">
        <ele>394.322436</ele>
        <time>2025-04-15T07:15:50.475Z</time>
      </trkpt>
      <trkpt lat="50.833579" lon="12.764897">
        <ele>393.807618</ele>
        <time>2025-04-15T07:15:57.296Z</time>
      </trkpt>
      <trkpt lat="50.833725" lon="12.765256">
        <ele>393.642283</ele>
        <time>2025-04-15T07:16:00.595Z</time>
      </trkpt>
      <trkpt lat="50.833905" lon="12.765406">
        <ele>393.517576</ele>
        <time>2025-04-15T07:16:03.189Z</time>
      </trkpt>
      <trkpt lat="50.834389" lon="12.765669">
        <ele>393.203853</ele>
        <time>2025-04-15T07:16:09.988Z</time>
      </trkpt>
      <trkpt lat="50.834827" lon="12.765735">
        <ele>392.934106</ele>
        <time>2025-04-15T07:16:15.830Z</time>
      </trkpt>
      <trkpt lat="50.835330" lon="12.765936">
        <ele>392.700687</ele>
        <time>2025-04-15T07:16:22.899Z</time>
      </trkpt>
      <trkpt lat="50.835772" lon="12.766242">
        <ele>392.614989</ele>
        <time>2025-04-15T07:16:29.917Z</time>
      </trkpt>
      <trkpt lat="50.836213" lon="12.766698">
        <ele>392.521421</ele>
        <time>2025-04-15T07:16:37.697Z</time>
      </trkpt>
      <trkpt lat="50.836519" lon="12.767000">
        <ele>392.457367</ele>
        <time>2025-04-15T07:16:43.116Z</time>
      </trkpt>
      <trkpt lat="50.836622" lon="12.767091">
        <ele>392.436413</ele>
        <time>2025-04-15T07:16:45.065Z</time>
      </trkpt>
      <trkpt lat="50.837566" lon="12.767953">
        <ele>390.858686</ele>
        <time>2025-04-15T07:16:59.075Z</time>
      </trkpt>
      <trkpt lat="50.837931" lon="12.768517">
        <ele>390.042649</ele>
        <time>2025-04-15T07:17:04.421Z</time>
      </trkpt>
      <trkpt lat="50.838416" lon="12.769266">
        <ele>388.655542</ele>
        <time>2025-04-15T07:17:11.278Z</time>
      </trkpt>
      <trkpt lat="50.838812" lon="12.769615">
        <ele>387.550784</ele>
        <time>2025-04-15T07:17:15.952Z</time>
      </trkpt>
      <trkpt lat="50.838839" lon="12.769670">
        <ele>387.443544</ele>
        <time>2025-04-15T07:17:16.424Z</time>
      </trkpt>
      <trkpt lat="50.839096" lon="12.770190">
        <ele>386.427047</ele>
        <time>2025-04-15T07:17:20.885Z</time>
      </trkpt>
      <trkpt lat="50.839498" lon="12.770897">
        <ele>385.071478</ele>
        <time>2025-04-15T07:17:27.572Z</time>
      </trkpt>
      <trkpt lat="50.839814" lon="12.771345">
        <ele>384.628533</ele>
        <time>2025-04-15T07:17:32.524Z</time>
      </trkpt>
      <trkpt lat="50.840065" lon="12.771874">
        <ele>384.192159</ele>
        <time>2025-04-15T07:17:37.574Z</time>
      </trkpt>
      <trkpt lat="50.840580" lon="12.772973">
        <ele>383.289626</ele>
        <time>2025-04-15T07:17:49.016Z</time>
      </trkpt>
      <trkpt lat="50.840578" lon="12.773042">
        <ele>383.226735</ele>
        <time>2025-04-15T07:17:49.580Z</time>
      </trkpt>
      <trkpt lat="50.840573" lon="12.773139">
        <ele>383.126260</ele>
        <time>2025-04-15T07:17:50.378Z</time>
      </trkpt>
      <trkpt lat="50.840479" lon="12.773810">
        <ele>382.416684</ele>
        <time>2025-04-15T07:17:55.633Z</time>
      </trkpt>
      <trkpt lat="50.840510" lon="12.773896">
        <ele>382.314451</ele>
        <time>2025-04-15T07:17:56.353Z</time>
      </trkpt>
      <trkpt lat="50.840634" lon="12.774246">
        <ele>381.900130</ele>
        <time>2025-04-15T07:17:59.287Z</time>
      </trkpt>
      <trkpt lat="50.840829" lon="12.774664">
        <ele>381.363605</ele>
        <time>2025-04-15T07:18:02.995Z</time>
      </trkpt>
      <trkpt lat="50.841142" lon="12.774973">
        <ele>380.760598</ele>
        <time>2025-04-15T07:18:06.988Z</time>
      </trkpt>
      <trkpt lat="50.841560" lon="12.775560">
        <ele>379.950182</ele>
        <time>2025-04-15T07:18:12.796Z</time>
      </trkpt>
      <trkpt lat="50.841887" lon="12.775930">
        <ele>379.432055</ele>
        <time>2025-04-15T07:18:17.120Z</time>
      </trkpt>
      <trkpt lat="50.841942" lon="12.775971">
        <ele>379.353684</ele>
        <time>2025-04-15T07:18:17.814Z</time>
      </trkpt>
      <trkpt lat="50.842129" lon="12.776101">
        <ele>379.090394</ele>
        <time>2025-04-15T07:18:20.281Z</time>
      </trkpt>
      <trkpt lat="50.842352" lon="12.776328">
        <ele>378.748627</ele>
        <time>2025-04-15T07:18:23.593Z</time>
      </trkpt>
      <trkpt lat="50.842693" lon="12.776783">
        <ele>378.173761</ele>
        <time>2025-04-15T07:18:29.546Z</time>
      </trkpt>
      <trkpt lat="50.842925" lon="12.777080">
        <ele>377.962696</ele>
        <time>2025-04-15T07:18:33.899Z</time>
      </trkpt>
      <trkpt lat="50.843336" lon="12.777525">
        <ele>377.813310</ele>
        <time>2025-04-15T07:18:41.702Z</time>
      </trkpt>
      <trkpt lat="50.843645" lon="12.777745">
        <ele>377.711657</ele>
        <time>2025-04-15T07:18:47.169Z</time>
      </trkpt>
      <trkpt lat="50.844018" lon="12.777808">
        <ele>377.599105</ele>
        <time>2025-04-15T07:18:52.154Z</time>
      </trkpt>
      <trkpt lat="50.844620" lon="12.777638">
        <ele>377.519564</ele>
        <time>2025-04-15T07:18:59.631Z</time>
      </trkpt>
      <trkpt lat="50.844670" lon="12.777842">
        <ele>377.549888</ele>
        <time>2025-04-15T07:19:01.335Z</time>
      </trkpt>
      <trkpt lat="50.844798" lon="12.778166">
        <ele>377.602849</ele>
        <time>2025-04-15T07:19:04.322Z</time>
      </trkpt>
      <trkpt lat="50.845175" lon="12.778521">
        <ele>377.699106</ele>
        <time>2025-04-15T07:19:10.088Z</time>
      </trkpt>
      <trkpt lat="50.845238" lon="12.778580">
        <ele>377.715169</ele>
        <time>2025-04-15T07:19:11.197Z</time>
      </trkpt>
      <trkpt lat="50.845251" lon="12.778592">
        <ele>377.718471</ele>
        <time>2025-04-15T07:19:11.427Z</time>
      </trkpt>
      <trkpt lat="50.845357" lon="12.778662">
        <ele>377.743675</ele>
        <time>2025-04-15T07:19:13.167Z</time>
      </trkpt>
      <trkpt lat="50.845976" lon="12.779001">
        <ele>378.021741</ele>
        <time>2025-04-15T07:19:27.001Z</time>
      </trkpt>
      <trkpt lat="50.846306" lon="12.779299">
        <ele>378.762880</ele>
        <time>2025-04-15T07:19:37.067Z</time>
      </trkpt>
      <trkpt lat="50.846631" lon="12.779963">
        <ele>379.797831</ele>
        <time>2025-04-15T07:19:50.307Z</time>
      </trkpt>
      <trkpt lat="50.846885" lon="12.780270">
        <ele>380.421209</ele>
        <time>2025-04-15T07:19:58.503Z</time>
      </trkpt>
      <trkpt lat="50.847135" lon="12.780563">
        <ele>381.027986</ele>
        <time>2025-04-15T07:20:06.118Z</time>
      </trkpt>
      <trkpt lat="50.847267" lon="12.780824">
        <ele>381.322041</ele>
        <time>2025-04-15T07:20:10.381Z</time>
      </trkpt>
      <trkpt lat="50.847319" lon="12.780993">
        <ele>381.101269</ele>
        <time>2025-04-15T07:20:12.337Z</time>
      </trkpt>
      <trkpt lat="50.847413" lon="12.781962">
        <ele>379.949999</ele>
        <time>2025-04-15T07:20:19.419Z</time>
      </trkpt>
      <trkpt lat="50.847454" lon="12.782117">
        <ele>379.752652</ele>
        <time>2025-04-15T07:20:20.541Z</time>
      </trkpt>
      <trkpt lat="50.847535" lon="12.782239">
        <ele>379.544754</ele>
        <time>2025-04-15T07:20:21.735Z</time>
      </trkpt>
      <trkpt lat="50.847813" lon="12.782400">
        <ele>378.994219</ele>
        <time>2025-04-15T07:20:24.827Z</time>
      </trkpt>
      <trkpt lat="50.848010" lon="12.782497">
        <ele>378.610520</ele>
        <time>2025-04-15T07:20:26.917Z</time>
      </trkpt>
      <trkpt lat="50.848092" lon="12.782538">
        <ele>378.450589</ele>
        <time>2025-04-15T07:20:27.776Z</time>
      </trkpt>
      <trkpt lat="50.848219" lon="12.782632">
        <ele>378.189862</ele>
        <time>2025-04-15T07:20:29.169Z</time>
      </trkpt>
      <trkpt lat="50.848353" lon="12.782792">
        <ele>377.851525</ele>
        <time>2025-04-15T07:20:30.825Z</time>
      </trkpt>
      <trkpt lat="50.848650" lon="12.783548">
        <ele>376.630770</ele>
        <time>2025-04-15T07:20:36.416Z</time>
      </trkpt>
      <trkpt lat="50.849073" lon="12.784459">
        <ele>375.080392</ele>
        <time>2025-04-15T07:20:44.376Z</time>
      </trkpt>
      <trkpt lat="50.849157" lon="12.784778">
        <ele>374.606531</ele>
        <time>2025-04-15T07:20:47.079Z</time>
      </trkpt>
      <trkpt lat="50.849215" lon="12.785168">
        <ele>374.100501</ele>
        <time>2025-04-15T07:20:50.284Z</time>
      </trkpt>
      <trkpt lat="50.849231" lon="12.785553">
        <ele>373.892512</ele>
        <time>2025-04-15T07:20:53.391Z</time>
      </trkpt>
      <trkpt lat="50.849218" lon="12.786106">
        <ele>373.594203</ele>
        <time>2025-04-15T07:20:57.799Z</time>
      </trkpt>
      <trkpt lat="50.849265" lon="12.786515">
        <ele>373.370104</ele>
        <time>2025-04-15T07:21:01.084Z</time>
      </trkpt>
      <trkpt lat="50.849784" lon="12.787578">
        <ele>372.645731</ele>
        <time>2025-04-15T07:21:11.523Z</time>
      </trkpt>
      <trkpt lat="50.849807" lon="12.787660">
        <ele>372.597362</ele>
        <time>2025-04-15T07:21:12.215Z</time>
      </trkpt>
      <trkpt lat="50.849787" lon="12.787880">
        <ele>372.630490</ele>
        <time>2025-04-15T07:21:13.927Z</time>
      </trkpt>
      <trkpt lat="50.849862" lon="12.787937">
        <ele>372.653674</ele>
        <time>2025-04-15T07:21:15.363Z</time>
      </trkpt>
      <trkpt lat="50.849920" lon="12.788081">
        <ele>372.683728</ele>
        <time>2025-04-15T07:21:17.248Z</time>
      </trkpt>
      <trkpt lat="50.849954" lon="12.788322">
        <ele>372.727179</ele>
        <time>2025-04-15T07:21:20.118Z</time>
      </trkpt>
      <trkpt lat="50.849993" lon="12.789096">
        <ele>372.863800</ele>
        <time>2025-04-15T07:21:30.434Z</time>
      </trkpt>
      <trkpt lat="50.850031" lon="12.789283">
        <ele>372.898365</ele>
        <time>2025-04-15T07:21:33.361Z</time>
      </trkpt>
      <trkpt lat="50.850240" lon="12.789645">
        <ele>372.984677</ele>
        <time>2025-04-15T07:21:41.097Z</time>
      </trkpt>
      <trkpt lat="50.850575" lon="12.790162">
        <ele>373.157242</ele>
        <time>2025-04-15T07:21:52.531Z</time>
      </trkpt>
      <trkpt lat="50.850940" lon="12.790712">
        <ele>373.581134</ele>
        <time>2025-04-15T07:22:04.901Z</time>
      </trkpt>
      <trkpt lat="50.850992" lon="12.790749">
        <ele>373.629099</ele>
        <time>2025-04-15T07:22:06.299Z</time>
      </trkpt>
      <trkpt lat="50.851021" lon="12.790664">
        <ele>373.680424</ele>
        <time>2025-04-15T07:22:07.457Z</time>
      </trkpt>
      <trkpt lat="50.851321" lon="12.790849">
        <ele>373.951304</ele>
        <time>2025-04-15T07:22:15.266Z</time>
      </trkpt>
      <trkpt lat="50.851598" lon="12.791074">
        <ele>374.213235</ele>
        <time>2025-04-15T07:22:22.419Z</time>
      </trkpt>
      <trkpt lat="50.852189" lon="12.791636">
        <ele>374.706022</ele>
        <time>2025-04-15T07:22:37.712Z</time>
      </trkpt>
      <trkpt lat="50.853060" lon="12.792909">
        <ele>375.234895</ele>
        <time>2025-04-15T07:23:05.014Z</time>
      </trkpt>
      <trkpt lat="50.853080" lon="12.792938">
        <ele>375.246995</ele>
        <time>2025-04-15T07:23:05.551Z</time>
      </trkpt>
      <trkpt lat="50.853137" lon="12.793021">
        <ele>375.281546</ele>
        <time>2025-04-15T07:23:07.061Z</time>
      </trkpt>
      <trkpt lat="50.853494" lon="12.793545">
        <ele>375.143272</ele>
        <time>2025-04-15T07:23:16.827Z</time>
      </trkpt>
      <trkpt lat="50.853801" lon="12.794077">
        <ele>374.531269</ele>
        <time>2025-04-15T07:23:25.577Z</time>
      </trkpt>
      <trkpt lat="50.853867" lon="12.794275">
        <ele>374.341152</ele>
        <time>2025-04-15T07:23:28.126Z</time>
      </trkpt>
      <trkpt lat="50.854290" lon="12.795564">
        <ele>373.107635</ele>
        <time>2025-04-15T07:23:42.835Z</time>
      </trkpt>
      <trkpt lat="50.854483" lon="12.795935">
        <ele>372.216669</ele>
        <time>2025-04-15T07:23:47.236Z</time>
      </trkpt>
      <trkpt lat="50.854632" lon="12.796001">
        <ele>371.664023</ele>
        <time>2025-04-15T07:23:49.488Z</time>
      </trkpt>
      <trkpt lat="50.855279" lon="12.795457">
        <ele>369.047553</ele>
        <time>2025-04-15T07:23:56.587Z</time>
      </trkpt>
      <trkpt lat="50.855359" lon="12.795452">
        <ele>368.761570</ele>
        <time>2025-04-15T07:23:57.340Z</time>
      </trkpt>
      <trkpt lat="50.855492" lon="12.795559">
        <ele>368.228735</ele>
        <time>2025-04-15T07:23:58.751Z</time>
      </trkpt>
      <trkpt lat="50.855712" lon="12.795917">
        <ele>367.102137</ele>
        <time>2025-04-15T07:24:01.794Z</time>
      </trkpt>
      <trkpt lat="50.855902" lon="12.796064">
        <ele>366.489856</ele>
        <time>2025-04-15T07:24:03.929Z</time>
      </trkpt>
      <trkpt lat="50.856011" lon="12.796088">
        <ele>366.352986</ele>
        <time>2025-04-15T07:24:05.080Z</time>
      </trkpt>
      <trkpt lat="50.856190" lon="12.796126">
        <ele>366.128367</ele>
        <time>2025-04-15T07:24:07.072Z</time>
      </trkpt>
      <trkpt lat="50.856373" lon="12.796067">
        <ele>365.896099</ele>
        <time>2025-04-15T07:24:09.327Z</time>
      </trkpt>
      <trkpt lat="50.856849" lon="12.795650">
        <ele>365.219585</ele>
        <time>2025-04-15T07:24:16.075Z</time>
      </trkpt>
      <trkpt lat="50.857117" lon="12.795698">
        <ele>364.884141</ele>
        <time>2025-04-15T07:24:19.750Z</time>
      </trkpt>
      <trkpt lat="50.857247" lon="12.795796">
        <ele>364.705082</ele>
        <time>2025-04-15T07:24:21.945Z</time>
      </trkpt>
      <trkpt lat="50.857525" lon="12.796205">
        <ele>364.228528</ele>
        <time>2025-04-15T07:24:27.661Z</time>
      </trkpt>
      <trkpt lat="50.857666" lon="12.796357">
        <ele>364.006056</ele>
        <time>2025-04-15T07:24:29.965Z</time>
      </trkpt>
      <trkpt lat="50.857879" lon="12.796511">
        <ele>363.700642</ele>
        <time>2025-04-15T07:24:32.889Z</time>
      </trkpt>
      <trkpt lat="50.858145" lon="12.796703">
        <ele>363.319342</ele>
        <time>2025-04-15T07:24:36.345Z</time>
      </trkpt>
      <trkpt lat="50.858335" lon="12.796944">
        <ele>363.001843</ele>
        <time>2025-04-15T07:24:39.077Z</time>
      </trkpt>
      <trkpt lat="50.858432" lon="12.797175">
        <ele>362.773394</ele>
        <time>2025-04-15T07:24:41.018Z</time>
      </trkpt>
      <trkpt lat="50.858447" lon="12.797205">
        <ele>362.741881</ele>
        <time>2025-04-15T07:24:41.276Z</time>
      </trkpt>
      <trkpt lat="50.858623" lon="12.797622">
        <ele>362.328838</ele>
        <time>2025-04-15T07:24:44.746Z</time>
      </trkpt>
      <trkpt lat="50.859107" lon="12.798772">
        <ele>361.254237</ele>
        <time>2025-04-15T07:24:54.549Z</time>
      </trkpt>
      <trkpt lat="50.859263" lon="12.799290">
        <ele>360.819530</ele>
        <time>2025-04-15T07:24:58.927Z</time>
      </trkpt>
      <trkpt lat="50.859383" lon="12.800430">
        <ele>359.944156</ele>
        <time>2025-04-15T07:25:08.056Z</time>
      </trkpt>
      <trkpt lat="50.859580" lon="12.801341">
        <ele>359.347479</ele>
        <time>2025-04-15T07:25:15.763Z</time>
      </trkpt>
      <trkpt lat="50.859587" lon="12.801372">
        <ele>359.327967</ele>
        <time>2025-04-15T07:25:16.024Z</time>
      </trkpt>
      <trkpt lat="50.859752" lon="12.801946">
        <ele>358.954169</ele>
        <time>2025-04-15T07:25:21.064Z</time>
      </trkpt>
      <trkpt lat="50.860036" lon="12.803139">
        <ele>358.198524</ele>
        <time>2025-04-15T07:25:30.845Z</time>
      </trkpt>
      <trkpt lat="50.860296" lon="12.803921">
        <ele>357.581340</ele>
        <time>2025-04-15T07:25:37.529Z</time>
      </trkpt>
      <trkpt lat="50.860480" lon="12.804244">
        <ele>357.271299</ele>
        <time>2025-04-15T07:25:40.871Z</time>
      </trkpt>
      <trkpt lat="50.860688" lon="12.804554">
        <ele>356.948906</ele>
        <time>2025-04-15T07:25:44.264Z</time>
      </trkpt>
      <trkpt lat="50.860970" lon="12.804982">
        <ele>356.508034</ele>
        <time>2025-04-15T07:25:48.860Z</time>
      </trkpt>
      <trkpt lat="50.861102" lon="12.805210">
        <ele>356.287574</ele>
        <time>2025-04-15T07:25:51.189Z</time>
      </trkpt>
      <trkpt lat="50.861266" lon="12.805586">
        <ele>356.000341</ele>
        <time>2025-04-15T07:25:54.654Z</time>
      </trkpt>
      <trkpt lat="50.861286" lon="12.805786">
        <ele>355.894670</ele>
        <time>2025-04-15T07:25:56.212Z</time>
      </trkpt>
      <trkpt lat="50.861278" lon="12.806069">
        <ele>355.746839</ele>
        <time>2025-04-15T07:25:58.455Z</time>
      </trkpt>
      <trkpt lat="50.861254" lon="12.807008">
        <ele>355.256422</ele>
        <time>2025-04-15T07:26:05.843Z</time>
      </trkpt>
      <trkpt lat="50.861326" lon="12.807716">
        <ele>354.882190</ele>
        <time>2025-04-15T07:26:11.516Z</time>
      </trkpt>
      <trkpt lat="50.861556" lon="12.808754">
        <ele>354.507617</ele>
        <time>2025-04-15T07:26:20.774Z</time>
      </trkpt>
      <trkpt lat="50.861816" lon="12.809973">
        <ele>354.267769</ele>
        <time>2025-04-15T07:26:32.261Z</time>
      </trkpt>
      <trkpt lat="50.861980" lon="12.811084">
        <ele>354.049433</ele>
        <time>2025-04-15T07:26:42.436Z</time>
      </trkpt>
      <trkpt lat="50.862201" lon="12.811970">
        <ele>353.840691</ele>
        <time>2025-04-15T07:26:50.783Z</time>
      </trkpt>
      <trkpt lat="50.862323" lon="12.812324">
        <ele>353.752317</ele>
        <time>2025-04-15T07:26:54.334Z</time>
      </trkpt>
      <trkpt lat="50.862784" lon="12.813641">
        <ele>353.415103</ele>
        <time>2025-04-15T07:27:06.651Z</time>
      </trkpt>
      <trkpt lat="50.862929" lon="12.813969">
        <ele>353.311702</ele>
        <time>2025-04-15T07:27:10.274Z</time>
      </trkpt>
      <trkpt lat="50.863268" lon="12.814384">
        <ele>353.136443</ele>
        <time>2025-04-15T07:27:16.539Z</time>
      </trkpt>
      <trkpt lat="50.863455" lon="12.814749">
        <ele>353.015056</ele>
        <time>2025-04-15T07:27:20.912Z</time>
      </trkpt>
      <trkpt lat="50.863539" lon="12.815157">
        <ele>352.904244</ele>
        <time>2025-04-15T07:27:24.811Z</time>
      </trkpt>
      <trkpt lat="50.863736" lon="12.816700">
        <ele>351.914919</ele>
        <time>2025-04-15T07:27:37.167Z</time>
      </trkpt>
      <trkpt lat="50.863979" lon="12.817537">
        <ele>351.072510</ele>
        <time>2025-04-15T07:27:43.707Z</time>
      </trkpt>
      <trkpt lat="50.864522" lon="12.819343">
        <ele>349.335326</ele>
        <time>2025-04-15T07:27:57.758Z</time>
      </trkpt>
      <trkpt lat="50.864551" lon="12.819513">
        <ele>349.191169</ele>
        <time>2025-04-15T07:27:59.097Z</time>
      </trkpt>
      <trkpt lat="50.864573" lon="12.820286">
        <ele>348.557744</ele>
        <time>2025-04-15T07:28:04.950Z</time>
      </trkpt>
      <trkpt lat="50.864579" lon="12.820643">
        <ele>348.265398</ele>
        <time>2025-04-15T07:28:07.707Z</time>
      </trkpt>
      <trkpt lat="50.864603" lon="12.820825">
        <ele>348.113194</ele>
        <time>2025-04-15T07:28:09.174Z</time>
      </trkpt>
      <trkpt lat="50.864605" lon="12.820838">
        <ele>348.102241</ele>
        <time>2025-04-15T07:28:09.286Z</time>
      </trkpt>
      <trkpt lat="50.864751" lon="12.821197">
        <ele>347.757563</ele>
        <time>2025-04-15T07:28:12.705Z</time>
      </trkpt>
      <trkpt lat="50.864882" lon="12.821616">
        <ele>347.427238</ele>
        <time>2025-04-15T07:28:16.403Z</time>
      </trkpt>
      <trkpt lat="50.864928" lon="12.822095">
        <ele>347.084958</ele>
        <time>2025-04-15T07:28:20.151Z</time>
      </trkpt>
      <trkpt lat="50.864928" lon="12.822590">
        <ele>346.735270</ele>
        <time>2025-04-15T07:28:23.901Z</time>
      </trkpt>
      <trkpt lat="50.864895" lon="12.822986">
        <ele>346.453092</ele>
        <time>2025-04-15T07:28:26.878Z</time>
      </trkpt>
      <trkpt lat="50.864835" lon="12.823282">
        <ele>346.233465</ele>
        <time>2025-04-15T07:28:29.189Z</time>
      </trkpt>
      <trkpt lat="50.864379" lon="12.824484">
        <ele>345.101093</ele>
        <time>2025-04-15T07:28:39.687Z</time>
      </trkpt>
      <trkpt lat="50.864314" lon="12.824651">
        <ele>344.925630</ele>
        <time>2025-04-15T07:28:41.107Z</time>
      </trkpt>
      <trkpt lat="50.864206" lon="12.824777">
        <ele>344.735591</ele>
        <time>2025-04-15T07:28:42.653Z</time>
      </trkpt>
      <trkpt lat="50.863788" lon="12.825259">
        <ele>344.003064</ele>
        <time>2025-04-15T07:28:48.695Z</time>
      </trkpt>
      <trkpt lat="50.863634" lon="12.825533">
        <ele>343.674950</ele>
        <time>2025-04-15T07:28:51.342Z</time>
      </trkpt>
      <trkpt lat="50.863197" lon="12.826482">
        <ele>342.600456</ele>
        <time>2025-04-15T07:28:59.835Z</time>
      </trkpt>
      <trkpt lat="50.863136" lon="12.826616">
        <ele>342.446833</ele>
        <time>2025-04-15T07:29:01.016Z</time>
      </trkpt>
      <trkpt lat="50.863042" lon="12.826893">
        <ele>342.154403</ele>
        <time>2025-04-15T07:29:03.246Z</time>
      </trkpt>
      <trkpt lat="50.862957" lon="12.827307">
        <ele>341.749598</ele>
        <time>2025-04-15T07:29:06.391Z</time>
      </trkpt>
      <trkpt lat="50.862835" lon="12.827923">
        <ele>341.149284</ele>
        <time>2025-04-15T07:29:11.131Z</time>
      </trkpt>
      <trkpt lat="50.862743" lon="12.828338">
        <ele>340.740292</ele>
        <time>2025-04-15T07:29:14.424Z</time>
      </trkpt>
      <trkpt lat="50.862632" lon="12.828941">
        <ele>340.290332</ele>
        <time>2025-04-15T07:29:19.105Z</time>
      </trkpt>
      <trkpt lat="50.862614" lon="12.829113">
        <ele>340.179864</ele>
        <time>2025-04-15T07:29:20.393Z</time>
      </trkpt>
      <trkpt lat="50.862607" lon="12.829337">
        <ele>340.037761</ele>
        <time>2025-04-15T07:29:22.036Z</time>
      </trkpt>
      <trkpt lat="50.862596" lon="12.829532">
        <ele>339.913715</ele>
        <time>2025-04-15T07:29:23.483Z</time>
      </trkpt>
      <trkpt lat="50.862520" lon="12.829889">
        <ele>339.674997</ele>
        <time>2025-04-15T07:29:26.268Z</time>
      </trkpt>
      <trkpt lat="50.862417" lon="12.830171">
        <ele>339.468559</ele>
        <time>2025-04-15T07:29:28.699Z</time>
      </trkpt>
      <trkpt lat="50.862297" lon="12.830498">
        <ele>339.228895</ele>
        <time>2025-04-15T07:29:31.610Z</time>
      </trkpt>
      <trkpt lat="50.862154" lon="12.830929">
        <ele>338.920377</ele>
        <time>2025-04-15T07:29:35.567Z</time>
      </trkpt>
      <trkpt lat="50.862086" lon="12.831504">
        <ele>338.696978</ele>
        <time>2025-04-15T07:29:40.705Z</time>
      </trkpt>
      <trkpt lat="50.862058" lon="12.832321">
        <ele>338.522659</ele>
        <time>2025-04-15T07:29:48.312Z</time>
      </trkpt>
      <trkpt lat="50.862089" lon="12.832901">
        <ele>338.398648</ele>
        <time>2025-04-15T07:29:54.039Z</time>
      </trkpt>
      <trkpt lat="50.862022" lon="12.833207">
        <ele>338.329644</ele>
        <time>2025-04-15T07:29:56.993Z</time>
      </trkpt>
      <trkpt lat="50.861707" lon="12.833922">
        <ele>338.108247</ele>
        <time>2025-04-15T07:30:04.205Z</time>
      </trkpt>
      <trkpt lat="50.861590" lon="12.834190">
        <ele>337.918729</ele>
        <time>2025-04-15T07:30:06.730Z</time>
      </trkpt>
      <trkpt lat="50.861362" lon="12.834707">
        <ele>337.551921</ele>
        <time>2025-04-15T07:30:11.246Z</time>
      </trkpt>
      <trkpt lat="50.861142" lon="12.835221">
        <ele>337.190728</ele>
        <time>2025-04-15T07:30:15.784Z</time>
      </trkpt>
      <trkpt lat="50.860969" lon="12.835659">
        <ele>336.890221</ele>
        <time>2025-04-15T07:30:19.649Z</time>
      </trkpt>
      <trkpt lat="50.860931" lon="12.835915">
        <ele>336.737268</ele>
        <time>2025-04-15T07:30:21.659Z</time>
      </trkpt>
      <trkpt lat="50.860934" lon="12.836187">
        <ele>336.579046</ele>
        <time>2025-04-15T07:30:23.840Z</time>
      </trkpt>
      <trkpt lat="50.860870" lon="12.836213">
        <ele>336.518167</ele>
        <time>2025-04-15T07:30:24.740Z</time>
      </trkpt>
      <trkpt lat="50.860798" lon="12.836241">
        <ele>336.645160</ele>
        <time>2025-04-15T07:30:25.751Z</time>
      </trkpt>
      <trkpt lat="50.860676" lon="12.836296">
        <ele>336.926627</ele>
        <time>2025-04-15T07:30:27.676Z</time>
      </trkpt>
      <trkpt lat="50.860265" lon="12.836606">
        <ele>337.936729</ele>
        <time>2025-04-15T07:30:36.182Z</time>
      </trkpt>
      <trkpt lat="50.860161" lon="12.836654">
        <ele>338.177100</ele>
        <time>2025-04-15T07:30:38.610Z</time>
      </trkpt>
      <trkpt lat="50.859895" lon="12.836649">
        <ele>338.767399</ele>
        <time>2025-04-15T07:30:45.148Z</time>
      </trkpt>
      <trkpt lat="50.859773" lon="12.836600">
        <ele>339.046683</ele>
        <time>2025-04-15T07:30:48.506Z</time>
      </trkpt>
      <trkpt lat="50.859030" lon="12.836286">
        <ele>340.943705</ele>
        <time>2025-04-15T07:31:15.944Z</time>
      </trkpt>
      <trkpt lat="50.858831" lon="12.836241">
        <ele>341.723641</ele>
        <time>2025-04-15T07:31:23.817Z</time>
      </trkpt>
      <trkpt lat="50.858104" lon="12.836225">
        <ele>344.544638</ele>
        <time>2025-04-15T07:31:52.503Z</time>
      </trkpt>
      <trkpt lat="50.855835" lon="12.835871">
        <ele>351.041115</ele>
        <time>2025-04-15T07:33:06.093Z</time>
      </trkpt>
      <trkpt lat="50.854829" lon="12.835597">
        <ele>350.560248</ele>
        <time>2025-04-15T07:33:25.903Z</time>
      </trkpt>
      <trkpt lat="50.854618" lon="12.835507">
        <ele>350.231558</ele>
        <time>2025-04-15T07:33:29.353Z</time>
      </trkpt>
      <trkpt lat="50.853995" lon="12.835175">
        <ele>349.242834</ele>
        <time>2025-04-15T07:33:39.327Z</time>
      </trkpt>
      <trkpt lat="50.853737" lon="12.835008">
        <ele>348.625973</ele>
        <time>2025-04-15T07:33:43.399Z</time>
      </trkpt>
      <trkpt lat="50.853068" lon="12.834475">
        <ele>346.051606</ele>
        <time>2025-04-15T07:33:53.911Z</time>
      </trkpt>
      <trkpt lat="50.852095" lon="12.833618">
        <ele>342.780573</ele>
        <time>2025-04-15T07:34:09.671Z</time>
      </trkpt>
      <trkpt lat="50.851124" lon="12.832812">
        <ele>342.691205</ele>
        <time>2025-04-15T07:34:29.636Z</time>
      </trkpt>
      <trkpt lat="50.850000" lon="12.831964">
        <ele>344.703251</ele>
        <time>2025-04-15T07:35:08.723Z</time>
      </trkpt>
      <trkpt lat="50.849641" lon="12.831705">
        <ele>345.848171</ele>
        <time>2025-04-15T07:35:23.100Z</time>
      </trkpt>
      <trkpt lat="50.849415" lon="12.831455">
        <ele>346.648224</ele>
        <time>2025-04-15T07:35:32.228Z</time>
      </trkpt>
      <trkpt lat="50.848942" lon="12.830875">
        <ele>348.195898</ele>
        <time>2025-04-15T07:35:50.281Z</time>
      </trkpt>
      <trkpt lat="50.848627" lon="12.830596">
        <ele>348.861341</ele>
        <time>2025-04-15T07:36:00.044Z</time>
      </trkpt>
      <trkpt lat="50.847679" lon="12.830055">
        <ele>350.719266</ele>
        <time>2025-04-15T07:36:26.431Z</time>
      </trkpt>
      <trkpt lat="50.846433" lon="12.829708">
        <ele>354.144431</ele>
        <time>2025-04-15T07:37:02.493Z</time>
      </trkpt>
      <trkpt lat="50.845618" lon="12.829509">
        <ele>356.624467</ele>
        <time>2025-04-15T07:37:27.233Z</time>
      </trkpt>
      <trkpt lat="50.844896" lon="12.829440">
        <ele>360.039575</ele>
        <time>2025-04-15T07:37:52.580Z</time>
      </trkpt>
      <trkpt lat="50.844585" lon="12.829473">
        <ele>361.511247</ele>
        <time>2025-04-15T07:38:03.957Z</time>
      </trkpt>
      <trkpt lat="50.844356" lon="12.829616">
        <ele>362.673480</ele>
        <time>2025-04-15T07:38:12.847Z</time>
      </trkpt>
      <trkpt lat="50.843785" lon="12.829972">
        <ele>365.183938</ele>
        <time>2025-04-15T07:38:33.860Z</time>
      </trkpt>
      <trkpt lat="50.842701" lon="12.830766">
        <ele>367.405911</ele>
        <time>2025-04-15T07:39:03.883Z</time>
      </trkpt>
      <trkpt lat="50.841769" lon="12.831429">
        <ele>366.689502</ele>
        <time>2025-04-15T07:39:16.307Z</time>
      </trkpt>
      <trkpt lat="50.841312" lon="12.831719">
        <ele>365.273802</ele>
        <time>2025-04-15T07:39:21.230Z</time>
      </trkpt>
      <trkpt lat="50.840636" lon="12.832043">
        <ele>363.242857</ele>
        <time>2025-04-15T07:39:28.026Z</time>
      </trkpt>
      <trkpt lat="50.840015" lon="12.832381">
        <ele>361.687554</ele>
        <time>2025-04-15T07:39:34.421Z</time>
      </trkpt>
      <trkpt lat="50.836192" lon="12.834169">
        <ele>352.471745</ele>
        <time>2025-04-15T07:40:18.483Z</time>
      </trkpt>
      <trkpt lat="50.836193" lon="12.834417">
        <ele>352.117697</ele>
        <time>2025-04-15T07:40:20.135Z</time>
      </trkpt>
      <trkpt lat="50.836296" lon="12.835133">
        <ele>351.069366</ele>
        <time>2025-04-15T07:40:24.978Z</time>
      </trkpt>
      <trkpt lat="50.836349" lon="12.835580">
        <ele>350.388831</ele>
        <time>2025-04-15T07:40:27.977Z</time>
      </trkpt>
      <trkpt lat="50.836359" lon="12.836873">
        <ele>348.304727</ele>
        <time>2025-04-15T07:40:36.439Z</time>
      </trkpt>
      <trkpt lat="50.836305" lon="12.837280">
        <ele>347.634439</ele>
        <time>2025-04-15T07:40:39.218Z</time>
      </trkpt>
      <trkpt lat="50.836351" lon="12.838945">
        <ele>344.491766</ele>
        <time>2025-04-15T07:40:50.514Z</time>
      </trkpt>
      <trkpt lat="50.836342" lon="12.839564">
        <ele>343.088408</ele>
        <time>2025-04-15T07:40:54.572Z</time>
      </trkpt>
      <trkpt lat="50.836281" lon="12.840182">
        <ele>341.670682</ele>
        <time>2025-04-15T07:40:58.546Z</time>
      </trkpt>
      <trkpt lat="50.836210" lon="12.840453">
        <ele>341.005692</ele>
        <time>2025-04-15T07:41:00.353Z</time>
      </trkpt>
      <trkpt lat="50.835637" lon="12.840698">
        <ele>338.469359</ele>
        <time>2025-04-15T07:41:05.914Z</time>
      </trkpt>
      <trkpt lat="50.835426" lon="12.840782">
        <ele>337.260713</ele>
        <time>2025-04-15T07:41:07.903Z</time>
      </trkpt>
      <trkpt lat="50.834666" lon="12.841087">
        <ele>332.905201</ele>
        <time>2025-04-15T07:41:14.988Z</time>
      </trkpt>
      <trkpt lat="50.834287" lon="12.841574">
        <ele>330.193671</ele>
        <time>2025-04-15T07:41:19.544Z</time>
      </trkpt>
      <trkpt lat="50.834103" lon="12.841810">
        <ele>329.234257</ele>
        <time>2025-04-15T07:41:21.835Z</time>
      </trkpt>
      <trkpt lat="50.834232" lon="12.842409">
        <ele>328.072401</ele>
        <time>2025-04-15T07:41:25.922Z</time>
      </trkpt>
      <trkpt lat="50.834378" lon="12.843056">
        <ele>326.811061</ele>
        <time>2025-04-15T07:41:30.641Z</time>
      </trkpt>
      <trkpt lat="50.834394" lon="12.843108">
        <ele>326.704870</ele>
        <time>2025-04-15T07:41:31.029Z</time>
      </trkpt>
      <trkpt lat="50.834588" lon="12.843925">
        <ele>325.102474</ele>
        <time>2025-04-15T07:41:37.044Z</time>
      </trkpt>
      <trkpt lat="50.834657" lon="12.844234">
        <ele>324.500784</ele>
        <time>2025-04-15T07:41:39.235Z</time>
      </trkpt>
      <trkpt lat="50.834840" lon="12.845005">
        <ele>323.037557</ele>
        <time>2025-04-15T07:41:44.516Z</time>
      </trkpt>
      <trkpt lat="50.834845" lon="12.845048">
        <ele>322.960075</ele>
        <time>2025-04-15T07:41:44.797Z</time>
      </trkpt>
      <trkpt lat="50.834885" lon="12.845537">
        <ele>322.086268</ele>
        <time>2025-04-15T07:41:47.975Z</time>
      </trkpt>
      <trkpt lat="50.834853" lon="12.846510">
        <ele>320.359657</ele>
        <time>2025-04-15T07:41:54.246Z</time>
      </trkpt>
      <trkpt lat="50.834820" lon="12.847027">
        <ele>319.438802</ele>
        <time>2025-04-15T07:41:57.707Z</time>
      </trkpt>
      <trkpt lat="50.834741" lon="12.847824">
        <ele>318.445291</ele>
        <time>2025-04-15T07:42:03.241Z</time>
      </trkpt>
      <trkpt lat="50.834741" lon="12.848029">
        <ele>318.200196</ele>
        <time>2025-04-15T07:42:04.664Z</time>
      </trkpt>
      <trkpt lat="50.834693" lon="12.848216">
        <ele>317.958861</ele>
        <time>2025-04-15T07:42:06.085Z</time>
      </trkpt>
      <trkpt lat="50.834599" lon="12.848415">
        <ele>317.661754</ele>
        <time>2025-04-15T07:42:07.843Z</time>
      </trkpt>
      <trkpt lat="50.834297" lon="12.849086">
        <ele>316.676643</ele>
        <time>2025-04-15T07:42:13.575Z</time>
      </trkpt>
      <trkpt lat="50.834279" lon="12.849596">
        <ele>316.065937</ele>
        <time>2025-04-15T07:42:17.235Z</time>
      </trkpt>
      <trkpt lat="50.834282" lon="12.850479">
        <ele>315.548064</ele>
        <time>2025-04-15T07:42:23.889Z</time>
      </trkpt>
      <trkpt lat="50.834292" lon="12.851785">
        <ele>314.885162</ele>
        <time>2025-04-15T07:42:35.212Z</time>
      </trkpt>
      <trkpt lat="50.834282" lon="12.852158">
        <ele>314.695677</ele>
        <time>2025-04-15T07:42:38.371Z</time>
      </trkpt>
      <trkpt lat="50.834268" lon="12.852329">
        <ele>314.608161</ele>
        <time>2025-04-15T07:42:39.794Z</time>
      </trkpt>
      <trkpt lat="50.834216" lon="12.852795">
        <ele>314.247084</ele>
        <time>2025-04-15T07:42:43.498Z</time>
      </trkpt>
      <trkpt lat="50.834174" lon="12.853050">
        <ele>313.990260</ele>
        <time>2025-04-15T07:42:45.495Z</time>
      </trkpt>
      <trkpt lat="50.834082" lon="12.853602">
        <ele>313.433885</ele>
        <time>2025-04-15T07:42:49.664Z</time>
      </trkpt>
      <trkpt lat="50.833999" lon="12.854166">
        <ele>312.869507</ele>
        <time>2025-04-15T07:42:53.807Z</time>
      </trkpt>
      <trkpt lat="50.833995" lon="12.854362">
        <ele>312.678393</ele>
        <time>2025-04-15T07:42:55.174Z</time>
      </trkpt>
      <trkpt lat="50.834044" lon="12.854834">
        <ele>312.212226</ele>
        <time>2025-04-15T07:42:58.457Z</time>
      </trkpt>
      <trkpt lat="50.834090" lon="12.855267">
        <ele>311.784312</ele>
        <time>2025-04-15T07:43:01.468Z</time>
      </trkpt>
      <trkpt lat="50.834265" lon="12.856111">
        <ele>311.152092</ele>
        <time>2025-04-15T07:43:07.766Z</time>
      </trkpt>
      <trkpt lat="50.834325" lon="12.857721">
        <ele>310.036055</ele>
        <time>2025-04-15T07:43:19.985Z</time>
      </trkpt>
      <trkpt lat="50.834285" lon="12.857930">
        <ele>309.884935</ele>
        <time>2025-04-15T07:43:21.738Z</time>
      </trkpt>
      <trkpt lat="50.834207" lon="12.858106">
        <ele>309.770434</ele>
        <time>2025-04-15T07:43:23.552Z</time>
      </trkpt>
      <trkpt lat="50.833985" lon="12.858329">
        <ele>310.061732</ele>
        <time>2025-04-15T07:43:27.661Z</time>
      </trkpt>
      <trkpt lat="50.833343" lon="12.858811">
        <ele>310.848980</ele>
        <time>2025-04-15T07:43:41.901Z</time>
      </trkpt>
      <trkpt lat="50.833052" lon="12.858957">
        <ele>311.187207</ele>
        <time>2025-04-15T07:43:48.580Z</time>
      </trkpt>
      <trkpt lat="50.833003" lon="12.859012">
        <ele>311.253757</ele>
        <time>2025-04-15T07:43:49.985Z</time>
      </trkpt>
      <trkpt lat="50.832931" lon="12.858833">
        <ele>311.402265</ele>
        <time>2025-04-15T07:43:53.019Z</time>
      </trkpt>
      <trkpt lat="50.832885" lon="12.858804">
        <ele>311.457125</ele>
        <time>2025-04-15T07:43:54.164Z</time>
      </trkpt>
      <trkpt lat="50.832748" lon="12.858805">
        <ele>311.608921</ele>
        <time>2025-04-15T07:43:57.271Z</time>
      </trkpt>
      <trkpt lat="50.832750" lon="12.859328">
        <ele>311.855871</ele>
        <time>2025-04-15T07:44:04.600Z</time>
      </trkpt>
      <trkpt lat="50.832763" lon="12.860916">
        <ele>312.389069</ele>
        <time>2025-04-15T07:44:22.417Z</time>
      </trkpt>
      <trkpt lat="50.832782" lon="12.863361">
        <ele>312.068834</ele>
        <time>2025-04-15T07:44:43.082Z</time>
      </trkpt>
      <trkpt lat="50.832809" lon="12.866066">
        <ele>310.293233</ele>
        <time>2025-04-15T07:45:04.174Z</time>
      </trkpt>
      <trkpt lat="50.832836" lon="12.866892">
        <ele>309.558854</ele>
        <time>2025-04-15T07:45:10.154Z</time>
      </trkpt>
      <trkpt lat="50.833036" lon="12.868500">
        <ele>307.603233</ele>
        <time>2025-04-15T07:45:21.416Z</time>
      </trkpt>
      <trkpt lat="50.833168" lon="12.869191">
        <ele>306.596637</ele>
        <time>2025-04-15T07:45:26.276Z</time>
      </trkpt>
      <trkpt lat="50.833337" lon="12.869730">
        <ele>305.757574</ele>
        <time>2025-04-15T07:45:30.342Z</time>
      </trkpt>
      <trkpt lat="50.833424" lon="12.869958">
        <ele>305.386149</ele>
        <time>2025-04-15T07:45:32.143Z</time>
      </trkpt>
      <trkpt lat="50.833525" lon="12.870208">
        <ele>304.990455</ele>
        <time>2025-04-15T07:45:34.153Z</time>
      </trkpt>
      <trkpt lat="50.833599" lon="12.870375">
        <ele>304.841877</ele>
        <time>2025-04-15T07:45:35.534Z</time>
      </trkpt>
      <trkpt lat="50.833940" lon="12.871319">
        <ele>304.049838</ele>
        <time>2025-04-15T07:45:43.146Z</time>
      </trkpt>
      <trkpt lat="50.834084" lon="12.871972">
        <ele>303.546096</ele>
        <time>2025-04-15T07:45:48.608Z</time>
      </trkpt>
      <trkpt lat="50.834157" lon="12.872609">
        <ele>303.074588</ele>
        <time>2025-04-15T07:45:54.103Z</time>
      </trkpt>
      <trkpt lat="50.834170" lon="12.872767">
        <ele>302.958544</ele>
        <time>2025-04-15T07:45:55.561Z</time>
      </trkpt>
      <trkpt lat="50.834174" lon="12.873610">
        <ele>303.031477</ele>
        <time>2025-04-15T07:46:03.896Z</time>
      </trkpt>
      <trkpt lat="50.834174" lon="12.873680">
        <ele>303.039696</ele>
        <time>2025-04-15T07:46:04.649Z</time>
      </trkpt>
      <trkpt lat="50.834212" lon="12.877924">
        <ele>303.804742</ele>
        <time>2025-04-15T07:46:47.705Z</time>
      </trkpt>
      <trkpt lat="50.833850" lon="12.878062">
        <ele>303.960235</ele>
        <time>2025-04-15T07:46:53.355Z</time>
      </trkpt>
      <trkpt lat="50.833636" lon="12.878143">
        <ele>304.337173</ele>
        <time>2025-04-15T07:46:57.286Z</time>
      </trkpt>
      <trkpt lat="50.833580" lon="12.878171">
        <ele>304.437777</ele>
        <time>2025-04-15T07:46:58.355Z</time>
      </trkpt>
      <trkpt lat="50.833481" lon="12.878244">
        <ele>304.624866</ele>
        <time>2025-04-15T07:47:00.472Z</time>
      </trkpt>
      <trkpt lat="50.833491" lon="12.878285">
        <ele>304.672420</ele>
        <time>2025-04-15T07:47:00.998Z</time>
      </trkpt>
      <trkpt lat="50.833275" lon="12.878376">
        <ele>305.055329</ele>
        <time>2025-04-15T07:47:05.465Z</time>
      </trkpt>
      <trkpt lat="50.832981" lon="12.878500">
        <ele>305.576550</ele>
        <time>2025-04-15T07:47:12.131Z</time>
      </trkpt>
      <trkpt lat="50.832741" lon="12.878602">
        <ele>306.002254</ele>
        <time>2025-04-15T07:47:18.467Z</time>
      </trkpt>
      <trkpt lat="50.832616" lon="12.878655">
        <ele>306.223939</ele>
        <time>2025-04-15T07:47:21.814Z</time>
      </trkpt>
      <trkpt lat="50.832574" lon="12.878671">
        <ele>306.297944</ele>
        <time>2025-04-15T07:47:22.929Z</time>
      </trkpt>
      <trkpt lat="50.831680" lon="12.879022">
        <ele>308.032093</ele>
        <time>2025-04-15T07:47:45.026Z</time>
      </trkpt>
      <trkpt lat="50.831677" lon="12.879066">
        <ele>308.088713</ele>
        <time>2025-04-15T07:47:45.648Z</time>
      </trkpt>
      <trkpt lat="50.831667" lon="12.879187">
        <ele>308.244841</ele>
        <time>2025-04-15T07:47:47.361Z</time>
      </trkpt>
      <trkpt lat="50.831591" lon="12.880440">
        <ele>309.855309</ele>
        <time>2025-04-15T07:48:05.202Z</time>
      </trkpt>
      <trkpt lat="50.831581" lon="12.880659">
        <ele>310.136230</ele>
        <time>2025-04-15T07:48:08.088Z</time>
      </trkpt>
      <trkpt lat="50.831579" lon="12.880714">
        <ele>310.206714</ele>
        <time>2025-04-15T07:48:08.820Z</time>
      </trkpt>
      <trkpt lat="50.831582" lon="12.881143">
        <ele>310.787752</ele>
        <time>2025-04-15T07:48:14.472Z</time>
      </trkpt>
      <trkpt lat="50.831592" lon="12.881808">
        <ele>311.933813</ele>
        <time>2025-04-15T07:48:24.307Z</time>
      </trkpt>
      <trkpt lat="50.831594" lon="12.882142">
        <ele>312.509291</ele>
        <time>2025-04-15T07:48:29.722Z</time>
      </trkpt>
      <trkpt lat="50.831604" lon="12.882751">
        <ele>313.558899</ele>
        <time>2025-04-15T07:48:40.319Z</time>
      </trkpt>
      <trkpt lat="50.831611" lon="12.882948">
        <ele>313.898849</ele>
        <time>2025-04-15T07:48:43.654Z</time>
      </trkpt>
      <trkpt lat="50.831632" lon="12.883519">
        <ele>314.884298</ele>
        <time>2025-04-15T07:48:53.049Z</time>
      </trkpt>
      <trkpt lat="50.831662" lon="12.884235">
        <ele>316.322783</ele>
        <time>2025-04-15T07:49:05.278Z</time>
      </trkpt>
      <trkpt lat="50.831666" lon="12.884294">
        <ele>316.462510</ele>
        <time>2025-04-15T07:49:06.348Z</time>
      </trkpt>
      <trkpt lat="50.831676" lon="12.884489">
        <ele>316.923193</ele>
        <time>2025-04-15T07:49:09.919Z</time>
      </trkpt>
      <trkpt lat="50.831013" lon="12.885017">
        <ele>319.690063</ele>
        <time>2025-04-15T07:49:32.490Z</time>
      </trkpt>
      <trkpt lat="50.830398" lon="12.885492">
        <ele>322.241181</ele>
        <time>2025-04-15T07:49:54.082Z</time>
      </trkpt>
      <trkpt lat="50.830110" lon="12.885704">
        <ele>323.048731</ele>
        <time>2025-04-15T07:50:03.664Z</time>
      </trkpt>
      <trkpt lat="50.829740" lon="12.885980">
        <ele>324.074427</ele>
        <time>2025-04-15T07:50:15.159Z</time>
      </trkpt>
      <trkpt lat="50.829488" lon="12.885977">
        <ele>324.706397</ele>
        <time>2025-04-15T07:50:21.707Z</time>
      </trkpt>
      <trkpt lat="50.828786" lon="12.885679">
        <ele>326.529017</ele>
        <time>2025-04-15T07:50:38.031Z</time>
      </trkpt>
      <trkpt lat="50.828417" lon="12.885188">
        <ele>326.886634</ele>
        <time>2025-04-15T07:50:46.187Z</time>
      </trkpt>
      <trkpt lat="50.828315" lon="12.884913">
        <ele>326.940259</ele>
        <time>2025-04-15T07:50:49.283Z</time>
      </trkpt>
      <trkpt lat="50.828143" lon="12.884451">
        <ele>327.030436</ele>
        <time>2025-04-15T07:50:54.274Z</time>
      </trkpt>
      <trkpt lat="50.827406" lon="12.883005">
        <ele>327.264369</ele>
        <time>2025-04-15T07:51:11.307Z</time>
      </trkpt>
      <trkpt lat="50.827384" lon="12.882962">
        <ele>327.264369</ele>
        <time>2025-04-15T07:51:11.876Z</time>
      </trkpt>
      <trkpt lat="50.827185" lon="12.882612">
        <ele>327.264369</ele>
        <time>2025-04-15T07:51:16.705Z</time>
      </trkpt>
      <trkpt lat="50.826966" lon="12.882321">
        <ele>327.264369</ele>
        <time>2025-04-15T07:51:21.199Z</time>
      </trkpt>
      <trkpt lat="50.826741" lon="12.882046">
        <ele>327.264369</ele>
        <time>2025-04-15T07:51:25.766Z</time>
      </trkpt>
      <trkpt lat="50.826503" lon="12.881815">
        <ele>327.264369</ele>
        <time>2025-04-15T07:51:30.373Z</time>
      </trkpt>
      <trkpt lat="50.826322" lon="12.881691">
        <ele>327.264369</ele>
        <time>2025-04-15T07:51:33.595Z</time>
      </trkpt>
      <trkpt lat="50.826160" lon="12.881534">
        <ele>327.264369</ele>
        <time>2025-04-15T07:51:36.661Z</time>
      </trkpt>
      <trkpt lat="50.825951" lon="12.881009">
        <ele>327.264369</ele>
        <time>2025-04-15T07:51:42.776Z</time>
      </trkpt>
    </trkseg>
  </trk>
</gpx>